504,1742
4,4,242
3,4,5,6,7,8,9,10,11,12,13,14,15,16,48,49,50,51,52,53,54,55,56,57,58,59,93,94,95,96,97,98,99,100,101,102,138,139,140,141,142,143,144,145,149,161,181,182,183,184,185,186,187,188,194,195,201,206,226,227,228,229,230,231,232,234,239,240,241,246,252,271,272,273,274,279,280,284,285,286,290,291,292,316,317,318,319,324,325,326,329,330,331,332,335,336,361,369,370,371,372,375,376,377,378,410,414,415,416,417,418,419,420,421,422,423,455,456,457,459,460,461,462,463,464,465,500,501,502,503,504,505,506,507,508,545,546,547,548,549,550,551,552,587,589,590,591,592,593,594,595,632,633,634,635,636,637,638,639,677,678,679,680,681,682,683,722,723,724,725,726,766,767,768,769,770,782,811,812,813,814,822,828,856,857,858,867,868,869,901,902,912,913,914,915,946,947,954,955,957,958,959,991,999,1000,1001,1002,1040,1044,1045,1046,1085,1086,1087,1089,1090,1130,1131,1132,1133,1134,1175,1176,1177,1178,1218,1219,1220,1221,1222,1223,1262,1263,1264,1265,1266,1267,1307,1308,1309,1310,1311
5,5,251
1,2,3,4,5,6,7,8,9,10,11,12,13,14,46,47,48,49,50,51,52,53,54,55,56,57,58,59,60,91,92,93,94,95,96,97,98,99,100,101,102,103,104,105,136,137,138,139,140,141,142,143,144,145,146,147,148,181,182,183,184,185,186,187,188,189,190,191,193,226,227,228,229,230,231,232,233,234,235,236,237,271,272,273,274,275,277,278,279,280,281,316,317,318,319,320,321,322,323,324,325,326,327,361,362,363,364,365,366,367,368,369,370,371,406,407,408,409,410,411,412,413,416,451,452,453,454,455,456,457,458,459,496,497,498,499,500,501,502,503,504,541,542,543,544,545,546,547,548,549,586,587,588,589,590,591,592,593,594,631,632,633,634,635,636,637,638,639,676,677,678,679,680,681,682,683,721,722,723,724,725,726,727,728,766,767,768,769,770,771,772,773,811,812,813,814,815,818,856,857,858,859,860,901,902,903,904,905,946,947,948,949,950,991,992,993,994,995,1036,1037,1038,1039,1040,1041,1081,1082,1083,1084,1085,1126,1127,1128,1129,1130,1171,1172,1173,1174,1175,1176,1216,1217,1218,1219,1261,1262,1263,1264,1265,1306,1307
63,63,251
1,2,3,4,5,6,7,8,9,10,11,12,13,14,46,47,48,49,50,51,52,53,54,55,56,57,58,91,92,93,94,95,96,97,98,99,100,101,102,103,136,137,138,139,140,141,142,143,144,145,181,182,183,184,185,186,187,188,189,190,226,227,228,229,230,231,232,233,234,235,236,271,272,273,274,275,276,277,278,279,280,316,317,318,319,320,321,322,323,324,325,361,362,363,364,365,366,367,368,369,370,371,406,407,408,409,410,411,412,413,415,451,452,453,454,455,456,457,458,459,461,496,497,498,499,500,501,502,503,504,541,542,543,544,545,546,547,548,549,550,586,587,588,589,590,591,592,593,594,631,632,633,634,635,636,637,638,639,676,677,678,679,680,681,682,683,721,722,723,724,725,726,727,728,729,766,767,768,769,770,771,772,811,812,813,814,815,816,817,818,856,857,858,859,860,861,862,901,902,903,904,905,906,946,947,948,949,950,951,991,992,993,994,995,1036,1037,1038,1039,1040,1041,1081,1082,1083,1084,1085,1086,1126,1127,1128,1129,1130,1171,1172,1173,1174,1175,1216,1217,1218,1219,1261,1262,1263,1264,1265,1266,1306,1307,1308,1309,1310
23,23,237
1,2,3,4,5,6,7,8,9,10,11,46,47,48,49,50,51,52,53,54,55,56,57,91,92,93,94,95,96,97,98,99,100,101,102,136,137,138,139,140,141,142,143,144,145,146,181,182,183,184,185,186,187,188,189,190,191,226,227,228,229,230,231,232,233,234,271,272,273,274,275,276,277,278,279,280,316,317,318,319,320,321,323,324,325,361,362,363,364,365,366,368,369,370,406,407,408,409,410,411,412,413,451,452,453,454,455,456,457,496,497,498,499,500,501,502,503,504,541,542,543,544,545,546,547,548,586,587,588,589,590,591,592,593,631,632,633,634,635,636,637,638,676,677,678,679,680,681,682,683,721,722,723,724,725,726,727,728,766,767,768,769,770,771,772,811,812,813,814,815,816,817,856,857,858,859,860,861,862,901,902,903,904,905,906,907,946,947,948,949,950,951,991,992,993,994,995,996,1036,1037,1038,1039,1040,1081,1082,1083,1084,1085,1086,1126,1127,1128,1129,1130,1131,1171,1172,1173,1174,1175,1176,1216,1217,1218,1219,1220,1261,1262,1263,1264,1265,1266,1306,1307,1308,1309,1310
96,96,221
1,2,3,4,5,6,7,8,9,10,13,46,47,48,49,50,51,52,53,54,55,91,92,93,94,95,96,97,98,99,136,137,138,139,140,141,142,143,144,181,182,183,184,185,186,187,188,226,227,228,229,230,231,232,233,234,271,272,273,274,275,276,277,278,279,280,316,317,318,319,320,321,322,323,361,362,363,364,365,366,406,407,408,409,410,411,412,451,452,453,454,455,456,496,497,498,499,500,501,502,541,542,543,544,545,546,547,586,587,588,589,590,591,592,593,631,632,633,634,635,636,637,676,677,678,679,680,681,682,721,722,723,724,725,726,727,728,766,767,768,769,770,771,772,811,812,813,814,815,816,817,856,857,858,859,860,861,901,902,903,904,905,906,946,947,948,949,950,951,991,992,993,994,995,996,1036,1037,1038,1039,1040,1041,1081,1082,1083,1084,1085,1086,1087,1126,1127,1128,1129,1130,1131,1132,1171,1172,1173,1174,1175,1176,1177,1216,1217,1218,1219,1220,1221,1261,1262,1263,1264,1265,1266,1306,1307,1308,1309,1310,1311,1312
115,115,220
1,2,3,4,5,6,7,8,9,19,20,46,47,48,49,50,51,52,53,54,56,91,92,93,94,95,96,97,98,99,136,137,138,139,140,141,142,143,181,182,183,184,185,186,187,188,226,227,228,229,230,231,232,233,271,272,273,274,275,278,279,316,317,318,319,320,321,323,361,362,363,364,365,406,407,408,409,410,412,451,452,453,454,456,496,497,498,499,500,501,541,542,543,544,545,546,547,586,587,588,589,590,591,592,631,632,633,634,635,636,637,676,677,678,679,680,681,682,683,721,722,723,724,725,727,728,729,766,767,768,769,770,771,774,811,812,813,814,815,816,817,856,857,858,859,860,861,862,901,902,903,904,905,906,907,946,947,948,949,950,951,953,991,992,993,994,995,996,997,1036,1037,1038,1039,1040,1041,1042,1081,1082,1083,1084,1085,1086,1088,1126,1127,1128,1129,1130,1131,1171,1172,1173,1174,1175,1176,1177,1179,1216,1217,1218,1219,1220,1221,1222,1223,1261,1262,1263,1264,1265,1266,1267,1268,1306,1307,1308,1309,1310,1311,1312
141,141,193
1,2,3,4,19,20,46,47,48,49,64,65,91,92,93,94,95,136,137,138,139,140,141,181,182,183,184,185,186,226,227,228,229,230,231,245,271,272,273,274,275,278,316,317,318,319,361,362,363,364,406,407,408,409,411,451,452,453,454,456,496,497,498,499,500,501,541,542,543,544,545,546,586,587,588,589,590,591,592,631,632,633,634,635,636,637,676,677,678,679,680,681,721,722,723,724,725,766,767,768,769,770,771,811,812,813,814,815,816,856,857,858,859,860,861,862,901,902,903,904,905,906,907,908,946,947,948,949,950,951,952,954,991,992,993,994,995,996,997,1036,1037,1038,1039,1040,1041,1042,1046,1081,1082,1083,1084,1085,1086,1087,1126,1127,1128,1129,1130,1131,1132,1137,1171,1172,1173,1174,1175,1176,1177,1178,1183,1216,1217,1218,1219,1220,1221,1222,1223,1261,1262,1263,1264,1265,1266,1267,1306,1307,1308,1309,1310,1311,1312
60,60,171
2,19,20,21,46,47,64,65,91,92,93,107,136,137,138,181,182,183,184,185,186,226,227,228,229,232,245,271,272,273,274,316,317,361,362,406,407,408,451,452,453,454,496,497,498,499,500,525,541,542,543,545,564,570,586,587,588,589,631,632,633,634,635,676,677,678,679,680,721,722,723,724,725,766,767,768,769,770,771,811,812,813,814,815,816,817,856,857,858,859,860,861,862,901,902,903,904,905,906,907,908,946,947,948,949,950,951,953,954,991,992,993,994,995,1000,1036,1037,1038,1039,1040,1041,1045,1046,1081,1082,1083,1084,1085,1086,1092,1126,1127,1128,1129,1130,1131,1132,1137,1138,1171,1172,1173,1174,1175,1176,1177,1183,1216,1217,1218,1219,1220,1221,1223,1224,1261,1262,1263,1264,1265,1266,1267,1268,1306,1307,1308,1309,1310,1311,1312,1313
92,92,143
17,19,20,21,53,63,64,65,66,68,107,108,109,110,112,138,153,154,155,199,200,201,246,292,316,335,361,382,406,426,452,496,497,519,524,541,542,543,564,586,587,588,589,610,631,632,633,634,676,677,678,679,680,721,722,723,724,725,766,767,768,769,770,811,812,813,814,815,816,856,857,858,860,861,862,901,902,903,904,905,946,947,948,949,950,951,953,954,991,992,993,994,995,998,999,1036,1037,1038,1039,1040,1081,1082,1083,1085,1086,1092,1126,1127,1128,1129,1130,1131,1132,1137,1171,1172,1173,1174,1175,1176,1177,1178,1183,1216,1217,1218,1219,1220,1224,1261,1262,1263,1264,1265,1266,1269,1306,1307,1308,1309,1310,1311,1314
3,3,157
12,13,17,18,19,21,58,59,62,63,64,81,104,105,108,150,406,451,452,479,496,497,542,543,587,588,589,631,634,653,654,676,677,679,680,698,699,700,701,704,721,722,725,726,743,744,745,746,747,749,750,766,770,771,772,790,791,792,793,794,795,796,811,812,813,816,817,818,834,835,836,837,838,839,840,841,842,843,844,852,854,855,856,857,880,881,882,883,884,885,886,887,888,889,890,891,899,900,901,902,903,904,926,927,930,931,932,943,944,945,946,950,972,990,995,1034,1035,1038,1041,1047,1057,1079,1080,1086,1087,1092,1093,1124,1132,1133,1138,1164,1177,1178,1180,1183,1194,1209,1211,1216,1223,1224,1225,1229,1253,1269,1270,1271,1274,1300,1314,1315,1316,1319,1344,1345,1349
54,54,112
18,19,21,63,64,65,66,67,107,108,109,110,154,199,245,289,316,336,361,380,381,382,406,407,451,452,496,497,498,541,542,543,544,564,567,586,587,588,589,631,632,633,634,635,676,677,678,679,680,681,721,722,723,724,725,726,766,767,768,769,770,771,772,811,812,813,814,815,816,856,857,858,859,862,902,903,904,905,906,908,946,948,949,950,952,991,994,995,996,997,1040,1041,1042,1086,1087,1088,1089,1126,1132,1133,1134,1171,1177,1178,1179,1223,1224,1225,1268,1270,1313,1314
27,27,84
21,65,66,67,108,109,110,111,154,156,199,200,201,245,316,335,336,361,380,382,383,406,407,428,451,452,496,498,541,542,543,544,586,587,588,589,631,632,633,634,635,676,677,678,679,680,721,723,724,725,766,767,768,769,771,811,812,813,814,856,857,858,859,902,903,904,905,949,950,994,995,1040,1041,1086,1087,1088,1132,1133,1134,1178,1179,1223,1224,1225
103,103,55
67,109,110,154,156,201,245,290,291,292,316,406,452,496,497,498,541,542,543,544,586,587,588,589,632,633,634,676,677,679,721,723,724,766,767,811,812,813,858,859,902,903,904,905,949,950,951,995,996,1041,1133,1178,1179,1224,1226
35,35,37
200,292,361,452,496,497,498,541,542,543,544,586,587,589,631,632,633,676,678,721,722,724,766,767,812,814,860,904,905,951,995,1041,1042,1133,1179,1224,1313
9,9,19
247,406,452,541,587,676,678,721,722,767,812,814,860,904,905,951,996,1041,1086
34,34,4
855,1244,1248,1334
127,127,49
79,85,447,489,490,493,532,538,580,627,673,761,809,828,830,854,855,900,938,983,1101,1102,1125,1153,1154,1169,1170,1192,1199,1200,1207,1214,1236,1244,1247,1248,1259,1260,1288,1289,1292,1293,1305,1329,1332,1333,1334,1338,1339
63,63,129
34,79,122,123,124,125,133,167,169,171,212,213,214,216,350,357,396,402,439,441,444,447,448,485,486,487,488,489,492,493,528,532,533,534,538,540,542,571,580,581,582,617,625,626,627,671,672,673,692,716,717,759,760,761,784,805,809,810,829,830,854,855,900,983,990,1011,1028,1101,1102,1106,1107,1108,1109,1125,1146,1147,1150,1152,1153,1154,1155,1163,1164,1169,1170,1192,1195,1196,1199,1200,1202,1203,1207,1209,1214,1215,1237,1241,1244,1245,1246,1247,1248,1252,1259,1260,1282,1284,1286,1288,1289,1290,1292,1293,1294,1296,1305,1326,1327,1329,1330,1332,1333,1334,1335,1338,1339,1343,1350
124,124,54
13,59,97,143,198,416,417,462,513,514,542,558,559,604,605,633,645,646,650,651,676,689,690,691,692,721,736,737,767,851,895,896,938,939,940,968,969,980,981,982,983,984,985,1013,1014,1027,1040,1059,1131,1151,1176,1196,1255,1320
78,78,150
31,34,35,76,79,80,120,121,122,123,125,167,168,169,170,178,197,212,213,214,259,351,357,373,402,418,419,420,440,441,445,447,464,465,486,487,488,489,490,492,493,509,532,533,534,535,536,537,538,555,556,575,580,582,617,618,625,626,627,672,673,674,708,716,717,760,761,762,778,806,807,808,850,853,875,876,897,900,922,924,941,986,987,1029,1031,1032,1035,1057,1064,1073,1080,1107,1108,1109,1112,1113,1118,1122,1125,1153,1154,1155,1156,1157,1158,1165,1166,1167,1169,1198,1199,1200,1201,1202,1204,1210,1211,1214,1242,1245,1246,1247,1248,1249,1252,1256,1259,1260,1292,1293,1294,1296,1297,1301,1304,1305,1327,1328,1331,1332,1333,1334,1336,1337,1338,1339,1340,1341,1343,1345
138,138,100
34,76,79,122,123,124,126,133,165,167,212,258,288,373,418,440,441,465,486,487,488,489,490,493,509,532,534,536,537,580,582,618,619,620,626,627,670,671,672,673,708,716,717,759,760,762,805,830,850,875,895,897,900,922,942,987,1022,1032,1068,1070,1073,1074,1077,1080,1108,1113,1118,1121,1153,1154,1155,1156,1157,1158,1159,1166,1169,1199,1200,1202,1207,1210,1211,1245,1246,1247,1252,1256,1259,1260,1292,1301,1328,1337,1338,1339,1340,1341,1345,1346
41,41,236
31,34,35,36,76,79,80,81,121,122,123,124,125,126,133,165,167,169,171,177,178,196,212,213,214,215,242,258,259,303,350,351,352,373,394,395,396,418,419,420,439,440,441,464,465,486,487,488,489,490,492,493,509,510,511,530,531,532,533,534,535,537,538,555,556,573,575,576,579,580,581,582,616,617,618,620,623,624,625,626,627,663,665,669,670,671,672,673,674,708,715,716,717,719,759,760,761,762,803,804,805,806,807,808,809,810,829,830,831,847,848,850,852,854,875,877,894,895,896,897,900,922,923,924,939,940,942,945,968,969,980,984,985,987,1021,1022,1029,1030,1031,1032,1035,1057,1062,1063,1065,1066,1069,1070,1073,1074,1075,1076,1077,1080,1102,1103,1107,1108,1109,1112,1113,1118,1119,1121,1122,1124,1125,1148,1151,1152,1153,1154,1155,1156,1157,1158,1162,1163,1166,1167,1169,1170,1192,1197,1198,1199,1200,1201,1202,1203,1204,1207,1209,1210,1211,1212,1214,1215,1238,1242,1243,1244,1245,1246,1247,1248,1252,1254,1255,1256,1257,1259,1260,1282,1283,1289,1290,1291,1292,1293,1294,1297,1300,1301,1304,1305,1328,1334,1336,1337,1338,1339,1340,1341,1345,1346
11,11,249
34,76,79,80,81,121,122,123,124,125,126,127,132,133,165,167,168,169,170,178,197,212,214,304,334,350,351,361,373,394,395,396,418,419,420,439,441,463,464,465,484,485,486,487,488,490,493,509,510,511,528,529,530,532,533,534,535,536,537,555,556,573,575,576,579,580,581,582,608,616,617,618,620,622,623,625,626,627,662,663,664,665,669,670,671,672,673,708,715,716,717,735,736,758,759,760,761,762,803,804,805,806,807,809,810,827,830,831,848,849,850,851,852,853,855,875,876,877,892,893,894,895,896,897,900,921,922,923,924,939,942,945,968,969,982,984,985,986,987,1016,1017,1021,1027,1028,1029,1030,1031,1032,1062,1063,1064,1068,1069,1070,1071,1072,1073,1074,1075,1076,1077,1080,1108,1109,1110,1111,1112,1113,1115,1117,1118,1119,1121,1122,1125,1151,1152,1153,1154,1155,1156,1157,1158,1159,1162,1163,1164,1166,1167,1169,1170,1192,1194,1198,1199,1200,1201,1202,1203,1204,1205,1206,1207,1209,1210,1211,1212,1214,1215,1242,1244,1245,1246,1247,1248,1249,1252,1254,1255,1256,1257,1259,1260,1283,1289,1290,1291,1292,1293,1294,1296,1297,1300,1301,1304,1305,1327,1328,1330,1334,1336,1337,1338,1339,1340,1341,1343,1345,1346
138,138,200
34,76,79,80,81,121,122,123,124,125,167,169,171,197,214,258,283,327,334,373,395,396,406,418,419,420,441,464,465,471,486,487,488,489,490,493,510,511,534,535,556,579,580,581,582,620,624,625,626,627,654,665,670,671,672,673,690,708,714,715,716,717,758,759,760,761,762,781,783,802,803,805,806,809,827,847,849,850,851,853,855,875,876,877,895,897,900,921,922,923,924,942,945,969,984,986,987,988,990,1016,1017,1022,1026,1027,1028,1029,1030,1031,1032,1058,1063,1068,1069,1071,1073,1074,1075,1076,1077,1108,1109,1110,1112,1113,1116,1117,1118,1119,1121,1122,1125,1148,1149,1151,1152,1153,1154,1155,1156,1157,1158,1159,1162,1163,1164,1165,1166,1167,1170,1198,1199,1200,1201,1202,1203,1204,1205,1207,1209,1211,1212,1214,1215,1237,1244,1245,1246,1247,1248,1249,1250,1252,1254,1255,1256,1259,1260,1282,1289,1290,1291,1292,1293,1294,1296,1297,1301,1304,1305,1327,1334,1336,1337,1338,1339,1340,1341,1343,1345,1346
15,15,369
34,35,36,37,75,76,79,80,81,82,121,122,123,125,126,132,133,164,165,166,167,168,169,171,177,178,193,197,208,209,212,213,214,215,237,238,239,243,245,253,257,258,259,278,282,283,288,289,290,293,327,334,335,338,350,351,352,373,380,395,396,417,418,419,420,426,428,430,439,440,441,447,463,464,465,470,471,475,484,485,486,487,488,489,490,493,504,508,509,510,511,515,517,522,528,529,530,532,533,534,535,537,538,555,556,561,567,573,575,576,579,580,581,582,607,613,615,618,619,620,621,623,624,625,626,627,639,644,647,654,660,661,662,663,664,667,669,670,671,672,673,674,689,690,707,708,709,710,713,714,715,716,717,735,736,748,749,753,754,757,758,759,760,761,762,778,781,783,786,787,788,794,799,802,803,804,805,806,808,809,810,829,830,831,832,833,839,840,843,847,848,849,850,851,853,854,855,875,876,877,878,884,885,886,893,894,895,896,897,900,921,922,923,924,932,938,939,940,942,945,968,969,981,982,983,984,985,986,987,988,990,1012,1016,1017,1021,1022,1027,1028,1029,1030,1031,1032,1033,1035,1057,1058,1063,1064,1065,1066,1067,1068,1069,1071,1072,1073,1074,1075,1076,1077,1078,1079,1080,1102,1103,1107,1108,1109,1110,1111,1112,1113,1115,1116,1117,1118,1119,1120,1121,1122,1124,1125,1148,1149,1151,1152,1153,1154,1155,1156,1157,1158,1159,1160,1161,1162,1163,1164,1165,1166,1167,1169,1170,1193,1194,1199,1200,1201,1202,1203,1204,1205,1207,1209,1210,1211,1212,1214,1215,1237,1238,1239,1241,1242,1244,1245,1246,1247,1248,1249,1250,1252,1254,1255,1256,1257,1259,1260,1282,1283,1289,1290,1291,1292,1293,1294,1296,1297,1300,1301,1302,1304,1305,1327,1330,1331,1334,1336,1337,1338,1339,1340,1341,1342,1343,1344,1345,1346,1350
76,76,355
34,35,76,79,80,81,82,120,121,122,123,124,125,126,165,166,167,169,170,171,177,178,208,212,214,243,252,253,258,259,278,281,282,286,288,289,293,327,334,336,338,339,350,351,367,368,373,381,384,394,395,396,413,417,418,419,420,427,430,439,440,441,462,463,464,465,470,471,472,475,484,487,488,489,490,504,508,509,510,511,515,517,521,522,533,534,535,547,555,556,561,563,566,567,575,576,579,580,581,582,598,611,612,613,618,619,620,621,622,623,624,625,626,627,639,644,654,658,660,663,664,665,669,670,671,672,673,689,695,700,704,707,708,709,713,714,715,716,717,735,736,747,749,750,753,754,755,758,759,760,761,762,780,781,783,787,788,794,795,797,798,799,803,804,805,806,809,810,819,827,828,829,830,832,833,837,839,841,847,848,849,850,851,854,855,872,875,876,877,878,885,886,887,893,894,895,896,897,900,922,923,924,932,937,938,939,940,942,945,968,969,976,980,981,982,983,984,987,988,990,1013,1022,1024,1026,1027,1028,1029,1030,1031,1032,1033,1034,1058,1063,1064,1065,1066,1067,1068,1069,1071,1072,1073,1074,1075,1076,1077,1078,1080,1102,1103,1106,1107,1108,1109,1110,1112,1113,1115,1116,1117,1118,1119,1120,1121,1122,1124,1125,1148,1149,1151,1152,1153,1154,1155,1156,1157,1158,1159,1160,1161,1163,1164,1165,1166,1167,1168,1169,1170,1192,1193,1194,1197,1199,1200,1201,1202,1203,1204,1205,1206,1207,1208,1209,1210,1211,1212,1214,1215,1237,1238,1242,1245,1246,1247,1248,1249,1250,1252,1254,1255,1256,1257,1259,1260,1282,1286,1289,1290,1291,1292,1293,1294,1296,1297,1298,1300,1301,1304,1305,1328,1330,1334,1336,1337,1338,1339,1340,1341,1342,1343,1344,1345,1346,1350
123,123,305
34,35,76,79,80,121,122,124,126,132,133,165,166,167,168,171,177,208,209,212,213,214,245,258,259,282,283,290,293,327,335,338,339,351,373,380,381,385,394,395,396,406,413,417,418,419,420,429,430,440,441,462,463,464,465,470,471,472,473,474,475,486,487,489,490,504,508,509,510,511,515,517,521,522,533,534,535,548,553,555,556,561,563,567,580,581,582,593,620,624,625,626,627,638,639,643,644,649,654,661,663,665,671,672,673,689,690,708,709,714,715,716,717,735,749,750,753,754,758,759,760,761,762,780,787,788,794,803,804,805,806,809,819,830,831,832,833,839,843,847,848,849,850,851,853,854,855,875,876,877,878,885,886,887,888,892,893,894,895,896,900,922,923,924,930,931,932,933,938,939,940,942,945,968,969,976,977,978,981,982,983,984,987,988,990,1021,1022,1027,1028,1029,1030,1031,1032,1058,1064,1065,1068,1069,1071,1072,1073,1074,1075,1076,1077,1078,1080,1101,1102,1103,1108,1109,1110,1112,1113,1115,1116,1118,1119,1120,1121,1122,1123,1125,1148,1149,1151,1152,1153,1154,1155,1156,1157,1158,1159,1160,1161,1163,1164,1165,1166,1167,1192,1193,1197,1198,1199,1200,1201,1202,1203,1204,1205,1206,1207,1209,1210,1211,1212,1215,1237,1242,1245,1246,1247,1248,1249,1250,1251,1252,1253,1254,1255,1256,1257,1259,1260,1282,1286,1291,1292,1293,1294,1295,1296,1297,1300,1301,1302,1304,1305,1327,1330,1334,1336,1337,1338,1339,1340,1341,1342,1343,1345,1346,1350
78,78,13
76,121,122,125,167,169,395,441,627,895,1260,1304,1305
14,14,322
31,34,35,45,76,79,80,81,90,120,121,122,123,124,125,126,132,133,153,162,164,165,166,167,168,169,170,171,176,177,178,207,209,211,212,213,214,215,252,253,256,257,258,259,283,304,327,331,335,350,351,360,372,376,378,380,381,394,395,396,404,413,417,419,420,423,426,427,439,440,441,451,464,465,466,467,469,470,471,472,474,475,484,485,486,487,488,489,490,495,504,507,508,511,512,513,514,515,516,517,518,532,533,534,536,537,538,553,557,560,561,562,563,566,567,575,578,579,581,582,602,609,612,613,614,620,621,626,627,640,644,654,655,656,658,659,666,671,672,673,674,685,690,692,694,695,700,701,703,704,706,707,717,719,730,735,736,739,740,746,747,748,749,750,751,762,781,783,786,787,788,794,795,797,798,799,806,807,809,822,827,830,831,832,836,839,840,841,842,849,850,851,853,854,872,874,875,876,877,878,882,883,884,885,886,894,895,896,922,923,925,931,940,968,976,977,983,985,987,989,1021,1022,1023,1024,1027,1028,1029,1058,1063,1064,1066,1067,1068,1069,1071,1072,1073,1074,1075,1077,1104,1110,1112,1113,1116,1117,1118,1119,1122,1135,1148,1149,1150,1156,1158,1161,1163,1165,1166,1167,1168,1170,1194,1195,1196,1201,1202,1203,1205,1206,1207,1208,1209,1210,1211,1212,1215,1237,1238,1239,1240,1246,1247,1248,1250,1251,1252,1253,1254,1255,1256,1257,1260,1283,1291,1292,1293,1294,1295,1296,1298,1300,1301,1302,1304,1305,1328,1329,1334,1336,1337,1338,1339,1340,1341,1342,1343,1344,1345,1346,1347,1350
5,5,278
34,35,45,75,76,79,80,81,90,94,121,122,123,124,125,126,132,133,161,164,165,166,167,168,169,177,193,207,209,211,212,213,214,216,252,256,257,258,283,289,332,335,350,351,372,381,394,395,396,413,420,423,427,439,440,441,459,461,463,465,466,467,471,472,485,486,487,488,489,490,504,507,508,512,513,515,516,517,518,530,531,532,533,534,537,552,553,556,557,560,562,563,566,575,579,581,582,594,595,602,605,606,612,618,626,627,639,640,644,653,657,658,659,672,673,684,685,690,693,695,700,702,703,704,706,730,735,736,740,745,748,749,750,751,752,762,775,781,786,787,788,794,795,805,806,807,820,830,831,832,839,849,850,851,853,854,868,876,877,878,882,884,887,894,895,896,906,911,922,923,925,931,942,956,975,986,987,1021,1022,1028,1029,1058,1064,1066,1068,1069,1072,1074,1075,1077,1089,1104,1110,1112,1113,1116,1117,1118,1119,1121,1122,1146,1147,1149,1150,1156,1158,1161,1163,1164,1165,1166,1167,1169,1170,1183,1194,1195,1196,1201,1202,1205,1206,1208,1209,1210,1211,1212,1215,1228,1237,1238,1239,1240,1246,1247,1248,1249,1250,1251,1252,1253,1254,1255,1256,1257,1260,1283,1291,1292,1293,1294,1295,1296,1297,1298,1300,1301,1302,1304,1305,1326,1328,1329,1333,1334,1336,1337,1338,1339,1340,1341,1342,1343,1344,1345,1346,1350
76,76,241
34,35,45,76,79,81,90,121,122,124,125,133,135,162,165,166,167,168,169,177,208,213,214,217,256,257,258,259,283,289,331,350,351,377,395,396,419,420,421,425,439,440,441,464,465,466,467,469,472,485,486,487,488,489,490,504,508,510,512,515,516,517,518,533,534,535,537,553,556,557,562,602,607,608,609,612,627,630,639,640,644,653,654,672,673,684,685,690,695,703,704,706,717,736,745,747,748,749,752,761,776,781,795,797,806,807,809,821,830,831,832,836,841,849,850,851,853,854,866,875,876,877,878,882,886,895,896,897,922,923,925,940,941,968,977,978,985,987,1016,1021,1022,1023,1024,1028,1029,1030,1031,1064,1066,1067,1068,1069,1071,1073,1074,1075,1077,1089,1104,1110,1112,1113,1116,1117,1118,1119,1120,1121,1122,1134,1137,1149,1150,1151,1155,1156,1158,1161,1163,1164,1165,1166,1167,1181,1183,1194,1195,1196,1200,1201,1202,1203,1204,1205,1206,1208,1209,1210,1211,1212,1215,1228,1237,1240,1245,1246,1247,1248,1249,1250,1251,1252,1253,1254,1255,1256,1260,1265,1284,1290,1291,1292,1293,1294,1295,1296,1297,1300,1301,1304,1305,1328,1336,1337,1339,1340,1341,1342,1345,1346,1350
131,131,286
31,34,35,42,43,45,76,79,80,81,88,90,120,121,122,123,124,125,126,132,133,135,163,167,168,169,171,208,209,213,214,217,252,253,254,256,257,258,259,289,290,297,303,304,331,333,335,351,379,381,395,396,419,420,426,427,440,441,464,465,466,469,473,484,485,486,487,488,489,490,504,508,510,512,515,516,518,530,531,532,533,534,535,537,550,557,561,562,579,606,607,608,609,612,620,626,627,630,639,640,653,654,672,673,684,685,686,690,695,703,717,730,736,740,744,745,749,751,761,762,773,775,781,783,791,794,795,797,806,807,808,809,822,831,832,836,841,849,850,851,852,853,854,868,871,877,878,882,895,896,897,922,923,925,931,940,941,942,954,968,975,977,978,1016,1021,1022,1023,1024,1028,1029,1030,1031,1064,1066,1067,1068,1069,1070,1073,1074,1075,1076,1077,1103,1104,1109,1110,1112,1113,1115,1116,1117,1118,1119,1120,1121,1122,1136,1137,1146,1149,1150,1151,1154,1155,1156,1158,1161,1163,1164,1165,1166,1167,1170,1180,1181,1182,1183,1192,1194,1195,1196,1199,1200,1201,1202,1203,1204,1205,1206,1208,1209,1210,1211,1212,1226,1227,1228,1237,1238,1239,1240,1244,1245,1246,1247,1248,1249,1250,1251,1252,1253,1254,1255,1256,1257,1260,1282,1283,1284,1290,1291,1292,1293,1294,1295,1296,1297,1298,1299,1300,1301,1304,1305,1318,1327,1336,1337,1339,1340,1341,1342,1343,1345,1346,1350
35,35,279
34,35,42,43,45,76,79,80,81,88,90,121,122,123,124,125,126,132,133,135,163,166,167,168,169,171,194,208,209,211,212,213,214,240,253,254,258,262,279,287,333,351,368,376,395,396,413,419,420,441,459,464,465,466,467,469,470,473,486,487,488,490,504,508,510,511,515,518,530,531,532,533,534,535,547,548,550,557,561,562,563,564,575,592,593,607,608,609,612,621,626,627,639,640,641,653,673,685,694,703,708,728,730,733,736,744,745,749,751,762,773,775,776,777,778,781,783,784,790,791,795,797,806,807,809,816,822,831,832,836,842,851,852,853,854,861,868,876,877,878,882,886,895,896,897,911,913,922,923,925,929,941,942,968,1013,1016,1021,1022,1023,1024,1030,1031,1058,1064,1066,1067,1068,1069,1070,1071,1074,1075,1076,1077,1078,1080,1103,1104,1109,1110,1112,1113,1118,1119,1120,1121,1122,1136,1149,1150,1151,1154,1155,1156,1158,1160,1161,1163,1164,1165,1166,1167,1170,1181,1183,1194,1195,1196,1199,1200,1201,1202,1204,1205,1206,1207,1208,1209,1210,1211,1212,1215,1225,1226,1227,1228,1239,1240,1241,1244,1245,1246,1247,1249,1250,1251,1252,1253,1254,1255,1256,1257,1259,1260,1271,1272,1282,1283,1284,1289,1290,1291,1292,1293,1294,1295,1296,1297,1298,1300,1301,1304,1305,1318,1326,1327,1328,1336,1337,1338,1339,1340,1341,1342,1343,1344,1345,1346,1350
69,69,339
31,34,35,42,43,45,75,76,79,80,81,88,90,120,121,122,123,124,125,126,132,133,135,162,165,166,167,168,169,170,171,177,207,208,209,210,211,212,213,214,216,217,222,240,252,253,254,256,257,258,259,262,288,290,297,304,307,332,333,350,352,368,378,381,394,395,396,404,413,414,418,419,420,439,440,441,444,445,463,464,465,466,484,485,486,487,488,489,490,492,494,504,508,509,510,511,515,518,529,530,531,532,533,534,535,536,537,547,548,550,557,561,562,563,564,573,575,579,581,582,593,594,595,606,607,608,612,621,625,626,627,638,639,640,641,653,662,666,672,673,684,685,695,699,707,719,728,730,733,736,744,745,747,748,749,751,761,762,764,773,774,775,776,778,781,783,784,791,806,807,808,809,822,823,831,832,842,847,850,851,852,853,854,868,876,877,878,882,886,887,896,897,910,911,913,919,922,923,925,929,930,931,941,955,968,977,978,1015,1016,1021,1022,1023,1024,1025,1030,1035,1047,1058,1064,1066,1067,1068,1069,1070,1074,1075,1076,1077,1078,1103,1104,1109,1110,1112,1113,1118,1119,1120,1121,1122,1125,1136,1137,1145,1148,1149,1150,1151,1154,1155,1156,1158,1161,1163,1164,1165,1167,1170,1181,1182,1183,1192,1193,1194,1195,1196,1198,1199,1200,1201,1202,1204,1205,1206,1208,1209,1210,1211,1212,1214,1215,1225,1226,1227,1228,1238,1239,1240,1244,1245,1246,1247,1249,1250,1251,1252,1254,1255,1256,1257,1259,1260,1271,1272,1273,1282,1283,1290,1291,1292,1294,1295,1296,1297,1298,1299,1300,1301,1302,1303,1304,1305,1318,1326,1327,1328,1335,1336,1337,1338,1339,1340,1341,1342,1343,1344,1345,1346,1350
0,0,390
31,34,35,36,37,42,43,44,45,76,77,79,80,81,87,88,89,90,117,120,121,122,123,124,125,126,131,132,133,134,135,161,162,163,165,166,167,168,169,170,171,177,178,180,194,197,207,208,209,210,211,212,213,214,215,216,217,222,223,225,240,253,254,256,257,258,259,261,262,267,268,287,288,297,303,304,307,313,333,335,349,350,351,352,358,368,369,378,379,380,394,395,396,413,418,419,420,438,439,440,441,444,445,448,459,464,465,466,484,485,486,487,488,489,490,493,494,495,504,508,509,510,518,530,531,532,533,534,535,537,547,548,550,555,557,561,562,563,564,573,575,576,579,580,581,582,583,592,593,594,595,606,607,608,609,610,617,621,626,627,630,638,639,640,641,653,654,661,662,665,666,671,672,673,674,684,685,686,706,708,717,719,728,730,733,736,745,747,748,751,761,762,764,773,775,776,777,778,781,783,788,791,794,805,806,807,808,809,810,818,819,822,823,831,832,836,840,841,850,851,852,853,854,855,866,868,869,870,876,877,878,882,885,886,894,895,896,897,911,913,921,922,923,939,941,942,968,975,986,1016,1020,1021,1023,1024,1030,1057,1058,1066,1067,1068,1069,1070,1075,1076,1077,1078,1080,1092,1103,1104,1105,1106,1109,1110,1112,1113,1116,1118,1119,1120,1122,1123,1136,1137,1146,1148,1149,1150,1151,1153,1154,1155,1156,1158,1160,1161,1163,1164,1165,1166,1167,1170,1182,1183,1185,1189,1193,1194,1195,1196,1197,1198,1199,1200,1201,1202,1204,1205,1206,1207,1208,1209,1210,1212,1214,1215,1226,1227,1228,1237,1238,1239,1240,1241,1244,1245,1246,1247,1249,1250,1251,1252,1254,1255,1256,1257,1259,1260,1271,1272,1273,1274,1275,1282,1283,1284,1289,1290,1291,1292,1293,1294,1295,1296,1297,1298,1299,1300,1301,1304,1305,1318,1319,1326,1327,1328,1332,1333,1335,1336,1337,1339,1340,1341,1342,1343,1344,1345,1346,1350
69,69,316
34,35,36,37,42,43,44,45,76,79,80,81,87,88,89,90,120,121,122,123,124,125,126,132,133,134,135,163,165,166,167,168,169,170,171,176,177,178,180,208,211,212,213,214,215,216,217,222,223,225,252,253,254,256,257,258,259,262,268,288,297,303,313,315,333,342,349,350,351,358,360,368,369,378,394,395,396,413,418,419,420,439,440,441,448,450,459,464,465,466,484,485,486,487,488,489,490,493,494,495,504,508,509,510,518,529,530,531,532,533,534,535,537,547,548,550,554,555,557,562,563,564,574,575,579,581,583,592,593,594,595,607,608,616,621,626,627,630,638,639,640,641,652,665,672,673,674,684,685,686,706,719,730,733,736,761,762,764,775,776,777,778,781,783,784,791,794,806,807,808,809,821,822,823,831,837,845,850,851,852,854,855,868,869,870,873,876,877,882,886,895,896,897,921,922,923,930,942,984,986,1015,1021,1022,1024,1058,1066,1067,1068,1069,1070,1071,1075,1080,1092,1103,1104,1105,1108,1109,1112,1113,1120,1122,1137,1146,1148,1149,1150,1151,1153,1154,1155,1156,1158,1160,1163,1164,1165,1167,1170,1182,1193,1194,1195,1196,1198,1199,1200,1201,1202,1204,1205,1206,1209,1210,1212,1215,1226,1227,1228,1238,1239,1240,1241,1244,1245,1246,1247,1249,1250,1251,1253,1254,1255,1256,1257,1259,1260,1271,1273,1275,1282,1283,1284,1290,1291,1292,1294,1295,1296,1297,1298,1300,1301,1302,1304,1305,1318,1324,1326,1327,1328,1332,1333,1335,1336,1337,1338,1339,1340,1341,1342,1343,1345,1346,1350
72,72,51
61,159,181,204,227,249,273,316,319,361,362,364,365,406,407,410,452,453,476,498,499,516,521,544,561,562,566,590,607,608,611,612,635,680,726,771,846,862,907,985,986,1028,1089,1094,1126,1127,1128,1129,1134,1174,1310
143,143,211
29,30,31,34,35,38,42,43,45,74,75,76,79,80,81,87,88,89,90,119,121,122,123,124,125,131,132,133,134,135,164,165,166,167,168,169,170,171,176,177,178,179,208,211,212,214,215,216,219,253,256,257,258,259,260,261,262,266,290,298,303,304,305,307,308,310,311,348,349,350,351,352,356,357,358,359,393,394,395,396,399,401,402,403,405,433,438,439,440,441,444,445,446,447,448,450,483,484,485,486,487,488,489,490,493,494,495,530,531,532,533,536,537,539,540,550,556,557,582,585,627,630,641,674,686,719,720,749,764,765,776,777,778,809,810,822,823,831,837,853,854,855,868,869,875,876,882,922,923,924,969,970,1015,1032,1055,1058,1059,1060,1061,1076,1103,1112,1113,1121,1149,1150,1151,1152,1158,1159,1160,1161,1165,1166,1168,1191,1192,1194,1195,1196,1197,1198,1202,1203,1204,1205,1206,1207,1238,1239,1240,1247,1250,1251,1252,1273,1282,1284,1295,1297,1298,1300,1327,1337,1340,1341,1342,1343,1344,1345,1350
34,34,123
31,35,42,43,76,79,80,81,87,88,121,132,133,166,167,168,176,177,178,214,216,219,256,257,258,259,260,261,262,266,303,304,305,307,350,352,357,358,394,395,396,402,403,404,405,439,440,441,444,445,447,448,450,484,486,487,490,492,493,494,495,532,536,537,539,540,557,627,641,642,674,719,720,764,776,777,778,809,810,822,823,854,855,868,882,923,924,970,1015,1076,1112,1113,1121,1122,1150,1151,1152,1158,1194,1195,1196,1197,1198,1204,1205,1206,1238,1239,1247,1250,1251,1252,1292,1295,1296,1297,1298,1300,1327,1341,1342,1344,1350
118,118,217
29,31,34,35,36,41,42,43,76,79,80,81,86,87,88,89,119,121,122,125,132,133,134,163,165,166,167,169,171,177,178,208,211,212,213,214,216,218,221,252,253,256,257,258,259,260,261,262,264,266,298,303,304,305,307,310,311,348,349,350,351,352,356,357,358,393,394,395,396,401,402,403,405,438,439,440,441,444,445,446,447,448,449,450,484,485,486,488,489,490,492,493,494,495,504,532,536,537,538,539,540,550,557,576,585,607,640,641,685,694,696,719,764,765,777,778,783,791,809,810,822,823,826,836,854,855,868,869,875,876,877,882,883,913,914,915,916,922,923,924,929,968,969,970,1013,1015,1016,1031,1032,1061,1066,1069,1071,1076,1102,1103,1106,1112,1114,1119,1121,1122,1148,1149,1150,1151,1152,1155,1158,1159,1163,1164,1166,1192,1194,1195,1196,1197,1198,1201,1202,1203,1204,1205,1206,1207,1238,1239,1240,1241,1246,1247,1250,1251,1252,1260,1282,1284,1292,1293,1295,1296,1297,1299,1305,1327,1328,1336,1337,1338,1340,1341,1342,1343,1344,1345,1350
0,0,198
31,35,36,41,42,43,75,76,80,81,86,87,88,121,122,125,132,133,163,166,177,178,213,214,218,219,252,253,256,257,258,259,260,262,266,298,303,305,307,310,311,348,349,350,351,352,353,356,357,358,394,395,401,402,403,404,439,440,441,444,447,448,449,450,485,486,487,489,490,492,493,494,495,504,528,537,539,540,550,557,576,606,607,641,685,686,694,730,733,764,765,777,778,783,791,809,810,822,823,831,836,837,854,855,866,868,869,876,882,914,915,922,923,968,969,970,1031,1032,1033,1060,1068,1069,1071,1076,1077,1102,1103,1104,1105,1110,1112,1113,1121,1122,1148,1149,1150,1151,1152,1155,1158,1159,1164,1165,1166,1191,1192,1193,1194,1195,1196,1197,1198,1200,1201,1202,1203,1204,1205,1206,1238,1239,1240,1241,1242,1246,1247,1250,1251,1252,1254,1260,1282,1283,1284,1286,1292,1293,1295,1296,1297,1298,1300,1302,1305,1327,1328,1336,1337,1338,1340,1341,1342,1343,1344,1345,1346,1350
19,19,99
31,121,256,349,356,395,396,402,439,440,441,447,448,450,486,490,493,494,495,504,537,539,550,641,730,733,764,777,778,809,820,822,823,836,868,869,875,882,914,915,923,969,970,1020,1033,1076,1104,1105,1112,1113,1121,1122,1148,1149,1150,1151,1152,1155,1158,1159,1164,1165,1194,1195,1196,1197,1198,1201,1202,1204,1205,1238,1239,1241,1242,1247,1248,1250,1251,1252,1283,1292,1293,1295,1296,1297,1298,1300,1305,1327,1337,1338,1340,1341,1342,1344,1345,1346,1350
51,51,59
395,441,550,641,777,822,823,837,854,868,882,915,923,969,1102,1108,1112,1113,1114,1121,1122,1149,1150,1151,1152,1155,1158,1159,1194,1195,1196,1197,1198,1201,1202,1203,1204,1238,1240,1241,1247,1248,1250,1251,1283,1293,1296,1297,1329,1336,1337,1338,1339,1340,1341,1342,1344,1345,1350
1,1,9
1032,1121,1150,1250,1293,1297,1337,1339,1345
141,141,53
25,29,30,38,39,41,42,43,44,45,74,84,85,86,87,88,89,90,120,131,132,133,134,135,155,177,178,179,180,200,222,223,224,225,246,268,269,270,312,313,314,359,583,584,585,629,757,759,801,802,846,847,891
57,57,123
15,16,17,18,19,22,40,41,42,43,44,45,61,62,63,64,72,73,86,87,88,89,90,108,109,113,117,118,131,132,133,134,135,159,162,163,174,175,176,177,178,179,180,181,207,220,221,222,225,226,227,252,266,267,270,272,297,311,312,318,358,359,409,437,476,482,526,527,571,572,590,616,617,661,662,706,707,708,744,751,752,769,790,797,814,818,905,951,996,1040,1041,1042,1043,1064,1065,1086,1087,1088,1110,1111,1132,1133,1156,1157,1158,1166,1171,1177,1178,1202,1203,1204,1205,1210,1211,1220,1224,1249,1250,1251,1266,1269,1312
90,90,146
17,23,24,25,27,28,29,30,31,32,33,34,35,36,37,38,39,40,41,42,43,44,45,68,69,71,73,74,75,76,77,78,79,80,81,82,83,84,85,86,87,88,89,90,113,114,115,119,120,121,122,123,124,125,126,127,128,129,130,131,132,133,134,135,159,165,166,169,170,171,172,173,174,175,176,177,178,179,180,210,212,214,215,216,217,218,219,220,221,222,223,224,225,255,256,260,261,262,263,264,265,266,267,268,269,270,300,301,306,307,308,309,310,311,312,313,314,315,346,347,353,354,355,356,357,358,359,360,400,401,402,403,404,405,437,447,448,449,450,495,583,584,585,629,847,892
35,35,169
22,23,24,25,26,27,28,29,30,31,32,33,34,35,36,37,38,39,40,41,42,43,44,45,67,68,69,70,71,72,73,74,75,76,77,78,79,80,81,82,83,84,85,86,87,88,89,90,113,114,115,116,117,118,119,120,121,122,123,124,125,126,127,128,129,130,131,132,133,134,135,159,160,164,165,166,167,168,169,170,171,172,173,174,175,176,177,178,179,180,210,211,212,213,214,215,216,217,218,219,220,221,222,223,224,225,256,257,258,259,260,261,262,263,264,265,266,267,268,269,270,304,305,306,307,308,309,310,311,312,313,314,315,351,352,353,354,355,356,357,358,359,360,397,398,399,400,401,402,403,404,405,444,445,446,447,448,449,450,491,492,493,494,495,538,540,583,584,585
116,116,193
13,15,16,19,20,21,22,23,24,25,26,27,28,29,30,31,32,33,34,35,36,37,38,39,40,41,42,43,44,45,65,66,67,68,69,70,71,72,73,74,75,76,77,78,79,80,81,82,83,84,85,86,87,88,89,90,113,114,115,116,117,118,119,120,121,122,123,124,125,126,127,128,129,130,131,132,133,134,135,159,160,161,163,164,165,166,167,168,169,170,171,172,173,174,175,176,177,178,179,180,205,209,210,211,212,213,214,215,216,217,218,219,220,221,222,223,224,225,250,254,255,256,257,258,259,260,261,262,263,264,265,266,267,268,269,270,301,302,303,304,305,306,307,308,309,310,311,312,313,314,315,347,349,350,351,352,353,354,355,356,357,358,359,360,397,398,399,400,401,402,403,404,405,437,442,443,445,446,447,448,449,450,489,491,492,493,494,495,539,540,583,584,585
86,86,239
3,6,7,8,10,11,12,13,14,15,16,17,18,19,20,21,22,23,24,25,26,27,28,29,30,31,32,33,34,35,36,37,38,39,40,41,42,43,44,45,57,58,59,60,61,62,63,64,65,66,67,68,69,70,71,72,73,74,75,76,77,78,79,80,81,82,83,84,85,86,87,88,89,90,107,110,111,112,113,114,115,116,117,118,119,120,121,122,123,124,125,126,127,128,129,130,131,132,133,134,135,154,156,157,158,159,160,161,162,163,164,165,166,167,168,169,170,171,172,173,174,175,176,177,178,179,180,200,203,204,205,207,208,209,210,211,212,213,214,215,216,217,218,219,220,221,222,223,224,225,249,250,251,254,255,256,257,258,259,260,261,262,263,264,265,266,267,268,269,270,295,296,299,300,301,302,303,304,305,306,307,308,309,310,311,312,313,314,315,345,346,347,348,349,350,351,352,353,354,355,356,357,358,359,360,393,394,395,396,397,398,399,400,401,402,403,404,405,437,440,442,443,444,445,446,447,448,449,450,489,490,491,492,493,494,495,538,539,540
133,133,263
1,2,3,4,5,6,7,8,9,10,11,12,13,14,15,16,17,18,19,20,21,22,23,24,25,26,27,28,29,30,31,32,33,34,35,36,37,46,47,48,49,50,51,52,53,54,55,56,57,58,59,60,61,62,63,64,65,66,67,68,69,70,71,72,73,74,75,76,77,78,79,80,81,82,83,85,86,93,94,95,96,97,99,100,101,102,103,104,105,106,107,108,109,110,111,112,113,114,115,116,117,118,119,120,121,122,123,124,125,126,127,128,129,130,131,132,149,150,151,152,153,154,155,156,157,158,159,160,161,162,163,164,165,166,167,168,169,170,171,172,173,174,175,176,177,196,197,198,199,200,201,202,203,204,205,206,208,209,210,211,212,213,214,215,216,217,218,219,220,221,222,224,225,243,247,248,249,250,251,254,255,256,257,258,259,260,261,262,263,264,265,266,267,269,270,289,294,295,296,299,300,301,302,303,304,305,306,307,308,309,310,315,340,344,345,346,347,348,349,350,351,352,353,354,355,356,357,392,393,394,395,396,397,398,399,400,401,402,403,437,439,441,442,443,444,445,446,447,448,449,450,488,490,491,492,493,494,495,533,537,538,539,540
62,62,283
1,2,3,4,5,6,7,8,9,10,11,12,13,14,15,16,17,18,19,20,21,22,23,24,25,26,27,28,29,30,31,32,33,46,47,48,49,50,51,52,53,54,55,56,57,58,59,60,61,62,63,64,65,66,67,68,69,70,71,72,73,74,75,76,77,78,79,91,92,93,94,95,96,97,98,99,100,101,102,103,104,105,106,107,108,109,110,111,112,113,114,115,118,119,120,121,122,123,124,125,136,137,138,139,140,141,142,143,144,145,146,147,148,149,150,151,152,153,154,155,156,157,158,159,160,161,164,165,166,167,168,169,170,171,181,182,183,184,185,186,187,188,189,190,191,192,193,194,195,196,197,198,199,200,201,202,203,204,205,206,208,209,210,211,212,213,214,215,216,217,218,226,227,228,229,230,231,232,233,234,235,236,237,238,239,240,241,242,243,244,245,246,247,248,249,250,251,253,254,255,256,257,258,259,260,261,262,263,264,273,275,276,277,282,284,285,287,288,289,290,292,293,294,295,296,297,299,300,301,302,303,304,305,306,307,308,309,321,333,334,337,338,339,340,344,345,346,347,348,349,350,351,352,353,354,355,392,393,394,395,396,397,398,399,400,437,440,441,442,443,444,445,446,447,489,490,491,493,494,536,537,538,539
133,133,291
1,2,3,4,5,6,7,8,9,10,11,12,13,14,15,16,17,18,19,20,21,22,23,24,25,46,47,48,49,50,51,52,53,54,55,56,57,58,59,60,61,62,63,64,65,66,67,68,69,70,91,92,93,94,95,96,97,98,99,100,101,102,103,104,105,106,107,108,109,110,111,112,113,114,115,136,137,138,139,140,141,142,143,144,145,146,147,148,149,150,151,152,153,154,155,156,157,158,159,160,161,181,182,183,184,185,186,187,188,189,190,191,192,193,194,195,196,197,198,199,200,201,202,203,204,205,206,209,210,212,226,227,228,229,230,231,232,233,234,235,236,237,238,239,240,241,242,243,244,245,246,247,248,249,250,251,254,255,258,260,271,272,273,274,275,276,277,278,279,280,281,282,283,284,285,286,287,288,289,290,291,292,293,294,295,296,302,303,304,305,306,307,308,316,317,318,319,320,321,322,323,324,325,326,327,328,329,330,331,332,333,334,335,336,337,338,339,340,341,348,349,350,353,361,362,363,364,365,366,367,368,369,370,371,372,373,374,375,376,377,378,379,380,381,383,384,385,386,393,394,395,397,398,406,407,408,409,410,411,413,414,415,422,423,424,431,437,438,439,440,441,442,444,446,451,453,454,455,483,486,489,490,491,496,497,499,529,530,531,532,578
133,133,284
1,2,3,4,5,6,7,8,9,10,11,12,13,14,15,46,47,48,49,50,51,52,53,54,55,56,57,58,59,60,61,62,68,91,92,93,94,95,96,97,98,99,100,101,102,103,104,105,106,107,113,136,137,138,139,140,141,142,143,144,145,146,147,148,149,150,151,152,153,154,155,156,157,158,159,181,182,183,184,185,186,187,188,189,190,191,192,193,194,195,196,197,198,199,200,201,202,203,204,226,227,228,229,230,231,232,233,234,235,236,237,238,239,240,241,242,243,244,245,246,247,248,249,250,251,271,272,273,274,275,276,277,278,279,280,281,282,283,284,285,286,287,288,289,290,291,292,293,294,295,296,316,317,318,319,320,321,322,323,324,325,326,327,328,329,330,331,332,333,334,335,336,337,338,339,361,362,363,364,365,366,367,368,369,370,371,372,373,374,375,376,377,378,379,380,381,382,406,407,408,409,410,411,412,413,414,415,416,417,418,419,420,421,422,423,424,425,426,451,452,453,454,455,456,457,458,459,460,461,462,463,464,465,466,467,468,469,470,471,496,497,498,499,500,501,502,503,504,505,506,508,509,510,511,513,514,515,531,532,541,542,543,544,545,546,547,549,550,551,574,575,576,586,587,588,589,590,594,623,624,632,633,678,680
139,139,262
1,2,3,4,46,47,48,49,50,58,68,91,92,93,94,95,96,97,98,99,100,105,113,136,137,138,139,140,141,142,143,144,145,147,181,182,183,184,185,186,187,188,189,190,191,192,193,194,196,200,225,226,227,228,229,230,231,232,233,234,235,236,237,238,239,240,241,242,246,250,271,272,273,274,275,276,277,278,279,280,281,282,283,284,285,286,287,288,291,292,295,316,317,318,319,320,321,322,323,324,325,326,327,328,329,330,331,332,333,334,335,336,337,361,362,363,364,365,366,367,368,369,370,371,372,373,374,375,376,377,378,380,381,382,406,407,408,409,410,411,412,413,414,415,416,417,418,419,420,421,422,427,437,451,452,453,454,455,456,457,458,459,460,461,462,463,464,465,467,468,496,497,498,499,500,501,502,503,504,505,506,507,510,513,541,542,543,544,545,546,547,548,549,550,551,555,559,560,586,587,588,589,590,591,592,593,594,595,596,597,600,604,605,624,631,632,634,635,636,637,638,639,640,641,642,646,649,651,652,664,676,677,679,680,681,682,684,685,686,687,697,698,721,722,724,725,727,728,731,732,743,766,772,773,800,816,817,818,819,845,863,864
28,28,228
94,136,181,182,183,226,227,228,229,230,235,271,272,273,274,275,276,277,278,316,317,318,319,320,321,322,323,324,325,326,328,329,361,362,363,364,365,366,367,368,369,370,371,372,373,374,375,406,407,408,409,410,411,412,413,414,415,416,417,418,419,420,451,452,453,454,455,456,457,458,459,460,461,462,463,464,465,466,468,496,497,498,499,500,501,502,503,504,505,506,507,508,509,511,512,513,514,515,541,542,543,544,545,546,547,548,549,550,551,552,553,554,555,556,557,558,559,560,561,586,587,588,589,590,591,592,593,594,595,596,597,598,599,600,601,602,603,604,605,606,631,632,633,634,635,636,637,638,639,640,641,642,643,644,645,646,647,648,649,650,651,676,677,678,679,680,681,682,683,684,685,686,687,688,689,690,691,693,694,721,722,723,724,725,726,727,728,729,730,731,732,733,734,735,766,767,768,769,770,771,772,773,774,775,776,778,811,812,813,814,815,816,856,857,858,859,860,901,902,904,905,906,946,947,948,950,951,1036
7,7,187
226,227,271,272,273,275,276,316,317,318,319,361,362,363,364,365,366,406,407,408,409,410,411,412,451,452,453,454,455,456,457,458,459,496,497,498,499,500,501,502,503,504,541,542,543,544,545,546,547,548,549,550,552,554,586,587,588,589,590,591,592,593,594,595,596,597,598,599,600,601,602,604,631,632,633,634,635,636,637,638,639,640,641,642,643,644,645,646,649,676,677,678,679,680,681,682,683,684,685,686,687,688,689,690,691,692,693,721,722,723,724,725,726,727,728,729,730,731,732,733,734,735,736,739,766,767,768,769,770,771,772,773,774,775,776,777,778,779,780,811,812,813,814,815,816,817,818,819,820,821,823,824,825,856,857,858,859,860,861,862,863,864,901,902,903,904,905,906,908,946,947,948,949,950,951,952,991,992,993,994,995,997,1036,1037,1038,1081,1082
133,133,143
361,362,363,364,406,407,408,409,451,452,453,454,455,496,497,498,499,500,501,541,542,543,544,545,546,547,548,586,587,588,589,590,591,592,593,594,631,632,633,634,635,636,637,638,639,676,677,678,679,680,681,682,683,684,721,722,723,724,725,726,727,728,729,730,731,732,766,767,768,769,770,771,772,773,774,775,778,811,812,813,814,815,816,817,818,819,820,821,823,824,825,856,857,858,859,860,861,862,863,864,865,866,867,869,870,901,902,903,904,905,906,907,908,909,910,912,946,947,948,949,950,951,952,953,991,992,993,994,995,996,997,1036,1037,1038,1039,1040,1081,1082,1083,1126,1127,1128,1171
33,33,110
452,454,498,499,541,542,543,544,586,589,590,631,632,633,635,637,676,677,678,679,680,681,682,721,722,723,724,725,726,727,728,729,766,767,768,769,770,771,772,773,774,811,812,813,814,815,816,817,818,819,820,856,857,858,859,860,861,862,863,864,901,902,903,904,905,906,907,908,909,912,946,947,948,949,950,951,952,953,954,991,992,993,994,995,996,997,998,1036,1037,1038,1039,1040,1041,1042,1081,1082,1083,1084,1085,1126,1127,1128,1129,1171,1172,1173,1216,1217,1219,1262
142,142,66
680,686,723,725,726,767,768,769,811,812,813,814,856,857,858,859,860,863,901,902,903,904,905,906,907,908,946,947,948,949,950,951,952,953,991,992,993,994,995,996,997,1036,1037,1038,1039,1040,1041,1081,1082,1083,1085,1086,1126,1127,1128,1129,1171,1172,1173,1216,1217,1219,1261,1262,1263,1265
123,123,54
680,725,814,856,859,901,902,946,947,949,950,951,952,991,992,993,996,997,998,1036,1037,1038,1039,1040,1042,1081,1082,1083,1084,1085,1126,1127,1128,1129,1130,1131,1171,1172,1173,1174,1216,1217,1218,1219,1220,1261,1262,1263,1264,1266,1306,1307,1308,1309
123,123,54
269,270,315,355,360,399,400,403,405,446,680,859,946,991,992,997,1036,1037,1081,1082,1083,1084,1085,1126,1127,1128,1129,1131,1171,1172,1173,1174,1175,1176,1216,1217,1218,1219,1220,1221,1222,1261,1262,1263,1264,1265,1266,1306,1307,1308,1309,1310,1311,1312
103,103,60
90,134,135,177,178,179,180,222,223,224,225,267,268,269,270,308,312,313,314,315,353,354,355,359,360,397,398,399,400,401,403,404,405,443,445,446,448,449,450,491,493,494,495,539,946,1036,1081,1083,1128,1218,1219,1261,1262,1263,1264,1265,1306,1308,1309,1310
2,2,103
42,43,44,45,86,87,88,89,90,129,130,131,132,133,134,135,174,175,176,177,178,179,180,219,220,221,222,223,224,225,260,263,264,265,266,267,268,269,270,304,305,306,308,309,310,311,312,313,314,315,348,349,350,351,352,353,355,356,357,358,359,360,393,395,396,397,399,400,401,402,403,404,405,437,438,439,440,441,442,443,444,445,446,447,448,449,450,483,487,490,491,493,534,535,577,578,579,581,582,583,584,625,626
44,44,109
37,38,39,40,41,42,43,44,45,82,83,84,85,86,87,88,89,90,125,126,127,128,129,130,131,132,133,134,135,169,170,171,172,173,174,175,176,177,178,179,180,212,213,214,215,216,217,218,219,220,221,222,223,224,225,257,258,259,260,261,262,263,264,265,266,267,268,269,270,302,303,304,305,306,307,308,311,312,313,314,315,347,348,349,350,351,352,355,358,359,360,392,393,394,395,396,397,399,400,401,402,403,436,437,439,442,443,444,487
45,45,142
32,33,34,35,36,37,38,39,40,41,42,43,44,45,76,77,78,79,80,81,82,83,84,85,86,87,88,89,90,121,122,123,124,125,126,127,128,129,130,131,132,133,134,135,165,166,167,168,169,170,171,172,173,174,175,176,177,178,179,180,209,210,211,212,213,214,215,216,217,218,219,220,221,222,223,224,225,254,255,256,257,258,259,260,261,262,263,264,265,266,267,268,269,270,298,299,300,301,302,303,304,305,306,307,308,309,310,311,312,313,343,344,345,346,347,348,349,350,351,352,353,354,390,392,393,394,395,396,397,398,399,400,431,436,437,438,439,440,441,476,484,529
32,32,181
28,29,30,31,32,33,34,35,36,37,38,39,40,41,42,43,44,45,72,73,74,75,76,77,78,79,80,81,82,83,84,85,86,87,88,89,90,117,118,119,120,121,122,123,124,125,126,127,128,129,130,131,132,133,134,135,162,163,164,165,166,167,168,169,170,171,172,173,174,175,176,177,178,179,180,204,205,207,208,209,210,211,212,213,214,215,216,217,218,219,220,221,222,223,249,250,251,252,253,254,255,256,257,258,259,260,261,262,263,264,265,266,267,294,295,296,297,298,299,300,301,302,303,304,305,306,307,308,309,310,339,340,341,342,343,344,346,347,348,349,350,351,352,355,384,385,386,387,388,391,392,393,394,395,396,428,429,430,432,436,437,438,439,473,474,475,476,480,481,483,517,518,519,521,522,524,525,606,650,651,841
141,141,221
23,24,25,26,27,28,29,30,31,32,33,34,35,36,37,38,39,40,41,42,43,67,68,69,70,71,72,73,74,75,76,77,78,79,80,81,82,83,84,85,86,88,112,113,114,115,116,117,118,119,120,121,122,123,124,125,126,127,128,129,130,131,157,158,159,160,161,162,163,164,165,166,167,168,169,170,171,172,173,174,175,200,202,203,204,205,206,207,208,209,210,211,212,213,214,215,216,217,218,219,246,247,248,249,250,251,252,253,254,255,256,257,258,259,260,261,263,291,292,293,294,295,296,297,298,299,300,301,302,303,304,305,306,336,337,338,339,340,341,342,343,345,346,347,348,350,351,352,381,382,383,384,385,386,387,388,390,391,392,393,424,425,426,427,428,429,430,431,432,433,434,435,436,437,468,469,470,471,472,473,474,475,476,477,478,479,512,513,514,515,516,517,518,520,521,522,523,557,558,559,560,561,566,567,602,603,604,605,606,607,609,647,648,649,650,651,652,653,694,695,698
65,65,260
20,21,22,23,24,25,26,27,28,29,30,31,32,33,34,35,36,37,38,39,65,66,67,68,69,70,71,72,73,74,75,76,77,78,79,80,81,82,84,109,110,111,112,113,114,115,116,117,118,119,120,121,122,123,124,125,126,127,153,154,155,156,157,158,159,160,161,162,163,164,165,166,167,168,169,170,171,199,200,201,202,203,204,205,206,207,208,209,210,211,212,213,214,215,216,243,244,245,246,247,248,249,250,251,252,253,254,255,256,257,258,286,287,288,289,290,291,292,293,294,295,296,297,298,299,300,301,302,303,330,331,332,333,334,335,336,337,338,339,340,341,342,343,344,345,346,347,374,375,376,377,378,379,380,381,382,383,384,385,386,387,388,389,390,420,421,422,423,424,425,426,427,428,429,430,431,433,437,465,466,467,468,469,470,471,472,473,474,475,476,510,511,512,513,514,515,516,517,518,519,520,521,554,555,556,557,558,559,560,561,562,563,564,565,567,599,600,601,602,603,604,605,606,607,608,643,644,645,646,647,648,649,650,651,652,653,688,689,690,691,692,693,694,695,697,731,732,733,734,735,736,737,738,739,740,777,781,782,784,822
23,23,285
15,16,17,18,19,20,21,22,23,24,25,26,27,28,29,30,31,32,58,59,60,61,62,63,64,65,66,67,68,69,70,71,72,73,74,75,76,77,104,105,106,107,108,109,110,111,112,113,114,115,116,117,118,119,120,149,150,151,152,153,154,155,156,157,158,159,160,161,162,163,164,165,193,194,195,196,197,198,199,200,201,202,203,204,205,206,207,208,209,210,238,239,240,241,242,243,244,245,246,247,248,249,250,251,252,253,254,283,284,285,286,287,288,289,290,291,292,293,294,295,296,297,328,329,330,331,332,333,334,335,336,337,338,339,340,341,342,372,373,374,375,376,377,378,379,380,381,382,383,384,385,386,417,418,419,420,421,422,423,424,425,426,427,428,429,430,431,461,462,463,464,465,466,467,468,469,470,471,472,473,474,506,507,508,509,510,511,512,513,514,515,516,517,551,552,553,554,555,556,557,558,559,560,561,595,596,597,598,599,600,601,602,603,604,605,606,607,640,641,642,643,644,645,646,647,648,649,650,680,685,686,687,688,689,690,691,692,693,694,729,730,731,732,734,735,736,737,738,773,774,775,776,777,779,780,781,782,819,820,821,822,824,825,826,864,865,866,867,871,907,909,910,911,952,953,954,955,997,998,999,1000,1005,1044,1089,1090
100,100,298
11,12,13,14,15,16,17,18,19,20,21,22,23,24,25,26,27,28,29,30,56,57,58,59,60,61,62,63,64,65,66,67,68,69,70,71,72,73,100,101,102,103,104,105,106,107,108,109,110,111,112,113,114,115,116,145,146,147,148,149,150,151,152,153,154,155,156,157,158,159,160,161,189,190,191,192,193,194,195,196,197,198,199,200,201,202,203,204,234,235,236,237,238,239,240,241,242,243,244,245,246,247,248,249,250,279,280,281,282,283,284,285,286,287,288,289,290,291,292,293,294,295,324,325,326,327,328,329,330,331,332,333,334,335,336,338,369,370,371,372,373,374,375,376,377,378,379,380,381,382,413,414,415,416,417,418,419,420,421,422,423,424,425,426,427,456,457,458,459,460,461,462,463,464,465,466,467,468,469,499,500,501,502,503,504,505,506,507,508,509,510,511,512,513,514,545,546,547,548,549,550,551,552,553,554,555,556,557,558,591,592,593,594,595,596,597,598,599,600,601,602,603,604,635,636,637,638,639,640,641,642,643,644,645,646,680,681,682,683,684,685,686,687,688,689,690,691,725,726,727,728,729,730,731,732,733,734,735,770,771,773,774,775,776,778,779,780,815,816,819,820,821,824,860,861,864,865,866,869,905,906,907,909,910,950,951,952,953,954,955,995,996,997,998,999,1000,1043,1044
23,23,293
7,8,9,10,11,12,13,14,15,16,17,18,19,21,23,49,50,51,52,53,54,55,56,57,58,59,60,61,62,63,64,65,67,68,95,96,97,98,99,100,101,102,103,104,105,106,107,108,110,112,113,141,142,143,144,145,146,147,148,149,150,151,152,153,154,185,186,187,188,189,190,191,192,193,194,195,196,197,199,230,231,232,233,234,235,236,237,238,239,240,241,242,275,276,277,278,279,280,281,282,283,284,285,286,287,288,319,320,321,322,323,324,325,326,327,328,329,330,331,332,333,362,363,364,365,366,367,368,369,370,371,372,373,374,375,376,378,407,408,409,410,411,412,413,414,415,416,417,418,419,420,421,453,454,455,456,457,458,459,460,461,462,463,464,465,466,467,498,499,500,501,502,503,504,505,506,507,508,509,510,511,543,544,545,546,547,548,549,550,551,552,553,554,589,590,591,592,593,594,595,596,597,598,599,634,635,636,637,638,639,640,641,642,643,644,678,679,680,681,682,683,684,685,686,687,688,689,723,724,725,726,727,728,729,730,731,732,733,768,769,770,771,772,773,774,775,776,777,813,814,815,816,817,818,819,858,859,860,861,864,865,903,904,905,906,907,910,946,947,948,949,950,951,952,953,991,992,993,994,995,996,997,1036,1037,1039,1040,1041,1081,1082,1084,1127,1128,1174
89,89,248
2,3,4,5,6,7,8,9,10,11,12,13,47,48,49,50,51,52,53,54,55,56,57,58,92,93,94,95,96,97,98,99,100,101,102,103,136,137,138,139,140,141,142,143,144,145,146,147,148,181,182,183,184,185,186,187,188,189,190,191,192,193,226,227,228,229,230,231,232,233,234,235,236,237,238,239,271,272,273,274,275,276,277,278,279,280,281,282,283,284,285,316,317,318,319,320,321,322,323,324,325,326,327,328,329,361,362,363,364,365,366,367,368,369,370,371,372,373,374,406,407,408,409,410,411,412,413,414,415,416,417,451,452,453,454,455,456,457,458,459,460,461,462,463,496,497,498,499,500,501,502,503,504,505,506,541,542,543,544,545,546,547,548,549,550,551,586,587,588,589,590,591,592,593,594,595,596,631,632,633,634,635,636,637,638,676,677,678,679,680,681,682,721,722,723,724,725,726,727,766,767,768,769,770,771,772,773,811,812,813,814,815,816,817,856,857,858,859,860,861,901,902,903,904,905,906,946,947,948,949,950,991,992,993,995,1036,1037,1038,1039,1081,1082,1083,1084,1126,1127,1128,1171,1216
61,61,251
1,2,3,4,5,6,7,8,9,10,11,12,13,46,47,48,49,50,51,52,53,54,55,56,57,58,91,92,93,94,95,96,97,98,99,100,101,102,103,136,137,138,139,140,141,142,143,144,145,146,147,148,181,182,183,184,185,186,187,188,189,190,191,192,193,226,227,228,229,230,231,232,233,234,235,236,237,271,272,273,274,275,276,277,278,279,280,281,282,316,317,318,319,320,321,322,323,324,325,326,361,362,363,364,365,366,367,368,369,370,371,406,407,408,409,410,411,412,413,414,415,451,452,453,454,455,456,457,458,459,460,461,496,497,498,499,500,501,502,503,504,505,541,542,543,544,545,546,547,548,549,551,586,587,588,589,590,591,592,593,594,595,596,631,632,633,634,635,636,637,638,639,640,676,677,678,679,680,681,682,683,684,721,722,723,724,725,726,727,728,766,767,768,769,770,771,772,773,774,811,812,813,814,815,816,817,856,857,858,859,860,861,901,902,903,904,905,906,946,947,948,949,950,951,991,992,993,994,995,996,1036,1037,1038,1039,1040,1081,1082,1083,1084,1126,1127,1128,1129,1171,1172,1173,1216,1217,1261,1262,1306
17,17,238
1,2,3,4,5,6,7,8,9,10,11,12,46,47,48,49,50,51,52,53,54,55,56,57,58,91,92,93,94,95,96,97,98,99,101,102,136,137,138,139,140,141,142,143,144,145,146,147,181,182,183,184,185,186,187,188,189,190,226,227,228,229,230,231,232,233,234,271,272,273,274,275,276,277,278,279,280,316,317,318,319,320,321,322,323,324,325,361,362,363,364,365,366,367,368,369,370,406,407,408,409,410,411,412,413,414,415,451,452,453,454,455,456,457,458,459,460,496,497,498,499,500,501,502,503,504,505,541,542,543,544,545,546,547,548,549,586,587,588,589,590,591,592,593,594,595,631,632,633,634,635,636,637,638,639,640,676,677,678,679,680,681,682,683,684,685,721,722,723,724,725,726,727,728,729,766,767,768,769,770,771,772,774,811,812,813,814,815,816,817,856,857,858,859,860,861,862,901,902,903,904,905,906,946,947,948,949,950,951,991,992,993,994,995,1036,1037,1038,1039,1081,1082,1083,1126,1127,1128,1171,1172,1173,1216,1217,1218,1219,1261,1262,1263,1264,1306,1307,1308
119,119,221
1,2,3,4,5,6,7,8,9,10,11,46,47,48,49,50,51,52,53,54,55,56,91,92,93,94,95,96,97,98,99,136,137,138,139,140,141,142,143,144,149,181,182,183,184,185,186,187,188,189,226,227,228,229,230,231,232,233,234,271,272,273,274,275,276,277,278,279,316,317,318,319,320,321,322,323,324,361,362,363,364,365,366,367,368,406,407,408,409,410,411,412,413,414,451,452,453,454,455,456,457,458,459,496,497,498,499,500,501,502,503,504,541,542,543,544,545,546,547,548,549,586,587,588,589,590,591,592,593,594,631,632,633,634,635,636,637,638,639,640,676,677,678,679,680,681,682,683,721,722,723,724,725,726,727,728,729,766,767,768,769,770,771,772,773,811,812,813,814,815,816,856,857,858,859,860,901,902,903,904,905,946,947,948,949,950,951,991,992,993,994,995,996,1036,1037,1038,1039,1040,1081,1082,1083,1084,1086,1126,1127,1128,1129,1171,1172,1173,1216,1217,1218,1219,1261,1262,1263,1264,1306,1307,1308
8,8,205
1,2,3,4,5,6,7,46,47,48,49,50,51,52,91,92,93,94,95,96,97,136,137,138,139,140,141,142,181,182,183,184,185,186,187,188,226,227,228,229,230,231,232,233,271,272,273,274,275,276,277,278,279,316,317,318,319,320,321,322,323,324,361,362,363,364,365,366,367,368,406,407,408,409,410,411,412,413,414,451,452,453,454,455,456,457,458,496,497,498,499,500,501,502,503,541,542,543,544,545,546,547,548,549,586,587,588,589,590,591,592,593,594,631,632,633,634,635,636,637,638,676,677,678,679,680,681,684,721,722,723,724,725,726,727,728,729,766,767,768,769,770,771,772,773,774,811,812,813,814,815,816,817,856,857,858,859,860,901,902,903,904,905,907,946,947,948,949,950,951,991,992,993,994,995,996,1036,1037,1038,1041,1081,1082,1083,1085,1086,1126,1127,1128,1129,1131,1171,1172,1173,1174,1216,1217,1218,1261,1262,1263,1264,1306,1307,1308,1309
4,4,193
1,2,3,4,5,6,46,47,48,49,50,51,58,91,92,93,94,95,96,97,136,137,138,139,140,141,142,181,182,183,184,185,186,187,188,226,227,228,229,230,231,232,233,271,272,273,274,275,276,277,278,316,317,318,319,320,321,322,323,361,362,363,364,365,366,367,368,369,406,407,408,409,410,411,412,413,451,452,453,454,455,456,457,459,496,497,498,499,500,501,502,503,504,541,542,543,544,545,546,547,548,549,586,587,588,589,590,591,592,593,594,631,632,633,634,635,636,637,638,676,677,678,679,680,681,682,683,685,721,722,723,724,725,726,727,728,766,767,768,769,770,771,772,774,811,812,813,814,815,816,817,856,857,858,859,860,901,902,903,904,905,946,947,948,949,950,991,992,993,994,995,1036,1037,1038,1040,1081,1082,1083,1126,1127,1128,1171,1172,1173,1216,1217,1218,1261,1262,1263,1306,1307,1308
68,68,175
1,2,3,4,5,6,46,47,48,49,50,51,91,92,93,94,95,96,97,136,137,138,139,140,141,142,156,181,182,183,184,185,186,187,188,226,227,228,229,230,231,232,233,271,272,273,274,275,276,277,278,316,317,318,319,320,321,322,323,361,362,363,364,365,366,367,368,406,407,408,409,410,411,412,414,451,452,453,454,455,456,496,497,498,499,500,501,502,541,542,543,544,545,546,547,586,587,588,589,590,591,592,593,594,631,632,633,634,635,636,637,638,676,677,678,679,680,681,721,722,723,724,725,726,727,728,730,766,767,768,771,772,775,811,812,813,814,815,856,857,858,859,860,901,902,903,904,905,946,947,948,949,950,991,992,993,996,1036,1037,1081,1082,1126,1127,1128,1171,1172,1216,1217,1218,1261,1262,1263,1306,1307,1308
12,12,160
1,2,3,4,5,6,19,46,47,48,49,50,51,91,92,93,94,95,96,97,110,136,137,138,139,140,141,142,156,181,182,183,184,185,186,187,188,226,227,228,229,230,231,232,233,271,272,273,274,275,276,277,278,316,317,318,319,320,321,322,323,361,362,363,364,365,367,368,406,408,409,410,411,412,451,454,455,456,459,496,499,500,501,502,503,541,543,546,547,548,586,587,592,594,631,632,633,634,635,636,637,676,677,679,680,681,682,683,721,722,727,728,729,730,766,767,771,772,773,774,775,811,817,856,857,859,860,863,901,902,903,905,912,946,948,949,991,992,993,1036,1037,1045,1046,1047,1081,1082,1126,1127,1171,1172,1216,1217,1218,1261,1262,1263,1306,1307,1308,1309
2,2,131
1,2,3,4,5,19,20,46,47,48,49,50,51,65,66,91,92,93,94,95,96,97,110,136,137,138,139,140,141,142,156,181,182,183,184,185,186,188,201,226,227,228,229,230,231,232,247,271,272,273,274,275,276,277,279,316,317,318,319,320,322,361,363,364,365,366,367,368,381,382,409,410,411,412,455,456,473,500,501,502,503,518,547,592,593,594,635,636,637,638,676,682,683,726,727,728,730,772,773,774,775,816,819,860,903,904,905,911,912,946,947,948,949,992,1036,1045,1046,1047,1081,1126,1127,1171,1216,1217,1261,1262,1263,1306,1307,1308,1309
0,0,136
1,2,3,6,17,18,19,46,47,48,51,66,91,92,93,94,97,111,112,136,137,138,139,140,152,154,155,156,157,158,181,182,183,184,185,186,197,198,199,200,201,226,227,228,229,230,231,243,244,245,246,271,272,273,274,275,276,289,290,291,318,319,320,321,361,365,366,414,455,456,460,471,505,548,550,551,592,593,594,596,638,639,641,642,682,683,684,686,687,727,730,731,732,733,774,775,817,818,836,862,863,864,865,903,907,908,909,952,953,954,997,998,1043,1073,1119,1120,1134,1135,1137,1141,1164,1165,1179,1180,1181,1186,1224,1225,1226,1231,1269,1270,1296,1297,1341,1342
74,74,121
1,2,3,4,5,6,19,23,46,47,48,49,50,51,52,65,91,92,93,94,95,97,136,137,138,139,142,155,156,181,182,183,184,198,201,226,227,228,229,246,247,271,273,274,275,316,318,319,368,411,412,413,455,456,457,458,499,500,501,502,517,543,544,545,546,547,548,549,550,588,589,590,591,593,632,633,634,635,636,637,638,678,681,683,726,771,775,817,857,858,859,862,863,864,865,902,903,904,907,908,909,946,947,953,1036,1037,1038,1044,1045,1046,1047,1081,1083,1126,1127,1171,1216,1217,1261,1306,1307
0,0,99
1,2,3,4,5,6,22,23,46,47,48,49,51,65,91,92,93,95,96,97,107,110,136,137,138,155,156,181,183,197,198,200,201,226,228,230,242,246,247,271,275,276,316,317,318,367,411,472,499,500,501,502,504,517,518,547,548,549,550,564,589,590,591,592,593,633,635,636,638,678,681,746,775,817,821,858,859,861,862,863,864,866,903,907,908,909,948,991,999,1036,1045,1046,1092,1126,1127,1171,1216,1228,1261
0,0,96
1,2,3,4,5,6,23,24,46,47,48,50,51,59,64,91,93,97,105,106,107,110,111,136,152,154,155,184,198,200,201,230,246,247,272,275,276,318,428,457,499,501,504,545,546,547,548,549,550,564,590,591,593,594,634,635,636,638,724,773,774,775,776,792,817,819,820,858,862,863,864,865,866,903,904,908,909,910,946,948,955,999,1036,1037,1045,1046,1081,1092,1126,1171,1182,1183,1216,1228,1261,1262
78,78,64
1,2,3,4,5,6,15,23,24,46,47,50,51,91,105,106,109,110,140,152,155,156,196,197,198,200,201,242,246,276,292,501,502,518,544,545,546,547,548,549,591,593,594,636,638,775,820,858,862,863,864,865,903,904,908,948,955,1045,1046,1081,1126,1183,1216,1261
78,78,43
1,2,3,4,5,6,23,24,25,47,50,94,106,140,155,156,198,292,502,518,547,548,549,591,592,593,639,776,820,862,863,864,865,903,904,907,910,948,955,956,1081,1126,1183
35,35,28
1,2,3,4,5,23,24,25,106,155,200,502,547,548,593,594,639,728,820,862,863,864,903,904,1045,1171,1216,1228
124,124,8
328,709,897,941,942,988,989,1034
99,99,65
168,213,214,258,259,488,528,533,572,573,575,616,619,620,621,626,661,665,666,671,673,675,692,707,708,709,711,755,758,759,760,802,804,806,807,852,853,894,895,896,940,941,942,945,965,966,967,968,987,988,989,1010,1011,1012,1034,1035,1055,1056,1080,1100,1111,1287,1332,1336,1337
54,54,21
159,246,291,292,461,833,878,1105,1106,1107,1108,1109,1110,1198,1212,1213,1214,1243,1258,1259,1303
87,87,91
167,177,431,578,579,616,617,624,626,662,663,664,707,708,709,755,756,757,758,760,803,804,805,844,847,848,849,851,852,853,854,891,892,893,894,895,896,897,900,938,939,940,941,942,945,985,986,987,988,989,990,1012,1013,1031,1032,1033,1034,1035,1057,1058,1076,1077,1078,1079,1080,1100,1101,1112,1125,1146,1147,1148,1149,1150,1151,1156,1188,1191,1193,1245,1286,1287,1288,1291,1301,1332,1334,1335,1337,1346,1347
42,42,164
37,40,41,85,127,128,130,135,176,177,212,383,431,494,522,533,534,571,572,578,579,580,581,582,616,617,618,623,624,625,626,627,630,661,662,663,664,666,668,669,671,672,674,675,705,706,707,708,709,711,714,716,751,752,753,754,755,756,757,758,759,760,761,762,797,799,803,804,806,844,847,848,849,850,851,852,853,854,890,891,892,893,894,895,896,897,900,938,939,940,941,942,945,983,984,985,986,987,988,989,990,1012,1013,1028,1030,1031,1032,1033,1034,1035,1057,1071,1075,1077,1078,1079,1080,1100,1101,1102,1121,1124,1125,1144,1145,1146,1147,1148,1149,1150,1153,1154,1156,1170,1189,1190,1191,1192,1193,1207,1208,1236,1245,1246,1248,1286,1287,1288,1290,1291,1301,1302,1304,1305,1330,1331,1333,1334,1335,1336,1337,1338,1346,1347
75,75,141
40,41,127,130,135,174,476,522,533,534,571,572,578,581,617,619,625,626,627,630,661,662,663,665,666,667,668,669,671,673,674,675,707,708,709,711,750,751,752,753,754,756,757,758,759,760,761,797,798,802,803,804,805,806,830,844,847,848,849,850,851,855,890,891,893,894,895,896,897,938,939,940,941,942,945,967,983,984,985,986,987,988,989,990,1012,1031,1032,1033,1034,1035,1057,1071,1076,1077,1079,1080,1100,1101,1117,1118,1124,1125,1144,1145,1146,1147,1149,1155,1157,1162,1163,1189,1190,1191,1192,1193,1208,1215,1245,1251,1253,1254,1257,1259,1260,1286,1287,1290,1298,1301,1302,1303,1304,1305,1333,1334,1335,1337,1346,1347,1348
85,85,113
39,40,41,135,174,176,573,579,581,617,619,624,625,626,627,663,664,665,666,667,668,674,707,708,709,751,752,753,754,757,758,760,797,798,803,804,805,806,844,847,848,849,850,851,853,854,893,894,895,896,897,900,938,939,940,941,942,945,983,986,987,988,989,990,1013,1025,1031,1032,1033,1034,1035,1071,1076,1077,1078,1079,1080,1101,1106,1125,1146,1147,1150,1151,1152,1161,1162,1163,1170,1189,1190,1205,1208,1209,1215,1236,1248,1254,1256,1287,1296,1298,1299,1300,1301,1302,1303,1334,1335,1346,1347,1348,1349
74,74,235
37,39,41,84,90,129,130,135,173,174,176,293,477,522,533,563,564,572,573,579,580,581,609,616,617,618,619,623,625,626,627,630,661,662,663,664,665,666,667,668,669,671,672,674,675,704,705,706,707,708,709,710,711,712,713,717,749,750,751,752,753,754,755,756,757,758,759,760,761,762,784,785,790,797,798,799,802,803,804,805,806,807,809,829,830,839,842,843,844,847,848,849,850,851,853,854,855,875,876,882,884,885,888,890,891,892,893,894,895,896,897,900,920,921,935,936,937,938,939,940,941,942,945,968,976,977,981,983,986,987,988,989,990,1013,1025,1026,1028,1031,1032,1033,1034,1035,1057,1068,1071,1072,1076,1077,1078,1079,1080,1098,1101,1102,1105,1106,1117,1118,1119,1121,1122,1123,1124,1125,1144,1145,1146,1148,1149,1150,1151,1152,1153,1154,1155,1160,1161,1162,1163,1164,1165,1167,1168,1170,1188,1189,1190,1192,1193,1204,1205,1207,1208,1209,1215,1216,1234,1236,1241,1245,1246,1248,1252,1253,1254,1255,1256,1259,1260,1286,1287,1288,1290,1291,1296,1298,1299,1300,1301,1302,1303,1304,1305,1331,1333,1334,1335,1336,1337,1344,1345,1346,1347,1348,1349
131,131,239
38,39,40,41,83,84,127,129,135,174,175,212,213,257,288,394,428,465,470,521,522,563,564,567,572,573,579,580,581,607,608,609,610,616,617,619,623,624,625,626,627,630,655,661,662,663,664,665,666,667,668,671,674,675,699,700,703,704,705,706,707,708,709,710,711,712,713,714,741,750,751,752,753,754,755,756,757,758,759,760,761,785,790,796,797,798,799,803,804,805,806,807,809,829,830,831,836,837,842,843,844,847,848,849,850,851,854,855,875,876,882,885,888,890,891,893,894,895,896,897,900,919,921,922,933,935,936,937,938,939,940,941,942,945,966,967,976,980,985,986,987,988,989,990,1011,1013,1021,1022,1026,1027,1031,1032,1033,1034,1035,1057,1058,1071,1072,1077,1078,1079,1080,1098,1100,1101,1102,1103,1105,1106,1117,1118,1119,1122,1123,1124,1125,1144,1145,1146,1148,1149,1150,1151,1152,1154,1162,1163,1164,1165,1169,1170,1189,1190,1191,1193,1207,1208,1209,1210,1211,1214,1215,1235,1241,1245,1251,1253,1254,1255,1256,1257,1258,1259,1260,1286,1287,1288,1290,1291,1296,1298,1299,1300,1301,1302,1303,1304,1305,1330,1334,1335,1336,1337,1345,1346,1347,1348,1349
17,17,287
37,38,39,40,41,82,83,84,85,86,88,127,129,130,135,172,173,174,257,288,333,334,379,394,465,477,522,563,564,567,571,573,580,581,582,608,609,610,615,616,618,619,625,626,627,630,653,655,658,661,662,663,664,665,666,668,670,671,672,673,674,675,694,696,697,700,703,705,706,707,708,709,710,711,712,738,739,741,744,745,747,748,749,750,751,752,753,754,755,756,757,758,759,760,761,784,785,786,790,791,794,796,797,798,799,803,804,805,806,807,809,829,830,831,836,837,839,843,844,848,849,850,851,852,854,855,874,875,876,881,882,884,885,890,892,893,894,895,896,900,919,920,921,922,929,930,935,936,937,939,940,941,942,945,966,967,968,976,980,981,983,986,987,988,989,990,1000,1007,1010,1011,1012,1013,1021,1022,1025,1026,1027,1028,1031,1032,1033,1034,1055,1056,1057,1068,1071,1072,1073,1076,1077,1078,1079,1080,1098,1100,1102,1105,1106,1112,1114,1117,1118,1119,1122,1124,1125,1146,1147,1149,1150,1151,1152,1153,1162,1163,1164,1165,1167,1168,1169,1187,1188,1189,1190,1191,1192,1193,1204,1205,1207,1208,1209,1210,1211,1213,1215,1234,1235,1236,1241,1245,1246,1248,1251,1252,1253,1254,1255,1256,1258,1259,1281,1283,1284,1286,1287,1288,1290,1291,1292,1296,1297,1298,1299,1300,1301,1302,1303,1304,1317,1328,1329,1331,1333,1334,1335,1336,1337,1338,1344,1345,1346,1347,1348,1349,1350
59,59,280
38,39,40,83,85,127,129,130,135,174,288,293,333,379,424,425,465,510,533,534,556,562,563,564,567,573,579,580,581,607,608,609,610,615,616,617,618,619,623,625,626,627,630,653,655,659,660,661,662,663,664,665,666,667,668,671,672,673,674,675,694,699,700,701,703,704,705,706,707,708,709,710,711,712,716,738,741,744,745,746,747,750,751,752,753,754,755,756,757,758,759,760,761,784,785,786,789,790,791,796,797,798,799,802,803,804,806,827,828,829,830,831,836,837,839,840,842,843,844,847,848,849,850,851,852,854,855,872,874,875,876,881,882,884,885,888,890,891,892,893,894,895,896,900,919,920,921,922,929,930,935,936,939,940,941,942,945,963,964,966,967,968,976,980,981,983,986,987,988,990,1010,1011,1012,1013,1021,1022,1025,1026,1028,1031,1032,1033,1034,1035,1055,1056,1057,1068,1071,1072,1076,1077,1078,1079,1080,1097,1098,1100,1104,1105,1106,1108,1111,1112,1114,1117,1118,1122,1123,1125,1142,1144,1145,1146,1147,1148,1149,1150,1151,1152,1155,1156,1162,1163,1164,1165,1167,1168,1169,1170,1186,1187,1188,1189,1190,1193,1207,1208,1209,1210,1214,1215,1234,1236,1241,1242,1245,1246,1251,1254,1255,1256,1259,1260,1272,1284,1285,1288,1290,1291,1292,1296,1299,1300,1301,1302,1303,1304,1317,1329,1331,1333,1334,1335,1336,1337,1345,1346,1347,1348
78,78,22
671,705,752,759,798,806,844,848,850,851,893,895,942,987,1032,1033,1034,1241,1286,1329,1335,1336
14,14,331
35,38,39,40,81,82,83,84,85,104,126,127,128,129,130,131,171,172,173,174,175,176,194,220,221,240,287,314,378,379,384,385,404,425,426,428,429,470,475,477,515,520,521,522,561,562,563,564,567,571,574,581,606,607,608,609,613,615,616,618,619,621,627,630,652,653,654,658,659,660,661,663,665,666,667,668,669,670,671,672,673,674,675,696,697,700,701,703,704,705,706,707,708,709,710,711,713,714,715,716,717,741,742,744,749,750,751,752,753,757,758,759,760,761,786,787,788,789,790,791,797,798,799,802,803,804,805,806,807,809,831,832,833,834,835,836,837,839,841,842,843,847,848,849,850,851,852,853,854,855,876,877,878,880,881,882,885,887,891,892,893,894,895,896,897,900,921,922,923,924,925,926,933,938,939,940,941,942,945,965,966,967,968,969,971,979,980,985,986,987,988,989,990,994,1010,1011,1012,1014,1015,1016,1017,1020,1021,1023,1025,1028,1032,1033,1034,1035,1039,1055,1056,1057,1058,1059,1060,1067,1068,1071,1072,1077,1078,1079,1080,1103,1104,1105,1107,1108,1109,1114,1117,1118,1119,1122,1123,1124,1125,1139,1140,1142,1144,1146,1147,1149,1150,1151,1153,1155,1156,1162,1163,1164,1165,1166,1167,1168,1169,1182,1186,1187,1188,1189,1190,1191,1192,1193,1194,1195,1196,1204,1205,1207,1208,1209,1210,1211,1228,1231,1233,1234,1235,1236,1237,1240,1241,1248,1251,1252,1254,1255,1256,1264,1271,1272,1279,1280,1281,1282,1284,1285,1286,1287,1290,1291,1298,1299,1300,1301,1302,1303,1304,1316,1317,1324,1328,1329,1330,1331,1332,1333,1334,1335,1336,1339,1340,1342,1346,1347,1348
5,5,283
34,38,39,79,81,82,83,84,85,104,126,127,128,129,130,131,150,171,172,173,174,175,176,216,218,219,220,221,240,314,331,332,333,334,378,385,430,449,470,515,520,521,522,562,563,567,580,581,606,608,609,613,615,616,618,620,623,625,626,627,630,653,660,661,662,663,666,668,669,670,671,672,673,674,675,697,701,704,705,706,707,710,714,715,716,717,742,749,750,751,752,753,759,760,761,762,787,788,789,790,791,798,799,802,803,804,805,806,807,809,830,831,832,833,835,836,839,842,843,844,847,848,849,850,851,852,853,854,855,876,877,878,880,881,885,887,891,893,894,895,896,897,900,907,920,921,922,923,924,925,926,927,933,938,939,940,941,942,945,966,967,969,971,985,986,987,988,989,990,994,998,1010,1011,1012,1013,1014,1015,1016,1021,1026,1032,1033,1034,1035,1039,1055,1056,1057,1059,1060,1061,1062,1067,1068,1072,1077,1078,1079,1080,1102,1104,1105,1106,1107,1108,1112,1113,1114,1117,1122,1123,1124,1136,1139,1144,1147,1148,1149,1150,1151,1154,1155,1156,1162,1163,1164,1165,1166,1168,1175,1184,1185,1186,1187,1188,1190,1191,1192,1193,1194,1195,1196,1202,1208,1209,1210,1231,1233,1234,1235,1236,1237,1241,1248,1254,1256,1272,1279,1280,1281,1282,1285,1286,1290,1291,1298,1299,1301,1302,1328,1329,1330,1331,1332,1333,1334,1335,1336,1337,1342,1347,1348,1350
47,47,361
38,39,81,82,83,84,85,126,127,128,129,130,149,150,171,172,173,174,175,176,194,216,218,219,220,240,286,314,331,333,334,378,379,385,423,424,425,426,429,441,449,469,470,472,475,476,511,514,515,517,520,521,522,529,562,563,564,567,580,606,607,609,612,613,614,615,616,618,619,620,621,625,626,627,630,652,658,659,660,661,662,663,664,666,667,668,669,670,671,672,673,674,675,704,705,706,707,708,709,712,714,715,716,717,742,744,749,750,751,752,753,756,757,758,759,760,761,762,787,788,789,790,795,797,798,802,803,804,805,806,807,829,832,833,834,835,836,837,841,842,843,844,847,848,849,850,851,852,853,854,855,876,877,878,879,880,881,885,887,890,891,892,893,894,895,896,897,900,907,920,921,922,923,924,925,926,927,933,938,939,940,941,942,945,965,966,967,968,969,970,971,972,973,985,986,987,988,989,990,994,998,999,1010,1011,1012,1013,1014,1015,1016,1017,1018,1019,1020,1021,1023,1025,1026,1031,1032,1033,1034,1035,1055,1056,1057,1061,1062,1063,1064,1065,1067,1068,1073,1077,1078,1079,1080,1097,1099,1100,1101,1102,1104,1105,1106,1107,1108,1110,1111,1112,1113,1114,1117,1122,1123,1124,1125,1141,1144,1145,1146,1147,1148,1149,1150,1151,1153,1154,1155,1156,1157,1162,1163,1164,1165,1166,1167,1168,1169,1170,1181,1182,1184,1185,1186,1187,1188,1189,1190,1191,1192,1193,1194,1195,1196,1203,1204,1206,1207,1208,1209,1210,1211,1226,1228,1230,1231,1232,1233,1234,1235,1236,1237,1240,1241,1248,1251,1252,1253,1254,1255,1256,1272,1278,1279,1280,1281,1282,1283,1284,1286,1287,1290,1295,1298,1299,1300,1301,1302,1314,1317,1318,1320,1325,1328,1329,1330,1331,1332,1333,1334,1335,1336,1337,1338,1345,1346,1347,1348,1349,1350
51,51,307
38,39,40,81,83,84,85,126,127,128,129,130,171,173,174,175,176,194,197,220,221,240,286,332,333,334,378,379,423,425,429,430,449,469,470,472,476,514,515,520,521,522,529,562,563,564,566,567,607,612,613,616,618,619,620,626,630,653,658,660,661,662,666,667,668,669,670,671,672,673,674,675,704,705,706,707,708,709,710,712,714,715,716,717,738,744,750,751,752,753,755,756,757,759,760,761,762,788,789,790,797,798,804,805,806,807,809,831,832,833,834,835,836,841,842,843,844,847,848,849,850,851,852,854,855,876,877,878,879,880,881,882,885,887,890,891,892,893,894,895,896,897,900,921,922,923,924,925,926,927,933,938,939,940,941,942,945,953,955,965,966,967,968,969,970,971,972,985,986,987,988,990,1010,1011,1012,1013,1014,1015,1016,1017,1019,1021,1026,1031,1032,1033,1034,1035,1055,1056,1057,1059,1060,1061,1062,1063,1064,1065,1066,1067,1077,1078,1079,1080,1087,1088,1099,1100,1101,1102,1104,1105,1108,1109,1110,1111,1112,1113,1114,1117,1123,1124,1125,1142,1145,1146,1147,1148,1149,1150,1151,1153,1154,1155,1156,1159,1162,1163,1164,1165,1166,1169,1170,1182,1185,1186,1187,1188,1189,1190,1191,1193,1194,1195,1196,1205,1206,1207,1208,1209,1210,1211,1228,1232,1234,1235,1236,1237,1241,1251,1252,1254,1255,1256,1272,1274,1278,1279,1280,1281,1285,1286,1287,1288,1290,1295,1299,1300,1301,1317,1318,1319,1320,1326,1328,1329,1330,1331,1332,1333,1334,1335,1336,1337,1338,1346,1347
116,116,365
38,39,40,79,81,82,83,85,121,126,127,128,129,130,131,171,172,173,174,175,197,218,220,221,240,286,288,331,377,379,423,424,425,430,465,469,470,471,475,510,514,515,517,518,520,521,522,560,562,563,565,566,567,574,606,607,612,613,615,616,618,619,623,626,627,630,652,653,657,658,659,660,661,662,663,664,665,666,667,669,670,671,672,673,674,675,692,703,704,705,706,707,708,709,710,711,712,714,715,716,717,742,744,749,750,751,752,753,755,758,759,760,761,762,783,784,786,788,789,795,797,798,804,805,806,807,809,830,831,832,833,834,835,841,842,843,844,847,848,849,851,852,854,874,875,876,877,878,879,880,881,882,885,887,890,891,892,893,894,895,896,897,900,907,917,919,920,921,922,923,924,925,926,927,931,933,939,940,941,942,945,953,955,963,964,965,966,967,968,969,970,971,972,979,984,985,986,987,988,989,990,994,998,1000,1010,1011,1012,1013,1014,1015,1016,1017,1018,1019,1023,1024,1031,1032,1033,1034,1035,1039,1055,1056,1057,1059,1060,1061,1062,1063,1064,1065,1067,1068,1071,1077,1078,1079,1080,1087,1089,1097,1100,1101,1102,1104,1105,1108,1109,1110,1111,1112,1113,1117,1118,1121,1123,1124,1125,1136,1142,1144,1145,1146,1147,1148,1149,1150,1151,1153,1154,1155,1156,1157,1162,1163,1164,1165,1166,1169,1170,1182,1186,1187,1188,1189,1190,1191,1192,1193,1194,1195,1196,1201,1204,1205,1206,1207,1208,1209,1210,1211,1212,1214,1222,1228,1230,1232,1233,1234,1235,1236,1237,1241,1245,1248,1251,1252,1253,1254,1255,1256,1264,1272,1274,1275,1278,1279,1280,1284,1285,1286,1287,1288,1289,1290,1299,1300,1301,1302,1309,1310,1315,1317,1318,1319,1320,1321,1323,1324,1326,1328,1329,1330,1333,1334,1335,1336,1337,1343,1346,1347,1348,1349,1350
42,42,366
38,39,40,79,81,82,83,84,121,126,127,128,129,130,149,165,166,171,172,173,174,194,195,216,220,221,240,261,265,288,312,333,376,377,379,420,423,424,425,430,441,449,465,468,469,472,476,487,500,510,511,514,515,516,520,521,529,561,562,563,564,567,574,580,606,607,612,613,615,616,618,619,620,625,630,658,660,661,662,663,664,665,666,667,668,669,670,671,672,673,674,675,703,704,705,706,707,708,709,710,712,714,715,716,717,738,749,750,751,752,753,755,757,758,759,760,761,762,784,786,789,790,796,797,798,803,804,805,806,807,829,830,831,833,834,841,842,843,844,847,848,849,851,852,854,855,875,876,877,878,879,880,881,887,890,891,892,893,894,895,896,897,900,907,918,920,921,922,923,924,925,926,933,938,939,940,941,942,945,953,955,961,962,963,964,965,966,967,968,969,970,971,972,973,979,984,985,986,987,988,989,990,994,998,1007,1010,1011,1012,1013,1014,1015,1016,1017,1018,1019,1025,1031,1032,1033,1034,1035,1039,1055,1056,1057,1059,1060,1061,1062,1063,1064,1065,1066,1067,1068,1071,1077,1078,1079,1080,1088,1097,1099,1100,1101,1102,1104,1105,1108,1109,1110,1111,1112,1117,1121,1123,1124,1125,1136,1142,1144,1145,1146,1147,1148,1149,1150,1151,1153,1154,1155,1156,1157,1158,1162,1163,1164,1169,1170,1175,1181,1182,1187,1188,1189,1190,1191,1193,1194,1195,1196,1197,1199,1200,1201,1202,1203,1204,1205,1206,1207,1208,1209,1210,1211,1213,1214,1225,1228,1232,1233,1234,1235,1236,1237,1241,1242,1245,1246,1251,1252,1253,1254,1255,1256,1264,1272,1274,1279,1280,1281,1282,1285,1286,1287,1290,1299,1300,1301,1302,1308,1309,1310,1315,1318,1319,1321,1324,1326,1328,1329,1330,1331,1332,1333,1334,1335,1336,1337,1341,1342,1343,1345,1346,1347,1350
117,117,353
34,38,39,81,82,83,84,85,126,128,129,130,149,171,172,173,174,175,194,195,216,217,219,220,221,254,262,324,359,373,379,404,420,422,430,465,469,510,511,514,515,517,522,528,529,561,563,566,568,574,582,607,612,616,618,619,620,625,626,627,630,658,659,660,661,662,663,664,665,666,667,668,669,670,671,672,673,674,675,691,692,699,703,704,705,706,707,708,709,710,712,714,715,716,717,737,742,744,745,749,750,751,752,753,756,759,760,761,762,783,786,795,796,797,798,802,804,805,806,807,809,830,831,832,833,836,841,842,843,844,847,848,849,851,852,853,854,855,872,874,875,876,877,878,879,880,881,887,890,891,892,893,894,895,896,897,900,918,919,920,921,922,923,924,925,926,932,933,938,939,940,941,942,945,953,955,962,964,965,966,967,968,969,970,971,972,980,984,985,986,987,988,989,990,994,998,1007,1009,1010,1011,1012,1013,1014,1015,1016,1017,1018,1019,1025,1031,1032,1033,1034,1035,1055,1056,1057,1059,1060,1061,1062,1063,1064,1065,1068,1077,1078,1079,1080,1099,1100,1101,1102,1103,1104,1105,1108,1109,1110,1111,1112,1117,1121,1123,1124,1125,1136,1142,1144,1145,1146,1147,1148,1149,1150,1151,1153,1154,1155,1156,1157,1158,1162,1163,1164,1166,1167,1168,1169,1170,1181,1182,1187,1188,1189,1190,1191,1192,1193,1194,1195,1196,1199,1200,1201,1202,1203,1204,1206,1207,1208,1209,1213,1214,1225,1228,1232,1233,1234,1235,1236,1237,1241,1245,1246,1247,1248,1251,1252,1253,1254,1255,1256,1257,1264,1272,1279,1280,1281,1285,1286,1287,1290,1291,1296,1298,1299,1300,1301,1302,1308,1309,1310,1313,1315,1317,1319,1321,1323,1324,1329,1330,1331,1332,1333,1334,1335,1336,1337,1343,1344,1346,1347
33,33,302
38,39,82,83,125,126,127,128,129,171,172,173,174,175,216,217,218,219,220,385,420,422,449,465,469,494,510,514,515,518,520,522,528,529,566,567,580,582,612,613,618,619,620,623,625,626,627,630,658,659,660,661,662,663,664,665,666,667,668,669,671,672,673,674,675,691,692,703,704,705,706,707,708,709,710,711,712,714,715,716,717,734,737,742,744,745,749,750,751,752,753,755,759,760,761,762,796,797,798,804,805,806,807,831,842,843,844,847,848,849,851,852,854,855,872,876,877,878,881,887,890,891,893,894,895,896,897,900,907,918,919,920,921,922,923,925,926,938,939,940,941,942,945,962,963,964,965,966,967,968,969,970,971,972,979,980,984,985,986,987,988,989,990,1007,1009,1011,1012,1013,1014,1015,1016,1017,1018,1031,1032,1033,1034,1035,1055,1056,1057,1059,1060,1061,1062,1063,1064,1065,1077,1078,1079,1080,1089,1097,1099,1100,1101,1102,1103,1104,1105,1107,1108,1109,1110,1111,1117,1124,1125,1136,1142,1144,1145,1146,1147,1148,1149,1150,1151,1153,1155,1156,1157,1158,1162,1163,1164,1169,1170,1181,1182,1187,1188,1189,1190,1191,1192,1193,1194,1195,1196,1197,1199,1200,1201,1202,1203,1204,1207,1208,1209,1210,1214,1233,1235,1236,1237,1241,1245,1249,1251,1252,1253,1254,1255,1256,1257,1264,1279,1280,1281,1282,1285,1286,1287,1290,1296,1298,1299,1300,1301,1302,1309,1310,1311,1313,1315,1321,1324,1329,1330,1331,1332,1333,1334,1335,1336,1337,1343,1345,1346,1347
99,99,33
58,69,191,237,282,327,373,416,418,531,827,838,884,1016,1106,1199,1200,1201,1203,1204,1245,1246,1247,1248,1249,1250,1251,1292,1293,1294,1295,1296,1297
14,14,180
38,39,82,83,120,123,126,127,128,129,162,169,171,173,174,175,209,216,217,219,262,264,431,478,495,525,540,566,568,569,571,572,580,581,582,585,614,625,626,627,630,659,660,662,671,673,675,692,704,705,706,707,716,717,719,720,748,749,750,751,752,759,760,761,762,790,796,797,805,806,807,808,809,841,842,851,852,853,855,876,877,879,887,894,895,896,897,900,915,920,921,941,942,945,965,966,970,972,987,988,989,990,1011,1012,1013,1032,1033,1034,1035,1055,1056,1057,1058,1059,1063,1101,1104,1105,1109,1110,1144,1146,1147,1148,1149,1150,1151,1152,1156,1157,1161,1168,1188,1189,1190,1191,1192,1193,1194,1195,1196,1197,1198,1201,1208,1209,1210,1225,1226,1227,1235,1236,1237,1240,1253,1255,1256,1257,1272,1273,1280,1281,1282,1286,1290,1300,1301,1302,1326,1327,1328,1329,1330,1331,1332,1333,1334,1335,1336,1346
34,34,116
82,83,126,127,163,173,216,568,585,616,626,627,630,659,674,675,704,705,707,717,719,720,750,751,752,759,760,761,762,764,796,804,805,806,807,808,809,831,842,849,851,852,853,855,876,877,887,895,897,900,920,921,941,942,945,965,967,970,986,987,988,989,990,1012,1033,1057,1058,1059,1100,1103,1104,1107,1146,1147,1148,1149,1150,1152,1156,1189,1192,1193,1194,1195,1196,1197,1198,1202,1209,1227,1235,1236,1237,1238,1239,1254,1255,1256,1257,1272,1273,1280,1281,1282,1286,1301,1302,1329,1330,1331,1332,1333,1334,1335,1343,1346
14,14,174
38,120,126,127,171,172,173,216,217,219,252,264,307,356,478,480,521,523,524,566,568,570,582,585,613,614,616,625,626,627,630,659,660,661,662,670,671,672,673,674,675,704,705,706,707,716,717,719,720,737,748,749,750,751,759,760,761,762,764,765,787,795,797,805,806,807,808,809,841,842,851,852,853,855,887,888,897,900,921,922,932,942,945,965,966,967,969,970,971,988,990,1011,1012,1013,1014,1015,1032,1033,1034,1035,1057,1058,1059,1061,1079,1100,1101,1103,1104,1105,1106,1107,1109,1146,1147,1148,1149,1150,1154,1155,1156,1181,1182,1189,1191,1192,1193,1194,1195,1196,1197,1198,1202,1203,1209,1227,1235,1236,1237,1240,1241,1246,1248,1251,1253,1254,1256,1257,1272,1273,1280,1281,1282,1286,1288,1290,1297,1299,1300,1301,1302,1326,1331,1332,1333,1334,1335,1336,1337,1338,1339,1341,1343,1346
119,119,209
76,82,120,126,127,171,172,194,209,215,216,217,219,252,254,260,264,298,304,305,351,395,433,480,520,522,523,524,525,566,567,568,569,570,581,585,613,614,615,616,625,627,628,630,659,660,662,670,671,673,675,704,705,716,717,719,720,749,750,751,759,760,761,762,764,765,782,783,788,790,795,805,806,807,808,809,810,827,828,841,842,849,851,852,853,854,876,877,881,888,897,920,921,922,923,924,925,926,932,942,945,966,968,969,970,971,988,989,990,1011,1012,1013,1014,1015,1016,1033,1034,1055,1057,1058,1059,1061,1062,1063,1079,1098,1099,1100,1101,1102,1103,1104,1105,1106,1107,1109,1124,1144,1146,1147,1148,1149,1150,1154,1155,1156,1157,1169,1181,1182,1189,1190,1191,1192,1193,1194,1195,1196,1198,1200,1201,1202,1203,1227,1235,1236,1237,1238,1239,1240,1241,1245,1251,1252,1253,1254,1256,1257,1272,1273,1280,1281,1282,1285,1289,1290,1291,1292,1293,1295,1296,1299,1300,1301,1302,1329,1331,1332,1333,1334,1335,1336,1337,1338,1339,1341,1343,1346,1347
1,1,146
127,171,209,254,350,523,524,525,566,567,568,569,570,613,615,619,625,626,627,630,659,660,671,672,673,675,676,704,705,716,717,720,750,751,759,760,761,762,764,765,783,795,797,805,806,807,808,809,842,851,852,853,873,876,881,897,920,921,922,926,942,965,966,968,969,971,988,990,1011,1012,1013,1014,1015,1033,1034,1056,1057,1058,1059,1060,1061,1078,1100,1101,1102,1104,1105,1106,1107,1124,1146,1147,1148,1149,1150,1155,1156,1182,1189,1190,1191,1192,1193,1194,1195,1196,1200,1201,1202,1227,1235,1236,1237,1238,1240,1245,1246,1247,1253,1256,1257,1272,1280,1281,1285,1289,1290,1292,1293,1296,1299,1300,1301,1302,1326,1331,1332,1333,1334,1335,1336,1337,1338,1343,1346,1347
137,137,39
615,705,716,751,760,761,805,806,807,851,852,895,897,942,1057,1058,1104,1146,1147,1148,1149,1150,1182,1191,1192,1193,1194,1195,1196,1227,1236,1237,1281,1292,1301,1302,1334,1335,1337
25,25,47
614,704,705,716,750,751,760,761,805,806,842,851,897,942,969,1011,1014,1061,1104,1106,1107,1144,1146,1147,1148,1149,1150,1189,1191,1192,1193,1194,1195,1196,1201,1202,1227,1236,1237,1281,1299,1300,1301,1302,1334,1335,1336
91,91,52
25,27,29,38,39,40,41,42,43,44,45,48,49,70,71,84,86,87,88,89,90,95,131,132,133,134,135,157,173,176,177,178,179,180,203,204,221,222,223,224,225,247,248,268,269,270,292,293,314,315,360,405
62,62,118
20,21,22,37,39,40,41,42,43,44,45,49,65,66,67,77,82,83,84,85,86,87,88,89,90,110,111,113,120,121,122,129,130,131,132,133,134,135,156,163,164,165,175,176,177,178,179,180,204,208,209,221,222,223,224,225,252,253,267,268,269,270,297,313,314,315,327,339,360,384,402,403,404,405,447,448,449,450,471,472,473,492,493,517,518,562,563,564,565,610,611,612,656,786,787,831,832,833,878,879,924,925,970,1143,1188,1233,1335,1336,1337,1338,1339,1340,1341,1342,1343,1344,1345,1346
87,87,150
3,5,25,26,28,29,30,31,32,33,34,35,36,37,38,39,40,41,42,43,44,45,46,47,49,50,51,67,68,70,71,73,74,75,76,77,78,79,80,81,82,83,84,85,86,87,88,89,90,91,92,93,113,114,116,118,119,120,121,122,123,124,125,126,127,128,129,130,131,132,133,134,135,159,160,165,166,168,169,170,171,172,173,174,175,176,177,178,179,180,202,204,210,214,216,217,218,219,220,221,222,223,224,225,260,261,262,263,264,265,266,267,268,269,270,294,307,308,309,310,311,312,313,314,315,338,353,354,355,356,357,358,359,360,399,400,401,402,403,404,405,446,447,448,449,450,494,495,539,540
123,123,175
19,20,21,22,23,24,25,26,27,28,29,30,31,32,33,34,35,36,37,38,39,40,41,42,43,44,45,49,67,68,69,70,71,72,73,74,75,76,77,78,79,80,81,82,83,84,85,86,87,88,89,90,91,113,114,115,116,117,118,119,120,121,122,123,124,125,126,127,128,129,130,131,132,133,134,135,158,159,161,162,163,164,165,166,167,168,169,170,171,172,173,174,175,176,177,178,179,180,210,211,212,213,214,215,216,217,218,219,220,221,222,223,224,225,257,258,259,260,261,262,263,264,265,266,267,268,269,270,302,304,305,306,307,308,309,310,311,312,313,314,315,352,353,354,355,356,357,358,359,360,397,399,400,401,402,403,404,405,442,443,445,446,447,448,449,450,492,493,494,495,538,539,540,584,585
68,68,209
14,16,17,18,19,20,21,22,23,24,25,26,27,28,29,30,31,32,33,34,35,36,37,38,39,40,41,42,43,44,45,61,62,63,64,65,66,67,68,69,70,71,72,73,74,75,76,77,78,79,80,81,82,83,84,85,86,87,88,89,90,106,107,109,112,113,114,115,116,117,118,119,120,121,122,123,124,125,126,127,128,129,130,131,132,133,134,135,157,158,159,160,161,162,163,164,165,166,167,168,169,170,171,172,173,174,175,176,177,178,179,180,203,209,210,211,212,213,214,215,216,217,218,219,220,221,222,223,224,225,248,255,256,257,258,259,260,261,262,263,264,265,266,267,268,269,270,302,303,304,305,306,307,308,309,310,311,312,313,314,315,336,347,349,350,351,352,353,354,355,356,357,358,359,360,396,397,398,399,400,401,402,403,404,405,442,443,444,445,446,447,448,449,450,489,490,491,492,493,494,495,536,538,539,540,583,584,585,629
116,116,238
5,6,7,8,9,10,11,12,13,14,15,16,17,18,19,20,21,22,23,24,25,26,27,28,29,30,31,32,33,34,35,36,37,38,39,40,41,42,43,44,45,49,53,54,55,56,58,59,61,62,63,64,65,66,67,68,69,70,71,72,73,74,75,76,77,78,79,80,81,82,83,84,85,86,87,88,89,90,106,107,108,109,110,111,112,113,114,115,116,117,118,119,120,121,122,123,124,125,126,127,128,129,130,131,132,133,134,135,156,157,158,159,160,161,162,163,164,165,166,167,168,169,170,171,172,173,174,175,176,177,178,179,180,200,203,205,206,209,210,211,212,213,214,215,216,217,218,219,220,221,222,223,224,225,250,251,254,255,256,257,258,259,260,261,262,263,264,265,266,267,268,269,270,298,299,300,301,302,303,304,305,306,307,308,309,310,311,312,313,314,315,346,347,349,350,351,352,353,354,355,356,357,358,359,360,392,395,396,397,398,399,400,401,402,403,404,405,441,442,443,444,445,446,448,449,450,488,489,490,491,492,493,494,495,538,539,540,584
138,138,267
1,2,3,4,5,6,7,8,9,10,11,12,13,14,15,16,17,18,19,20,21,22,23,24,25,26,27,28,29,30,31,32,33,34,35,36,37,38,39,41,42,43,44,45,46,47,48,49,50,51,52,53,54,55,56,57,58,59,60,61,62,63,64,65,66,67,68,69,70,71,72,73,74,75,76,77,78,79,80,81,82,83,84,86,87,88,89,90,93,94,95,96,97,98,99,100,101,102,103,104,105,106,107,108,109,110,111,112,113,114,115,116,117,118,119,120,121,122,123,124,125,126,127,128,129,130,131,132,133,134,135,143,144,145,146,147,148,149,150,152,153,154,155,157,158,159,160,161,162,163,164,165,166,167,168,169,170,171,172,173,174,175,176,177,178,179,180,198,200,202,203,205,206,209,210,211,212,213,214,215,216,217,218,219,220,221,222,223,224,225,246,250,251,254,255,256,257,258,259,260,261,262,263,264,265,266,267,268,269,270,299,300,301,302,303,304,305,306,307,308,309,310,311,312,313,314,315,345,346,347,348,349,350,351,352,353,354,355,356,357,358,360,391,392,393,395,396,397,398,399,400,401,402,403,436,441,442,443,445,446,447,449,490,491,494,495,540
34,34,292
1,2,3,4,5,6,7,8,9,10,11,12,13,14,15,16,17,18,19,20,21,22,23,24,25,26,27,28,29,32,46,47,48,49,50,51,52,53,54,55,56,57,58,59,60,61,62,63,64,65,66,67,68,69,70,71,72,73,74,76,77,86,87,88,90,91,92,93,94,95,96,97,98,99,100,101,102,103,104,105,106,107,108,109,110,111,112,113,114,115,116,117,118,119,120,121,122,123,132,133,134,135,136,137,138,139,140,141,142,143,144,145,146,147,148,149,150,151,152,153,154,155,156,157,158,159,160,164,165,166,167,168,169,170,175,176,177,178,179,180,181,182,183,184,185,186,187,188,189,190,191,192,193,194,195,196,197,198,199,200,201,202,203,204,209,210,211,212,213,214,215,216,217,218,221,222,223,224,225,228,229,230,231,234,235,236,237,238,239,240,243,244,245,246,247,248,249,250,251,254,255,256,257,258,259,260,261,262,263,264,265,266,267,268,269,270,276,281,283,284,289,291,292,295,296,298,299,300,301,302,303,304,305,306,307,308,309,310,311,312,313,314,315,343,344,345,346,347,348,349,350,351,352,353,354,355,356,358,388,389,390,391,392,393,394,395,396,397,398,399,400,435,436,439,440,441,442,443,444,445,446,481,485,486,487,488,489,490,491,536,537,583
34,34,297
1,2,3,4,5,6,7,8,9,10,11,12,13,14,15,16,17,18,19,20,21,22,23,24,25,46,47,48,49,50,51,52,53,54,55,56,57,58,59,60,61,62,63,64,65,66,67,68,69,91,92,93,94,95,96,97,98,99,100,101,102,103,104,105,106,107,108,109,110,111,112,113,114,115,132,136,137,138,139,140,141,142,143,144,145,146,147,148,149,150,151,152,153,154,155,156,157,158,159,160,176,177,179,181,182,183,184,185,186,187,188,189,190,191,192,193,194,195,196,197,198,199,200,201,202,203,204,210,211,221,222,223,224,225,226,227,228,229,230,231,232,233,234,235,236,237,238,239,240,241,242,243,244,245,246,247,248,250,254,255,256,267,268,269,270,271,272,273,274,275,276,277,278,279,280,281,282,283,284,285,286,287,288,289,290,291,292,295,299,300,301,302,305,306,308,309,313,314,315,316,317,318,319,320,321,322,323,324,325,326,327,328,329,330,331,332,333,334,335,336,337,343,344,345,346,347,348,349,350,351,352,353,354,355,361,362,363,365,366,367,368,369,371,372,373,374,375,376,378,379,380,381,386,387,388,389,390,391,392,393,395,396,397,400,408,418,426,432,433,434,435,436,437,438,439,442,443,444,446,477,478,479,480,481,482,483,485,486,487,491,529,530,531,532,533,579,580
60,60,289
1,2,3,4,5,6,7,8,9,10,11,12,13,14,15,16,46,47,48,49,50,51,52,53,54,55,56,57,58,59,60,61,62,63,68,91,92,93,94,95,96,97,98,99,100,101,102,103,104,105,106,107,108,109,110,113,136,137,138,139,140,141,142,143,144,145,146,147,148,149,150,151,152,153,154,155,156,157,158,159,181,182,183,184,185,186,187,188,189,190,191,192,193,194,195,196,197,198,199,200,201,202,203,204,221,222,226,227,228,229,230,231,232,233,234,235,236,237,238,239,240,241,242,243,244,245,246,247,250,267,268,271,272,273,274,275,276,277,278,279,280,281,282,283,284,285,286,287,288,289,290,291,292,315,316,317,318,319,320,321,322,323,324,325,326,327,328,329,330,331,332,333,334,335,336,337,345,361,362,363,364,365,366,367,368,369,370,371,372,373,374,375,376,377,378,379,380,381,382,390,393,395,406,407,408,409,410,411,412,413,414,415,416,417,418,419,420,421,422,423,424,425,432,433,435,436,437,451,452,453,454,455,456,457,458,459,460,461,462,463,464,465,466,468,476,477,478,479,480,481,482,485,496,497,498,499,500,501,502,503,504,507,508,509,510,511,523,524,525,526,527,530,531,541,542,544,545,546,547,553,568,569,570,571,572,573,574,575,576
139,139,254
1,2,3,4,7,8,46,47,48,49,50,51,52,63,68,91,92,93,94,95,96,97,98,99,100,101,103,105,106,107,136,137,138,139,140,141,142,143,144,145,146,147,148,181,182,183,184,185,186,187,188,189,190,191,192,193,194,199,200,204,226,227,228,229,230,231,232,233,234,235,236,237,238,239,240,242,243,245,246,247,250,271,272,273,274,275,276,277,278,279,280,281,282,283,284,285,287,288,289,291,292,316,317,318,319,320,321,322,323,324,325,326,327,328,329,330,331,332,333,336,337,361,362,363,364,365,366,367,368,369,370,371,372,373,374,375,376,377,378,382,406,407,408,409,410,411,412,413,414,415,416,417,418,419,420,429,436,451,452,453,454,455,456,457,458,459,460,461,462,463,464,465,467,468,496,497,498,499,500,501,502,503,504,505,506,507,508,509,510,513,523,524,525,541,542,543,544,545,546,547,549,550,551,552,553,558,559,569,570,571,586,587,588,589,590,591,592,594,595,596,597,598,604,614,615,616,631,632,633,634,635,636,637,641,642,646,676,677,678,679,680,681,682,683,686,687,691,692,721,722,723,726,747,766
71,71,224
94,95,181,182,183,184,185,189,226,227,228,229,230,231,232,233,234,235,271,272,273,274,275,276,277,278,279,280,281,282,283,316,317,318,319,320,321,322,323,324,325,326,327,328,329,330,361,362,363,364,365,366,367,368,369,370,371,372,373,374,375,406,407,408,409,410,411,412,413,414,415,416,417,418,419,420,421,451,452,453,454,455,456,457,458,459,460,461,462,463,464,465,466,467,496,497,498,499,500,501,502,503,504,505,506,507,508,509,510,511,512,541,542,543,544,545,546,547,548,549,550,551,552,553,554,555,556,586,587,588,589,590,591,592,593,594,595,596,597,598,599,600,601,602,604,631,632,633,634,635,636,637,638,639,640,641,642,643,644,645,646,676,677,678,679,680,681,682,683,684,685,686,687,688,689,690,691,721,722,723,724,725,726,727,728,729,730,731,732,733,736,766,767,768,769,770,771,772,773,774,775,776,777,778,811,812,813,814,815,818,819,820,821,822,856,857,858,859,860,862,901,902,946,1036
123,123,184
275,276,317,321,361,362,363,364,365,366,369,406,407,408,409,410,411,412,413,414,415,451,452,453,454,455,456,457,458,459,460,461,462,496,497,498,499,500,501,502,503,504,505,506,507,508,509,541,542,543,544,545,546,547,548,549,550,551,552,553,554,555,586,587,588,589,590,591,592,593,594,595,596,597,598,599,600,631,632,633,634,635,636,637,638,639,640,641,642,643,645,646,676,677,678,679,680,681,682,683,684,685,686,687,688,689,690,691,721,722,723,724,725,726,727,728,729,730,731,732,733,736,766,767,768,769,770,771,772,773,774,775,776,777,778,779,811,812,813,814,815,816,817,818,819,820,821,822,856,857,858,859,860,861,862,863,864,865,867,868,901,902,903,904,905,906,907,908,911,912,946,947,948,949,950,953,991,992,993,994,995,997,1036,1038
35,35,141
362,406,408,409,410,451,454,455,496,497,499,500,501,541,542,543,544,545,546,549,586,587,588,589,590,591,592,631,632,633,634,635,636,637,638,639,640,641,642,676,677,678,679,680,681,682,683,684,685,686,687,688,721,722,723,724,725,726,727,728,729,730,731,732,733,766,767,768,769,770,771,772,773,774,775,776,777,811,812,813,814,815,816,817,818,819,820,821,822,856,857,858,859,860,861,862,863,864,865,866,867,901,902,903,904,905,906,907,908,909,910,911,912,913,946,947,948,949,950,951,952,953,991,992,993,994,995,996,997,1036,1037,1038,1039,1040,1042,1081,1082,1083,1084,1126,1127
69,69,92
454,545,637,676,679,680,681,721,722,723,724,725,726,727,728,766,767,768,769,770,771,772,773,774,775,776,777,811,812,813,814,815,816,817,818,819,820,821,856,857,858,859,860,861,862,863,864,865,866,867,901,902,903,904,905,906,907,908,946,947,948,949,950,951,952,953,991,992,993,994,995,996,997,998,1036,1037,1038,1039,1040,1041,1042,1081,1082,1083,1084,1085,1086,1126,1127,1171,1216,1217
33,33,70
680,725,726,813,856,857,858,860,864,901,902,903,904,905,907,912,946,947,948,949,950,951,952,953,991,992,993,994,995,996,997,1036,1037,1038,1039,1040,1041,1042,1081,1082,1083,1084,1085,1086,1087,1088,1126,1127,1128,1129,1130,1131,1132,1133,1171,1172,1173,1174,1175,1177,1216,1217,1218,1219,1261,1262,1263,1264,1306,1307
38,38,60
270,313,314,315,680,725,856,901,946,947,991,992,993,997,1036,1037,1038,1039,1041,1042,1081,1082,1083,1084,1085,1086,1087,1088,1126,1127,1128,1129,1130,1131,1132,1171,1172,1173,1174,1175,1176,1177,1178,1179,1216,1217,1218,1219,1220,1221,1222,1261,1262,1263,1265,1306,1307,1308,1309,1310
114,114,60
134,135,179,180,223,224,225,268,269,270,313,314,315,354,355,356,357,358,359,360,399,400,401,402,403,405,444,445,446,448,449,492,494,585,946,947,991,992,1036,1082,1083,1127,1128,1171,1172,1174,1175,1216,1217,1218,1219,1220,1261,1262,1263,1264,1306,1307,1308,1309
111,111,61
45,89,90,133,134,135,177,178,179,180,221,222,223,224,225,264,266,267,268,269,270,306,307,308,309,310,311,312,313,314,315,352,353,354,355,356,357,358,359,360,396,397,398,399,400,401,402,403,404,442,443,445,446,447,448,488,495,540,946,991,1262
37,37,86
41,42,43,44,45,85,86,87,88,89,90,131,132,133,134,135,175,176,177,178,179,180,218,219,220,221,222,223,224,225,261,262,263,264,265,266,267,268,269,270,304,305,306,307,308,309,310,311,312,313,315,349,350,351,352,353,354,355,356,359,360,393,394,395,396,397,398,399,400,404,405,439,440,442,443,446,447,448,449,485,487,491,492,493,494,537
33,33,104
37,38,39,40,41,42,43,44,45,81,82,83,84,85,86,87,88,89,90,125,126,127,128,129,130,131,132,133,134,135,171,172,173,174,175,176,177,178,179,180,214,215,216,217,218,219,220,221,222,223,224,225,258,259,260,261,262,263,264,265,266,267,268,269,270,302,303,304,305,306,307,308,309,310,312,313,314,315,348,349,350,351,352,353,354,355,356,357,359,393,395,396,397,398,399,400,435,439,442,443,444,445,446,488
127,127,130
34,35,36,37,38,39,40,41,42,43,44,45,78,79,80,81,82,83,84,85,86,87,88,89,90,122,123,124,125,126,127,128,129,130,131,132,133,134,135,166,167,168,169,170,171,172,173,174,175,176,177,178,179,180,210,211,212,213,214,215,216,217,218,219,220,221,222,223,254,255,256,257,258,259,260,261,262,263,264,265,266,267,299,300,301,302,303,304,305,306,307,308,309,310,344,345,346,347,348,349,350,351,352,353,354,355,388,389,390,391,392,393,394,395,396,397,398,400,433,434,435,436,437,439,440,441,479,480,483,485
89,89,171
30,31,32,33,34,35,36,37,38,39,40,41,42,43,44,45,74,75,76,77,78,79,80,81,82,83,84,85,86,87,88,89,90,118,119,120,121,122,123,124,125,126,127,128,129,130,131,132,134,163,164,165,166,167,168,169,170,171,172,173,174,175,176,177,204,207,208,209,210,211,212,213,214,215,216,217,218,219,220,221,222,250,251,252,253,254,255,256,257,258,259,260,261,262,263,264,265,295,296,297,298,299,300,301,302,303,304,305,306,307,308,309,311,341,342,343,344,345,346,347,348,349,350,351,352,353,354,386,387,388,389,390,391,392,393,394,395,396,397,399,431,433,434,435,436,437,438,439,440,441,477,478,479,480,481,482,483,484,523,524,525,567,568,569,570,571,604,612,613,614,657
97,97,208
22,23,24,25,26,27,28,29,30,31,32,33,34,35,36,37,38,39,40,41,42,43,67,68,69,70,71,72,73,74,75,76,77,78,79,80,81,82,83,84,85,86,87,112,113,114,115,116,117,118,119,120,121,122,123,124,125,126,127,128,129,130,132,157,158,159,161,162,163,164,165,166,167,168,169,170,171,172,173,174,175,200,202,203,204,205,206,207,208,209,210,211,212,213,214,215,216,217,218,219,246,247,249,250,251,252,253,254,255,256,257,258,259,260,261,262,263,291,292,293,294,295,296,297,298,299,300,301,302,303,304,305,306,307,308,335,336,337,340,341,342,343,344,345,346,347,348,349,350,351,352,353,379,380,381,383,384,386,387,388,389,390,391,392,393,394,395,425,426,427,428,431,432,433,434,435,436,437,439,440,470,471,472,476,477,478,479,480,515,521,522,523,524,525,526,558,559,561,562,566,567,569,603,604,607,611,612,698
23,23,242
19,20,21,22,23,24,25,26,27,28,29,30,31,32,33,34,35,36,37,38,39,42,64,65,66,67,68,69,70,71,72,73,74,75,76,77,78,79,80,81,82,83,84,85,107,108,109,110,111,112,113,114,115,116,117,118,119,120,121,122,123,124,125,126,127,128,153,154,155,156,157,158,159,160,161,162,163,164,165,166,167,168,169,170,171,198,199,200,201,202,203,204,205,206,207,208,209,210,211,212,213,214,243,244,245,246,247,248,249,250,251,252,253,254,255,256,257,258,288,289,290,291,292,294,295,296,297,298,299,300,301,331,332,333,334,335,336,337,338,340,341,342,343,344,345,346,375,376,377,378,379,380,381,382,386,387,388,389,390,391,420,421,422,423,424,425,426,427,430,431,432,433,434,435,465,466,467,468,469,470,471,472,473,474,475,476,477,478,479,510,511,512,513,514,515,516,517,519,520,522,523,553,554,555,556,557,558,559,562,563,567,599,600,601,602,603,604,643,644,645,646,647,652,687,688,689,690,691,732,733,734,735,777,778,779,788,821,822,823,866,867,912
139,139,267
13,14,15,16,17,18,19,20,21,22,23,24,25,26,27,28,29,30,31,32,33,34,35,58,59,60,61,62,63,64,65,66,67,68,69,70,71,72,74,75,76,77,78,79,80,104,105,106,107,108,109,110,111,112,113,114,115,116,117,118,119,120,121,122,123,149,150,151,152,153,154,155,156,157,158,159,160,161,162,164,165,166,167,193,194,195,196,197,198,199,200,201,202,203,204,205,206,207,208,209,210,211,238,239,240,241,242,243,244,245,246,247,249,250,251,252,253,254,255,283,284,285,286,287,288,289,290,291,292,294,295,296,297,298,299,328,329,330,331,332,333,334,335,336,337,338,339,341,342,343,372,373,374,375,376,377,378,379,380,381,382,383,386,387,388,416,417,418,419,420,421,422,423,424,425,426,428,431,432,462,463,464,465,466,467,468,469,470,471,472,506,507,508,509,510,511,512,513,514,515,516,517,551,552,553,554,555,556,557,558,559,560,561,562,596,597,598,599,600,601,602,603,604,641,642,643,644,645,646,649,685,686,687,688,689,690,691,692,693,698,730,731,732,733,734,735,736,775,776,777,778,779,781,782,819,820,821,822,823,824,865,866,867,911,912,913,956
96,96,288
10,11,12,13,14,15,16,17,18,19,20,21,22,23,24,25,26,27,55,56,57,58,59,60,61,62,63,64,65,66,67,68,69,70,71,72,100,101,102,103,104,105,106,107,108,109,110,111,112,113,114,144,145,146,147,148,149,150,151,152,153,154,155,156,157,158,189,190,191,192,193,194,195,196,197,198,199,200,201,202,203,204,234,235,236,237,238,239,240,241,242,243,244,245,246,250,251,252,279,280,281,282,283,284,285,286,287,288,289,290,291,292,295,324,325,326,327,328,329,330,331,332,333,334,335,336,337,338,369,370,371,372,373,374,375,376,377,378,379,380,381,382,414,415,416,417,418,419,420,421,422,423,424,425,426,427,458,459,460,461,462,463,464,465,466,467,468,469,470,471,472,503,504,505,506,507,508,509,510,511,512,513,514,515,547,548,549,550,551,552,553,554,555,556,557,558,559,592,593,594,595,596,597,598,599,600,601,602,603,604,637,638,639,640,641,642,643,644,645,646,647,680,681,682,683,684,685,686,687,688,689,690,691,692,725,726,727,728,729,730,731,732,733,734,735,736,772,773,774,775,776,777,778,779,780,781,816,817,818,819,820,821,822,823,824,825,861,862,863,864,865,866,867,868,869,870,908,909,910,911,912,913,953,958,996,997,1128,1219
58,58,298
6,7,8,9,10,11,12,13,14,15,16,17,18,19,20,21,22,23,24,25,50,51,52,53,54,55,56,57,58,59,60,61,62,63,64,65,66,67,68,95,96,97,98,99,100,101,102,103,104,105,106,107,108,109,110,111,112,141,142,143,144,145,146,147,148,149,150,151,152,153,154,155,156,186,187,188,189,190,191,192,193,194,195,196,197,198,199,230,231,232,233,234,235,236,237,238,239,240,241,242,243,275,276,277,278,279,280,281,282,283,284,285,286,287,320,321,322,323,324,325,326,327,328,329,330,331,332,333,365,366,367,368,369,370,371,372,373,374,375,376,377,387,409,410,411,412,413,414,415,416,417,418,419,420,421,422,454,455,456,457,458,459,460,461,462,463,464,465,466,499,500,501,502,503,504,505,506,507,508,509,510,511,544,545,546,547,548,549,550,551,552,553,554,555,556,590,591,592,593,594,595,596,597,598,599,600,601,634,635,636,637,638,639,640,641,642,643,644,679,680,681,682,683,684,685,686,687,688,724,725,726,727,728,729,730,731,732,733,769,770,771,772,773,774,775,776,777,778,813,815,816,817,818,821,822,859,860,861,862,863,864,866,867,904,905,906,907,908,910,911,946,949,951,956,991,992,993,994,995,996,997,1036,1037,1040,1041,1042,1083,1084,1086,1127,1128,1171,1172,1173,1217,1218,1219,1263
2,2,267
2,3,4,5,6,7,8,9,10,11,12,13,14,15,16,18,19,47,48,49,50,51,52,53,54,55,56,57,58,59,60,61,92,93,94,95,96,97,98,99,100,101,102,103,104,105,106,107,137,138,139,140,141,142,143,144,145,146,147,148,149,150,151,152,182,183,184,185,186,187,188,189,190,191,192,193,194,195,196,197,227,228,229,230,231,232,233,234,235,236,237,238,239,240,241,272,273,274,275,276,277,278,279,280,281,282,283,284,285,286,317,318,319,320,321,322,323,324,325,326,327,328,329,330,362,363,364,365,366,367,368,369,370,371,372,373,406,407,408,409,410,411,412,413,414,415,416,417,418,419,420,451,452,453,454,455,456,457,458,459,460,461,462,496,497,498,499,500,501,502,503,504,505,506,507,508,541,542,543,544,545,546,547,548,549,550,551,587,588,589,590,591,592,593,594,595,596,632,633,634,635,636,637,638,639,640,641,676,679,680,681,682,683,684,685,723,724,725,726,727,728,729,766,767,768,769,770,771,772,773,812,813,814,815,816,817,819,820,821,856,857,858,859,860,865,901,903,904,905,946,948,949,991,992,993,1036,1037,1038,1081,1082,1083,1126,1127,1128,1171,1172,1219
135,135,268
1,2,3,4,5,6,7,8,9,10,11,12,13,14,15,46,47,48,49,50,51,52,53,54,55,56,57,58,59,60,91,92,93,94,95,96,97,98,99,100,101,102,103,104,105,136,137,138,139,140,141,142,143,144,145,146,147,148,149,181,182,183,184,185,186,187,188,189,190,191,192,193,194,195,226,227,228,229,230,231,232,233,234,235,236,237,238,271,272,273,274,275,276,277,278,279,280,281,282,283,316,317,318,319,320,321,322,323,324,325,326,327,361,362,363,364,365,366,367,368,369,370,371,372,406,407,408,409,410,411,412,413,414,415,416,417,451,452,453,454,455,456,457,458,459,460,461,496,497,498,499,500,501,502,503,504,505,506,507,541,542,543,544,545,546,547,548,549,550,551,586,587,588,589,590,591,592,593,594,595,596,631,632,633,634,635,636,637,638,639,640,641,676,677,678,679,680,681,682,683,685,721,722,723,724,725,726,727,728,766,767,768,769,770,771,772,773,774,775,811,812,813,814,815,816,817,819,856,857,858,859,860,861,862,901,902,903,904,905,906,946,947,948,949,950,951,991,992,993,994,995,1036,1037,1038,1081,1082,1083,1126,1127,1128,1171,1172,1173,1217,1218,1219,1223,1261
59,59,264
1,2,3,4,5,6,7,8,9,10,11,12,13,14,46,47,48,49,50,51,52,53,54,55,56,57,58,59,91,92,93,94,95,96,97,98,99,100,101,102,103,136,137,138,139,140,141,142,143,144,145,146,147,148,149,181,182,183,184,185,186,187,188,189,190,191,192,193,226,227,228,229,230,231,232,233,234,235,236,237,271,272,273,274,275,276,277,278,279,280,281,282,316,317,318,319,320,321,322,323,324,325,326,361,362,363,364,365,366,367,368,369,370,371,406,407,408,409,410,411,412,413,414,415,416,451,452,453,454,455,456,457,458,459,460,496,497,498,499,500,501,502,503,504,505,541,542,543,544,545,546,547,548,549,551,586,587,588,589,590,591,592,593,594,596,631,632,633,634,635,636,637,638,639,640,676,677,678,679,680,681,682,683,684,721,722,723,724,725,726,727,728,729,766,767,768,769,770,771,772,773,811,812,813,814,815,816,817,856,857,858,859,860,861,901,902,903,904,905,906,907,946,947,948,949,950,951,991,992,993,994,995,996,1036,1037,1038,1039,1040,1081,1082,1083,1084,1085,1126,1127,1128,1129,1171,1172,1173,1174,1216,1217,1218,1219,1220,1261,1262,1263,1264,1265,1306,1307,1308
8,8,253
1,2,3,4,5,6,7,8,9,10,11,12,13,46,47,48,49,50,51,52,53,54,55,56,57,58,91,92,93,94,95,96,97,98,99,100,101,102,136,137,138,139,140,141,142,143,144,145,146,147,181,182,183,184,185,186,187,188,189,190,191,192,226,227,228,229,230,231,232,233,234,235,271,272,273,274,275,276,277,278,279,280,281,316,317,318,319,320,321,322,323,324,325,326,330,361,362,363,364,365,366,367,368,369,370,371,372,406,407,408,409,410,411,412,413,414,415,451,452,453,454,455,456,457,458,459,460,496,497,498,499,500,501,502,503,504,505,506,541,542,543,544,545,546,547,548,550,586,587,588,589,590,591,592,593,594,631,632,633,634,635,636,637,638,676,677,678,679,680,681,682,683,685,721,722,723,724,725,726,727,766,767,768,769,770,771,772,775,811,812,813,814,815,816,817,856,857,858,859,860,861,901,902,903,904,905,906,946,947,948,949,950,951,991,992,993,994,995,996,997,1036,1037,1038,1039,1040,1041,1081,1082,1083,1084,1086,1126,1127,1128,1129,1171,1172,1173,1174,1216,1217,1218,1219,1220,1261,1262,1263,1264,1265,1306,1307,1308,1309
9,9,250
1,2,3,4,5,6,7,8,9,10,11,12,46,47,48,49,50,51,52,53,54,55,56,57,58,91,92,93,94,95,96,97,98,99,136,137,138,139,140,141,142,143,144,145,146,181,182,183,184,185,186,187,188,189,190,191,226,227,228,229,230,231,232,233,234,236,271,272,273,274,275,276,277,278,279,280,281,316,317,318,319,320,321,322,323,324,325,326,361,362,363,364,365,366,367,368,369,370,406,407,408,409,410,411,412,413,414,415,416,451,452,453,454,455,456,457,458,459,460,496,497,498,499,500,501,502,503,504,505,506,541,542,543,544,545,546,547,548,549,550,551,586,587,588,589,590,591,592,593,594,610,631,632,633,634,635,636,637,638,639,676,677,678,679,680,681,682,683,721,722,723,724,725,726,727,728,729,766,767,768,769,770,771,772,773,774,811,812,813,814,815,816,817,856,857,858,859,860,861,901,902,903,904,905,946,947,948,949,950,951,991,992,993,994,995,996,1036,1037,1038,1039,1040,1041,1081,1082,1083,1084,1086,1126,1127,1128,1129,1171,1172,1173,1216,1217,1218,1219,1220,1221,1261,1262,1263,1264,1265,1306,1307,1308,1309,1310
9,9,246
1,2,3,4,5,6,7,8,9,10,13,19,46,47,48,49,50,51,52,53,54,58,65,66,91,92,93,94,95,96,97,98,99,102,103,111,112,136,137,138,139,140,141,142,143,144,145,148,154,181,182,183,184,185,186,187,188,189,226,227,228,229,230,231,232,233,234,271,272,273,274,275,276,277,278,316,317,318,319,320,321,322,323,324,328,330,361,362,363,364,365,366,367,368,369,406,407,408,409,410,411,412,413,414,451,452,453,454,455,456,457,458,459,471,496,497,498,499,500,501,502,503,504,541,542,543,544,545,546,547,548,549,586,587,588,589,590,591,592,593,631,632,633,634,635,636,637,638,676,677,678,679,680,681,682,683,698,721,722,723,724,725,726,727,728,729,766,767,768,769,770,771,772,773,811,812,813,814,815,816,817,856,857,858,859,860,861,862,901,902,903,904,905,906,946,947,948,949,950,951,954,991,992,993,994,995,996,1036,1037,1038,1039,1040,1041,1042,1081,1082,1083,1084,1085,1087,1126,1127,1128,1129,1131,1171,1172,1173,1174,1216,1217,1218,1219,1220,1221,1261,1262,1263,1264,1265,1306,1307,1308,1309,1310,1311
79,79,224
1,2,3,4,5,6,19,46,47,48,49,50,51,52,58,64,65,66,68,76,91,92,93,94,95,97,108,109,110,111,112,136,137,138,139,140,141,142,144,154,155,156,158,166,167,181,182,183,184,185,186,187,188,199,209,222,225,226,227,228,229,231,232,233,238,244,253,271,272,273,274,276,277,278,290,316,317,318,319,320,321,322,323,335,361,362,363,364,365,366,367,368,406,407,408,409,410,411,412,413,425,451,452,453,454,496,497,498,499,500,502,517,541,542,543,544,545,546,547,586,587,588,589,590,591,592,631,632,633,634,635,636,637,642,653,676,677,678,679,680,681,682,683,698,721,723,724,725,726,727,728,743,744,766,767,768,769,770,771,772,811,812,813,814,815,816,817,856,857,858,859,860,861,901,902,903,904,905,946,947,948,949,950,991,992,993,995,1003,1011,1036,1037,1038,1040,1042,1048,1081,1082,1083,1087,1094,1126,1127,1128,1171,1172,1173,1174,1185,1216,1217,1218,1219,1220,1221,1230,1261,1262,1264,1265,1268,1276,1306,1307,1310
71,71,211
1,2,3,4,13,14,19,20,21,25,46,47,48,58,60,63,64,65,66,67,76,91,92,93,108,109,110,111,112,117,118,136,137,138,139,148,149,154,155,156,158,165,166,167,181,182,184,200,204,209,223,224,225,226,227,228,229,240,244,245,251,253,267,270,271,272,273,274,289,290,316,317,318,319,335,361,362,363,364,365,380,406,407,408,409,425,426,451,452,453,454,470,471,496,497,498,499,516,541,542,543,544,546,547,549,562,586,587,588,589,590,591,631,632,633,634,635,636,637,676,677,678,679,680,681,682,698,722,723,724,725,726,727,743,766,767,768,769,770,771,772,788,811,813,814,815,816,817,856,857,858,859,860,862,902,903,904,905,946,947,948,949,950,966,991,992,993,995,1002,1003,1010,1011,1036,1037,1038,1048,1049,1057,1058,1081,1082,1083,1093,1094,1095,1103,1104,1126,1127,1128,1139,1150,1151,1171,1172,1173,1174,1185,1196,1216,1217,1218,1219,1220,1231,1261,1264,1276,1306,1307,1310
136,136,191
1,13,18,19,20,21,25,30,31,32,47,58,60,63,64,65,66,67,69,76,91,92,108,109,110,111,112,116,118,120,121,148,153,154,155,156,157,158,165,166,167,193,194,195,199,200,201,203,209,223,224,238,240,241,244,245,253,267,270,289,290,296,316,332,334,335,361,374,380,406,407,423,425,426,452,453,470,496,497,498,499,516,541,542,543,544,559,586,587,588,589,604,607,631,632,633,634,635,636,652,678,679,680,681,682,698,721,723,724,725,726,727,743,766,769,770,771,772,781,788,812,813,814,815,816,817,856,857,858,859,860,861,902,903,904,905,906,922,946,947,948,949,964,965,966,991,992,993,1002,1005,1010,1011,1012,1013,1036,1037,1038,1048,1049,1057,1058,1081,1082,1088,1093,1094,1103,1104,1126,1127,1128,1139,1140,1149,1150,1151,1171,1172,1173,1185,1196,1197,1216,1217,1218,1219,1264,1276,1306,1307,1321
1,1,166
14,20,23,35,65,89,110,111,113,114,135,138,155,156,157,200,201,207,208,220,221,222,245,246,251,265,266,267,290,291,295,310,332,335,336,337,338,355,378,381,382,383,423,427,428,429,468,473,474,499,500,518,519,545,563,564,590,591,598,599,607,608,609,636,643,644,645,652,653,654,680,681,689,690,694,695,696,697,698,699,722,734,736,739,740,741,742,743,744,745,766,779,784,785,786,787,788,789,790,824,829,830,831,832,833,834,835,856,869,873,874,875,876,877,878,879,880,901,902,904,919,920,921,922,924,925,926,946,970,971,1000,1010,1011,1017,1045,1046,1049,1055,1056,1057,1064,1081,1094,1095,1100,1101,1102,1103,1136,1147,1148,1149,1194,1195,1196,1197,1200,1220,1241,1242,1264,1265,1284,1289,1327,1329
110,110,170
12,13,19,20,35,36,58,64,65,76,91,101,102,105,109,110,111,112,113,120,151,154,155,156,157,176,178,196,198,199,200,201,205,209,242,243,244,245,246,250,263,267,270,287,288,289,290,295,296,297,309,312,314,315,330,332,333,334,335,336,337,341,355,361,377,379,380,407,422,425,446,451,452,454,455,464,471,490,491,496,497,499,516,517,529,536,541,542,543,544,545,562,563,587,592,604,605,607,608,636,637,638,649,652,653,680,681,682,683,697,698,722,725,726,739,743,744,771,772,788,789,815,816,817,833,834,857,858,860,862,902,904,905,921,946,947,948,949,991,992,993,1005,1036,1037,1047,1048,1081,1082,1093,1094,1095,1126,1127,1128,1140,1171,1172,1173,1194,1217,1218,1219,1240,1241,1242,1275,1285,1286,1288,1320
115,115,156
13,14,15,19,20,58,64,65,67,76,102,105,106,109,110,111,120,154,155,156,157,163,164,165,196,199,200,201,204,209,240,242,243,244,245,246,252,268,270,286,288,289,290,292,295,309,311,312,330,332,334,335,337,341,355,361,374,377,379,380,382,425,451,452,454,468,472,496,497,499,500,516,517,541,543,544,545,546,558,562,591,592,593,603,604,607,608,636,637,638,645,649,653,680,681,682,683,694,698,725,726,727,736,740,743,767,771,772,788,789,816,833,834,858,860,905,921,946,947,948,991,992,1005,1036,1037,1047,1048,1081,1082,1083,1091,1092,1093,1094,1095,1104,1126,1127,1139,1149,1172,1173,1176,1196,1218,1239,1240,1241,1242,1275,1284,1285,1286,1287,1288,1320
123,123,138
13,19,20,58,65,105,109,110,111,112,118,121,154,155,157,163,164,196,199,200,201,204,205,209,240,242,243,244,245,246,270,289,290,291,309,311,312,332,334,337,347,355,377,380,382,406,407,408,425,427,452,455,491,496,497,500,516,517,541,542,545,546,560,561,562,563,586,587,591,592,593,599,603,604,607,636,637,638,645,649,653,681,682,683,698,725,727,736,743,771,772,785,816,833,834,860,861,904,905,922,947,948,949,967,991,992,993,1005,1036,1037,1047,1081,1082,1092,1093,1094,1095,1126,1127,1128,1139,1149,1150,1171,1172,1173,1194,1196,1218,1239,1240,1241,1242,1275,1284,1286,1287,1320
69,69,112
19,20,58,65,109,110,120,154,155,164,165,199,200,201,209,243,244,245,246,289,290,291,302,329,332,334,337,355,374,407,408,425,452,454,496,499,500,516,517,543,544,545,546,561,562,586,588,591,592,593,603,604,605,607,637,645,648,649,652,680,682,683,698,725,726,727,743,770,772,784,785,816,817,818,834,860,903,904,905,946,947,949,950,991,992,993,995,998,1002,1036,1037,1042,1043,1082,1083,1084,1094,1126,1127,1128,1171,1172,1173,1194,1195,1196,1217,1240,1241,1242,1286,1320
124,124,75
13,58,109,110,154,155,199,200,244,245,289,292,334,337,355,382,425,427,454,496,497,499,541,545,561,562,586,589,592,593,607,631,638,645,649,652,680,682,683,725,726,727,771,772,816,817,834,879,905,946,947,948,949,967,991,992,1036,1037,1081,1082,1084,1094,1126,1127,1128,1149,1171,1172,1173,1194,1195,1196,1241,1286,1287
106,106,53
13,20,58,110,154,155,200,244,246,273,291,355,453,454,498,499,500,516,545,562,588,607,632,633,652,680,772,816,834,903,905,946,947,948,950,991,992,1036,1037,1081,1082,1084,1094,1126,1127,1128,1171,1172,1194,1240,1241,1242,1286
81,81,40
58,59,110,155,200,453,454,491,499,500,542,544,545,562,588,607,632,680,816,905,946,948,949,991,992,1036,1037,1043,1081,1082,1084,1094,1126,1127,1128,1171,1172,1241,1242,1287
38,38,6
517,1080,1168,1169,1215,1260
80,80,72
28,29,30,31,32,36,72,73,74,80,123,124,125,156,169,214,267,310,311,312,354,355,376,456,501,502,507,553,691,743,775,788,820,833,878,879,922,923,924,925,967,968,969,970,1010,1011,1012,1013,1014,1015,1016,1055,1056,1057,1058,1059,1061,1062,1106,1107,1235,1236,1237,1238,1281,1282,1283,1284,1285,1286,1287,1288
104,104,48
539,806,843,854,855,941,945,988,990,1031,1032,1068,1079,1116,1118,1123,1124,1155,1160,1161,1162,1163,1166,1167,1169,1188,1189,1205,1206,1207,1212,1213,1214,1234,1252,1257,1258,1259,1260,1291,1297,1300,1301,1302,1342,1345,1346,1350
43,43,96
539,616,673,798,806,807,809,810,843,848,851,852,853,854,855,892,893,895,896,897,900,935,940,941,945,955,980,986,988,989,990,1019,1020,1021,1028,1031,1032,1035,1068,1069,1075,1079,1080,1113,1114,1115,1116,1117,1118,1124,1125,1155,1157,1158,1160,1161,1162,1163,1164,1165,1166,1167,1169,1170,1187,1189,1205,1206,1207,1208,1209,1210,1212,1213,1214,1215,1233,1234,1252,1256,1257,1258,1259,1260,1297,1300,1301,1302,1305,1324,1341,1342,1345,1346,1349,1350
75,75,115
485,527,528,575,576,616,661,705,762,806,807,809,810,843,847,850,851,853,854,855,890,892,897,900,935,936,942,980,988,989,990,1019,1020,1021,1032,1033,1034,1068,1069,1076,1079,1080,1110,1112,1113,1114,1115,1116,1117,1121,1122,1123,1124,1125,1141,1143,1154,1155,1156,1157,1158,1159,1160,1161,1162,1163,1164,1165,1166,1167,1168,1169,1170,1177,1189,1202,1205,1206,1207,1209,1210,1211,1212,1213,1214,1215,1234,1251,1252,1253,1255,1256,1257,1258,1259,1260,1290,1291,1292,1296,1297,1300,1301,1302,1303,1304,1305,1324,1341,1342,1345,1346,1347,1349,1350
52,52,166
76,119,120,122,123,162,163,164,440,485,526,527,528,530,539,576,616,661,705,754,806,807,809,810,842,843,847,850,851,852,853,854,855,888,892,893,894,895,896,897,900,935,936,941,942,945,953,954,967,980,981,985,986,988,990,999,1020,1021,1022,1028,1031,1032,1033,1035,1067,1068,1069,1072,1074,1075,1076,1078,1080,1109,1110,1111,1112,1113,1114,1115,1116,1117,1118,1120,1121,1123,1124,1125,1142,1143,1153,1154,1155,1156,1157,1158,1159,1160,1161,1162,1163,1164,1165,1166,1167,1168,1169,1170,1184,1188,1189,1200,1201,1202,1203,1205,1206,1207,1209,1210,1211,1212,1213,1214,1215,1229,1234,1245,1246,1248,1250,1251,1252,1253,1254,1255,1256,1257,1258,1259,1260,1278,1289,1290,1291,1292,1296,1297,1298,1300,1301,1302,1303,1304,1305,1323,1324,1341,1342,1344,1345,1346,1347,1348,1349,1350
26,26,249
34,35,37,76,79,117,119,120,121,122,123,124,160,161,162,163,164,165,166,167,168,205,206,207,208,211,256,279,339,438,440,441,449,483,484,485,526,527,528,529,530,570,571,572,573,574,575,576,615,616,621,658,661,753,799,807,808,809,810,842,843,844,847,848,849,850,851,852,853,854,855,887,888,890,891,892,893,894,895,896,897,900,908,930,932,935,936,937,939,941,942,945,953,954,974,975,980,981,983,985,986,987,988,990,998,999,1019,1020,1021,1022,1023,1026,1027,1028,1029,1030,1031,1032,1033,1034,1035,1045,1064,1065,1066,1067,1068,1069,1071,1072,1073,1074,1075,1076,1077,1078,1079,1080,1107,1108,1109,1110,1111,1112,1113,1114,1115,1116,1117,1118,1120,1121,1122,1123,1124,1125,1140,1143,1144,1153,1154,1155,1156,1157,1158,1159,1160,1161,1162,1163,1164,1165,1166,1167,1168,1169,1170,1183,1187,1188,1189,1190,1191,1192,1199,1200,1201,1202,1203,1204,1205,1206,1207,1208,1209,1210,1211,1212,1213,1214,1215,1228,1229,1234,1245,1246,1248,1249,1250,1251,1252,1253,1254,1255,1256,1257,1258,1259,1260,1279,1280,1290,1291,1292,1296,1297,1298,1300,1301,1302,1303,1304,1305,1323,1324,1335,1336,1338,1339,1340,1341,1342,1344,1345,1346,1347,1348,1349,1350
47,47,271
35,36,79,80,119,120,121,122,123,124,125,161,162,163,164,165,166,167,168,169,205,206,207,208,209,212,243,252,287,293,294,331,332,339,377,384,385,427,428,438,454,471,483,484,485,526,527,530,557,571,572,573,575,615,616,620,659,661,704,708,737,738,749,762,771,782,783,796,799,807,808,809,810,828,841,842,843,844,847,849,850,851,852,853,854,855,874,884,887,888,890,891,892,893,894,895,896,897,900,907,908,935,936,937,938,939,941,942,945,953,954,955,964,980,981,986,987,988,989,990,998,999,1019,1020,1021,1022,1023,1026,1028,1031,1032,1033,1034,1035,1045,1063,1064,1065,1066,1067,1068,1069,1071,1072,1073,1075,1076,1077,1078,1079,1080,1109,1110,1111,1112,1113,1114,1115,1116,1117,1118,1121,1122,1123,1124,1125,1138,1140,1141,1143,1144,1153,1154,1155,1156,1157,1158,1159,1160,1161,1162,1163,1164,1165,1166,1167,1168,1169,1170,1183,1184,1185,1187,1188,1189,1190,1191,1192,1199,1200,1201,1202,1203,1204,1205,1206,1207,1209,1210,1211,1212,1213,1214,1215,1228,1229,1230,1234,1236,1238,1242,1245,1246,1247,1248,1249,1250,1251,1252,1253,1254,1255,1256,1257,1258,1259,1260,1279,1280,1289,1290,1291,1292,1296,1297,1298,1299,1301,1302,1303,1304,1305,1323,1324,1326,1334,1335,1336,1337,1338,1339,1340,1341,1342,1344,1345,1346,1347,1348,1349,1350
40,40,246
35,36,37,80,120,122,123,124,161,162,163,164,165,166,167,168,169,207,208,212,213,249,252,287,293,294,331,332,338,339,377,382,383,384,385,422,427,428,467,469,470,472,487,512,514,526,527,530,557,562,571,573,575,592,594,602,614,616,621,649,661,684,694,727,728,769,783,809,810,828,842,843,844,847,849,851,852,854,855,872,888,891,893,895,896,897,900,910,935,936,941,942,945,953,954,955,964,979,980,983,987,988,990,999,1006,1019,1020,1021,1024,1025,1031,1032,1033,1035,1047,1064,1065,1066,1067,1068,1069,1074,1075,1076,1077,1078,1079,1080,1088,1093,1109,1110,1112,1113,1114,1115,1116,1117,1118,1121,1122,1123,1124,1136,1138,1139,1140,1143,1144,1153,1154,1155,1156,1157,1158,1159,1160,1161,1162,1163,1165,1166,1167,1168,1169,1170,1183,1184,1185,1188,1189,1190,1192,1199,1200,1201,1202,1203,1204,1205,1206,1207,1209,1210,1211,1212,1213,1214,1215,1228,1229,1234,1235,1237,1238,1245,1246,1247,1248,1249,1250,1251,1252,1253,1254,1255,1256,1257,1258,1259,1260,1279,1288,1289,1290,1291,1292,1296,1297,1298,1300,1301,1302,1303,1305,1315,1316,1323,1326,1334,1335,1336,1337,1338,1339,1340,1341,1342,1343,1344,1345,1346,1347,1348,1349,1350
69,69,229
35,36,79,80,120,121,122,124,162,163,164,165,166,167,170,207,208,209,212,213,249,252,293,294,331,332,338,339,376,377,382,383,384,426,427,428,471,472,487,514,517,527,528,557,572,575,592,593,606,615,616,649,660,677,692,694,728,730,737,739,770,782,810,827,828,831,842,843,850,851,854,855,863,872,888,892,895,897,900,911,918,935,936,941,945,953,954,955,956,975,980,986,989,990,998,999,1001,1020,1021,1024,1028,1033,1042,1043,1047,1065,1066,1067,1068,1069,1075,1077,1078,1079,1080,1088,1093,1094,1097,1098,1112,1113,1114,1115,1116,1117,1121,1132,1133,1134,1136,1137,1138,1139,1140,1143,1144,1153,1154,1155,1156,1157,1158,1159,1160,1161,1162,1163,1164,1165,1166,1167,1168,1169,1179,1180,1183,1184,1185,1190,1199,1200,1201,1202,1203,1204,1205,1206,1207,1209,1210,1211,1212,1213,1214,1215,1228,1229,1233,1234,1235,1236,1237,1243,1245,1247,1249,1250,1251,1252,1254,1255,1256,1257,1258,1259,1260,1266,1279,1282,1290,1291,1292,1296,1297,1298,1299,1300,1301,1302,1303,1305,1315,1316,1323,1324,1334,1335,1336,1337,1338,1339,1341,1342,1345,1346,1347,1348,1350
140,140,42
27,32,33,65,76,77,110,118,119,120,121,161,162,163,164,165,204,205,206,207,246,401,596,641,1007,1008,1014,1052,1053,1059,1060,1097,1098,1103,1104,1105,1106,1151,1152,1197,1198,1232
63,63,207
168,252,254,293,338,377,383,417,422,427,462,471,472,517,547,548,592,593,634,638,639,684,693,704,728,739,773,784,818,822,823,830,842,843,844,854,855,862,863,864,866,887,888,897,900,906,907,910,914,932,933,935,936,937,938,940,941,942,945,950,953,954,955,956,957,977,979,980,981,986,989,993,998,999,1000,1001,1002,1021,1024,1025,1026,1027,1028,1031,1032,1035,1042,1043,1045,1046,1063,1067,1069,1070,1071,1072,1075,1077,1078,1079,1080,1088,1091,1092,1093,1094,1110,1112,1116,1117,1123,1124,1125,1133,1134,1136,1137,1139,1142,1145,1154,1156,1157,1158,1159,1160,1161,1162,1167,1168,1169,1170,1175,1180,1183,1185,1189,1190,1191,1200,1201,1203,1204,1205,1206,1207,1211,1212,1213,1214,1215,1221,1222,1224,1225,1228,1229,1233,1234,1236,1237,1246,1248,1249,1250,1251,1252,1254,1255,1256,1257,1258,1259,1260,1266,1268,1273,1279,1280,1281,1282,1291,1292,1297,1298,1299,1300,1301,1302,1303,1304,1305,1311,1313,1318,1324,1334,1335,1336,1337,1338,1341,1342,1345,1346,1347,1348
135,135,214
25,254,339,377,427,471,472,473,503,517,547,548,562,592,593,638,639,683,693,728,739,751,752,771,783,784,818,819,829,830,843,854,855,863,869,872,873,874,875,887,897,900,906,907,932,935,937,938,940,942,945,953,954,957,958,976,977,978,979,980,981,984,989,990,994,998,999,1000,1001,1003,1024,1025,1026,1027,1028,1034,1039,1043,1044,1045,1046,1047,1048,1064,1068,1071,1072,1077,1078,1079,1080,1088,1089,1091,1092,1093,1094,1100,1109,1110,1111,1113,1115,1116,1117,1123,1124,1125,1132,1133,1134,1136,1137,1139,1142,1144,1145,1154,1155,1156,1157,1158,1159,1160,1161,1162,1167,1168,1169,1175,1176,1180,1183,1185,1190,1191,1198,1200,1201,1203,1204,1205,1206,1207,1210,1211,1212,1213,1214,1215,1220,1221,1222,1225,1226,1227,1228,1229,1233,1234,1235,1236,1245,1246,1250,1251,1254,1255,1256,1257,1258,1259,1260,1266,1267,1268,1270,1271,1272,1273,1274,1278,1280,1281,1282,1291,1292,1296,1297,1298,1299,1300,1301,1302,1303,1305,1311,1312,1313,1315,1323,1324,1325,1326,1327,1334,1335,1336,1337,1338,1339,1341,1342,1348
68,68,324
168,214,257,258,377,385,413,421,422,427,428,467,472,473,502,514,517,518,537,547,548,550,557,592,593,594,595,615,634,638,639,640,649,660,661,683,684,685,693,694,703,728,730,733,736,738,739,748,749,750,751,770,773,774,775,776,777,783,784,798,799,818,819,822,823,828,829,830,843,844,855,861,862,863,869,871,872,873,874,875,886,887,897,900,906,907,908,916,918,919,920,932,933,935,937,938,940,942,945,952,953,954,955,957,958,964,965,966,977,978,979,980,981,983,985,986,988,989,990,993,994,998,1000,1001,1002,1003,1010,1011,1022,1024,1025,1026,1027,1028,1030,1033,1034,1035,1038,1039,1042,1043,1044,1045,1046,1047,1053,1054,1055,1065,1069,1070,1071,1072,1075,1077,1078,1079,1080,1087,1088,1089,1091,1092,1093,1094,1098,1099,1100,1110,1111,1112,1113,1115,1116,1117,1118,1120,1121,1124,1129,1132,1133,1134,1136,1137,1138,1139,1141,1143,1144,1145,1154,1155,1156,1157,1158,1159,1160,1161,1162,1167,1168,1169,1170,1174,1175,1177,1179,1180,1183,1185,1187,1188,1189,1190,1191,1199,1200,1201,1202,1203,1204,1205,1206,1207,1209,1210,1211,1212,1213,1214,1215,1220,1221,1222,1224,1225,1226,1227,1228,1229,1230,1231,1233,1234,1235,1236,1237,1245,1246,1247,1248,1249,1250,1251,1252,1254,1255,1256,1257,1258,1259,1260,1262,1265,1266,1267,1268,1270,1271,1272,1273,1274,1276,1277,1278,1279,1281,1282,1291,1292,1295,1296,1297,1298,1299,1300,1301,1302,1303,1304,1305,1309,1310,1311,1312,1313,1314,1315,1316,1317,1322,1323,1324,1325,1326,1327,1334,1335,1336,1337,1338,1339,1340,1341,1342,1343,1344,1345,1346,1347,1348,1350
14,14,293
126,167,168,212,257,258,266,385,427,448,472,473,503,504,517,518,547,548,550,592,593,614,615,639,640,658,660,661,665,684,694,703,704,705,728,730,737,739,748,749,750,770,771,773,774,776,783,784,809,812,818,819,828,843,854,855,862,863,867,868,869,872,873,874,875,886,895,897,900,906,907,913,914,918,919,920,932,933,935,936,937,940,942,945,952,953,954,957,958,964,965,966,977,978,979,980,981,983,984,985,986,988,993,994,995,998,1001,1003,1009,1010,1011,1022,1023,1024,1025,1026,1027,1028,1032,1033,1034,1039,1042,1045,1046,1047,1048,1053,1054,1055,1056,1070,1071,1072,1074,1077,1078,1079,1080,1088,1089,1092,1093,1094,1095,1098,1099,1100,1101,1110,1111,1112,1116,1117,1123,1124,1129,1132,1133,1134,1136,1137,1139,1141,1142,1143,1144,1145,1146,1155,1156,1157,1158,1159,1160,1161,1162,1166,1167,1168,1169,1170,1174,1175,1177,1178,1179,1180,1183,1185,1186,1187,1188,1189,1190,1191,1200,1201,1202,1203,1204,1205,1206,1207,1209,1210,1211,1212,1213,1214,1215,1220,1221,1222,1224,1225,1226,1227,1228,1229,1231,1232,1233,1234,1235,1236,1245,1246,1247,1248,1249,1250,1251,1252,1254,1255,1256,1257,1258,1259,1260,1266,1267,1268,1270,1271,1273,1274,1276,1277,1278,1279,1280,1281,1291,1292,1294,1295,1296,1297,1298,1299,1300,1301,1302,1303,1304,1305,1310,1311,1312,1313,1314,1322,1323,1324,1325,1326,1327,1334,1335,1336,1337,1338,1339,1341,1342,1343,1344,1345,1346,1347,1348
68,68,289
212,257,258,472,473,517,518,547,548,550,551,582,593,615,634,640,660,678,691,694,703,704,728,730,739,748,750,770,774,775,783,784,818,819,822,823,828,854,855,862,863,868,869,873,874,875,882,886,897,900,907,908,913,914,916,918,919,920,932,933,935,936,937,940,941,942,945,950,952,953,954,955,957,958,961,964,965,966,968,977,978,979,980,981,984,985,988,989,990,993,994,995,998,999,1000,1001,1002,1003,1009,1010,1011,1022,1023,1024,1025,1026,1027,1032,1033,1034,1039,1042,1043,1045,1046,1047,1053,1054,1055,1056,1057,1065,1067,1069,1070,1071,1072,1073,1077,1078,1079,1080,1088,1089,1092,1093,1094,1095,1098,1099,1100,1101,1110,1112,1116,1117,1120,1121,1122,1123,1124,1125,1129,1130,1132,1133,1134,1136,1137,1139,1140,1141,1142,1143,1144,1145,1146,1155,1156,1157,1158,1159,1160,1161,1162,1167,1168,1170,1173,1175,1177,1178,1179,1180,1183,1185,1186,1187,1188,1189,1190,1191,1192,1200,1201,1202,1203,1204,1205,1206,1207,1210,1211,1212,1213,1214,1215,1220,1221,1222,1223,1224,1225,1226,1228,1229,1230,1231,1232,1233,1234,1235,1236,1237,1245,1246,1247,1248,1249,1250,1251,1252,1255,1256,1257,1258,1259,1260,1266,1267,1268,1270,1271,1273,1274,1276,1277,1278,1279,1280,1281,1291,1292,1294,1295,1296,1297,1298,1299,1300,1301,1302,1303,1304,1305,1310,1311,1312,1313,1314,1322,1323,1325,1326,1334,1335,1336,1337,1338,1339,1340,1341,1342,1343,1344,1345,1346,1347,1348
40,40,220
472,473,494,518,547,548,550,551,593,640,660,694,739,770,784,809,819,828,855,868,869,873,874,900,906,913,919,920,932,933,936,937,938,940,941,945,953,954,957,965,977,978,979,981,983,984,986,987,988,989,990,994,998,999,1001,1003,1009,1010,1011,1022,1023,1024,1026,1027,1032,1033,1034,1039,1046,1047,1053,1054,1055,1056,1070,1071,1072,1073,1077,1078,1079,1086,1088,1089,1092,1093,1094,1099,1100,1101,1110,1115,1116,1117,1123,1125,1129,1132,1133,1134,1136,1137,1139,1141,1142,1143,1144,1145,1146,1154,1155,1156,1157,1158,1159,1160,1161,1162,1167,1168,1169,1170,1173,1175,1177,1178,1179,1185,1186,1187,1188,1189,1190,1191,1192,1193,1198,1200,1201,1202,1203,1204,1205,1206,1211,1212,1213,1214,1215,1221,1222,1225,1226,1228,1229,1230,1231,1232,1233,1234,1235,1236,1237,1245,1246,1247,1248,1251,1252,1255,1256,1257,1258,1259,1260,1266,1267,1268,1273,1274,1276,1277,1278,1279,1280,1281,1291,1292,1293,1294,1295,1296,1297,1298,1299,1300,1301,1302,1303,1304,1305,1311,1312,1321,1322,1323,1325,1326,1335,1336,1337,1339,1340,1341,1342,1344,1345,1346,1347,1348
68,68,243
257,369,413,472,473,518,547,562,592,640,661,694,739,748,794,809,828,829,854,855,863,873,874,896,897,900,906,907,910,914,919,920,931,932,933,939,940,941,942,945,950,953,954,955,957,964,965,977,978,979,980,983,984,985,986,987,988,989,993,994,998,999,1000,1001,1003,1009,1010,1011,1024,1025,1026,1027,1032,1033,1034,1035,1039,1045,1046,1047,1054,1055,1056,1069,1070,1071,1072,1073,1077,1078,1079,1080,1086,1087,1088,1089,1092,1093,1094,1095,1098,1099,1100,1101,1112,1115,1116,1117,1118,1123,1124,1125,1129,1132,1133,1134,1137,1139,1141,1142,1143,1144,1145,1146,1147,1155,1156,1157,1158,1159,1160,1161,1162,1167,1168,1169,1170,1174,1175,1177,1178,1179,1183,1186,1187,1188,1189,1190,1191,1192,1200,1201,1202,1203,1204,1205,1206,1207,1210,1211,1212,1213,1214,1215,1221,1222,1223,1225,1226,1227,1228,1231,1232,1233,1234,1235,1236,1237,1244,1245,1246,1247,1248,1249,1250,1251,1252,1254,1255,1256,1257,1258,1259,1260,1266,1267,1268,1271,1274,1276,1277,1278,1279,1280,1281,1291,1292,1293,1294,1295,1296,1297,1298,1299,1300,1301,1302,1303,1304,1305,1310,1311,1312,1321,1322,1323,1324,1325,1326,1327,1335,1336,1338,1339,1340,1341,1342,1343,1344,1345,1346,1347,1348
68,68,213
414,518,593,640,660,661,739,749,750,752,854,855,873,874,897,900,907,914,932,935,938,939,940,942,945,953,954,955,964,965,978,979,980,981,982,983,985,986,987,988,989,990,994,998,999,1000,1001,1009,1010,1022,1023,1024,1026,1027,1028,1032,1033,1034,1035,1039,1042,1047,1054,1055,1065,1069,1071,1072,1078,1079,1080,1087,1088,1092,1093,1094,1099,1100,1101,1110,1111,1112,1113,1115,1116,1117,1120,1122,1123,1124,1125,1129,1132,1133,1134,1137,1139,1141,1142,1143,1144,1145,1146,1147,1154,1155,1156,1157,1158,1159,1160,1161,1167,1168,1169,1170,1177,1183,1185,1186,1187,1188,1189,1190,1191,1192,1199,1200,1201,1202,1203,1204,1205,1206,1207,1209,1210,1211,1212,1213,1214,1215,1221,1222,1223,1225,1226,1227,1228,1229,1232,1233,1234,1235,1236,1237,1238,1245,1246,1247,1248,1249,1250,1251,1252,1255,1256,1257,1258,1259,1260,1266,1267,1268,1271,1274,1276,1277,1278,1279,1280,1281,1291,1294,1296,1297,1299,1300,1301,1302,1303,1304,1305,1311,1312,1321,1322,1323,1324,1325,1326,1335,1336,1339,1340,1341,1342,1343,1344,1345,1346,1347,1348
127,127,87
27,33,76,77,83,84,120,121,127,128,133,134,171,172,180,224,225,251,252,253,269,271,294,295,296,297,298,338,339,340,348,349,382,383,384,393,394,439,450,491,494,534,535,539,578,579,580,620,621,622,623,624,625,665,666,667,668,669,704,710,711,712,713,714,756,757,758,759,760,802,803,804,848,849,850,851,1196,1197,1242,1243,1277,1288,1289,1290,1333,1334,1335
99,99,87
392,855,932,954,981,985,986,988,989,998,1009,1010,1026,1029,1030,1035,1047,1069,1071,1072,1078,1079,1080,1093,1112,1116,1117,1125,1137,1144,1146,1157,1158,1159,1162,1163,1164,1167,1168,1169,1170,1188,1191,1200,1202,1206,1212,1213,1214,1215,1221,1226,1235,1237,1245,1246,1247,1249,1250,1251,1254,1255,1256,1257,1258,1259,1260,1280,1291,1292,1293,1298,1299,1300,1301,1302,1303,1313,1322,1323,1336,1337,1339,1344,1345,1346,1347
48,48,113
705,855,887,932,943,945,954,971,977,979,980,981,985,986,988,989,990,1009,1010,1024,1026,1028,1029,1031,1032,1033,1034,1055,1065,1068,1070,1071,1072,1078,1079,1080,1092,1093,1094,1112,1116,1122,1123,1124,1125,1144,1145,1154,1157,1158,1159,1160,1161,1164,1167,1168,1169,1170,1188,1190,1191,1200,1202,1204,1205,1207,1212,1213,1214,1215,1221,1225,1226,1235,1246,1247,1248,1249,1250,1251,1254,1255,1256,1257,1258,1260,1278,1280,1281,1283,1291,1292,1293,1294,1296,1300,1301,1302,1304,1305,1315,1322,1323,1326,1336,1337,1338,1339,1341,1342,1344,1345,1346
99,99,78
120,855,932,980,985,986,988,990,1010,1024,1026,1027,1029,1032,1071,1072,1080,1093,1094,1116,1117,1123,1124,1143,1144,1145,1154,1157,1158,1160,1161,1167,1168,1169,1170,1188,1190,1191,1200,1202,1207,1212,1213,1214,1215,1235,1237,1243,1245,1246,1249,1250,1254,1255,1256,1257,1258,1260,1278,1280,1290,1291,1292,1293,1294,1301,1304,1305,1322,1323,1337,1338,1341,1344,1345,1346,1347,1348
3,3,45
1071,1072,1094,1116,1144,1145,1157,1158,1168,1169,1170,1188,1190,1191,1206,1212,1213,1214,1215,1235,1237,1245,1246,1250,1251,1254,1255,1256,1257,1258,1259,1260,1280,1281,1290,1291,1293,1301,1303,1304,1323,1326,1344,1345,1346
7,7,18
1169,1170,1214,1246,1250,1251,1255,1256,1257,1260,1278,1280,1290,1291,1292,1344,1345,1346
10,10,21
45,88,89,90,132,133,134,135,177,180,219,222,225,265,304,315,360,400,404,405,491
23,23,39
41,42,43,44,45,86,88,89,90,131,132,133,134,135,177,178,179,180,220,221,222,223,224,225,266,267,308,309,312,313,315,349,353,360,400,404,405,446,448
12,12,98
33,34,35,38,39,40,41,42,43,44,45,77,78,80,82,83,84,85,86,87,88,89,90,128,130,131,132,133,134,135,175,176,177,178,179,180,219,220,221,222,223,224,225,259,264,265,266,267,269,270,303,304,305,308,309,310,311,313,314,315,349,350,354,355,356,357,359,360,394,397,400,403,404,405,437,442,446,447,448,449,450,491,492,493,495,531,532,536,540,576,577,583,621,624,714,763,806,852
12,12,130
27,28,29,30,31,37,38,41,42,43,44,45,72,73,74,75,82,83,84,86,87,88,89,90,117,118,119,130,131,132,133,134,135,160,161,162,163,175,176,177,178,179,180,205,206,207,208,209,210,219,220,221,222,223,224,225,250,251,252,253,254,255,258,259,260,264,267,268,269,295,296,297,298,299,300,301,303,304,314,341,342,357,403,447,448,537,538,540,582,583,584,585,627,628,629,672,673,674,708,709,718,753,754,755,759,799,800,801,845,846,847,848,855,891,892,893,894,898,899,900,937,938,939,940,941,942,943,944,1286,1335
119,119,156
19,24,25,27,28,29,30,31,32,33,34,35,36,37,38,39,40,41,42,43,44,45,72,74,75,76,77,78,79,80,81,82,83,84,85,86,87,88,89,90,120,121,122,123,124,125,126,127,128,129,130,131,132,133,134,135,167,168,169,170,171,172,173,174,175,176,177,178,179,180,204,212,214,215,216,217,218,219,220,221,222,223,224,225,260,261,262,263,264,265,266,267,268,269,270,304,305,306,307,308,309,310,311,312,313,314,315,349,350,352,353,354,355,356,357,358,359,360,392,397,399,400,401,402,403,404,405,436,437,444,445,446,447,448,449,450,487,489,490,491,492,493,494,495,534,537,539,540,584,585,625,629,630,675,720,808
122,122,184
16,19,20,21,22,23,24,25,26,27,28,29,30,31,32,33,34,35,36,37,38,39,40,41,42,43,44,45,64,65,67,68,69,70,71,72,73,74,75,76,77,78,79,80,81,82,83,84,85,86,87,88,89,90,113,114,115,117,118,119,120,121,122,123,124,125,126,127,128,129,130,131,132,133,134,135,161,166,167,168,169,170,171,172,173,174,175,176,177,178,179,180,204,211,212,213,214,215,216,217,218,219,220,221,222,223,224,225,258,259,260,261,262,263,264,265,266,267,268,269,270,303,304,305,306,307,308,309,310,311,312,313,314,315,347,348,349,350,351,352,353,354,355,356,357,358,359,360,393,394,397,398,399,400,401,402,403,404,405,437,442,443,444,445,446,447,448,449,450,489,490,491,492,493,494,495,537,538,539,540,581,585,629,630
34,34,217
12,13,14,15,16,17,18,19,20,21,22,23,24,25,26,27,28,29,30,31,32,33,34,35,36,37,38,39,40,41,42,43,44,45,58,59,61,62,63,64,65,66,67,68,69,70,71,72,73,74,75,76,77,78,79,80,81,82,83,84,85,86,87,88,89,90,106,108,109,110,111,112,113,114,115,116,117,118,119,120,121,122,123,124,125,126,127,128,129,130,131,132,133,134,135,154,157,158,159,160,161,163,164,165,166,167,168,169,170,171,172,173,174,175,176,177,178,179,180,200,209,210,212,213,214,215,216,217,218,219,220,221,222,223,224,225,256,257,258,259,260,261,262,263,264,265,266,267,268,269,270,303,304,305,306,307,308,309,310,311,312,313,314,315,347,348,349,350,351,352,353,354,355,356,357,358,359,360,394,395,396,397,398,399,400,401,402,403,404,405,442,443,444,445,446,447,448,449,450,487,488,489,490,491,492,493,494,495,537,538,539,540,583,584,585,629,630
72,72,241
3,7,8,9,10,11,12,13,14,15,16,17,18,19,20,21,22,23,24,25,26,27,28,29,30,31,32,33,34,35,36,37,38,39,40,41,42,43,44,45,53,56,57,58,59,60,61,62,63,64,65,66,67,68,69,70,71,72,73,74,75,76,77,78,79,80,81,82,83,84,85,86,87,88,89,90,100,101,102,104,105,106,107,108,109,110,111,112,113,114,115,116,117,118,119,120,121,122,123,124,125,126,127,128,129,130,131,132,133,134,135,151,152,153,154,155,156,157,158,159,160,161,162,163,164,165,166,167,168,169,170,171,172,173,174,175,176,177,178,179,180,198,199,200,201,203,204,205,206,212,213,214,215,216,217,218,219,220,221,222,223,224,225,246,248,250,251,256,259,260,261,262,263,264,265,266,267,268,269,270,292,303,304,305,306,307,308,309,310,311,312,313,314,315,347,348,349,350,351,352,353,354,355,356,357,358,359,360,392,393,394,396,397,398,399,400,401,402,403,404,405,437,439,442,443,444,445,446,447,448,449,488,489,490,491,492,493,535,537,539,630
85,85,265
1,2,3,4,5,6,7,8,9,10,11,12,13,14,15,16,17,18,19,20,21,22,23,24,25,26,27,28,29,30,31,32,33,34,35,36,37,38,39,40,41,42,43,44,45,46,47,48,49,50,51,52,53,54,55,56,57,58,59,60,61,62,63,64,65,66,67,68,69,70,71,72,73,74,75,76,77,78,79,80,81,82,83,84,85,86,87,88,89,90,93,94,95,96,97,98,99,100,101,102,103,104,105,106,107,108,109,110,111,112,113,114,115,116,117,118,119,120,121,122,123,124,125,126,127,128,129,130,131,132,133,134,135,143,145,146,147,148,149,150,151,152,153,154,155,156,157,158,159,160,161,162,163,166,167,168,171,172,173,174,175,176,177,178,179,180,191,192,194,195,196,197,198,199,200,201,202,203,204,205,206,212,215,216,217,218,219,220,221,222,223,224,225,242,244,245,246,247,248,249,250,251,257,259,260,261,262,263,264,265,266,267,268,269,270,291,292,293,303,304,305,306,307,308,309,310,311,312,313,314,315,346,348,349,350,351,352,353,354,355,356,357,358,359,360,392,394,396,397,398,399,400,401,402,403,404,437,442,443,444,445,446,447,448,491
138,138,285
1,2,3,4,5,6,7,8,9,10,11,12,13,14,15,16,17,18,19,20,21,22,23,24,25,26,27,28,29,30,31,32,33,41,43,45,46,47,48,49,50,51,52,53,54,55,56,57,58,59,60,61,62,63,64,65,66,67,68,69,70,71,72,73,74,75,77,78,83,84,85,86,87,88,89,90,91,92,93,94,95,96,97,98,99,100,101,102,103,104,105,106,107,108,109,110,111,112,113,114,115,116,117,118,119,123,124,128,129,130,131,132,133,134,135,136,137,138,139,140,141,142,143,144,145,146,147,148,149,150,151,152,153,154,155,156,157,158,159,160,161,168,172,173,174,175,176,177,178,179,180,181,182,183,184,185,186,187,188,189,190,191,192,193,194,195,196,197,198,199,200,201,202,203,204,205,206,216,217,218,219,220,221,222,223,224,225,231,232,233,235,236,237,238,239,240,241,242,243,244,245,246,247,248,249,250,251,259,260,261,262,263,264,265,266,267,268,269,270,276,277,283,284,285,286,287,289,290,291,292,293,294,303,304,305,306,307,308,309,310,311,312,313,314,315,334,337,338,346,347,348,349,350,352,353,354,355,356,357,358,359,391,392,393,394,395,396,397,398,399,400,401,403,404,437,438,439,440,442,443,444,445,446,488,491
68,68,299
1,2,3,4,5,6,7,8,9,10,11,12,13,14,15,16,17,18,19,20,21,22,23,24,25,33,46,47,48,49,50,51,52,53,54,55,56,57,58,59,60,61,62,63,64,65,66,67,68,69,70,71,72,83,84,91,92,93,94,95,96,97,98,99,100,101,102,103,104,105,106,107,108,109,110,111,112,113,114,115,116,117,132,133,134,135,136,137,138,139,140,141,142,143,144,145,146,147,148,149,150,151,152,153,154,155,156,157,158,159,160,161,174,175,176,177,179,180,181,182,183,184,185,186,187,188,189,190,191,192,193,194,195,196,197,198,199,200,201,202,203,204,205,219,220,221,222,223,224,225,226,227,228,229,230,231,232,233,234,235,236,237,238,239,240,241,242,243,244,245,246,247,248,249,250,251,255,256,262,263,264,265,266,267,271,272,273,274,275,276,277,278,279,280,281,282,283,284,285,286,287,288,289,290,291,292,293,294,295,301,303,304,305,306,307,308,309,310,311,312,313,317,318,319,320,321,322,323,324,325,326,327,328,329,330,331,332,333,334,335,336,337,338,339,347,348,349,350,351,352,353,354,355,356,357,361,362,367,368,370,371,372,373,374,375,376,377,379,382,383,384,391,392,393,394,395,396,397,398,399,400,401,408,425,435,436,437,438,442,443,444,445,446,480,481,482,483,490,491
60,60,299
1,2,3,4,5,6,7,8,9,10,11,12,13,14,15,16,17,18,25,46,47,48,49,50,51,52,53,54,55,56,57,58,59,60,61,62,63,64,68,70,91,92,93,94,95,96,97,98,99,100,101,102,103,104,105,106,107,108,109,110,111,113,114,136,137,138,139,140,141,142,143,144,145,146,147,148,149,150,151,152,153,154,155,156,157,158,159,160,175,181,182,183,184,185,186,187,188,189,190,191,192,193,194,195,196,197,198,199,200,201,202,203,204,205,221,222,226,227,228,229,230,231,232,233,234,235,236,237,238,239,240,241,242,243,244,245,246,247,248,249,265,266,267,271,272,273,274,275,276,277,278,279,280,281,282,283,284,285,286,287,288,289,290,291,292,293,294,295,303,307,308,309,311,316,317,318,319,320,321,322,323,324,325,326,327,328,329,330,331,332,333,334,335,336,337,338,339,340,346,347,348,349,350,351,352,353,361,362,363,364,365,366,367,368,369,370,371,372,373,374,375,376,377,378,379,380,381,382,391,392,393,394,396,397,398,400,406,407,408,409,410,411,412,414,415,416,417,418,419,420,421,422,423,424,425,426,427,428,435,436,437,438,439,440,442,443,451,452,453,454,455,456,458,459,460,461,462,463,464,465,467,468,469,471,472,479,480,482,485,489,496,499,500,514,524,525,527,545,604
100,100,251
1,2,3,4,5,7,8,46,47,48,49,50,51,52,58,91,92,93,94,95,96,97,98,99,100,113,114,136,137,138,139,140,141,142,143,144,145,146,147,155,159,181,182,183,184,185,186,187,188,189,190,191,192,193,196,199,200,201,204,226,227,228,229,230,231,232,233,234,235,236,237,238,239,240,241,244,246,247,271,272,273,274,275,276,277,278,279,280,281,282,283,284,285,286,287,288,289,292,305,316,317,318,319,320,321,322,323,324,325,326,327,328,329,330,331,332,333,334,335,337,348,349,361,362,363,364,365,366,367,368,369,370,371,372,373,374,375,376,377,378,379,382,383,392,393,394,396,406,407,408,409,410,411,412,413,414,415,416,417,418,419,420,421,422,423,424,425,428,434,435,436,437,438,439,451,452,453,454,455,456,457,458,459,460,461,462,463,464,465,466,467,468,469,477,478,479,480,481,482,483,484,496,497,498,499,500,501,502,503,504,505,506,507,508,509,510,511,512,513,514,523,524,525,526,528,542,543,544,545,546,547,548,549,550,552,554,555,556,557,558,559,589,590,592,593,594,599,600,602,603,604
72,72,262
1,2,3,46,47,49,91,100,136,137,139,181,182,183,184,226,227,228,229,230,231,232,233,271,272,273,274,275,276,277,278,279,280,281,283,284,309,316,317,318,319,320,321,322,323,324,325,326,327,328,329,330,331,350,352,361,362,363,364,365,366,367,368,369,370,371,372,373,374,375,376,377,378,392,393,397,406,407,408,409,410,411,412,413,414,415,416,417,418,419,420,421,422,423,436,437,438,451,452,453,454,455,456,457,458,459,460,461,462,463,464,465,466,467,468,469,470,482,483,496,497,498,499,500,501,502,503,504,505,506,507,508,509,510,511,512,513,514,515,529,541,542,543,544,545,546,547,548,549,550,551,552,553,554,555,556,557,558,559,573,586,587,588,589,590,591,592,593,594,595,596,597,598,599,600,601,602,603,604,617,618,631,632,633,634,635,636,637,638,639,640,641,642,643,644,645,646,647,648,649,650,676,677,678,679,680,681,682,683,684,685,686,687,688,689,690,691,692,693,694,695,721,722,723,724,725,726,727,728,729,730,731,732,733,735,736,737,738,739,766,767,768,769,770,771,772,773,774,779,811,812,813,814,815,816,856,857,858,867,946,991,1036
62,62,230
361,362,363,364,365,374,375,393,406,407,408,409,410,411,413,414,415,416,418,419,436,437,438,451,452,453,454,455,456,457,458,459,460,461,462,463,464,465,466,482,496,497,498,499,500,501,502,503,504,505,506,507,508,509,510,511,512,513,541,542,543,544,545,546,547,548,549,550,551,552,553,554,555,556,557,558,559,586,587,588,589,590,591,592,593,594,595,596,597,598,599,600,601,602,603,604,631,632,633,634,635,636,637,638,639,640,641,642,643,644,645,646,647,648,649,676,677,678,679,680,681,682,683,684,685,686,687,688,689,690,691,692,693,694,721,722,723,724,725,726,727,728,729,730,731,732,733,734,735,736,738,739,740,766,767,768,769,770,771,772,773,774,775,776,777,778,779,780,781,784,785,793,811,812,813,814,815,816,817,818,819,820,821,822,823,824,825,856,857,858,859,860,861,862,865,866,867,868,901,902,903,904,905,906,909,910,911,912,913,915,946,947,948,949,950,951,953,954,955,957,991,992,994,995,996,997,999,1036,1081,1082
29,29,183
362,363,406,407,408,409,437,451,454,455,496,497,499,500,541,542,544,545,546,549,558,586,587,588,589,590,591,592,593,594,597,603,631,632,633,634,635,636,637,638,639,643,644,645,646,647,649,676,677,678,679,680,681,682,683,687,688,689,690,691,692,721,722,723,724,725,726,727,728,729,730,731,732,733,734,735,766,767,768,769,770,771,772,773,774,775,776,777,778,779,780,793,811,812,813,814,815,816,819,820,821,822,823,824,825,856,857,858,859,860,861,863,864,865,866,867,868,869,870,901,902,903,904,905,906,907,908,909,910,911,912,913,914,915,946,947,948,949,950,951,952,953,954,955,956,957,960,991,992,993,994,995,996,997,998,999,1001,1036,1037,1038,1039,1040,1041,1042,1043,1044,1045,1081,1082,1083,1084,1085,1086,1088,1126,1127,1128,1129,1130,1131,1171,1174,1175
131,131,152
437,451,454,496,497,499,544,545,635,637,680,681,721,722,723,724,725,726,766,767,768,769,770,771,775,780,811,812,813,814,815,816,817,819,820,821,822,823,856,857,858,859,860,861,863,864,865,866,867,868,869,901,902,903,904,905,906,907,908,909,910,911,912,913,914,946,947,948,949,950,951,952,953,954,955,956,957,958,959,960,961,991,992,993,994,995,996,997,998,999,1000,1001,1002,1003,1004,1036,1037,1038,1039,1040,1041,1042,1043,1044,1045,1046,1047,1048,1049,1081,1082,1083,1084,1085,1086,1087,1089,1090,1091,1092,1126,1127,1128,1129,1130,1131,1132,1133,1135,1171,1172,1173,1174,1175,1176,1177,1178,1179,1217,1218,1219,1220,1221,1222,1223,1263,1264,1265,1266,1306,1307,1308
19,19,119
222,267,309,312,437,680,725,769,770,811,813,814,815,856,857,858,859,866,867,901,902,903,904,905,909,911,946,947,948,949,950,951,952,954,955,958,991,992,993,994,995,996,997,998,999,1000,1002,1003,1036,1037,1038,1039,1040,1041,1042,1043,1044,1045,1046,1047,1048,1049,1081,1082,1083,1084,1085,1086,1087,1088,1089,1090,1091,1092,1093,1126,1127,1128,1129,1130,1131,1132,1133,1134,1135,1136,1171,1172,1173,1174,1175,1176,1177,1178,1216,1217,1218,1219,1220,1221,1222,1223,1225,1261,1262,1263,1264,1265,1266,1267,1268,1269,1306,1307,1308,1309,1310,1311,1312
105,105,101
180,221,222,223,224,225,265,266,267,268,269,270,309,310,311,312,313,314,315,354,355,356,357,358,359,360,397,399,400,401,402,403,405,437,446,725,867,901,946,947,948,953,991,992,993,994,996,997,1036,1037,1038,1039,1041,1042,1043,1081,1082,1083,1084,1085,1087,1088,1089,1090,1091,1126,1127,1128,1129,1130,1131,1132,1133,1134,1171,1172,1173,1174,1175,1176,1177,1178,1179,1217,1218,1219,1220,1221,1222,1263,1264,1265,1266,1267,1268,1306,1308,1309,1310,1311,1312
114,114,88
132,134,135,176,177,178,179,180,219,220,221,222,223,224,225,263,264,265,266,267,268,269,270,308,309,310,311,312,313,314,315,352,353,354,355,356,357,358,359,360,396,397,398,399,400,401,402,403,404,405,437,441,442,443,444,445,446,448,450,489,490,491,494,946,991,992,1036,1037,1081,1082,1083,1126,1127,1128,1171,1172,1173,1174,1175,1176,1218,1219,1220,1221,1266,1310,1311,1312
105,105,87
44,45,87,88,89,90,131,132,133,134,135,174,175,176,177,178,179,180,218,219,220,221,222,223,224,225,261,262,263,264,265,266,267,268,269,270,305,306,307,308,309,310,311,312,313,314,315,350,351,352,353,354,355,356,357,358,359,360,392,393,394,395,396,397,398,399,400,401,402,403,404,437,438,439,440,441,442,443,444,445,446,482,484,485,491,991,1036
89,89,83
42,43,44,45,86,87,88,89,90,129,130,131,132,133,134,135,173,174,175,176,177,178,179,180,217,218,219,220,221,222,223,224,225,261,262,263,264,265,266,267,268,269,270,305,306,307,308,309,310,311,312,313,350,351,352,353,354,355,356,357,358,360,392,393,394,395,396,397,398,399,400,401,436,437,438,439,442,443,447,482,483,491,492
45,45,101
38,39,40,41,42,43,44,45,82,83,84,85,86,87,88,89,90,125,126,127,128,129,130,131,132,133,134,135,170,171,172,173,174,175,176,177,178,179,180,213,214,215,216,217,218,219,220,221,222,223,224,225,257,258,259,260,261,262,263,264,265,266,267,268,269,270,302,305,306,307,308,309,310,311,312,313,314,315,350,351,352,353,354,355,356,357,358,392,393,394,395,396,397,398,399,400,401,402,436,437,442
9,9,128
32,33,34,35,36,37,38,39,40,41,42,43,44,45,77,78,79,80,81,82,83,84,85,86,87,88,89,90,122,123,124,125,126,127,128,129,130,131,132,133,134,135,166,167,168,169,170,171,172,173,174,175,176,177,178,179,180,209,210,211,212,213,214,215,216,217,218,219,220,221,222,223,224,225,254,255,256,257,258,259,260,261,262,263,264,265,266,267,268,298,299,300,301,302,303,304,305,306,308,309,310,311,343,344,345,346,347,348,350,351,353,354,355,389,390,391,392,393,394,395,396,397,398,400,436,437,439,440
63,63,167
28,29,30,31,32,33,34,35,36,37,38,39,40,41,42,43,44,45,73,74,75,76,77,78,79,80,81,82,83,84,85,86,87,88,89,90,117,118,119,120,121,122,123,124,125,126,127,128,129,130,131,132,133,134,135,161,162,163,164,165,166,167,168,169,170,171,172,173,174,175,176,177,178,179,207,208,209,210,211,212,213,214,215,216,217,218,219,220,221,222,223,224,250,251,252,253,254,255,256,257,258,259,260,261,262,263,264,265,266,292,294,295,296,297,298,299,300,301,302,303,304,305,306,307,308,309,310,337,338,339,340,341,342,343,344,345,346,347,348,349,350,351,353,355,383,384,385,388,389,391,392,393,394,395,428,429,432,433,436,437,438,473,474,481,482,559,604
141,141,201
24,25,26,27,28,29,30,31,32,33,34,35,36,37,38,39,40,41,42,44,45,68,69,70,71,72,73,74,75,76,77,78,79,80,81,82,83,84,85,86,88,89,90,113,114,115,116,117,118,119,120,121,122,123,124,125,126,127,128,129,130,131,132,157,158,159,160,161,162,163,164,165,166,167,168,169,170,171,172,173,174,200,202,203,204,205,206,207,208,209,210,211,212,213,214,215,216,217,218,246,247,248,249,250,251,252,253,254,255,256,257,258,259,260,261,262,290,291,292,293,294,295,296,297,298,299,300,301,302,303,304,305,334,335,336,337,338,339,340,341,342,343,344,345,346,347,350,379,380,381,382,383,384,385,386,387,388,389,390,391,392,424,425,426,427,428,429,432,433,434,435,436,437,468,469,470,471,472,473,474,477,479,513,514,515,516,517,518,557,558,559,560,602,603,604,606,647,649,694,736,737
34,34,231
19,20,21,22,23,24,25,26,27,28,29,30,31,32,33,34,35,36,37,38,39,64,65,66,67,68,69,70,71,72,73,74,75,76,77,78,79,80,81,82,84,108,109,110,111,112,113,114,115,116,117,118,119,120,121,122,123,124,125,126,127,128,153,154,155,156,157,158,159,160,161,162,163,164,165,166,167,168,169,170,172,198,199,200,201,202,203,204,205,206,207,208,209,210,211,212,213,214,242,243,244,245,246,247,248,249,250,251,252,253,254,255,256,257,258,259,286,287,288,289,290,291,292,293,294,295,296,297,298,299,300,301,302,330,331,332,333,334,335,336,337,338,339,340,341,342,343,344,345,346,347,374,375,376,377,378,379,380,381,382,383,384,386,387,388,389,390,420,421,422,423,424,425,426,428,429,430,431,465,466,467,468,469,470,471,472,473,474,475,509,510,511,512,513,514,516,554,555,556,557,558,559,560,599,600,601,602,603,604,605,606,645,646,647,648,649,651,690,691,692,693,732,734,735,736,737,739,740,779,823,867
18,18,263
13,15,16,17,18,19,20,21,22,23,24,25,26,27,28,29,30,31,32,33,34,35,58,59,60,61,62,63,64,65,66,67,68,69,70,71,72,73,74,75,76,77,78,79,80,104,105,106,107,108,109,110,111,112,113,114,115,116,117,118,119,120,121,122,123,149,150,151,152,153,154,155,156,157,158,159,160,161,162,163,164,165,167,193,194,195,196,197,198,199,200,201,202,203,204,205,206,207,208,209,211,237,238,239,240,241,242,243,244,245,246,247,248,249,250,251,252,253,254,255,282,283,284,285,286,287,288,289,290,291,292,293,294,295,297,298,299,300,327,328,329,330,331,332,333,334,335,336,337,338,339,340,342,343,372,373,374,375,376,377,378,379,380,381,382,383,384,387,417,418,419,420,421,422,423,424,425,426,427,428,462,463,464,465,466,467,468,469,470,471,472,473,507,508,509,510,511,512,513,514,515,516,517,551,552,553,554,555,556,557,558,559,560,561,596,597,598,599,600,601,602,603,604,605,606,641,642,643,644,645,646,648,649,650,687,688,689,690,691,692,693,694,695,731,732,733,734,735,737,738,777,778,779,782,820,821,823,824,827,866,868,912,913
96,96,289
9,11,12,13,14,15,16,17,18,19,20,21,22,23,24,25,26,27,28,29,30,31,55,56,57,58,59,60,61,62,63,64,65,66,67,68,69,70,71,72,73,76,99,100,101,102,103,104,105,106,107,108,109,110,111,112,113,114,115,116,117,144,145,146,147,148,149,150,151,152,153,154,155,156,157,158,159,160,161,162,189,190,191,192,193,194,195,196,197,198,199,200,201,202,203,204,205,206,208,234,235,236,237,238,239,240,241,242,243,244,245,246,247,248,249,250,279,280,281,282,283,284,285,286,287,288,289,290,291,292,293,294,295,323,324,325,326,327,328,329,330,331,332,333,334,335,336,337,338,339,368,369,370,371,372,373,374,375,376,377,378,379,380,381,382,414,415,416,417,418,419,420,421,422,423,424,425,427,459,460,461,462,463,464,465,466,467,468,469,470,503,504,505,506,507,508,509,510,511,512,513,514,515,548,549,550,551,552,553,554,555,556,557,558,559,560,592,593,594,595,596,597,598,599,600,601,602,603,604,605,637,638,639,640,641,642,643,644,645,646,647,648,650,685,686,687,688,689,690,691,692,693,695,726,730,731,732,733,734,735,736,737,773,774,775,776,777,778,779,780,781,819,820,821,822,823,824,825,865,866,867,868,869,909,912,958,997,999,1002
80,80,300
6,7,8,9,10,11,12,13,14,15,16,17,18,19,20,21,22,23,24,25,51,52,53,54,55,56,57,58,59,60,61,62,63,64,65,66,67,68,95,96,97,98,99,100,101,102,103,104,105,106,107,108,109,110,111,112,113,140,141,142,143,144,145,146,147,148,149,150,151,152,153,154,155,156,185,186,187,188,189,190,191,192,193,194,195,196,197,198,199,200,230,231,232,233,234,235,236,237,238,239,240,241,242,243,244,245,275,276,277,278,279,280,281,282,283,284,285,286,287,288,289,290,320,321,322,323,324,325,326,327,328,329,330,331,332,333,334,335,363,365,366,367,368,369,370,371,372,373,374,375,376,377,378,379,380,408,409,410,411,412,413,414,415,416,417,418,419,420,421,422,423,424,425,454,455,456,457,458,459,460,461,462,463,464,465,466,467,468,499,500,501,502,503,504,505,506,507,508,509,510,511,512,513,544,545,546,547,548,549,550,551,552,553,554,555,556,557,589,590,591,592,593,594,595,596,597,599,600,634,635,636,637,638,639,640,641,642,643,644,679,680,681,682,683,684,685,686,687,688,689,724,725,726,727,728,729,731,732,733,734,770,771,772,773,774,775,776,777,778,814,815,816,817,818,819,820,822,859,860,865,866,905,907,946,947,951,952,956,991,992,996,997,998,1000,1036,1045,1082,1127,1128,1219
119,119,274
2,3,4,5,6,7,8,9,10,11,12,13,14,15,16,17,18,19,47,48,49,50,51,52,53,54,55,56,57,58,59,60,61,62,63,92,93,94,95,96,97,98,99,100,101,102,103,104,105,106,107,108,137,138,139,140,141,142,143,144,145,146,147,148,149,150,151,152,181,182,183,184,185,186,187,188,189,190,191,192,193,194,195,196,197,227,228,229,230,231,232,233,234,235,236,237,238,239,240,241,272,273,274,275,276,277,278,279,280,281,282,283,284,285,286,317,318,319,320,321,322,323,324,325,326,327,328,329,330,331,332,361,362,363,364,365,366,367,368,369,370,371,372,373,374,375,376,406,407,408,409,410,411,412,413,414,415,416,417,418,419,420,421,422,451,452,453,454,455,456,457,458,459,460,461,462,463,464,465,466,496,497,498,499,500,501,502,503,504,505,506,507,510,541,542,543,544,545,546,547,548,549,550,551,554,586,587,588,589,590,591,592,593,594,595,596,598,631,632,633,634,635,636,637,639,640,641,676,677,678,679,680,681,685,686,721,722,723,724,725,726,766,767,768,769,770,771,812,813,814,815,818,856,857,858,859,860,901,902,904,905,906,946,947,950,991,992,1036,1037,1081,1082,1083,1127,1223
80,80,284
1,2,3,4,5,6,7,8,9,10,11,12,13,14,15,16,17,46,47,48,49,50,51,52,53,54,55,56,57,58,59,60,61,91,92,93,94,95,96,97,98,99,100,101,102,103,104,105,106,136,137,138,139,140,141,142,143,144,145,146,147,148,149,150,152,181,182,183,184,185,186,187,188,189,190,191,192,193,194,195,196,226,227,228,229,230,231,232,233,234,235,236,237,238,239,240,241,271,272,273,274,275,276,277,278,279,280,281,282,283,316,317,318,319,320,321,322,323,324,325,326,327,328,329,361,362,363,364,365,366,367,368,369,370,371,372,373,374,406,407,408,409,410,411,412,413,414,415,416,417,418,419,451,452,453,454,455,456,457,458,459,460,461,462,463,496,497,498,499,500,501,502,503,504,505,506,541,542,543,544,545,546,547,548,549,550,552,553,586,587,588,589,590,591,592,593,594,595,598,631,632,633,634,635,636,637,638,639,640,641,676,677,678,679,680,681,682,683,684,721,722,723,724,725,726,727,766,767,768,769,770,771,772,774,811,812,813,814,815,816,856,857,858,859,860,861,901,902,903,904,905,906,946,947,950,951,991,992,995,996,1036,1037,1041,1081,1082,1083,1085,1086,1126,1127,1128,1131,1132,1171,1175,1176,1216,1220,1261,1265,1306,1309,1310,1311
135,135,281
1,2,3,4,5,6,7,8,9,10,11,12,13,14,46,47,48,49,50,51,52,53,54,55,56,57,58,59,91,92,93,94,95,96,97,98,99,100,101,102,103,104,136,137,138,139,140,141,142,143,144,145,146,147,148,149,150,181,182,183,184,185,186,187,188,189,190,191,192,193,194,195,226,227,228,229,230,231,232,233,234,235,236,237,238,239,271,272,273,274,275,276,277,278,279,280,281,282,283,284,316,317,318,319,320,321,322,323,324,325,326,327,328,361,362,363,364,365,366,367,368,369,370,371,372,373,406,407,408,409,410,411,412,413,414,415,416,417,418,451,452,453,454,455,456,457,458,459,460,461,462,463,496,497,498,499,500,501,502,503,504,505,506,541,542,543,544,545,546,547,548,549,550,551,586,587,588,589,590,591,592,593,594,595,631,632,633,634,635,636,637,638,639,640,676,677,678,679,680,681,682,683,721,722,723,724,725,726,728,766,767,768,769,770,771,811,812,813,814,815,816,817,856,857,858,859,860,901,902,903,904,905,906,946,947,948,949,950,951,954,991,992,995,996,997,1036,1037,1038,1081,1082,1083,1084,1085,1126,1127,1128,1129,1131,1171,1172,1173,1174,1175,1176,1216,1217,1218,1219,1220,1221,1261,1262,1263,1264,1265,1306,1307,1308,1309,1310,1311
9,9,277
1,2,3,4,5,6,7,8,9,10,11,12,13,14,46,47,48,49,50,51,52,53,54,55,56,57,58,91,92,93,94,95,96,97,98,99,100,101,102,103,104,136,137,138,139,140,141,142,143,144,145,146,147,148,149,181,182,183,184,185,186,187,188,189,190,191,192,194,226,227,228,229,230,231,232,233,234,235,236,237,238,271,272,273,274,275,276,277,278,279,280,281,282,316,317,318,319,320,321,322,323,324,325,326,327,328,361,362,363,364,365,366,367,368,369,370,371,372,406,407,408,409,410,411,412,413,414,415,416,417,451,452,453,454,455,456,457,458,459,460,461,462,463,496,497,498,499,500,501,502,503,504,505,541,542,543,544,545,546,547,548,549,550,552,586,587,588,589,590,591,592,593,594,595,631,632,633,634,635,636,637,638,639,640,641,676,677,678,679,680,681,682,683,721,722,723,724,725,726,727,766,767,768,769,770,771,772,811,812,813,814,815,816,817,856,857,858,859,860,861,901,902,903,904,905,906,946,947,948,949,950,951,952,991,992,993,995,996,1036,1037,1038,1041,1042,1081,1082,1083,1126,1127,1128,1129,1131,1132,1171,1172,1173,1174,1175,1176,1216,1217,1218,1219,1220,1221,1261,1262,1263,1264,1265,1266,1306,1307,1308,1309,1310,1311,1312
23,23,272
1,2,3,4,5,6,7,8,9,10,11,12,13,14,46,47,48,49,50,51,52,53,54,55,56,57,58,91,92,93,94,95,96,97,98,99,100,101,102,136,137,138,139,140,141,142,143,144,145,146,147,148,181,182,183,184,185,186,187,188,189,190,191,192,226,227,228,229,230,231,232,233,234,235,236,237,271,272,273,274,275,276,277,278,279,280,281,282,316,317,318,319,320,321,322,323,324,325,326,327,361,362,363,364,365,366,367,368,369,370,371,372,373,406,407,408,409,410,411,412,413,414,415,416,417,418,451,452,453,454,455,456,457,458,459,460,461,463,496,497,498,499,500,501,502,503,504,505,541,542,543,544,545,546,547,548,549,550,552,586,587,588,589,590,591,592,593,594,595,596,597,631,632,633,634,635,636,637,638,639,640,641,676,677,678,679,680,681,684,721,722,723,724,725,726,731,766,767,768,769,770,771,811,812,813,814,815,816,817,856,857,858,859,860,901,902,903,904,905,906,946,947,948,949,950,951,991,992,993,995,996,997,1036,1037,1038,1041,1081,1082,1083,1126,1127,1128,1130,1131,1132,1171,1172,1173,1174,1175,1176,1177,1216,1217,1218,1219,1220,1221,1222,1261,1262,1263,1264,1265,1266,1267,1306,1307,1308,1309,1310,1311
23,23,270
1,2,3,4,5,6,7,8,9,10,11,12,13,24,46,47,48,49,50,51,52,53,54,55,56,57,58,68,91,92,93,94,95,96,97,98,99,100,101,102,136,137,138,139,140,141,142,143,144,145,146,181,182,183,184,185,186,187,188,189,190,191,226,227,228,229,230,231,232,233,234,235,236,251,271,272,273,274,275,276,277,278,279,280,281,282,295,316,317,318,319,320,321,322,323,324,325,326,327,341,347,361,362,363,364,365,366,367,368,369,370,371,372,386,405,406,407,408,409,410,411,412,413,414,415,416,417,451,452,453,454,455,456,457,458,459,460,461,474,496,497,498,499,500,501,502,503,504,505,506,521,541,542,543,544,545,546,547,548,549,550,586,587,588,589,590,591,592,593,594,631,632,633,634,635,636,637,638,639,640,642,676,677,678,679,680,681,682,683,721,722,723,724,725,726,766,767,768,769,770,771,772,811,812,813,814,815,816,817,856,857,858,859,860,901,902,903,904,905,906,946,947,948,950,951,991,992,993,996,1036,1037,1038,1045,1081,1082,1083,1126,1127,1128,1131,1132,1133,1171,1172,1173,1175,1176,1177,1216,1217,1218,1219,1220,1221,1222,1261,1262,1263,1264,1265,1266,1267,1268,1306,1307,1308,1309,1310,1311,1312
8,8,254
1,2,3,4,5,6,7,8,9,10,11,44,46,47,48,49,50,51,52,53,54,55,68,91,92,93,94,95,96,97,98,99,100,101,130,136,137,138,139,140,141,142,143,144,174,181,182,183,184,185,186,187,188,226,227,228,229,230,231,232,233,234,235,250,255,271,272,273,274,275,276,277,278,279,280,281,313,315,316,317,318,319,320,321,322,323,324,325,326,340,341,348,349,360,361,362,363,364,365,366,367,368,370,385,386,403,404,406,407,408,409,410,411,412,413,414,417,429,430,431,446,451,452,453,454,455,456,457,458,459,473,474,476,496,497,498,499,500,501,502,503,504,518,519,521,522,541,542,543,544,545,546,547,548,549,550,565,566,586,587,588,589,590,591,592,593,594,595,631,632,633,634,635,636,637,638,639,641,676,677,678,679,680,681,683,721,722,723,724,725,726,749,766,767,768,769,770,771,811,812,813,814,815,816,836,840,856,857,858,859,887,901,902,903,906,946,947,948,950,951,991,992,996,1036,1037,1081,1082,1083,1126,1127,1128,1146,1171,1172,1175,1177,1216,1217,1219,1220,1221,1222,1261,1262,1263,1264,1265,1267,1268,1306,1307,1308,1309,1310
17,17,247
1,2,3,4,5,6,7,23,24,35,44,46,47,48,68,85,89,91,92,93,94,115,130,133,136,137,139,159,160,174,180,181,182,183,184,185,203,204,205,226,227,228,229,230,231,232,233,248,249,250,251,269,270,271,272,273,274,277,278,279,281,293,294,295,296,306,315,316,317,318,320,321,322,323,324,325,339,340,341,348,349,358,359,360,361,362,363,364,365,366,367,368,384,385,386,391,392,394,404,405,406,407,408,409,410,411,413,414,429,430,431,437,446,451,452,453,454,455,456,457,458,459,460,461,474,475,476,477,496,497,498,499,500,502,503,518,519,520,521,541,542,543,544,546,547,548,552,563,565,566,567,586,587,588,589,590,591,592,593,594,611,612,631,632,633,634,635,636,637,638,639,656,676,677,678,679,680,681,682,721,722,723,725,726,747,748,749,766,767,768,769,770,771,791,793,794,795,797,798,811,812,813,814,815,837,840,841,842,856,857,858,888,901,902,903,946,947,948,950,978,991,992,1036,1037,1081,1082,1091,1101,1102,1126,1127,1128,1146,1175,1216,1217,1220,1222,1261,1262,1263,1264,1267,1306,1307,1308,1310
82,82,219
21,23,24,34,35,67,68,69,85,92,93,113,114,115,129,130,131,158,159,174,184,203,204,205,206,231,232,233,234,248,249,250,251,270,277,278,279,282,294,295,296,315,322,323,324,325,326,339,340,341,348,349,350,360,361,368,369,370,371,384,385,386,392,393,394,400,405,406,407,410,412,415,416,429,430,431,432,436,437,446,447,448,451,452,453,454,455,456,460,474,475,476,477,478,480,495,496,497,498,499,504,518,519,520,521,522,541,542,543,544,546,564,565,566,567,569,583,586,587,588,589,590,591,592,593,594,609,610,611,612,631,632,633,634,635,636,637,638,639,656,676,677,678,679,680,682,721,722,723,725,726,736,746,747,748,749,750,751,766,767,768,770,771,790,791,792,793,794,795,796,797,798,811,812,813,814,815,816,836,837,840,841,842,856,857,858,881,886,901,902,903,915,940,946,947,950,978,991,992,1014,1022,1023,1024,1026,1036,1056,1081,1082,1101,1127,1146,1190,1217,1222,1261,1267,1306,1307,1335
128,128,211
23,32,40,41,42,58,59,66,68,84,85,86,87,104,105,111,129,130,149,150,156,201,205,250,251,294,295,296,314,339,341,358,359,360,363,364,365,366,383,384,385,386,399,400,404,405,406,407,408,409,410,411,412,413,429,430,437,438,439,440,444,445,446,451,452,453,454,455,456,457,474,475,480,481,488,489,490,491,494,495,499,500,501,519,520,533,534,535,564,565,566,583,607,608,609,610,611,612,613,618,619,628,629,632,653,655,656,657,658,663,670,671,673,674,677,683,698,699,700,701,702,715,716,717,721,729,743,745,746,750,755,766,788,789,790,793,794,795,797,810,838,839,840,841,842,879,880,882,883,884,885,886,887,889,924,925,927,928,929,930,931,932,934,969,970,973,974,975,976,977,983,1018,1019,1021,1022,1023,1024,1027,1028,1029,1030,1031,1068,1069,1072,1073,1074,1075,1076,1081,1082,1113,1118,1119,1121,1126,1127,1163,1171,1172,1173,1216,1217,1218,1235,1237,1280,1320,1324,1325,1326
82,82,216
12,13,23,24,25,33,34,35,36,37,38,40,41,57,58,59,60,68,70,79,80,81,84,85,86,87,104,105,113,115,128,129,130,131,132,148,158,173,174,175,189,190,218,219,220,235,236,248,249,250,251,262,263,281,282,293,294,295,307,313,316,338,339,340,351,357,358,361,362,363,364,370,384,395,407,408,409,415,428,436,437,451,453,454,475,476,491,492,495,496,497,498,499,518,519,520,521,522,523,533,541,542,543,544,545,546,547,562,563,564,565,566,567,577,578,584,586,588,589,590,591,592,593,608,609,610,611,612,613,628,633,634,635,636,637,638,639,654,655,656,657,658,659,664,676,678,680,698,699,700,701,702,703,704,709,724,725,743,744,745,746,766,767,768,769,770,771,774,775,777,790,800,811,812,813,814,815,822,834,835,836,839,840,842,843,856,857,879,880,881,888,889,902,923,924,925,933,934,946,965,969,975,979,991,1004,1021,1027,1066,1067,1081,1119,1146,1164,1192,1237,1292
79,79,196
13,14,23,24,25,32,33,35,36,37,40,42,58,59,68,70,78,79,80,85,86,87,103,104,105,115,129,130,131,149,173,174,175,190,194,204,219,236,237,248,249,250,263,270,281,282,293,294,295,306,307,313,327,338,358,361,362,364,384,402,409,416,428,429,436,437,447,454,476,491,495,496,497,499,500,520,521,541,542,543,544,545,546,547,562,563,564,565,578,584,586,588,589,590,591,592,593,594,597,608,609,610,611,612,613,621,628,631,634,635,636,637,638,639,655,656,657,659,664,676,679,680,686,697,698,701,702,703,704,722,723,724,725,732,733,742,744,745,766,768,769,770,774,775,776,777,781,788,789,791,811,812,814,820,821,822,825,826,834,835,836,838,840,842,856,857,858,879,880,881,887,888,889,901,902,903,915,924,925,934,946,970,982,991,1015,1027,1067,1068,1069,1114,1120,1164,1190,1192,1237,1292
1,1,172
23,25,32,33,34,35,36,38,39,40,41,42,58,59,60,79,80,82,83,84,85,86,104,105,113,115,128,129,130,131,149,173,174,175,194,204,218,219,236,237,248,249,263,280,282,293,294,307,326,327,339,351,357,358,429,437,454,476,481,491,495,496,497,499,519,541,543,544,545,546,547,563,564,565,584,586,588,589,590,591,592,593,607,608,609,610,611,613,621,631,634,635,636,638,639,641,653,654,655,656,664,676,680,698,699,700,701,702,703,724,725,731,732,733,744,745,746,754,767,768,769,770,774,775,776,787,788,789,791,811,812,813,814,816,820,821,822,826,834,835,836,841,842,856,857,858,864,879,880,881,888,902,903,924,925,946,960,966,969,970,1011,1015,1027,1069,1103,1114,1147,1164,1165,1185,1190,1192
78,78,139
23,25,32,33,34,35,36,37,38,39,40,41,42,70,78,79,83,84,85,86,104,113,129,130,131,150,174,175,204,218,247,248,249,263,282,283,294,295,307,327,351,361,384,427,429,437,454,474,483,496,497,499,519,541,544,545,546,547,565,586,588,589,590,591,592,593,607,608,609,610,634,635,636,653,654,655,656,679,680,686,698,699,700,702,723,725,730,731,732,744,745,746,767,768,769,770,772,774,776,787,788,789,791,811,812,813,814,816,820,821,822,833,834,835,836,856,857,858,878,879,880,881,902,903,925,946,966,970,991,1011,1012,1015,1027,1057,1059,1071,1113,1114,1192
82,82,108
23,24,25,32,33,41,60,78,86,105,113,130,204,237,248,249,263,283,294,295,306,327,429,437,451,454,483,491,496,499,519,541,543,544,545,546,547,586,588,589,590,591,592,593,608,609,634,635,636,653,654,655,656,679,680,686,698,699,700,701,702,723,724,725,730,731,743,745,747,768,769,770,772,774,775,776,787,788,789,790,811,812,813,814,820,821,822,833,834,835,836,856,857,858,859,861,878,879,880,902,903,970,1057,1071,1103,1113,1114,1164
78,78,83
23,32,33,41,86,113,130,263,294,329,454,474,496,499,519,541,543,544,545,546,547,586,588,589,590,591,592,593,608,609,635,636,652,653,654,655,656,680,698,699,700,723,724,725,729,730,743,744,745,767,768,769,770,771,772,774,775,776,788,789,790,811,812,813,815,820,821,832,833,834,856,857,858,861,878,879,880,902,903,923,1070,1102,1192
63,63,47
32,33,113,263,454,483,496,543,544,545,546,547,589,590,591,592,608,652,653,655,698,699,700,723,725,730,743,744,745,767,768,769,770,774,775,776,790,811,812,821,822,834,856,857,858,861,902
78,78,1
775
76,76,121
15,22,23,43,44,45,61,67,68,88,89,90,103,104,106,107,112,149,152,153,157,192,193,238,239,253,274,275,276,277,283,284,285,318,319,320,321,322,323,329,330,362,363,364,365,366,367,368,402,412,435,447,463,464,465,507,508,509,510,511,514,532,533,534,537,538,553,554,555,556,559,573,576,577,578,579,580,582,583,584,598,599,600,604,623,624,625,629,643,644,649,673,694,718,738,739,761,782,783,784,807,825,827,895,929,940,985,1030,1031,1045,1046,1047,1054,1064,1065,1119,1128,1158,1163,1164,1226
33,33,71
404,445,460,671,706,849,850,851,886,887,890,891,892,893,894,896,897,935,936,937,939,943,945,976,979,980,981,982,983,984,989,1024,1026,1028,1030,1031,1032,1033,1034,1069,1076,1077,1078,1121,1122,1205,1214,1215,1243,1244,1250,1251,1254,1256,1257,1258,1259,1260,1283,1289,1297,1298,1301,1303,1305,1338,1341,1344,1345,1346,1347
56,56,97
90,399,404,445,460,626,670,704,751,796,802,843,844,848,849,850,851,855,887,890,891,892,893,894,895,896,897,900,931,935,938,939,940,942,943,945,976,978,980,981,982,983,984,988,989,990,1020,1021,1024,1025,1026,1027,1028,1029,1031,1032,1033,1034,1069,1076,1077,1078,1121,1122,1123,1124,1154,1206,1207,1214,1215,1233,1244,1250,1251,1254,1255,1256,1257,1258,1259,1260,1289,1290,1295,1296,1297,1298,1300,1301,1303,1335,1341,1342,1343,1345,1346
126,126,75
624,670,671,704,762,795,796,803,848,849,850,851,892,893,894,895,897,935,939,940,942,945,981,982,983,984,988,989,1024,1025,1026,1029,1030,1031,1032,1033,1069,1075,1076,1077,1078,1119,1121,1122,1123,1124,1205,1207,1214,1215,1228,1244,1245,1250,1254,1255,1256,1257,1258,1259,1260,1274,1277,1289,1290,1295,1298,1299,1300,1301,1304,1340,1341,1345,1346
85,85,89
44,45,90,208,252,671,704,706,707,762,795,804,840,849,850,851,854,882,892,893,894,895,896,897,900,935,939,942,943,945,979,981,982,983,984,988,989,1026,1031,1032,1033,1034,1069,1074,1075,1076,1077,1078,1120,1121,1122,1123,1124,1161,1205,1206,1214,1215,1228,1233,1244,1249,1250,1251,1255,1257,1259,1260,1274,1276,1277,1288,1289,1290,1294,1295,1296,1297,1299,1300,1301,1336,1338,1339,1340,1341,1345,1346,1347
108,108,183
44,45,88,89,90,112,162,163,164,207,208,209,245,252,253,254,297,298,335,336,382,447,461,472,606,624,625,658,668,670,671,704,705,706,707,716,740,748,749,750,751,761,762,784,794,795,796,797,803,804,810,812,837,840,841,848,849,850,851,854,855,881,882,883,885,886,887,890,891,892,893,894,895,896,897,900,907,925,926,931,935,936,939,940,941,942,943,945,948,949,980,981,982,983,984,985,986,988,989,990,1025,1026,1030,1031,1032,1033,1034,1056,1069,1070,1071,1075,1076,1077,1078,1079,1080,1119,1120,1121,1122,1123,1124,1125,1161,1189,1201,1205,1213,1214,1215,1228,1232,1233,1243,1244,1245,1249,1250,1251,1252,1255,1256,1257,1259,1260,1273,1274,1276,1277,1278,1282,1283,1288,1289,1290,1293,1294,1295,1296,1297,1298,1299,1300,1301,1303,1304,1320,1321,1322,1326,1327,1328,1333,1335,1336,1338,1339,1340,1341,1345,1346,1347
22,22,249
21,44,45,89,90,112,116,117,161,162,163,164,206,207,208,209,252,253,254,290,293,297,298,335,336,339,379,381,382,384,425,426,427,428,461,471,472,475,517,553,555,582,624,630,670,671,695,704,705,706,707,716,741,749,750,751,760,761,762,784,785,788,792,795,796,803,804,805,809,826,829,831,836,837,840,841,847,848,849,850,851,853,854,855,861,862,871,872,873,874,875,876,881,882,885,886,890,891,892,893,894,895,896,897,900,907,908,919,920,924,925,926,927,930,931,935,939,940,941,942,943,945,949,953,954,971,979,980,981,982,983,984,985,986,988,989,990,998,999,1011,1020,1024,1025,1026,1027,1028,1030,1031,1032,1033,1034,1035,1055,1056,1065,1069,1070,1071,1074,1075,1076,1077,1078,1079,1115,1118,1119,1120,1121,1122,1123,1125,1132,1161,1162,1164,1169,1187,1189,1190,1205,1207,1208,1214,1215,1228,1232,1233,1234,1235,1236,1238,1243,1244,1245,1246,1249,1250,1251,1252,1253,1254,1255,1256,1257,1258,1259,1260,1273,1275,1276,1277,1278,1283,1288,1289,1290,1291,1293,1294,1295,1296,1297,1298,1299,1300,1301,1303,1304,1308,1321,1323,1326,1327,1328,1329,1333,1334,1335,1336,1338,1339,1340,1341,1342,1343,1345,1346,1347
10,10,300
44,45,89,90,116,117,118,161,162,163,164,207,208,209,248,252,253,254,290,293,297,298,335,336,380,381,382,384,385,426,427,429,430,431,447,460,461,471,472,474,475,476,477,507,508,516,518,553,561,562,566,624,644,650,670,671,687,689,695,696,705,706,716,739,740,741,746,749,750,751,761,762,784,785,787,788,791,792,794,795,804,805,808,809,818,825,826,829,831,832,836,837,840,847,848,849,850,851,854,855,860,861,862,863,871,872,873,874,875,876,877,881,882,884,885,886,890,892,893,894,895,896,897,900,904,907,908,911,917,918,919,920,921,922,924,926,927,930,935,939,940,941,942,943,945,948,953,954,967,968,970,971,980,981,982,983,985,986,987,988,989,990,993,994,999,1010,1011,1024,1025,1026,1027,1028,1031,1032,1033,1034,1035,1055,1056,1065,1069,1070,1071,1075,1076,1077,1078,1079,1080,1086,1100,1115,1116,1119,1120,1121,1122,1123,1124,1125,1132,1143,1144,1161,1164,1168,1169,1183,1187,1188,1189,1190,1193,1199,1200,1205,1206,1207,1208,1211,1213,1214,1215,1228,1230,1231,1232,1233,1235,1236,1238,1243,1244,1245,1246,1248,1249,1250,1251,1252,1253,1254,1255,1256,1257,1259,1260,1262,1266,1273,1274,1275,1276,1277,1278,1280,1281,1282,1283,1284,1287,1288,1289,1290,1291,1293,1294,1295,1296,1297,1298,1299,1300,1301,1302,1303,1304,1305,1308,1317,1318,1322,1326,1327,1328,1329,1333,1334,1335,1336,1337,1338,1339,1340,1341,1342,1343,1345,1346,1347
72,72,351
21,35,44,45,89,90,112,116,117,118,134,159,161,162,163,164,207,208,209,245,248,250,252,253,254,289,290,293,297,298,334,335,336,339,379,381,382,383,385,426,427,429,430,431,460,461,468,471,472,475,476,477,507,508,509,510,517,519,520,521,551,552,553,554,555,557,561,562,594,597,598,606,640,641,642,644,645,650,651,671,682,686,687,688,689,690,691,694,695,696,705,706,716,734,739,740,741,746,749,750,751,762,771,783,784,785,791,792,794,795,804,805,807,809,813,815,816,818,822,823,824,825,826,829,830,831,832,836,837,839,840,847,848,849,850,851,854,855,860,861,862,863,867,870,871,872,873,874,875,876,881,882,885,890,891,893,894,895,896,897,900,903,905,906,907,908,909,911,918,919,921,926,927,935,939,940,942,943,945,948,949,953,954,955,956,966,967,968,970,971,981,985,986,987,988,989,990,993,994,998,999,1000,1010,1011,1012,1013,1024,1025,1026,1030,1031,1032,1033,1034,1035,1039,1042,1045,1055,1056,1057,1065,1069,1070,1071,1074,1075,1076,1077,1078,1079,1087,1088,1090,1095,1096,1099,1100,1101,1102,1111,1115,1116,1118,1119,1120,1121,1122,1123,1125,1130,1132,1142,1144,1145,1146,1147,1160,1161,1164,1170,1177,1183,1187,1188,1189,1190,1193,1199,1205,1206,1207,1214,1215,1221,1227,1228,1230,1231,1232,1233,1234,1235,1236,1238,1243,1244,1245,1246,1249,1250,1251,1252,1253,1254,1255,1256,1257,1259,1260,1273,1274,1275,1276,1277,1278,1281,1282,1283,1288,1289,1290,1291,1293,1294,1295,1296,1297,1298,1299,1300,1301,1302,1303,1304,1305,1317,1318,1319,1320,1321,1322,1325,1326,1327,1328,1329,1333,1334,1335,1336,1337,1338,1339,1340,1341,1342,1343,1345,1346,1347
3,3,45
24,38,68,69,106,107,113,114,132,158,203,232,233,241,247,248,278,279,292,293,324,325,338,475,520,565,616,617,618,627,660,661,662,693,703,704,738,748,763,806,994,1098,1223,1268,1313
2,2,223
164,208,209,254,297,381,419,427,459,461,462,463,471,472,507,508,515,517,552,553,592,593,596,598,640,644,672,727,732,733,734,749,768,769,770,771,772,773,776,777,778,779,794,796,809,813,814,815,816,817,819,823,824,830,836,837,847,849,850,858,859,860,861,862,863,868,881,882,890,891,893,894,895,903,907,908,911,921,927,935,940,941,942,953,954,955,957,958,964,966,980,982,985,986,999,1003,1010,1011,1013,1015,1024,1025,1027,1031,1034,1042,1046,1047,1055,1070,1071,1074,1076,1077,1080,1088,1091,1092,1093,1094,1095,1099,1100,1115,1116,1121,1122,1123,1124,1125,1133,1137,1140,1141,1144,1145,1147,1156,1160,1161,1165,1166,1170,1183,1184,1188,1189,1191,1192,1193,1200,1201,1205,1214,1215,1227,1228,1229,1233,1234,1235,1237,1238,1239,1244,1245,1246,1247,1248,1249,1250,1251,1255,1256,1259,1260,1266,1267,1272,1273,1274,1277,1281,1282,1283,1286,1288,1289,1290,1291,1292,1293,1294,1295,1296,1297,1298,1299,1300,1304,1305,1317,1318,1319,1320,1321,1322,1325,1327,1328,1333,1334,1335,1336,1337,1338,1339,1340,1341,1342,1343,1344,1346
108,108,186
208,248,253,297,419,427,461,463,471,472,517,551,556,592,593,596,639,640,650,691,727,732,733,736,751,768,769,770,771,772,773,777,778,780,813,814,815,816,817,818,819,824,825,837,848,849,858,860,862,863,867,875,881,882,890,895,896,903,905,906,908,911,920,921,935,942,948,949,953,954,956,957,958,970,980,981,985,986,989,1001,1010,1011,1025,1031,1034,1042,1055,1056,1070,1071,1076,1088,1091,1092,1093,1094,1095,1100,1116,1120,1121,1122,1123,1124,1125,1133,1137,1138,1140,1144,1145,1156,1165,1166,1180,1182,1183,1184,1189,1190,1191,1192,1200,1202,1205,1214,1215,1227,1228,1229,1235,1237,1238,1244,1245,1248,1249,1250,1251,1255,1256,1260,1267,1271,1272,1273,1274,1275,1277,1280,1282,1283,1286,1288,1289,1290,1291,1292,1293,1294,1295,1296,1297,1298,1299,1300,1315,1317,1318,1319,1320,1322,1325,1327,1328,1329,1334,1335,1336,1337,1338,1339,1340,1343,1344,1346
25,25,277
162,163,208,252,293,297,416,417,419,427,461,462,463,464,472,504,507,508,515,517,548,550,551,552,553,556,557,593,595,596,598,639,640,641,642,643,686,687,688,689,691,727,728,731,732,733,734,736,740,750,751,768,769,770,771,772,773,778,779,780,781,784,813,814,815,816,817,818,819,821,822,824,826,829,837,847,848,849,850,858,860,861,862,863,866,867,874,875,881,882,890,893,894,895,905,908,910,911,917,918,921,935,940,941,942,948,949,953,954,956,957,958,965,968,985,986,989,993,1001,1010,1011,1012,1016,1025,1026,1031,1034,1046,1047,1053,1054,1055,1056,1057,1059,1060,1070,1071,1076,1080,1088,1091,1092,1093,1094,1095,1098,1099,1100,1101,1102,1104,1105,1115,1116,1120,1121,1122,1123,1124,1125,1133,1134,1136,1137,1138,1140,1144,1145,1147,1149,1150,1156,1165,1170,1181,1182,1183,1184,1186,1189,1190,1192,1195,1200,1201,1205,1211,1212,1214,1215,1222,1226,1227,1228,1229,1230,1231,1232,1233,1234,1235,1237,1238,1243,1244,1245,1246,1247,1248,1249,1250,1251,1252,1253,1255,1256,1257,1258,1260,1267,1271,1272,1273,1274,1275,1277,1278,1280,1281,1282,1283,1285,1286,1287,1288,1289,1290,1291,1292,1293,1294,1295,1296,1297,1298,1299,1300,1301,1305,1315,1316,1317,1318,1319,1320,1321,1322,1323,1325,1326,1327,1328,1330,1332,1333,1334,1335,1336,1337,1338,1339,1340,1341,1343,1345,1346
13,13,251
163,208,252,253,297,415,416,419,459,461,462,465,472,504,505,506,508,517,538,550,551,552,553,557,593,594,595,596,597,639,640,641,642,643,651,688,695,696,727,733,734,736,740,751,768,769,770,771,772,773,774,778,779,780,784,813,814,815,816,817,818,819,848,849,858,860,861,862,863,866,867,875,881,882,893,894,895,896,903,906,907,910,911,912,913,935,941,948,949,953,954,955,956,957,965,966,985,986,989,993,1001,1002,1003,1010,1011,1012,1025,1026,1031,1034,1046,1047,1048,1055,1056,1058,1059,1060,1070,1071,1076,1088,1091,1092,1093,1094,1095,1099,1100,1104,1105,1115,1116,1119,1120,1121,1122,1125,1134,1136,1137,1138,1140,1144,1145,1146,1148,1160,1165,1166,1170,1181,1182,1183,1186,1187,1189,1190,1191,1192,1193,1194,1195,1200,1201,1202,1205,1214,1215,1222,1226,1227,1228,1229,1230,1231,1232,1233,1234,1235,1236,1237,1238,1244,1245,1246,1247,1248,1249,1250,1251,1252,1253,1255,1256,1257,1260,1267,1271,1272,1273,1274,1275,1276,1277,1278,1280,1281,1282,1283,1286,1288,1289,1290,1291,1292,1293,1294,1295,1296,1297,1298,1299,1300,1305,1315,1316,1317,1318,1319,1320,1321,1322,1323,1325,1327,1328,1329,1332,1333,1334,1335,1336,1337,1338,1339,1340,1341,1342,1343,1346
68,68,264
133,162,208,252,253,293,297,381,416,421,427,459,461,472,504,505,506,516,517,550,551,552,592,593,595,596,597,639,640,641,642,643,688,689,692,695,727,734,736,741,750,751,768,769,770,771,772,773,774,779,813,814,815,816,817,818,819,820,830,848,849,858,860,861,863,866,867,874,876,882,893,894,895,896,903,905,906,907,909,910,911,912,913,920,921,926,935,940,941,945,948,949,953,954,955,956,957,958,965,966,986,989,990,993,1000,1001,1002,1003,1010,1011,1016,1026,1031,1042,1043,1046,1047,1055,1056,1070,1071,1076,1079,1080,1087,1088,1091,1092,1093,1094,1095,1099,1100,1101,1105,1115,1116,1120,1121,1122,1125,1133,1136,1137,1138,1140,1144,1145,1146,1149,1150,1160,1165,1166,1181,1182,1183,1186,1187,1188,1189,1190,1191,1192,1193,1194,1200,1201,1202,1207,1211,1212,1214,1215,1222,1226,1227,1228,1229,1230,1231,1232,1233,1234,1235,1236,1237,1238,1239,1240,1242,1244,1245,1246,1247,1248,1249,1250,1251,1252,1253,1255,1256,1257,1260,1266,1267,1268,1271,1272,1273,1274,1275,1276,1277,1278,1280,1281,1282,1283,1285,1286,1288,1289,1290,1291,1292,1293,1294,1295,1296,1297,1298,1299,1300,1312,1315,1317,1318,1319,1320,1321,1322,1323,1325,1326,1327,1328,1329,1331,1332,1333,1334,1335,1336,1337,1338,1339,1340,1341,1342,1343,1344,1345
50,50,182
416,427,462,472,504,505,551,593,595,596,640,641,727,736,741,750,768,769,770,771,772,773,774,813,814,815,816,817,818,819,830,849,858,860,863,874,881,893,894,895,896,909,911,920,921,940,953,954,955,956,957,965,989,993,1001,1010,1011,1046,1047,1055,1071,1076,1080,1091,1092,1093,1094,1095,1099,1100,1101,1105,1116,1120,1121,1122,1123,1133,1136,1137,1138,1140,1144,1145,1149,1160,1165,1166,1170,1182,1183,1184,1186,1189,1190,1191,1192,1195,1200,1201,1202,1211,1214,1215,1222,1226,1227,1228,1229,1230,1231,1232,1233,1234,1235,1236,1237,1242,1244,1245,1246,1247,1248,1249,1250,1251,1252,1255,1256,1260,1266,1267,1271,1272,1273,1274,1275,1276,1277,1278,1279,1280,1281,1282,1283,1286,1287,1288,1289,1290,1291,1292,1293,1294,1295,1296,1297,1298,1299,1300,1305,1315,1318,1319,1321,1322,1325,1327,1328,1329,1330,1333,1334,1335,1336,1337,1338,1339,1340,1341,1342,1343
33,33,135
416,596,768,769,770,771,772,773,774,814,815,816,818,819,849,858,881,894,895,907,911,935,940,954,955,956,965,1000,1001,1002,1031,1046,1047,1055,1071,1076,1092,1093,1094,1100,1115,1116,1120,1121,1122,1137,1139,1140,1145,1160,1165,1166,1182,1183,1184,1186,1189,1190,1191,1196,1200,1201,1214,1215,1222,1226,1227,1228,1229,1230,1231,1232,1234,1235,1236,1237,1238,1240,1242,1244,1245,1246,1247,1248,1250,1251,1255,1256,1260,1266,1267,1272,1273,1274,1275,1276,1277,1280,1281,1282,1283,1288,1289,1290,1291,1292,1293,1294,1295,1296,1297,1298,1299,1300,1312,1315,1318,1319,1321,1322,1327,1328,1329,1330,1331,1333,1334,1335,1336,1337,1338,1339,1340,1341,1343
143,143,135
416,768,769,770,771,773,774,813,814,815,816,818,819,849,858,893,894,895,907,909,911,954,955,956,989,1000,1001,1031,1046,1047,1076,1092,1093,1094,1100,1116,1120,1121,1122,1137,1139,1140,1145,1146,1165,1170,1182,1183,1184,1186,1189,1190,1191,1200,1201,1205,1211,1214,1215,1222,1226,1227,1228,1229,1230,1231,1232,1234,1235,1236,1237,1240,1244,1245,1246,1247,1248,1250,1251,1253,1254,1255,1256,1260,1266,1267,1268,1271,1272,1273,1274,1275,1276,1277,1278,1280,1281,1282,1283,1286,1288,1290,1291,1292,1293,1294,1295,1296,1297,1298,1299,1300,1312,1315,1318,1319,1321,1322,1323,1325,1327,1329,1330,1331,1333,1334,1335,1336,1337,1338,1339,1340,1341,1342,1343
28,28,102
25,40,51,70,108,115,129,159,173,174,178,204,205,220,221,223,236,249,265,266,268,269,310,311,312,313,314,338,360,382,386,427,494,495,498,521,522,536,540,566,567,612,630,652,664,671,697,705,706,707,709,710,711,712,718,719,720,750,751,754,755,756,757,758,759,760,761,762,763,765,799,800,801,802,803,804,805,806,828,847,848,852,884,934,935,965,983,1010,1035,1077,1078,1079,1105,1106,1150,1151,1152,1178,1195,1196,1197,1324
142,142,64
509,768,773,814,894,895,940,950,985,1071,1092,1121,1131,1137,1164,1165,1173,1182,1183,1184,1204,1205,1215,1221,1228,1229,1230,1245,1246,1247,1248,1251,1253,1260,1273,1274,1287,1290,1291,1292,1293,1294,1295,1296,1297,1298,1299,1300,1318,1319,1321,1323,1327,1328,1329,1333,1334,1335,1336,1337,1338,1339,1340,1343
142,142,63
642,728,769,773,815,893,894,895,941,985,1116,1137,1165,1183,1184,1211,1212,1215,1221,1227,1228,1229,1230,1231,1245,1246,1247,1248,1252,1253,1256,1260,1273,1274,1275,1276,1287,1288,1290,1291,1292,1293,1294,1295,1296,1297,1298,1300,1319,1320,1323,1327,1329,1333,1334,1335,1336,1337,1338,1339,1340,1343,1345
101,101,15
87,1137,1183,1228,1246,1274,1290,1291,1292,1293,1294,1295,1296,1298,1337
10,10,11
1137,1228,1229,1247,1274,1291,1292,1295,1296,1334,1336
23,23,16
44,45,87,88,269,270,312,315,360,450,585,619,629,715,720,765
13,13,59
42,43,44,45,85,86,87,88,89,90,130,131,132,133,134,175,178,180,222,225,269,270,309,310,313,315,357,358,359,360,403,404,405,449,450,491,494,495,540,575,582,584,585,618,619,620,629,630,669,674,675,712,714,715,716,719,720,761,765
34,34,80
26,37,40,42,43,44,45,84,86,87,88,89,90,129,131,132,133,134,135,174,175,176,177,179,180,222,223,225,267,268,269,270,309,312,313,314,315,353,356,357,358,359,360,397,398,400,401,402,404,405,448,450,491,530,536,540,573,574,575,576,581,582,583,584,585,618,619,620,628,629,630,674,675,715,719,720,761,763,765,810
5,5,130
25,26,36,37,38,39,40,41,42,43,44,45,70,71,80,81,82,83,84,85,86,87,88,89,90,128,129,130,131,132,133,134,135,160,172,174,175,176,177,178,179,180,219,221,222,223,224,225,249,264,266,267,268,269,270,307,308,309,311,312,313,314,315,352,353,354,355,356,357,358,359,360,397,398,401,403,404,405,437,442,443,446,447,448,449,450,488,491,494,495,529,530,532,535,536,540,574,575,578,580,581,582,583,584,585,618,619,620,624,628,629,630,669,670,673,674,675,715,716,718,719,720,752,753,765,796,800,808,810,898
88,88,125
22,23,24,26,27,29,37,38,39,40,41,42,43,44,45,67,68,69,71,74,83,84,85,86,87,88,89,90,112,113,114,116,119,126,127,128,129,130,131,132,133,134,135,157,158,159,172,173,175,176,177,178,179,180,208,217,218,223,224,225,252,253,263,266,268,269,270,297,300,308,342,345,346,347,353,356,357,401,402,491,537,538,539,540,583,585,629,630,674,675,705,717,718,762,763,786,800,805,806,807,808,844,845,846,849,850,851,852,893,894,895,939,940,941,1233,1234,1240,1241,1278,1284,1285,1286,1328,1329,1330
135,135,172
20,21,23,24,25,26,27,28,29,30,31,32,33,34,35,36,37,38,39,40,41,42,43,44,45,66,67,68,69,70,71,72,73,74,75,76,77,78,79,80,81,82,83,84,85,86,87,88,89,90,113,116,117,118,119,120,121,122,123,124,125,126,127,128,129,130,131,132,133,134,135,161,165,166,167,168,169,170,171,172,173,174,175,176,177,178,179,180,206,212,213,214,215,216,217,218,219,220,221,222,223,224,225,250,251,259,260,261,262,263,264,265,266,267,268,269,270,295,305,306,307,308,309,310,311,312,313,314,315,347,351,352,353,354,355,356,357,358,359,360,397,398,400,401,402,403,404,405,442,445,446,447,448,449,450,492,493,494,495,538,539,540,629,630,670,671,672,674,714,720,760,765
119,119,189
18,20,21,22,23,24,25,26,27,28,29,30,31,32,33,34,35,36,37,38,39,40,41,42,43,44,45,64,66,67,68,69,70,71,72,73,74,75,76,77,78,79,80,81,82,83,84,85,86,87,88,89,90,111,112,113,116,117,118,119,120,121,122,123,124,125,126,127,128,129,130,131,132,133,134,135,161,162,163,164,165,166,167,168,169,170,171,172,173,174,175,176,177,178,179,180,206,209,210,211,212,213,214,215,216,217,218,219,220,221,222,223,224,225,254,256,257,258,259,260,261,262,263,264,265,266,267,268,269,270,300,301,302,303,304,305,306,307,308,309,310,311,312,313,314,315,347,350,351,352,353,354,355,356,357,358,359,360,395,396,397,398,399,400,401,402,403,404,405,443,444,445,446,447,448,449,450,491,492,493,494,495,538,539,540,584,585,629,630
123,123,223
13,14,15,16,17,18,19,20,21,22,23,24,25,26,27,28,29,30,31,32,33,34,35,36,37,38,39,40,41,42,43,44,45,58,61,63,64,65,66,67,68,69,70,71,72,73,74,75,76,77,78,79,80,81,82,83,84,85,86,87,88,89,90,106,107,108,109,110,111,112,113,114,115,116,117,118,119,120,121,122,123,124,125,126,127,128,129,130,131,132,133,134,135,157,158,159,160,161,162,163,164,165,166,167,168,169,170,171,172,173,174,175,176,177,178,179,180,204,205,206,207,208,209,210,211,212,213,214,215,216,217,218,219,220,221,222,223,224,225,250,251,254,255,256,257,258,259,260,261,262,263,264,265,266,267,268,269,270,300,301,302,303,304,305,306,307,308,309,310,311,312,313,314,315,346,347,349,350,351,352,353,354,355,356,357,358,359,360,394,395,396,397,398,399,400,401,402,403,404,405,439,440,442,443,444,446,447,448,449,450,491,492,493,494,495,537,538,539,540,584,585,629,630
21,21,247
6,8,9,10,11,12,13,14,15,16,17,18,19,20,21,22,23,24,25,26,27,28,29,30,31,32,33,34,35,36,37,38,39,40,41,42,43,44,45,56,57,58,59,60,61,62,63,64,65,66,67,68,69,70,71,72,73,74,75,76,77,78,79,80,81,82,83,84,85,86,87,88,89,90,105,106,107,108,109,110,111,112,113,114,115,116,117,118,119,120,121,122,123,124,125,126,127,128,129,130,131,132,133,134,135,151,154,155,156,157,158,159,160,161,162,163,164,165,166,167,168,169,170,171,172,173,174,175,176,177,178,179,180,200,201,202,203,204,205,206,207,208,209,210,211,212,213,214,215,216,217,218,219,220,221,222,223,224,225,249,250,251,254,255,256,257,258,259,260,261,262,263,264,265,266,267,268,269,270,294,295,296,299,300,301,302,303,304,305,306,307,308,309,310,311,312,313,314,315,346,347,348,349,350,351,352,353,354,355,356,357,358,359,360,391,393,395,396,397,398,399,400,401,402,403,404,405,437,439,440,441,442,443,444,445,446,447,448,449,450,491,492,493,494,495,539,540
39,39,264
2,3,4,5,6,7,8,9,10,11,12,13,14,15,16,17,18,19,20,21,22,23,24,25,26,27,28,29,30,31,32,33,34,35,36,37,38,39,40,41,42,43,49,50,51,52,53,54,55,56,57,58,59,60,61,62,63,64,65,66,67,68,69,70,71,72,73,74,75,76,77,78,79,80,81,82,83,84,85,86,87,88,89,90,100,101,102,103,104,105,106,107,108,109,110,111,112,113,114,115,116,117,118,119,120,121,122,123,124,125,126,127,128,129,130,131,132,133,134,135,147,149,150,152,153,154,155,156,157,158,159,160,161,162,163,164,165,166,167,168,169,170,171,172,173,174,175,176,177,178,179,180,193,196,200,201,202,203,204,205,206,207,208,209,210,211,212,213,214,215,216,217,218,219,220,221,222,223,224,225,248,249,250,251,252,253,255,256,257,258,259,260,261,262,263,264,265,266,267,268,269,270,294,295,299,300,301,302,303,304,305,306,307,308,309,310,311,312,313,314,315,344,345,346,347,348,349,350,351,352,353,354,355,356,357,358,359,360,392,393,394,395,396,397,398,399,400,401,402,403,404,405,437,443,446,447,448,449,450,491,492,494,495,540
116,116,289
1,2,3,4,5,6,7,8,9,10,11,12,13,14,15,16,17,18,19,20,21,22,23,24,25,26,27,28,29,30,31,32,33,46,47,48,49,50,51,52,53,54,55,56,57,58,59,60,61,62,63,64,65,66,67,68,69,70,71,72,73,74,75,76,77,78,79,80,81,82,83,84,86,87,91,92,93,94,95,96,97,98,99,100,101,102,103,104,105,106,107,108,109,110,111,112,113,114,115,116,117,118,119,120,121,122,123,124,125,126,127,128,129,130,131,132,135,136,137,138,139,140,141,142,143,144,145,146,147,148,149,150,151,152,153,154,155,156,157,158,159,160,161,162,163,164,165,166,167,168,169,170,171,172,173,174,175,176,177,179,187,188,189,190,191,192,193,194,195,197,198,199,200,201,202,203,204,205,206,207,208,209,210,211,212,213,214,215,216,217,218,219,220,221,222,225,234,236,237,238,241,243,244,245,246,247,248,249,250,251,252,253,254,255,256,257,258,259,260,261,262,263,264,265,266,267,269,270,292,293,294,295,296,297,298,299,300,301,302,303,304,305,306,307,308,309,310,311,314,315,344,345,346,347,348,349,350,353,354,355,356,357,358,359,360,391,392,393,394,395,396,398,399,400,402,403,404,405,436,437,438,439,440,442,443,446,449,450,491
125,125,297
1,2,3,4,5,6,7,8,9,10,11,12,13,14,15,16,17,18,19,20,21,22,23,24,25,26,46,47,48,49,50,51,52,53,54,55,56,57,58,59,60,61,62,63,64,65,66,67,68,69,70,71,91,92,93,94,95,96,97,98,99,100,101,102,103,104,105,106,107,108,109,110,111,112,113,114,115,116,136,137,138,139,140,141,142,143,144,145,146,147,148,149,150,151,152,153,154,155,156,157,158,159,160,161,162,163,164,165,166,167,168,169,170,181,182,183,184,185,186,187,188,189,190,191,192,193,194,195,196,197,198,199,200,201,202,203,204,205,206,207,208,209,210,211,212,213,214,215,216,217,226,227,228,229,230,231,232,233,234,235,236,237,238,239,240,241,242,243,244,245,246,247,248,249,250,251,252,253,254,255,256,257,258,259,260,261,266,267,271,272,273,274,275,276,277,278,279,280,281,282,283,284,285,286,287,288,289,290,291,292,293,294,295,296,297,298,299,300,301,302,303,304,305,306,309,311,316,318,319,327,328,329,330,331,332,333,334,335,336,337,338,339,340,341,342,343,344,345,346,347,348,349,350,353,354,355,356,357,359,360,362,377,381,382,383,384,386,387,388,389,390,391,392,393,394,395,397,398,399,400,401,404,432,433,434,435,436,437,438,439,442,446,450,481,482,487,491
133,133,304
1,2,3,4,5,6,7,8,9,10,11,12,13,14,15,16,22,23,24,25,46,47,48,49,50,51,52,53,54,55,56,57,58,59,60,61,62,63,64,65,67,68,69,91,92,93,94,95,96,97,98,99,100,101,102,103,104,105,106,107,108,109,110,111,112,113,114,136,137,138,139,140,141,142,143,144,145,146,147,148,149,150,151,152,153,154,155,156,157,158,159,160,181,182,183,184,185,186,187,188,189,190,191,192,193,194,195,196,197,198,199,200,201,202,203,204,205,206,226,227,228,229,230,231,232,233,234,235,236,237,238,239,240,241,242,243,244,245,246,247,248,249,250,251,252,254,255,256,258,260,271,272,273,274,275,276,277,278,279,280,281,282,283,284,285,286,287,288,289,290,291,292,293,294,295,296,297,298,299,300,301,302,303,304,305,316,317,318,319,320,321,322,323,324,325,326,327,328,329,330,331,332,333,334,335,336,337,338,339,340,341,342,343,344,345,346,347,348,349,355,361,362,363,364,365,366,367,368,369,370,371,372,373,374,375,376,377,378,379,380,381,382,383,384,385,386,387,388,389,390,391,392,400,406,407,408,409,410,411,412,413,414,415,417,418,419,420,421,422,423,424,425,426,427,428,429,430,432,433,434,435,436,437,442,443,451,452,454,455,457,465,467,469,470,471,472,473,474,477,478,481,482,496,499
24,24,257
4,23,24,46,47,49,58,68,69,91,92,93,94,95,96,97,98,100,101,105,107,113,114,136,137,138,139,140,141,142,143,144,145,146,147,154,155,156,157,158,159,181,182,183,184,185,186,187,188,189,190,191,192,193,194,195,199,200,201,202,203,204,226,227,228,229,230,231,232,233,234,235,236,237,238,239,240,241,242,246,247,249,250,251,271,272,273,274,275,276,277,278,279,280,281,282,283,284,285,286,287,290,291,292,293,295,296,301,302,303,316,317,318,319,320,321,322,323,324,325,326,327,328,329,330,331,332,334,335,336,337,338,341,342,345,346,347,348,361,362,363,364,365,366,367,368,369,370,371,372,373,374,375,376,379,380,381,382,383,386,387,389,390,391,392,406,407,408,409,410,411,412,413,414,415,416,417,418,419,424,425,426,427,432,433,434,436,437,443,451,452,453,454,455,456,457,458,460,461,462,463,464,469,470,471,476,477,478,480,496,497,498,499,500,501,502,505,506,509,510,511,513,514,515,516,523,531,541,542,543,544,545,546,555,556,558,559,566,574,575,586,587,588,589,590,603,604,631,632,633,634,635,637,678,679,680,681
57,57,269
94,106,113,157,159,200,204,226,227,228,229,230,231,232,233,246,250,271,272,273,274,275,276,277,279,291,292,302,316,317,318,319,320,321,322,323,324,325,326,327,328,329,330,347,361,362,363,364,365,366,367,368,369,370,371,372,373,374,375,376,377,378,380,386,406,407,408,409,410,411,412,413,414,415,416,417,418,419,420,421,422,423,424,425,436,451,452,453,454,455,456,457,458,459,460,461,462,463,464,465,466,467,468,469,470,471,472,496,497,498,499,500,501,502,503,504,505,506,507,508,509,510,511,512,513,514,515,516,517,541,542,543,544,545,546,547,548,549,550,551,552,553,554,555,556,557,558,559,560,561,586,587,588,589,590,591,592,593,594,595,596,597,598,599,600,601,602,603,604,605,611,631,632,633,634,635,636,637,638,639,640,641,642,643,644,645,646,647,648,649,650,656,676,677,678,679,680,681,682,683,684,685,686,687,688,689,690,691,692,693,694,701,702,721,722,723,724,725,726,727,728,729,730,731,732,733,735,736,737,738,746,747,766,767,768,769,770,771,772,773,774,775,776,777,779,780,811,812,815,816,817,818,822,823,856,857,859,861,862,863,865,901,902,905,946,947,991,992,1036
123,123,226
204,276,361,362,363,406,407,408,409,410,451,452,453,454,455,456,457,458,459,465,466,496,497,498,499,500,501,502,503,504,505,507,511,512,541,542,543,544,545,546,547,548,549,550,551,552,553,554,555,556,557,558,559,586,587,588,589,590,591,592,593,594,595,596,597,598,599,600,601,602,603,604,605,631,632,633,634,635,636,637,638,639,640,641,642,643,644,645,646,647,648,656,657,676,677,678,679,680,681,682,683,684,685,686,687,688,689,690,691,692,693,701,721,722,723,724,725,726,727,728,729,730,731,732,733,734,735,736,737,738,739,747,766,767,768,769,770,771,772,773,774,775,776,777,778,779,780,781,782,792,793,800,811,812,813,814,815,816,817,818,819,820,821,822,823,824,825,826,827,838,856,857,858,859,860,861,862,863,864,865,867,868,869,870,901,902,903,904,905,906,907,908,909,912,913,946,947,948,949,950,951,952,953,954,955,959,991,992,993,994,995,996,997,998,999,1036,1037,1038,1039,1040,1081,1082,1083,1126,1127,1128
6,6,185
406,451,454,496,499,500,541,544,545,546,547,548,586,587,588,589,590,591,592,593,594,596,597,604,631,632,633,634,635,636,637,638,676,677,678,679,680,681,682,683,684,685,686,687,688,689,690,691,721,722,723,724,725,726,727,728,729,730,731,732,733,734,735,736,766,767,768,769,770,771,772,773,774,775,776,777,778,779,780,781,782,811,812,813,814,815,816,817,818,819,820,821,822,823,824,825,826,856,857,858,859,860,861,862,863,864,865,866,867,868,869,870,871,901,902,903,904,905,906,907,908,909,910,911,912,913,914,915,946,947,948,949,950,951,952,953,954,955,956,957,959,991,992,993,994,995,996,997,998,999,1000,1001,1004,1005,1036,1037,1038,1039,1040,1041,1042,1043,1044,1046,1050,1081,1082,1083,1084,1085,1086,1087,1088,1089,1090,1126,1127,1128,1129,1130,1131,1134,1171,1172,1173
35,35,150
451,680,681,721,725,726,731,732,766,767,769,770,771,772,773,774,775,777,811,812,813,814,815,816,817,818,819,820,821,823,824,825,826,856,857,858,859,860,861,862,863,864,865,866,867,868,869,870,901,902,903,904,905,906,907,908,909,910,911,912,913,914,915,946,947,948,949,950,951,952,953,954,955,956,957,958,959,960,991,992,993,994,995,996,997,998,999,1000,1001,1002,1003,1004,1005,1036,1037,1038,1039,1040,1041,1042,1043,1044,1045,1047,1049,1081,1082,1083,1084,1085,1086,1087,1088,1089,1091,1126,1127,1128,1129,1130,1131,1132,1133,1134,1135,1136,1171,1172,1173,1174,1175,1176,1177,1178,1179,1216,1217,1218,1219,1220,1221,1261,1262,1263,1264,1265,1266,1306,1309,1310
38,38,106
315,360,404,405,449,450,680,856,862,863,868,901,902,905,906,907,908,909,913,946,947,948,949,950,951,952,953,954,955,958,959,991,992,993,994,995,996,997,998,999,1000,1004,1036,1037,1038,1039,1040,1041,1042,1043,1044,1045,1047,1048,1049,1081,1082,1083,1084,1085,1086,1087,1088,1089,1090,1091,1126,1127,1128,1129,1130,1131,1132,1133,1134,1135,1136,1171,1172,1173,1174,1175,1176,1177,1178,1216,1217,1218,1219,1220,1221,1222,1223,1261,1262,1263,1264,1265,1266,1267,1306,1307,1308,1309,1310,1311
73,73,84
269,270,313,314,315,356,358,359,360,400,401,402,403,404,405,446,447,449,450,491,492,495,907,908,946,951,952,953,991,992,993,994,997,998,1036,1037,1038,1039,1040,1043,1081,1082,1083,1084,1085,1088,1089,1090,1126,1127,1128,1129,1131,1133,1134,1135,1171,1172,1173,1174,1175,1176,1177,1178,1216,1217,1218,1219,1220,1221,1222,1223,1261,1262,1263,1264,1265,1266,1306,1307,1308,1309,1310,1311
114,114,70
180,224,225,266,267,268,269,270,310,311,312,313,314,315,354,355,356,357,358,359,360,399,400,401,402,403,404,405,443,445,446,447,448,449,450,488,489,491,492,493,494,495,538,946,991,992,997,1036,1082,1127,1128,1171,1172,1173,1216,1217,1218,1219,1261,1262,1263,1265,1266,1267,1306,1307,1308,1309,1310,1311
97,97,77
134,135,176,177,179,180,221,222,223,224,225,265,266,267,268,269,270,308,309,310,311,312,313,314,315,349,352,353,354,355,356,357,358,359,360,395,397,398,399,400,401,402,403,404,405,437,442,443,444,445,446,447,448,449,450,487,488,489,490,491,492,493,494,495,532,534,535,538,539,540,579,582,583,625,627,946,1311
143,143,77
41,42,43,44,45,84,85,86,87,88,89,90,129,130,131,132,133,134,135,174,175,176,177,178,179,180,219,220,221,222,223,224,225,260,261,263,264,265,266,267,268,269,270,303,304,305,308,309,310,311,312,313,314,315,353,354,355,356,357,358,359,360,397,399,400,401,402,403,404,405,437,443,446,448,449,450,491
110,110,96
38,39,40,41,42,43,44,45,81,82,83,84,85,86,87,88,89,90,125,126,127,128,129,130,131,132,133,134,135,169,170,171,172,173,174,175,176,177,178,179,180,213,214,215,216,217,218,219,220,221,222,223,224,225,258,259,260,261,262,263,264,265,266,267,268,269,270,301,302,303,304,305,306,307,308,309,311,312,313,314,347,348,350,351,352,353,355,356,357,392,395,397,400,436,437,479
5,5,115
32,33,34,35,36,37,38,39,40,41,42,43,44,45,77,78,79,80,81,82,83,84,85,86,87,88,89,90,122,123,124,125,126,127,128,129,130,131,132,133,134,135,166,167,168,169,170,171,172,173,174,175,176,177,178,179,180,210,211,212,213,214,215,216,217,218,219,220,221,222,223,224,255,256,257,258,259,260,261,262,263,264,265,266,267,299,300,301,302,303,304,305,306,307,308,309,344,345,346,347,348,349,352,389,390,391,392,393,396,434,435,436,437,478,479
135,135,153
28,29,30,31,32,33,34,35,36,37,38,39,40,41,42,43,44,45,72,73,74,75,76,77,78,79,80,81,82,83,84,85,86,87,88,89,90,116,117,118,119,120,121,122,123,124,125,126,127,128,129,130,131,132,134,159,160,161,162,163,164,165,166,167,168,169,170,171,172,173,174,175,177,204,205,206,207,208,209,210,211,212,213,214,215,216,217,218,219,220,249,250,251,252,253,254,255,256,257,258,259,260,261,262,263,292,294,295,296,297,298,299,300,301,302,303,304,305,307,338,339,340,341,342,343,344,345,346,347,348,383,384,385,386,387,388,389,428,429,430,431,433,434,436,437,472,473,474,475,480,481,519,524
45,45,176
22,23,24,25,26,27,28,29,30,31,32,33,34,35,36,37,38,39,40,41,42,43,44,67,68,69,70,71,72,73,74,75,76,77,78,79,80,81,82,83,84,85,86,112,113,114,115,116,117,118,119,120,121,122,123,124,125,126,127,128,157,158,159,160,161,162,163,164,165,166,167,168,169,170,171,200,201,202,203,204,205,206,207,208,209,210,211,212,213,214,215,246,247,248,249,250,251,252,253,254,255,256,257,258,259,291,292,293,294,295,296,297,298,299,300,301,302,335,336,337,338,339,340,341,342,344,345,346,347,379,380,381,382,383,384,385,386,388,389,390,391,424,425,426,427,428,429,434,468,469,470,471,472,473,474,478,513,514,515,516,517,518,519,557,558,559,560,561,562,602,603,604,605,647,648,691
2,2,210
19,20,21,22,23,24,25,26,27,28,29,30,31,32,33,34,35,36,37,38,39,64,65,66,67,68,69,70,71,72,73,74,75,76,77,78,79,80,81,82,107,109,110,111,112,113,114,115,116,117,118,119,120,121,122,123,124,125,126,153,154,155,156,157,158,159,160,161,162,163,164,165,166,167,168,169,198,199,200,201,202,203,204,205,206,207,208,209,210,211,212,213,242,243,244,245,246,247,248,249,250,251,252,253,254,255,256,257,287,288,289,290,291,292,293,294,295,296,297,298,299,300,301,302,330,331,332,333,334,335,336,337,338,339,340,341,342,343,344,345,375,376,377,378,379,380,381,382,383,384,385,386,387,420,421,422,423,424,425,426,427,428,429,430,431,465,466,467,468,469,470,471,472,473,474,475,511,512,513,514,515,516,518,519,556,557,558,559,560,561,562,599,600,601,602,603,604,605,606,645,646,647,648,649,691,692,736,737,781,794
21,21,247
14,15,16,17,18,19,20,21,22,23,24,25,26,27,28,29,30,31,32,33,34,58,59,60,61,62,63,64,65,66,67,68,69,70,71,72,73,74,75,76,77,78,79,104,105,106,107,108,109,110,111,112,113,114,115,116,117,118,119,120,121,122,149,150,151,152,153,154,155,156,157,158,159,160,161,162,163,164,165,166,167,194,195,196,197,198,199,200,201,202,203,204,205,206,207,208,209,210,211,239,240,241,242,243,244,245,246,247,248,249,250,251,252,253,254,255,283,284,285,286,287,288,289,290,291,292,293,294,295,296,297,298,299,300,328,329,330,331,332,333,334,335,336,337,338,339,340,341,342,344,373,374,375,376,377,378,379,380,381,382,383,384,385,386,418,419,420,421,422,423,424,425,426,427,428,429,430,462,463,464,465,466,467,468,469,470,471,472,473,474,507,508,509,510,511,512,513,514,515,516,517,552,553,554,555,556,557,558,559,561,596,597,598,599,600,601,602,603,604,605,606,644,645,646,647,648,649,650,688,689,690,691,692,693,694,732,733,734,736,737,777,779,781,782,822,824,867
57,57,281
10,11,12,13,14,15,16,17,18,19,20,21,22,23,24,25,26,27,28,29,30,55,56,57,58,59,60,61,62,63,64,65,66,67,68,69,70,71,72,73,74,99,100,101,102,103,104,105,106,107,108,109,110,111,112,113,114,115,116,117,118,119,144,145,146,147,148,149,150,151,152,153,154,155,156,157,158,159,160,161,162,189,190,191,192,193,194,195,196,197,198,199,200,201,202,203,204,205,206,207,235,236,237,238,239,240,241,242,243,244,245,246,247,248,249,250,251,252,280,281,282,283,284,285,286,287,288,289,290,291,292,293,294,295,296,325,326,327,328,329,330,331,332,333,334,335,336,337,338,339,340,369,370,371,372,373,374,375,376,377,378,379,380,381,382,383,384,413,414,415,416,417,418,419,420,421,422,423,424,425,426,427,428,458,459,460,461,462,463,464,465,466,467,468,469,470,471,503,504,505,506,507,508,509,510,511,512,513,514,515,516,548,549,550,551,552,553,554,555,556,557,558,593,594,595,596,597,598,599,600,601,602,603,637,639,642,643,644,645,646,684,688,689,690,691,726,728,729,731,732,733,734,735,736,774,775,779,780,818,819,820,821,822,863,864,865,907,908,909,951,952,953,954,996,997,998,999,1001,1040,1041,1043
129,129,295
7,8,9,10,11,12,13,14,15,16,17,18,19,20,21,22,23,24,25,51,52,53,54,55,56,57,58,59,60,61,62,63,64,65,66,67,68,96,97,98,99,100,101,102,103,104,105,106,107,108,109,110,111,112,113,141,142,143,144,145,146,147,148,149,150,151,152,153,154,155,156,157,158,186,187,188,189,190,191,192,193,194,195,196,197,198,199,200,231,232,233,234,235,236,237,238,239,240,241,242,243,244,245,275,276,277,278,279,280,281,282,283,284,285,286,287,288,289,290,321,322,323,324,325,326,327,328,329,330,331,332,333,334,335,364,365,366,367,368,369,370,371,372,373,374,375,376,377,378,409,410,411,412,413,414,415,416,417,418,419,420,421,422,423,454,455,456,457,458,459,460,461,462,463,464,465,466,467,468,499,500,501,502,503,504,505,506,507,508,509,510,511,512,545,546,547,548,549,550,551,552,553,554,555,556,590,591,592,593,594,595,596,597,598,599,600,601,635,636,637,638,639,640,644,680,681,682,683,684,685,688,689,725,726,727,728,729,731,732,733,770,771,772,773,774,775,777,815,816,817,818,819,820,860,861,862,863,864,865,904,905,906,907,908,909,946,947,950,951,952,953,991,992,993,994,995,996,997,998,1001,1037,1038,1039,1040,1041,1083,1084,1085,1086,1127,1128,1129,1130,1175,1219
10,10,264
3,4,5,6,7,8,9,10,11,12,13,14,15,16,17,18,48,49,50,51,52,53,54,55,56,57,58,59,60,61,62,63,92,93,94,95,96,97,98,99,100,101,102,103,104,105,106,107,108,137,138,139,140,141,142,143,144,145,146,147,148,149,150,152,153,182,183,184,185,186,187,188,189,190,191,192,193,194,198,227,228,229,230,231,232,233,234,235,236,237,238,272,273,274,275,276,277,278,279,280,281,282,283,317,318,319,320,321,322,323,324,325,326,327,328,362,363,364,365,366,367,368,369,370,371,372,406,407,408,409,410,411,412,413,414,415,416,417,451,453,454,455,456,457,458,459,460,461,462,496,497,498,499,500,501,502,503,504,505,506,542,543,544,545,546,547,548,549,551,587,588,589,590,591,592,594,595,596,631,632,633,634,635,636,637,639,640,641,676,677,678,679,680,681,682,684,685,686,721,722,723,724,725,726,727,728,729,730,766,767,768,769,770,771,774,811,812,813,814,815,818,856,857,858,859,860,902,903,904,905,906,946,947,948,949,950,951,991,992,993,994,995,996,1036,1037,1038,1039,1040,1041,1081,1082,1083,1084,1085,1126,1127,1128,1171,1172,1216,1217,1218,1263,1307
17,17,270
1,2,3,4,5,6,7,8,9,10,11,12,13,14,15,16,46,47,48,49,50,51,52,53,54,55,56,57,58,59,60,91,92,93,94,95,96,97,98,99,100,101,102,103,104,105,136,137,138,139,140,141,142,143,144,145,146,147,148,149,150,181,182,183,184,185,186,187,188,189,190,191,192,193,226,227,228,229,230,231,232,233,234,235,236,237,238,239,271,272,273,274,275,276,277,278,279,280,281,282,316,317,318,319,320,321,322,323,324,325,326,361,362,363,364,365,366,367,368,369,370,406,407,408,409,410,411,412,413,414,415,416,451,452,453,454,455,456,457,458,459,460,461,496,497,498,499,500,501,502,503,504,505,506,541,542,543,544,545,546,547,548,552,586,587,588,589,590,591,592,593,631,632,633,634,635,636,637,638,676,677,678,679,680,681,682,683,721,722,723,724,725,726,727,728,729,766,767,768,769,770,771,772,811,812,813,814,815,816,817,818,856,857,858,859,860,861,862,901,902,903,904,905,906,946,947,948,949,950,951,991,992,993,994,995,996,1036,1037,1038,1039,1040,1041,1081,1082,1083,1084,1085,1086,1126,1127,1128,1129,1130,1171,1172,1173,1175,1176,1216,1217,1218,1220,1261,1262,1263,1265,1306,1307,1308,1309
63,63,264
1,2,3,4,5,6,7,8,9,10,11,12,13,14,46,47,48,49,50,51,52,53,54,55,56,57,58,59,91,92,93,94,95,96,97,98,99,100,101,102,103,104,136,137,138,139,140,141,142,143,144,145,146,147,148,181,182,183,184,185,186,187,188,189,190,191,193,226,227,228,229,230,231,232,233,234,235,236,237,271,272,273,274,275,276,277,278,279,280,316,317,318,319,320,321,322,323,324,325,361,362,363,364,365,366,367,368,369,370,406,407,408,409,410,411,412,413,414,415,416,451,452,453,454,455,456,457,458,459,460,461,496,497,498,499,500,501,502,503,504,505,506,541,542,543,544,545,546,547,548,549,550,586,587,588,589,590,591,592,593,594,631,632,633,634,635,636,637,638,639,676,677,678,679,680,681,682,683,721,722,723,724,725,726,727,729,766,767,768,769,770,771,772,811,812,813,814,815,816,817,818,856,857,858,859,860,861,862,901,902,903,904,905,906,907,946,947,948,949,950,951,991,992,993,994,995,996,1036,1037,1038,1039,1040,1041,1081,1082,1083,1084,1085,1086,1126,1127,1128,1129,1130,1131,1171,1172,1173,1174,1175,1216,1217,1218,1219,1220,1261,1262,1263,1264,1306,1307,1308,1309,1310
96,96,254
1,2,3,4,5,6,7,8,9,10,11,12,14,46,47,48,49,50,51,52,53,54,55,56,57,58,91,92,93,94,95,96,97,98,99,100,101,102,136,137,138,139,140,141,142,143,144,145,147,181,182,183,184,185,186,187,188,189,190,191,193,194,226,227,228,229,230,231,232,233,234,235,236,237,238,271,272,273,274,275,276,277,278,279,280,316,317,318,319,320,321,322,323,324,325,361,362,363,364,365,366,367,368,369,370,406,407,408,409,410,411,412,413,415,416,451,452,453,454,455,456,457,458,459,460,461,496,497,498,499,500,501,502,503,504,505,541,542,543,544,545,546,547,548,549,586,587,588,589,590,591,592,593,631,632,633,634,635,636,637,639,676,677,678,679,680,681,682,683,684,721,722,723,724,725,726,727,728,766,767,768,769,770,771,773,811,812,813,814,815,816,817,856,857,858,859,860,861,901,902,903,904,905,906,946,947,948,949,950,951,991,992,993,994,995,996,1036,1037,1038,1039,1040,1041,1081,1082,1083,1084,1085,1086,1126,1127,1128,1129,1130,1131,1171,1172,1173,1174,1175,1216,1217,1218,1219,1220,1261,1262,1263,1264,1265,1306,1307,1308,1309,1310
119,119,252
1,2,3,4,5,6,7,8,9,10,46,47,48,49,50,51,52,53,54,55,56,58,91,92,93,94,95,96,97,98,99,100,101,136,137,138,139,140,141,142,143,144,145,148,181,182,183,184,185,186,187,188,189,190,226,227,228,229,230,231,232,233,234,235,236,237,271,272,273,274,275,276,277,278,279,280,282,316,317,318,319,320,321,322,323,324,361,362,363,364,365,366,367,368,369,406,407,408,409,410,411,412,413,415,451,452,453,454,455,456,457,458,459,460,496,497,498,499,500,501,502,503,504,505,541,542,543,544,545,546,547,548,549,550,586,587,588,589,590,591,592,593,631,632,633,634,635,636,637,638,676,677,678,679,680,681,682,684,721,722,723,724,725,726,727,728,766,767,768,769,770,771,772,773,811,812,813,814,815,816,817,818,856,857,858,859,860,861,901,902,903,904,905,906,907,946,947,948,949,950,951,952,991,992,993,994,995,996,997,1036,1037,1038,1039,1040,1041,1042,1081,1082,1083,1084,1085,1086,1126,1127,1128,1129,1130,1131,1171,1172,1173,1174,1175,1176,1216,1217,1218,1219,1220,1221,1261,1262,1263,1264,1265,1266,1306,1307,1308,1309,1310,1311
10,10,251
1,2,3,4,5,6,7,8,9,11,46,47,48,49,50,51,52,53,54,91,92,93,94,95,96,97,98,99,100,101,102,136,137,138,139,140,141,142,143,144,145,147,150,151,181,182,183,184,185,186,187,188,189,190,191,193,195,226,227,228,229,230,231,232,233,234,236,241,271,272,273,274,275,276,277,278,279,280,281,282,285,286,316,317,318,319,320,321,322,323,325,326,327,331,361,362,363,364,365,366,367,368,370,376,406,407,408,409,410,411,412,413,418,451,452,453,454,455,456,457,458,459,496,497,498,499,500,501,502,503,504,505,506,541,542,543,544,545,546,547,548,549,550,586,587,588,589,590,591,592,593,631,632,633,634,635,636,637,638,676,677,678,679,680,681,682,683,721,722,723,724,725,726,727,766,767,768,769,770,771,772,773,811,812,813,814,815,816,817,818,856,857,858,859,860,861,901,902,903,904,905,946,947,948,949,950,951,952,991,992,993,994,995,1036,1037,1038,1039,1040,1081,1082,1083,1084,1085,1126,1127,1128,1129,1130,1171,1172,1173,1174,1175,1216,1217,1218,1219,1220,1221,1261,1262,1263,1264,1265,1306,1307,1308,1309,1310,1311,1314
115,115,244
1,2,3,4,5,6,7,46,47,48,49,50,51,52,91,92,93,94,95,97,136,137,138,139,140,141,142,143,144,149,150,151,181,182,183,184,185,187,194,196,197,226,227,228,229,230,231,232,233,234,236,238,239,242,271,272,273,274,275,276,277,278,280,281,282,283,285,286,287,316,317,318,319,320,321,322,323,329,331,361,362,363,364,365,366,367,368,369,370,375,376,406,407,408,409,410,411,412,413,416,422,451,452,453,454,455,456,457,458,463,464,496,497,498,499,500,501,502,503,504,505,506,541,542,543,544,546,547,548,549,550,586,587,588,589,590,591,592,593,631,632,633,634,635,636,637,638,676,677,678,679,680,681,682,683,721,722,723,724,725,726,728,757,759,766,767,768,769,770,771,773,800,801,803,811,812,813,814,815,816,845,846,856,857,858,859,861,862,901,902,903,904,907,946,947,948,949,991,992,993,994,995,1036,1037,1038,1039,1040,1041,1081,1082,1083,1084,1093,1112,1126,1127,1128,1129,1130,1131,1137,1171,1172,1173,1174,1175,1216,1217,1218,1219,1220,1261,1262,1263,1264,1265,1279,1306,1307,1308,1309,1310,1311,1314
110,110,245
1,2,3,4,43,46,47,48,49,83,91,92,93,133,136,137,138,140,150,151,152,153,170,181,182,183,185,189,190,194,195,196,197,198,199,226,227,228,229,230,231,233,234,237,238,239,240,241,242,243,263,265,266,271,272,273,274,277,278,282,283,284,286,287,302,310,311,316,317,318,319,321,322,328,329,330,331,332,355,361,362,363,364,365,366,368,369,375,376,377,389,406,407,408,409,410,411,413,418,419,420,421,446,451,452,453,454,455,457,461,463,464,465,491,496,497,498,499,501,503,504,505,506,508,529,541,542,543,548,550,573,582,583,586,587,588,589,590,593,616,631,632,633,634,635,638,660,661,676,678,679,680,681,682,683,685,704,705,721,722,723,724,726,759,766,767,768,769,770,800,801,802,803,804,811,812,813,815,816,844,845,846,847,848,856,857,858,901,902,903,904,946,947,948,949,991,992,993,994,1013,1036,1037,1038,1039,1048,1081,1082,1083,1084,1085,1093,1098,1112,1113,1114,1115,1126,1127,1128,1129,1130,1171,1172,1173,1174,1175,1216,1217,1218,1219,1220,1234,1261,1262,1263,1264,1265,1276,1279,1306,1307,1308,1309,1322,1324
5,5,230
43,46,47,84,87,91,128,132,133,136,137,149,150,151,152,171,180,181,182,190,194,195,196,197,198,214,217,218,223,224,226,227,228,234,238,239,240,241,242,243,262,263,264,265,266,267,271,272,273,280,282,283,284,285,286,287,288,309,310,311,316,317,318,321,322,329,330,331,332,344,355,361,362,363,364,365,366,375,376,377,389,406,407,408,409,410,411,416,417,419,420,421,422,437,439,451,452,453,454,455,463,464,465,466,467,482,483,496,497,499,504,505,509,510,511,528,536,541,542,548,549,550,556,588,589,590,593,631,635,636,638,660,670,676,679,682,704,705,706,718,721,722,727,758,766,767,770,793,800,801,802,803,804,811,812,838,843,844,845,846,847,848,856,857,858,891,901,902,903,908,934,946,947,948,967,991,992,993,994,1036,1037,1038,1048,1058,1081,1082,1083,1084,1093,1098,1112,1114,1115,1126,1127,1128,1129,1143,1144,1171,1172,1173,1174,1188,1189,1190,1216,1217,1218,1219,1232,1233,1234,1261,1262,1263,1264,1273,1276,1277,1278,1279,1306,1307,1308,1317,1321,1322,1323,1324
60,60,169
129,151,152,153,172,184,185,186,196,197,215,216,217,221,222,227,229,230,231,240,241,261,276,277,280,281,282,303,304,305,307,325,326,327,353,354,360,362,363,364,403,404,405,446,451,452,453,454,455,491,496,497,498,499,500,503,526,527,528,529,535,536,537,540,541,542,543,544,571,572,573,574,581,582,583,584,585,587,588,589,615,616,617,618,619,633,634,635,658,659,660,662,679,680,697,704,713,714,757,758,759,760,764,771,802,803,804,846,847,848,850,851,871,872,887,890,891,892,893,895,896,916,931,932,933,944,963,964,965,976,977,979,980,981,1008,1009,1014,1020,1021,1030,1036,1053,1058,1103,1115,1116,1143,1152,1153,1156,1157,1158,1159,1160,1185,1230,1250,1278,1279,1280,1281,1282,1284,1285,1323,1324,1325,1326,1327
78,78,172
31,74,89,90,91,92,93,121,133,134,136,137,138,139,151,152,153,154,164,172,173,177,178,179,180,181,182,183,184,185,190,196,197,198,199,215,216,222,223,224,225,226,229,233,240,241,242,243,244,260,262,263,265,268,272,284,287,302,307,309,310,311,312,316,318,319,320,321,331,332,333,354,355,361,362,363,364,365,366,376,377,390,408,409,410,420,421,422,459,460,461,464,465,504,512,529,574,582,583,584,616,617,618,660,661,662,663,705,706,707,712,734,756,757,758,763,766,800,801,802,803,838,845,846,847,856,902,903,934,946,947,991,993,1013,1015,1036,1037,1047,1057,1058,1060,1081,1092,1093,1102,1126,1141,1156,1157,1158,1188,1189,1201,1202,1203,1216,1232,1234,1261,1264,1272,1277,1278,1279,1280,1315,1316,1317,1321,1322,1323,1324
1,1,157
31,74,91,132,136,138,151,152,153,154,172,173,178,184,185,190,195,196,197,198,199,209,215,216,217,221,222,223,224,225,226,241,242,243,244,260,261,262,263,264,265,267,268,286,287,288,307,308,309,310,312,317,318,319,320,321,322,331,332,333,345,346,354,355,362,363,364,365,366,376,377,378,407,408,409,410,420,421,422,448,454,459,460,464,465,466,467,468,505,512,529,571,580,581,583,616,617,660,661,662,669,707,712,734,752,756,757,763,766,800,801,802,803,838,845,846,847,889,890,891,901,902,922,934,946,991,1036,1047,1081,1093,1096,1102,1103,1126,1141,1156,1158,1160,1171,1187,1188,1189,1201,1202,1203,1232,1233,1234,1277,1278,1279,1280,1321,1322,1323,1324,1325
102,102,137
25,88,93,133,134,136,138,139,152,153,154,173,195,196,197,198,199,200,215,216,217,221,222,223,224,225,241,242,243,244,260,261,263,264,265,267,268,269,286,287,288,306,307,308,309,310,312,316,317,318,319,320,321,322,332,333,345,347,352,353,354,355,361,362,363,364,365,376,377,378,397,398,399,407,408,409,410,420,422,423,454,459,460,461,466,467,468,478,504,505,529,574,618,625,705,763,800,801,802,803,838,845,846,889,934,946,991,1015,1036,1047,1093,1096,1101,1126,1137,1141,1142,1158,1182,1187,1188,1189,1200,1201,1202,1217,1232,1233,1234,1277,1278,1279,1317,1322,1323,1324,1325
105,105,121
25,45,72,88,89,129,132,153,154,173,178,196,197,198,199,216,217,222,223,224,225,241,242,243,244,260,261,263,264,265,267,268,269,272,286,287,288,302,306,308,309,310,312,316,317,318,319,320,321,322,332,333,347,353,354,355,356,361,362,363,364,365,366,376,378,397,398,399,400,408,420,421,422,423,454,459,461,467,468,522,573,668,669,763,800,801,802,803,838,845,846,847,889,890,891,934,946,991,1036,1048,1056,1093,1101,1102,1126,1137,1187,1188,1189,1200,1201,1232,1233,1234,1277,1278,1279,1321,1322,1323,1324
124,124,100
25,26,91,92,93,133,135,154,173,178,197,198,199,216,217,222,223,224,225,242,243,260,261,263,264,265,267,268,271,272,285,287,288,306,308,309,312,316,317,318,319,320,321,322,332,333,334,347,348,353,354,355,356,362,363,364,365,376,378,397,398,399,400,408,420,421,422,423,459,461,465,468,698,763,793,802,845,846,889,890,891,934,946,975,991,1036,1126,1141,1187,1188,1189,1232,1233,1234,1278,1279,1319,1322,1323,1324
120,120,74
25,91,129,173,198,200,222,223,224,227,243,260,263,267,271,272,308,309,312,316,317,318,319,320,321,333,334,347,354,355,356,362,363,364,365,378,397,398,399,400,408,416,417,420,421,422,423,461,468,698,699,821,845,846,889,890,934,946,1036,1081,1126,1141,1187,1232,1233,1234,1273,1278,1279,1318,1321,1322,1323,1324
96,96,33
25,129,173,227,271,272,273,308,309,312,316,317,318,319,320,333,363,364,378,398,399,417,442,468,845,889,890,891,934,1036,1278,1279,1323
99,99,35
623,809,897,939,940,941,942,945,984,985,986,987,988,1028,1030,1031,1032,1035,1073,1074,1075,1076,1118,1119,1120,1163,1169,1170,1211,1214,1215,1253,1254,1295,1335
91,91,95
63,85,108,109,128,133,134,135,148,155,172,173,177,178,180,183,184,185,186,204,225,228,229,230,231,232,233,234,235,236,243,265,274,275,276,277,278,350,396,397,408,441,442,443,444,449,450,487,488,501,502,515,539,583,584,585,624,626,627,628,629,630,661,671,672,673,695,706,738,749,751,782,792,801,802,824,826,827,846,847,870,890,891,896,915,938,1036,1037,1064,1081,1082,1109,1126,1127,1321
56,56,105
163,208,381,445,490,518,519,527,562,563,564,565,571,574,605,606,609,610,619,620,621,653,709,789,852,853,854,855,863,895,896,900,939,940,941,942,945,969,983,984,985,986,987,988,989,990,1027,1028,1029,1030,1031,1032,1033,1034,1035,1071,1072,1073,1074,1075,1076,1077,1078,1079,1080,1116,1117,1118,1119,1120,1121,1122,1123,1124,1125,1131,1132,1158,1160,1161,1162,1163,1164,1165,1166,1168,1169,1170,1206,1208,1209,1210,1211,1212,1213,1214,1215,1253,1254,1260,1296,1305,1335,1338,1339
32,32,181
35,37,39,81,82,120,127,163,164,165,174,208,209,219,254,299,315,358,359,360,382,383,402,428,429,432,445,447,448,476,490,519,526,527,562,563,564,565,571,572,573,574,575,576,580,606,609,610,611,613,619,620,621,654,655,656,663,664,665,666,699,708,709,715,716,742,743,744,753,761,787,788,789,790,834,851,852,853,854,855,863,895,896,897,900,907,938,939,940,941,942,945,970,983,984,985,986,987,989,990,1027,1028,1029,1030,1031,1032,1033,1034,1035,1069,1071,1072,1073,1074,1075,1076,1077,1078,1079,1080,1086,1087,1113,1116,1117,1118,1119,1120,1121,1122,1123,1124,1125,1131,1132,1157,1158,1160,1161,1162,1163,1164,1165,1166,1167,1168,1169,1170,1199,1200,1206,1207,1208,1209,1210,1211,1212,1213,1214,1215,1222,1252,1253,1254,1260,1294,1295,1296,1297,1298,1302,1303,1305,1312,1334,1335,1337,1338,1339,1340,1341
48,48,222
37,38,39,43,81,82,84,119,120,121,126,127,129,163,164,174,208,209,253,254,294,299,314,315,358,359,360,382,384,388,395,402,422,423,427,428,432,438,466,467,468,471,472,476,485,490,512,520,526,527,528,530,562,565,569,571,572,573,574,575,576,580,606,610,614,616,618,619,620,621,654,655,663,664,665,666,670,697,707,708,709,710,715,716,717,742,743,745,748,761,788,789,790,798,803,804,807,833,834,835,847,849,850,851,853,854,855,863,879,894,895,896,897,900,907,924,938,939,940,941,942,945,969,982,983,984,985,986,987,988,989,990,1013,1027,1028,1029,1030,1031,1032,1033,1034,1035,1042,1069,1070,1071,1072,1073,1074,1075,1076,1077,1078,1079,1080,1086,1112,1113,1115,1116,1117,1118,1119,1120,1121,1122,1123,1124,1125,1131,1132,1147,1148,1157,1158,1160,1161,1162,1163,1164,1165,1166,1167,1168,1169,1170,1177,1206,1207,1208,1209,1210,1211,1212,1213,1214,1215,1222,1245,1246,1252,1253,1254,1255,1257,1260,1293,1294,1295,1296,1297,1298,1302,1303,1305,1334,1335,1338,1339,1340,1341,1342
60,60,217
37,81,120,163,164,208,209,219,248,249,253,254,288,294,298,338,339,359,383,384,387,395,402,422,423,427,428,429,432,433,435,438,440,445,466,467,468,469,471,472,477,480,484,485,511,512,526,527,528,530,569,571,572,574,575,576,609,612,614,615,616,617,619,620,621,622,655,656,657,658,661,662,663,664,665,666,690,702,703,707,708,709,710,742,744,748,749,752,753,754,761,780,787,788,789,790,797,798,804,817,834,847,850,851,852,853,854,879,895,896,897,900,924,938,939,940,941,942,945,969,983,984,985,986,987,988,989,990,1026,1027,1028,1029,1030,1031,1032,1033,1034,1035,1069,1070,1071,1072,1073,1074,1075,1076,1077,1078,1079,1080,1086,1102,1112,1113,1114,1116,1117,1118,1119,1120,1121,1122,1123,1124,1125,1131,1147,1152,1157,1158,1159,1160,1161,1162,1163,1164,1166,1167,1168,1169,1170,1200,1201,1202,1206,1207,1208,1209,1210,1211,1212,1213,1214,1215,1222,1244,1245,1246,1252,1253,1254,1260,1293,1294,1295,1296,1297,1298,1305,1334,1335,1337,1338,1339,1340,1341,1342
11,11,251
34,81,120,121,122,163,164,165,208,209,253,254,255,293,294,298,299,339,359,381,382,383,384,385,393,395,402,422,423,427,428,429,432,438,439,440,441,465,466,467,468,469,470,472,473,474,476,477,483,484,485,512,516,517,520,525,526,527,528,530,564,565,569,571,572,573,574,610,612,613,614,615,616,617,618,619,620,654,655,656,657,658,659,660,661,662,663,664,690,702,703,706,707,708,709,710,736,741,742,745,748,749,750,752,753,754,761,779,780,787,788,789,790,796,797,798,809,841,842,847,850,851,852,853,854,863,879,885,892,895,896,897,900,907,924,937,938,939,940,941,942,945,969,974,981,982,983,984,985,986,987,988,989,990,1014,1026,1027,1028,1029,1030,1031,1032,1033,1034,1035,1063,1069,1070,1071,1072,1073,1074,1075,1076,1077,1078,1079,1080,1086,1102,1112,1113,1114,1116,1117,1118,1119,1120,1121,1122,1123,1124,1125,1131,1138,1146,1147,1148,1149,1156,1157,1160,1161,1162,1163,1164,1165,1166,1167,1168,1169,1170,1192,1197,1201,1206,1207,1208,1209,1210,1211,1212,1213,1214,1215,1222,1244,1245,1246,1251,1252,1253,1254,1260,1290,1294,1295,1296,1297,1298,1299,1303,1305,1334,1335,1336,1338,1339,1340,1341,1342
73,73,337
35,37,82,84,85,121,122,156,163,164,165,201,208,209,210,249,253,254,259,288,293,294,338,339,359,378,379,380,381,382,383,384,387,393,395,420,422,423,426,427,428,429,430,431,432,433,438,439,440,462,465,466,467,468,469,470,471,472,473,474,475,477,483,484,485,505,506,510,511,512,515,516,518,519,520,521,525,526,527,528,530,560,562,565,566,569,570,571,572,574,575,602,605,608,609,610,612,613,614,615,616,617,618,622,645,646,647,654,655,657,658,659,660,661,662,663,664,688,690,691,692,694,697,701,702,703,704,705,706,707,708,709,710,736,740,741,742,745,747,748,749,750,752,753,754,755,761,779,780,781,784,785,786,787,788,789,790,795,796,797,798,804,818,828,833,834,841,842,843,847,850,851,852,853,854,855,863,871,873,874,878,879,885,895,896,897,900,907,924,925,937,938,939,940,941,942,945,960,966,967,968,969,974,981,982,983,984,985,986,987,988,989,990,1012,1014,1017,1018,1026,1027,1028,1029,1030,1031,1032,1033,1034,1035,1036,1042,1060,1062,1063,1069,1070,1071,1072,1073,1074,1075,1076,1077,1078,1079,1080,1086,1087,1102,1107,1108,1109,1112,1113,1114,1115,1116,1117,1118,1119,1120,1121,1122,1123,1124,1125,1132,1138,1145,1146,1147,1148,1151,1152,1156,1157,1160,1161,1162,1163,1164,1165,1166,1167,1168,1169,1170,1177,1192,1194,1195,1196,1197,1201,1202,1204,1206,1207,1208,1209,1210,1211,1212,1213,1214,1215,1222,1245,1246,1252,1253,1254,1255,1257,1260,1266,1267,1290,1291,1293,1294,1295,1296,1297,1298,1299,1302,1305,1312,1328,1334,1335,1336,1337,1339,1340,1341,1342,1343
59,59,251
82,208,209,257,339,378,381,382,383,384,385,422,423,424,425,426,427,428,429,432,438,460,465,466,467,468,469,470,471,472,473,474,476,477,484,485,506,510,512,515,518,521,525,526,527,565,569,571,572,597,602,609,610,612,613,614,615,616,617,618,642,644,646,647,657,658,660,661,662,663,664,688,690,691,692,701,702,703,704,705,706,707,708,709,710,736,741,742,745,746,747,748,749,750,752,753,754,761,773,780,781,784,786,787,790,795,796,797,798,818,826,828,841,842,843,844,847,850,851,853,854,863,885,891,894,896,897,900,907,921,936,937,938,939,940,941,942,945,953,966,968,981,982,983,984,985,986,987,988,989,990,1025,1026,1027,1028,1029,1030,1031,1032,1033,1034,1035,1057,1071,1072,1073,1074,1075,1076,1077,1078,1079,1080,1102,1106,1114,1115,1116,1117,1118,1119,1120,1121,1122,1123,1124,1125,1132,1138,1146,1147,1150,1151,1152,1153,1156,1157,1158,1161,1162,1163,1164,1165,1166,1167,1168,1169,1170,1183,1192,1194,1196,1200,1201,1202,1204,1206,1208,1209,1210,1211,1212,1213,1214,1215,1221,1222,1237,1241,1245,1246,1253,1254,1260,1266,1267,1290,1291,1295,1296,1297,1298,1299,1302,1305,1334,1335,1336,1339,1340,1341
141,141,189
339,378,381,383,419,422,423,425,427,428,429,464,465,466,468,469,470,472,473,484,506,510,511,515,521,525,526,527,565,571,572,610,613,614,615,616,618,643,657,658,660,661,662,663,701,702,706,707,708,709,736,741,745,748,752,753,773,780,781,786,787,796,797,798,842,843,850,851,852,854,871,873,879,885,895,896,900,910,917,924,936,938,940,941,942,945,953,955,961,970,981,982,983,984,985,986,987,988,989,998,1014,1024,1026,1027,1028,1029,1030,1031,1032,1033,1035,1069,1071,1072,1073,1074,1075,1076,1077,1078,1079,1080,1095,1101,1102,1106,1114,1115,1116,1117,1118,1119,1120,1121,1123,1124,1125,1138,1146,1147,1149,1150,1152,1156,1157,1161,1162,1163,1164,1165,1166,1167,1168,1169,1170,1183,1192,1195,1200,1201,1202,1204,1206,1208,1209,1210,1211,1212,1213,1214,1215,1222,1230,1237,1245,1246,1253,1254,1260,1290,1297,1298,1299,1305,1334,1335,1339,1340,1341
78,78,17
176,188,219,274,275,319,320,364,365,485,530,531,532,729,774,819,1021
55,55,257
381,383,384,385,417,418,419,420,422,423,425,428,429,431,460,461,462,463,464,465,466,470,471,472,476,504,505,506,507,508,509,510,517,518,520,521,548,550,551,552,553,554,555,556,557,562,563,566,569,571,572,599,602,606,608,611,613,614,615,616,617,618,638,644,651,655,657,658,659,661,701,702,704,705,733,736,746,749,750,751,777,778,779,783,784,785,786,790,791,796,809,812,821,822,823,830,832,834,837,851,854,866,867,868,869,870,871,872,878,879,885,886,896,897,900,910,911,914,915,916,921,922,924,939,940,942,953,961,968,969,970,984,985,986,987,988,989,1000,1014,1019,1027,1028,1029,1030,1031,1032,1035,1045,1046,1063,1071,1072,1073,1074,1075,1076,1077,1078,1079,1080,1088,1090,1091,1092,1093,1095,1104,1105,1107,1115,1116,1117,1118,1119,1122,1123,1124,1125,1132,1133,1136,1137,1138,1139,1146,1147,1151,1156,1157,1158,1159,1160,1161,1162,1163,1165,1166,1168,1169,1170,1177,1180,1181,1182,1183,1184,1189,1190,1191,1193,1194,1195,1196,1200,1201,1202,1204,1208,1209,1210,1211,1213,1214,1215,1220,1221,1222,1226,1227,1228,1234,1241,1246,1253,1254,1255,1260,1261,1266,1267,1271,1273,1276,1278,1290,1296,1298,1311,1317,1318,1319,1320,1322,1323,1334,1336,1340
5,5,270
336,381,384,385,416,417,418,419,420,423,424,425,426,428,430,459,460,461,462,463,464,465,466,470,472,476,504,505,506,510,512,514,520,521,548,551,552,553,554,556,557,562,563,573,596,599,606,607,608,611,613,614,615,616,618,638,640,642,644,646,654,657,658,659,661,683,685,686,687,688,692,693,704,705,707,727,733,734,736,749,750,751,752,776,777,779,784,785,787,788,789,790,796,797,812,818,821,822,823,824,826,830,832,833,851,854,863,866,868,870,871,872,878,879,886,896,900,910,911,914,915,916,917,921,924,925,940,941,942,953,958,960,961,968,969,971,972,983,984,985,986,987,988,1000,1006,1016,1026,1027,1028,1029,1030,1031,1032,1033,1035,1045,1046,1047,1063,1071,1072,1073,1074,1075,1076,1077,1078,1079,1080,1086,1088,1090,1091,1093,1094,1095,1105,1107,1115,1116,1117,1118,1121,1122,1123,1124,1125,1132,1133,1136,1137,1138,1139,1147,1149,1151,1157,1158,1159,1160,1161,1162,1163,1165,1166,1169,1170,1177,1180,1181,1182,1183,1184,1189,1190,1191,1192,1193,1194,1195,1196,1200,1201,1202,1204,1205,1209,1210,1211,1212,1213,1215,1220,1221,1222,1225,1226,1227,1228,1229,1234,1240,1246,1252,1253,1254,1260,1261,1264,1266,1267,1271,1272,1273,1274,1277,1278,1296,1298,1310,1312,1317,1318,1323,1325,1334,1336,1337,1339,1340
135,135,274
339,378,381,384,385,416,417,418,423,424,425,426,427,428,429,461,462,464,465,470,471,473,476,505,506,507,509,510,514,515,517,521,548,551,552,553,554,555,556,557,561,562,563,567,593,596,597,598,602,607,611,614,615,616,638,639,641,642,643,654,657,658,659,660,673,686,687,688,691,701,702,704,705,733,736,749,750,775,776,777,779,786,787,788,789,791,795,798,809,812,818,821,823,824,831,832,833,843,851,854,863,866,868,869,870,871,873,877,878,879,895,896,900,910,911,914,915,916,917,919,920,921,926,929,930,939,940,941,942,953,955,960,961,962,969,983,984,985,986,987,988,998,1000,1001,1006,1015,1026,1027,1028,1029,1030,1031,1032,1033,1034,1035,1045,1046,1047,1061,1063,1071,1072,1073,1074,1075,1076,1077,1078,1079,1080,1091,1093,1094,1095,1104,1105,1106,1107,1116,1117,1118,1119,1120,1121,1122,1123,1124,1125,1132,1133,1136,1137,1138,1139,1146,1147,1149,1150,1151,1157,1158,1160,1161,1162,1163,1164,1165,1166,1168,1169,1170,1180,1181,1182,1183,1184,1190,1191,1194,1195,1196,1200,1201,1202,1204,1206,1208,1209,1210,1211,1213,1214,1215,1221,1226,1227,1228,1229,1233,1234,1240,1244,1246,1247,1252,1253,1254,1260,1266,1272,1273,1274,1275,1277,1278,1279,1282,1290,1295,1296,1297,1298,1305,1310,1317,1318,1323,1325,1327,1335,1336,1337,1339
59,59,291
381,382,384,385,414,417,420,423,424,425,426,427,428,429,430,461,462,463,469,470,471,472,473,474,475,476,504,505,506,507,509,510,514,515,516,517,518,519,520,521,550,551,552,553,554,555,556,557,561,562,563,596,597,598,599,602,605,606,614,615,616,638,639,640,641,642,643,644,651,654,657,658,659,660,661,686,687,688,691,692,693,694,701,704,705,706,707,728,733,736,749,750,776,777,778,779,780,787,788,789,794,796,809,821,822,823,824,831,832,833,843,851,853,854,866,868,869,870,871,872,878,879,895,896,900,910,911,913,914,915,916,921,925,926,929,940,941,942,955,956,958,960,961,962,966,969,970,983,984,985,986,987,988,1001,1006,1014,1026,1027,1028,1029,1030,1031,1032,1033,1034,1035,1045,1046,1047,1061,1063,1071,1072,1073,1074,1075,1076,1077,1078,1079,1080,1088,1090,1091,1092,1093,1094,1095,1105,1106,1116,1117,1118,1119,1120,1121,1122,1123,1124,1125,1132,1135,1136,1137,1138,1139,1146,1147,1149,1150,1151,1158,1160,1161,1162,1163,1164,1165,1166,1167,1168,1169,1170,1181,1182,1183,1184,1190,1191,1194,1195,1196,1200,1201,1202,1204,1205,1206,1208,1209,1210,1211,1212,1213,1214,1215,1220,1221,1225,1226,1227,1228,1229,1233,1234,1239,1246,1252,1253,1254,1255,1260,1261,1266,1272,1273,1274,1275,1276,1277,1278,1279,1281,1282,1285,1290,1291,1293,1294,1295,1296,1298,1311,1317,1318,1322,1323,1325,1335,1337,1340
12,12,308
381,382,385,414,416,417,426,427,428,429,460,461,462,470,471,472,473,474,504,505,506,509,510,514,515,516,517,518,521,548,550,551,552,553,554,555,556,557,561,562,563,593,596,597,598,599,602,603,605,607,611,612,614,615,616,621,638,639,641,642,643,644,646,657,658,659,660,661,683,684,686,687,688,689,691,692,693,694,704,728,733,734,736,741,749,750,752,773,776,777,778,779,780,781,787,788,789,809,821,822,823,824,831,832,833,834,839,851,852,853,866,868,870,871,879,880,882,895,896,900,910,911,913,914,915,916,917,921,924,939,940,941,942,955,956,957,958,960,961,969,970,980,984,985,986,987,988,994,1000,1001,1006,1026,1027,1028,1029,1030,1031,1032,1033,1034,1035,1045,1046,1047,1058,1059,1061,1063,1071,1072,1073,1074,1075,1076,1077,1078,1079,1080,1088,1090,1091,1092,1093,1094,1095,1105,1107,1115,1116,1117,1118,1119,1120,1121,1122,1123,1124,1125,1132,1135,1136,1137,1138,1139,1146,1147,1150,1151,1158,1160,1161,1162,1163,1164,1165,1166,1167,1168,1169,1170,1177,1180,1181,1182,1183,1184,1190,1191,1192,1193,1194,1195,1196,1200,1201,1202,1204,1205,1206,1207,1208,1209,1210,1211,1213,1214,1215,1220,1221,1222,1225,1226,1227,1228,1229,1233,1234,1237,1239,1240,1246,1248,1250,1251,1252,1253,1254,1255,1260,1261,1266,1267,1271,1272,1273,1274,1275,1276,1277,1278,1279,1280,1284,1289,1290,1293,1294,1295,1296,1297,1298,1305,1309,1311,1317,1318,1322,1323,1325,1326,1329,1334,1335,1337,1338,1340,1341,1342
72,72,176
385,426,427,428,429,462,470,471,472,473,504,505,506,510,514,550,551,554,555,556,557,597,602,615,641,642,643,644,658,659,686,687,688,689,694,733,778,779,780,788,821,822,833,851,853,866,895,896,900,914,915,916,940,941,942,955,961,984,985,986,987,988,1001,1026,1027,1028,1029,1030,1031,1032,1034,1035,1046,1047,1051,1071,1072,1073,1074,1075,1076,1077,1078,1079,1091,1092,1093,1094,1105,1116,1117,1118,1119,1120,1121,1122,1123,1124,1125,1138,1139,1147,1149,1150,1151,1160,1161,1162,1163,1164,1165,1166,1167,1168,1169,1181,1182,1183,1184,1194,1195,1196,1200,1201,1202,1204,1206,1207,1208,1209,1210,1211,1213,1214,1215,1221,1222,1225,1226,1227,1228,1229,1234,1239,1240,1246,1248,1251,1252,1253,1254,1260,1266,1267,1272,1273,1274,1275,1278,1279,1284,1285,1290,1291,1294,1296,1297,1298,1318,1322,1323,1325,1334,1337,1340,1341
50,50,282
384,385,414,416,426,427,428,429,430,462,470,471,472,473,474,504,505,506,510,514,515,517,518,519,550,551,552,554,555,556,557,560,561,562,563,593,597,602,606,607,611,615,616,638,639,641,642,643,644,646,647,657,658,659,660,677,678,686,687,688,691,692,694,702,704,723,728,733,768,773,774,776,777,778,779,780,788,789,796,814,821,822,823,831,832,851,853,854,868,871,878,886,896,900,910,911,914,915,916,921,922,924,926,940,941,942,948,955,956,958,960,961,969,970,984,985,986,987,1000,1001,1006,1015,1026,1027,1028,1029,1030,1031,1032,1034,1035,1039,1045,1046,1047,1059,1063,1071,1072,1073,1074,1075,1076,1077,1078,1079,1080,1088,1090,1091,1092,1093,1094,1095,1104,1105,1115,1116,1117,1118,1119,1120,1121,1122,1123,1124,1125,1132,1135,1136,1137,1138,1139,1147,1149,1150,1151,1157,1158,1160,1161,1162,1163,1164,1165,1166,1167,1168,1169,1170,1180,1181,1182,1183,1184,1190,1191,1192,1193,1194,1195,1196,1200,1201,1202,1204,1205,1206,1207,1208,1209,1210,1211,1212,1213,1214,1215,1220,1221,1222,1225,1226,1227,1228,1229,1234,1236,1239,1240,1244,1246,1247,1248,1251,1252,1253,1254,1256,1260,1261,1266,1267,1271,1272,1273,1274,1277,1278,1279,1280,1283,1284,1285,1289,1290,1291,1293,1294,1295,1296,1297,1298,1305,1306,1311,1312,1314,1315,1317,1318,1322,1323,1325,1326,1327,1334,1335,1336,1337,1338,1340,1341
45,45,253
415,426,427,428,429,430,470,471,472,473,505,506,515,517,518,554,555,556,557,558,560,561,562,563,567,597,602,603,606,607,611,642,643,646,647,658,659,678,683,687,688,689,692,694,704,705,728,733,750,751,768,773,777,778,788,794,822,823,851,854,863,868,869,878,879,896,900,903,911,914,915,916,921,922,924,925,926,940,941,942,948,953,955,956,960,961,969,971,984,985,986,987,993,994,1000,1001,1015,1026,1027,1028,1029,1030,1031,1032,1033,1034,1035,1045,1046,1047,1059,1063,1071,1072,1073,1074,1075,1076,1077,1078,1079,1080,1088,1090,1091,1092,1093,1094,1104,1105,1108,1115,1116,1117,1118,1119,1120,1121,1122,1123,1124,1125,1132,1135,1136,1137,1138,1139,1147,1150,1151,1158,1160,1161,1162,1163,1164,1165,1166,1167,1168,1169,1170,1177,1181,1182,1183,1184,1190,1193,1194,1195,1200,1201,1202,1203,1204,1205,1206,1207,1208,1209,1210,1211,1212,1213,1214,1215,1220,1221,1222,1225,1226,1227,1228,1229,1234,1236,1239,1240,1244,1246,1248,1249,1250,1251,1252,1253,1254,1255,1259,1260,1261,1266,1267,1271,1272,1273,1274,1277,1278,1279,1280,1282,1283,1284,1289,1290,1291,1292,1293,1294,1295,1296,1297,1298,1310,1312,1314,1317,1323,1324,1325,1326,1327,1333,1334,1335,1337,1338,1340,1341,1342
124,124,92
13,45,149,150,186,187,194,197,198,199,200,222,231,232,242,243,244,245,277,286,287,288,289,329,330,331,332,380,398,399,436,437,438,441,442,443,481,482,485,487,488,524,525,532,536,550,554,569,574,575,595,598,599,640,643,644,673,685,688,725,768,800,836,837,841,842,843,880,881,886,887,888,930,931,932,933,944,971,972,975,976,977,978,989,1015,1021,1022,1023,1049,1050,1066,1067
26,26,152
76,349,384,427,428,470,471,472,504,515,556,557,602,612,660,704,780,809,850,851,894,895,920,941,942,945,953,956,970,984,985,986,990,1001,1026,1027,1028,1029,1030,1031,1034,1035,1042,1046,1047,1063,1069,1071,1072,1073,1074,1075,1076,1077,1078,1079,1080,1086,1087,1092,1094,1107,1115,1116,1117,1118,1119,1120,1121,1122,1123,1124,1125,1138,1139,1146,1159,1160,1161,1162,1163,1164,1165,1166,1167,1168,1169,1170,1177,1181,1182,1183,1184,1185,1193,1194,1195,1205,1206,1208,1209,1210,1211,1212,1213,1214,1215,1221,1222,1225,1228,1229,1239,1240,1246,1248,1249,1252,1253,1258,1260,1261,1266,1267,1272,1274,1279,1283,1284,1289,1290,1291,1292,1293,1294,1296,1297,1298,1306,1307,1310,1312,1317,1323,1325,1327,1328,1334,1336,1337,1339,1341
55,55,85
471,508,510,556,674,850,851,895,941,942,953,985,990,1001,1027,1028,1029,1030,1035,1047,1063,1069,1071,1073,1074,1077,1078,1079,1080,1107,1115,1117,1118,1119,1120,1121,1122,1123,1124,1125,1132,1138,1159,1161,1162,1163,1164,1165,1166,1167,1168,1169,1177,1183,1184,1193,1194,1195,1205,1206,1208,1209,1210,1211,1214,1221,1228,1229,1239,1248,1253,1266,1272,1284,1289,1290,1291,1292,1297,1298,1323,1325,1328,1334,1337
30,30,128
427,428,470,471,515,553,574,598,639,809,850,851,895,940,941,942,945,953,984,985,989,990,1001,1026,1027,1028,1029,1030,1034,1035,1042,1046,1047,1071,1072,1073,1074,1077,1078,1079,1080,1092,1107,1108,1114,1115,1116,1117,1118,1119,1120,1121,1122,1123,1124,1125,1138,1139,1159,1160,1161,1162,1163,1164,1165,1166,1167,1169,1170,1182,1183,1184,1187,1191,1193,1194,1195,1205,1206,1207,1208,1209,1211,1212,1214,1215,1221,1222,1227,1228,1229,1238,1239,1246,1247,1248,1249,1251,1252,1253,1260,1266,1267,1272,1273,1278,1283,1284,1289,1290,1291,1292,1293,1295,1296,1297,1298,1311,1317,1323,1328,1333,1334,1335,1336,1337,1339,1341
34,34,132
383,426,428,470,471,524,567,593,598,612,639,704,809,837,850,851,882,895,940,941,953,984,985,986,989,990,1001,1026,1027,1028,1029,1030,1034,1035,1042,1046,1047,1071,1072,1073,1074,1078,1079,1080,1087,1088,1092,1107,1114,1115,1116,1117,1118,1119,1120,1121,1122,1123,1124,1125,1132,1138,1139,1159,1160,1161,1162,1163,1164,1166,1167,1168,1169,1170,1182,1183,1184,1191,1194,1195,1204,1205,1206,1207,1208,1209,1210,1211,1213,1214,1215,1221,1222,1228,1232,1238,1239,1246,1247,1248,1249,1251,1252,1253,1260,1266,1267,1272,1283,1284,1289,1290,1291,1292,1293,1294,1295,1296,1297,1306,1311,1317,1323,1327,1328,1333,1334,1336,1337,1339,1340,1341
30,30,47
851,984,985,989,990,1027,1028,1029,1030,1034,1035,1071,1072,1073,1078,1079,1080,1107,1116,1117,1119,1121,1122,1123,1124,1125,1138,1160,1161,1162,1163,1164,1166,1167,1169,1204,1206,1208,1209,1211,1228,1252,1272,1291,1292,1297,1334
12,12,8
1029,1072,1117,1162,1169,1184,1206,1209
30,30,26
39,40,41,42,43,44,45,87,88,89,90,133,135,176,177,180,222,270,585,629,674,675,718,719,720,762
99,99,59
30,35,36,37,38,39,40,41,42,43,44,45,81,82,83,84,85,86,87,88,89,90,127,128,129,130,131,132,133,134,135,174,175,176,177,178,179,180,219,220,221,222,223,224,225,267,268,269,270,308,314,315,360,585,629,674,675,718,719
9,9,80
38,39,40,41,42,43,44,45,81,82,83,84,85,86,87,88,89,90,126,127,128,129,130,131,132,133,134,135,173,174,175,176,177,178,179,180,218,219,220,221,222,223,224,225,264,265,266,267,268,269,270,295,310,315,529,530,531,546,574,575,619,636,764,765,808,809,968,974,975,1018,1019,1020,1058,1063,1064,1102,1103,1109,1147,1148
62,62,131
26,27,28,29,30,31,32,33,34,35,36,37,38,39,40,41,42,43,44,45,72,73,74,75,76,77,78,79,80,81,82,83,84,85,86,87,88,89,90,119,120,121,122,123,124,125,126,127,128,129,130,131,132,133,134,135,167,168,169,170,171,172,173,174,175,176,177,178,179,180,210,213,214,215,216,217,218,219,220,221,222,223,224,225,258,259,260,261,262,263,264,265,266,267,268,269,270,306,307,308,309,310,311,312,313,314,315,353,354,355,356,357,358,359,360,398,400,401,402,403,404,405,446,448,449,450,539,540,629,674,718
135,135,166
22,23,24,25,26,27,28,29,30,31,32,33,34,35,36,37,38,39,40,41,42,43,44,45,67,68,69,70,71,72,73,74,75,76,77,78,79,80,81,82,83,84,85,86,87,88,89,90,113,116,117,118,119,120,121,122,123,124,125,126,127,128,129,130,131,132,133,134,135,162,163,164,165,166,167,168,169,170,171,172,173,174,175,176,177,178,179,180,210,211,212,213,214,215,216,217,218,219,220,221,222,223,224,225,255,256,257,258,259,260,261,262,263,264,265,266,267,268,269,270,302,303,304,305,306,307,308,309,310,311,312,313,314,315,347,349,350,351,352,353,354,355,356,357,358,359,360,399,400,401,402,403,404,405,446,447,448,449,450,491,492,493,494,495,585,629
35,35,195
13,16,17,18,19,20,22,23,24,25,26,27,28,29,30,31,32,33,34,35,36,37,38,39,40,41,42,43,44,45,58,64,65,66,67,68,69,70,71,72,73,74,75,76,77,78,79,80,81,82,83,84,85,86,87,88,89,90,110,112,113,114,115,116,117,118,119,120,121,122,123,124,125,126,127,128,129,130,131,132,133,134,135,159,160,161,162,163,164,165,166,167,168,169,170,171,172,173,174,175,176,177,178,179,180,208,209,210,211,212,213,214,215,216,217,218,219,220,221,222,223,224,225,250,253,254,255,256,257,258,259,260,261,262,263,264,265,266,267,268,269,270,300,301,302,303,304,305,306,307,308,309,310,311,312,313,314,315,347,348,349,350,351,352,353,354,355,356,357,358,359,360,395,396,397,398,399,400,402,403,404,405,437,443,444,446,447,449,450,491,492,494,495,585,629
68,68,235
8,9,10,11,12,13,14,15,16,17,18,19,20,21,22,23,24,25,26,27,28,29,30,31,32,33,34,35,36,37,38,39,40,41,42,43,44,45,54,55,57,58,59,60,61,62,63,64,65,66,67,68,69,70,71,72,73,74,75,76,77,78,79,80,81,82,83,84,85,86,87,88,89,90,100,101,105,106,107,108,109,110,111,112,113,114,115,116,117,118,119,120,121,122,123,124,125,126,127,128,129,130,131,132,133,134,135,155,156,157,158,159,160,161,162,163,164,165,166,167,168,169,170,171,172,173,174,175,176,177,178,179,180,202,203,204,205,206,207,208,209,210,211,212,213,214,215,216,217,218,219,220,221,222,223,224,225,250,251,252,253,254,255,256,257,258,259,260,261,262,263,264,265,266,267,268,269,270,294,297,299,300,301,302,303,304,305,306,307,308,309,310,311,312,313,314,315,342,344,346,347,348,349,350,351,352,353,354,355,356,357,358,359,360,390,392,393,394,395,396,397,398,399,400,401,403,404,405,437,446,447,448,449,450,491
31,31,254
3,4,5,6,7,8,9,10,11,12,13,14,15,16,17,18,19,20,21,22,23,24,25,26,27,28,29,30,31,32,33,34,35,36,37,38,39,40,41,42,43,45,49,51,52,53,54,55,56,57,58,59,60,61,62,63,64,65,66,67,68,69,70,71,72,73,74,75,76,77,78,79,80,81,82,83,84,85,86,87,88,89,90,99,100,101,102,103,104,105,106,107,108,109,110,111,112,113,114,115,116,117,118,119,120,121,122,123,124,125,126,127,128,129,130,131,132,133,134,135,147,149,150,151,152,153,154,155,156,157,158,159,160,161,162,163,164,165,166,167,168,169,170,171,172,173,174,175,176,177,178,179,180,199,200,201,202,203,204,205,206,207,208,209,210,211,212,213,214,215,216,217,218,219,220,221,222,223,224,225,246,247,248,249,250,251,253,254,255,256,257,258,259,260,261,262,263,264,265,266,267,268,269,270,295,296,298,299,300,301,302,303,304,305,306,307,308,309,310,311,312,313,314,315,342,346,347,348,349,350,351,352,353,354,355,356,357,358,359,360,390,391,396,397,398,399,400,405,437,446,447,448,449,450
68,68,279
1,2,3,4,5,6,7,8,9,10,11,12,13,14,15,16,17,18,19,20,21,22,23,24,25,26,27,28,29,30,31,32,33,34,46,47,48,49,50,51,52,53,54,55,56,57,58,59,60,61,62,63,64,65,66,67,68,69,70,71,72,73,74,75,76,77,78,79,80,81,83,84,91,92,93,94,95,96,97,98,99,100,101,102,103,104,105,106,107,108,109,110,111,112,113,114,115,116,117,118,119,120,121,122,123,124,125,126,127,128,129,130,131,136,137,140,141,142,143,144,145,146,147,148,149,150,151,152,153,154,155,156,157,158,159,160,161,162,163,164,165,166,167,168,169,170,171,172,173,174,175,176,177,178,179,185,188,189,190,191,192,193,194,195,196,197,198,199,200,201,202,203,204,205,206,207,208,209,210,211,212,213,214,215,216,217,218,219,220,221,222,241,242,243,244,245,246,247,248,249,250,251,252,253,254,255,256,257,258,259,260,261,262,263,264,265,266,267,268,269,270,288,289,290,291,292,294,295,296,297,298,299,300,301,302,303,304,305,306,307,308,309,310,311,312,314,315,335,336,341,342,343,344,345,346,347,348,349,350,351,352,353,354,355,357,358,388,390,391,392,393,394,395,396,397,400,436,437,444
68,68,292
1,2,3,4,5,6,7,8,9,10,11,12,13,14,15,16,17,18,19,20,21,22,23,24,25,46,47,48,49,50,51,52,53,54,55,56,57,58,59,60,61,62,63,64,65,66,67,68,69,70,71,77,91,92,93,94,95,96,97,98,99,100,101,102,103,104,105,106,107,108,109,110,111,112,113,114,115,116,123,136,137,138,139,140,141,142,143,144,145,146,147,148,149,150,151,152,153,154,155,156,157,158,159,160,161,162,163,165,166,167,168,169,181,182,183,184,185,186,187,188,189,190,191,192,193,194,195,196,197,198,199,200,201,202,203,204,205,206,207,208,209,210,211,212,213,214,215,218,220,226,227,228,229,230,231,232,233,234,235,236,237,238,239,240,241,242,243,244,245,246,247,248,249,250,251,252,253,254,255,256,257,258,259,260,263,264,265,266,267,271,272,273,274,275,276,277,278,279,280,281,282,283,284,285,286,287,288,289,290,291,292,293,294,295,296,297,298,299,300,301,302,303,304,305,306,308,309,310,311,319,320,321,322,323,324,325,326,327,329,330,333,334,335,336,337,338,339,340,341,342,343,344,345,346,347,348,349,350,352,353,354,355,362,369,370,380,381,382,383,384,385,386,387,388,389,390,391,392,393,397,398,399,415,430,431,433,434,435,436,437,438,482
68,68,294
1,2,3,4,5,6,7,8,9,10,11,12,13,14,46,47,48,49,50,51,52,53,54,55,56,57,58,59,60,61,68,91,92,93,94,95,96,97,98,99,100,101,102,103,104,105,106,113,114,136,137,138,139,140,141,142,143,144,145,146,147,148,149,150,151,152,153,154,155,156,157,159,181,182,183,184,185,186,187,188,189,190,191,192,193,194,195,196,197,198,199,200,201,202,203,204,205,226,227,228,229,230,231,232,233,234,235,236,237,238,239,240,241,242,243,244,245,246,247,248,249,250,251,267,271,272,273,274,275,276,277,278,279,280,281,282,283,284,285,286,287,288,289,290,291,292,293,294,295,296,297,299,300,301,302,316,317,318,319,320,321,322,323,324,325,326,327,328,329,330,331,332,333,334,335,336,337,338,339,340,341,342,343,344,345,346,347,348,353,354,361,362,363,364,365,366,367,368,369,370,371,372,373,374,375,376,377,378,379,380,381,382,385,386,387,388,389,390,391,392,393,399,406,407,408,409,410,411,412,413,414,415,416,417,418,419,420,421,422,423,424,425,426,427,428,429,430,431,432,433,434,435,436,437,438,451,452,453,454,455,456,457,458,459,460,461,462,463,464,465,467,470,471,472,473,474,475,477,478,479,480,481,482,496,498,499,503,504,505,506,507,517,518,549
7,7,248
46,48,49,50,58,91,92,93,94,95,100,136,137,138,139,140,141,142,143,144,145,146,181,182,183,184,185,186,187,188,189,190,191,192,193,200,226,227,228,229,230,231,232,233,234,235,236,237,238,239,240,241,242,246,271,272,273,274,275,276,277,278,279,280,281,282,283,284,285,286,287,288,289,291,292,316,317,318,319,320,321,322,323,324,325,326,327,328,329,330,331,332,333,334,337,361,362,363,364,365,366,367,368,369,370,371,372,373,374,375,376,377,378,379,380,381,389,390,406,407,408,409,410,411,412,413,414,415,416,418,419,420,421,422,425,426,433,434,435,436,437,451,452,453,454,455,456,457,458,459,460,461,462,463,465,466,467,477,478,479,496,497,498,499,500,501,502,503,504,505,506,507,508,511,512,513,514,515,516,517,523,541,542,543,544,545,546,547,548,549,550,551,552,553,556,557,558,559,560,561,564,586,587,588,589,590,591,592,593,594,595,596,597,600,601,602,603,604,605,609,610,631,632,633,634,635,637,638,639,640,647,648,678,679,680,682,683,684,724,725,727,728,729,735,766,772,773,817
106,106,246
228,271,272,273,274,275,276,277,279,316,317,318,319,320,321,322,323,324,325,326,327,328,329,361,362,363,364,365,366,367,368,369,370,371,372,373,374,375,406,407,408,409,410,411,412,413,414,415,416,417,418,419,420,451,452,453,454,455,456,457,458,459,460,461,462,463,464,465,466,467,468,469,496,497,498,499,500,501,502,503,504,505,506,507,508,509,510,511,512,513,514,516,517,519,523,541,542,543,544,545,546,547,548,549,550,551,552,553,554,555,556,557,558,559,560,561,562,563,564,586,587,588,589,590,591,592,593,594,595,596,597,598,599,600,601,602,603,604,605,606,607,609,631,632,633,634,635,636,637,638,639,640,641,642,643,644,645,646,647,648,649,650,651,652,653,654,655,676,677,678,679,680,681,682,683,684,685,686,688,689,690,691,693,694,695,696,697,698,699,700,721,722,723,724,725,726,727,728,729,730,731,732,733,734,739,740,741,743,766,767,768,769,770,772,773,774,775,776,777,778,779,780,811,812,813,814,815,818,819,821,856,857,858,859,860,863,864,866,901,902,904,905,909,946,991,1225
57,57,205
318,362,363,364,406,407,408,451,452,453,454,455,461,462,496,497,498,499,500,502,503,504,505,506,507,508,509,510,511,541,542,543,544,545,546,547,548,549,550,551,552,553,554,555,556,557,558,559,586,587,588,589,590,591,592,593,594,595,596,597,598,599,600,601,602,603,604,605,607,631,632,633,634,635,636,637,638,639,640,641,642,643,644,645,646,647,648,649,650,651,652,654,676,677,678,679,680,681,682,683,684,685,686,687,688,689,690,691,693,694,695,696,698,721,722,723,724,725,726,727,728,729,730,731,732,733,734,735,736,737,740,742,743,766,767,768,769,770,771,772,773,774,775,776,777,778,779,780,781,782,783,785,786,811,812,813,814,815,816,817,818,819,820,821,822,823,826,827,856,857,858,859,860,863,864,865,866,867,868,901,902,903,904,905,907,908,909,910,912,913,946,947,948,949,952,953,954,991,992,993,994,997,1036,1037,1038
57,57,169
406,451,454,496,499,542,545,554,555,586,587,588,596,597,599,600,604,631,632,633,634,635,636,637,639,640,641,642,676,677,678,679,680,681,682,683,684,685,686,687,688,689,690,692,693,721,722,723,724,725,726,727,728,729,730,731,732,733,734,735,736,741,766,767,768,769,770,771,772,773,774,775,776,777,778,779,780,781,782,811,812,813,814,815,818,819,820,821,822,823,824,825,826,856,857,858,859,860,861,862,863,864,865,866,867,868,869,870,871,872,873,874,901,902,903,904,905,906,907,908,909,910,911,912,913,914,915,916,946,947,948,949,950,951,952,953,954,955,956,991,992,993,994,995,996,997,998,999,1036,1037,1038,1039,1041,1042,1043,1081,1082,1083,1084,1085,1086,1087,1088,1126,1127,1128,1131,1132,1171
133,133,127
451,680,725,726,731,732,767,769,774,776,778,779,780,811,812,813,814,815,817,818,819,820,821,822,823,824,856,857,858,859,860,861,862,863,864,865,866,867,868,869,870,901,902,903,904,905,907,908,909,910,911,912,913,914,946,947,948,949,950,951,952,953,954,955,956,957,958,959,960,961,991,992,993,994,995,996,997,998,999,1000,1001,1002,1004,1005,1036,1037,1038,1039,1040,1041,1042,1043,1044,1081,1082,1083,1084,1085,1086,1087,1088,1089,1126,1127,1128,1129,1130,1131,1132,1133,1171,1172,1173,1175,1176,1177,1178,1216,1217,1219,1220,1221,1222,1261,1263,1264,1265
38,38,86
585,628,629,680,725,856,859,865,901,902,904,907,908,909,912,946,947,948,949,952,953,954,958,959,960,991,992,993,994,996,997,998,999,1036,1037,1038,1039,1040,1041,1042,1043,1044,1081,1082,1083,1084,1085,1086,1087,1088,1089,1090,1126,1127,1128,1129,1130,1131,1132,1133,1134,1171,1172,1173,1174,1175,1176,1177,1178,1216,1217,1218,1219,1220,1221,1222,1261,1262,1264,1265,1266,1267,1306,1309,1310,1311
36,36,58
315,358,359,360,405,450,491,494,539,540,584,585,628,629,912,946,947,991,992,1036,1037,1038,1042,1081,1082,1083,1086,1126,1127,1128,1130,1131,1132,1171,1172,1173,1174,1175,1176,1177,1216,1217,1218,1220,1221,1223,1261,1262,1263,1264,1265,1266,1267,1306,1308,1309,1310,1311
89,89,39
180,222,224,225,267,268,269,270,311,312,313,314,315,355,358,359,360,400,403,404,405,446,450,495,534,539,540,584,585,629,630,946,991,1036,1261,1262,1306,1310,1311
84,84,31
133,134,135,176,177,178,179,180,221,222,223,224,225,265,266,267,268,269,270,309,311,312,313,314,315,358,359,360,400,405,666
88,88,75
42,43,44,45,85,86,87,88,89,90,129,130,131,132,133,134,135,174,175,176,177,178,179,180,218,219,220,221,222,223,224,225,261,262,263,264,265,266,267,268,269,270,306,307,308,309,310,311,312,313,314,315,348,350,351,352,353,355,358,359,360,392,395,396,397,398,400,404,436,437,438,440,450,495,540
35,35,77
39,40,41,42,43,44,45,83,84,85,86,87,88,89,90,127,128,129,130,131,132,133,134,135,171,172,173,174,175,176,177,178,179,215,216,217,218,219,220,221,222,223,224,225,258,259,260,261,262,263,264,265,266,267,268,269,270,302,303,304,305,306,307,308,347,348,349,350,391,392,393,394,395,435,436,437,438
44,44,100
33,34,35,36,37,38,39,40,41,42,43,44,45,78,79,80,81,82,83,84,85,86,87,88,89,90,122,123,124,125,126,127,128,129,130,131,132,133,134,135,166,167,168,169,170,171,172,173,174,175,176,177,178,179,211,212,213,214,215,216,217,218,219,220,221,222,223,255,256,257,258,259,260,261,262,263,264,265,299,300,301,302,303,304,305,343,344,345,346,347,348,349,388,390,391,392,433,434,436,437
45,45,130
29,30,31,32,33,34,35,36,37,38,39,40,41,42,43,44,45,73,74,75,76,77,78,79,80,81,82,83,84,85,86,87,88,118,119,120,121,122,123,124,125,126,127,128,129,130,131,132,163,164,165,166,167,168,169,170,171,172,173,174,175,176,207,208,209,210,211,212,213,214,215,216,217,218,219,220,250,251,253,254,255,256,257,258,259,260,261,262,263,295,296,297,298,299,300,301,302,303,304,305,306,339,340,341,342,343,344,345,346,347,348,349,350,384,385,386,387,388,389,392,393,430,431,432,436,437,474,475,476,521
131,131,168
24,25,26,27,28,29,30,31,32,33,34,35,36,37,38,39,40,41,42,68,69,70,71,72,73,74,75,76,77,78,79,80,81,82,83,84,85,113,114,115,116,117,118,119,120,121,122,123,124,125,126,127,128,129,130,157,158,159,160,161,162,163,164,165,166,167,168,169,170,171,172,173,174,175,202,203,204,205,206,207,208,209,210,211,212,213,214,215,216,217,218,246,247,248,249,250,251,252,253,254,255,256,257,258,259,260,261,291,292,293,294,295,296,297,298,299,300,301,302,303,304,305,336,337,338,339,340,341,342,343,344,345,346,347,381,382,383,384,385,386,387,388,389,390,426,427,428,429,430,431,433,471,472,473,474,475,476,515,517,559,560,561,565,567,579,604,605,610
80,80,199
20,21,22,23,24,25,26,27,28,29,30,31,32,33,34,35,36,37,38,65,66,67,68,69,70,71,72,73,74,75,76,77,78,79,80,81,82,109,110,111,112,113,114,115,116,117,118,119,120,121,122,123,124,125,126,127,154,155,156,157,158,159,160,161,162,163,164,165,166,167,168,169,170,198,199,200,201,202,203,204,205,206,207,208,209,210,211,212,213,214,243,244,245,246,247,248,249,250,251,252,253,254,255,256,257,258,287,288,289,290,291,292,293,294,295,296,297,298,299,300,301,302,333,334,335,336,337,338,339,340,341,342,343,344,345,346,378,379,380,381,382,383,384,385,386,387,388,422,423,424,425,426,427,428,429,430,431,432,467,468,469,470,471,472,473,474,475,476,510,511,512,513,514,515,516,518,519,520,521,522,555,556,557,558,559,560,561,563,565,566,599,603,604,605,606,607,648,651,652
84,84,240
15,16,17,18,19,20,21,22,23,24,25,26,27,28,29,30,31,32,33,34,59,60,61,62,63,64,65,66,67,68,69,70,71,72,73,74,75,76,77,78,105,106,107,108,109,110,111,112,113,114,115,116,117,118,119,120,121,122,150,151,152,153,154,155,156,157,158,159,160,161,162,163,164,165,166,168,195,196,197,198,199,200,201,202,203,204,205,206,207,208,209,210,211,212,239,240,241,242,243,244,245,246,247,248,249,250,251,252,253,254,255,283,284,285,286,287,288,289,290,291,292,293,294,295,296,297,298,299,328,329,330,331,332,333,334,335,336,337,338,339,340,341,342,343,373,374,375,376,377,378,379,380,381,382,383,384,385,386,417,418,419,420,421,422,423,424,425,426,427,428,429,430,462,463,464,465,466,467,468,469,470,472,473,507,508,509,510,511,512,513,514,516,517,518,552,553,554,555,556,557,558,559,560,561,597,598,599,600,601,602,603,604,641,642,643,644,645,646,649,650,686,687,688,689,690,731,732,733,734,735,776,777,779,820,821,822,824,865,867,913
61,61,266
11,12,13,14,15,16,17,18,19,20,21,22,23,24,25,26,27,28,29,30,56,57,58,59,60,61,62,63,64,65,66,67,68,69,70,71,72,73,74,75,100,101,102,103,104,105,106,107,108,109,110,111,112,113,114,115,116,117,118,119,145,146,147,148,149,150,151,152,153,154,155,156,157,158,159,160,161,190,191,192,193,194,195,196,197,198,199,200,201,202,203,204,205,206,208,235,236,237,238,239,240,241,242,243,244,245,246,247,248,249,250,280,281,282,283,284,285,286,287,288,289,290,291,292,293,294,295,324,325,326,327,328,329,330,331,332,333,334,335,336,337,338,339,340,369,370,371,372,373,374,375,376,377,378,379,380,381,382,383,384,414,415,416,417,418,419,420,421,422,423,424,425,426,459,460,461,462,463,464,465,466,467,468,469,470,471,504,505,506,507,508,509,510,511,512,513,514,515,549,550,551,552,553,554,555,556,557,558,559,560,594,595,596,597,598,599,600,602,603,604,605,637,639,640,641,642,643,644,645,646,683,684,685,686,687,688,689,690,728,729,730,731,732,733,734,773,774,775,776,777,778,819,820,821,822,864,865,866,909,910,911,954,955,998,999,1000
96,96,278
7,8,9,10,11,12,13,14,15,16,17,18,19,20,21,22,23,24,25,52,53,54,55,56,57,58,59,60,61,62,63,64,65,66,67,68,69,97,98,99,100,101,102,103,104,105,106,107,108,109,110,111,112,113,142,143,144,145,146,147,148,149,150,151,152,153,154,155,156,157,158,187,188,189,190,191,192,193,194,195,196,197,198,199,200,201,202,232,233,234,235,236,237,238,239,240,241,242,243,244,245,246,276,277,278,279,280,281,282,283,284,285,286,287,288,289,290,321,322,323,324,325,326,327,328,329,330,331,332,333,366,367,368,369,370,371,372,373,374,375,376,377,378,411,412,413,414,415,416,417,418,419,420,421,422,455,456,457,458,459,460,461,462,463,464,465,466,467,500,501,502,503,504,505,506,507,508,509,510,511,545,546,547,548,549,550,551,552,553,554,555,591,592,593,594,595,596,597,598,599,636,637,638,639,640,641,642,643,644,679,680,681,682,683,684,685,686,687,688,724,725,726,727,728,729,730,731,732,733,769,770,771,772,773,774,775,776,777,778,814,815,816,817,818,819,820,821,822,859,860,861,862,863,864,865,866,867,904,905,906,908,909,911,946,949,950,951,953,954,956,991,992,994,995,997,999,1039,1043
93,93,254
2,3,4,5,6,7,8,9,10,11,12,13,14,15,16,17,18,47,48,49,50,51,52,53,54,55,56,57,58,59,60,92,93,94,95,96,97,98,99,100,101,102,103,104,105,137,138,139,140,141,142,143,144,146,147,148,149,150,183,184,185,186,187,188,189,191,192,193,194,195,196,227,228,229,230,231,232,233,234,235,236,237,238,239,240,241,272,273,274,275,276,277,278,279,280,282,283,284,285,286,287,318,319,320,321,322,323,324,325,327,328,329,330,331,362,363,364,365,366,367,368,369,370,372,373,374,375,376,406,407,408,409,410,411,412,413,414,415,416,419,420,451,453,454,455,456,457,458,459,460,461,464,496,497,498,499,500,501,502,503,504,505,506,509,541,542,543,544,545,546,547,548,549,551,587,588,589,590,591,592,593,594,595,631,632,633,634,635,636,637,638,639,640,676,677,678,679,680,681,682,683,684,685,721,722,723,724,725,726,727,728,729,766,767,768,769,770,771,772,773,811,812,813,814,815,816,817,856,857,858,859,860,861,901,902,903,904,905,906,946,947,948,949,950,991,992,993,994,1036,1037,1038,1039,1040,1081
88,88,255
1,2,3,4,5,6,7,8,9,10,11,12,13,14,15,16,46,47,48,49,50,51,52,53,54,55,56,57,58,59,91,92,93,94,95,96,97,98,99,100,101,102,103,104,106,136,137,138,139,140,141,142,143,144,145,146,147,148,149,181,182,183,184,185,186,187,188,189,190,191,192,193,194,226,227,228,229,230,231,232,233,234,235,236,237,238,271,272,273,274,275,276,277,278,279,280,281,282,283,316,317,318,319,320,321,322,323,324,325,326,327,328,361,362,363,364,365,366,367,368,369,370,371,372,406,407,408,409,410,411,412,413,414,415,416,417,451,452,453,454,455,456,457,458,459,460,461,496,497,498,499,500,501,502,503,504,505,541,542,543,544,545,546,547,548,549,586,587,588,589,590,591,592,593,594,631,632,633,634,635,636,637,638,639,640,676,677,678,679,680,681,682,683,684,721,722,723,724,725,726,727,728,766,767,768,769,770,771,772,773,811,812,813,814,815,816,817,856,857,858,859,860,861,862,901,902,903,904,905,906,946,947,948,949,950,951,991,992,993,994,995,1036,1037,1038,1039,1081,1082,1083,1084,1126,1127,1128,1171,1172,1216
88,88,245
1,2,3,4,5,6,7,8,9,10,11,12,14,15,16,46,47,48,49,50,51,52,53,54,55,56,57,58,91,92,93,94,95,96,97,98,99,100,101,102,103,136,137,138,139,140,141,142,143,144,145,146,147,181,182,183,184,185,186,187,188,189,190,191,192,226,227,228,229,230,231,232,233,234,235,236,237,238,271,272,273,274,275,276,277,278,279,280,281,282,316,317,318,319,320,321,322,323,324,325,326,361,362,363,364,365,366,367,368,369,370,371,372,406,407,408,409,410,411,412,413,414,415,416,451,452,453,454,455,456,457,458,459,496,497,498,499,500,501,502,503,504,541,542,543,544,545,546,547,548,586,587,588,589,590,591,592,593,594,631,632,633,634,635,636,637,638,639,676,677,678,679,680,681,682,683,684,721,722,723,724,725,726,727,728,766,767,768,769,770,771,772,811,812,813,814,815,816,817,856,857,858,859,860,861,901,902,903,904,905,906,946,947,948,949,950,951,991,992,993,994,995,1036,1037,1038,1039,1081,1082,1083,1084,1126,1127,1128,1129,1171,1172,1173,1174,1216,1217,1261,1263,1307,1308,1309
32,32,231
1,2,3,4,5,6,7,8,9,10,11,12,46,47,48,49,50,51,52,53,54,55,56,57,91,92,93,94,95,96,97,98,99,101,102,136,137,138,139,140,141,142,143,144,145,146,147,181,182,183,184,185,186,187,188,189,190,191,192,226,227,228,229,230,231,232,233,234,235,236,237,271,272,273,274,275,276,277,278,279,280,281,316,317,318,319,320,321,322,323,324,325,326,361,362,363,364,365,366,367,368,369,370,371,406,407,408,409,410,411,412,413,414,415,416,451,452,453,454,455,456,457,458,496,497,498,499,500,501,502,503,504,541,542,543,544,545,546,547,548,586,587,588,589,590,591,592,631,632,633,634,635,636,637,638,676,677,678,679,680,681,682,683,721,722,723,724,725,726,727,728,766,767,768,769,770,771,772,811,812,813,814,815,816,817,856,857,858,859,860,861,901,902,903,904,905,906,946,947,948,949,950,951,991,992,993,994,995,1036,1037,1038,1039,1081,1082,1083,1084,1126,1127,1128,1171,1172,1173,1174,1216,1217,1218,1261,1262,1306,1307,1308
89,89,227
1,2,3,4,5,6,7,8,9,10,11,13,46,47,48,49,50,51,52,53,54,55,91,92,93,94,95,96,97,98,99,100,101,136,137,138,139,140,141,142,143,144,145,146,181,182,183,184,185,186,187,188,189,226,227,228,229,230,231,232,233,234,235,236,237,271,272,273,274,275,276,277,278,279,280,281,316,317,318,319,320,321,322,323,324,326,361,362,363,364,365,366,367,368,371,406,407,408,409,410,411,412,413,414,416,451,452,453,454,455,456,457,458,459,460,496,497,498,499,500,501,502,503,504,541,542,543,544,545,546,547,548,586,587,588,589,590,591,592,631,632,633,634,635,636,637,676,677,678,679,680,681,682,683,721,722,723,724,725,726,727,728,766,767,768,769,770,771,772,811,812,813,814,815,816,856,857,858,859,860,861,901,902,903,904,905,906,946,947,948,949,950,951,991,992,993,994,995,1036,1037,1038,1039,1040,1081,1082,1083,1084,1126,1127,1128,1130,1171,1172,1173,1174,1175,1216,1217,1218,1261,1262,1263,1264,1306,1307,1308,1309
32,32,222
1,2,3,4,5,6,7,8,9,10,11,46,47,48,49,50,51,52,53,54,55,56,91,92,93,94,95,96,97,98,99,100,101,136,137,138,139,140,141,142,143,144,145,146,147,181,182,183,184,185,186,187,188,190,191,192,226,227,228,229,230,231,232,233,234,235,236,237,271,272,273,274,275,276,277,278,280,316,317,318,319,320,321,322,323,325,326,361,362,363,364,365,366,367,368,369,370,371,406,407,408,409,410,411,412,413,415,451,452,453,454,455,456,457,458,459,460,496,497,498,499,500,501,502,503,504,541,542,543,544,545,546,547,548,549,586,587,588,589,590,591,594,631,632,633,634,635,636,676,677,678,679,680,681,682,684,721,722,723,724,725,726,766,767,768,769,770,811,812,813,814,815,816,856,857,858,859,860,861,863,901,902,903,904,905,906,946,947,948,949,950,991,992,993,994,995,1036,1037,1038,1039,1040,1081,1082,1083,1084,1126,1127,1128,1130,1171,1172,1173,1216,1217,1218,1261,1263,1264,1306,1307,1308,1309
111,111,207
1,2,3,4,5,6,7,8,9,10,46,47,48,49,50,51,52,53,54,55,62,91,92,93,94,95,96,97,99,100,101,136,137,138,139,140,141,142,144,145,146,181,182,183,184,185,186,187,190,191,226,227,228,229,230,231,232,234,235,236,271,272,273,274,275,276,280,281,316,317,318,319,320,321,322,323,324,325,326,361,362,363,364,365,366,367,368,369,370,371,406,407,408,409,410,411,412,413,414,415,436,451,452,453,454,455,456,457,458,459,460,496,497,498,499,500,501,502,503,504,505,541,542,543,544,545,546,547,549,586,587,588,589,590,591,593,594,631,632,633,634,635,636,638,676,677,678,679,680,681,721,722,723,724,725,766,767,768,769,770,811,812,814,815,856,857,858,859,860,901,902,903,904,905,946,947,948,949,950,991,992,993,994,995,1036,1037,1038,1039,1040,1081,1082,1083,1126,1127,1128,1132,1171,1172,1173,1174,1216,1217,1218,1261,1263,1306,1308
75,75,191
1,2,3,4,7,8,9,10,17,46,47,48,49,50,52,53,54,55,56,62,63,91,92,93,94,95,96,97,98,99,100,109,136,137,138,139,140,142,143,144,145,154,181,182,183,184,185,186,187,190,201,226,227,228,229,230,232,233,234,235,246,271,272,273,274,275,278,279,280,281,316,317,318,319,322,323,324,325,326,361,362,363,364,365,366,367,368,369,370,406,407,408,409,410,411,412,413,414,415,451,452,453,454,455,456,458,459,460,496,497,498,499,500,501,502,503,504,505,541,542,543,544,545,546,548,549,550,586,587,588,589,590,591,593,631,632,633,634,635,676,677,678,679,680,721,724,725,766,767,768,769,770,771,811,812,813,814,815,816,856,857,859,860,901,902,903,946,947,948,950,991,992,993,994,998,1036,1037,1039,1081,1082,1083,1126,1127,1171,1216,1217,1234,1261,1306,1308,1324
60,60,165
1,2,3,7,8,9,10,17,18,46,47,48,49,53,54,55,62,63,64,91,92,93,94,97,98,99,100,108,109,110,136,137,138,139,141,143,144,145,181,182,183,184,186,189,190,191,201,226,227,228,229,234,235,236,247,271,272,273,274,278,279,280,281,292,293,316,317,318,319,323,324,325,361,362,363,364,368,369,370,406,407,408,409,410,412,413,414,415,451,452,453,454,455,456,457,458,459,496,497,498,499,500,504,541,542,543,544,545,548,549,550,587,588,589,590,591,594,631,633,634,635,636,679,680,681,724,725,726,766,770,771,815,829,830,856,860,875,901,902,905,946,947,991,992,994,998,1037,1081,1082,1126,1142,1144,1171,1172,1188,1232,1233,1234,1278,1279,1317,1318,1324,1325,1326
60,60,129
2,5,6,7,8,33,34,35,36,37,38,46,50,51,52,53,91,92,94,95,96,97,98,136,137,139,140,141,142,143,183,184,185,186,187,188,226,228,230,231,232,233,234,271,272,276,277,278,322,323,361,366,367,368,400,401,406,411,412,413,442,443,452,456,457,458,485,486,487,488,502,503,524,525,547,548,567,568,587,588,593,611,612,617,632,633,654,655,656,663,678,699,700,710,711,743,744,750,751,752,787,788,831,832,875,919,920,924,964,967,968,969,1011,1012,1013,1056,1057,1094,1095,1101,1102,1232,1233,1271,1277,1278,1306,1321,1322
57,57,116
1,2,3,7,12,18,19,20,32,33,34,35,36,37,46,47,48,49,52,56,63,64,65,66,80,91,92,93,94,102,110,111,112,136,137,138,139,147,156,181,182,183,184,226,227,228,229,230,271,272,273,274,275,281,316,317,318,319,325,326,361,362,363,364,406,407,408,409,410,451,452,453,454,455,456,496,497,498,499,500,501,541,542,543,544,545,546,587,588,589,590,591,629,634,635,636,680,681,739,770,829,830,883,967,1227,1234,1263,1270,1272,1279,1280,1316,1317,1323,1324,1325
78,78,91
1,2,3,4,11,18,19,20,33,34,35,36,37,46,47,48,49,63,64,65,66,80,91,92,93,94,95,110,111,136,137,138,139,140,181,182,183,184,226,227,228,229,230,271,272,273,274,275,281,316,317,318,319,361,362,363,364,406,407,408,409,410,451,453,454,455,498,499,500,501,545,546,590,591,629,636,681,784,829,967,1142,1187,1188,1234,1270,1272,1279,1316,1321,1323,1324
78,78,84
1,2,3,4,5,19,20,34,35,36,37,46,47,48,49,65,66,91,92,93,94,95,111,136,137,138,139,140,181,182,183,184,185,226,227,228,229,230,271,272,273,274,275,316,317,318,319,361,362,363,364,409,410,451,452,453,454,455,500,501,545,546,590,591,636,680,681,726,784,794,829,873,917,1187,1188,1226,1233,1234,1272,1279,1315,1317,1318,1324
101,101,70
1,2,3,4,19,20,35,37,46,47,48,49,50,91,92,93,94,95,136,137,138,139,140,181,182,183,184,185,226,227,228,229,230,271,272,273,274,275,316,317,318,319,361,362,364,409,451,452,454,455,496,500,501,542,543,545,546,591,604,629,636,739,829,830,873,1226,1279,1316,1317,1324
97,97,49
1,2,3,4,35,46,47,48,49,50,91,92,93,94,95,136,137,138,139,140,181,182,183,184,185,226,227,228,229,271,272,273,274,316,317,318,319,362,364,451,455,497,500,501,543,546,591,636,784
99,99,20
1,46,91,92,93,136,137,138,181,182,183,184,226,227,228,229,271,272,274,318
81,81,9
802,890,984,985,1030,1031,1074,1075,1119
70,70,42
535,577,578,579,802,803,847,887,890,891,892,893,894,932,938,939,977,978,979,983,984,985,986,987,988,990,1022,1024,1027,1028,1031,1034,1035,1067,1071,1073,1074,1075,1118,1119,1159,1207
59,59,44
20,21,22,38,39,81,82,83,84,127,128,165,166,167,168,210,211,212,213,214,255,256,257,299,344,381,402,426,446,470,471,515,529,560,583,584,585,586,631,750,761,1143,1187,1188
32,32,191
244,288,289,290,303,332,333,334,335,348,349,350,378,379,394,395,396,421,423,424,439,440,441,468,469,477,478,479,480,481,484,485,494,495,514,521,534,535,536,537,538,539,564,567,573,574,575,576,577,578,579,580,581,582,602,612,617,618,619,620,621,622,623,624,625,646,647,662,663,664,667,674,675,691,695,699,700,702,733,735,736,742,744,745,746,757,780,801,802,803,804,805,808,810,842,843,844,847,848,887,888,890,891,892,893,894,896,897,931,932,933,935,936,937,938,939,940,942,976,977,978,979,980,981,982,983,984,985,986,987,988,989,990,1000,1020,1021,1022,1023,1024,1026,1027,1028,1029,1030,1031,1032,1033,1034,1035,1061,1064,1066,1068,1069,1071,1072,1073,1074,1075,1076,1078,1079,1080,1110,1112,1114,1116,1117,1118,1119,1123,1124,1125,1161,1162,1165,1166,1190,1191,1206,1207,1209,1210,1221,1239,1252,1253,1255,1284,1293,1299
127,127,160
203,289,303,332,333,348,349,378,379,393,394,395,396,421,435,440,441,449,469,477,478,479,480,481,485,486,495,514,521,531,534,535,536,537,538,539,564,567,568,572,573,574,575,576,577,578,579,580,581,582,611,612,616,617,618,619,620,621,622,623,624,625,648,656,663,664,666,668,674,675,691,695,700,715,735,736,745,758,801,802,803,804,841,842,843,844,847,848,887,888,890,891,892,894,895,931,932,933,935,938,939,940,942,976,977,978,979,980,981,982,983,984,985,986,987,988,989,990,1021,1022,1023,1024,1026,1027,1028,1029,1030,1034,1035,1061,1066,1067,1068,1071,1074,1075,1078,1079,1080,1111,1112,1114,1116,1118,1122,1124,1125,1156,1162,1164,1165,1170,1190,1195,1206,1207,1209,1210,1253,1255
60,60,233
203,249,288,289,290,303,304,332,333,334,335,340,348,349,377,378,379,386,391,393,394,395,396,421,423,424,431,432,433,435,440,441,449,450,467,477,478,479,480,483,485,486,490,494,495,521,522,523,524,525,526,528,534,535,536,537,538,539,563,564,565,567,568,569,570,572,574,575,576,577,578,579,580,581,582,608,611,612,613,615,616,617,618,619,620,621,622,623,624,625,627,653,656,657,660,661,662,663,664,667,668,669,674,675,690,691,699,700,701,734,735,736,742,746,753,757,758,778,780,788,797,801,803,804,805,809,810,823,841,842,843,847,848,853,854,855,880,887,888,890,891,892,893,894,895,896,897,931,932,933,935,936,937,938,940,941,942,976,977,978,979,980,981,982,983,984,985,986,987,988,989,990,1020,1021,1022,1023,1024,1025,1026,1028,1029,1030,1031,1032,1033,1034,1035,1054,1061,1065,1066,1067,1068,1069,1071,1072,1073,1074,1075,1076,1077,1078,1079,1080,1107,1109,1111,1112,1114,1116,1117,1118,1119,1121,1122,1124,1125,1156,1158,1162,1163,1164,1165,1166,1190,1191,1209,1210,1215,1239,1253,1290,1300
3,3,237
35,49,249,287,288,290,297,332,333,335,340,341,342,349,377,378,386,387,391,393,394,395,396,421,423,431,432,433,434,435,441,467,468,477,478,479,480,481,482,483,484,485,494,512,514,520,521,522,523,524,525,526,528,534,535,536,537,538,539,557,559,561,564,565,566,568,569,570,571,572,573,574,575,576,577,578,579,580,581,582,611,612,613,614,615,616,617,618,619,620,621,622,623,624,625,626,627,647,648,656,657,658,659,660,661,662,663,664,667,668,674,675,690,691,699,700,701,702,705,717,733,734,736,741,742,744,746,757,758,780,787,797,801,802,803,804,805,809,822,842,843,844,847,849,850,852,854,886,887,888,890,891,892,893,894,895,913,914,924,931,932,935,936,937,939,940,941,942,976,977,978,979,980,981,982,984,985,986,987,988,989,990,1000,1016,1020,1021,1023,1024,1026,1027,1029,1030,1031,1033,1034,1035,1061,1064,1065,1067,1068,1071,1073,1074,1076,1077,1078,1079,1080,1109,1111,1112,1113,1114,1115,1116,1117,1118,1121,1123,1124,1125,1151,1158,1164,1165,1170,1190,1194,1206,1209,1210,1215,1235,1239,1253,1255
65,65,245
21,34,35,36,80,112,245,249,287,288,289,294,298,332,333,335,340,349,377,378,379,386,387,388,391,394,395,396,421,422,423,432,433,435,440,441,466,467,468,477,478,479,480,481,483,484,494,511,512,513,514,519,520,521,522,523,524,525,526,527,528,530,531,533,534,535,536,538,556,557,564,567,568,569,570,571,572,573,574,575,576,577,578,579,580,581,582,602,608,609,611,612,613,614,615,616,617,618,619,620,621,622,623,624,625,627,646,647,653,654,656,657,658,659,660,661,662,663,664,665,668,669,675,691,692,699,700,701,702,705,717,735,736,742,744,752,753,757,762,780,787,789,796,801,802,803,804,805,809,841,842,843,844,847,848,849,850,852,887,888,890,891,892,893,894,895,913,931,932,933,935,936,937,938,939,940,941,942,976,977,978,979,980,981,984,985,986,987,988,990,994,1020,1021,1022,1023,1024,1026,1027,1028,1029,1030,1033,1034,1035,1061,1064,1065,1066,1067,1068,1071,1073,1074,1078,1079,1080,1096,1110,1111,1112,1113,1114,1116,1117,1118,1119,1121,1122,1123,1124,1125,1150,1158,1162,1164,1165,1170,1194,1209,1210,1215,1235,1239,1255,1279
14,14,373
36,38,67,79,81,112,162,163,214,243,249,256,257,258,288,297,298,299,301,303,304,332,333,334,335,340,341,343,345,349,376,377,378,379,381,382,383,385,386,387,388,390,391,393,394,395,420,421,422,423,427,431,432,433,434,435,440,441,466,467,468,469,472,476,477,478,479,480,481,483,484,485,486,490,493,494,495,510,511,512,513,514,515,519,520,521,522,523,524,525,526,527,528,531,533,534,535,536,537,538,555,556,557,560,562,564,565,566,567,568,569,570,571,572,573,574,575,576,577,578,579,580,581,582,600,601,602,607,608,609,611,612,613,614,615,616,617,618,619,620,621,622,623,624,625,626,627,644,646,647,649,653,654,656,657,658,659,660,661,662,663,664,665,667,668,669,675,689,690,691,692,699,700,701,702,703,704,705,717,734,735,736,737,742,743,744,745,752,753,757,758,759,760,761,771,778,780,787,788,789,791,792,796,797,801,802,803,804,805,806,809,816,822,823,824,825,831,832,833,834,841,842,843,844,847,848,849,850,852,853,854,855,860,861,867,869,876,877,878,879,880,885,886,887,888,890,891,892,893,894,895,896,897,913,914,919,920,931,932,933,935,936,937,938,939,940,941,942,945,956,958,971,972,976,977,978,979,980,981,983,984,985,986,987,988,989,990,994,998,1000,1016,1020,1023,1024,1025,1026,1027,1028,1029,1030,1031,1032,1033,1034,1035,1053,1054,1060,1061,1064,1065,1066,1067,1068,1071,1072,1073,1074,1075,1076,1078,1079,1080,1095,1096,1098,1105,1107,1109,1110,1111,1112,1114,1116,1117,1118,1119,1120,1121,1122,1123,1124,1125,1150,1153,1155,1158,1162,1163,1164,1165,1170,1184,1185,1191,1194,1195,1209,1210,1212,1215,1239,1245,1246,1253,1255,1278,1279,1283,1290,1299,1317,1323
64,64,344
36,67,79,81,163,164,209,243,249,287,288,297,298,331,332,333,334,336,340,341,342,344,345,346,349,376,377,381,386,387,391,393,394,395,421,422,423,426,431,432,433,434,435,441,449,466,467,468,469,470,477,478,479,483,484,486,490,493,494,510,511,512,513,514,515,519,520,521,522,523,524,525,526,527,528,531,532,533,534,535,536,537,538,555,556,557,559,560,562,563,564,565,566,567,568,569,570,571,572,573,574,575,576,577,578,579,580,581,582,603,605,607,608,609,611,612,613,614,615,616,617,618,619,620,621,622,623,624,625,626,627,634,644,646,647,649,653,654,656,657,658,659,660,661,662,663,664,667,668,669,689,690,691,699,700,701,702,703,704,705,712,714,733,734,735,736,737,743,744,745,751,752,753,757,758,759,760,761,771,778,779,780,781,787,788,796,797,801,802,803,804,806,816,822,823,824,831,832,833,841,842,843,844,847,848,849,850,852,861,862,868,869,870,875,876,881,882,886,887,890,891,892,893,894,895,896,911,913,914,915,919,920,921,926,932,935,936,937,938,939,940,941,942,948,949,953,954,956,958,964,970,971,972,976,977,978,979,980,981,984,985,986,987,988,989,990,994,998,1000,1008,1009,1011,1013,1015,1016,1020,1021,1023,1024,1026,1027,1028,1029,1031,1032,1034,1035,1042,1053,1054,1061,1065,1066,1067,1068,1071,1072,1073,1074,1078,1079,1080,1098,1105,1109,1110,1111,1112,1113,1116,1118,1119,1121,1122,1123,1124,1125,1139,1140,1142,1149,1150,1155,1164,1165,1166,1170,1191,1194,1195,1201,1209,1210,1213,1215,1239,1246,1253,1255,1276,1283,1299,1320,1323
13,13,410
35,36,80,81,82,126,127,162,163,164,169,171,198,207,209,213,214,243,245,249,256,275,287,288,290,298,299,301,331,332,333,334,335,340,341,342,343,344,345,346,349,376,377,378,379,381,382,386,387,391,394,395,396,419,421,422,423,425,426,431,432,433,434,435,440,441,449,466,467,468,469,470,471,477,478,479,483,484,485,494,509,510,511,512,513,514,515,517,519,521,522,523,524,525,526,527,528,531,532,533,534,535,536,537,538,554,555,556,557,560,562,563,564,565,566,567,568,569,570,571,572,573,574,575,576,577,578,579,580,581,602,603,605,607,608,609,611,612,613,614,615,616,617,618,619,620,621,622,623,624,625,626,627,634,635,636,645,646,647,648,649,653,654,656,657,658,659,660,661,662,663,664,665,668,690,691,694,699,700,701,702,703,704,705,714,733,734,735,736,740,741,742,743,744,745,746,748,751,752,753,757,758,759,760,770,771,778,779,780,781,787,788,795,796,797,801,802,803,804,805,815,816,822,823,824,825,831,832,833,841,842,843,844,847,848,849,851,861,869,875,876,877,878,881,882,885,886,887,888,890,891,892,893,895,896,906,907,914,915,920,921,922,925,926,931,932,933,935,936,937,938,939,940,941,942,949,950,953,954,955,957,958,964,965,966,970,972,976,977,978,979,980,981,983,984,986,987,988,989,990,993,994,998,1000,1003,1008,1009,1010,1011,1012,1016,1020,1021,1022,1023,1024,1025,1026,1028,1029,1030,1031,1034,1035,1039,1042,1048,1053,1054,1056,1058,1061,1062,1064,1066,1067,1068,1072,1073,1074,1078,1079,1080,1087,1088,1090,1095,1096,1097,1098,1099,1104,1105,1107,1108,1109,1111,1113,1114,1115,1116,1117,1118,1119,1122,1123,1124,1125,1132,1140,1142,1146,1149,1150,1153,1154,1155,1162,1164,1165,1170,1183,1184,1185,1191,1194,1195,1201,1209,1210,1213,1215,1230,1238,1239,1245,1246,1253,1255,1273,1275,1276,1278,1298,1317,1320,1321,1322,1323,1335
37,37,49
162,332,421,422,423,466,467,511,512,556,557,613,642,796,797,798,841,842,843,885,886,887,890,892,893,895,935,937,938,939,940,941,972,977,978,979,980,986,1022,1066,1067,1071,1110,1113,1146,1164,1170,1194,1290
20,20,353
38,82,83,121,127,158,162,243,248,249,287,288,289,290,294,299,332,333,334,338,339,340,341,343,344,377,378,379,385,387,388,422,423,425,430,432,433,434,467,468,469,477,479,511,512,513,514,515,516,517,518,522,523,528,553,557,560,561,563,564,565,566,567,568,569,571,576,577,578,602,608,609,610,612,613,614,615,616,617,618,619,620,621,622,623,624,625,634,642,646,648,653,656,657,658,661,662,663,667,668,669,673,682,690,691,692,693,694,701,702,703,705,706,734,736,737,738,740,745,750,752,756,757,758,759,760,779,780,781,787,788,795,797,798,802,803,804,816,823,826,828,831,832,841,842,843,847,848,849,850,851,861,862,865,868,869,870,871,875,876,877,878,880,885,886,887,888,890,891,892,893,894,895,896,900,906,907,908,914,915,919,920,921,922,925,926,930,931,932,933,935,937,938,939,940,941,942,945,950,951,952,953,954,956,958,964,965,966,967,975,977,978,979,980,981,982,984,985,986,987,988,989,990,993,998,1007,1008,1009,1012,1016,1020,1022,1023,1024,1025,1027,1028,1029,1031,1032,1034,1035,1043,1052,1053,1054,1055,1056,1060,1061,1065,1066,1067,1071,1072,1073,1074,1077,1078,1079,1080,1087,1090,1093,1094,1095,1096,1097,1098,1099,1100,1101,1104,1105,1109,1110,1111,1112,1113,1116,1118,1119,1120,1121,1122,1123,1124,1125,1132,1133,1134,1135,1136,1137,1139,1140,1143,1144,1145,1146,1149,1150,1156,1157,1158,1162,1163,1164,1165,1166,1167,1170,1171,1172,1173,1174,1175,1180,1184,1185,1189,1190,1191,1193,1194,1196,1209,1211,1212,1213,1216,1217,1228,1229,1230,1245,1246,1251,1261,1262,1275,1276,1277,1278,1283,1290,1316,1317,1320,1321,1322,1323,1334
26,26,331
49,82,127,128,163,172,245,248,249,287,288,289,290,299,331,332,333,334,339,340,376,377,378,379,381,384,385,421,422,423,427,429,430,464,465,466,467,468,478,508,509,510,511,512,513,514,515,516,518,522,553,555,557,560,564,567,568,569,570,572,573,575,577,578,579,598,602,608,609,610,611,612,613,614,616,617,618,619,620,621,622,623,624,625,626,634,644,646,647,648,656,657,661,662,668,669,689,690,691,692,693,701,703,705,713,733,734,736,737,740,742,743,745,746,747,748,751,754,756,757,759,771,773,779,780,781,782,787,788,795,796,797,798,799,802,814,815,816,817,818,824,826,832,841,842,843,847,848,849,850,861,862,868,869,870,871,875,876,877,880,882,885,886,887,888,890,891,892,893,894,895,896,906,907,910,914,920,921,925,926,927,930,931,932,933,935,937,938,939,940,941,942,949,950,952,953,954,958,959,963,964,965,966,972,977,978,979,980,982,984,985,986,988,989,990,998,999,1001,1008,1009,1015,1020,1021,1022,1023,1024,1025,1028,1034,1035,1042,1046,1052,1053,1054,1055,1056,1060,1065,1066,1067,1071,1072,1077,1078,1079,1080,1087,1089,1090,1093,1094,1095,1096,1097,1098,1100,1101,1104,1105,1109,1110,1111,1112,1113,1114,1116,1118,1124,1125,1131,1132,1133,1134,1136,1137,1139,1140,1143,1144,1145,1146,1154,1156,1157,1162,1164,1172,1173,1174,1175,1177,1180,1183,1184,1185,1190,1191,1193,1194,1196,1201,1211,1213,1216,1217,1221,1228,1229,1230,1234,1245,1253,1261,1262,1264,1272,1273,1275,1276,1277,1278,1279,1280,1283,1290,1316,1320,1322,1323,1334
73,73,287
83,209,245,249,288,289,290,331,333,338,339,340,376,378,385,386,420,421,422,429,430,431,433,464,465,466,467,468,470,487,510,513,514,515,516,522,553,554,557,560,563,564,567,568,569,570,576,578,602,608,610,611,612,613,616,617,618,619,620,621,622,623,624,625,634,646,648,653,657,661,662,690,691,692,701,705,733,736,737,740,750,751,771,773,779,780,781,782,787,788,791,794,795,796,797,798,799,801,803,804,815,816,823,831,832,841,842,843,844,847,848,849,850,862,866,868,869,870,874,876,881,882,886,887,890,891,892,894,895,896,907,908,910,914,915,920,921,925,926,931,932,935,937,938,939,940,941,942,950,953,954,958,962,963,965,971,976,978,979,980,982,983,984,985,986,987,988,989,990,994,998,1007,1008,1009,1010,1011,1016,1022,1024,1026,1027,1028,1029,1030,1034,1035,1042,1052,1053,1055,1056,1060,1065,1067,1068,1069,1071,1072,1074,1077,1078,1079,1080,1088,1089,1090,1091,1093,1094,1095,1096,1097,1098,1099,1100,1101,1105,1109,1110,1111,1112,1113,1114,1118,1119,1120,1125,1132,1133,1135,1136,1139,1140,1142,1143,1144,1145,1146,1147,1149,1150,1154,1155,1156,1157,1164,1165,1169,1177,1180,1183,1184,1185,1189,1190,1193,1194,1200,1201,1207,1209,1211,1213,1216,1221,1228,1229,1230,1245,1246,1272,1273,1275,1276,1278,1279,1280,1282,1290,1316,1319,1320,1321,1322,1323,1334,1335
51,51,315
83,85,249,289,294,331,333,334,336,338,339,340,376,377,379,380,384,385,420,422,430,431,433,467,468,487,508,509,511,513,514,515,516,522,523,528,553,554,557,560,563,564,565,566,567,568,569,570,571,576,577,578,598,602,607,608,609,610,611,612,613,616,617,618,620,621,622,623,624,625,632,634,642,648,653,660,661,662,668,677,678,691,695,701,703,704,705,721,728,736,737,742,751,757,767,771,773,780,781,787,788,794,795,797,798,799,802,803,804,812,815,817,823,825,831,832,841,842,843,847,848,849,862,869,870,873,876,877,881,886,887,888,890,891,892,893,894,895,896,900,906,907,910,914,915,917,918,919,921,925,926,931,933,935,936,937,938,939,940,941,942,945,952,953,954,958,962,963,964,965,966,977,978,979,980,981,982,983,984,985,986,987,988,989,990,993,995,998,1007,1008,1009,1010,1015,1016,1021,1022,1023,1024,1026,1027,1029,1034,1035,1042,1052,1053,1054,1055,1056,1067,1068,1069,1071,1072,1073,1079,1080,1089,1090,1091,1093,1094,1095,1096,1097,1098,1099,1100,1101,1102,1104,1105,1107,1108,1109,1110,1111,1112,1113,1114,1115,1116,1118,1119,1120,1124,1125,1132,1133,1134,1135,1136,1137,1139,1140,1141,1142,1143,1144,1145,1146,1147,1149,1153,1155,1156,1157,1160,1164,1165,1174,1177,1180,1183,1184,1185,1190,1191,1192,1193,1194,1200,1201,1207,1209,1216,1217,1221,1228,1229,1230,1234,1235,1238,1245,1246,1251,1252,1272,1273,1274,1275,1276,1278,1279,1280,1290,1316,1317,1319,1320,1322,1323,1334,1335
4,4,385
85,112,129,130,163,249,287,289,290,294,331,332,333,334,335,338,376,377,378,379,385,386,420,421,422,423,424,430,431,432,466,467,468,469,470,487,508,509,510,511,512,513,514,515,516,518,523,553,554,555,557,560,563,564,565,568,569,570,571,576,577,578,598,602,607,608,609,610,611,612,613,617,618,619,620,621,622,623,624,625,634,635,642,643,644,646,648,653,657,659,660,661,662,668,677,678,683,688,690,691,692,694,695,701,702,704,705,711,721,728,733,736,737,738,742,746,749,750,751,752,756,757,759,767,769,770,771,773,778,780,781,783,785,787,788,789,791,794,795,796,797,798,799,802,803,804,811,812,814,815,816,821,822,823,824,825,832,841,842,843,847,848,849,862,865,866,869,870,876,877,885,886,887,888,890,891,892,893,894,895,896,907,909,910,914,915,917,918,919,920,921,925,930,931,932,935,936,937,938,939,940,941,942,945,950,951,952,953,954,955,958,961,962,963,964,965,971,977,978,979,980,981,982,983,984,985,986,987,988,989,990,993,994,995,998,1003,1006,1007,1008,1009,1015,1021,1022,1023,1024,1026,1027,1028,1029,1030,1033,1034,1035,1051,1052,1053,1055,1060,1065,1067,1068,1071,1072,1073,1074,1075,1076,1078,1079,1080,1087,1089,1090,1091,1092,1093,1094,1095,1096,1097,1099,1100,1101,1104,1105,1108,1109,1111,1112,1113,1114,1116,1117,1118,1119,1120,1123,1124,1125,1131,1132,1133,1134,1135,1136,1137,1139,1140,1141,1142,1143,1144,1145,1146,1149,1150,1153,1154,1155,1156,1157,1160,1161,1162,1163,1164,1165,1166,1172,1177,1180,1181,1183,1184,1185,1187,1188,1189,1190,1191,1192,1193,1194,1200,1201,1207,1208,1209,1212,1216,1217,1221,1228,1229,1230,1231,1234,1235,1238,1245,1246,1248,1251,1252,1253,1261,1262,1272,1273,1274,1275,1279,1280,1281,1282,1290,1307,1316,1317,1319,1320,1322,1323,1324,1334
42,42,385
85,133,245,249,287,288,289,332,333,334,335,376,378,379,385,386,420,421,422,423,430,431,432,465,466,467,468,469,486,487,488,508,509,510,511,513,514,515,516,518,522,523,553,554,555,557,560,561,563,564,565,567,568,569,578,598,602,607,608,609,610,611,612,613,616,617,620,621,622,623,626,631,634,638,642,643,644,648,660,661,662,663,668,677,688,689,690,694,696,701,702,703,704,705,711,721,722,728,733,735,736,742,749,750,751,756,757,758,762,767,768,769,770,771,773,778,780,781,786,787,788,791,796,797,798,799,802,803,804,811,812,815,816,821,822,823,824,825,826,831,832,836,839,841,842,843,844,847,848,849,862,863,865,866,870,873,876,877,885,886,887,888,890,891,892,893,894,895,896,907,909,910,914,915,917,918,919,921,924,927,930,931,932,933,935,936,937,938,939,940,941,942,945,949,952,953,954,955,961,962,963,964,965,971,977,978,979,980,981,982,983,984,985,986,987,988,989,990,993,994,995,998,999,1003,1006,1007,1008,1009,1016,1021,1022,1023,1024,1025,1026,1027,1028,1031,1034,1035,1042,1047,1048,1052,1053,1065,1067,1068,1069,1071,1072,1073,1074,1075,1076,1078,1079,1080,1087,1088,1089,1090,1091,1092,1093,1094,1095,1096,1097,1098,1100,1101,1104,1105,1107,1108,1109,1110,1111,1112,1113,1114,1115,1116,1117,1118,1119,1120,1121,1122,1123,1124,1132,1133,1134,1135,1136,1137,1139,1140,1141,1142,1143,1144,1145,1146,1147,1148,1149,1153,1154,1155,1156,1157,1160,1161,1162,1163,1164,1171,1175,1177,1180,1181,1183,1184,1185,1186,1187,1188,1189,1190,1191,1192,1193,1194,1201,1206,1207,1208,1209,1210,1212,1216,1217,1218,1220,1221,1222,1228,1229,1230,1231,1234,1235,1236,1237,1238,1245,1246,1252,1253,1254,1261,1262,1272,1273,1274,1275,1276,1278,1279,1280,1281,1290,1307,1308,1316,1317,1318,1319,1322,1323,1324,1334
46,46,343
1,42,43,85,90,197,243,288,289,332,333,334,376,377,378,379,385,386,420,421,422,423,428,431,432,465,466,467,487,509,510,511,512,513,514,515,516,517,518,519,522,553,555,557,560,561,563,564,565,568,577,578,579,607,608,609,610,611,612,613,617,618,619,620,621,622,623,624,635,638,642,644,653,658,659,660,661,662,668,669,677,678,688,689,703,704,705,711,722,728,733,734,735,736,742,745,749,750,751,752,754,761,762,767,771,773,778,781,784,786,787,788,794,795,797,798,799,802,803,806,811,812,815,816,822,831,832,836,841,842,843,847,848,849,850,851,860,862,865,866,870,876,886,887,888,890,891,892,893,894,895,896,907,908,910,914,915,924,930,931,932,935,936,937,938,939,940,942,945,949,952,953,954,955,958,961,962,963,964,965,971,977,978,979,980,981,982,983,984,985,986,987,988,989,990,993,994,995,998,999,1001,1003,1007,1008,1009,1016,1020,1021,1022,1023,1024,1025,1026,1027,1033,1034,1035,1042,1047,1052,1053,1067,1068,1069,1071,1072,1073,1074,1076,1078,1079,1080,1088,1089,1090,1091,1092,1093,1094,1095,1096,1097,1098,1100,1107,1108,1109,1110,1111,1112,1113,1114,1115,1116,1117,1118,1119,1120,1132,1133,1134,1135,1136,1137,1139,1140,1141,1142,1143,1144,1145,1146,1147,1149,1153,1154,1155,1156,1157,1160,1161,1162,1163,1164,1166,1167,1175,1177,1181,1183,1184,1185,1187,1188,1189,1190,1191,1192,1193,1194,1199,1200,1201,1207,1208,1209,1210,1211,1216,1217,1220,1221,1222,1228,1229,1230,1234,1236,1237,1238,1245,1246,1252,1253,1254,1261,1262,1272,1273,1274,1275,1278,1279,1281,1288,1290,1316,1317,1323,1324,1332,1334,1335
0,0,339
43,85,86,88,90,129,130,133,135,245,287,288,289,290,332,333,334,338,376,377,378,379,386,420,421,422,423,428,431,465,466,467,472,509,510,511,515,516,517,519,521,522,554,555,556,557,561,562,563,564,565,578,579,607,608,609,612,616,617,618,619,620,621,622,623,624,626,634,641,644,653,659,660,661,662,663,668,669,677,689,702,704,722,728,733,734,736,742,749,750,751,752,756,759,762,767,770,771,773,778,780,781,786,787,788,794,795,796,797,798,799,803,811,812,814,815,816,822,831,832,833,836,841,842,843,844,847,848,849,850,851,857,860,866,870,873,876,877,882,885,886,887,888,890,891,892,893,894,895,896,897,900,907,910,914,921,930,931,932,935,936,937,938,939,940,941,942,945,951,952,953,954,955,962,963,964,965,978,979,980,981,982,983,984,985,987,988,989,990,993,994,995,998,1003,1007,1008,1009,1016,1020,1022,1023,1024,1025,1026,1027,1028,1032,1033,1034,1035,1041,1042,1047,1051,1052,1053,1055,1063,1064,1065,1066,1067,1068,1069,1071,1072,1073,1074,1076,1078,1079,1080,1089,1090,1091,1092,1093,1094,1095,1096,1097,1098,1099,1107,1108,1109,1110,1111,1112,1113,1114,1115,1116,1118,1119,1120,1129,1132,1133,1134,1135,1136,1137,1139,1140,1142,1143,1144,1145,1146,1147,1149,1154,1155,1156,1157,1160,1161,1162,1163,1164,1166,1177,1178,1180,1181,1183,1184,1185,1186,1187,1188,1189,1190,1191,1192,1193,1194,1199,1200,1201,1207,1208,1209,1210,1216,1217,1218,1220,1221,1222,1228,1229,1230,1234,1235,1236,1238,1244,1245,1253,1254,1261,1262,1272,1273,1274,1276,1279,1282,1288,1290,1295,1316,1317,1319,1323,1333,1334
59,59,20
3,4,5,49,50,88,95,96,141,142,254,275,320,321,366,368,628,1062,1314,1315
11,11,249
45,89,90,134,135,333,334,335,378,380,423,466,467,487,488,511,513,516,517,519,520,522,557,564,565,577,578,608,612,613,614,616,617,618,619,620,621,622,623,655,656,658,659,660,661,662,663,667,668,700,703,704,705,706,734,750,754,779,781,783,795,796,797,798,799,816,823,825,832,841,842,843,849,850,851,863,870,873,885,886,887,888,894,895,896,897,907,913,914,931,932,933,936,939,940,942,945,948,949,954,955,963,970,971,976,977,978,982,984,987,988,989,990,993,994,998,999,1000,1001,1002,1009,1021,1022,1023,1024,1030,1032,1033,1034,1035,1042,1046,1047,1052,1053,1054,1063,1064,1065,1066,1067,1068,1069,1074,1077,1078,1079,1080,1088,1089,1090,1092,1093,1095,1096,1097,1098,1104,1107,1108,1109,1110,1111,1112,1113,1114,1115,1116,1117,1118,1119,1132,1134,1136,1137,1138,1139,1140,1141,1142,1144,1148,1150,1151,1153,1154,1155,1156,1157,1161,1162,1163,1166,1173,1177,1180,1181,1183,1184,1185,1189,1190,1191,1192,1193,1195,1197,1198,1199,1201,1207,1208,1213,1216,1217,1220,1221,1222,1228,1229,1233,1234,1238,1240,1241,1242,1245,1252,1259,1261,1273,1274,1278,1279,1280,1281,1288,1290,1295,1307,1317,1318,1322,1323,1324,1327,1332,1333,1334
11,11,247
3,45,89,134,179,245,333,334,378,380,430,466,468,475,487,488,513,514,516,517,519,520,522,525,557,562,563,565,566,567,568,569,611,612,613,614,615,617,619,620,621,622,623,655,656,658,659,660,661,662,663,668,703,704,706,711,728,747,761,770,773,779,796,797,799,802,803,816,830,836,841,842,843,844,850,860,866,870,871,875,885,887,888,894,895,896,897,907,911,914,915,919,924,926,933,939,940,941,942,945,953,954,955,958,971,977,978,979,981,987,988,989,990,993,994,996,998,999,1000,1015,1022,1023,1024,1031,1032,1033,1034,1035,1039,1042,1047,1048,1052,1053,1054,1059,1065,1066,1067,1068,1069,1074,1077,1078,1079,1080,1092,1095,1096,1097,1098,1104,1107,1108,1109,1110,1111,1112,1113,1115,1116,1117,1118,1125,1132,1134,1136,1137,1138,1139,1140,1141,1142,1146,1147,1148,1151,1153,1154,1155,1156,1157,1161,1162,1163,1166,1177,1181,1182,1183,1184,1185,1186,1187,1189,1190,1191,1192,1193,1195,1197,1198,1199,1200,1206,1207,1216,1217,1218,1220,1221,1225,1228,1229,1230,1232,1233,1234,1237,1242,1243,1245,1261,1262,1273,1274,1275,1278,1279,1280,1281,1288,1290,1306,1307,1308,1317,1318,1322,1323,1324,1325,1327,1332,1333,1334,1335
36,36,238
198,245,288,290,334,379,421,422,475,516,517,519,520,522,557,563,564,565,607,610,611,613,615,616,617,619,621,622,655,658,659,660,661,662,664,703,704,710,734,735,758,770,771,781,795,822,825,826,841,842,843,869,870,871,876,885,886,887,888,890,894,895,896,907,911,914,915,918,926,930,931,932,933,935,939,940,942,945,949,953,954,958,971,977,978,979,980,981,984,987,988,989,990,993,994,998,999,1000,1015,1022,1023,1024,1032,1033,1034,1035,1042,1046,1047,1052,1053,1054,1063,1064,1065,1066,1067,1068,1069,1074,1077,1078,1079,1080,1092,1093,1095,1096,1097,1098,1099,1106,1107,1108,1109,1110,1111,1112,1113,1114,1115,1116,1117,1118,1119,1125,1132,1133,1134,1136,1137,1138,1139,1140,1141,1142,1143,1148,1150,1151,1152,1153,1154,1155,1156,1157,1160,1161,1162,1163,1166,1177,1182,1183,1184,1185,1186,1189,1190,1191,1192,1193,1196,1197,1198,1199,1200,1205,1206,1207,1208,1213,1216,1217,1218,1221,1228,1229,1230,1231,1232,1234,1235,1243,1244,1245,1246,1249,1250,1252,1253,1261,1262,1264,1273,1274,1275,1278,1279,1280,1282,1286,1287,1288,1290,1293,1295,1296,1307,1308,1318,1322,1323,1324,1332,1333,1334,1335
48,48,183
198,245,290,334,379,421,422,424,466,517,520,562,566,568,607,611,612,616,617,618,619,620,621,622,640,658,659,660,661,662,667,685,691,706,734,781,788,794,795,797,822,823,825,830,842,843,869,870,885,886,887,890,894,895,896,914,915,931,932,933,936,939,940,941,942,945,954,955,978,979,980,987,988,989,990,994,998,1000,1001,1004,1022,1023,1024,1032,1033,1034,1035,1042,1046,1047,1052,1053,1066,1067,1068,1069,1079,1080,1090,1092,1095,1096,1097,1098,1099,1106,1108,1109,1110,1111,1112,1113,1114,1116,1117,1118,1132,1134,1136,1137,1139,1140,1141,1142,1143,1150,1153,1154,1155,1156,1159,1161,1162,1163,1166,1177,1182,1183,1184,1185,1186,1190,1191,1192,1193,1195,1196,1198,1199,1200,1205,1206,1207,1208,1213,1217,1221,1227,1228,1229,1230,1235,1241,1245,1246,1252,1261,1262,1273,1274,1275,1278,1279,1287,1288,1308,1318,1323,1324,1332,1333,1334,1335
137,137,68
312,621,658,659,781,843,887,890,894,895,896,914,941,942,978,979,987,988,989,990,1022,1023,1024,1033,1034,1035,1067,1068,1069,1079,1080,1109,1110,1111,1112,1113,1114,1115,1116,1117,1137,1139,1140,1141,1150,1152,1153,1155,1156,1161,1162,1163,1183,1184,1185,1186,1193,1198,1206,1228,1229,1242,1252,1273,1331,1333,1334,1335
26,26,77
621,658,659,843,887,890,894,895,896,931,935,936,940,941,942,945,978,979,987,988,989,990,1022,1023,1032,1033,1034,1035,1053,1066,1067,1068,1069,1079,1080,1095,1097,1099,1108,1109,1110,1111,1112,1113,1114,1116,1117,1118,1137,1139,1140,1143,1153,1154,1155,1156,1161,1163,1182,1183,1184,1185,1186,1193,1205,1206,1208,1228,1229,1252,1290,1323,1324,1332,1333,1334,1335
19,19,21
843,890,978,988,989,990,1033,1034,1068,1108,1109,1110,1111,1114,1139,1153,1155,1183,1213,1228,1334
141,141,35
39,40,41,42,43,44,45,85,86,87,88,89,90,131,132,133,135,176,177,179,180,224,225,267,270,311,312,314,356,357,360,405,450,494,495
91,91,84
7,8,9,10,36,37,38,39,43,44,45,52,53,54,55,56,81,82,83,89,90,98,99,100,101,128,134,135,144,145,146,168,169,170,171,172,178,179,180,190,214,215,216,217,218,222,223,224,260,261,262,263,265,266,267,268,306,307,308,309,311,312,313,315,359,360,404,405,521,522,523,524,525,526,536,537,568,569,570,710,711,793,807,834
120,120,99
27,28,29,30,31,32,33,34,35,36,37,38,39,40,41,42,43,44,45,75,77,78,79,80,81,82,83,84,85,86,87,88,89,90,123,124,125,126,127,128,129,130,131,132,133,134,135,167,168,170,172,173,174,175,176,177,178,179,180,218,219,220,221,222,223,224,225,263,264,265,266,269,270,308,309,310,311,312,313,314,315,353,354,355,356,357,358,359,360,400,402,403,404,405,449,450,491,494,495
135,135,139
23,24,25,26,27,28,29,30,31,32,33,34,35,36,37,38,39,40,41,42,43,44,45,68,70,71,72,73,74,75,76,77,78,79,80,81,82,83,84,85,86,87,88,89,90,119,120,121,122,123,124,125,126,127,128,129,130,131,132,133,134,135,165,166,167,168,169,170,171,173,174,175,176,177,178,179,180,213,214,215,217,218,219,220,221,222,223,224,225,259,261,263,264,265,268,269,270,302,304,305,306,308,309,310,311,312,313,314,315,352,353,354,355,356,357,358,359,360,399,400,401,402,403,404,405,445,446,447,448,449,450,491,492,493,494,495,537,538,539
90,90,170
18,19,20,21,22,23,24,25,26,27,28,29,30,31,32,33,34,35,36,37,38,39,40,41,42,43,44,45,64,66,67,68,69,70,71,72,73,74,75,76,77,78,79,80,81,82,83,84,85,86,87,88,89,90,113,114,115,116,117,118,119,120,121,122,123,124,125,126,127,128,129,130,131,132,133,134,135,160,164,165,166,167,168,169,170,171,172,173,174,175,176,177,178,179,180,211,212,213,214,215,216,217,218,219,220,221,222,223,224,225,256,257,258,259,260,261,262,263,264,265,266,268,269,270,302,305,306,307,308,309,310,311,312,313,314,315,351,352,353,354,355,356,357,358,359,360,397,398,399,400,401,402,403,404,405,445,446,447,448,449,450,491,492,493,494,495,537,538,539,584
39,39,219
8,10,12,13,14,15,16,17,18,19,20,21,22,23,24,25,26,27,28,29,30,31,32,33,34,35,36,37,38,39,40,41,42,43,44,45,58,59,60,61,62,63,64,65,66,67,68,69,70,71,72,73,74,75,76,77,78,79,80,81,82,85,86,87,88,106,107,108,109,110,112,113,114,115,116,117,118,119,120,121,122,123,124,125,126,127,130,131,132,133,134,154,155,156,157,158,159,160,161,162,163,164,165,166,167,168,169,170,171,172,173,174,175,176,177,178,179,180,200,201,202,204,205,206,207,208,209,210,211,212,213,214,215,216,217,218,219,220,221,224,225,250,251,252,255,256,257,258,259,260,261,262,263,264,265,266,267,269,270,300,301,302,303,304,305,306,307,308,309,310,311,312,313,314,315,347,348,349,350,351,352,353,354,355,356,357,358,359,360,394,396,397,398,399,400,401,402,403,404,405,437,442,443,444,445,446,447,448,449,450,489,490,491,492,493,494,495,537,538
55,55,240
1,2,3,4,5,6,7,8,9,10,11,12,13,14,15,16,17,18,19,20,21,22,23,24,25,26,27,28,29,30,31,32,33,34,35,36,47,48,49,50,51,52,53,54,55,56,57,58,59,60,61,62,63,64,65,66,67,68,69,70,71,72,73,74,75,76,77,78,79,80,93,97,99,100,101,102,103,104,105,106,107,108,109,110,111,112,113,114,115,116,117,118,119,120,121,122,123,124,125,126,139,149,150,151,152,153,154,155,156,157,158,159,160,161,162,163,164,165,166,167,168,169,170,171,172,173,195,196,198,199,200,201,202,203,204,205,206,207,208,209,210,211,212,213,214,215,216,217,218,219,242,243,244,245,246,247,248,249,250,251,252,253,254,255,256,257,258,259,260,261,262,263,290,291,292,293,294,295,296,297,298,299,300,301,302,303,304,305,306,307,308,309,310,312,342,345,346,347,348,349,350,351,352,353,354,355,356,357,358,392,393,394,395,396,397,398,399,400,401,402,403,437,440,441,442,443,444,445,446,447,448,449,450,491,492,493,494,495,537,538
62,62,267
1,2,3,4,5,6,7,8,9,10,11,12,13,14,15,16,17,18,19,20,21,22,23,24,25,26,27,28,29,30,31,32,46,47,48,49,50,51,52,53,54,55,56,57,58,59,60,61,62,63,64,65,66,67,68,69,70,71,72,73,74,75,76,77,91,92,93,94,95,96,97,98,99,100,101,102,103,104,105,106,107,108,109,110,111,112,113,114,115,116,117,118,119,120,121,122,123,124,136,137,138,139,140,141,142,143,144,145,146,147,148,149,150,151,152,153,154,155,156,157,158,159,160,161,162,163,164,165,166,167,168,169,181,182,185,187,188,189,190,192,193,194,195,196,197,198,199,200,201,202,203,204,205,206,207,208,209,210,211,212,213,214,215,216,227,238,239,240,241,242,243,244,245,246,247,248,249,250,251,252,253,254,255,256,257,258,259,260,261,276,285,286,287,288,289,290,291,292,293,294,295,296,297,298,299,300,301,302,303,304,305,306,307,308,309,310,335,336,337,338,339,340,341,342,343,344,345,346,347,348,349,350,352,353,354,381,385,387,388,389,390,392,393,394,395,396,397,398,399,400,435,436,437,438,439,440,441,442,443,444,445,446,487,488,489,491,584
20,20,275
1,2,3,4,5,6,7,8,9,10,11,12,13,14,15,16,17,18,19,20,21,22,23,24,25,26,46,47,48,49,50,51,52,53,54,55,56,57,58,59,60,61,62,63,64,65,66,67,68,69,70,71,72,91,92,93,94,95,96,97,98,99,100,101,102,103,104,105,106,107,108,109,110,111,112,113,114,115,116,117,118,119,120,136,137,138,139,140,141,142,143,144,145,146,147,148,149,150,151,152,153,154,155,156,157,158,159,160,161,162,163,164,165,166,167,181,182,183,184,185,186,187,188,189,190,191,192,193,194,195,196,197,198,199,200,201,202,203,204,205,206,207,208,209,210,211,212,226,227,228,229,230,231,232,233,234,235,236,237,238,239,240,241,242,243,244,245,246,247,248,249,250,251,252,253,254,255,256,257,271,272,273,274,275,276,277,278,279,280,281,282,283,284,285,286,287,288,289,290,291,292,293,294,295,296,297,298,299,300,301,302,303,318,319,320,325,326,327,328,329,330,331,332,333,334,335,336,337,338,339,340,341,342,343,344,345,346,347,348,364,375,376,378,379,380,381,382,383,384,385,386,387,388,389,391,392,393,397,398,426,433,436,437,438,439,440,441,442,443,444,480,481,482,487,488
133,133,282
1,2,3,4,5,6,7,8,9,10,23,46,47,48,49,50,51,52,53,54,55,56,57,58,59,68,91,92,93,94,95,96,97,98,99,100,101,102,103,104,105,106,107,109,110,113,114,136,137,138,139,140,141,142,143,144,145,146,147,148,149,150,151,152,153,154,155,156,157,158,159,160,181,182,183,184,185,186,187,188,189,190,191,192,193,194,195,196,197,198,199,200,201,202,203,204,205,206,226,227,228,229,230,231,232,233,234,235,236,237,238,239,240,241,242,243,244,245,246,247,248,249,250,251,252,255,256,257,271,272,273,274,275,276,277,278,279,280,281,282,283,284,285,286,287,288,289,290,291,292,293,294,295,296,300,301,302,316,317,318,319,320,321,322,323,324,325,326,327,328,329,330,331,332,333,334,335,336,337,338,339,340,341,342,343,344,345,346,347,361,362,363,364,365,366,367,368,369,370,371,372,373,374,375,376,377,378,379,380,381,382,383,384,385,386,387,388,392,406,407,408,409,410,411,412,413,414,415,416,417,418,419,420,421,422,423,424,425,426,427,428,429,430,431,432,433,434,435,436,437,438,453,454,455,456,457,458,459,460,461,462,463,464,465,466,467,468,469,470,471,472,473,474,480,482,497,498,499,500,510,514,518
122,122,229
1,2,3,46,48,49,53,58,91,92,93,94,95,96,100,136,137,138,139,140,141,142,143,144,145,146,159,181,182,183,184,185,186,187,188,189,190,192,193,200,204,205,226,227,228,229,230,231,232,233,234,235,236,237,238,246,247,249,250,251,271,272,273,274,275,276,277,278,279,280,281,282,283,284,291,292,293,294,295,296,316,317,318,319,320,321,322,323,324,325,326,327,328,329,330,331,332,333,334,335,336,337,338,340,341,361,362,363,364,365,366,367,368,369,370,371,372,373,374,375,376,377,378,379,380,381,382,383,406,407,408,409,410,411,412,413,414,415,416,417,418,419,420,421,422,423,424,425,426,427,428,436,437,451,452,453,454,455,456,457,458,459,460,461,462,463,464,465,466,467,468,469,472,473,474,496,497,498,499,500,501,502,503,504,505,507,508,509,510,511,512,513,514,517,519,520,541,542,543,544,545,546,547,548,554,555,556,557,558,561,562,563,564,586,587,588,589,590,591,600,601,602,603,604,606,607,634,635,680
50,50,234
49,91,94,182,183,189,226,227,228,229,231,271,272,273,274,275,276,277,280,291,292,295,316,317,318,319,320,321,322,323,324,325,326,329,337,341,361,362,363,364,365,366,367,368,369,370,371,372,373,374,375,406,407,408,409,410,411,412,413,414,415,416,417,418,419,420,437,451,452,453,454,455,456,457,458,459,460,461,462,463,464,465,466,467,469,496,497,498,499,500,501,502,503,504,505,506,507,508,509,510,511,512,513,514,515,541,542,543,544,545,546,547,548,549,550,551,552,553,554,555,556,557,558,559,560,561,586,587,588,589,590,591,592,593,594,595,596,597,598,599,600,601,602,603,604,631,632,633,634,635,636,637,638,639,640,641,642,643,644,645,646,647,648,649,651,676,677,678,679,680,681,682,683,684,685,686,687,688,689,690,691,692,694,721,722,723,724,725,726,727,728,729,730,731,732,734,735,736,737,738,766,767,768,769,770,771,772,773,774,775,779,780,781,811,812,813,814,815,816,817,818,819,856,857,858,859,860,861,901,902,903,904,905,946
35,35,197
275,276,292,362,364,406,407,408,409,410,451,452,453,454,455,456,457,458,459,460,461,462,496,497,498,499,500,501,502,503,504,505,506,507,508,541,542,543,544,545,546,547,548,549,550,551,552,553,554,555,558,559,586,587,588,589,590,591,592,593,594,595,596,597,598,599,600,601,602,603,604,631,632,633,634,635,636,637,638,639,640,641,642,643,644,645,646,647,648,676,677,678,679,680,681,682,683,684,685,686,687,688,689,690,691,692,721,722,723,724,725,726,727,728,729,730,731,732,734,735,736,737,766,767,768,769,770,771,772,773,774,775,776,777,778,779,780,781,782,811,812,813,814,815,816,817,818,819,820,821,822,823,824,825,826,856,857,858,859,860,861,863,864,865,866,867,868,869,901,902,903,904,905,906,907,909,910,911,912,913,946,947,948,949,951,952,955,956,957,991,992,993,994,1036,1037,1038,1081
127,127,158
406,451,454,496,499,500,544,545,587,589,590,591,592,594,596,603,604,631,632,633,634,635,636,637,638,639,640,676,677,678,679,680,681,682,683,684,685,686,691,692,721,722,723,724,725,726,727,728,729,730,731,732,734,735,736,766,767,768,769,770,771,772,773,774,775,776,778,779,780,811,812,813,814,815,816,817,818,819,820,821,822,823,824,825,856,857,858,859,860,861,862,863,864,865,866,867,868,869,901,902,903,904,905,906,907,908,909,910,911,912,913,914,946,947,948,949,950,951,952,953,954,955,956,957,958,991,992,993,994,995,996,997,998,999,1000,1001,1002,1036,1037,1038,1039,1040,1041,1042,1043,1081,1082,1083,1084,1088,1126,1127,1128,1130,1171,1172,1173,1219
142,142,104
680,681,725,727,769,770,771,772,811,812,813,814,815,816,817,818,824,856,857,858,859,860,861,862,866,867,868,901,902,903,904,905,906,907,908,909,910,911,912,913,946,947,948,949,950,951,952,953,954,955,956,957,991,992,993,994,995,996,997,998,999,1000,1001,1002,1036,1037,1038,1039,1040,1043,1044,1045,1046,1081,1082,1083,1084,1085,1086,1087,1089,1090,1126,1127,1128,1129,1130,1131,1132,1134,1135,1171,1172,1173,1174,1175,1176,1216,1217,1218,1219,1261,1262,1265
139,139,61
901,902,903,904,906,910,946,947,948,949,950,951,952,991,992,993,994,995,996,998,1036,1037,1038,1039,1040,1081,1082,1083,1084,1089,1090,1126,1127,1128,1129,1131,1132,1133,1134,1135,1171,1172,1173,1174,1175,1176,1177,1216,1217,1218,1219,1220,1221,1261,1262,1263,1264,1265,1306,1307,1308
114,114,26
946,991,992,1036,1037,1081,1082,1126,1127,1128,1171,1172,1176,1216,1217,1218,1219,1221,1261,1262,1263,1264,1265,1306,1308,1309
94,94,6
494,946,1263,1306,1307,1308
94,94,14
225,269,270,314,315,359,360,400,442,487,488,489,491,495
57,57,25
44,45,86,87,88,90,131,132,133,134,135,180,270,313,314,315,354,358,359,360,398,405,437,438,440
139,139,61
39,40,41,42,43,44,45,85,86,87,88,89,90,131,132,133,134,135,177,178,179,180,223,224,225,258,260,268,269,270,302,304,306,308,309,313,314,315,347,348,349,350,352,354,355,359,360,392,393,394,396,397,398,400,404,436,437,438,440,442,482
44,44,87
36,37,38,39,40,41,42,43,44,45,78,82,83,84,85,86,87,88,89,90,127,128,129,134,135,166,167,168,169,170,171,172,173,179,180,210,211,212,213,214,215,216,217,222,223,224,255,256,257,258,259,260,261,262,270,300,301,302,303,304,305,306,313,314,343,344,345,346,347,348,349,351,352,389,390,391,392,394,396,397,434,436,437,442,479,486,800
131,131,114
30,31,32,33,34,35,36,37,38,39,40,41,42,43,44,45,74,75,76,77,78,79,80,81,82,83,84,86,87,88,89,119,120,121,122,123,124,125,126,127,128,163,164,165,166,167,168,169,170,172,173,207,208,209,210,211,212,213,214,215,216,217,250,251,252,253,254,255,256,257,258,259,260,294,295,296,297,298,299,300,301,302,303,304,307,339,340,341,342,343,344,345,346,349,384,385,386,387,388,389,390,391,394,429,430,431,434,436,437,476,477,480,481,525
65,65,154
24,25,26,27,28,29,30,31,32,33,34,35,36,37,38,39,40,41,42,43,44,68,69,70,71,72,73,74,75,76,77,78,79,80,81,82,83,86,87,113,114,115,116,117,118,119,120,121,122,123,124,125,126,157,158,159,160,161,162,163,164,165,166,167,168,169,170,202,203,204,205,206,207,208,209,210,211,212,213,214,215,246,247,248,249,250,251,252,253,254,255,256,257,258,259,291,292,293,294,295,296,297,298,299,300,301,302,303,336,337,338,339,340,341,342,343,344,347,381,382,383,384,385,386,387,388,389,390,425,426,427,428,429,430,431,432,433,434,470,471,472,473,474,475,477,479,514,515,517,558,559,602,603,604
29,29,185
20,21,22,23,24,25,26,27,28,29,30,31,32,33,34,35,37,38,65,66,67,68,69,70,71,72,73,74,75,76,77,78,79,82,109,110,111,112,113,114,115,116,117,118,119,120,121,122,123,154,155,156,157,158,159,160,161,162,163,164,165,166,167,198,199,200,201,202,203,204,205,206,207,208,209,210,211,212,243,244,245,246,247,248,249,250,251,252,253,254,255,256,257,287,288,289,290,291,292,293,294,295,296,297,299,300,332,333,334,335,336,337,338,339,340,341,342,343,377,378,379,380,381,382,383,384,385,386,387,388,421,422,423,424,425,426,427,428,429,430,431,432,466,467,468,469,470,471,472,473,474,475,476,511,512,513,514,515,516,555,556,557,558,559,560,599,600,601,602,603,604,645,646,647,648,649,688,689,690,691,692,734,735,736,737
96,96,220
16,17,18,19,20,21,22,23,24,25,26,27,28,29,30,31,32,61,62,63,64,65,66,67,68,69,70,71,72,73,74,75,76,77,105,106,107,108,109,110,111,112,113,114,115,116,117,118,119,120,121,128,149,150,151,152,153,154,155,156,157,158,159,160,161,162,163,164,165,194,195,196,197,198,199,200,201,202,203,204,205,206,207,208,209,210,240,241,242,243,244,245,246,247,248,249,250,251,252,253,285,286,287,288,289,290,291,292,293,294,295,296,298,329,330,331,332,333,334,335,336,337,338,339,340,374,375,376,377,378,379,380,381,382,383,384,385,419,420,421,422,423,424,425,426,428,463,464,465,466,467,468,469,470,472,473,506,507,508,509,510,511,512,513,514,515,516,517,551,552,553,554,555,556,557,558,559,560,596,597,598,599,600,601,602,604,640,641,642,643,644,645,646,647,648,685,686,687,688,689,690,691,692,730,731,732,733,734,735,736,738,776,777,778,779,780,782,822,823,824
19,19,244
13,14,15,16,17,18,19,20,21,22,23,24,25,26,27,28,57,58,59,60,61,62,63,64,65,66,67,68,69,70,71,72,102,103,104,105,106,107,108,109,110,111,112,113,114,115,116,117,146,147,148,149,150,151,152,153,154,155,156,157,158,159,160,189,190,191,192,193,194,195,196,197,198,199,200,201,202,203,204,205,235,236,237,238,239,240,241,242,243,244,245,246,247,248,249,280,281,282,283,284,285,286,287,288,289,290,291,292,293,325,326,327,328,329,330,331,332,333,334,335,336,337,338,339,370,371,372,373,374,375,376,377,378,379,380,381,382,415,416,417,418,419,420,421,422,423,424,425,426,427,459,460,461,462,463,464,465,466,467,468,469,470,503,504,505,506,507,508,509,510,511,512,513,514,548,549,550,551,552,553,554,555,556,557,558,559,593,594,595,596,597,598,599,600,601,602,603,638,639,640,641,642,643,644,645,646,647,651,682,683,684,685,686,687,688,689,690,691,692,726,727,728,729,730,731,732,733,736,773,774,775,776,777,781,818,819,820,821,863,864,865,866,910,954
18,18,264
7,8,9,10,11,12,13,14,15,16,17,18,19,20,21,22,23,24,25,52,53,54,55,56,57,58,59,60,61,62,63,64,65,66,67,68,97,98,99,100,101,102,103,104,105,106,107,108,109,110,111,112,113,142,143,144,145,146,147,148,149,150,151,152,153,154,155,156,157,186,187,188,189,190,191,192,193,194,195,196,197,198,199,200,201,231,232,233,234,235,236,237,238,239,240,241,242,243,244,245,247,276,277,278,279,280,281,282,283,284,285,286,287,288,289,321,322,323,324,325,326,327,328,329,330,331,332,333,334,365,366,367,368,369,370,371,372,373,374,375,376,377,410,411,412,413,414,415,416,417,418,419,420,421,423,454,455,456,457,458,459,460,461,462,463,464,465,466,467,499,500,501,502,503,504,505,506,507,508,509,510,511,545,546,547,548,549,550,551,552,553,554,555,590,591,592,593,594,595,596,597,598,599,600,635,636,637,638,639,640,641,642,643,644,680,681,682,683,684,685,686,687,688,725,726,727,728,729,730,731,732,769,770,771,772,773,774,775,776,814,815,816,817,818,819,820,860,861,862,863,864,904,905,906,907,908,950,951,952,953,997,1041,1085,1086
2,2,226
2,3,4,5,6,7,8,9,10,11,12,13,14,48,49,50,51,52,53,54,55,56,57,58,59,60,93,94,95,96,97,98,99,100,101,102,103,104,137,138,139,140,141,142,143,144,145,146,147,148,149,182,183,184,185,186,187,188,189,190,191,192,193,194,227,228,229,230,231,232,233,234,235,236,237,238,239,272,273,274,275,276,277,278,279,280,281,282,283,317,318,319,320,321,322,323,324,325,326,327,328,362,363,364,365,366,367,368,369,370,371,372,373,408,409,410,411,412,413,417,451,453,454,455,456,457,458,496,497,498,499,500,501,502,503,504,505,542,543,544,545,546,547,548,549,550,551,587,588,589,590,591,592,593,594,595,596,631,632,633,634,635,636,637,638,639,640,641,677,678,679,680,681,682,683,684,685,686,722,723,724,725,726,727,728,729,730,731,767,768,769,770,771,772,773,774,812,813,814,815,816,817,818,819,857,858,859,860,861,902,903,904,905,906,946,947,948,949,950,991,992,1081,1082,1083,1127,1128
5,5,231
1,2,3,4,5,6,7,8,9,10,11,12,13,46,47,48,49,50,51,52,53,54,55,56,57,58,91,92,93,94,95,96,97,98,99,100,101,102,103,136,137,138,139,140,141,142,143,144,145,146,147,181,182,183,184,185,186,187,188,189,190,191,192,226,227,228,229,230,231,232,233,234,235,236,237,271,272,273,274,275,276,277,278,279,280,281,282,316,317,318,319,320,321,322,323,324,326,361,362,363,364,365,366,367,368,369,406,407,408,409,410,411,412,413,414,451,452,453,454,455,456,457,458,459,496,497,498,499,500,501,502,503,504,505,541,542,543,544,545,546,547,548,549,550,586,587,588,589,590,591,592,593,594,595,631,632,633,634,635,636,637,638,639,676,677,678,679,680,681,682,683,721,722,723,724,725,726,727,728,766,767,768,769,770,771,772,811,812,813,814,815,816,817,856,857,858,859,860,861,901,902,903,904,946,947,948,949,950,951,991,992,993,1036,1037,1038,1040,1081,1082,1083,1085,1126,1127,1128,1129,1171,1172,1216,1217,1218,1261,1262
66,66,231
1,2,3,4,5,6,7,8,9,10,11,12,13,46,47,48,49,50,51,52,53,54,55,56,57,91,92,93,94,95,96,97,98,99,100,101,136,137,138,139,140,141,142,143,144,145,146,181,182,183,184,185,186,187,188,189,190,191,192,226,227,228,229,230,231,232,233,234,235,271,272,273,274,275,276,277,278,279,280,316,317,318,319,320,321,322,323,324,325,361,362,363,364,365,366,367,368,369,406,407,408,409,410,411,412,413,414,451,452,453,454,455,456,457,458,459,496,497,498,499,500,501,502,503,504,505,541,542,543,544,545,546,547,548,549,550,586,587,588,589,590,591,592,593,594,595,631,632,633,634,635,636,637,638,639,640,676,677,678,679,680,681,682,683,721,722,723,724,725,726,727,766,767,768,769,770,771,772,773,811,812,813,814,815,856,857,858,859,860,901,902,903,904,905,906,946,947,948,949,991,992,993,994,995,1036,1037,1038,1039,1081,1082,1083,1084,1086,1126,1127,1128,1129,1171,1172,1173,1174,1216,1217,1218,1261,1262,1263,1264,1306,1307,1308
10,10,219
1,2,3,4,5,6,7,8,9,10,11,46,47,48,49,50,51,52,53,54,55,91,92,93,94,95,96,97,98,99,101,136,137,138,139,140,141,142,143,144,181,182,183,184,185,186,187,188,189,190,226,227,228,229,230,231,232,233,234,235,271,272,273,274,275,276,277,278,279,280,281,316,317,318,319,320,321,322,323,326,361,362,363,364,365,366,367,368,406,407,408,409,410,411,412,413,414,451,452,453,454,455,456,457,458,459,496,497,498,499,500,501,502,503,504,505,541,542,543,544,545,546,547,548,549,550,586,587,588,589,590,591,592,593,594,595,631,632,633,634,635,636,637,638,676,677,678,679,680,681,682,721,722,723,724,725,726,727,728,766,767,768,769,770,771,811,812,813,814,815,816,856,857,858,859,860,861,901,902,903,904,905,906,946,947,948,949,950,951,991,992,993,994,1036,1037,1038,1039,1081,1082,1083,1084,1126,1127,1128,1129,1171,1172,1173,1174,1216,1217,1218,1219,1261,1262,1263,1306,1307,1308
23,23,219
1,2,3,4,5,6,7,8,9,10,11,17,46,47,48,49,50,51,52,53,54,56,91,92,93,94,95,96,97,98,136,137,138,139,140,141,142,143,181,182,183,184,185,186,187,188,189,197,226,227,228,229,230,231,232,233,234,271,272,273,274,275,276,277,278,280,316,317,318,319,320,321,322,323,324,361,362,363,364,365,366,367,368,406,407,408,409,410,411,412,413,414,451,452,453,454,455,456,457,458,459,496,497,498,499,500,501,502,503,504,505,541,542,543,544,545,546,547,548,549,550,586,587,588,589,590,591,592,593,594,631,632,633,634,635,636,637,638,676,677,678,679,680,681,682,721,722,723,724,725,726,727,766,767,768,769,770,771,811,812,813,814,815,856,857,858,859,860,901,902,903,904,905,946,947,948,949,950,951,991,992,993,994,995,1036,1037,1038,1039,1040,1041,1081,1082,1083,1084,1085,1086,1126,1127,1128,1129,1130,1171,1172,1173,1174,1175,1216,1217,1218,1219,1220,1261,1262,1263,1264,1306,1307,1308,1309
142,142,215
1,2,3,4,5,6,7,8,9,10,11,46,47,48,49,50,51,52,53,54,56,61,91,92,93,94,95,96,97,98,100,136,137,138,139,140,141,142,143,144,145,146,147,149,152,181,182,183,184,185,186,191,195,196,197,226,227,228,229,230,231,232,235,236,237,241,271,272,273,274,275,276,278,280,282,283,316,317,318,319,320,321,330,361,362,363,364,365,366,367,371,406,407,408,409,410,411,451,452,453,454,455,456,458,496,497,498,499,500,501,502,504,505,541,542,543,544,545,546,547,548,549,550,586,587,588,589,590,591,592,593,631,632,633,634,635,636,676,677,678,679,680,681,682,721,722,723,724,725,726,727,766,767,768,769,770,771,811,812,813,814,815,856,857,858,859,860,861,901,902,903,904,905,946,947,948,949,950,951,991,992,993,994,995,1036,1037,1038,1039,1040,1041,1081,1082,1083,1084,1085,1126,1127,1128,1130,1171,1172,1173,1174,1175,1216,1217,1218,1219,1261,1262,1263,1264,1306,1307,1308
114,114,203
1,2,3,4,5,6,7,11,15,16,18,46,47,48,49,50,51,61,62,63,91,92,93,94,95,96,97,106,107,136,137,138,139,140,141,142,149,151,152,181,182,183,184,185,186,187,193,194,195,196,197,226,227,228,229,230,231,234,237,239,240,241,271,272,273,274,275,276,277,280,282,283,284,285,286,316,317,318,319,320,321,326,327,330,361,362,363,364,365,366,371,372,375,406,407,408,409,410,411,413,417,451,452,453,454,455,456,460,496,497,498,499,500,501,503,509,541,542,543,544,545,546,548,549,551,554,586,587,588,589,590,592,593,631,632,633,634,635,638,676,677,678,679,721,722,723,724,727,766,767,768,769,811,812,813,815,856,857,858,859,860,901,902,903,904,905,946,947,948,949,991,992,993,995,1036,1037,1038,1039,1040,1081,1082,1083,1084,1085,1126,1127,1128,1129,1130,1171,1172,1173,1216,1217,1218,1219,1261,1262,1263,1268,1306,1307,1308
130,130,190
1,2,3,4,6,8,11,15,16,17,18,46,47,48,54,60,61,62,63,91,92,93,94,96,104,105,106,107,136,137,138,139,146,147,149,150,151,152,153,181,182,183,184,185,190,193,194,195,196,197,226,227,228,229,230,233,234,236,237,238,239,240,241,242,271,272,273,274,275,276,277,278,281,282,283,284,285,286,316,317,318,319,320,321,326,327,328,329,330,331,361,362,363,364,365,366,372,373,374,376,406,407,409,417,418,419,420,451,452,455,456,459,461,465,496,497,498,500,503,504,505,506,509,541,542,543,545,547,548,549,551,552,553,586,587,588,592,593,594,597,631,632,635,676,677,680,721,722,724,766,767,768,811,812,813,856,858,859,901,902,903,904,905,946,947,948,991,992,993,1036,1037,1038,1039,1082,1083,1084,1126,1127,1171,1172,1173,1216,1217,1218,1261,1262,1269,1306,1308,1314
117,117,164
1,2,6,7,9,10,11,12,13,15,16,17,18,46,47,51,54,55,56,57,58,60,61,62,63,91,92,96,98,99,100,101,102,104,105,106,107,132,136,137,138,141,142,145,146,148,149,150,151,152,154,181,182,183,185,188,189,190,191,192,193,194,195,196,197,198,226,227,228,229,233,234,235,236,237,238,239,240,241,242,271,272,275,277,278,280,281,282,283,284,285,286,317,320,322,325,326,327,328,329,330,331,362,363,367,371,372,373,374,375,376,407,413,417,418,419,420,458,460,463,464,465,503,504,505,509,510,547,548,549,550,592,594,631,635,676,677,679,721,722,766,767,772,811,856,863,946,947,948,991,1036,1037,1081,1082,1084,1126,1127,1171,1172,1216,1226,1261,1306,1307
113,113,130
10,11,12,13,14,15,16,17,19,20,44,45,55,56,57,58,59,60,61,88,89,90,100,101,102,103,104,105,106,132,133,134,135,144,145,146,147,148,149,150,151,177,178,179,180,189,190,191,192,193,194,195,196,222,223,224,225,234,235,236,237,238,239,240,263,281,282,283,284,285,308,326,327,328,329,355,360,366,371,372,374,375,385,386,402,403,404,405,411,419,457,492,493,494,505,549,550,551,594,596,597,598,637,640,642,658,702,703,745,746,747,781,789,790,833,834,877,878,879,921,922,991,992,993,1031,1037,1038,1122,1168,1314
113,113,112
1,12,13,14,15,16,17,20,51,57,58,62,63,65,89,94,96,102,103,104,107,108,135,138,139,146,147,148,149,150,151,152,153,180,181,183,191,192,194,195,196,197,198,223,228,235,237,238,239,240,241,242,273,279,280,281,282,283,284,285,286,287,318,319,320,322,326,327,328,329,330,331,363,364,366,368,370,371,372,373,374,375,412,416,417,418,419,463,464,500,501,502,545,550,590,591,594,595,639,640,686,820,863,864,908,1127,1128,1217,1218,1221,1264,1311
78,78,88
13,15,16,17,18,58,61,62,63,89,94,95,103,104,107,108,109,134,135,149,151,152,153,185,191,192,195,196,197,198,228,230,233,237,239,240,241,242,243,275,277,279,281,282,283,284,285,286,287,288,324,326,328,329,330,331,370,371,373,374,375,376,412,414,417,418,419,420,463,464,547,549,550,551,594,595,639,640,641,642,643,686,863,864,907,909,1174,1266
39,39,77
13,16,17,18,23,57,58,61,62,68,89,102,103,106,107,108,134,147,151,152,190,191,192,195,196,197,236,239,240,241,242,280,281,284,285,286,287,320,325,326,327,328,329,330,331,332,341,342,363,367,368,371,372,373,374,375,376,388,414,417,418,419,463,464,504,509,549,550,594,595,639,640,686,687,863,864,909
72,72,57
16,58,61,62,63,64,104,107,108,134,148,149,151,152,193,195,196,197,237,240,241,242,281,282,284,285,286,326,328,329,330,331,332,368,372,373,374,375,417,418,419,462,463,464,508,509,590,594,595,640,641,642,686,863,864,907,909
78,78,32
58,63,107,108,152,193,196,197,238,240,241,242,281,284,285,286,326,329,330,331,373,374,375,418,419,463,508,640,686,863,864,907
98,98,6
1032,1034,1078,1123,1125,1170
43,43,21
615,671,807,978,985,987,1031,1032,1033,1034,1035,1077,1078,1079,1080,1122,1123,1124,1125,1169,1170
26,26,93
42,79,124,169,214,215,220,259,260,265,303,305,349,350,391,393,394,403,404,405,432,523,524,528,569,570,615,616,623,625,661,667,668,669,671,709,710,711,716,760,761,762,804,805,806,807,808,809,836,839,849,850,894,895,896,933,939,945,977,978,985,986,987,988,989,990,1013,1030,1031,1032,1033,1034,1035,1076,1077,1078,1079,1080,1122,1123,1124,1125,1169,1170,1193,1194,1195,1215,1240,1259,1281,1283,1284
124,124,40
19,37,43,44,45,51,52,88,89,90,96,97,135,142,143,435,436,448,449,450,481,482,491,492,493,494,495,529,530,531,685,699,731,738,743,1075,1119,1120,1282,1326
23,23,221
31,34,35,76,77,78,79,80,81,82,117,118,121,122,123,124,125,126,127,129,161,162,163,164,165,166,167,168,169,170,172,173,175,206,207,209,210,211,212,213,214,215,216,218,219,220,221,249,252,254,255,256,257,258,259,260,264,265,266,293,294,297,299,300,301,303,309,310,338,339,340,342,343,346,349,350,351,354,357,382,383,384,385,386,388,389,393,399,401,402,403,405,426,427,428,429,430,431,432,433,434,439,443,444,450,471,472,473,474,475,476,477,478,479,484,514,515,516,517,518,519,523,524,525,527,528,560,561,562,563,564,565,569,570,574,575,576,579,606,607,608,610,614,615,616,625,626,627,653,654,661,666,667,668,795,803,804,805,807,847,848,849,850,880,881,893,894,896,925,935,936,937,938,939,940,976,977,978,979,981,982,984,985,987,1011,1026,1028,1029,1030,1031,1032,1033,1034,1035,1064,1073,1075,1076,1077,1078,1079,1080,1104,1118,1123,1124,1125,1141,1142,1149,1169,1170,1186,1191,1193,1194,1215,1230,1334,1338,1341
138,138,112
34,35,77,79,80,122,123,125,127,128,129,130,161,162,163,164,167,168,169,172,174,175,206,211,212,213,214,219,220,249,255,256,257,264,266,293,294,297,299,300,301,309,338,339,340,382,383,384,385,388,426,427,428,430,431,432,433,444,449,450,474,475,477,479,507,518,524,562,563,608,614,615,625,626,627,661,667,668,762,803,804,805,847,848,849,850,893,894,935,937,979,982,983,984,1011,1030,1031,1032,1033,1034,1075,1077,1078,1079,1080,1122,1123,1124,1125,1169,1170,1215
47,47,276
31,34,35,38,39,76,77,78,79,80,81,82,84,117,118,119,120,121,122,123,124,125,126,128,129,162,163,164,165,166,167,168,169,170,171,172,173,174,175,177,207,208,209,210,211,212,213,214,215,216,217,218,219,220,221,252,253,254,255,256,257,258,259,260,263,264,265,266,294,297,300,301,303,304,305,309,310,338,339,340,342,349,350,351,354,357,382,383,384,385,387,388,393,394,396,401,402,403,405,426,427,428,429,430,431,432,433,434,439,440,444,445,447,448,449,450,472,473,474,475,476,477,478,479,484,485,489,494,495,515,516,517,518,519,520,523,524,525,560,561,562,563,564,565,569,570,574,575,576,579,582,606,607,608,610,611,614,615,625,626,627,648,651,652,653,660,661,662,663,666,667,668,672,707,709,710,711,713,716,717,758,759,760,761,762,794,795,802,803,804,805,806,807,824,847,848,849,850,851,853,882,892,893,894,896,897,913,922,924,926,932,935,936,937,938,939,940,967,977,978,979,980,981,983,984,985,986,987,990,1013,1023,1026,1027,1028,1029,1030,1031,1032,1033,1034,1035,1067,1072,1073,1074,1075,1076,1077,1078,1079,1080,1105,1118,1119,1122,1123,1124,1125,1140,1141,1148,1169,1170,1186,1191,1192,1193,1194,1213,1215,1230,1239,1282,1284,1327,1334
3,3,271
30,31,34,35,38,39,75,76,77,78,79,80,83,84,118,119,120,121,122,123,124,125,127,128,129,130,163,164,165,166,167,168,169,171,172,173,174,175,176,177,207,208,209,210,211,212,213,214,215,216,217,218,219,220,221,249,252,253,254,255,256,257,258,259,263,264,265,266,294,297,298,300,301,303,304,309,310,339,340,341,342,343,346,351,354,357,383,384,385,386,387,388,389,394,395,399,401,402,403,427,428,429,430,431,432,433,434,443,444,447,448,449,450,473,474,475,476,477,478,479,484,488,489,493,494,495,515,517,518,519,523,524,525,526,527,532,533,535,560,561,562,563,564,565,569,570,574,575,578,579,580,581,582,605,606,607,608,610,614,615,616,622,625,626,627,651,652,653,654,660,661,662,663,664,666,667,668,672,707,708,709,710,711,719,758,759,761,762,794,802,803,804,805,806,807,808,831,847,848,849,850,851,875,891,892,893,894,895,896,897,900,925,926,932,935,936,937,938,939,966,967,977,978,979,982,983,984,985,986,1023,1026,1027,1028,1029,1030,1031,1032,1033,1034,1035,1053,1068,1072,1073,1074,1075,1076,1077,1078,1079,1080,1118,1119,1122,1123,1124,1125,1141,1150,1169,1170,1182,1186,1192,1193,1194,1215,1230,1239,1275,1284
138,138,195
31,34,35,38,76,77,79,80,81,83,84,118,119,120,121,122,123,124,125,128,129,130,162,163,164,165,166,167,168,169,170,172,173,174,175,207,208,209,210,211,212,214,218,219,220,252,253,254,255,256,257,259,264,265,266,294,297,301,304,309,310,339,340,341,342,343,344,383,384,385,386,387,388,389,394,401,402,427,428,429,430,431,432,433,434,447,448,449,450,471,472,473,474,475,476,477,478,479,480,493,494,495,515,516,517,518,519,520,523,524,560,561,562,563,564,565,574,575,576,578,579,582,605,606,607,608,609,615,625,626,627,630,652,662,666,667,668,672,710,711,759,761,762,786,803,804,805,847,848,849,850,851,892,893,894,896,897,932,935,936,937,938,939,978,979,982,984,985,1026,1027,1028,1029,1031,1032,1033,1034,1035,1074,1075,1076,1077,1078,1079,1080,1123,1124,1125,1141,1169,1170,1186,1194,1215,1230,1284
138,138,218
34,35,39,79,80,81,83,84,119,121,122,123,124,125,128,129,130,162,163,164,165,166,167,168,169,171,173,174,175,207,208,209,210,211,213,214,216,217,218,219,220,252,253,254,255,256,257,259,264,265,294,297,298,299,301,303,304,310,339,340,342,343,344,349,354,383,384,385,386,387,388,393,394,395,402,426,428,429,430,431,432,433,434,445,447,448,449,450,471,472,473,474,475,476,477,478,479,494,495,514,516,517,518,519,520,521,524,525,526,557,560,562,563,564,565,570,574,575,579,582,602,605,606,607,608,609,611,614,615,625,626,627,630,650,651,652,653,654,661,662,666,667,668,671,672,691,696,707,709,711,741,742,758,759,761,762,802,803,804,805,847,848,849,850,851,875,891,892,893,894,896,932,935,936,937,939,940,977,978,979,982,983,985,1028,1029,1030,1031,1032,1033,1034,1035,1075,1076,1077,1078,1079,1080,1123,1124,1125,1137,1140,1141,1169,1170,1182,1184,1185,1186,1193,1215,1227,1228,1229,1230,1272,1274,1329
73,73,385
30,31,34,35,36,38,39,40,75,76,77,79,80,81,83,84,85,117,118,119,120,121,122,123,124,125,126,128,129,130,162,163,164,165,166,167,168,169,170,171,173,174,175,206,207,208,209,210,211,212,213,214,215,216,217,218,219,220,252,253,254,255,256,257,258,259,261,264,265,266,294,297,298,299,300,301,303,304,306,309,310,311,326,338,339,340,341,342,343,344,345,346,348,349,350,351,352,354,357,381,383,384,385,386,387,388,389,392,393,394,395,399,401,402,403,406,425,426,427,428,429,430,431,432,433,434,439,440,444,445,447,448,449,450,469,470,471,472,473,474,475,476,477,478,479,481,484,485,487,488,489,490,492,493,494,495,505,513,514,515,516,517,518,519,520,521,523,524,525,526,527,530,531,532,533,535,550,555,557,560,561,562,563,564,565,567,570,572,573,574,575,576,577,578,579,581,582,586,588,592,593,602,605,606,607,608,609,610,611,612,614,615,616,621,622,625,626,627,630,647,648,650,651,652,653,660,661,662,663,664,666,667,668,671,672,674,690,691,694,696,697,707,708,709,710,711,716,736,738,739,740,741,742,758,759,760,761,762,771,782,786,794,799,802,803,804,805,806,824,830,831,844,847,848,849,850,851,853,868,869,870,874,875,890,891,892,893,894,895,896,897,911,913,914,919,931,932,935,936,937,938,939,940,956,957,958,964,967,977,978,979,982,984,985,986,987,990,1007,1008,1011,1012,1026,1027,1028,1029,1030,1031,1032,1033,1034,1035,1051,1057,1072,1074,1075,1076,1077,1078,1079,1080,1092,1093,1099,1122,1123,1124,1125,1137,1140,1141,1146,1147,1148,1149,1169,1170,1182,1183,1184,1185,1186,1191,1192,1193,1194,1195,1212,1215,1226,1227,1228,1229,1230,1239,1260,1272,1273,1274,1283,1284,1285,1316,1317,1328
63,63,338
30,31,34,35,36,39,40,75,76,77,79,80,81,83,84,85,117,118,119,120,121,122,123,124,125,128,129,130,162,163,164,165,166,167,168,169,173,174,175,207,208,209,210,211,212,213,214,215,216,218,219,220,252,253,254,255,256,257,259,264,265,297,298,299,300,301,303,304,309,310,339,340,342,343,344,345,346,348,349,350,357,383,384,385,386,387,388,389,393,394,395,401,402,406,426,427,428,429,430,431,432,433,439,440,444,445,447,448,449,450,459,470,471,472,473,474,475,476,477,478,484,485,487,488,489,490,492,493,494,495,505,514,515,516,517,518,519,520,521,523,524,525,526,527,530,531,532,533,539,548,555,560,561,562,563,564,565,567,570,574,577,578,579,581,592,596,597,605,606,607,608,609,611,614,615,622,625,626,627,630,641,642,648,650,651,652,653,654,661,662,663,666,667,668,671,672,675,686,687,692,693,694,695,696,697,708,709,710,711,719,728,733,736,738,740,741,742,758,759,760,761,762,771,772,776,778,782,785,786,803,804,805,824,827,829,830,831,844,847,848,849,850,851,869,870,874,875,890,891,892,893,894,895,896,913,914,919,921,932,935,936,937,938,939,940,956,958,964,967,977,978,979,982,983,985,986,987,990,1001,1006,1007,1011,1012,1027,1029,1030,1031,1032,1033,1034,1035,1051,1052,1068,1073,1074,1075,1076,1077,1078,1079,1080,1092,1093,1121,1122,1123,1124,1125,1137,1140,1141,1145,1147,1148,1149,1150,1169,1170,1182,1183,1184,1185,1191,1192,1193,1194,1195,1227,1228,1229,1230,1272,1273,1274,1282,1284,1317
18,18,43
31,36,76,129,166,208,211,339,378,383,387,388,475,477,517,518,606,607,615,661,709,710,741,922,985,986,1006,1033,1051,1076,1077,1078,1079,1099,1123,1124,1125,1169,1170,1193,1194,1282,1327
5,5,304
30,31,35,36,40,75,76,80,129,130,166,167,168,208,209,211,212,214,220,252,253,254,256,258,264,297,298,301,310,339,342,343,344,383,384,385,386,387,388,394,395,426,428,429,430,431,432,434,440,444,446,447,460,461,462,463,472,473,474,475,476,480,489,490,492,493,503,504,505,506,516,517,518,519,520,521,524,525,526,527,528,530,532,533,548,550,551,562,563,564,565,569,570,576,577,579,580,581,582,588,592,593,594,595,596,605,606,607,608,614,615,616,618,619,621,622,623,624,625,626,627,631,633,634,638,640,650,651,652,653,660,661,662,663,664,666,667,668,671,673,676,678,679,686,688,693,694,696,697,706,708,709,710,711,721,728,730,738,740,741,758,772,783,784,785,786,798,799,803,804,805,817,818,819,826,827,828,829,830,831,843,847,848,849,872,873,874,875,890,891,892,893,894,895,904,915,916,917,921,936,937,938,939,940,949,961,964,966,977,978,979,980,981,982,983,984,985,986,987,988,990,1003,1006,1007,1013,1023,1024,1026,1027,1028,1029,1030,1031,1032,1033,1034,1041,1042,1046,1051,1062,1076,1077,1078,1079,1080,1085,1088,1089,1092,1093,1095,1098,1099,1100,1102,1104,1105,1122,1123,1124,1125,1129,1137,1138,1139,1140,1143,1144,1146,1147,1148,1149,1165,1166,1167,1168,1169,1170,1174,1181,1182,1183,1184,1190,1191,1192,1193,1194,1212,1215,1227,1228,1229,1238,1259,1272,1283,1289,1316,1317,1328,1329,1335
68,68,369
31,34,35,36,41,62,75,76,79,80,86,121,122,123,124,129,130,167,168,169,174,175,208,211,212,213,214,216,219,252,253,254,256,260,264,294,297,298,299,300,301,339,343,344,345,383,384,385,387,388,390,394,401,426,427,428,429,430,431,432,434,435,440,446,447,458,459,460,461,462,463,471,472,473,474,475,476,477,479,486,487,489,490,492,493,503,504,505,506,508,516,517,518,519,520,521,524,525,526,527,530,531,532,533,536,548,549,550,551,561,562,563,564,565,566,569,577,579,580,581,582,587,588,589,592,593,594,595,605,606,607,608,614,616,618,621,622,623,624,625,626,627,631,632,633,634,636,638,640,650,651,652,660,661,662,663,664,665,666,667,668,673,675,676,678,679,686,693,694,695,696,709,710,711,723,724,728,730,731,737,738,739,740,741,758,759,772,773,775,781,782,783,785,786,795,796,798,817,818,819,820,822,826,827,828,830,831,847,848,852,864,867,870,871,872,873,874,875,890,891,892,893,895,896,904,915,917,919,921,922,936,937,938,939,941,949,958,960,961,966,978,979,981,982,983,984,985,986,987,988,989,993,994,995,1003,1006,1007,1012,1023,1024,1026,1027,1028,1029,1030,1031,1032,1033,1034,1035,1038,1039,1041,1042,1043,1046,1047,1048,1068,1076,1077,1078,1079,1080,1086,1087,1088,1092,1093,1094,1095,1096,1098,1099,1100,1102,1104,1105,1120,1122,1123,1124,1125,1129,1130,1131,1133,1137,1138,1139,1140,1142,1143,1144,1145,1146,1147,1148,1149,1162,1165,1166,1169,1170,1173,1174,1175,1181,1182,1183,1184,1190,1191,1192,1193,1194,1212,1220,1221,1226,1227,1228,1237,1238,1241,1259,1260,1270,1271,1272,1277,1278,1281,1283,1289,1307,1314,1315,1316,1317,1324,1326,1327,1328,1329,1331,1334,1335,1338
1,1,358
31,34,35,75,76,79,80,85,124,130,162,163,164,167,168,175,208,209,211,214,219,252,253,254,256,297,298,299,303,304,339,343,344,349,384,385,386,387,388,395,396,416,427,428,429,430,431,432,433,447,459,460,461,463,464,465,471,472,473,474,475,476,479,484,485,486,492,493,503,504,505,506,508,509,515,516,517,518,519,520,521,524,525,526,527,532,533,539,548,549,550,551,561,562,563,564,565,567,569,570,576,577,578,579,580,581,582,588,592,593,594,595,605,606,607,608,611,614,615,616,618,621,622,623,624,625,626,627,630,631,633,634,638,640,649,650,651,652,653,661,662,663,665,666,667,668,671,672,674,675,676,678,685,686,692,693,694,695,696,706,708,709,710,711,721,723,728,730,737,738,739,740,741,742,759,760,773,774,775,782,783,784,785,786,796,803,804,812,817,818,819,820,825,826,827,828,830,831,847,848,850,868,870,871,872,874,875,890,891,892,893,894,895,896,903,904,911,913,914,915,916,919,922,935,936,937,938,939,940,949,950,958,960,961,963,966,978,979,980,981,982,983,984,985,986,987,988,989,994,995,1001,1003,1006,1007,1012,1023,1024,1026,1027,1028,1029,1030,1031,1032,1033,1034,1035,1039,1042,1045,1046,1051,1056,1067,1071,1075,1076,1077,1078,1079,1080,1086,1087,1090,1092,1093,1094,1095,1096,1099,1100,1102,1103,1104,1105,1120,1122,1123,1124,1125,1129,1130,1131,1132,1134,1137,1138,1139,1140,1144,1145,1146,1147,1148,1149,1165,1166,1167,1169,1170,1174,1175,1181,1182,1183,1184,1190,1191,1192,1193,1194,1212,1213,1218,1227,1228,1229,1233,1237,1238,1259,1271,1272,1277,1278,1282,1283,1289,1314,1315,1316,1317,1324,1328,1329,1330,1334,1335
119,119,233
31,34,35,76,79,80,85,107,208,209,252,253,254,297,298,343,384,385,386,387,388,416,426,427,428,429,430,431,432,433,447,460,461,472,473,474,475,476,492,504,505,506,516,517,518,519,520,521,524,527,533,548,550,561,562,563,564,565,569,577,579,580,581,593,594,605,606,607,608,614,615,618,622,623,625,626,627,634,638,640,650,651,652,661,662,663,665,666,667,668,671,673,685,692,693,694,695,696,709,710,711,728,730,736,737,738,739,740,741,773,774,775,782,783,785,786,803,804,817,818,819,826,827,831,847,848,849,870,890,891,892,893,894,895,913,914,915,916,921,935,936,937,939,940,949,958,959,960,961,978,979,981,982,983,984,985,986,987,988,989,994,995,1001,1003,1007,1023,1024,1026,1027,1028,1029,1031,1032,1033,1034,1039,1045,1047,1051,1076,1077,1078,1079,1080,1084,1085,1092,1093,1094,1095,1098,1099,1102,1123,1124,1125,1129,1130,1131,1137,1138,1139,1140,1146,1147,1169,1170,1174,1181,1182,1183,1184,1190,1191,1192,1193,1212,1225,1226,1227,1228,1229,1238,1259,1271,1272,1282,1316,1317,1322,1329,1334,1335
34,34,303
31,35,80,85,107,164,165,208,209,252,253,254,297,298,339,340,343,349,384,385,386,387,388,416,428,429,430,431,432,433,446,447,459,460,461,471,472,473,474,475,476,477,484,492,504,505,516,517,518,519,520,521,524,527,533,548,550,557,561,562,563,564,565,569,577,579,580,581,582,592,593,595,605,606,607,608,615,616,618,621,622,623,624,625,626,627,630,638,640,649,650,651,652,661,663,666,667,668,672,673,683,685,691,692,693,694,695,696,707,708,709,710,711,717,721,730,736,737,738,739,740,741,758,773,774,775,781,782,783,785,786,802,803,804,812,817,818,819,825,826,827,843,844,847,848,849,850,860,861,862,863,868,869,870,871,872,874,888,890,891,892,893,894,895,906,913,914,915,916,921,922,933,935,936,937,938,940,949,950,952,958,959,960,961,963,965,966,978,979,980,981,982,983,984,985,986,987,988,990,993,994,995,999,1001,1003,1007,1023,1024,1026,1027,1028,1029,1030,1031,1032,1033,1034,1035,1039,1045,1046,1051,1071,1076,1077,1078,1079,1080,1084,1086,1087,1090,1092,1093,1094,1095,1096,1098,1099,1102,1104,1105,1122,1123,1124,1125,1129,1130,1132,1133,1137,1138,1139,1140,1141,1142,1144,1145,1146,1147,1148,1165,1166,1169,1170,1173,1174,1181,1182,1183,1184,1186,1189,1190,1191,1192,1193,1194,1212,1225,1227,1228,1229,1235,1237,1238,1259,1270,1271,1272,1275,1277,1278,1282,1307,1314,1315,1316,1317,1321,1326,1334,1335
42,42,381
31,34,41,43,75,76,85,122,130,163,164,165,208,209,252,253,254,297,299,339,340,343,344,383,384,385,387,388,390,426,427,428,429,430,431,432,433,446,447,460,471,472,473,474,475,476,477,478,479,483,484,489,492,504,505,514,515,516,517,518,519,520,521,522,523,524,525,527,536,548,549,550,557,560,561,563,564,565,569,573,576,577,578,579,580,581,582,592,593,594,605,606,607,608,614,615,618,621,622,623,624,625,626,627,631,634,638,640,649,650,651,652,661,662,663,665,666,667,668,669,671,672,673,685,691,692,693,694,695,696,707,708,709,710,711,728,730,736,737,738,739,740,741,742,758,759,773,774,775,778,780,781,782,784,786,795,802,803,804,809,816,817,818,819,820,822,824,825,826,827,831,843,844,847,848,849,850,852,859,860,861,862,868,869,870,887,888,890,891,892,893,894,895,896,897,904,906,907,913,914,915,916,919,921,922,932,933,935,936,937,938,939,940,941,949,950,951,957,958,959,960,961,963,965,966,974,978,979,980,981,982,983,984,985,986,987,988,989,990,993,994,995,998,999,1000,1001,1002,1003,1006,1007,1010,1023,1024,1026,1027,1028,1029,1030,1031,1032,1033,1034,1035,1039,1040,1041,1043,1045,1046,1047,1048,1051,1057,1059,1071,1076,1077,1078,1079,1080,1084,1086,1090,1092,1093,1094,1095,1096,1098,1099,1101,1102,1103,1104,1105,1119,1121,1122,1123,1124,1125,1129,1130,1132,1134,1137,1138,1139,1140,1141,1142,1144,1145,1146,1147,1148,1149,1150,1164,1165,1166,1168,1169,1170,1173,1174,1175,1177,1181,1182,1183,1184,1186,1188,1189,1190,1191,1192,1193,1194,1212,1215,1217,1221,1225,1226,1227,1228,1229,1232,1233,1235,1236,1237,1238,1259,1261,1262,1269,1270,1271,1272,1274,1277,1278,1282,1285,1306,1307,1314,1315,1316,1317,1321,1322,1326,1327,1328,1329,1334,1335
40,40,339
34,35,41,75,80,85,86,122,163,164,165,166,167,208,209,252,253,256,297,301,339,340,343,344,345,383,384,387,388,401,426,427,428,429,430,431,432,433,434,469,471,472,473,474,475,476,477,479,492,505,514,515,516,517,518,519,520,521,524,537,538,548,550,561,563,564,565,569,570,573,579,580,581,582,592,593,605,606,607,608,614,615,616,621,622,623,624,625,626,627,630,638,650,651,652,660,661,662,663,666,667,668,671,672,673,691,692,693,694,696,706,707,708,709,710,711,728,736,737,739,740,741,757,758,773,774,775,778,780,781,782,785,786,795,802,803,812,816,818,822,823,825,826,830,843,847,848,849,850,860,861,862,868,869,870,874,888,891,892,893,894,895,896,905,906,907,913,914,915,916,921,932,933,935,936,937,938,939,940,941,949,950,957,958,959,960,976,978,979,980,981,982,983,984,985,986,987,988,989,990,993,994,995,998,999,1000,1001,1003,1007,1023,1024,1026,1027,1028,1029,1030,1031,1032,1033,1034,1035,1039,1040,1041,1042,1043,1045,1046,1047,1051,1058,1059,1067,1071,1076,1077,1078,1079,1080,1086,1088,1089,1090,1092,1093,1094,1095,1098,1099,1100,1101,1102,1103,1104,1105,1121,1122,1123,1124,1125,1129,1130,1132,1134,1137,1138,1139,1140,1142,1144,1145,1146,1147,1148,1164,1165,1166,1168,1169,1170,1173,1174,1175,1177,1181,1182,1183,1184,1185,1186,1188,1189,1190,1191,1192,1193,1194,1212,1213,1215,1221,1222,1225,1226,1227,1228,1229,1233,1234,1235,1237,1239,1259,1260,1262,1270,1271,1272,1276,1277,1278,1280,1281,1282,1306,1307,1308,1314,1315,1316,1317,1321,1322,1323,1326,1327,1328,1334,1335
26,26,189
35,75,167,208,209,384,428,429,431,432,469,474,475,476,492,514,517,518,519,520,521,524,548,563,564,569,579,580,581,593,606,607,608,615,616,621,622,623,625,650,651,661,662,663,666,667,668,673,692,696,707,708,709,710,711,728,736,737,741,758,773,774,785,802,803,825,847,848,851,860,861,868,869,892,893,894,895,896,906,913,914,919,933,935,936,938,939,940,958,959,976,978,979,980,981,982,983,984,985,986,987,988,989,990,994,1000,1001,1007,1023,1026,1027,1029,1030,1031,1032,1033,1034,1035,1039,1045,1046,1057,1076,1077,1078,1079,1080,1092,1095,1099,1100,1101,1102,1103,1104,1105,1122,1123,1124,1125,1132,1137,1139,1144,1145,1146,1147,1148,1149,1165,1166,1169,1170,1181,1183,1184,1186,1189,1190,1191,1192,1193,1194,1215,1225,1228,1229,1233,1235,1237,1259,1262,1272,1275,1276,1278,1280,1281,1282,1283,1287,1307,1314,1315,1316,1321,1326,1334,1335
39,39,33
22,66,69,110,111,154,155,198,199,242,243,287,336,360,380,381,424,462,463,464,468,494,531,576,577,621,629,630,687,1228,1229,1273,1318
8,8,234
43,164,165,166,209,210,253,254,256,300,344,387,388,394,430,431,432,474,475,476,477,490,504,519,520,521,534,536,537,548,549,560,561,563,564,569,572,580,581,582,592,593,604,605,606,607,608,614,615,616,618,620,621,624,625,626,648,651,652,660,661,662,663,664,665,666,667,668,696,705,707,708,709,710,737,741,751,752,773,785,786,825,826,830,832,843,847,860,869,870,876,882,888,893,894,921,925,927,931,932,933,936,938,939,940,941,945,948,949,965,970,978,979,980,981,982,983,984,985,987,988,989,990,993,1001,1007,1009,1013,1014,1015,1023,1024,1026,1029,1030,1031,1032,1033,1034,1035,1042,1045,1046,1047,1056,1057,1058,1059,1060,1067,1069,1075,1076,1077,1078,1080,1089,1090,1092,1094,1095,1098,1099,1100,1101,1102,1103,1104,1105,1111,1114,1119,1120,1121,1122,1123,1124,1125,1134,1137,1138,1139,1143,1144,1145,1146,1147,1148,1149,1160,1161,1164,1166,1168,1169,1170,1183,1187,1188,1189,1190,1191,1212,1213,1214,1215,1222,1225,1231,1235,1241,1258,1259,1276,1277,1279,1280,1283,1284,1286,1287,1289,1290,1304,1305,1313,1321,1324,1326,1328,1332,1333,1334,1335
55,55,127
253,344,387,388,431,432,474,475,476,519,520,561,563,564,569,581,582,593,606,607,618,620,660,661,664,665,667,707,711,737,741,780,825,869,870,887,888,893,894,895,932,933,936,937,938,939,940,945,965,970,973,978,979,980,981,982,983,984,985,987,988,989,990,1007,1013,1022,1023,1024,1030,1031,1032,1033,1034,1035,1060,1067,1069,1076,1077,1078,1099,1100,1101,1102,1103,1104,1111,1121,1122,1123,1124,1134,1137,1138,1139,1144,1145,1146,1148,1149,1166,1168,1169,1170,1183,1188,1189,1190,1191,1212,1213,1225,1228,1231,1235,1276,1282,1283,1284,1313,1321,1324,1326,1327,1333,1334,1335
44,44,216
171,253,387,430,432,475,477,481,504,519,520,560,561,563,564,569,570,579,580,581,582,583,604,605,606,607,608,614,615,616,618,620,621,623,625,647,650,651,660,661,662,663,664,665,666,667,693,707,708,709,710,711,737,739,740,741,751,780,785,796,830,842,843,847,848,869,870,871,886,887,888,891,892,893,894,895,896,921,925,930,932,933,936,937,938,939,940,941,945,956,965,966,970,973,978,979,980,981,982,983,984,985,987,988,989,990,993,1000,1001,1007,1012,1013,1014,1015,1022,1023,1024,1026,1029,1030,1031,1032,1033,1034,1035,1042,1045,1057,1058,1059,1060,1067,1068,1069,1076,1077,1078,1079,1080,1089,1091,1093,1094,1099,1100,1101,1102,1104,1105,1109,1111,1113,1119,1120,1121,1122,1123,1124,1125,1134,1137,1138,1139,1143,1144,1145,1146,1147,1148,1149,1159,1165,1166,1168,1169,1170,1183,1187,1188,1189,1190,1191,1212,1213,1222,1225,1228,1231,1235,1236,1241,1259,1266,1276,1280,1281,1282,1283,1285,1286,1289,1290,1308,1313,1315,1321,1324,1325,1326,1327,1330,1331,1332,1333,1334,1335
3,3,144
309,475,519,520,548,563,569,605,606,607,614,615,620,621,623,624,651,660,661,662,663,664,666,668,696,708,709,710,740,741,785,830,847,869,886,887,888,893,894,896,932,933,936,937,938,939,940,941,945,957,962,965,978,979,980,981,982,983,984,985,987,989,990,1001,1012,1023,1024,1026,1030,1031,1032,1033,1034,1035,1045,1046,1057,1058,1059,1060,1067,1068,1069,1076,1077,1078,1079,1080,1093,1094,1099,1100,1101,1102,1103,1104,1105,1119,1120,1121,1122,1123,1124,1125,1134,1137,1138,1139,1144,1145,1146,1147,1148,1149,1159,1166,1169,1170,1183,1186,1187,1188,1189,1190,1191,1213,1225,1231,1232,1259,1276,1277,1283,1285,1289,1313,1315,1326,1330,1331,1332,1333,1334,1335
1,1,85
519,660,662,710,785,842,847,886,887,893,895,931,932,933,936,937,938,939,940,941,965,978,979,980,981,982,983,984,1023,1024,1030,1031,1032,1033,1034,1057,1058,1059,1068,1069,1076,1077,1078,1079,1080,1094,1099,1100,1101,1102,1103,1121,1122,1123,1124,1125,1137,1138,1139,1143,1144,1145,1147,1149,1166,1169,1170,1187,1189,1190,1191,1213,1231,1235,1259,1276,1277,1283,1313,1321,1331,1332,1333,1334,1335
34,34,23
893,938,939,940,978,979,982,983,984,1024,1032,1057,1067,1076,1077,1080,1099,1100,1122,1124,1137,1145,1334
25,25,26
23,38,39,40,42,43,45,83,84,90,108,133,134,135,178,180,225,267,270,360,447,492,494,495,538,540
120,120,66
33,34,36,37,38,39,40,41,42,43,44,45,77,78,80,81,82,83,84,85,86,87,88,89,90,109,125,127,128,129,130,131,132,133,134,135,172,173,176,177,178,179,180,216,218,220,221,222,223,224,225,267,268,269,270,312,315,359,405,448,450,493,495,538,539,540
29,29,81
16,25,26,27,28,29,30,31,32,33,34,35,36,37,40,41,42,43,44,45,61,71,72,73,79,80,81,84,85,88,89,90,113,124,128,133,134,135,157,177,178,179,180,221,222,223,225,250,266,267,268,269,270,289,312,313,315,337,357,358,403,448,449,450,664,729,754,755,772,800,801,802,803,804,805,849,850,855,861,1316,1317
56,56,110
23,24,25,27,28,29,30,31,32,33,34,35,36,37,38,39,40,41,42,43,44,45,74,75,76,77,78,79,80,81,82,83,84,85,86,87,88,89,90,121,123,124,125,126,127,128,129,130,131,132,133,134,135,168,169,170,171,172,173,174,175,176,177,178,179,180,213,215,216,217,218,219,220,221,222,223,224,225,262,263,264,265,266,267,268,269,270,308,309,310,311,312,313,314,315,356,358,359,360,403,404,405,448,449,450,494,495,539,540,584
5,5,141
20,22,23,24,25,26,27,28,29,30,31,32,33,34,35,36,37,38,39,40,41,42,43,44,45,68,69,70,71,72,73,74,75,76,77,78,79,80,81,82,83,84,85,86,87,88,89,90,113,114,115,118,119,120,121,122,123,124,125,126,127,128,129,130,131,132,133,134,135,164,165,167,168,169,170,171,172,173,174,175,176,177,178,179,180,212,215,216,217,218,219,220,221,222,223,224,225,260,261,262,263,264,265,266,267,268,269,270,304,305,306,307,308,309,310,311,312,313,314,315,351,352,353,355,356,358,359,360,398,400,401,402,403,404,405,449,450,494,495,539,540
90,90,184
13,17,18,19,20,21,22,23,24,25,26,27,28,29,30,31,32,33,34,35,36,37,38,39,40,41,42,43,44,45,58,59,61,63,64,65,66,67,68,69,70,71,72,73,74,75,76,77,78,79,80,81,82,83,84,85,86,87,88,89,90,109,110,112,113,114,115,116,117,118,119,120,121,122,123,124,125,126,127,128,129,130,131,132,133,134,135,154,155,157,158,159,160,161,162,163,164,165,166,167,168,169,170,171,172,173,174,175,176,177,178,179,180,204,207,208,209,210,211,214,215,216,217,218,219,220,221,222,223,224,225,250,254,259,260,261,262,263,264,265,266,267,268,269,270,303,306,307,308,309,310,311,312,313,314,315,351,353,354,355,356,357,358,359,360,397,398,399,400,401,402,403,404,405,446,447,448,449,450,491,494,495,539,540
123,123,215
6,8,10,11,12,13,14,15,16,17,18,19,20,21,22,23,24,25,26,27,28,29,30,31,32,33,34,35,36,37,38,39,40,41,42,43,44,45,57,58,59,60,61,62,63,64,65,66,67,68,69,70,71,72,73,74,75,76,77,78,79,80,81,82,83,84,85,86,87,88,105,106,107,108,109,110,111,112,113,114,115,116,117,118,119,120,121,122,123,124,125,126,127,128,129,130,131,132,133,134,135,153,154,155,156,158,159,160,161,162,163,164,165,166,167,168,169,170,171,172,173,174,175,176,177,178,179,180,198,200,202,203,204,205,206,207,208,209,210,211,212,213,214,215,216,217,218,219,220,221,222,223,224,225,250,251,252,253,254,255,259,260,261,262,263,264,265,266,267,268,269,270,302,303,304,305,306,307,308,309,310,311,312,313,314,315,347,348,350,351,352,353,355,356,357,358,359,360,392,394,397,398,400,401,402,403,404,405,437,449,450,494,495,539,540
39,39,238
1,2,3,4,5,6,7,8,9,10,11,12,13,14,15,16,17,18,19,20,21,22,23,24,25,26,27,28,29,30,31,32,33,34,35,36,37,38,39,41,42,47,49,50,51,52,53,54,55,56,57,58,59,60,61,62,63,64,65,66,67,68,69,70,71,72,73,74,75,76,77,78,79,80,81,82,83,84,85,86,87,94,98,99,100,101,102,103,104,105,106,107,108,109,110,111,112,113,114,115,116,117,118,119,120,121,122,123,124,125,126,127,128,129,130,131,142,146,148,150,152,154,155,156,157,158,159,160,161,162,163,164,165,166,167,168,169,170,171,172,173,174,175,176,179,180,197,198,199,200,201,202,203,204,205,206,207,208,209,210,211,212,213,214,215,216,217,218,219,220,221,222,224,225,246,247,248,249,250,251,252,253,254,255,256,257,258,259,260,261,262,263,264,265,267,268,269,270,298,302,303,304,305,306,307,308,309,313,314,315,347,348,349,350,351,352,353,358,359,360,392,393,394,395,397,398,403,404,405,436,437,448,449,450,491,494,495,540
131,131,261
1,2,3,4,5,6,7,8,9,10,11,12,13,14,15,16,17,18,19,20,21,22,23,24,25,26,27,28,29,30,32,33,46,47,48,49,50,51,52,53,54,55,56,57,58,59,60,61,62,63,64,65,66,67,68,69,70,71,72,73,74,75,76,77,78,84,91,92,93,94,95,96,97,98,99,100,101,102,103,104,105,106,107,108,109,110,111,112,113,114,115,116,117,118,119,120,121,125,126,127,128,129,136,137,138,139,140,141,142,143,144,145,146,147,148,149,150,151,152,153,154,155,156,157,158,159,160,161,162,163,164,165,166,172,173,175,176,183,184,185,186,187,188,189,190,191,192,193,194,195,196,197,198,199,200,201,202,203,204,205,206,207,208,209,210,211,212,216,217,218,219,220,229,230,231,232,233,234,235,236,237,239,240,241,242,243,244,245,246,247,248,249,250,251,252,253,254,255,260,261,262,263,264,268,270,275,276,284,285,289,290,291,292,293,294,295,296,297,298,303,305,306,308,309,315,329,337,338,339,340,342,347,348,349,350,352,353,358,360,391,392,393,394,395,396,397,403,404,405,436,437,438,439,440,442,448,449,450,494,495,540
76,76,263
1,2,3,4,5,6,7,8,9,10,11,12,13,14,15,16,17,18,19,20,21,22,23,24,25,26,46,47,48,49,50,51,52,53,54,55,56,57,58,59,60,61,62,63,64,65,66,67,68,69,70,91,92,93,94,95,96,97,98,99,100,101,102,103,104,105,106,107,108,109,110,111,112,113,114,115,116,117,136,137,138,139,140,141,142,143,144,145,146,147,148,149,150,151,152,153,154,155,156,157,158,159,160,161,162,181,182,183,184,185,186,187,188,189,190,191,192,193,194,195,196,197,198,199,200,201,202,203,204,205,206,207,208,226,227,228,229,230,231,232,233,234,235,236,237,238,239,240,241,242,243,244,245,246,247,248,249,250,251,252,253,254,271,272,273,274,275,276,277,278,279,280,281,282,283,284,285,286,287,288,289,290,291,292,293,294,295,296,297,298,303,316,317,318,319,320,321,322,323,324,325,326,327,328,329,330,331,332,333,334,335,336,337,338,339,340,341,348,350,361,362,363,364,365,366,367,369,370,372,373,374,375,376,377,378,379,380,381,382,383,384,392,393,394,395,403,404,407,408,410,411,425,436,437,438,439,448,449,450,454,482,494,495
21,21,266
1,2,3,4,5,6,7,8,9,10,11,12,13,14,22,23,24,25,46,47,48,49,50,51,52,53,54,55,56,57,58,59,61,62,63,67,68,69,70,91,92,93,94,95,96,97,98,99,100,101,102,103,104,105,106,107,108,109,110,111,112,113,114,136,137,138,139,140,141,142,143,144,145,146,147,148,149,150,151,152,153,154,155,156,157,158,159,160,181,182,183,184,185,186,187,188,189,190,191,192,193,194,195,196,197,198,199,200,201,202,203,204,205,226,227,228,229,230,231,232,233,234,235,236,237,238,239,240,241,242,243,244,245,246,247,248,249,250,251,271,272,273,274,275,276,277,278,279,280,281,282,283,284,285,286,287,288,289,290,291,292,293,294,295,296,316,317,318,319,320,321,322,323,324,325,326,327,328,329,330,331,332,333,334,335,336,337,338,339,340,361,362,363,364,365,366,367,368,369,370,371,372,373,374,375,376,377,378,379,380,381,382,383,384,392,406,407,408,409,410,411,412,413,414,415,416,417,418,419,420,421,422,423,425,426,436,437,439,451,452,453,454,455,456,457,459,460,461,462,463,464,466,467,468,469,470,471,496,497,498,499,500,508,541,544,545
135,135,238
1,13,46,47,48,49,50,58,68,69,91,92,93,94,95,99,100,106,107,113,114,136,137,138,139,140,141,142,143,144,145,146,147,155,157,159,181,182,183,184,185,186,187,188,189,190,191,192,200,202,204,226,227,228,229,230,231,232,233,234,235,236,237,238,239,240,241,242,245,246,247,250,251,271,272,273,274,275,276,277,278,279,280,281,282,283,284,285,286,287,289,290,291,292,295,296,316,317,318,319,320,321,322,323,324,325,326,327,328,329,330,331,332,333,334,335,336,337,340,361,362,363,364,365,366,367,368,369,370,371,372,373,374,375,376,377,378,379,380,381,382,383,384,385,406,407,408,409,410,411,412,413,414,415,416,417,418,419,420,421,422,423,424,425,426,427,428,429,437,451,452,453,454,455,456,457,458,459,460,461,462,463,464,465,466,470,471,472,496,497,498,499,500,501,502,507,508,509,510,541,542,543,544,545,546,547,553,556,557,558,559,586,587,588,589,590,591,592,599,603,631,632,633,634,635,636,676,677,678,679,680,681,689,721,722,723,724,725
58,58,233
136,159,200,229,231,246,247,271,272,273,274,275,276,277,278,290,291,292,316,317,318,319,320,321,322,323,324,329,330,335,337,361,362,363,364,365,366,367,368,369,370,371,372,373,374,375,377,382,406,407,408,409,410,411,412,413,414,415,416,417,418,419,422,424,425,426,451,452,453,454,455,456,457,458,459,460,461,462,463,464,465,466,467,468,469,470,471,496,497,498,499,500,501,502,503,504,505,506,507,508,509,510,511,512,513,514,515,541,542,543,544,545,546,547,548,549,550,551,552,553,554,555,556,557,558,559,586,587,588,589,590,591,592,593,594,595,596,597,598,599,600,601,602,603,604,631,632,633,634,635,636,637,638,639,640,641,642,643,644,645,646,647,648,676,677,678,679,680,681,682,683,684,685,686,687,688,689,690,691,692,694,695,721,722,723,724,725,726,728,730,731,732,733,735,736,737,738,739,766,767,768,769,770,771,775,776,777,811,812,813,814,815,816,817,818,819,820,821,826,856,857,858,859,860,861,862,863,864,901,902,908,946,991
7,7,195
291,292,361,362,363,406,407,408,409,410,411,451,452,453,454,455,456,457,496,497,498,499,500,501,502,503,504,505,506,507,541,542,543,544,545,546,547,548,549,550,551,556,586,587,588,589,590,591,592,593,594,595,596,597,598,599,600,601,602,603,604,631,632,633,634,635,636,637,638,639,640,641,642,643,644,645,646,647,676,677,678,679,680,681,682,684,685,686,687,688,689,690,691,692,721,722,723,724,725,726,727,728,729,730,731,732,733,734,735,736,739,766,767,768,769,770,771,772,773,774,775,776,777,779,780,781,782,785,791,792,793,811,812,813,814,815,816,817,818,819,820,821,822,824,825,826,827,828,830,856,857,858,859,860,861,862,863,864,865,866,869,870,901,902,903,904,906,907,908,909,910,911,917,946,947,948,950,951,952,953,954,991,992,993,995,996,998,1005,1036,1038,1050,1081,1082,1087,1223
35,35,158
408,454,496,497,499,541,542,544,545,586,587,588,589,595,596,631,632,633,634,635,636,637,639,640,676,677,678,679,680,681,684,685,687,688,689,690,721,722,723,724,725,726,727,728,729,730,731,732,733,766,767,768,769,770,771,772,773,774,775,776,777,811,812,813,814,815,816,817,818,819,820,821,856,857,858,859,860,861,862,863,864,865,866,867,870,901,902,903,904,905,906,907,908,909,910,911,914,917,946,947,948,949,950,951,952,953,954,955,956,957,958,959,991,992,993,994,995,996,997,998,999,1000,1005,1036,1037,1038,1039,1040,1041,1042,1043,1044,1050,1081,1082,1083,1084,1085,1086,1087,1088,1126,1127,1128,1129,1131,1132,1171,1173,1174,1175,1177,1216,1217,1218,1219,1261,1262
133,133,111
677,678,679,680,721,722,723,725,726,766,767,768,769,811,812,813,814,815,818,820,856,857,858,859,860,861,862,863,864,865,901,902,903,904,905,906,907,908,909,910,946,947,948,949,950,951,952,953,959,962,991,992,993,994,995,996,997,998,999,1000,1001,1003,1004,1005,1006,1036,1037,1038,1039,1040,1041,1042,1043,1044,1050,1081,1082,1083,1084,1085,1086,1087,1088,1089,1126,1127,1128,1129,1130,1131,1132,1133,1171,1172,1173,1174,1175,1176,1177,1216,1217,1218,1219,1222,1261,1262,1263,1264,1265,1306,1309
33,33,74
495,680,725,856,901,902,946,947,948,949,951,991,992,993,994,995,996,997,999,1005,1036,1037,1038,1039,1040,1041,1042,1043,1044,1050,1081,1082,1083,1084,1085,1086,1087,1088,1089,1126,1127,1128,1129,1130,1131,1132,1133,1171,1172,1173,1174,1175,1176,1177,1178,1216,1217,1218,1219,1220,1221,1222,1261,1262,1263,1264,1265,1266,1306,1307,1308,1309,1310,1313
43,43,33
405,449,450,495,946,991,1036,1081,1126,1127,1128,1129,1131,1132,1171,1172,1173,1174,1175,1176,1216,1217,1218,1219,1261,1262,1263,1264,1306,1307,1308,1309,1310
103,103,2
449,495
105,105,10
225,270,314,315,359,360,404,405,449,450
37,37,8
90,135,179,180,221,222,223,266
102,102,43
41,42,43,44,45,85,86,87,88,89,90,130,131,132,133,134,135,175,176,177,178,179,180,219,220,221,222,223,224,263,264,265,266,267,306,307,308,309,350,352,353,395,437
48,48,79
33,34,35,36,37,38,39,40,41,42,43,44,45,78,79,80,81,82,83,84,85,86,87,88,89,90,124,125,126,127,128,129,130,131,132,133,134,135,169,170,171,172,173,174,175,176,177,178,179,180,216,217,218,219,220,221,222,261,262,263,264,265,266,305,306,307,308,310,311,349,350,351,352,353,355,393,396,397,437
33,33,111
30,31,32,33,34,35,36,37,38,39,40,41,42,43,44,45,75,76,77,78,79,80,81,82,83,84,85,86,87,88,89,90,119,120,121,122,123,124,125,126,127,128,129,130,131,132,133,134,135,164,165,166,167,168,169,170,171,172,173,174,175,176,177,178,209,210,211,212,213,216,217,218,219,220,222,250,251,254,255,256,260,261,262,263,264,265,266,295,296,297,298,304,305,306,307,308,340,341,342,348,349,350,351,385,386,392,393,394,436,437,438
23,23,152
23,24,25,26,27,28,29,30,31,32,33,34,35,36,37,38,39,40,41,42,43,44,68,69,70,71,72,73,74,75,76,77,78,79,80,81,82,83,84,85,86,87,88,89,113,114,115,116,117,118,119,120,121,122,123,124,125,126,127,128,129,130,157,158,159,160,161,162,163,164,165,166,167,168,169,170,171,172,202,203,204,205,206,207,208,209,210,211,212,213,214,215,216,246,247,248,249,250,251,252,253,254,255,256,259,260,291,292,293,294,295,296,297,298,303,306,335,336,337,338,339,340,341,342,346,347,380,381,382,383,384,385,386,390,391,425,426,427,428,429,430,434,435,436,437,469,470,471,472,474,479,524
30,30,179
20,21,22,23,24,25,26,27,28,29,30,31,32,33,34,35,36,37,38,39,40,45,65,66,67,68,69,70,71,72,73,74,75,76,77,78,79,80,81,82,85,109,110,111,112,113,114,115,116,117,118,119,120,121,122,123,124,125,126,154,155,156,157,158,159,160,161,162,163,164,165,166,167,168,169,198,199,200,201,202,203,204,205,206,207,208,209,210,211,243,244,245,246,247,248,249,250,251,252,253,254,255,287,288,289,290,291,292,293,294,295,296,297,298,299,332,333,334,335,336,337,338,339,340,341,342,343,375,376,377,378,379,380,381,382,383,384,385,386,387,421,422,423,424,425,426,427,428,429,431,467,468,469,470,471,472,473,479,511,512,513,514,515,516,517,518,556,557,558,559,560,561,562,600,601,602,603,604,605
17,17,214
16,17,18,19,20,21,22,23,24,25,26,27,28,29,30,31,32,33,34,35,36,59,60,61,62,63,64,65,66,67,68,69,70,71,72,73,74,75,76,77,78,79,104,105,106,107,108,109,110,111,112,113,114,115,116,117,118,119,120,121,122,149,150,151,152,153,154,155,156,157,158,159,160,161,162,163,164,165,166,194,195,196,197,198,199,200,201,202,203,204,205,206,207,208,209,210,239,240,241,242,243,244,245,246,247,248,249,250,251,252,253,254,284,285,286,287,288,289,290,291,292,293,294,295,296,297,298,329,330,331,332,333,334,335,336,337,338,339,340,341,373,374,375,376,377,378,379,380,381,382,383,384,385,386,418,419,420,421,422,423,424,425,426,427,428,429,463,464,465,466,467,468,469,470,471,472,473,508,509,510,511,512,513,514,515,516,551,552,553,554,555,556,557,558,559,560,561,597,598,599,600,601,602,603,604,605,643,644,645,646,647,688,689,694
135,135,236
12,13,14,15,16,17,18,19,20,21,22,23,24,25,26,27,28,29,30,31,32,56,57,58,59,60,61,62,63,64,65,66,67,68,69,70,71,72,73,74,75,100,101,102,103,104,105,106,107,108,109,110,111,112,113,114,115,116,117,118,119,145,146,147,148,149,150,151,152,153,154,155,156,157,158,159,160,161,162,190,191,192,193,194,195,196,197,198,199,200,201,202,203,204,205,206,235,236,237,238,239,240,241,242,243,244,245,246,247,248,249,250,252,281,282,283,284,285,286,287,288,289,290,291,292,293,294,295,326,327,328,329,330,331,332,333,334,335,336,337,338,339,370,371,372,373,374,375,376,377,378,379,380,381,382,383,415,416,417,418,419,420,421,422,423,424,425,426,427,459,460,461,462,463,464,465,466,467,468,469,470,471,504,505,506,507,508,509,510,511,512,513,514,549,550,551,552,553,554,555,556,557,558,559,594,595,596,597,598,599,600,601,602,603,604,639,640,641,642,643,644,645,647,684,685,686,687,688,689,690,731,732,733,734,820,909
5,5,254
8,9,10,11,12,13,14,15,16,17,18,19,20,21,22,23,24,25,26,53,54,55,56,57,58,59,60,61,62,63,64,65,66,67,68,69,71,72,97,98,99,100,101,102,103,104,105,106,107,108,109,110,111,112,113,114,115,142,143,144,145,146,147,148,149,150,151,152,153,154,155,156,157,158,159,186,187,188,189,190,191,192,193,194,195,196,197,198,199,200,201,202,203,231,232,233,234,235,236,237,238,239,240,241,242,243,244,245,246,247,276,277,278,279,280,281,282,283,284,285,286,287,288,289,290,291,321,322,323,324,325,326,327,328,329,330,331,332,333,334,335,366,367,368,369,370,371,372,373,374,375,376,377,378,410,411,412,413,414,415,416,417,418,419,420,421,422,423,424,454,455,456,457,458,459,460,461,462,463,464,465,466,467,499,500,501,502,503,504,505,506,507,508,509,510,511,544,545,546,547,548,549,550,551,552,553,554,555,556,591,593,594,595,596,597,598,599,600,638,639,640,641,642,643,680,683,684,685,686,687,725,726,728,729,730,731,772,773,774,775,817,818,819,820,862,863,864,906,907,908,909,951,952,1087
