504,2203
93,93,59
3,4,5,18,48,49,50,56,97,98,99,100,101,102,103,104,142,143,144,145,146,147,148,149,187,188,189,190,191,192,193,194,199,232,233,234,235,236,237,238,239,278,279,280,281,282,283,324,325,326,327,328,370,371,372,373,416,417,462
25,25,91
2,9,46,98,100,144,461,542,543,586,588,597,631,633,676,677,681,721,722,725,726,766,767,770,771,811,816,856,863,864,902,905,906,950,951,992,995,996,1000,1035,1036,1038,1040,1044,1045,1081,1083,1085,1087,1088,1089,1090,1091,1126,1128,1129,1130,1131,1132,1136,1173,1174,1175,1176,1177,1180,1181,1217,1218,1219,1220,1221,1222,1225,1226,1227,1264,1265,1266,1270,1271,1272,1307,1310,1311,1313,1314,1315,1316,1317,1345
93,93,82
9,55,181,551,586,631,638,641,676,677,681,682,686,721,722,726,727,766,767,770,772,811,816,856,857,863,864,901,906,907,909,950,992,994,995,996,1000,1038,1040,1042,1043,1044,1045,1081,1083,1089,1090,1091,1126,1127,1129,1130,1132,1135,1136,1173,1174,1177,1180,1181,1217,1218,1219,1220,1227,1262,1263,1264,1265,1266,1268,1269,1270,1272,1308,1309,1311,1314,1315,1316,1317,1318
22,22,91
53,277,318,418,551,552,586,595,596,631,636,640,641,676,677,680,681,682,686,721,722,726,727,766,767,770,771,772,811,816,817,823,856,857,861,862,863,864,901,902,946,954,992,995,999,1000,1037,1038,1040,1044,1045,1046,1081,1082,1083,1085,1087,1089,1090,1091,1126,1129,1130,1132,1134,1136,1174,1175,1176,1177,1181,1217,1218,1219,1220,1221,1224,1226,1227,1262,1264,1265,1269,1271,1272,1306,1311,1314,1315,1317,1345
86,86,113
9,328,329,374,418,463,541,550,551,586,592,595,596,631,635,636,637,640,641,676,681,684,685,686,721,722,725,726,727,734,766,767,770,771,772,811,815,816,817,823,856,857,861,862,863,864,868,901,902,906,913,946,947,950,991,992,995,996,999,1000,1037,1038,1044,1045,1046,1081,1082,1084,1085,1089,1090,1091,1126,1127,1128,1130,1132,1136,1172,1173,1174,1175,1177,1178,1181,1217,1218,1219,1221,1223,1224,1226,1227,1262,1263,1264,1265,1266,1269,1270,1271,1272,1273,1306,1307,1308,1309,1310,1311,1315,1316,1317,1345
86,86,131
8,9,52,53,54,98,105,239,283,284,318,328,329,373,374,417,418,463,507,546,549,550,551,552,586,592,595,596,631,636,641,642,676,681,683,686,721,722,725,734,766,767,770,771,772,811,815,816,817,856,857,861,862,863,864,901,902,906,907,908,913,946,947,950,951,952,955,992,995,999,1000,1036,1037,1038,1042,1044,1045,1046,1081,1082,1085,1088,1089,1090,1091,1126,1127,1128,1130,1132,1133,1135,1136,1137,1171,1172,1173,1174,1175,1177,1179,1180,1181,1217,1218,1219,1221,1222,1223,1226,1227,1263,1264,1265,1266,1268,1269,1270,1271,1272,1275,1306,1307,1308,1309,1310,1311,1314,1316,1317,1345
116,116,162
51,105,239,283,284,327,328,329,372,373,374,375,417,418,460,462,463,507,508,552,586,685,721,722,734,766,811,823,856,861,868,901,902,906,908,910,913,916,944,945,946,947,952,982,988,989,990,991,992,993,996,999,1000,1033,1034,1035,1036,1037,1038,1044,1045,1075,1078,1079,1080,1081,1082,1083,1085,1089,1090,1120,1121,1123,1124,1125,1126,1127,1128,1130,1136,1163,1164,1165,1166,1167,1168,1169,1170,1171,1172,1173,1175,1177,1180,1181,1206,1207,1208,1209,1210,1211,1212,1213,1214,1215,1217,1218,1219,1220,1222,1226,1227,1251,1252,1253,1254,1255,1256,1257,1258,1259,1260,1262,1263,1264,1266,1267,1270,1271,1272,1293,1295,1296,1297,1298,1299,1300,1301,1302,1303,1304,1305,1307,1308,1309,1310,1311,1314,1316,1318,1339,1340,1342,1343,1344,1345,1346,1347,1348,1349,1350
89,89,220
284,327,328,329,372,373,374,417,418,463,507,675,718,808,809,810,811,851,853,854,855,856,857,890,892,894,895,896,897,898,899,900,901,902,935,936,938,939,940,941,942,943,944,945,946,947,978,981,982,984,985,986,987,988,989,990,991,992,993,1024,1025,1026,1027,1028,1029,1030,1031,1032,1033,1034,1035,1036,1037,1038,1067,1068,1069,1070,1071,1072,1073,1074,1075,1076,1077,1078,1079,1080,1081,1082,1083,1112,1113,1114,1115,1116,1117,1118,1119,1120,1121,1122,1123,1124,1125,1126,1127,1128,1151,1152,1156,1157,1158,1159,1160,1161,1162,1163,1164,1165,1166,1167,1168,1169,1170,1172,1173,1197,1200,1201,1202,1203,1204,1205,1206,1207,1208,1209,1210,1211,1212,1213,1214,1215,1217,1218,1219,1220,1221,1241,1243,1244,1245,1246,1247,1248,1249,1250,1251,1252,1253,1254,1255,1256,1257,1258,1259,1260,1263,1264,1265,1266,1267,1283,1285,1286,1287,1288,1289,1290,1291,1292,1293,1294,1295,1296,1297,1298,1299,1300,1301,1302,1303,1304,1305,1309,1310,1311,1312,1330,1331,1332,1333,1334,1335,1336,1337,1338,1339,1340,1341,1342,1343,1344,1345,1346,1347,1348,1349,1350
115,115,305
418,508,675,718,719,720,763,764,765,796,804,805,806,807,808,809,810,811,848,850,851,852,853,854,855,856,857,890,893,894,895,896,897,898,899,900,901,902,930,931,934,935,936,937,938,939,940,941,942,943,944,945,970,971,972,973,974,975,976,977,978,979,980,981,982,983,984,985,986,987,988,989,990,992,993,995,1012,1013,1015,1016,1018,1019,1020,1022,1023,1024,1025,1026,1027,1028,1029,1030,1031,1032,1033,1034,1035,1036,1037,1038,1051,1058,1060,1061,1063,1064,1065,1066,1067,1068,1069,1070,1071,1072,1073,1074,1075,1076,1077,1078,1079,1080,1081,1082,1083,1099,1102,1103,1104,1105,1106,1107,1108,1109,1110,1111,1112,1113,1114,1115,1116,1117,1118,1119,1120,1121,1122,1123,1124,1125,1127,1147,1148,1149,1150,1151,1152,1153,1154,1155,1156,1157,1158,1159,1160,1161,1162,1163,1164,1165,1166,1167,1168,1169,1170,1172,1173,1177,1189,1190,1191,1192,1193,1194,1195,1196,1197,1198,1199,1200,1201,1202,1203,1204,1205,1206,1207,1208,1209,1210,1211,1212,1213,1214,1215,1217,1218,1219,1220,1222,1235,1236,1237,1238,1239,1240,1241,1242,1243,1244,1245,1246,1247,1248,1249,1250,1251,1252,1253,1254,1255,1256,1257,1258,1259,1260,1263,1264,1266,1267,1268,1274,1275,1276,1279,1280,1281,1282,1283,1284,1285,1286,1287,1288,1289,1290,1291,1292,1293,1294,1295,1296,1297,1298,1299,1300,1301,1302,1303,1304,1305,1309,1310,1311,1312,1321,1322,1323,1324,1325,1326,1327,1328,1329,1330,1331,1332,1333,1334,1335,1336,1337,1338,1339,1340,1341,1342,1343,1344,1345,1346,1347,1348,1349,1350
116,116,343
4,19,49,106,150,151,152,195,196,240,241,285,330,375,419,420,464,465,505,508,509,510,550,551,552,553,554,555,595,596,597,598,599,600,630,641,642,643,644,645,673,674,675,686,687,688,689,690,717,718,719,720,731,732,733,735,757,759,760,761,762,763,764,765,776,777,778,779,801,802,804,805,806,807,808,809,810,821,822,823,824,846,847,848,849,850,851,852,853,854,855,869,880,881,890,891,892,893,894,895,896,897,898,899,900,907,926,930,934,935,936,937,938,939,940,941,942,943,944,945,972,975,976,977,978,979,980,981,982,983,984,985,986,987,988,989,990,998,1012,1018,1019,1020,1022,1023,1024,1025,1026,1027,1028,1029,1030,1031,1032,1033,1034,1035,1043,1058,1059,1060,1061,1064,1065,1066,1067,1068,1069,1070,1071,1072,1073,1074,1075,1076,1077,1078,1079,1080,1089,1102,1103,1104,1105,1106,1108,1109,1110,1111,1112,1113,1114,1115,1116,1117,1118,1119,1120,1121,1122,1123,1124,1125,1148,1149,1150,1152,1153,1154,1155,1156,1157,1158,1159,1160,1161,1162,1163,1164,1165,1166,1167,1168,1169,1170,1188,1189,1190,1191,1192,1193,1194,1195,1196,1197,1198,1199,1200,1201,1202,1203,1204,1205,1206,1207,1208,1209,1210,1211,1212,1213,1214,1215,1230,1231,1232,1233,1234,1235,1236,1237,1238,1239,1240,1241,1242,1243,1244,1245,1246,1247,1248,1249,1250,1251,1252,1253,1254,1255,1256,1257,1258,1259,1260,1267,1278,1279,1280,1281,1282,1283,1284,1285,1286,1287,1288,1289,1290,1291,1292,1293,1294,1295,1296,1297,1298,1299,1300,1301,1302,1303,1304,1305,1306,1311,1322,1323,1324,1325,1326,1327,1328,1329,1330,1331,1332,1333,1334,1335,1336,1337,1338,1339,1340,1341,1342,1343,1344,1345,1346,1347,1348,1349,1350
7,7,399
495,537,538,540,581,582,583,584,585,625,626,627,628,629,630,668,669,670,671,672,673,674,675,709,710,711,712,713,714,715,716,717,718,719,720,752,754,755,756,757,758,759,760,761,762,763,764,765,796,797,798,799,800,801,802,803,804,805,806,807,808,809,810,840,841,842,843,844,845,846,847,848,849,850,851,852,853,854,855,884,885,886,887,888,889,890,891,892,893,894,895,896,897,898,899,900,923,924,925,926,927,928,929,930,931,932,933,934,935,936,937,938,939,940,941,942,943,944,945,964,966,968,969,970,971,972,973,974,975,976,977,978,979,980,981,982,983,984,985,986,987,988,989,990,1010,1011,1012,1013,1014,1015,1016,1017,1018,1019,1020,1021,1022,1023,1024,1025,1026,1027,1028,1029,1030,1031,1032,1033,1034,1035,1054,1055,1056,1057,1058,1059,1060,1061,1062,1063,1064,1065,1066,1067,1068,1069,1070,1071,1072,1073,1074,1075,1076,1077,1078,1079,1080,1096,1097,1098,1099,1100,1101,1102,1103,1104,1105,1106,1107,1108,1109,1110,1111,1112,1113,1114,1115,1116,1117,1118,1119,1120,1121,1122,1123,1124,1125,1142,1143,1144,1145,1146,1147,1148,1149,1150,1151,1152,1153,1154,1155,1156,1157,1158,1159,1160,1161,1162,1163,1164,1165,1166,1167,1168,1169,1170,1186,1187,1188,1189,1190,1191,1192,1193,1194,1195,1196,1197,1198,1199,1200,1201,1202,1203,1204,1205,1206,1207,1208,1209,1210,1211,1212,1213,1214,1215,1227,1228,1229,1230,1231,1232,1233,1234,1235,1236,1237,1238,1239,1240,1241,1242,1243,1244,1245,1246,1247,1248,1249,1250,1251,1252,1253,1254,1255,1256,1257,1258,1259,1260,1266,1267,1271,1272,1273,1274,1275,1276,1277,1278,1279,1280,1281,1282,1283,1284,1285,1286,1287,1288,1289,1290,1291,1292,1293,1294,1295,1296,1297,1298,1299,1300,1301,1302,1303,1304,1305,1309,1310,1311,1312,1313,1314,1315,1316,1317,1318,1319,1320,1321,1322,1323,1324,1325,1326,1327,1328,1329,1330,1331,1332,1333,1334,1335,1336,1337,1338,1339,1340,1341,1342,1343,1344,1345,1346,1347,1348,1349,1350
62,62,459
315,359,360,403,404,405,447,448,449,450,491,492,493,494,495,534,535,536,537,538,539,540,578,579,580,581,582,583,584,585,623,624,625,626,627,628,629,630,664,666,667,668,669,670,671,672,673,674,675,706,707,709,710,711,712,713,714,715,716,717,718,719,720,751,752,753,754,755,756,757,758,759,760,761,762,763,764,765,791,792,794,795,796,797,798,799,800,801,802,803,804,805,806,807,808,809,810,834,835,836,837,839,840,841,842,843,844,845,846,847,848,849,850,851,852,853,854,855,878,879,880,881,882,883,884,885,886,887,888,889,890,891,892,893,894,895,896,897,898,899,900,923,924,925,926,927,928,929,930,931,932,933,934,935,936,937,938,939,940,941,942,943,944,945,965,967,968,969,970,971,972,973,974,975,976,977,978,979,980,981,982,983,984,985,986,987,988,989,990,1004,1007,1009,1010,1011,1012,1013,1014,1015,1016,1017,1018,1019,1020,1021,1022,1023,1024,1025,1026,1027,1028,1029,1030,1031,1032,1033,1034,1035,1049,1050,1051,1054,1055,1056,1057,1058,1059,1060,1061,1062,1063,1064,1065,1066,1067,1068,1069,1070,1071,1072,1073,1074,1075,1076,1077,1078,1079,1080,1094,1095,1096,1097,1098,1099,1100,1101,1102,1103,1104,1105,1106,1107,1108,1109,1110,1111,1112,1113,1114,1115,1116,1117,1118,1119,1120,1121,1122,1123,1124,1125,1133,1134,1141,1142,1143,1144,1145,1146,1147,1148,1149,1150,1151,1152,1153,1154,1155,1156,1157,1158,1159,1160,1161,1162,1163,1164,1165,1166,1167,1168,1169,1176,1177,1178,1179,1182,1185,1186,1187,1188,1189,1190,1191,1192,1193,1194,1195,1196,1197,1198,1199,1200,1201,1202,1203,1204,1205,1206,1207,1208,1209,1210,1211,1212,1213,1219,1221,1222,1223,1224,1225,1226,1227,1228,1229,1230,1231,1232,1233,1234,1235,1236,1237,1238,1239,1240,1241,1242,1243,1244,1245,1246,1247,1248,1249,1250,1251,1252,1253,1254,1255,1256,1257,1263,1264,1265,1266,1267,1268,1269,1271,1272,1273,1274,1275,1276,1277,1278,1279,1280,1281,1282,1283,1284,1285,1286,1287,1288,1289,1290,1291,1292,1293,1294,1295,1296,1297,1298,1299,1300,1301,1306,1308,1309,1310,1311,1312,1313,1314,1315,1316,1317,1318,1319,1320,1321,1322,1323,1324,1325,1326,1327,1328,1329,1330,1331,1332,1333,1334,1335,1336,1337,1338,1339,1340,1341,1342,1343,1344
129,129,503
90,133,134,175,176,177,178,179,180,218,219,220,221,222,223,224,225,263,264,265,266,267,268,269,270,307,308,309,310,311,312,313,314,315,351,352,353,354,355,356,357,358,359,360,395,396,397,398,399,400,401,402,403,404,405,433,434,435,440,441,442,443,444,445,446,447,448,449,450,474,475,476,477,478,479,481,482,483,484,485,486,487,488,489,490,491,492,493,494,495,516,517,518,520,521,522,523,524,525,526,527,528,529,530,531,532,533,534,535,536,537,538,558,559,560,561,563,565,566,568,569,570,571,572,573,574,575,576,577,578,579,580,581,582,605,606,608,609,611,612,613,614,615,616,617,618,619,620,621,622,623,624,625,626,647,649,650,651,652,653,654,655,656,657,658,659,660,661,662,663,664,665,666,667,668,669,670,691,692,693,694,695,696,697,698,699,700,701,702,703,704,705,706,707,708,709,710,711,712,713,714,736,737,738,739,740,741,742,743,744,745,746,747,748,749,750,751,752,753,754,755,756,757,758,775,780,781,782,783,784,785,786,787,788,789,790,791,792,793,794,795,796,797,798,799,800,801,815,818,820,821,823,825,826,827,828,829,830,831,832,833,834,835,836,837,838,840,841,842,843,844,856,857,860,862,863,864,865,867,868,869,870,871,872,873,874,875,876,877,878,879,880,881,885,886,887,888,901,902,903,904,905,908,909,910,911,912,913,914,915,916,917,918,919,920,921,922,923,924,925,926,930,931,932,946,947,948,949,950,951,952,953,954,955,956,957,958,959,960,961,962,963,964,965,966,967,968,969,970,971,975,976,991,992,993,994,995,996,997,998,999,1000,1001,1002,1003,1004,1005,1006,1007,1008,1009,1010,1011,1012,1013,1036,1037,1038,1039,1040,1041,1042,1043,1044,1045,1046,1047,1048,1049,1050,1051,1052,1053,1054,1055,1056,1057,1081,1082,1083,1084,1085,1086,1087,1088,1089,1090,1091,1092,1093,1094,1095,1096,1097,1098,1099,1100,1101,1102,1126,1127,1128,1129,1130,1131,1132,1133,1134,1135,1136,1137,1138,1139,1140,1141,1142,1143,1144,1145,1146,1171,1172,1173,1174,1175,1176,1177,1178,1179,1180,1181,1182,1183,1184,1186,1189,1190,1216,1217,1218,1219,1220,1221,1222,1223,1224,1225,1226,1227,1228,1229,1230,1231,1261,1262,1263,1264,1265,1266,1267,1268,1269,1270,1271,1272,1273,1274,1275,1306,1307,1308,1309,1310,1311,1312,1313,1314,1315,1316,1317,1318,1319,1320
21,21,418
17,20,21,22,23,24,25,26,27,28,29,30,31,32,33,34,35,36,37,38,39,40,41,42,43,64,65,66,67,68,69,70,71,72,73,74,75,76,77,78,79,80,81,82,83,85,86,107,110,111,112,113,114,115,116,117,118,119,120,121,122,123,124,125,126,127,128,129,130,131,146,152,153,156,157,158,159,160,161,162,163,164,165,166,167,168,169,171,172,173,174,175,196,197,198,199,200,201,202,203,204,205,206,207,208,209,210,211,212,213,214,216,217,218,219,229,230,235,242,243,244,245,246,247,248,249,250,251,252,253,254,255,256,257,258,259,274,275,280,282,286,287,288,289,290,291,292,293,294,295,296,297,298,299,300,301,318,319,320,323,324,325,327,331,332,333,334,335,336,337,338,339,340,341,342,343,344,345,361,362,363,364,365,368,369,376,377,378,379,380,381,382,383,384,385,386,387,388,389,406,407,408,409,410,411,412,413,414,416,421,422,423,424,425,426,427,428,429,430,431,432,433,451,452,453,454,455,456,457,458,459,460,466,467,468,469,470,471,472,473,474,475,476,479,496,497,498,499,500,501,502,503,504,505,506,511,512,513,514,515,516,517,518,519,541,542,543,544,545,546,547,548,549,550,557,558,559,560,561,562,586,587,588,589,590,591,592,593,594,595,602,603,604,605,606,631,632,633,634,635,636,637,638,639,640,647,648,649,650,676,677,678,679,680,681,682,683,684,685,686,692,693,694,721,722,723,724,725,726,727,728,729,730,731,732,737,766,767,768,769,770,771,772,773,774,775,776,777,780,782,811,812,813,814,815,816,817,818,819,820,821,822,827,856,857,858,859,860,861,862,863,864,865,866,867,868,901,902,903,904,905,906,907,908,909,910,911,912,913,946,947,948,949,950,951,952,953,954,955,956,957,991,993,994,995,996,997,998,999,1000,1036,1037,1040,1041,1044,1046,1081,1086
10,10,267
1,2,3,4,5,6,7,8,9,10,11,12,13,14,15,16,17,18,19,20,21,22,23,24,25,26,27,28,46,47,48,49,50,51,52,53,54,55,56,57,58,59,60,61,62,63,66,67,68,69,70,71,72,91,92,93,94,95,96,97,98,99,100,101,102,103,104,105,106,107,108,109,110,111,112,113,114,115,136,137,138,139,140,141,142,143,144,145,146,147,148,149,150,151,152,153,154,155,159,160,181,182,183,184,185,186,187,188,189,190,191,192,193,195,196,197,198,199,226,227,228,229,230,231,232,233,234,235,236,237,238,239,240,241,242,243,244,245,271,272,273,274,275,276,277,278,279,280,281,282,285,286,287,288,316,317,318,319,320,321,322,323,324,325,326,327,328,329,330,331,332,333,361,362,363,364,365,366,367,368,369,370,371,372,373,374,406,407,408,409,410,411,412,413,414,415,416,417,451,452,453,454,455,456,457,458,459,460,461,462,496,497,498,499,500,501,502,503,504,505,506,541,542,543,544,545,546,547,548,549,550,586,587,588,589,590,591,592,593,594,595,631,632,633,634,635,636,637,638,639,640,641,676,677,678,679,680,683,685,686,721,722,723,724,731,766,767
101,101,166
1,2,3,4,5,6,7,8,9,10,11,12,13,14,15,16,17,18,19,20,21,46,47,48,49,50,51,52,53,54,55,56,57,58,59,60,61,62,63,64,65,91,92,93,94,95,96,97,98,99,100,101,102,103,104,105,106,107,108,110,136,137,138,139,140,141,142,143,144,145,146,147,148,149,150,151,152,153,181,182,183,184,185,186,187,188,189,190,191,192,193,194,195,196,197,226,227,228,229,230,231,232,233,234,235,236,237,239,271,272,273,274,275,276,277,278,279,280,281,282,316,317,318,319,320,321,322,323,324,325,326,327,361,362,363,364,365,366,367,368,369,370,406,407,408,409,410,411,412,413,451,452,453,454,455,456,496,497,498,499,500,501,541,542,586,587
103,103,128
1,2,3,4,5,6,7,8,9,10,11,12,13,15,46,47,48,49,50,51,52,53,54,55,56,57,59,91,92,93,94,95,96,97,98,99,100,101,104,105,136,137,138,139,140,141,142,143,144,145,181,182,183,184,185,186,187,189,226,227,228,229,230,231,232,233,234,235,271,272,273,274,275,276,277,278,316,317,318,319,320,321,322,361,364,365,406,410,412,451,452,496,497,498,501,503,505,541,546,586,587,631,638,731,776,821,864,865,866,867,905,907,908,910,912,952,953,954,955,997,1001,1045,1046,1090,1126,1171,1172,1315
113,113,87
1,2,4,5,6,7,8,9,10,46,47,49,50,52,61,91,92,93,95,96,97,105,136,138,139,182,183,184,185,227,228,272,501,541,586,631,638,683,731,776,816,821,863,864,865,867,902,905,906,907,909,910,912,950,952,953,954,955,957,995,996,997,998,1000,1001,1036,1045,1046,1081,1082,1090,1091,1126,1135,1171,1180,1216,1221,1222,1225,1269,1270,1271,1308,1315,1316,1317
38,38,26
32,33,36,37,78,80,82,83,84,126,128,129,133,172,176,262,304,306,873,881,1186,1188,1236,1279,1281,1282
39,39,27
107,191,637,682,730,731,771,772,776,817,863,864,905,909,912,995,996,1126,1133,1171,1177,1178,1179,1222,1223,1226,1268
33,33,6
776,867,1171,1177,1222,1223
86,86,32
32,34,35,36,37,38,39,81,82,83,84,125,126,127,128,171,177,214,215,257,260,261,262,302,304,306,349,350,968,1148,1190,1234
74,74,114
30,31,32,34,35,36,37,38,39,43,45,75,76,77,78,79,80,81,82,83,84,85,121,122,123,124,125,126,127,128,129,130,131,132,133,137,166,167,168,169,170,171,172,173,174,175,176,177,178,179,212,213,214,215,216,217,219,220,224,225,257,258,259,260,261,262,296,297,298,301,302,303,305,306,348,349,350,351,387,393,394,395,430,431,437,438,440,441,477,485,656,700,701,702,745,746,784,789,829,836,873,881,882,925,926,969,1015,1144,1145,1146,1148,1191,1234,1235
39,39,112
30,31,32,33,34,35,36,37,38,39,40,42,43,75,77,78,79,80,81,82,83,84,85,87,88,89,117,120,121,122,123,124,125,126,127,128,129,130,133,134,167,168,169,170,171,172,173,174,175,176,177,178,208,209,211,212,213,214,215,216,217,220,221,224,252,255,256,257,258,259,260,261,262,285,296,300,301,302,303,304,305,306,341,342,344,346,347,348,349,350,387,391,395,396,439,474,475,538,656,702,746,829,873,880,925,926,1015,1062,1107,1144,1148,1279
72,72,103
31,32,33,35,36,37,38,39,40,42,44,45,75,77,79,80,81,82,83,84,85,87,88,89,119,122,123,124,125,126,127,128,129,130,132,133,134,135,167,168,169,170,171,172,173,174,175,176,177,208,212,213,214,215,216,219,220,221,224,251,252,253,256,257,258,259,260,261,262,265,301,302,303,304,305,306,344,348,349,350,351,387,391,393,394,395,439,440,537,609,745,778,784,790,835,836,880,925,1107,1148,1189,1191,1279
116,116,49
34,35,36,37,38,39,43,78,80,81,82,83,84,89,123,124,126,127,128,129,132,167,168,169,171,172,173,176,177,213,214,215,217,222,223,224,257,258,259,261,262,300,301,302,305,349,540,1223,1279
120,120,130
30,32,33,34,35,36,37,38,39,40,42,43,44,45,75,76,77,78,79,80,81,82,83,84,87,88,89,90,118,122,123,124,125,126,127,128,129,131,132,133,134,163,164,165,166,167,168,169,170,171,172,173,174,175,176,177,178,180,206,208,212,213,214,215,216,217,218,220,221,222,223,224,225,251,252,255,257,258,259,260,261,262,296,300,301,302,303,304,305,306,307,343,346,347,348,349,350,351,391,430,431,438,439,440,475,521,537,539,540,566,611,699,701,744,745,829,830,835,836,873,880,924,925,1145,1147,1148,1189,1234,1235,1279
143,143,145
29,30,32,33,34,35,36,37,38,39,40,41,42,44,45,68,75,76,77,78,79,80,81,82,83,84,85,86,87,88,89,90,117,119,120,124,125,126,127,128,129,130,131,132,133,134,135,163,164,165,168,169,170,171,172,173,174,175,176,177,178,179,180,208,209,210,211,212,213,214,215,216,217,218,219,220,222,253,257,258,260,261,262,298,301,302,303,304,305,306,307,338,344,346,347,348,349,350,351,383,386,392,393,428,430,438,439,475,520,537,538,539,540,610,653,701,726,744,745,790,828,835,875,880,924,925,1015,1016,1055,1059,1061,1099,1104,1105,1146,1147,1148,1152,1234,1235,1280,1285,1287,1332,1333
10,10,121
30,32,33,34,35,36,37,38,39,40,41,44,45,74,75,76,77,79,80,81,82,83,84,85,87,88,89,90,120,121,123,124,125,126,127,128,129,132,134,135,163,165,168,169,171,172,173,174,176,178,179,180,208,209,210,211,212,213,216,217,218,219,222,223,252,257,258,259,260,261,262,270,301,302,303,306,307,309,346,347,386,393,394,430,439,440,473,474,475,495,537,538,539,540,609,611,653,701,744,745,746,790,829,835,918,923,925,962,969,1008,1015,1016,1054,1060,1061,1100,1146,1189,1234,1235,1280
66,66,59
35,36,37,38,39,81,82,83,84,86,87,89,120,124,125,126,127,128,129,134,163,169,171,172,173,177,179,180,211,212,213,215,216,217,218,219,224,242,258,259,260,261,262,301,303,307,346,347,349,352,474,495,537,538,539,540,1016,1054,1234
65,65,75
33,35,36,37,38,39,40,45,81,82,83,84,86,87,89,120,126,127,128,129,134,135,163,164,168,172,173,174,176,178,179,180,208,209,212,213,214,215,216,217,218,221,222,224,225,258,261,262,265,266,302,303,304,306,307,310,341,347,351,352,439,494,495,537,538,539,540,701,745,784,829,1054,1055,1189,1330
37,37,85
36,37,38,39,40,44,74,80,81,82,83,84,87,88,89,90,123,124,125,126,127,128,129,132,133,134,135,163,164,165,169,170,171,172,173,176,177,178,179,180,211,212,213,214,215,217,222,224,225,255,256,258,259,260,261,262,264,266,302,303,304,306,307,309,310,347,352,353,355,394,398,495,536,537,538,539,540,918,920,962,1009,1055,1100,1144,1191
104,104,31
36,37,38,39,40,74,80,81,82,83,89,125,127,128,168,173,211,217,225,258,261,262,306,310,353,398,494,536,537,538,540
123,123,79
36,37,38,39,40,42,44,74,75,76,81,82,84,86,87,88,89,90,119,124,125,126,127,128,129,132,133,134,163,171,172,173,176,177,178,179,180,208,212,215,218,222,224,225,255,258,259,261,262,265,266,268,269,270,304,305,306,307,310,349,353,354,355,394,431,493,494,495,536,537,538,539,540,918,964,1144,1145,1189,1235
16,16,71
36,37,39,41,79,80,81,82,83,86,88,89,90,123,124,126,127,128,133,134,164,169,171,173,178,179,180,208,211,212,214,215,216,217,218,221,224,225,258,259,260,261,262,265,266,268,269,270,302,304,306,307,310,342,347,348,350,353,354,398,430,493,494,495,536,537,538,539,540,700,784
72,72,49
37,38,39,40,41,44,80,81,84,89,124,127,128,132,134,169,170,172,173,177,179,208,214,215,217,224,225,259,261,262,266,269,270,302,306,307,349,353,398,493,494,495,536,537,538,540,954,963,1189
56,56,100
36,37,38,40,41,42,75,77,80,83,84,85,86,87,88,89,120,123,124,126,128,132,133,135,164,165,167,168,169,170,172,173,174,177,178,179,180,208,209,210,211,212,213,214,215,216,218,219,220,222,223,225,252,255,256,258,259,260,261,262,263,264,265,266,268,269,270,301,302,303,305,308,309,312,313,315,346,347,350,353,355,398,439,493,494,536,537,538,540,873,918,964,1144,1145,1146,1175,1189,1191,1234,1236
30,30,47
37,38,41,75,127,128,132,164,166,173,178,209,210,211,212,213,214,215,217,218,219,220,222,223,225,255,256,259,261,262,263,264,266,268,270,300,301,302,308,310,398,536,537,538,1145,1183,1189
2,2,96
32,37,38,39,40,41,75,76,77,83,84,85,86,90,120,121,125,127,128,129,131,133,134,135,164,166,167,168,169,170,172,173,174,179,180,210,211,212,213,214,215,217,218,219,220,222,223,224,225,253,254,256,257,258,259,261,262,263,264,266,268,269,270,300,301,302,303,304,305,307,308,309,310,312,315,346,347,348,350,351,353,398,450,494,495,536,537,538,540,564,585,873,1137,1144,1234,1236
19,19,62
37,38,40,41,83,89,120,128,129,132,133,165,170,172,178,179,180,211,212,214,215,217,219,222,223,224,225,253,254,255,257,258,259,261,262,263,264,267,268,300,302,306,307,309,310,312,315,346,349,350,353,356,357,358,398,399,494,495,536,537,538,539
43,43,86
37,38,39,40,41,42,76,81,83,86,126,127,128,132,133,134,160,166,167,169,170,178,179,211,212,214,215,216,217,218,219,222,223,224,225,254,256,257,258,259,260,261,262,263,266,268,269,270,300,301,302,304,306,307,308,309,310,311,312,314,315,346,347,348,350,352,353,354,395,396,398,399,495,519,536,537,538,539,540,585,918,964,1137,1143,1188,1189
43,43,77
37,38,39,41,42,83,84,85,86,91,120,125,132,135,166,168,170,172,178,179,209,211,212,213,214,215,217,218,222,223,224,255,256,257,259,261,262,263,264,266,268,269,270,300,301,302,303,306,307,308,309,310,311,312,314,315,346,347,349,351,353,355,398,399,403,450,494,495,536,537,538,539,540,873,1143,1145,1234
43,43,71
37,38,39,40,41,42,85,86,127,132,135,172,179,209,211,212,213,215,217,218,222,223,224,254,255,257,258,259,261,262,263,264,268,269,270,300,301,302,307,308,309,311,312,313,315,346,350,351,352,353,354,357,360,394,398,399,400,401,403,404,448,491,506,536,537,538,539,540,585,1143,1234
25,25,108
36,37,38,39,40,41,42,45,79,80,81,84,85,86,87,88,89,126,127,132,133,134,135,165,167,169,170,171,172,178,179,209,210,211,212,213,215,216,217,218,222,223,224,225,254,256,257,258,259,261,262,263,264,267,268,269,270,300,301,302,306,307,308,309,310,311,313,314,315,346,349,350,351,352,353,354,355,357,360,394,395,396,398,399,400,401,403,404,405,441,448,449,450,491,495,520,536,537,538,539,540,584,585,1143,1145,1188,1216,1234
25,25,89
37,38,39,41,42,85,86,88,124,125,133,134,135,166,168,169,170,171,172,173,179,211,212,215,217,222,223,224,254,255,256,257,259,261,262,263,264,266,267,268,269,270,300,301,302,306,307,308,309,310,311,312,314,315,346,347,350,352,353,354,355,356,360,394,395,396,397,398,399,400,401,402,404,405,440,441,448,449,491,495,536,537,538,539,540,584,585,873,1234
110,110,232
32,33,34,35,36,37,38,39,40,41,42,43,44,45,76,77,78,79,80,81,82,83,84,85,86,87,88,89,90,121,122,123,124,125,126,127,128,129,130,131,132,133,134,135,164,165,166,167,168,169,170,171,172,173,174,175,176,177,178,179,180,208,209,210,211,212,213,214,215,216,217,218,219,220,221,222,223,224,225,255,256,257,258,259,260,261,262,263,264,265,266,267,268,269,270,301,302,303,304,305,306,307,308,309,310,311,312,313,314,315,347,348,349,350,351,352,353,354,355,356,357,358,359,360,393,394,395,396,397,398,399,400,401,402,403,404,430,439,440,441,445,447,448,449,450,473,474,490,491,492,495,514,518,519,520,535,536,537,538,539,540,562,564,583,584,585,603,607,608,609,648,651,652,653,685,694,696,697,738,739,741,784,785,786,829,830,873,875,877,878,919,920,923,964,967,968,1010,1011,1013,1055,1056,1058,1097,1100,1101,1102,1141,1142,1143,1144,1145,1146,1147,1188,1189,1190,1191,1192,1193,1234,1235,1236,1237,1238,1280,1281,1282,1283,1284,1326,1327,1328
69,69,104
37,38,39,40,41,42,45,79,83,84,85,86,87,121,122,124,127,129,130,131,132,133,135,165,166,167,169,172,173,175,178,179,209,210,211,212,213,214,216,217,218,224,225,255,256,257,258,259,260,261,262,263,264,265,266,267,268,269,301,305,306,307,308,309,310,313,314,315,349,350,351,352,353,354,355,357,394,395,396,398,399,400,401,403,405,441,448,449,450,491,493,519,536,537,538,562,564,872,1100,1143,1145,1188,1189,1237
137,137,63
38,39,40,41,42,84,85,86,130,131,132,135,166,167,169,172,178,179,209,211,212,213,215,216,218,225,255,256,259,260,261,262,263,264,266,305,306,307,309,310,311,314,350,352,353,354,355,357,360,398,399,400,404,449,491,519,536,537,603,607,1100,1145,1178
143,143,71
37,38,39,40,42,83,84,85,86,87,124,127,131,133,135,171,172,174,176,178,179,210,211,212,213,214,215,217,218,225,255,256,257,261,262,263,264,265,268,305,306,307,308,310,312,313,314,352,353,354,355,360,394,398,399,400,401,403,404,445,448,450,491,495,537,584,607,828,873,1145,1189
0,0,88
33,37,38,39,40,42,45,78,79,82,83,84,85,86,87,127,130,131,132,133,135,167,171,174,177,178,179,209,210,211,212,213,215,216,217,218,221,223,225,255,256,257,258,259,260,261,262,263,264,265,268,269,305,306,307,308,309,310,313,314,315,350,353,354,355,358,360,398,399,400,403,404,445,450,491,495,536,538,540,584,585,603,630,648,827,873,1055,1145
42,42,67
38,39,40,41,45,80,85,86,87,126,127,130,131,135,167,168,171,172,177,178,210,211,212,213,215,217,218,224,225,259,260,261,262,263,265,268,270,306,307,309,310,312,313,350,353,354,357,360,398,403,404,405,445,449,450,491,495,536,540,584,585,630,692,695,782,828,873
26,26,55
1036,1081,1082,1083,1126,1127,1128,1129,1130,1131,1171,1172,1173,1174,1175,1176,1177,1178,1216,1217,1218,1219,1220,1221,1222,1223,1224,1225,1226,1261,1262,1263,1264,1265,1266,1267,1268,1269,1270,1271,1306,1307,1308,1309,1310,1311,1312,1313,1314,1315,1316,1317,1318,1319,1322
121,121,194
721,766,767,768,811,812,813,814,856,857,858,859,860,861,862,901,902,903,904,905,906,907,908,909,910,911,946,947,948,949,950,951,952,953,954,955,956,991,992,993,994,995,996,997,998,999,1000,1001,1002,1036,1037,1038,1039,1040,1041,1042,1043,1044,1045,1046,1047,1048,1049,1051,1052,1053,1081,1082,1083,1084,1085,1086,1087,1088,1089,1090,1091,1092,1093,1094,1095,1097,1098,1099,1100,1101,1126,1127,1128,1129,1130,1132,1133,1134,1135,1136,1137,1138,1139,1141,1142,1143,1144,1145,1146,1147,1148,1149,1150,1171,1174,1176,1178,1179,1180,1181,1182,1184,1185,1186,1187,1188,1189,1190,1191,1192,1193,1194,1195,1196,1197,1223,1224,1225,1226,1229,1230,1231,1232,1233,1234,1235,1236,1237,1238,1239,1240,1241,1242,1243,1244,1268,1270,1271,1272,1274,1277,1278,1279,1280,1281,1282,1283,1284,1285,1286,1287,1288,1289,1290,1291,1292,1316,1318,1319,1321,1322,1323,1324,1325,1326,1327,1328,1329,1330,1331,1332,1333,1334,1335,1336,1337,1338,1339
77,77,344
316,361,362,406,407,408,409,451,452,453,454,455,496,497,498,499,500,541,542,543,544,545,549,550,586,587,588,589,590,591,593,594,596,597,598,631,632,633,634,635,639,640,641,642,643,644,645,646,647,648,676,677,678,679,681,684,685,686,687,688,689,690,691,692,693,694,721,722,723,730,731,732,733,734,735,736,737,738,739,740,741,742,743,744,745,766,767,768,776,777,778,779,780,781,782,783,784,785,786,787,788,789,790,791,792,811,812,813,814,821,822,824,825,826,827,828,829,830,831,832,833,834,835,836,837,838,839,840,856,857,859,862,864,871,872,873,874,875,876,877,878,879,880,881,882,883,884,885,886,887,904,907,908,909,911,912,916,917,918,919,920,921,922,923,924,925,926,927,928,929,930,931,932,933,934,956,957,962,963,964,965,966,967,968,969,970,971,972,973,974,975,976,977,978,979,980,981,1007,1010,1011,1012,1013,1014,1015,1016,1017,1018,1019,1020,1021,1022,1023,1024,1025,1026,1027,1028,1053,1055,1057,1058,1059,1060,1061,1062,1063,1064,1065,1066,1067,1068,1069,1070,1071,1072,1073,1074,1075,1101,1104,1105,1106,1107,1108,1109,1110,1111,1112,1113,1114,1115,1116,1117,1118,1119,1120,1121,1122,1150,1151,1152,1153,1154,1155,1156,1157,1158,1159,1160,1161,1162,1163,1164,1165,1166,1167,1168,1169,1196,1197,1198,1199,1200,1201,1202,1203,1204,1205,1206,1207,1208,1209,1210,1211,1212,1213,1214,1215,1244,1245,1246,1247,1248,1249,1250,1251,1252,1253,1254,1255,1256,1257,1258,1259,1260,1291,1292,1293,1294,1295,1296,1297,1298,1299,1300,1301,1302,1303,1304,1305,1337,1338,1339,1340,1341,1342,1343,1344,1345,1346,1347,1348,1349,1350
130,130,476
1,2,3,4,46,47,48,49,50,91,92,93,94,95,96,97,136,137,138,139,140,141,142,143,144,145,181,182,183,184,185,186,187,188,189,190,191,192,194,226,227,228,229,230,231,232,233,234,235,236,237,238,239,240,241,245,271,272,275,276,277,278,279,280,281,282,283,284,285,286,287,288,289,290,316,317,319,320,321,322,323,324,325,326,328,329,330,331,332,333,334,335,361,362,364,365,366,371,372,374,376,377,378,379,380,381,382,383,386,387,406,407,409,410,411,421,422,423,424,425,426,427,428,429,430,431,432,433,434,451,452,453,454,455,466,467,468,469,470,471,472,473,474,475,476,477,478,479,480,481,482,496,497,498,499,500,501,507,508,512,513,514,515,516,517,518,519,520,521,522,523,524,525,526,527,528,529,538,542,543,544,545,546,553,554,556,557,558,559,560,562,563,564,565,566,567,568,569,570,571,572,573,574,575,589,590,591,598,599,600,601,602,603,604,605,606,607,608,609,610,611,612,613,614,615,616,617,618,619,620,621,622,634,635,642,643,644,645,646,647,649,650,651,652,653,654,655,656,657,658,659,660,661,662,663,664,665,666,667,668,669,687,688,689,690,691,694,695,696,697,698,699,700,701,702,703,704,705,706,707,708,709,710,711,712,713,714,715,716,732,733,734,735,736,737,740,743,744,745,746,747,748,749,750,751,752,753,754,755,756,757,758,759,760,761,762,778,779,781,787,789,790,791,792,793,794,795,796,797,798,799,800,801,802,803,804,805,806,807,808,809,810,824,827,834,835,836,837,838,839,840,841,842,843,844,845,846,847,848,849,850,851,852,853,854,855,880,881,882,883,884,885,886,887,888,889,890,891,892,893,894,895,896,897,898,899,900,927,928,929,930,931,932,933,934,935,936,937,938,939,940,941,942,943,944,945,973,974,975,976,977,978,979,980,981,982,983,984,985,986,987,988,989,990,1023,1024,1025,1026,1027,1028,1029,1030,1031,1032,1033,1034,1035,1070,1071,1072,1073,1074,1075,1076,1077,1078,1079,1080,1115,1117,1118,1119,1120,1121,1122,1123,1124,1125,1163,1164,1165,1166,1167,1168,1169,1170,1210,1211,1212,1213,1214,1215,1259,1260,1304,1305
130,130,500
1,2,3,4,5,9,10,11,12,13,14,15,16,17,18,19,20,21,22,23,24,25,26,27,46,47,48,49,50,54,55,56,57,58,59,60,61,62,63,64,65,66,67,68,69,70,71,72,73,74,75,91,92,93,94,95,96,97,98,99,101,103,104,105,106,107,108,109,110,111,112,113,114,115,116,117,118,119,120,121,122,123,137,138,139,140,143,144,145,146,147,148,149,150,151,152,153,154,155,156,157,158,159,160,161,162,163,164,165,166,167,168,169,182,183,184,187,188,189,190,191,194,195,196,197,198,199,200,201,202,203,204,205,206,207,208,209,210,211,212,213,214,215,216,227,228,230,231,232,233,234,235,236,242,243,244,245,246,247,248,249,250,251,252,253,254,255,256,257,258,259,260,261,262,263,273,274,275,276,277,278,279,280,286,288,289,290,291,292,293,294,295,296,297,298,299,300,301,302,303,304,305,306,307,308,309,310,321,322,331,332,333,334,335,336,337,340,341,342,343,344,345,346,347,348,349,350,351,352,353,354,355,356,378,379,380,381,384,385,386,387,388,389,390,391,392,393,394,395,396,397,398,399,400,401,402,403,422,423,424,425,426,427,428,430,431,432,433,434,435,436,437,438,439,440,441,442,443,444,445,446,447,448,449,450,468,469,470,471,472,473,474,475,476,477,478,479,480,481,482,483,484,485,486,487,488,489,490,491,492,493,494,495,512,513,514,515,516,518,519,520,521,522,523,524,525,526,527,528,529,530,531,532,533,534,535,536,537,538,539,540,557,559,560,561,562,563,564,565,566,567,568,569,570,571,572,573,574,575,576,577,578,579,580,581,582,583,584,585,608,609,610,611,612,613,614,615,616,617,618,619,620,621,622,623,624,625,626,627,628,629,630,655,656,658,659,660,661,662,663,664,665,666,667,668,669,670,671,672,673,674,675,702,704,705,706,707,708,709,710,711,712,713,714,715,716,717,718,719,720,750,751,752,753,754,755,756,757,758,759,760,761,762,763,764,765,796,797,798,799,800,801,802,803,804,805,806,807,808,809,810,845,846,847,848,849,850,851,852,853,854,855,892,893,894,895,896,897,898,899,900,938,939,940,941,942,943,944,945,986,987,988,989,990,1032,1033,1034,1035,1079,1080
61,61,453
1,2,3,4,5,6,7,8,9,10,11,12,13,14,15,16,17,18,19,20,21,22,23,24,25,26,27,28,29,30,31,32,33,34,35,36,37,38,39,40,41,42,43,44,45,46,47,48,49,50,51,52,53,54,55,56,57,58,59,60,61,62,63,64,65,66,67,68,69,70,71,72,73,74,75,76,77,78,79,80,81,82,83,84,85,86,87,88,89,90,94,95,100,101,103,104,105,106,107,108,109,110,111,112,113,114,115,116,117,118,119,120,121,122,123,124,125,126,127,128,129,130,131,132,133,134,135,145,146,147,148,149,150,151,152,153,154,155,156,157,158,159,160,161,162,163,164,165,166,167,168,169,170,171,172,173,174,175,176,177,178,179,180,186,189,190,194,195,196,197,198,199,200,201,202,203,204,205,206,207,208,209,210,211,212,213,214,215,216,217,218,219,220,221,222,223,224,225,235,239,240,241,242,243,244,245,246,247,248,249,250,251,252,253,254,255,256,257,258,259,260,261,262,263,264,265,266,267,268,269,270,285,286,287,288,289,290,291,292,293,294,295,296,297,298,299,300,301,302,303,304,305,306,307,308,309,310,311,312,313,314,315,332,333,334,335,336,337,338,339,340,341,342,343,344,345,346,347,348,349,350,351,352,353,354,355,356,357,358,359,360,377,378,379,381,382,383,384,385,386,387,388,389,390,391,392,393,394,395,396,397,398,399,400,401,402,403,404,405,423,426,427,428,429,430,431,432,433,434,435,436,437,438,439,440,441,442,443,444,445,446,447,448,449,450,470,471,472,474,475,476,478,479,480,481,482,483,484,485,486,487,488,489,490,491,492,493,494,495,523,524,525,526,527,528,529,530,531,532,533,534,535,536,537,538,539,540,570,571,572,573,574,575,576,577,578,579,580,581,582,583,584,585,617,618,619,620,621,622,623,624,625,626,627,628,629,630,665,666,667,668,669,670,671,672,673,674,675,710,712,713,714,715,716,717,718,719,720,758,759,760,761,762,763,764,765,807,808,809,810,852,854,855
50,50,397
5,6,7,8,9,10,11,12,13,14,15,16,17,18,19,20,21,22,23,24,25,26,27,28,29,30,31,32,33,34,35,36,37,38,39,40,41,42,43,44,45,46,47,48,49,51,52,53,54,55,56,57,58,59,60,61,62,63,64,65,66,67,68,69,70,71,72,73,74,75,76,77,78,79,80,81,82,83,84,85,86,87,88,89,90,97,99,100,101,102,103,104,105,106,107,108,109,110,111,112,113,114,115,116,117,118,119,120,121,122,123,124,125,126,127,128,129,130,131,132,133,134,135,149,150,151,152,153,154,155,156,157,158,159,160,161,162,163,164,165,166,167,168,169,170,171,172,173,174,175,176,177,178,179,180,192,195,196,197,198,199,200,201,202,203,204,205,206,207,208,209,210,211,212,213,214,215,216,217,218,219,220,221,222,223,224,225,240,241,242,243,244,245,246,247,248,249,250,251,252,253,254,255,256,257,258,259,260,261,262,263,264,265,266,267,268,269,270,285,286,287,288,289,290,291,292,293,294,295,296,297,298,299,300,301,302,303,304,305,306,307,308,309,310,311,312,313,314,315,332,333,334,335,336,337,338,339,340,341,342,343,344,345,346,347,348,349,350,351,352,353,354,355,356,357,358,359,360,376,378,381,382,383,384,385,386,387,388,389,390,391,392,393,394,395,396,397,398,399,400,401,402,403,404,405,430,433,434,435,436,437,438,439,440,441,442,443,444,445,446,447,448,449,450,471,479,480,481,482,483,484,485,486,487,488,489,490,491,492,493,494,495,525,526,527,528,529,530,531,532,533,534,535,536,537,538,539,540,574,575,576,577,578,579,580,581,582,583,584,585,621,622,623,624,625,626,627,628,629,630,667,671,672,673,674,675,717,718,719,720,763,764,765,809,810,854,855
79,79,365
1,2,6,7,8,9,10,12,13,14,15,16,17,18,19,20,21,22,23,24,25,26,27,28,29,30,31,32,33,34,35,36,37,38,39,40,41,42,43,44,45,47,48,51,52,53,54,55,56,57,58,59,60,61,62,63,64,65,66,67,68,69,70,71,72,73,74,75,76,77,78,79,80,81,82,83,84,85,86,87,88,89,90,91,96,97,98,99,100,101,102,103,104,105,106,107,108,109,110,111,112,113,114,115,116,117,118,119,120,121,122,123,124,125,126,127,128,129,130,131,132,133,134,135,141,145,146,147,148,149,150,151,152,153,154,156,157,158,159,160,161,162,163,164,165,166,167,168,169,170,171,172,173,174,175,176,177,178,179,180,191,192,193,194,195,196,197,198,199,200,201,202,203,204,205,206,207,208,209,210,211,212,213,214,215,216,217,218,219,220,221,222,223,224,225,235,236,238,239,240,241,242,243,244,245,246,247,248,249,250,251,252,253,254,255,256,257,258,259,260,261,262,263,264,265,266,267,268,269,270,282,284,286,287,288,289,290,291,292,293,294,295,296,297,298,299,300,301,302,303,304,305,306,307,308,309,310,311,312,313,314,315,330,331,333,334,335,336,337,339,340,341,342,343,344,345,346,347,348,349,350,351,352,353,354,355,356,357,358,359,360,371,372,376,378,380,381,385,388,389,390,391,392,393,394,395,396,397,398,399,400,401,402,403,404,405,436,437,438,439,440,441,442,443,444,445,446,447,448,449,450,471,472,483,484,485,486,487,488,489,490,491,492,493,494,495,531,532,537,538,539,540,582,583,584,585,628,629,630,674,675,718,720,765,810
129,129,307
6,7,8,9,10,11,12,13,14,15,16,17,18,19,20,21,22,23,24,25,26,27,28,29,30,31,32,33,34,35,36,37,38,39,40,41,42,43,44,45,51,52,53,54,55,56,57,58,59,60,61,62,63,64,65,66,67,68,69,70,71,72,73,74,75,76,77,78,79,80,81,82,83,84,85,86,87,88,89,90,96,97,98,100,101,102,103,104,105,106,107,108,109,110,111,112,113,114,115,116,117,118,119,120,121,122,123,124,125,126,127,128,129,130,131,132,133,134,135,146,147,148,149,150,152,153,154,156,157,158,159,160,161,162,163,164,165,168,169,170,171,172,173,174,175,176,177,178,179,180,191,192,193,194,195,196,197,198,201,202,203,204,205,206,207,208,209,210,211,212,213,214,215,216,217,218,219,220,221,222,223,224,225,235,236,237,239,240,242,243,244,246,247,248,249,250,251,252,253,254,255,256,257,258,259,261,262,263,264,265,266,267,268,269,270,280,281,282,285,286,287,288,289,290,291,292,293,294,295,296,297,298,299,300,301,302,303,304,305,306,307,309,310,311,312,313,314,315,324,325,326,327,329,330,331,333,334,335,336,340,341,342,345,346,347,348,349,351,352,353,354,356,357,358,359,360,370,371,372,374,381,397,398,400,401,402,403,404,405,420,443,444,447,448,449,450,472,492,493,494,495,538,539,540,583,585,629
49,49,271
6,7,8,9,10,11,12,13,14,15,16,17,18,19,20,21,22,23,24,25,26,27,28,29,30,31,32,33,34,35,36,37,38,39,40,41,42,43,44,45,52,53,54,55,56,57,58,59,60,61,62,63,64,65,66,67,68,69,70,71,72,73,74,75,76,77,78,79,80,81,82,83,84,85,86,87,88,89,90,96,97,98,99,100,101,102,103,104,105,106,107,108,110,111,112,113,114,115,116,117,118,119,120,121,122,123,124,125,126,127,128,129,130,131,132,133,134,135,146,147,148,149,150,151,152,153,156,157,158,159,160,161,162,163,164,165,166,168,169,170,171,172,173,174,175,176,177,178,179,180,187,191,192,193,194,195,196,197,198,201,202,203,204,205,206,207,208,209,213,214,215,216,217,218,219,220,221,222,223,224,225,236,237,239,240,241,242,243,244,247,249,250,251,252,253,259,260,261,262,264,265,266,267,268,269,270,279,280,281,282,284,285,286,287,288,289,290,291,292,295,296,297,309,310,311,312,313,314,315,322,323,324,325,326,329,330,331,332,334,336,340,341,355,356,357,358,359,360,371,376,381,384,401,402,403,404,405,414,420,424,425,447,448,449,450,495,539,540,547,681,726
97,97,235
5,6,7,8,9,10,12,13,14,15,16,17,18,19,20,21,22,23,24,25,26,27,28,29,30,31,32,37,38,39,40,41,42,43,44,45,47,48,49,51,52,53,54,55,57,58,59,60,61,62,63,65,66,67,68,69,70,71,72,73,74,75,76,83,84,85,86,87,88,89,90,91,92,94,97,102,103,104,105,106,107,108,111,112,113,114,115,116,117,118,119,129,130,131,132,133,134,135,147,148,149,150,151,152,153,157,158,159,160,161,162,163,164,174,175,176,177,178,179,180,185,186,191,192,193,194,195,196,197,201,202,203,205,206,208,222,223,224,225,229,230,236,238,239,240,241,242,243,246,250,251,268,269,270,274,279,280,281,284,285,286,287,288,289,290,291,295,313,314,315,319,322,323,324,325,327,328,329,330,334,335,336,340,359,360,367,368,375,376,378,380,408,412,420,424,425,457,460,471,502,510,516,547,558,603,635,680,681,726,771,815,861,905,950,951,952,965,996,997,998,1086,1088,1131,1137,1177,1178,1183,1222,1223,1224,1262,1268,1307,1311,1313
63,63,214
1,4,5,6,7,8,9,10,11,13,14,15,16,17,20,21,22,23,25,26,27,28,31,43,44,45,46,49,50,51,52,54,57,58,59,60,61,62,63,66,67,68,70,71,72,75,77,89,90,91,92,93,94,102,103,104,105,107,111,112,113,117,118,119,135,139,143,145,146,148,149,152,154,156,157,158,163,164,181,185,186,191,192,194,195,197,208,224,226,228,229,230,231,236,240,243,250,252,274,279,280,284,285,286,288,289,290,291,323,324,325,331,332,333,334,336,367,368,369,380,381,411,420,424,425,465,467,468,469,470,509,512,515,516,545,547,554,590,603,635,636,680,681,689,725,726,770,771,815,816,860,861,868,906,907,925,930,952,953,995,997,998,999,1009,1040,1041,1042,1043,1046,1086,1087,1088,1091,1132,1133,1138,1139,1171,1176,1177,1178,1179,1180,1183,1184,1185,1216,1217,1221,1222,1223,1224,1228,1230,1231,1261,1262,1266,1267,1268,1269,1274,1275,1276,1284,1307,1308,1311,1312,1313,1316,1317,1319,1328
38,38,174
5,6,9,11,12,13,17,19,20,21,24,25,26,50,56,57,58,64,65,68,69,70,101,102,103,110,111,112,113,114,139,142,143,144,146,147,156,157,158,159,184,186,187,188,189,190,191,192,202,203,211,212,229,230,231,232,233,234,235,236,237,240,247,248,279,281,282,284,285,289,291,292,293,318,323,324,325,326,330,334,336,363,367,368,369,370,371,375,377,382,412,413,414,415,416,418,420,422,457,458,459,460,462,463,464,506,507,508,509,516,517,551,552,553,554,561,594,595,597,598,599,638,639,640,683,684,685,701,728,745,746,771,790,791,836,837,881,882,902,904,907,926,927,946,947,952,971,972,991,997,998,1041,1042,1043,1086,1087,1088,1131,1132,1144,1145,1171,1176,1190,1191,1194,1235,1236,1267,1268,1281,1311,1312,1313
143,143,140
4,5,6,7,8,10,11,13,17,23,50,51,52,53,59,60,61,62,66,67,102,107,111,112,113,114,115,147,152,153,156,157,160,195,198,201,231,234,240,243,244,279,289,329,330,331,332,333,334,374,377,378,413,414,423,424,425,457,458,459,501,502,545,590,591,603,634,635,680,681,725,726,733,770,771,816,817,818,861,904,906,907,925,948,949,950,951,952,965,995,996,997,998,999,1009,1041,1042,1044,1045,1046,1055,1057,1083,1086,1087,1088,1091,1126,1131,1132,1133,1135,1136,1146,1147,1175,1176,1177,1181,1191,1221,1222,1223,1224,1225,1226,1267,1268,1270,1271,1284,1306,1309,1312,1313,1314,1316,1318,1328,1329
101,101,124
5,6,7,8,10,11,23,24,50,51,52,60,62,63,66,107,111,112,114,150,156,161,195,198,234,235,241,243,279,285,288,330,331,333,334,413,414,423,424,425,457,458,459,500,502,546,554,590,591,603,635,680,681,725,770,771,816,817,818,861,862,880,905,907,908,920,946,950,951,952,956,966,992,994,995,996,997,999,1009,1012,1040,1041,1042,1043,1044,1081,1085,1086,1087,1091,1102,1131,1132,1133,1135,1136,1139,1147,1176,1177,1181,1191,1192,1194,1219,1221,1222,1223,1224,1225,1226,1238,1243,1267,1268,1271,1281,1306,1311,1312,1313,1314,1316,1329
94,94,122
5,6,7,8,16,21,22,23,51,52,62,63,66,94,106,111,112,156,157,160,195,198,234,240,241,330,331,332,333,334,377,378,413,422,423,424,457,458,459,460,467,502,545,546,553,590,591,603,634,635,636,680,681,725,766,770,771,861,862,863,903,906,907,908,920,947,951,991,992,993,995,996,997,998,999,1012,1041,1042,1044,1045,1055,1056,1086,1087,1088,1101,1131,1132,1134,1136,1147,1148,1175,1176,1177,1180,1181,1191,1208,1221,1222,1223,1224,1226,1236,1238,1239,1266,1267,1268,1271,1283,1284,1306,1312,1313,1314,1315,1316,1327,1328,1329
94,94,125
5,6,7,8,22,23,51,52,59,62,66,68,107,111,113,150,156,195,196,201,234,235,240,246,279,280,326,330,331,333,371,378,379,414,422,423,424,457,458,501,502,512,545,546,590,591,599,634,635,636,679,680,681,725,770,771,816,860,861,862,874,905,906,907,908,946,949,950,951,952,953,992,996,997,998,1000,1010,1036,1038,1041,1042,1043,1044,1046,1057,1086,1087,1089,1090,1091,1093,1094,1102,1126,1131,1132,1134,1135,1136,1138,1139,1147,1176,1177,1178,1194,1221,1222,1223,1225,1226,1236,1237,1238,1266,1267,1268,1270,1283,1306,1311,1312,1313,1315,1328
94,94,129
6,7,8,22,23,24,51,60,105,111,112,150,152,156,161,195,196,197,198,234,239,240,242,281,287,330,331,333,377,378,422,424,457,500,545,546,590,591,634,635,636,680,681,725,726,766,770,771,816,818,861,862,863,874,903,906,907,908,919,925,946,947,950,951,952,996,997,998,1010,1012,1036,1041,1042,1044,1045,1046,1049,1055,1081,1086,1087,1088,1089,1090,1091,1094,1101,1103,1104,1131,1132,1134,1136,1139,1147,1148,1175,1176,1177,1180,1181,1184,1191,1192,1194,1221,1222,1223,1225,1226,1236,1239,1264,1266,1267,1268,1270,1271,1282,1283,1306,1309,1311,1313,1314,1315,1316,1327,1328
140,140,141
5,6,7,8,23,68,106,111,112,150,156,157,190,195,198,201,205,234,239,240,246,279,281,284,285,326,330,331,333,376,377,378,413,422,423,424,456,457,465,501,546,590,591,632,634,635,636,678,679,680,681,682,725,726,766,770,771,816,861,862,874,903,905,906,907,908,948,950,951,952,966,967,991,994,995,996,997,998,1000,1010,1012,1038,1040,1041,1042,1043,1044,1045,1046,1055,1057,1081,1085,1086,1087,1088,1090,1091,1094,1101,1102,1103,1131,1132,1134,1136,1139,1147,1171,1176,1177,1178,1180,1181,1183,1191,1193,1221,1222,1223,1225,1226,1236,1237,1238,1239,1264,1266,1267,1268,1270,1271,1283,1284,1306,1309,1312,1313,1315,1327,1328
119,119,144
6,7,8,23,24,51,53,66,68,105,111,112,156,160,189,190,196,198,201,205,234,235,237,239,240,241,243,246,279,280,281,286,323,325,326,330,331,333,368,371,375,377,378,413,415,422,424,425,457,467,501,510,545,546,590,591,593,634,635,636,680,681,724,725,726,731,771,816,820,861,862,863,874,902,903,906,907,908,924,946,950,951,952,953,966,967,991,995,996,997,998,1010,1036,1041,1042,1043,1044,1046,1055,1057,1081,1086,1087,1088,1089,1090,1091,1101,1103,1126,1131,1132,1135,1136,1139,1146,1147,1148,1175,1176,1177,1178,1181,1191,1192,1221,1222,1226,1236,1237,1238,1239,1264,1267,1271,1281,1282,1283,1306,1308,1312,1313,1327,1328
142,142,149
6,7,8,23,24,28,51,68,111,112,150,156,157,189,190,195,196,198,201,202,234,235,240,241,243,246,279,285,286,287,323,325,330,331,332,333,367,368,375,377,378,421,422,424,456,465,467,501,502,512,546,590,591,593,597,598,635,636,642,680,681,682,686,725,726,727,728,770,771,772,816,817,818,820,861,862,863,874,905,906,907,924,950,951,952,953,954,965,966,991,997,998,999,1000,1010,1012,1036,1040,1041,1042,1043,1044,1045,1055,1056,1086,1087,1088,1089,1090,1091,1102,1103,1126,1131,1132,1134,1138,1139,1148,1175,1176,1177,1178,1183,1189,1191,1192,1194,1221,1222,1226,1239,1263,1264,1265,1266,1267,1271,1281,1282,1283,1306,1309,1311,1313,1326,1327,1328
9,9,156
10,11,13,14,15,16,21,22,23,24,55,56,58,59,60,61,66,100,101,103,104,105,111,145,146,148,149,189,190,191,193,194,198,205,206,209,210,231,232,233,234,235,237,238,243,250,251,276,277,278,279,280,282,283,285,286,288,292,295,296,322,323,324,325,327,328,330,331,337,364,372,373,375,416,417,418,422,431,458,459,460,461,462,466,467,502,503,504,505,506,511,520,547,548,549,550,552,564,593,594,595,597,598,608,609,639,642,643,653,654,687,688,698,699,727,728,732,733,743,744,772,773,774,777,788,789,817,818,819,833,834,856,858,859,862,878,879,880,901,904,906,907,908,923,924,951,952,969,983,996,997,1042,1103,1148,1266,1311
76,76,158
5,6,7,8,24,51,52,53,96,104,111,147,148,149,150,193,194,195,199,202,238,239,244,247,248,277,278,279,284,288,292,293,322,323,324,325,330,331,332,334,371,375,377,378,379,411,420,422,423,464,465,467,501,512,546,590,635,636,679,680,681,682,688,693,724,725,726,733,769,770,771,773,775,777,778,814,815,816,817,821,860,861,862,865,867,874,877,878,901,905,906,907,909,912,950,951,952,953,954,955,995,996,997,998,999,1040,1041,1042,1043,1044,1057,1086,1087,1090,1101,1103,1104,1105,1131,1132,1134,1135,1147,1148,1149,1150,1176,1177,1178,1179,1180,1191,1194,1195,1221,1222,1223,1224,1225,1235,1262,1265,1266,1267,1268,1269,1270,1271,1282,1310,1311,1312,1313,1314,1315,1316,1327,1328
121,121,155
5,6,7,8,9,14,51,52,57,59,96,104,147,150,151,193,195,201,202,239,240,242,277,278,279,280,282,284,288,292,321,322,323,324,325,333,337,368,371,375,377,378,420,464,465,467,546,548,590,591,640,679,680,681,682,688,693,724,725,726,732,733,769,770,773,774,777,814,815,816,817,818,819,820,821,856,859,860,861,862,863,864,865,877,878,904,905,906,907,908,923,950,951,952,953,954,992,995,996,997,998,999,1000,1009,1040,1041,1042,1056,1086,1087,1088,1103,1104,1131,1132,1133,1134,1135,1146,1148,1149,1150,1175,1176,1177,1178,1179,1180,1193,1194,1195,1218,1221,1222,1223,1224,1225,1236,1237,1262,1264,1265,1266,1267,1269,1270,1282,1311,1312,1313,1314,1315,1316,1327,1328
140,140,172
4,5,6,7,8,9,14,24,51,52,59,96,103,104,105,111,147,148,149,150,156,157,195,201,202,239,241,244,246,247,278,288,289,292,293,322,323,324,325,327,332,333,334,335,337,370,375,376,377,378,379,413,420,422,464,465,466,467,499,501,509,547,590,591,592,593,635,636,638,643,678,679,680,681,684,688,694,724,725,726,730,732,733,769,770,771,773,774,777,778,814,815,816,818,819,859,860,861,862,863,864,874,877,878,904,905,906,907,908,912,949,950,951,952,953,954,955,968,994,995,996,997,998,1009,1040,1041,1042,1058,1086,1087,1103,1105,1131,1132,1148,1149,1150,1175,1176,1177,1178,1179,1180,1189,1194,1221,1222,1223,1224,1225,1235,1236,1237,1238,1262,1266,1267,1268,1269,1270,1281,1282,1283,1309,1310,1311,1312,1313,1315,1316,1327,1328
75,75,178
4,5,6,7,8,9,13,24,51,52,96,103,104,105,106,111,141,147,148,149,150,156,157,159,192,195,201,239,247,278,279,280,288,292,293,321,322,323,324,325,331,332,333,337,369,370,375,377,378,411,420,422,423,464,466,467,499,501,509,510,511,547,548,553,590,592,593,598,636,637,638,643,649,679,680,681,683,684,688,693,724,725,726,728,729,732,733,770,771,772,773,774,775,777,778,815,816,817,818,819,820,822,859,860,861,862,863,864,866,874,877,878,904,905,906,907,908,923,949,950,951,952,954,995,996,997,1009,1040,1041,1042,1044,1057,1058,1086,1087,1103,1104,1105,1131,1132,1133,1147,1148,1149,1150,1173,1175,1176,1177,1178,1189,1191,1220,1221,1222,1223,1224,1235,1236,1238,1262,1264,1265,1266,1267,1268,1269,1270,1281,1282,1283,1309,1311,1312,1313,1314,1327,1328
86,86,193
4,5,6,7,9,13,15,19,50,51,52,58,59,60,65,68,96,97,102,103,104,105,106,111,112,140,141,147,148,150,151,156,157,159,185,191,192,195,201,236,237,238,239,240,247,278,279,282,288,292,321,322,323,324,325,326,331,332,333,367,368,369,370,371,375,377,378,379,411,419,420,422,424,457,464,466,467,499,501,503,508,509,511,512,545,546,547,553,556,557,590,591,592,593,594,598,599,637,638,639,643,644,680,681,683,684,688,689,692,693,724,725,727,728,729,732,733,734,770,772,773,774,775,776,777,778,815,816,817,818,819,820,821,822,860,861,862,863,864,874,877,878,905,906,907,908,909,949,950,951,952,954,994,995,996,997,998,999,1000,1040,1041,1042,1086,1087,1103,1104,1131,1132,1148,1149,1175,1176,1177,1178,1189,1194,1218,1221,1222,1223,1224,1262,1266,1267,1268,1269,1282,1309,1312,1313,1314,1327,1328
86,86,212
6,7,14,18,51,52,65,66,96,103,110,111,112,115,140,141,156,157,185,195,201,230,235,237,288,292,321,324,325,326,332,333,369,370,371,375,376,377,378,419,420,422,423,464,467,468,508,509,511,512,545,546,547,548,553,554,556,557,592,593,594,598,599,601,637,638,639,643,644,683,684,687,688,689,728,729,732,733,770,773,774,776,777,778,815,817,818,819,820,822,823,861,862,863,864,865,900,905,906,907,908,909,944,945,950,951,952,953,954,988,989,990,996,997,1030,1033,1034,1035,1042,1074,1075,1079,1080,1086,1087,1103,1119,1120,1121,1124,1125,1131,1132,1149,1160,1162,1164,1165,1166,1167,1168,1169,1170,1171,1176,1177,1178,1189,1204,1205,1206,1207,1208,1210,1211,1212,1213,1214,1215,1222,1223,1224,1249,1250,1251,1252,1253,1254,1255,1256,1257,1258,1259,1260,1266,1267,1268,1269,1271,1282,1291,1294,1295,1296,1297,1298,1299,1300,1301,1302,1303,1304,1305,1312,1313,1314,1327,1335,1336,1338,1339,1340,1341,1342,1343,1344,1345,1346,1347,1348,1349,1350
16,16,267
6,51,96,140,141,185,195,230,378,420,422,423,429,464,467,508,509,512,553,554,557,598,599,602,639,642,643,644,683,684,688,689,719,728,729,732,733,774,778,818,819,853,862,863,864,865,891,898,899,908,909,910,928,929,935,936,939,943,944,945,954,967,975,976,981,984,987,988,989,990,997,999,1000,1010,1018,1019,1020,1021,1022,1023,1024,1025,1026,1027,1028,1032,1033,1034,1035,1042,1044,1059,1062,1063,1064,1065,1066,1067,1068,1069,1070,1071,1072,1073,1077,1078,1079,1080,1086,1087,1099,1104,1107,1109,1110,1111,1112,1113,1114,1115,1116,1119,1120,1121,1122,1123,1124,1125,1126,1131,1132,1133,1145,1148,1149,1150,1151,1153,1154,1155,1156,1157,1158,1159,1160,1164,1165,1166,1167,1168,1169,1170,1176,1177,1178,1179,1189,1190,1191,1194,1195,1196,1197,1199,1200,1201,1202,1203,1204,1205,1206,1208,1209,1210,1211,1212,1213,1214,1215,1222,1223,1224,1225,1235,1236,1237,1238,1239,1240,1241,1242,1243,1244,1245,1246,1247,1248,1249,1250,1251,1252,1253,1254,1255,1256,1257,1258,1259,1260,1267,1268,1269,1279,1280,1281,1282,1283,1284,1285,1286,1287,1288,1289,1290,1291,1292,1293,1294,1295,1296,1297,1298,1299,1300,1301,1302,1303,1304,1305,1313,1314,1315,1326,1327,1328,1329,1330,1331,1332,1333,1334,1335,1336,1337,1338,1339,1340,1341,1342,1343,1344,1345,1346,1347,1348,1349,1350
63,63,338
51,554,584,585,629,630,639,675,684,689,718,719,720,733,761,762,763,764,765,774,778,804,807,808,809,810,819,845,846,847,848,849,850,851,852,853,854,855,864,865,874,875,877,878,883,885,889,891,892,893,894,895,896,897,898,899,900,909,922,923,924,929,930,931,933,934,935,936,937,938,939,940,941,942,943,944,945,953,954,973,974,975,976,977,978,979,980,981,982,983,984,985,986,987,988,989,990,997,1000,1011,1012,1018,1019,1020,1021,1022,1023,1024,1025,1026,1027,1028,1029,1030,1031,1032,1033,1034,1035,1042,1044,1056,1057,1058,1061,1062,1063,1064,1065,1066,1067,1068,1069,1070,1071,1072,1073,1074,1075,1076,1077,1078,1079,1080,1087,1100,1101,1102,1103,1104,1105,1107,1108,1109,1110,1111,1112,1113,1114,1115,1116,1117,1118,1119,1120,1121,1122,1123,1124,1125,1143,1144,1146,1147,1148,1149,1150,1153,1154,1155,1156,1157,1158,1159,1160,1161,1162,1163,1164,1165,1166,1167,1168,1169,1170,1187,1188,1189,1190,1191,1192,1193,1194,1195,1196,1197,1198,1199,1200,1201,1202,1203,1204,1205,1206,1207,1208,1209,1210,1211,1212,1213,1214,1215,1223,1224,1225,1228,1229,1230,1231,1232,1233,1234,1235,1236,1237,1238,1239,1240,1241,1242,1243,1244,1245,1246,1247,1248,1249,1250,1251,1252,1253,1254,1255,1256,1257,1258,1259,1260,1262,1267,1268,1269,1270,1271,1272,1273,1274,1275,1276,1277,1278,1279,1280,1281,1282,1283,1284,1285,1286,1287,1288,1289,1290,1291,1292,1293,1294,1295,1296,1297,1298,1299,1300,1301,1302,1303,1304,1305,1310,1313,1314,1315,1317,1318,1319,1320,1321,1322,1323,1324,1325,1326,1327,1328,1329,1330,1331,1332,1333,1334,1335,1336,1337,1338,1339,1340,1341,1342,1343,1344,1345,1346,1347,1348,1349,1350
10,10,355
63,64,109,282,315,327,367,368,369,370,371,372,412,413,414,415,416,458,459,460,461,465,499,505,510,518,583,585,600,627,628,629,630,638,645,671,672,673,674,675,683,684,691,716,717,718,719,720,728,729,759,760,761,762,763,764,765,774,800,801,803,804,805,806,807,808,809,810,819,821,844,845,846,847,848,849,850,851,852,853,854,855,866,867,888,890,891,892,893,894,895,896,897,898,899,900,910,911,912,928,932,934,935,936,937,938,939,940,941,942,943,944,945,951,952,953,956,957,975,976,977,978,979,980,981,982,983,984,985,986,987,988,989,990,996,997,998,1001,1002,1018,1020,1021,1022,1023,1024,1025,1026,1027,1028,1029,1030,1031,1032,1033,1034,1035,1042,1043,1044,1046,1047,1058,1059,1061,1062,1063,1064,1065,1066,1067,1068,1069,1070,1071,1072,1073,1074,1075,1076,1077,1078,1079,1080,1088,1089,1101,1103,1105,1106,1107,1108,1109,1110,1111,1112,1113,1114,1115,1116,1117,1118,1119,1120,1121,1122,1123,1124,1125,1133,1145,1147,1148,1149,1150,1151,1152,1153,1154,1155,1156,1157,1158,1159,1160,1161,1162,1163,1164,1165,1166,1167,1168,1169,1170,1188,1189,1190,1191,1192,1193,1194,1195,1196,1197,1198,1199,1200,1201,1202,1203,1204,1205,1206,1207,1208,1209,1210,1211,1212,1213,1214,1215,1224,1230,1232,1233,1236,1237,1238,1239,1240,1241,1242,1243,1244,1245,1246,1247,1248,1249,1250,1251,1252,1253,1254,1255,1256,1257,1258,1259,1260,1274,1276,1277,1278,1279,1280,1281,1282,1283,1284,1285,1286,1287,1288,1289,1290,1291,1292,1293,1294,1295,1296,1297,1298,1299,1300,1301,1302,1303,1304,1305,1311,1319,1320,1321,1322,1323,1324,1325,1326,1327,1328,1329,1330,1331,1332,1333,1334,1335,1336,1337,1338,1339,1340,1341,1342,1343,1344,1345,1346,1347,1348,1349,1350
17,17,396
360,495,539,540,581,582,583,584,585,625,626,627,628,629,630,669,670,671,672,673,674,675,710,711,712,713,714,715,716,717,718,719,720,754,755,756,757,758,759,760,761,762,763,764,765,797,798,799,800,801,802,803,804,805,806,807,808,809,810,841,842,843,844,845,846,847,848,849,850,851,852,853,854,855,883,884,885,886,887,888,889,890,891,892,893,894,895,896,897,898,899,900,927,928,929,930,931,932,933,934,935,936,937,938,939,940,941,942,943,944,945,963,969,971,972,973,974,975,976,977,978,979,980,981,982,983,984,985,986,987,988,989,990,1010,1012,1013,1014,1015,1016,1017,1018,1019,1020,1021,1022,1023,1024,1025,1026,1027,1028,1029,1030,1031,1032,1033,1034,1035,1052,1054,1055,1056,1057,1058,1059,1060,1061,1062,1063,1064,1065,1066,1067,1068,1069,1070,1071,1072,1073,1074,1075,1076,1077,1078,1079,1080,1096,1099,1100,1101,1102,1103,1104,1105,1106,1107,1108,1109,1110,1111,1112,1113,1114,1115,1116,1117,1118,1119,1120,1121,1122,1123,1124,1125,1137,1141,1142,1143,1144,1145,1146,1147,1148,1149,1150,1151,1152,1153,1154,1155,1156,1157,1158,1159,1160,1161,1162,1163,1164,1165,1166,1167,1168,1169,1170,1183,1184,1185,1186,1187,1188,1189,1190,1191,1192,1193,1194,1195,1196,1197,1198,1199,1200,1201,1202,1203,1204,1205,1206,1207,1208,1209,1210,1211,1212,1213,1214,1215,1224,1225,1226,1227,1228,1229,1230,1231,1232,1233,1234,1235,1236,1237,1238,1239,1240,1241,1242,1243,1244,1245,1246,1247,1248,1249,1250,1251,1252,1253,1254,1255,1256,1257,1258,1259,1260,1264,1268,1269,1270,1271,1272,1273,1274,1275,1276,1277,1278,1279,1280,1281,1282,1283,1284,1285,1286,1287,1288,1289,1290,1291,1292,1293,1294,1295,1296,1297,1298,1299,1300,1301,1302,1303,1304,1305,1308,1309,1311,1312,1313,1314,1315,1316,1317,1318,1319,1320,1321,1322,1323,1324,1325,1326,1327,1328,1329,1330,1331,1332,1333,1334,1335,1336,1337,1338,1339,1340,1341,1342,1343,1344,1345,1346,1347,1348,1349,1350
64,64,462
444,445,489,490,491,492,493,494,495,533,535,536,537,538,539,540,575,576,579,580,581,582,584,585,621,622,623,624,625,626,627,628,629,630,664,665,666,667,668,669,670,671,672,673,674,675,707,708,709,710,711,712,713,714,715,716,717,718,719,720,750,751,752,753,754,755,756,757,758,759,760,761,762,763,764,765,794,795,796,797,798,799,800,801,802,803,804,805,806,807,808,809,810,835,836,837,838,839,840,841,842,843,844,845,846,847,848,849,850,851,852,853,854,855,878,881,882,883,884,885,886,887,888,889,890,891,892,893,894,895,896,897,898,899,900,920,921,922,923,924,925,926,927,928,929,930,931,932,933,934,935,936,937,938,939,940,941,942,943,944,945,962,963,964,965,968,969,970,971,972,973,974,975,976,977,978,979,980,981,982,983,984,985,986,987,988,989,990,1007,1009,1010,1011,1012,1013,1014,1015,1016,1017,1018,1019,1020,1021,1022,1023,1024,1025,1026,1027,1028,1029,1030,1031,1032,1033,1034,1035,1047,1049,1051,1052,1053,1054,1055,1056,1057,1058,1059,1060,1061,1062,1063,1064,1065,1066,1067,1068,1069,1070,1071,1072,1073,1074,1075,1076,1077,1078,1079,1089,1090,1091,1092,1093,1094,1095,1096,1097,1098,1099,1100,1101,1102,1103,1104,1105,1106,1107,1108,1109,1110,1111,1112,1113,1114,1115,1116,1117,1118,1119,1120,1121,1122,1123,1134,1135,1136,1137,1138,1139,1140,1141,1142,1143,1144,1145,1146,1147,1148,1149,1150,1151,1152,1153,1154,1155,1156,1157,1158,1159,1160,1161,1162,1163,1164,1165,1166,1167,1177,1178,1179,1180,1181,1182,1183,1184,1185,1186,1187,1188,1189,1190,1191,1192,1193,1194,1195,1196,1197,1198,1199,1200,1201,1202,1203,1204,1205,1206,1207,1208,1209,1210,1211,1212,1220,1221,1222,1223,1224,1225,1226,1227,1228,1229,1230,1231,1232,1233,1234,1235,1236,1237,1238,1239,1240,1241,1242,1243,1244,1245,1246,1247,1248,1249,1250,1251,1252,1253,1254,1255,1264,1265,1266,1267,1268,1269,1270,1271,1272,1273,1274,1275,1276,1277,1278,1279,1280,1281,1282,1283,1284,1285,1286,1287,1288,1289,1290,1291,1292,1293,1294,1295,1296,1297,1298,1299,1306,1307,1308,1309,1310,1311,1312,1313,1314,1315,1316,1317,1318,1319,1320,1321,1322,1323,1324,1325,1326,1327,1328,1329,1330,1331,1332,1333,1334,1335,1336,1337,1338,1339,1340,1341,1342,1343
137,137,508
219,264,265,307,308,309,310,311,312,313,348,349,350,351,352,353,355,356,357,358,383,391,392,393,394,395,396,397,398,400,401,402,403,404,427,428,435,436,437,438,439,440,441,442,443,444,445,446,447,448,449,472,478,479,480,481,482,483,484,485,486,487,488,489,490,491,492,493,494,515,517,520,521,522,523,524,525,526,527,528,529,530,531,532,533,534,536,537,538,559,561,564,565,566,567,568,569,570,571,572,573,574,575,576,577,578,579,604,606,607,608,609,610,611,612,613,614,615,616,617,618,619,620,621,622,623,624,649,650,651,652,653,654,655,656,657,658,659,660,661,662,663,664,665,666,667,668,669,683,684,685,689,693,694,695,696,697,698,699,700,701,702,703,704,705,706,707,708,709,710,711,712,713,728,729,730,733,734,735,736,737,738,739,740,741,742,743,744,745,746,747,748,749,750,751,752,753,754,755,756,757,773,774,775,778,779,780,781,782,783,784,785,786,787,788,789,790,791,792,793,794,795,796,797,798,799,800,801,818,819,820,823,824,825,826,827,828,829,830,831,832,833,834,835,836,837,838,839,840,841,842,843,844,845,858,864,865,868,869,870,871,872,873,874,875,876,877,878,879,880,881,882,883,884,885,886,887,888,902,903,904,905,909,910,912,913,914,915,916,917,918,919,920,921,922,923,924,925,926,927,928,929,930,931,932,946,947,948,949,950,954,955,957,958,959,960,961,962,963,964,965,966,967,968,969,970,971,972,973,974,975,976,992,993,994,995,999,1000,1001,1002,1003,1004,1005,1006,1007,1008,1009,1010,1011,1012,1013,1014,1015,1016,1017,1018,1019,1036,1037,1038,1039,1040,1041,1042,1043,1044,1045,1046,1047,1048,1049,1050,1051,1052,1053,1054,1055,1056,1057,1058,1059,1060,1061,1062,1063,1081,1082,1083,1084,1085,1086,1087,1088,1089,1090,1091,1092,1093,1094,1095,1096,1097,1098,1099,1100,1101,1102,1103,1104,1105,1106,1126,1127,1128,1129,1130,1131,1132,1133,1134,1135,1136,1137,1138,1139,1140,1141,1142,1143,1144,1145,1146,1147,1148,1149,1171,1172,1173,1174,1175,1176,1177,1178,1179,1180,1181,1182,1183,1184,1185,1186,1187,1188,1189,1190,1191,1192,1193,1216,1217,1218,1219,1220,1221,1222,1223,1224,1225,1226,1227,1228,1229,1230,1231,1232,1234,1235,1261,1262,1263,1264,1265,1266,1267,1268,1269,1270,1271,1272,1273,1274,1275,1276,1306,1307,1308,1309,1310,1311,1312,1313,1314,1315,1316,1317,1318,1319,1350
62,62,430
26,27,28,29,30,31,32,33,34,35,36,37,38,39,40,60,72,73,74,75,76,77,78,79,80,81,82,83,84,104,105,107,108,109,110,111,112,113,117,118,119,120,121,122,123,124,127,128,129,149,150,151,152,153,154,155,156,157,159,160,161,162,163,164,165,166,185,186,194,195,198,199,200,201,202,203,204,205,206,207,208,209,210,229,230,238,239,240,242,243,244,245,246,247,248,249,250,251,252,253,255,272,273,274,275,276,281,283,284,285,287,288,289,290,291,292,293,294,295,296,297,298,299,304,305,316,317,318,319,320,321,327,328,329,330,331,332,333,334,335,336,337,338,339,340,347,349,361,362,363,364,365,366,367,371,372,373,374,375,378,379,380,381,382,383,384,389,391,406,407,408,409,410,411,412,413,414,415,416,417,418,419,423,424,425,426,427,428,430,432,433,436,451,452,453,454,455,456,457,458,459,460,461,462,463,464,468,469,470,471,472,474,475,476,477,478,479,496,497,498,499,500,501,502,503,504,505,506,507,508,511,512,513,514,515,516,517,518,519,520,521,522,523,524,541,542,543,544,545,546,547,548,549,550,551,552,553,555,557,559,560,561,562,563,565,566,567,586,587,588,589,590,591,592,593,594,595,596,597,598,599,600,602,604,605,606,610,611,631,632,633,634,635,636,637,638,639,640,641,642,643,644,647,648,649,650,651,652,676,677,678,679,680,681,682,683,684,685,686,687,690,691,693,694,695,696,721,722,723,724,725,726,727,728,729,730,733,734,737,738,739,766,767,768,769,770,771,772,773,774,775,778,779,783,784,811,812,813,814,815,816,818,819,820,824,825,826,856,857,858,859,860,862,863,864,865,869,901,902,903,904,905,906,908,909,946,947,948,949,950,951,952,953,954,955,991,992,993,994,995,996,997,998,999,1036,1037,1038,1039,1040,1041,1042,1043,1081,1082,1083,1084,1085,1126,1127,1128,1129,1130,1171,1172,1173,1174,1175,1216,1217,1218
119,119,288
1,2,3,4,5,6,7,8,9,10,11,12,13,14,15,16,17,18,19,20,21,22,23,24,25,26,27,28,29,30,31,46,47,48,49,50,51,52,53,54,55,56,57,58,59,60,61,62,63,64,65,66,67,68,69,70,71,72,73,74,91,92,93,94,95,96,97,98,99,100,101,102,103,104,105,106,107,108,109,110,111,112,113,114,115,116,117,136,137,138,139,140,141,142,143,144,145,146,147,148,149,150,151,152,153,154,155,156,157,158,159,160,181,182,183,184,185,186,187,188,189,190,191,192,193,194,195,196,197,198,199,200,201,202,203,205,226,227,228,229,230,231,232,233,234,235,236,237,238,239,240,241,242,243,244,245,246,247,271,272,273,274,275,276,277,278,279,280,281,282,283,284,285,286,287,288,289,290,291,316,317,318,319,320,321,322,323,324,325,326,327,328,329,330,331,332,333,334,361,362,363,364,365,366,367,368,369,370,371,372,373,374,375,377,406,407,408,409,410,411,412,413,414,415,416,417,418,419,451,452,453,454,455,456,457,458,459,460,461,462,463,496,497,498,499,500,501,502,503,504,505,541,542,543,544,545,546,547,548,550,586,587,588,589,590,591,592,593,594,631,632,633,634,635,636,676,677,678,679,680,721,722,723,724,766,769,773,814
128,128,194
1,2,3,4,5,6,7,8,9,10,11,12,13,14,15,16,17,18,19,20,21,22,23,24,25,46,47,48,49,50,51,52,53,54,55,56,57,58,59,60,61,62,63,64,65,66,67,91,92,93,94,95,96,97,98,99,100,101,102,103,104,105,106,107,108,109,110,111,112,136,137,138,139,140,141,142,143,144,145,146,147,148,149,150,151,152,153,154,155,156,181,182,183,184,185,186,187,188,189,190,191,192,193,194,195,196,197,200,226,227,228,229,230,231,232,233,234,235,236,237,238,239,240,241,242,271,272,273,274,275,276,277,278,279,280,281,282,283,284,285,316,317,318,319,320,321,322,323,324,325,326,327,328,361,362,363,364,365,366,367,368,369,370,371,406,407,408,409,410,411,412,413,451,452,453,454,455,456,457,496,497,498,499,500,501,502,541,542,543,544,545,586,587,588
9,9,192
1,2,3,4,5,6,7,8,9,10,11,12,13,14,15,16,17,46,47,48,49,50,51,52,53,54,55,56,57,58,59,60,61,62,66,91,92,93,94,95,96,97,98,99,100,101,102,103,104,105,106,111,136,137,138,139,140,141,142,143,144,145,146,147,148,149,150,151,152,158,181,182,183,184,185,186,187,188,191,192,193,194,200,202,226,227,228,229,230,231,232,233,235,236,237,238,239,246,271,272,273,274,275,276,277,281,282,285,287,316,317,318,319,320,321,322,327,328,330,334,336,361,362,363,364,365,366,406,407,408,409,410,411,412,451,452,453,454,455,456,462,496,497,498,499,500,501,503,541,542,543,545,546,547,549,586,587,588,589,590,591,592,594,596,631,632,634,635,639,640,676,679,681,684,728,769,772,815,819,858,908,951,991,1126,1132,1171,1172,1216,1217,1306,1307,1308
0,0,165
1,2,3,4,5,6,7,8,10,11,13,15,16,46,47,48,50,51,52,53,54,55,56,57,58,59,60,61,62,91,92,93,94,95,96,97,98,99,100,101,102,103,104,105,106,107,136,138,139,140,145,146,147,148,149,154,181,184,185,191,194,195,196,229,230,235,275,276,285,286,287,293,318,320,321,330,361,363,364,367,372,407,408,410,411,412,451,452,454,455,456,457,459,496,497,498,501,502,504,542,543,545,546,549,551,590,593,595,632,635,638,640,677,681,684,725,729,770,773,811,816,817,818,856,858,859,862,863,864,901,902,903,905,908,909,919,948,949,951,952,953,995,997,998,1000,1044,1045,1126,1132,1171,1172,1175,1177,1216,1217,1219,1221,1224,1261,1262,1267,1306,1307,1308,1310
57,57,48
8,9,10,11,51,54,55,56,99,100,101,104,363,364,408,411,455,457,497,502,545,729,814,906,907,908,951,952,953,995,996,997,1041,1042,1043,1044,1085,1086,1087,1126,1132,1171,1177,1216,1217,1262,1306,1307
106,106,70
7,8,12,55,56,57,60,66,99,100,101,102,111,145,150,154,155,200,283,285,286,290,333,335,406,454,499,500,501,507,549,593,594,637,638,639,640,682,683,685,772,811,816,861,862,901,905,906,907,946,947,951,952,953,997,998,1040,1042,1044,1126,1131,1134,1171,1176,1177,1216,1217,1267,1270,1315
38,38,53
4,6,56,60,100,101,102,104,107,145,146,152,285,287,454,455,499,547,548,591,638,639,683,726,728,729,772,773,860,902,906,908,951,952,953,954,992,997,998,1042,1043,1086,1126,1171,1172,1177,1216,1217,1222,1270,1306,1307,1315
120,120,10
329,499,638,683,862,952,997,1042,1171,1217
88,88,14
45,79,127,166,172,212,213,225,270,310,355,400,445,492
35,35,20
45,123,124,125,127,166,167,170,172,173,174,213,217,225,270,284,310,355,445,626
49,49,30
37,45,79,123,125,126,127,128,169,172,173,174,211,212,213,214,224,264,266,310,311,355,356,400,401,402,445,446,626,672
48,48,47
35,37,38,45,78,79,82,123,124,125,126,127,128,129,130,165,168,169,170,171,173,174,175,214,216,217,218,219,220,221,224,225,263,266,267,268,270,310,311,315,355,356,492,581,626,627,672
135,135,40
35,37,78,79,81,82,123,124,125,126,127,128,130,169,170,172,173,174,214,216,217,218,221,224,225,264,266,267,270,311,312,315,356,447,491,581,626,672,673,763
135,135,110
34,35,36,37,38,39,40,41,45,75,79,80,81,82,84,85,86,87,88,90,118,119,123,124,125,126,127,128,129,130,131,132,133,163,164,165,166,167,168,169,170,171,172,173,174,175,176,177,178,179,180,214,215,216,217,218,219,220,221,222,223,224,225,261,263,264,265,266,267,268,269,270,308,309,310,311,312,313,315,354,355,356,357,360,401,402,405,447,490,492,493,537,538,580,581,626,627,628,671,672,673,674,718,719,720,763,765,809,855,899
104,104,43
37,40,41,79,80,82,86,87,125,126,127,128,129,130,169,170,172,173,174,175,176,177,180,214,215,217,218,222,224,225,268,270,312,313,314,315,357,359,360,581,626,671,672
44,44,59
35,37,40,41,45,79,80,81,82,83,84,86,124,125,126,127,128,129,130,132,133,169,170,171,172,173,174,175,176,177,178,179,180,215,217,218,221,222,223,224,225,265,267,268,269,270,312,313,314,315,357,401,581,626,627,763,809,817,899
44,44,56
37,40,41,80,81,82,83,84,85,86,87,88,125,126,127,128,129,130,131,132,133,170,171,172,173,174,175,176,177,178,179,215,218,219,221,222,223,224,225,264,266,267,268,269,270,312,313,314,315,356,357,359,360,405,581,671
37,37,33
41,81,85,86,87,126,127,128,129,130,131,172,173,174,175,177,178,215,218,224,225,262,268,311,312,313,314,357,359,360,581,671,672
32,32,38
35,36,80,81,82,86,87,125,126,127,128,129,130,132,170,172,173,175,177,178,219,223,264,267,268,269,270,313,314,357,358,359,360,404,405,529,581,626
95,95,42
37,40,81,82,85,87,88,126,127,128,129,130,134,135,170,171,172,173,175,178,179,180,217,218,219,223,224,225,267,268,269,313,314,315,327,357,358,359,360,403,626,672
95,95,44
36,40,42,81,82,86,87,126,127,128,129,130,133,134,135,172,173,175,180,217,218,222,223,225,264,267,268,269,311,312,313,314,356,357,358,359,360,372,403,404,448,581,626,763
2,2,23
37,42,84,126,127,128,129,172,173,180,218,222,264,268,270,312,313,314,357,358,359,581,860
13,13,57
39,40,41,42,43,45,83,87,88,127,128,129,130,132,171,172,173,174,175,178,180,217,218,219,220,221,222,223,225,263,264,265,266,267,268,269,270,312,313,314,315,355,357,359,360,405,448,449,450,494,495,581,582,626,627,671,672
10,10,34
37,38,40,42,43,87,128,129,130,172,173,174,175,177,178,218,219,263,264,265,267,268,269,270,311,313,358,359,360,405,450,495,585,671
95,95,50
37,38,39,41,42,43,44,82,86,87,88,89,127,128,129,130,131,134,172,173,174,175,177,218,219,220,223,224,263,264,265,266,268,270,312,313,314,315,358,359,360,403,404,405,450,540,581,582,585,671
116,116,42
38,42,44,45,83,88,89,127,128,129,130,132,133,134,173,174,175,177,180,218,219,220,264,265,268,270,312,314,315,358,360,403,404,405,448,449,540,581,585,627,672,1246
9,9,45
38,39,41,42,43,88,89,90,128,129,130,133,134,173,174,175,178,180,218,219,220,223,224,264,265,266,268,270,309,310,312,314,315,355,358,359,360,403,405,448,449,450,495,540,585
63,63,30
38,39,42,43,87,88,128,129,130,132,134,173,174,175,178,179,218,219,220,225,264,265,268,270,310,359,360,403,405,540
95,95,56
39,40,41,42,44,45,83,84,87,88,89,90,128,129,130,131,132,133,134,173,174,175,178,180,218,219,220,222,223,225,264,265,266,268,270,310,311,314,315,355,358,359,360,403,404,405,448,449,450,495,540,585,626,671,717,1171
43,43,54
39,40,42,43,44,84,85,87,88,89,90,128,129,130,131,133,134,135,174,175,178,179,219,220,221,222,223,224,225,264,265,266,267,268,269,270,310,315,355,358,359,360,403,405,448,450,495,540,585,627,630,671,717,1125
53,53,52
39,40,42,43,84,87,88,89,90,130,132,133,134,135,174,175,178,179,180,219,220,221,225,265,266,268,269,270,310,311,312,314,315,359,360,404,405,448,449,450,494,540,581,585,626,627,630,672,717,1080,1125,1171
47,47,134
33,34,35,36,37,38,39,40,41,42,43,44,45,77,78,79,80,81,84,85,86,87,88,89,90,91,94,124,129,130,131,132,133,134,135,138,172,173,174,175,176,177,178,179,180,207,219,220,221,222,223,224,225,265,266,267,268,269,270,284,310,311,312,313,314,315,356,357,358,359,360,401,402,403,404,405,446,447,448,449,450,490,491,493,494,495,534,535,536,538,539,540,580,581,582,583,584,585,625,626,627,628,629,630,671,672,674,675,716,717,718,720,762,763,764,765,807,808,809,810,853,854,855,898,899,900,944,945,989,990,1034,1035,1080,1125
23,23,91
40,42,44,45,84,85,86,87,88,89,90,129,130,131,132,133,134,135,174,175,176,177,178,179,180,219,220,221,222,223,224,225,265,266,267,268,269,270,310,311,312,313,314,315,356,357,358,359,360,401,402,403,404,405,447,448,449,450,493,494,495,536,537,539,540,580,581,584,585,626,629,630,671,672,716,717,719,720,762,765,807,808,853,899,900,944,945,990,1080,1125,1171
137,137,51
41,42,43,45,85,88,90,133,134,135,174,175,177,179,219,220,221,222,223,224,267,268,269,270,310,311,313,314,315,357,358,359,360,402,403,404,447,448,449,494,495,580,581,626,629,630,672,720,762,945,1171
70,70,107
40,41,42,43,44,45,55,85,86,87,88,89,90,130,131,132,133,134,135,175,176,177,178,179,180,220,221,222,223,224,225,265,266,267,268,269,270,311,312,313,314,315,356,357,358,359,360,401,402,403,404,405,447,448,449,450,490,491,492,493,494,495,536,538,539,540,580,581,584,585,625,626,628,629,630,671,672,673,674,675,716,717,718,719,720,762,763,764,765,807,808,809,810,852,853,854,855,898,899,900,944,945,990,1035,1080,1125,1170
70,70,92
41,42,43,44,45,85,86,87,88,89,90,130,131,132,133,134,135,175,176,177,178,179,180,220,221,222,223,224,225,266,267,268,269,270,311,312,313,314,315,356,357,358,359,360,402,403,404,405,447,448,449,450,491,493,494,495,535,536,539,540,580,581,584,585,625,626,629,630,670,671,675,716,717,720,762,763,765,807,808,810,853,854,855,899,900,943,944,945,988,990,1080,1125
45,45,52
41,42,44,45,85,86,87,89,130,133,175,177,178,179,222,223,224,268,269,311,312,313,314,315,357,358,359,360,403,404,405,447,448,449,493,536,539,580,581,585,625,626,629,630,670,675,717,720,900,944,945,990
16,16,55
1081,1082,1083,1126,1127,1128,1129,1130,1171,1172,1173,1174,1175,1176,1177,1178,1216,1217,1218,1219,1220,1221,1222,1223,1224,1225,1226,1261,1262,1263,1264,1265,1266,1267,1268,1269,1270,1271,1272,1273,1306,1307,1308,1309,1310,1311,1312,1313,1314,1315,1316,1317,1318,1319,1320
79,79,192
721,766,767,768,769,811,812,813,814,856,857,858,859,860,901,902,903,904,905,906,907,908,946,947,948,949,950,951,952,953,954,955,958,991,992,993,994,995,996,997,998,999,1000,1001,1002,1003,1004,1005,1006,1036,1037,1038,1039,1040,1041,1044,1045,1046,1047,1048,1049,1050,1051,1052,1082,1084,1085,1086,1087,1088,1090,1091,1092,1093,1094,1095,1096,1097,1098,1099,1100,1101,1128,1129,1130,1131,1132,1133,1134,1135,1136,1137,1138,1139,1140,1141,1142,1143,1144,1145,1146,1147,1148,1149,1175,1176,1177,1178,1179,1180,1181,1182,1183,1184,1185,1186,1187,1188,1189,1190,1191,1192,1193,1194,1195,1196,1221,1222,1223,1225,1226,1227,1228,1229,1230,1231,1232,1233,1234,1235,1236,1237,1238,1239,1240,1241,1242,1243,1267,1268,1269,1270,1271,1272,1273,1275,1276,1277,1278,1279,1280,1281,1282,1283,1284,1285,1286,1287,1288,1289,1290,1314,1315,1316,1317,1320,1322,1323,1324,1325,1326,1327,1328,1329,1330,1331,1332,1333,1334,1335,1336,1337
64,64,344
316,317,318,361,362,363,364,365,406,407,408,409,410,411,412,423,451,452,453,454,455,456,496,497,498,499,500,501,502,541,542,543,544,545,546,550,551,586,587,588,589,590,591,592,593,594,595,596,597,600,601,631,632,633,634,635,636,638,639,640,641,643,644,645,646,676,677,678,679,680,681,682,683,684,685,686,688,689,690,691,692,693,695,696,721,722,723,724,725,729,730,733,734,735,736,737,738,739,740,741,766,767,768,769,770,774,775,779,780,781,782,783,784,785,786,787,788,789,814,819,825,826,827,828,829,830,831,832,833,834,835,836,837,859,864,870,871,872,873,874,875,876,877,878,879,880,881,882,883,884,909,915,916,917,918,919,920,921,922,923,924,925,926,927,928,929,930,931,958,959,960,961,962,963,964,965,966,967,968,969,970,971,972,973,974,975,976,977,978,1001,1002,1003,1004,1005,1006,1007,1008,1009,1010,1011,1012,1013,1014,1015,1016,1017,1018,1019,1020,1021,1022,1023,1024,1025,1048,1049,1050,1052,1054,1055,1056,1057,1058,1059,1060,1061,1062,1063,1064,1065,1066,1067,1068,1069,1070,1071,1072,1099,1100,1102,1103,1104,1105,1106,1107,1108,1109,1110,1111,1112,1113,1114,1115,1116,1117,1118,1119,1148,1149,1150,1151,1152,1153,1154,1155,1156,1157,1158,1159,1160,1161,1162,1163,1164,1165,1166,1167,1195,1197,1198,1199,1200,1201,1202,1203,1204,1205,1206,1207,1208,1209,1210,1211,1212,1213,1214,1240,1242,1243,1244,1245,1246,1247,1248,1249,1250,1251,1252,1253,1254,1255,1256,1257,1258,1259,1260,1289,1290,1291,1292,1293,1294,1295,1296,1297,1298,1299,1300,1301,1302,1303,1304,1305,1340,1341,1342,1343,1344,1345,1346,1347,1348,1349,1350
130,130,482
1,2,3,4,5,6,7,8,46,47,48,49,50,51,52,53,54,91,92,93,94,95,96,97,98,99,100,101,136,137,138,139,140,141,142,143,144,145,146,147,181,182,183,184,185,186,187,188,189,190,191,192,194,195,196,226,227,228,229,230,231,232,233,234,235,236,237,238,239,240,241,242,243,271,272,273,274,275,276,277,278,279,280,281,282,283,284,285,286,287,288,289,290,291,292,316,317,318,319,320,321,322,323,324,325,326,327,328,329,330,331,332,333,334,335,336,337,338,361,362,363,364,365,366,367,368,369,370,371,372,373,374,375,376,377,378,379,380,381,382,383,406,407,408,409,410,411,412,413,414,417,418,419,420,421,422,423,424,425,426,427,428,429,430,431,451,452,453,454,455,456,457,458,459,462,463,465,466,467,468,469,470,471,472,473,474,475,476,477,478,498,499,500,501,502,503,507,508,509,510,511,512,513,514,515,516,517,518,519,520,521,522,523,524,525,526,544,545,546,547,548,551,552,553,554,555,556,557,560,561,562,563,564,565,566,567,568,569,570,571,572,573,590,591,592,596,597,598,599,600,601,602,605,606,607,608,609,610,611,612,613,614,615,616,617,618,619,620,621,641,642,643,644,645,646,651,652,653,654,655,656,657,658,659,660,661,662,663,664,665,666,667,668,685,686,687,688,689,690,691,696,697,699,700,701,704,705,706,707,708,709,710,711,712,713,714,715,730,732,733,734,735,736,741,742,744,746,748,749,750,751,752,753,754,755,756,757,758,759,760,761,762,763,777,778,779,780,781,785,786,787,790,793,794,795,796,797,798,799,800,801,802,803,804,805,806,807,808,809,821,822,823,824,825,830,831,840,841,842,843,844,845,846,847,848,849,850,851,852,853,854,855,867,868,869,876,887,888,889,890,891,892,893,894,895,896,897,898,899,900,933,934,935,936,937,938,939,940,941,942,943,944,945,977,979,980,981,982,983,984,985,986,987,988,989,990,1023,1025,1027,1028,1029,1030,1031,1032,1033,1034,1035,1072,1073,1074,1075,1076,1077,1078,1079,1080,1117,1118,1119,1120,1121,1122,1123,1124,1125,1164,1165,1166,1167,1168,1169,1170,1212,1213,1214,1215,1257,1258,1259,1305,1349,1350
130,130,501
1,2,3,4,5,6,7,8,9,10,11,12,13,14,15,16,17,18,19,20,21,22,23,24,25,26,27,28,29,46,47,48,49,50,51,52,53,54,55,56,57,58,59,60,61,62,63,64,65,66,67,68,69,70,71,72,73,74,75,76,77,90,91,92,93,94,95,96,97,98,99,100,101,102,104,105,106,107,108,109,110,111,112,113,114,115,116,117,118,119,120,121,122,123,138,139,140,141,142,143,144,145,146,147,148,149,150,151,152,153,154,155,156,157,158,159,160,161,162,163,164,165,166,167,168,169,170,171,185,186,187,188,189,190,191,192,193,194,195,196,197,198,199,200,201,202,203,204,205,206,207,208,209,210,211,212,213,214,215,216,217,218,231,232,233,234,235,236,237,238,239,240,241,242,243,244,245,246,247,248,249,250,251,252,253,254,255,256,257,258,259,260,261,262,263,264,265,277,278,279,282,283,285,286,287,288,289,290,291,292,293,294,295,296,297,298,299,300,301,302,303,304,305,306,307,308,309,310,311,312,323,328,329,330,331,332,333,334,335,336,337,338,339,340,341,342,343,344,345,346,347,348,349,350,351,352,353,354,355,356,357,358,359,373,375,376,377,378,379,380,381,382,383,384,385,386,387,388,389,390,391,392,393,394,395,396,397,398,399,400,401,402,403,404,405,418,420,421,422,423,424,425,426,427,428,429,430,431,432,433,434,435,436,437,438,439,440,441,442,443,444,445,446,447,448,449,450,466,467,468,469,471,472,473,474,475,478,479,480,481,482,483,484,485,486,487,488,489,490,491,492,493,494,495,512,517,518,519,521,524,525,526,527,528,529,530,531,532,533,534,535,536,537,538,539,540,561,562,563,564,571,572,573,574,575,576,577,578,579,580,581,582,583,584,585,607,608,609,616,617,618,619,620,621,622,623,624,625,626,627,628,629,630,654,661,662,664,665,666,667,668,669,670,671,672,673,674,675,707,709,710,711,712,713,714,715,716,717,718,719,720,753,755,756,757,758,759,760,761,762,763,764,765,798,799,800,801,802,803,804,805,806,807,808,809,810,844,845,846,847,848,849,850,851,852,853,854,855,890,891,892,893,894,895,896,897,898,899,900,936,937,938,940,941,942,943,944,984,987,989,990
61,61,446
1,3,4,5,6,7,8,9,10,11,12,13,14,15,16,17,18,19,20,21,22,23,24,25,26,27,28,29,30,31,32,33,34,35,36,37,38,39,40,41,42,43,44,45,50,52,53,54,55,56,57,58,59,60,61,62,63,64,65,66,67,68,69,70,71,72,73,74,75,76,77,78,79,80,81,82,83,84,85,86,87,88,89,90,97,98,99,100,101,102,103,104,105,106,107,108,109,110,111,112,113,114,115,116,117,118,119,120,121,122,123,124,125,126,127,128,129,130,131,132,133,134,135,144,145,146,147,148,149,150,151,152,153,154,155,156,157,158,159,160,161,162,163,164,165,166,167,168,169,170,171,172,173,174,175,176,177,178,179,180,190,191,192,193,194,195,196,197,198,199,200,201,202,203,204,205,206,207,208,209,210,211,212,213,214,215,216,217,218,219,220,221,222,223,224,225,237,238,239,240,241,242,243,244,245,246,247,248,249,250,251,252,253,254,255,256,257,258,259,260,261,262,263,264,265,266,267,268,269,270,280,285,286,287,288,289,290,291,292,293,294,295,296,297,298,299,300,301,302,303,304,305,306,307,308,309,310,311,312,313,314,315,331,332,333,334,335,337,338,339,340,341,342,343,344,345,346,347,348,349,350,351,352,353,354,355,356,357,358,359,360,378,379,381,382,384,385,386,387,388,389,390,391,392,393,394,395,396,397,398,399,400,401,402,403,404,405,430,431,432,433,434,435,436,437,438,439,440,441,442,443,444,445,446,447,448,449,450,477,478,479,480,481,482,483,484,485,486,487,488,489,490,491,492,493,494,495,523,524,525,526,527,528,529,530,531,532,533,534,535,536,537,538,539,540,570,571,572,573,574,575,576,577,578,579,580,581,582,583,584,585,616,617,618,619,620,621,622,623,624,625,626,627,628,629,630,663,664,665,666,667,668,669,670,671,672,673,674,675,708,710,711,712,713,714,715,716,717,718,719,720,756,757,758,759,760,761,762,763,764,765,801,807,808,809,810
20,20,386
4,5,7,8,9,10,11,12,13,14,15,16,17,18,19,20,21,22,23,24,25,26,27,28,29,30,31,32,33,34,35,36,37,38,39,40,41,42,43,44,45,50,53,54,55,56,57,58,59,60,61,62,63,64,65,66,67,68,69,70,71,72,73,74,75,76,77,78,79,80,81,82,83,84,85,86,87,88,89,90,99,100,101,102,103,104,105,106,107,108,109,110,111,112,113,114,115,116,117,118,119,120,121,122,123,124,125,126,127,128,129,130,131,132,133,134,135,145,146,147,148,149,150,151,152,153,154,155,156,157,158,159,160,161,162,163,164,165,166,167,168,169,170,171,172,173,174,175,176,177,178,179,180,191,192,193,194,195,196,197,198,199,200,201,202,203,204,205,206,207,208,209,210,211,212,213,214,215,216,217,218,219,220,221,222,223,224,225,240,241,243,244,245,246,247,248,249,250,251,252,253,254,255,256,257,258,259,260,261,262,263,264,265,266,267,268,269,270,289,290,291,292,293,294,295,296,297,298,299,300,301,302,303,304,305,306,307,308,309,310,311,312,313,314,315,334,337,338,339,340,341,342,343,344,345,346,347,348,349,350,351,352,353,354,355,356,357,358,359,360,382,386,387,388,389,390,391,392,393,394,395,396,397,398,399,400,401,402,403,404,405,433,434,435,436,437,438,439,440,441,442,443,444,445,446,447,448,449,450,478,479,480,481,482,483,484,485,486,487,488,489,490,491,492,493,494,495,525,526,527,528,529,530,531,532,533,534,535,536,537,538,539,540,572,574,575,576,577,578,579,580,581,582,583,584,585,618,620,621,622,623,625,626,627,628,629,630,665,666,667,671,672,673,674,675,717,718,719,720,763,764,765,808,810,855,868
116,116,352
5,6,7,9,10,11,12,13,14,15,16,17,18,19,20,21,22,23,24,25,26,27,28,29,30,31,32,33,34,35,36,37,38,39,40,41,42,43,44,45,51,53,54,55,56,57,58,59,60,61,62,63,64,65,66,67,68,69,70,71,72,73,74,75,76,77,78,79,80,81,82,83,84,85,86,87,88,89,90,98,99,100,101,102,103,104,105,106,107,108,109,110,111,112,113,114,115,116,117,118,119,120,121,122,123,124,125,126,127,128,129,130,131,132,133,134,135,145,146,147,148,149,150,151,152,153,154,155,156,157,158,159,160,161,162,163,164,165,166,167,168,169,170,171,172,173,174,175,176,177,178,179,180,191,192,193,194,195,196,198,199,200,201,202,203,204,205,206,207,208,209,210,211,212,213,214,215,216,217,218,219,220,221,222,223,224,225,236,239,240,242,243,244,245,246,248,249,250,251,252,253,254,255,256,257,258,259,260,261,262,263,264,265,266,267,268,269,270,289,290,292,293,294,295,296,297,298,300,301,302,303,304,305,306,307,308,309,310,311,312,313,314,315,340,342,343,344,345,346,347,348,349,350,351,352,353,354,355,356,357,358,359,360,387,388,389,390,391,392,393,394,395,396,397,398,399,400,401,402,403,404,405,433,434,435,436,437,438,439,440,441,442,443,444,445,446,447,448,449,450,479,480,481,482,483,484,485,486,487,488,489,490,491,492,493,494,495,527,528,529,530,531,532,535,536,537,538,539,540,574,575,576,577,581,582,583,584,585,620,621,622,627,628,629,630,666,667,673,674,675,720,765
137,137,309
7,9,10,11,12,13,14,15,16,17,18,19,20,21,22,23,25,26,27,28,29,30,31,32,33,34,35,36,37,38,39,40,41,42,43,44,45,54,55,56,57,58,59,60,61,62,63,64,65,66,67,69,70,71,72,73,74,75,76,77,78,79,80,81,82,83,84,85,86,87,88,89,90,99,100,101,102,103,104,105,106,107,108,109,110,114,115,117,118,119,120,121,122,123,124,125,126,127,128,129,130,131,132,133,134,135,145,146,147,148,149,150,151,152,153,154,155,156,158,159,160,161,162,163,164,165,166,167,168,169,170,171,172,173,174,175,176,177,178,179,180,191,193,194,195,196,198,199,200,201,206,207,208,209,210,212,213,214,215,216,217,218,219,220,221,222,223,224,225,239,240,241,242,243,244,245,248,249,250,253,254,255,256,257,258,259,260,261,262,263,264,265,266,267,268,269,270,286,287,288,289,290,292,293,294,298,300,301,302,303,304,305,306,307,308,309,310,311,312,313,314,315,330,331,332,334,338,344,346,347,348,349,350,351,352,353,354,355,356,357,358,359,360,375,384,385,387,391,393,394,395,396,397,398,400,401,402,403,404,405,420,433,440,442,443,446,447,449,450,471,472,479,480,482,483,485,486,488,491,492,493,494,495,524,526,529,537,538,539,540,560,571,576,583,584,585,615,616,620,621,622,628,629,630,664,665,666,708,710
116,116,278
9,10,11,12,13,14,15,16,17,18,19,20,21,28,29,30,31,32,33,34,35,36,37,38,39,40,41,42,43,44,45,53,54,55,56,57,58,59,60,61,62,63,64,65,73,74,75,76,77,78,79,80,81,82,83,84,85,86,87,88,89,90,99,100,101,102,103,104,105,106,107,108,109,110,120,121,122,123,124,125,126,127,128,129,130,131,132,133,134,135,145,146,147,148,149,150,151,152,153,154,155,166,167,168,169,170,171,172,173,174,175,176,177,178,179,180,191,194,195,196,197,198,199,200,214,216,217,218,219,220,221,222,223,224,225,239,240,241,242,243,244,245,249,250,251,255,256,259,260,261,262,263,264,265,266,267,268,269,270,281,282,285,286,288,289,293,294,295,296,297,300,301,304,305,306,307,308,309,310,311,312,313,314,315,330,331,338,339,340,341,342,348,350,351,352,353,354,355,356,357,358,359,360,375,386,387,396,397,398,401,402,403,404,405,415,419,420,431,432,442,443,446,447,449,450,470,475,478,492,494,495,521,524,531,560,565,566,567,569,571,575,576,577,610,611,612,613,615,617,619,620,621,622,655,656,657,658,663,664,665,666,700,701,702,703,709,747,748,749,750,754,793,794,795,796,798,799,801
127,127,230
1,4,5,6,7,8,9,10,11,12,13,14,15,16,17,18,19,20,21,34,37,38,39,40,41,42,43,44,45,47,49,50,51,52,53,54,55,56,57,58,59,60,61,62,63,64,65,76,77,78,79,84,85,86,87,88,89,90,96,97,98,99,100,101,102,103,104,105,106,107,108,109,110,123,125,126,127,128,129,130,131,132,133,134,135,143,144,145,146,147,148,149,150,151,152,153,154,155,169,172,173,174,175,176,177,178,180,190,191,193,194,195,196,197,198,199,200,216,220,221,223,225,235,236,237,239,240,241,243,244,249,250,266,268,270,280,281,282,284,285,286,288,289,291,293,294,295,296,297,307,313,314,315,326,327,329,330,331,335,338,339,340,341,342,354,357,359,371,375,384,385,386,387,401,414,416,419,431,432,450,470,475,476,477,478,479,493,514,515,516,517,518,519,522,523,524,525,526,541,558,567,568,569,570,571,576,612,613,614,615,616,620,621,654,656,658,665,666,698,699,701,702,743,744,921,1189,1190,1233,1235,1279
45,45,207
1,3,4,5,6,7,8,9,10,11,12,13,14,15,16,17,18,19,20,40,41,42,43,44,45,46,49,51,52,53,54,55,56,57,58,59,60,62,63,64,65,86,87,88,96,97,98,99,100,101,102,103,104,105,106,108,109,132,143,144,145,146,147,148,149,150,151,152,153,154,171,172,173,189,190,191,192,194,195,196,197,198,199,234,235,236,237,240,241,242,243,244,272,276,278,281,284,285,286,290,292,294,295,296,307,321,322,326,327,330,339,341,342,353,362,368,375,384,387,396,397,407,414,422,428,432,446,451,465,473,478,497,498,500,514,516,519,541,542,560,561,562,563,564,569,576,586,587,606,614,620,657,665,676,698,699,701,702,711,721,739,742,743,744,748,750,766,769,787,788,819,825,832,833,837,856,966,997,1010,1053,1096,1130,1137,1141,1142,1184,1187,1188,1189,1190,1191,1192,1229,1232,1233,1234,1235,1237,1275,1277,1279,1280,1315,1322,1323,1324,1327
93,93,162
8,9,10,11,12,16,17,18,19,39,41,42,45,54,55,56,57,58,59,60,61,62,63,85,87,90,99,100,101,102,103,104,105,106,107,108,142,143,145,146,147,148,149,151,152,153,188,191,192,193,196,197,198,208,212,232,233,236,239,240,241,242,243,253,277,280,281,284,285,286,287,293,294,295,296,298,318,325,326,327,338,339,340,341,342,363,370,371,372,376,383,384,385,386,387,408,414,415,416,419,420,421,432,459,463,464,465,466,470,473,474,477,478,504,508,509,510,514,515,517,518,519,522,523,524,525,549,554,558,559,560,562,567,568,569,570,571,593,603,604,605,614,615,638,648,649,682,684,692,693,699,700,1057,1098,1099,1102,1143,1144,1147,1148,1301,1346
25,25,150
2,3,5,7,8,9,10,11,12,13,14,15,46,47,51,53,54,55,56,57,58,59,60,61,62,92,97,99,100,101,102,103,105,107,136,143,144,145,146,147,150,151,152,187,188,189,190,191,192,195,232,233,234,237,239,271,277,281,284,289,319,330,362,364,366,369,376,377,383,408,410,411,412,425,455,497,498,499,501,519,541,543,544,558,563,565,586,588,631,632,648,655,676,678,692,710,721,739,740,741,744,746,755,766,784,785,788,822,825,829,830,832,833,872,874,875,876,877,910,922,928,949,994,1005,1050,1053,1098,1127,1129,1137,1144,1173,1176,1190,1218,1219,1220,1223,1233,1235,1237,1238,1262,1268,1282,1283,1315,1316,1323,1327
37,37,116
2,8,9,10,11,12,13,14,15,16,47,53,54,55,56,57,60,62,96,98,99,100,101,102,104,105,136,137,142,143,144,145,146,147,150,151,187,188,189,190,195,233,234,273,319,321,363,364,366,383,406,407,410,411,452,453,455,473,474,496,498,499,518,519,541,544,562,563,564,587,607,632,650,676,692,696,721,743,744,787,788,793,800,832,833,877,878,921,1010,1011,1095,1098,1130,1148,1178,1190,1191,1218,1219,1220,1232,1236,1237,1238,1264,1270,1271,1278,1279,1280,1281,1283,1310,1311,1323,1328
86,86,100
4,8,9,10,11,12,13,14,15,47,52,53,54,55,56,57,58,59,60,61,96,97,98,99,100,101,102,103,104,105,136,137,142,143,144,145,146,147,149,150,187,188,189,190,227,228,233,234,272,273,274,319,365,366,383,406,408,417,496,497,499,519,541,544,563,564,632,652,655,676,721,741,766,780,787,788,832,833,870,876,921,924,960,1000,1008,1010,1085,1095,1178,1191,1217,1220,1232,1235,1236,1263,1264,1309,1310,1328
13,13,98
4,8,9,10,11,12,13,14,47,53,54,55,56,57,60,92,95,99,100,101,102,104,136,144,145,146,147,150,186,187,188,190,191,226,232,233,234,272,274,319,320,363,364,365,366,383,407,410,452,453,455,496,497,498,499,518,519,541,544,563,564,586,587,588,632,633,665,677,696,697,721,771,787,788,824,832,833,877,921,994,1010,1011,1046,1050,1085,1095,1127,1140,1172,1218,1219,1237,1263,1264,1278,1325,1326,1328
13,13,105
4,8,9,10,11,12,13,14,47,53,54,55,56,57,58,92,98,99,100,101,102,138,143,144,145,146,147,181,188,189,190,191,196,227,228,231,232,233,234,273,274,278,318,319,364,365,366,383,408,410,451,452,455,467,496,497,498,519,541,542,544,563,564,586,587,588,608,610,631,632,652,676,748,788,800,825,832,833,870,877,922,926,949,959,960,1005,1046,1050,1127,1140,1172,1173,1190,1191,1218,1235,1236,1262,1276,1278,1283,1323,1324,1325,1327
1,1,104
8,9,10,13,53,54,55,56,57,58,92,99,100,101,102,105,136,141,143,144,145,146,147,181,186,187,188,189,190,191,226,227,232,233,234,243,272,273,278,279,318,319,320,321,323,364,365,383,407,408,410,452,453,455,467,496,497,498,541,542,543,563,564,586,587,588,631,632,676,711,741,756,788,832,833,877,921,922,949,960,963,993,1005,1046,1050,1095,1139,1184,1185,1186,1191,1235,1236,1237,1262,1265,1278,1279,1281,1283,1310,1323,1324,1328
98,98,99
8,9,10,13,53,54,55,56,57,92,99,100,101,102,103,141,144,145,146,181,189,190,232,233,272,273,274,276,278,319,321,323,324,364,383,410,451,452,453,455,467,496,497,498,499,541,542,544,564,586,587,607,631,632,653,654,665,676,697,721,742,745,771,788,793,866,870,877,910,916,922,948,960,993,1000,1005,1010,1038,1045,1046,1095,1126,1127,1172,1184,1185,1217,1220,1232,1237,1262,1278,1279,1281,1310,1324,1325,1327,1328
86,86,104
8,9,10,11,53,54,55,56,57,58,92,93,99,100,101,102,103,136,139,140,141,144,145,146,147,181,186,187,189,191,192,231,232,233,272,274,275,278,279,316,317,318,319,321,363,364,366,383,407,409,410,452,453,455,467,496,497,500,541,542,544,586,587,609,631,632,650,697,701,725,742,748,833,872,877,882,916,921,922,949,959,960,963,994,1000,1005,1010,1050,1091,1134,1139,1172,1185,1186,1217,1232,1234,1278,1279,1281,1323,1324,1326,1327
80,80,121
7,11,12,53,54,55,60,98,99,100,105,106,143,144,145,146,149,150,151,170,171,189,190,191,192,193,194,195,196,215,216,235,236,237,238,239,240,241,260,281,282,283,284,285,286,305,327,328,329,330,346,347,377,390,391,392,393,415,416,422,429,430,431,433,434,435,436,437,438,460,461,473,474,475,479,482,483,508,553,554,564,565,577,598,599,608,609,643,644,665,688,689,710,738,783,784,785,791,827,828,829,830,836,872,873,917,918,1146,1190,1191,1235,1236,1237,1238,1280,1281,1282,1283,1327,1328,1329
136,136,129
4,7,8,9,10,11,12,13,15,47,52,53,54,55,56,57,58,60,91,97,98,99,100,101,102,103,137,142,144,145,146,147,148,187,189,190,233,234,235,236,272,275,281,282,317,318,319,320,332,333,362,363,364,365,371,377,451,453,496,497,541,564,586,587,588,591,608,631,644,653,676,694,697,698,739,741,742,787,790,791,837,877,878,879,881,882,910,921,922,947,962,966,967,968,969,972,991,992,1005,1009,1010,1013,1014,1017,1036,1050,1054,1082,1126,1127,1172,1191,1217,1219,1220,1262,1265,1266,1267,1280,1281,1282,1283,1311,1325,1326,1327,1328,1343
60,60,118
3,4,7,8,9,10,11,12,14,15,49,51,52,54,55,56,57,60,98,99,100,101,102,137,144,145,146,147,148,181,187,188,189,190,228,233,234,235,236,271,272,274,275,281,282,286,294,316,317,318,319,320,327,332,333,365,407,408,451,452,454,496,497,499,541,542,544,564,586,587,632,644,653,676,689,693,698,739,742,745,784,787,790,878,882,910,917,922,926,947,962,963,991,1036,1081,1082,1126,1127,1132,1135,1172,1174,1176,1191,1220,1221,1264,1266,1267,1268,1281,1283,1319,1324,1325,1326,1327,1328
75,75,115
1,2,3,4,6,7,8,9,10,11,12,13,15,50,53,54,55,56,57,58,60,91,95,98,99,100,101,102,103,144,145,146,147,148,189,190,226,228,234,235,236,272,273,274,281,282,317,318,319,321,327,328,333,362,363,364,365,371,407,408,422,451,452,453,454,496,497,498,499,519,541,542,553,586,588,632,633,653,654,676,689,698,742,922,925,926,947,967,991,992,1002,1036,1037,1047,1081,1082,1127,1171,1172,1176,1177,1220,1221,1234,1262,1264,1265,1266,1267,1298,1311,1312,1326,1327,1343
16,16,150
1,3,4,6,7,8,9,10,11,12,13,46,50,53,54,55,56,57,58,91,94,95,96,98,99,100,101,102,103,137,141,143,144,145,146,147,148,182,185,189,190,191,226,227,228,233,234,235,236,272,273,274,275,276,279,280,281,282,317,318,319,320,321,326,327,328,332,333,362,363,364,365,368,377,407,409,422,423,451,452,453,454,467,496,497,499,520,541,542,544,586,587,588,595,609,631,632,636,648,653,654,676,689,692,698,733,734,742,787,832,924,947,972,991,992,1005,1036,1037,1081,1082,1126,1127,1129,1130,1137,1140,1171,1174,1175,1176,1217,1219,1220,1222,1235,1256,1265,1266,1267,1270,1302,1311,1312,1315,1319,1321,1324,1325,1327,1347
136,136,155
3,4,6,7,8,9,10,11,12,13,51,54,55,56,57,58,94,98,99,100,101,102,103,137,142,143,144,145,147,148,189,190,191,221,226,227,228,233,234,235,236,271,272,273,274,280,281,282,283,316,317,318,319,320,326,327,328,329,332,333,362,363,365,372,373,377,407,408,409,422,451,452,453,467,496,497,508,541,542,553,586,595,598,608,609,610,631,632,634,636,640,643,644,653,654,655,656,688,689,697,698,701,733,747,787,790,791,792,793,825,832,835,836,837,838,880,881,882,925,926,947,967,968,975,976,992,1019,1020,1037,1081,1083,1084,1127,1130,1171,1175,1176,1220,1221,1259,1266,1267,1270,1302,1304,1305,1311,1312,1313,1327,1343,1347,1348,1349,1350
132,132,174
9,10,11,12,13,54,55,56,57,58,99,100,102,144,145,176,189,190,221,235,236,265,266,280,281,326,327,328,372,550,562,563,564,565,594,595,598,599,607,608,609,611,612,639,640,643,644,652,653,654,656,657,688,689,697,698,700,701,702,733,745,746,747,748,749,750,790,791,792,793,794,834,835,836,837,838,839,840,843,875,879,880,881,882,883,884,885,886,887,888,919,920,923,924,925,926,927,928,929,930,931,932,933,967,968,969,970,971,972,973,974,975,976,977,990,1013,1014,1015,1016,1017,1018,1019,1020,1021,1022,1035,1063,1064,1065,1066,1067,1079,1080,1107,1108,1109,1110,1111,1124,1125,1154,1155,1169,1170,1210,1211,1212,1213,1214,1215,1255,1256,1257,1258,1259,1260,1295,1296,1297,1300,1301,1302,1303,1304,1305,1334,1342,1343,1345,1346,1347,1348,1349,1350
5,5,229
9,10,11,12,13,54,55,57,99,100,144,145,189,190,235,423,468,513,550,553,557,558,559,564,595,603,640,643,652,688,689,733,818,852,855,874,878,879,881,886,889,891,897,898,900,918,923,924,925,926,930,931,932,933,934,935,936,937,939,943,945,967,968,969,971,974,975,976,977,979,980,982,984,988,990,1015,1016,1019,1020,1021,1022,1023,1024,1025,1026,1027,1030,1031,1034,1035,1059,1064,1065,1066,1067,1068,1070,1071,1072,1073,1074,1075,1076,1077,1078,1079,1080,1107,1110,1111,1112,1113,1114,1116,1117,1118,1119,1120,1121,1122,1123,1124,1125,1151,1152,1153,1154,1155,1156,1157,1158,1159,1160,1161,1162,1163,1164,1165,1166,1167,1168,1169,1170,1196,1197,1198,1199,1200,1201,1202,1203,1204,1205,1206,1207,1208,1209,1210,1211,1212,1213,1214,1215,1239,1240,1241,1242,1243,1244,1245,1246,1247,1248,1249,1250,1251,1252,1253,1254,1255,1256,1257,1258,1259,1260,1285,1286,1287,1288,1289,1290,1291,1292,1293,1294,1295,1296,1297,1298,1299,1300,1301,1302,1303,1304,1305,1325,1329,1330,1331,1332,1333,1334,1335,1336,1337,1338,1339,1340,1341,1342,1343,1344,1345,1346,1347,1348,1349,1350
81,81,299
10,11,12,54,99,144,189,225,640,673,675,689,718,719,720,733,750,754,762,763,764,765,799,800,805,806,807,808,809,810,846,847,849,850,851,852,853,854,855,878,888,889,890,891,892,893,894,895,896,897,898,899,900,923,930,933,934,935,936,937,938,939,940,941,942,943,944,945,967,968,970,971,972,975,976,977,978,979,980,981,982,983,984,985,986,987,988,989,990,1013,1015,1016,1017,1018,1019,1020,1021,1022,1023,1024,1025,1026,1027,1028,1029,1030,1031,1032,1033,1034,1035,1059,1060,1061,1062,1063,1064,1065,1066,1067,1068,1069,1070,1071,1072,1073,1074,1075,1076,1077,1078,1079,1080,1097,1103,1104,1105,1106,1107,1108,1109,1110,1111,1112,1113,1114,1115,1116,1117,1118,1119,1120,1121,1122,1123,1124,1125,1146,1148,1149,1150,1151,1152,1153,1154,1155,1156,1157,1158,1159,1160,1161,1162,1163,1164,1165,1166,1167,1168,1169,1170,1185,1191,1193,1194,1195,1196,1197,1198,1199,1200,1201,1202,1203,1204,1205,1206,1207,1208,1209,1210,1211,1212,1213,1214,1215,1231,1234,1235,1236,1237,1238,1239,1240,1241,1242,1243,1244,1245,1246,1247,1248,1249,1250,1251,1252,1253,1254,1255,1256,1257,1258,1259,1260,1271,1272,1275,1276,1277,1279,1280,1281,1282,1283,1284,1285,1286,1287,1288,1289,1290,1291,1292,1293,1294,1295,1296,1297,1298,1299,1300,1301,1302,1303,1304,1305,1317,1319,1320,1321,1322,1323,1324,1325,1326,1327,1328,1329,1330,1331,1332,1333,1334,1335,1336,1337,1338,1339,1340,1341,1342,1343,1344,1345,1346,1347,1348,1349,1350
5,5,328
18,356,371,416,417,418,421,450,461,462,465,466,520,540,564,565,585,630,674,675,687,699,717,718,719,720,732,733,742,761,762,763,764,765,777,778,779,787,801,803,804,805,806,807,808,809,810,822,823,824,847,848,849,850,851,852,853,854,855,890,891,892,893,894,895,896,897,898,899,900,924,925,927,928,929,932,933,934,935,936,937,939,940,941,942,943,944,945,965,966,969,970,971,972,973,974,976,977,978,979,980,981,982,983,984,985,986,987,988,989,990,1011,1012,1013,1014,1015,1016,1017,1018,1019,1020,1021,1022,1023,1024,1025,1026,1027,1028,1029,1030,1031,1032,1033,1034,1035,1057,1058,1059,1060,1061,1062,1063,1064,1065,1066,1067,1068,1069,1070,1071,1072,1073,1074,1075,1076,1077,1078,1079,1080,1097,1102,1103,1104,1105,1106,1107,1108,1109,1110,1111,1112,1113,1114,1115,1116,1117,1118,1119,1120,1121,1122,1123,1124,1125,1142,1143,1146,1147,1148,1149,1150,1151,1152,1153,1154,1155,1156,1157,1158,1159,1160,1161,1162,1163,1164,1165,1166,1167,1168,1169,1170,1188,1189,1191,1192,1193,1194,1195,1196,1197,1198,1199,1200,1201,1202,1203,1204,1205,1206,1207,1208,1209,1210,1211,1212,1213,1214,1215,1232,1233,1235,1237,1238,1239,1240,1241,1242,1243,1244,1245,1246,1247,1248,1249,1250,1251,1252,1253,1254,1255,1256,1257,1258,1259,1260,1275,1276,1277,1278,1279,1280,1281,1282,1283,1284,1285,1286,1287,1288,1289,1290,1291,1292,1293,1294,1295,1296,1297,1298,1299,1300,1301,1302,1303,1304,1305,1319,1320,1321,1322,1324,1325,1326,1327,1328,1329,1330,1331,1332,1333,1334,1335,1336,1337,1338,1339,1340,1341,1342,1343,1344,1345,1346,1347,1348,1349,1350
20,20,394
404,449,450,494,495,539,540,583,584,585,627,628,629,630,669,671,672,673,674,675,712,713,714,715,716,717,718,719,720,755,756,757,758,759,760,761,762,763,764,765,798,799,800,801,802,803,804,805,806,807,808,809,810,837,838,839,840,842,843,844,845,846,847,848,849,850,851,852,853,854,855,882,883,884,885,886,887,888,889,890,891,892,893,894,895,896,897,898,899,900,924,927,928,929,930,931,932,933,934,935,936,937,938,939,940,941,942,943,944,945,966,968,969,970,971,972,973,974,975,976,977,978,979,980,981,982,983,984,985,986,987,988,989,990,1010,1011,1012,1013,1014,1015,1016,1017,1018,1019,1020,1021,1022,1023,1024,1025,1026,1027,1028,1029,1030,1031,1032,1033,1034,1035,1054,1055,1056,1057,1058,1059,1060,1061,1062,1063,1064,1065,1066,1067,1068,1069,1070,1071,1072,1073,1074,1075,1076,1077,1078,1079,1080,1096,1097,1098,1099,1100,1101,1102,1103,1104,1105,1106,1107,1108,1109,1110,1111,1112,1113,1114,1115,1116,1117,1118,1119,1120,1121,1122,1123,1124,1125,1141,1142,1143,1144,1145,1146,1147,1148,1149,1150,1151,1152,1153,1154,1155,1156,1157,1158,1159,1160,1161,1162,1163,1164,1165,1166,1167,1168,1169,1170,1183,1184,1185,1186,1187,1188,1189,1190,1191,1192,1193,1194,1195,1196,1197,1198,1199,1200,1201,1202,1203,1204,1205,1206,1207,1208,1209,1210,1211,1212,1213,1214,1215,1226,1227,1228,1229,1230,1231,1232,1233,1234,1235,1236,1237,1238,1239,1240,1241,1242,1243,1244,1245,1246,1247,1248,1249,1250,1251,1252,1253,1254,1255,1256,1257,1258,1259,1260,1267,1268,1269,1270,1271,1272,1273,1274,1275,1276,1277,1278,1279,1280,1281,1282,1283,1284,1285,1286,1287,1288,1289,1290,1291,1292,1293,1294,1295,1296,1297,1298,1299,1300,1301,1302,1303,1304,1305,1311,1312,1313,1314,1315,1316,1317,1318,1319,1320,1321,1322,1323,1324,1325,1326,1327,1328,1329,1330,1331,1332,1333,1334,1335,1336,1337,1338,1339,1340,1341,1342,1343,1344,1345,1346,1347,1348,1349,1350
61,61,454
315,359,360,403,404,445,447,448,449,491,492,493,494,533,534,535,536,537,538,539,577,578,579,580,581,582,583,584,585,619,620,621,622,623,624,625,626,627,628,629,630,664,665,666,667,668,669,670,671,672,673,674,675,707,708,709,710,711,712,713,714,715,716,717,718,719,720,747,748,749,750,752,753,754,755,756,757,758,759,760,761,762,763,764,765,792,793,794,795,796,797,798,799,800,801,802,803,804,805,806,807,808,809,810,834,837,838,839,840,841,842,843,844,845,846,847,848,849,850,851,852,853,854,876,877,878,880,882,883,884,885,886,887,888,889,890,891,892,893,894,895,896,897,898,899,900,920,921,922,923,924,925,926,927,928,929,930,931,932,933,934,935,936,937,938,939,940,941,942,943,944,945,964,965,966,967,970,971,972,973,974,975,976,977,978,979,980,981,982,983,984,985,986,987,988,989,1007,1008,1009,1010,1011,1012,1013,1014,1015,1016,1017,1018,1019,1020,1021,1022,1023,1024,1025,1026,1027,1028,1029,1030,1031,1032,1033,1049,1050,1051,1052,1053,1054,1055,1056,1057,1058,1059,1060,1061,1062,1063,1064,1065,1066,1067,1068,1069,1070,1071,1072,1073,1074,1075,1076,1077,1092,1094,1095,1096,1097,1098,1099,1100,1101,1102,1103,1104,1105,1106,1107,1108,1109,1110,1111,1112,1113,1114,1115,1116,1117,1118,1119,1120,1121,1122,1135,1136,1137,1138,1139,1140,1141,1142,1143,1144,1145,1146,1147,1148,1149,1150,1151,1152,1153,1154,1155,1156,1157,1158,1159,1160,1161,1162,1163,1164,1165,1166,1178,1179,1180,1181,1182,1183,1184,1185,1186,1187,1188,1189,1190,1191,1192,1193,1194,1195,1196,1197,1198,1199,1200,1201,1202,1203,1204,1205,1206,1207,1208,1209,1219,1220,1221,1222,1223,1224,1225,1226,1227,1228,1229,1230,1231,1232,1233,1234,1235,1236,1237,1238,1239,1240,1241,1242,1243,1244,1245,1246,1247,1248,1249,1250,1251,1252,1253,1254,1255,1263,1264,1265,1266,1267,1268,1269,1270,1271,1272,1273,1274,1275,1276,1277,1278,1279,1280,1281,1282,1283,1284,1285,1286,1287,1288,1289,1290,1291,1292,1293,1294,1295,1296,1297,1306,1307,1308,1309,1310,1311,1312,1313,1314,1315,1316,1317,1318,1319,1320,1321,1322,1323,1324,1325,1326,1327,1328,1329,1330,1331,1332,1333,1334,1335,1336,1337,1338,1339,1340,1341
137,137,499
85,88,89,90,126,132,133,134,135,170,172,177,178,179,180,213,223,224,225,260,261,262,263,264,268,269,270,305,306,307,308,309,314,315,345,347,348,349,350,351,352,353,359,360,389,390,391,392,393,394,395,396,397,398,431,432,433,434,435,436,437,438,439,440,441,442,443,444,473,474,476,477,478,479,480,481,482,483,484,485,486,487,488,489,490,491,492,493,516,517,518,519,520,521,522,523,524,525,526,527,528,529,530,531,532,533,534,535,536,537,538,561,562,563,564,565,566,567,568,569,570,571,572,573,574,575,576,577,578,579,580,581,582,583,606,607,609,611,612,613,614,615,616,617,618,619,620,621,622,623,624,625,641,649,650,651,652,656,657,658,659,660,661,662,663,664,665,666,667,668,669,685,686,690,692,694,695,696,697,700,701,702,703,704,705,706,707,708,709,710,711,712,713,728,730,731,735,736,737,738,739,740,741,743,744,745,746,747,748,749,750,751,752,753,754,755,756,757,771,772,775,776,780,781,782,783,784,785,786,787,788,789,790,791,792,793,794,795,796,797,799,800,801,815,816,817,819,820,821,823,824,825,826,827,828,829,830,831,832,833,834,835,836,837,838,840,841,845,858,859,860,861,862,863,864,865,866,867,868,869,870,871,872,873,874,875,876,877,878,879,880,881,882,883,884,902,903,904,905,906,907,908,909,910,911,912,913,914,915,916,917,918,919,920,921,922,923,925,946,947,948,949,950,951,952,953,954,955,956,957,958,959,960,961,962,963,964,965,966,967,973,991,992,993,994,995,996,997,998,999,1000,1001,1002,1003,1004,1005,1006,1007,1008,1009,1010,1036,1037,1038,1039,1040,1041,1042,1043,1044,1045,1046,1047,1048,1049,1050,1051,1052,1053,1055,1081,1082,1083,1084,1085,1086,1087,1088,1089,1090,1091,1092,1093,1094,1095,1096,1097,1098,1099,1100,1126,1127,1128,1129,1130,1131,1132,1133,1134,1135,1136,1137,1138,1139,1140,1141,1142,1143,1144,1145,1171,1172,1173,1174,1175,1176,1177,1178,1179,1180,1181,1182,1183,1184,1185,1186,1187,1188,1189,1190,1191,1216,1217,1218,1219,1220,1221,1222,1223,1224,1225,1226,1227,1228,1229,1230,1231,1232,1233,1234,1235,1236,1261,1262,1263,1264,1265,1266,1267,1268,1269,1270,1271,1272,1273,1274,1275,1276,1277,1278,1279,1280,1306,1307,1308,1309,1310,1311,1312,1313,1314,1315,1316,1317,1318,1319,1320,1321,1322
75,75,409
28,29,30,31,32,33,35,36,37,38,39,40,41,42,43,44,45,68,69,73,74,75,76,77,78,79,81,82,83,85,86,87,88,89,107,108,109,110,113,114,115,118,119,120,121,122,123,124,125,126,127,153,154,158,159,160,161,162,163,164,165,166,167,168,169,170,171,188,198,199,203,204,205,206,207,208,209,210,211,212,213,214,233,243,244,247,248,249,250,251,252,253,254,261,276,278,279,288,289,290,291,292,293,294,295,296,297,298,299,302,303,304,305,306,318,319,320,321,322,323,324,332,333,334,335,336,337,338,339,340,341,342,343,344,345,346,347,348,349,351,362,363,364,365,366,367,368,369,370,377,378,379,380,381,382,383,384,385,386,387,388,389,390,391,392,393,406,407,408,409,410,411,412,413,414,415,422,423,424,425,426,427,428,429,430,431,432,433,434,435,436,437,451,452,453,454,455,456,457,458,459,460,463,468,469,470,471,472,473,474,475,476,477,478,479,480,496,497,498,499,500,501,502,503,504,505,506,507,508,510,511,512,513,514,515,516,517,518,519,520,521,522,523,541,542,543,544,545,546,547,548,549,550,551,552,553,555,556,557,558,559,560,561,562,563,564,565,586,587,588,589,590,591,592,593,594,595,596,597,600,601,602,604,605,606,607,608,631,632,633,634,635,636,637,638,639,640,641,642,647,651,676,677,678,679,680,681,682,683,684,685,686,687,692,721,722,723,724,725,726,727,728,729,730,731,766,767,768,769,770,771,772,773,774,775,776,811,812,813,814,815,816,817,819,820,821,856,857,858,859,860,861,862,864,865,866,901,902,903,904,905,906,907,908,909,910,911,946,947,948,949,950,951,952,953,954,955,956,991,992,993,994,995,996,997,998,999,1036,1037,1038,1039,1040,1041,1042,1043,1081,1082,1083,1084,1086,1087,1126,1127,1128,1129,1171,1172,1173,1216
68,68,283
1,2,3,4,5,6,7,8,9,10,11,12,13,14,15,16,17,18,19,20,21,22,23,24,25,26,27,28,29,30,31,32,46,47,48,49,50,51,52,53,54,55,56,57,58,59,60,61,62,63,64,65,66,67,68,69,70,71,72,73,74,75,76,91,92,93,94,95,96,97,98,99,100,101,102,103,104,105,106,107,108,109,110,111,112,113,114,115,116,136,137,138,139,140,141,142,143,144,145,146,147,148,149,150,151,152,153,154,155,156,157,158,159,160,181,182,183,184,185,186,187,188,189,190,191,193,194,195,196,197,198,199,200,201,202,203,204,226,227,228,229,230,231,232,233,234,235,239,240,241,242,243,244,245,246,247,248,249,271,272,273,274,275,276,277,278,279,280,283,284,285,286,287,288,289,290,316,317,318,319,320,321,322,323,324,325,326,327,328,329,330,331,332,333,334,335,361,362,363,364,365,366,367,368,369,370,371,372,374,376,377,378,379,406,407,408,409,410,411,412,413,414,415,416,418,419,421,451,452,453,454,455,456,457,458,459,460,461,463,496,497,498,499,500,501,502,503,504,505,506,541,542,543,544,545,546,547,548,549,586,587,588,589,590,591,592,593,631,632,633,634,635,636,676,677,678,679,680,721,722,723,766,767
57,57,175
1,2,3,4,5,6,7,8,9,10,11,12,13,14,15,16,17,18,19,20,21,22,23,24,46,47,48,49,50,51,52,53,54,55,56,57,58,59,60,61,62,63,64,65,66,67,68,91,92,93,94,95,96,97,98,99,100,101,102,103,104,105,106,107,108,109,110,136,137,138,139,140,141,142,143,144,145,146,147,148,149,150,151,152,153,154,181,182,183,184,185,186,187,188,189,190,191,192,193,194,195,196,226,227,228,229,230,231,232,233,234,235,236,237,238,239,240,271,272,273,274,275,276,277,278,279,280,281,282,283,284,316,317,318,319,320,321,322,323,324,325,326,361,362,363,364,365,366,367,368,369,370,406,407,408,409,410,411,412,413,451,452,453,454,455,456,457,496,497,498,499,541,542,586,587
115,115,143
1,2,3,4,5,6,7,8,9,10,11,12,13,15,16,46,47,48,49,50,51,52,53,54,55,56,57,58,60,61,91,92,93,94,95,96,97,98,99,100,101,102,104,105,106,108,136,137,138,139,140,141,142,143,144,145,146,147,148,151,181,182,183,184,185,186,187,188,190,191,195,226,227,228,229,230,231,232,233,235,240,271,272,273,274,275,276,277,278,279,280,316,317,318,319,320,321,322,323,325,333,361,362,363,364,365,366,367,368,369,371,378,406,407,408,409,410,411,413,416,451,452,453,454,455,456,460,496,497,498,499,501,504,505,547,586,588,631,679,901,1126,1171,1216
94,94,73
2,4,5,6,7,8,9,10,11,16,46,47,48,49,51,53,54,55,63,91,92,93,96,99,100,101,137,138,139,141,142,143,145,146,147,148,149,181,182,183,186,189,226,227,228,230,273,274,275,317,318,320,361,362,364,365,407,408,409,410,411,453,454,456,497,498,541,542,549,587,1171,1216,1311
72,72,39
539,628,629,630,669,670,671,672,673,674,675,716,717,718,719,720,759,760,761,762,763,765,806,807,808,809,810,851,852,853,854,855,896,900,940,941,985,1124,1215
140,140,41
402,540,629,630,670,671,672,674,716,717,718,719,720,760,761,762,763,764,806,807,808,809,810,851,852,853,854,855,895,896,899,900,941,982,987,1031,1033,1080,1124,1171,1215
37,37,71
401,402,448,450,535,540,579,581,583,624,625,626,627,629,630,668,669,671,672,673,674,675,713,714,715,716,717,718,719,720,759,760,761,762,763,764,765,806,807,808,809,810,850,851,852,853,854,855,895,896,897,898,899,900,939,942,984,986,987,990,1026,1032,1033,1034,1073,1078,1079,1080,1125,1213,1215
44,44,143
355,399,400,401,402,406,443,446,447,448,449,450,488,490,491,492,493,494,495,535,536,537,539,540,577,580,581,582,583,584,585,622,623,624,625,626,627,628,629,630,667,668,669,670,671,672,673,674,675,713,714,715,716,717,718,719,720,759,760,761,762,763,764,765,802,803,804,805,806,807,808,809,810,847,848,849,850,851,852,853,854,855,891,893,894,895,896,897,898,899,900,937,938,939,940,941,942,945,980,982,983,984,985,986,987,988,989,990,1025,1028,1029,1030,1031,1032,1033,1034,1035,1072,1073,1074,1076,1078,1079,1080,1118,1120,1121,1122,1123,1124,1125,1169,1170,1210,1211,1212,1213,1214,1215,1255,1256,1260,1300
60,60,154
313,360,399,400,401,402,443,446,447,448,449,450,488,489,490,491,492,493,494,495,533,534,535,536,537,538,539,540,577,578,579,580,581,582,583,584,585,622,623,624,625,626,627,628,629,630,667,668,669,670,671,672,673,674,675,711,713,714,715,716,717,718,719,720,756,758,759,760,761,762,763,764,765,802,803,804,805,806,807,808,809,810,847,848,849,850,851,852,853,854,855,891,892,893,894,895,896,897,898,899,900,937,938,939,940,941,942,943,944,945,982,983,984,985,986,987,988,989,990,1024,1027,1028,1029,1030,1031,1032,1033,1034,1035,1072,1073,1074,1075,1078,1080,1119,1121,1122,1123,1125,1161,1164,1168,1169,1170,1210,1211,1212,1213,1214,1215,1260,1300,1305
24,24,172
221,265,266,299,313,314,399,400,401,402,444,446,447,448,449,450,488,489,491,492,493,494,495,533,534,535,536,537,538,539,540,577,578,579,580,581,582,583,584,585,622,623,624,625,626,627,628,629,630,667,668,669,670,671,672,673,674,675,712,713,714,715,716,717,718,719,720,756,757,758,759,760,761,762,763,764,765,801,802,803,804,805,806,807,808,809,810,847,848,849,850,851,852,853,854,855,891,892,893,894,895,896,897,898,899,900,935,937,938,939,940,941,942,943,944,945,979,980,982,983,984,985,986,987,988,989,990,1024,1025,1026,1027,1028,1029,1030,1031,1032,1033,1034,1035,1072,1073,1074,1076,1077,1078,1079,1080,1117,1118,1119,1120,1121,1122,1123,1124,1125,1165,1166,1168,1169,1170,1207,1210,1211,1212,1213,1214,1215,1255,1256,1260,1300
22,22,206
125,163,212,219,220,221,222,224,253,263,264,266,270,284,313,314,315,356,358,359,360,399,400,401,402,403,443,444,445,446,447,448,449,450,489,490,491,492,493,494,495,533,534,535,536,537,538,539,540,577,578,579,580,581,582,583,584,585,622,623,624,625,626,627,628,629,630,667,668,669,670,671,672,673,674,675,711,712,713,714,715,716,717,718,719,720,756,757,758,759,760,761,762,763,764,765,802,803,804,805,806,807,808,809,810,846,847,848,849,850,851,852,853,854,855,892,893,894,895,896,897,898,899,900,936,937,938,939,940,941,942,943,944,945,979,980,981,982,983,984,985,986,987,988,989,990,1024,1025,1026,1027,1028,1029,1030,1031,1032,1033,1034,1035,1069,1070,1071,1072,1073,1074,1075,1076,1077,1078,1079,1080,1115,1117,1118,1119,1120,1121,1122,1123,1124,1125,1161,1162,1163,1164,1165,1166,1167,1168,1169,1170,1204,1207,1208,1210,1211,1212,1213,1214,1215,1255,1256,1259,1260,1295,1300,1341
108,108,186
207,221,222,265,268,269,313,314,359,360,399,400,401,402,403,445,446,447,448,449,450,488,489,490,491,492,493,494,495,533,534,535,536,537,538,539,540,577,578,579,580,581,582,583,584,585,622,623,624,625,626,627,628,629,630,667,668,669,670,671,672,673,674,675,711,712,713,714,715,716,717,718,719,720,756,757,758,759,760,761,762,763,764,765,801,803,804,805,806,807,808,809,810,847,848,849,850,851,852,853,854,855,890,891,892,893,894,895,896,897,898,899,900,935,936,937,938,939,940,941,942,943,944,945,979,980,981,982,983,984,985,986,987,988,989,990,1024,1025,1026,1027,1028,1029,1031,1032,1033,1034,1035,1070,1071,1072,1073,1074,1075,1076,1077,1078,1079,1080,1117,1118,1120,1121,1122,1123,1124,1125,1162,1163,1164,1166,1167,1168,1169,1170,1207,1209,1210,1211,1212,1213,1215,1216,1255,1259,1260,1299
108,108,189
120,207,208,221,265,266,313,314,359,360,399,400,401,402,403,405,444,445,446,447,448,449,450,488,490,491,492,493,494,495,533,534,535,536,537,538,539,540,577,578,579,580,581,582,583,584,585,622,623,624,625,626,627,628,629,630,667,668,669,670,671,672,673,674,675,712,713,714,715,716,717,718,719,720,756,757,758,759,760,761,762,763,764,765,802,803,804,805,806,807,808,809,810,847,848,849,850,851,852,853,854,855,890,892,893,894,895,896,897,898,899,900,934,935,936,937,938,939,940,941,942,943,944,945,979,980,981,982,983,984,985,986,987,988,989,990,1024,1025,1026,1027,1028,1029,1030,1031,1032,1033,1034,1035,1069,1070,1071,1072,1073,1074,1075,1076,1077,1078,1079,1080,1114,1117,1118,1119,1121,1123,1124,1125,1161,1162,1163,1164,1165,1167,1168,1169,1171,1207,1208,1210,1211,1212,1213,1214,1215,1255,1256,1260,1300
39,39,241
35,36,37,41,78,81,83,85,86,87,125,161,162,213,216,219,222,225,233,251,253,256,265,266,268,269,270,309,310,312,313,314,315,354,359,360,399,400,401,402,403,404,405,443,444,445,446,447,448,449,450,489,491,492,493,494,495,533,534,535,536,537,538,539,540,577,578,579,580,581,582,583,584,585,622,623,624,625,626,627,628,629,630,667,668,669,670,671,672,673,674,675,677,711,712,713,714,715,716,717,718,719,720,756,757,758,759,760,761,762,763,764,765,801,802,803,804,805,806,807,808,809,810,845,846,847,848,849,850,851,852,853,854,855,890,892,893,894,895,896,897,898,899,900,934,935,936,937,938,939,940,941,942,943,944,945,979,980,981,982,983,984,985,986,987,988,989,990,1024,1025,1026,1027,1028,1029,1030,1031,1032,1033,1034,1035,1069,1071,1072,1073,1074,1075,1076,1077,1078,1079,1080,1115,1116,1117,1118,1119,1120,1121,1122,1123,1124,1125,1159,1162,1163,1164,1165,1166,1167,1168,1169,1170,1204,1206,1209,1210,1211,1212,1213,1214,1215,1249,1253,1254,1255,1256,1257,1259,1260,1294,1295,1297,1298,1299,1300,1301,1302,1303,1305,1341,1342
108,108,188
39,225,258,266,309,313,314,315,359,360,399,400,401,402,405,444,445,446,447,448,449,450,489,491,492,493,494,495,533,534,535,536,537,538,539,540,578,579,580,581,582,583,584,585,622,623,624,625,626,627,628,629,630,667,668,669,670,671,672,673,674,675,711,712,713,714,715,716,717,718,719,720,756,757,758,759,760,761,762,763,764,765,801,802,803,804,805,806,807,808,809,810,845,847,848,849,850,851,852,853,854,855,890,892,893,894,895,896,897,898,899,900,934,937,938,939,940,941,942,943,944,945,979,980,981,982,983,984,985,986,987,988,989,990,1024,1025,1026,1027,1028,1029,1030,1031,1032,1033,1034,1035,1069,1070,1071,1072,1073,1074,1075,1076,1077,1078,1079,1080,1118,1119,1120,1122,1123,1124,1125,1162,1164,1165,1167,1168,1169,1170,1206,1209,1210,1211,1212,1213,1215,1254,1255,1256,1259,1260,1298,1299,1300,1303
9,9,207
13,32,125,171,223,265,268,312,314,315,359,360,400,401,402,404,405,444,445,446,447,448,449,489,490,491,492,493,494,495,533,534,535,536,537,538,539,540,577,578,579,580,581,582,583,584,585,622,623,624,625,626,627,628,629,630,667,668,669,670,671,672,673,674,675,711,712,713,714,715,716,717,718,719,720,756,757,758,759,760,761,762,763,764,765,801,802,803,804,805,806,807,808,809,810,845,846,847,848,849,850,851,852,853,854,855,890,892,893,894,895,896,897,898,899,900,934,935,936,937,938,939,940,941,942,943,944,945,979,980,981,982,983,984,985,986,987,988,989,990,1024,1025,1027,1028,1029,1030,1031,1032,1033,1034,1035,1069,1070,1071,1072,1073,1074,1075,1076,1077,1078,1079,1080,1115,1117,1118,1120,1121,1122,1123,1124,1125,1159,1160,1161,1162,1163,1164,1165,1167,1169,1170,1205,1208,1209,1210,1211,1212,1213,1214,1215,1250,1253,1254,1255,1256,1257,1258,1259,1260,1294,1298,1299,1300,1302,1303,1342
9,9,190
58,199,220,311,312,313,314,359,360,400,401,402,404,444,445,446,447,448,449,450,489,491,492,493,494,495,533,534,535,536,537,538,539,540,579,580,581,582,583,584,585,622,623,624,625,626,627,628,629,630,667,668,669,670,671,672,673,674,675,711,712,713,714,715,716,717,718,719,720,756,757,758,759,760,761,762,763,764,765,801,803,804,805,806,807,808,809,810,845,847,848,849,850,851,852,853,854,855,890,892,893,894,895,896,897,898,899,900,934,936,937,938,939,940,941,942,943,944,945,979,980,981,982,983,984,985,986,987,988,989,990,1023,1024,1025,1026,1027,1028,1029,1030,1031,1032,1033,1034,1035,1071,1072,1073,1074,1075,1076,1077,1078,1079,1080,1115,1116,1117,1118,1119,1120,1121,1122,1123,1124,1125,1162,1164,1165,1167,1168,1169,1170,1208,1209,1210,1211,1212,1213,1214,1215,1248,1253,1254,1255,1257,1260,1298,1299,1303,1342
143,143,187
58,216,359,360,401,402,405,444,445,446,447,448,449,489,491,492,493,494,495,533,534,535,536,537,538,539,540,578,579,580,581,582,583,584,585,622,623,624,625,626,627,628,629,630,667,668,669,670,671,672,674,675,711,712,713,714,715,716,717,718,719,720,756,757,758,759,760,761,762,763,764,765,801,802,803,804,805,806,807,808,809,810,845,847,848,849,850,851,852,853,854,855,889,890,892,893,894,895,896,897,898,899,900,934,935,936,937,938,939,940,941,942,943,944,945,978,979,980,981,982,983,984,985,986,987,988,989,990,1023,1024,1025,1026,1027,1028,1029,1030,1031,1032,1033,1034,1035,1069,1071,1072,1073,1074,1075,1076,1077,1078,1079,1080,1115,1117,1118,1119,1120,1121,1122,1123,1124,1125,1159,1160,1162,1164,1165,1166,1167,1168,1169,1170,1208,1209,1210,1211,1212,1214,1251,1254,1255,1257,1260,1294,1298,1299,1342
50,50,157
312,400,401,405,444,445,446,447,448,491,492,493,494,495,533,534,535,536,537,538,539,540,578,580,581,582,583,584,623,624,625,626,627,628,630,667,668,669,670,671,672,673,674,675,711,712,713,714,715,716,717,718,719,720,756,759,760,761,762,763,764,765,802,803,804,805,806,807,808,809,810,845,847,848,849,850,851,852,853,854,855,889,892,893,894,895,896,897,898,899,900,934,936,937,938,939,940,941,942,943,944,945,979,981,982,983,984,985,987,988,989,990,1023,1025,1027,1028,1029,1030,1031,1032,1033,1034,1035,1072,1073,1074,1075,1076,1077,1078,1079,1115,1117,1120,1122,1123,1124,1125,1162,1164,1165,1167,1168,1169,1170,1205,1209,1210,1211,1212,1213,1214,1215,1254,1255,1260,1298
37,37,152
360,401,445,446,447,448,491,492,493,494,495,533,534,535,536,537,538,539,540,579,580,581,582,583,584,585,622,623,624,625,626,627,628,630,667,668,669,670,671,672,712,713,714,715,716,717,718,719,756,758,759,760,761,762,763,764,765,803,804,805,806,807,808,809,810,847,848,849,850,851,852,853,854,855,890,892,893,894,895,896,897,898,899,900,933,934,937,938,939,940,941,942,943,944,945,979,980,981,982,983,984,986,987,988,989,990,1023,1024,1025,1026,1027,1028,1029,1030,1031,1032,1033,1034,1035,1070,1071,1072,1073,1074,1075,1076,1077,1079,1080,1117,1119,1120,1122,1124,1125,1162,1164,1165,1167,1168,1170,1171,1209,1210,1211,1212,1213,1214,1215,1254,1260,1298
13,13,144
401,405,446,447,448,489,491,492,493,494,495,536,537,538,539,540,579,580,581,582,583,585,622,623,624,625,626,627,628,630,667,669,670,671,672,673,712,713,714,715,716,717,718,719,720,758,759,760,761,762,763,764,765,802,804,805,806,807,808,809,810,845,847,848,849,850,851,852,853,854,855,890,892,893,894,895,896,897,899,900,934,936,937,938,939,940,942,944,945,979,981,982,983,984,985,986,987,988,989,990,1023,1025,1026,1027,1028,1029,1030,1031,1032,1033,1034,1035,1070,1071,1072,1073,1075,1076,1077,1079,1117,1118,1119,1120,1122,1123,1124,1162,1164,1165,1168,1169,1170,1204,1209,1210,1211,1213,1214,1215,1251,1254,1260,1298
24,24,136
447,448,492,494,495,534,535,536,537,538,539,540,580,581,582,583,584,585,622,623,624,625,626,627,630,667,669,670,671,672,711,713,714,715,716,717,720,759,760,761,762,763,764,765,802,803,804,805,806,807,808,809,810,847,848,849,850,851,852,853,854,855,892,893,894,895,896,897,898,899,900,934,936,938,939,940,941,942,943,944,945,953,981,982,983,984,985,986,987,988,989,990,1025,1026,1027,1028,1029,1030,1031,1032,1033,1034,1035,1070,1071,1072,1073,1074,1075,1076,1077,1078,1079,1080,1117,1118,1119,1120,1122,1123,1124,1161,1162,1164,1165,1167,1168,1169,1209,1210,1211,1212,1213,1214,1254,1260
11,11,230
37,38,70,84,117,175,218,266,267,268,270,310,311,313,314,357,358,359,360,401,402,403,404,405,445,446,447,448,449,450,491,492,493,494,495,534,535,536,537,538,539,540,541,578,579,580,581,582,583,584,585,622,623,624,625,626,627,628,629,630,667,668,669,670,671,672,673,674,675,711,712,713,714,715,716,717,718,719,720,756,757,758,759,760,761,762,763,764,765,800,801,802,803,804,805,806,807,808,809,810,844,845,846,847,848,849,850,851,852,853,854,855,889,890,891,892,893,894,895,896,897,898,899,900,933,934,935,936,937,938,939,940,941,942,943,944,945,978,979,980,981,982,983,984,985,986,987,988,989,990,1023,1024,1025,1026,1027,1028,1029,1030,1031,1032,1033,1034,1035,1068,1069,1070,1071,1072,1073,1074,1075,1076,1077,1078,1079,1080,1113,1114,1115,1117,1118,1119,1120,1121,1122,1123,1124,1125,1129,1158,1161,1162,1163,1164,1165,1166,1167,1168,1169,1170,1171,1202,1203,1208,1209,1210,1211,1212,1213,1214,1215,1248,1250,1251,1252,1253,1254,1255,1258,1260,1265,1294,1295,1296,1297,1298,1301,1305,1341,1342
49,49,204
267,357,358,359,404,405,445,446,447,448,450,490,491,492,493,494,495,534,535,536,537,538,539,540,578,579,580,581,582,583,584,585,622,623,624,625,626,627,628,629,630,667,668,669,670,671,672,673,674,675,711,712,713,714,715,716,717,718,719,720,756,757,758,759,760,761,762,763,764,765,800,801,802,803,804,805,806,807,808,809,810,844,845,846,847,848,849,850,851,852,853,854,855,889,890,891,892,893,894,895,896,897,898,899,900,933,934,935,936,937,938,939,940,941,942,943,944,945,978,979,980,981,982,983,984,985,986,987,988,989,990,1023,1024,1025,1026,1027,1028,1029,1030,1031,1032,1033,1034,1035,1068,1069,1070,1071,1072,1073,1074,1075,1076,1077,1078,1079,1080,1114,1115,1117,1118,1119,1120,1121,1122,1123,1124,1125,1158,1159,1160,1161,1162,1163,1164,1165,1166,1167,1168,1169,1170,1208,1209,1210,1211,1212,1213,1214,1215,1249,1252,1253,1254,1255,1256,1260,1292,1294,1296,1297,1298,1305,1341,1342
14,14,160
446,447,448,491,492,493,494,495,535,536,538,539,540,578,580,581,582,583,584,585,622,623,624,625,626,627,628,629,630,667,668,669,670,671,672,673,674,711,712,713,714,715,716,717,718,719,758,759,760,761,762,763,764,765,801,802,803,804,805,806,807,808,809,810,844,845,847,848,849,850,851,852,853,854,855,888,889,890,891,892,893,894,895,896,897,898,899,900,933,935,936,937,938,939,940,941,942,943,944,945,978,980,981,982,983,984,985,986,987,988,989,990,1022,1024,1025,1026,1027,1028,1029,1030,1031,1032,1033,1034,1035,1069,1070,1071,1075,1076,1077,1078,1079,1080,1113,1114,1119,1120,1121,1122,1123,1124,1125,1162,1164,1165,1166,1167,1169,1208,1209,1210,1212,1213,1215,1253,1260,1297,1341,1342
32,32,170
446,447,448,450,491,492,493,494,495,535,536,537,538,539,540,578,579,580,581,582,583,584,585,622,623,624,625,626,627,628,629,630,667,668,669,670,671,672,673,675,711,713,714,715,716,717,718,719,720,756,757,758,759,760,761,762,764,765,800,801,802,803,804,805,806,807,808,809,810,844,845,846,847,848,849,850,851,852,853,854,855,888,889,890,891,892,893,894,895,896,897,898,899,900,933,934,935,936,937,938,939,940,941,942,943,944,945,979,980,981,982,983,984,985,986,987,988,989,990,1024,1025,1026,1027,1028,1030,1031,1032,1033,1034,1035,1067,1071,1072,1075,1076,1077,1078,1079,1080,1113,1114,1117,1119,1120,1121,1123,1124,1125,1159,1161,1162,1164,1165,1166,1167,1169,1170,1171,1208,1209,1210,1212,1213,1214,1215,1249,1253,1254,1260,1341
14,14,175
405,446,447,448,449,491,492,493,494,495,534,535,536,537,538,539,540,579,580,581,582,583,584,585,622,623,624,625,626,627,628,629,630,667,668,669,670,671,672,673,675,711,712,713,714,715,716,717,718,719,720,756,757,758,759,760,761,762,763,764,765,800,801,802,803,804,805,806,807,808,809,810,845,846,847,848,849,850,851,852,853,854,855,888,889,890,891,892,893,894,895,896,897,898,899,900,933,934,935,936,937,938,939,940,941,942,943,944,945,977,979,981,982,983,984,985,986,987,988,989,990,1024,1025,1026,1027,1028,1029,1030,1031,1032,1033,1034,1035,1069,1070,1071,1072,1073,1074,1075,1076,1077,1078,1079,1080,1118,1119,1120,1121,1122,1123,1124,1164,1165,1166,1167,1168,1169,1203,1208,1209,1210,1211,1213,1214,1215,1253,1258,1260,1291,1294,1295,1296,1297,1341
25,25,133
404,447,448,492,493,494,495,535,536,537,538,539,540,580,581,582,583,584,585,623,624,625,626,627,628,629,668,669,670,671,672,711,712,713,714,715,716,717,719,759,760,761,762,764,765,801,803,804,805,806,807,808,809,810,844,847,848,849,850,851,852,853,854,855,890,891,892,893,894,895,896,897,898,899,900,934,936,937,938,939,940,941,942,943,945,979,980,981,982,983,984,985,986,987,988,989,990,1024,1025,1026,1027,1028,1030,1031,1032,1033,1034,1035,1071,1074,1075,1076,1077,1078,1079,1080,1119,1120,1121,1122,1123,1125,1164,1165,1166,1167,1168,1169,1210,1211,1212,1253,1341
140,140,182
403,446,447,448,449,491,492,493,494,495,535,536,537,538,539,540,578,579,580,581,582,583,584,585,622,623,624,625,626,627,628,629,630,667,668,669,670,671,672,673,711,712,713,714,715,716,717,718,719,720,756,757,758,759,760,761,762,764,765,799,800,801,803,804,805,806,807,808,809,810,844,845,846,847,848,849,850,851,852,853,854,855,889,890,891,892,893,894,895,896,897,898,899,900,933,934,935,936,938,939,940,941,942,943,944,945,947,979,980,981,982,983,984,985,986,987,988,989,990,1022,1024,1025,1026,1027,1028,1029,1030,1031,1032,1033,1034,1035,1067,1068,1069,1070,1071,1073,1075,1076,1077,1078,1079,1080,1119,1120,1121,1122,1123,1124,1125,1158,1161,1164,1165,1166,1167,1168,1169,1170,1208,1209,1210,1211,1212,1215,1246,1248,1249,1250,1251,1252,1253,1258,1260,1291,1294,1295,1297,1340,1341,1350
103,103,68
448,493,538,539,540,583,584,585,624,626,627,670,671,713,715,716,719,760,761,762,764,803,804,805,806,808,809,810,848,849,850,851,852,853,854,893,894,895,896,899,938,939,940,942,943,945,981,982,983,987,988,990,1024,1026,1027,1032,1033,1034,1071,1075,1076,1077,1078,1120,1122,1169,1210,1253
52,52,161
447,448,449,491,492,493,494,495,534,536,537,538,539,540,580,581,582,583,584,585,622,623,624,625,626,627,628,629,630,667,668,669,670,671,672,712,713,714,715,716,717,718,719,720,757,758,759,760,761,762,764,765,799,802,803,804,805,806,807,808,809,810,845,846,847,848,849,850,851,852,853,854,889,890,891,893,894,895,896,897,898,899,900,934,935,936,937,938,939,940,941,942,943,944,945,979,980,981,982,983,984,985,986,987,988,989,990,1022,1025,1026,1027,1028,1029,1030,1031,1032,1033,1034,1035,1069,1070,1071,1074,1075,1076,1077,1078,1079,1080,1113,1119,1120,1121,1122,1123,1124,1125,1156,1164,1165,1166,1167,1168,1169,1170,1208,1209,1210,1211,1212,1213,1215,1250,1253,1258,1294,1295,1297,1339,1340,1341
0,0,218
34,90,168,170,173,218,219,265,447,448,449,450,491,492,493,494,495,534,535,536,537,538,539,540,578,579,580,581,582,583,584,585,622,623,624,625,626,627,628,629,630,666,667,668,669,670,671,672,673,674,675,711,712,713,714,715,716,717,718,719,720,755,756,757,758,759,760,761,762,763,764,765,799,800,801,802,803,804,805,806,807,808,809,810,843,844,845,846,847,848,849,850,851,852,853,854,855,887,888,889,890,891,892,893,894,895,896,897,898,899,900,932,933,934,935,936,937,938,939,940,941,942,943,944,945,977,978,979,980,981,982,983,984,985,986,987,988,989,990,1022,1023,1025,1026,1027,1028,1029,1030,1031,1032,1033,1034,1035,1067,1068,1069,1070,1071,1072,1073,1074,1075,1076,1077,1078,1079,1080,1111,1112,1113,1117,1118,1119,1120,1121,1122,1123,1124,1125,1156,1157,1158,1160,1162,1163,1164,1165,1166,1167,1168,1169,1170,1207,1208,1209,1210,1211,1212,1213,1214,1215,1245,1246,1248,1249,1250,1251,1252,1253,1257,1259,1260,1290,1294,1295,1296,1305,1339,1340
113,113,208
42,72,73,135,201,448,491,492,493,494,495,534,535,536,537,538,539,540,579,580,581,582,583,584,585,622,623,624,625,626,627,628,629,630,666,667,668,669,670,671,672,673,674,675,711,712,713,714,715,716,717,718,719,720,755,756,757,758,759,760,761,762,763,764,765,799,800,801,802,803,804,805,806,807,808,809,810,843,844,845,846,847,848,849,850,851,852,853,854,887,888,889,890,891,892,893,894,895,896,897,898,899,900,932,933,934,935,936,937,938,939,940,941,942,943,944,945,977,978,979,980,981,982,983,984,985,986,987,988,989,990,1022,1023,1025,1026,1027,1028,1029,1030,1031,1032,1033,1034,1035,1067,1068,1069,1070,1071,1072,1073,1074,1075,1076,1077,1078,1079,1080,1111,1112,1113,1117,1118,1119,1120,1121,1122,1123,1124,1125,1156,1157,1158,1162,1163,1164,1165,1166,1167,1168,1169,1170,1171,1200,1201,1205,1207,1208,1209,1210,1211,1212,1213,1214,1215,1245,1250,1251,1253,1260,1290,1294,1295,1296,1305,1335,1339,1340
106,106,227
29,34,42,43,72,115,117,123,168,169,172,260,402,448,449,491,492,493,494,495,535,536,537,538,539,540,578,579,580,581,582,583,584,585,622,623,624,625,626,627,628,629,630,666,667,668,669,670,671,672,673,674,675,711,712,713,714,715,716,717,718,719,720,755,756,757,758,759,760,761,762,763,764,765,799,800,801,802,803,804,805,806,807,808,809,810,811,843,844,845,846,847,848,849,850,851,852,853,854,887,888,889,890,891,892,893,894,895,896,897,898,899,900,932,933,934,935,936,937,938,939,940,941,942,943,944,945,951,977,978,979,980,981,982,983,984,985,986,987,988,989,990,1022,1023,1024,1025,1026,1027,1028,1029,1030,1031,1032,1033,1034,1035,1066,1067,1068,1069,1070,1071,1072,1073,1074,1075,1076,1077,1078,1079,1080,1111,1112,1113,1117,1118,1119,1120,1121,1122,1123,1124,1125,1155,1156,1157,1160,1162,1163,1164,1165,1166,1167,1168,1169,1170,1200,1204,1205,1206,1207,1209,1210,1211,1212,1213,1214,1215,1245,1248,1249,1250,1251,1252,1257,1259,1260,1290,1291,1293,1294,1295,1296,1335,1336,1339,1340
47,47,183
27,449,492,493,494,495,534,535,537,538,539,540,580,581,582,583,584,585,622,623,624,625,626,627,628,629,630,667,668,669,670,671,672,673,674,675,711,712,713,714,715,716,717,718,719,720,755,756,757,758,759,760,761,762,763,764,765,800,801,802,803,804,805,806,807,808,809,810,844,845,846,847,848,849,850,851,852,853,854,855,887,888,889,890,891,892,893,894,895,896,897,898,899,900,932,933,934,935,936,937,938,939,940,941,942,943,944,945,977,978,979,980,981,982,983,984,985,986,987,988,989,990,1022,1024,1025,1026,1027,1028,1029,1030,1031,1032,1033,1034,1035,1068,1070,1071,1073,1074,1075,1076,1077,1078,1079,1080,1117,1119,1120,1121,1122,1123,1124,1125,1155,1156,1158,1160,1163,1164,1165,1166,1167,1168,1169,1170,1200,1207,1208,1209,1210,1211,1212,1213,1214,1215,1250,1251,1257,1260,1294,1339,1340
137,137,125
535,538,539,540,584,585,624,626,627,628,629,630,667,668,669,670,671,672,673,674,675,712,713,714,715,716,717,718,719,757,758,759,760,761,762,763,764,765,801,803,804,805,806,807,808,809,810,844,846,848,849,850,851,852,853,854,892,893,894,895,896,897,898,899,900,937,938,940,941,942,943,944,945,979,981,982,983,984,985,986,987,988,989,1025,1026,1027,1028,1030,1031,1032,1033,1034,1035,1070,1071,1072,1073,1074,1075,1076,1077,1078,1079,1080,1118,1119,1120,1121,1122,1123,1124,1125,1165,1166,1167,1168,1169,1170,1207,1208,1209,1210,1251,1257,1340
18,18,166
27,71,72,492,493,494,534,536,537,538,539,540,581,583,584,585,622,623,624,625,626,627,628,629,630,667,668,669,670,671,672,673,674,675,711,712,713,714,715,716,717,718,719,720,756,757,758,759,760,761,762,763,764,765,798,800,802,803,804,805,806,807,808,809,844,845,848,849,850,851,852,853,854,855,887,889,890,891,892,893,894,895,896,897,898,899,932,933,934,935,936,938,939,940,941,942,943,945,977,978,979,981,982,983,984,985,986,987,988,989,990,1024,1025,1026,1027,1028,1029,1030,1031,1032,1033,1034,1035,1070,1071,1072,1073,1074,1075,1076,1077,1078,1079,1080,1117,1118,1119,1120,1121,1122,1123,1124,1125,1163,1164,1165,1166,1167,1168,1169,1170,1205,1207,1209,1210,1211,1212,1214,1215,1245,1250,1251,1252,1257,1295,1340
56,56,22
1171,1173,1216,1217,1218,1219,1220,1261,1262,1263,1264,1265,1266,1306,1307,1308,1309,1310,1311,1312,1313,1314
135,135,179
721,766,767,768,811,812,813,814,815,816,817,856,857,858,859,860,861,862,901,902,903,904,905,906,907,908,946,947,948,949,950,951,952,953,956,957,958,991,992,993,994,995,996,997,998,999,1001,1002,1003,1004,1036,1037,1038,1039,1040,1041,1042,1043,1046,1047,1048,1049,1050,1051,1052,1053,1081,1082,1083,1084,1085,1086,1087,1088,1091,1092,1093,1094,1095,1096,1097,1098,1099,1126,1127,1128,1129,1130,1131,1132,1133,1137,1138,1139,1140,1141,1142,1143,1144,1145,1146,1147,1148,1172,1173,1174,1175,1176,1177,1178,1182,1184,1185,1186,1187,1188,1189,1190,1192,1193,1194,1195,1218,1219,1220,1221,1222,1223,1224,1228,1229,1230,1231,1232,1233,1234,1235,1236,1237,1238,1239,1240,1241,1242,1243,1266,1267,1268,1269,1275,1276,1277,1278,1279,1281,1282,1283,1284,1285,1286,1287,1288,1313,1314,1315,1320,1322,1324,1325,1326,1327,1328,1329,1330,1331,1332,1333,1334,1336
31,31,342
271,316,317,318,319,361,362,363,364,365,366,406,407,408,409,410,411,412,451,452,453,454,455,456,457,458,496,497,498,499,500,501,502,503,504,541,542,543,544,545,546,547,548,549,550,586,587,588,589,590,591,592,593,594,595,596,597,598,600,631,632,633,634,635,636,637,638,639,640,641,642,643,644,645,646,676,677,678,679,680,681,682,683,684,685,686,687,688,689,690,691,692,693,694,695,696,697,721,722,723,724,725,726,727,728,729,730,731,732,733,734,735,736,737,738,739,740,741,742,743,744,766,767,768,770,771,772,773,776,777,778,779,780,781,782,783,784,785,786,787,788,789,790,791,811,816,817,818,822,823,824,825,826,827,828,829,830,831,832,833,834,835,836,837,861,862,863,867,868,869,870,871,872,873,874,875,876,877,878,879,880,881,882,883,884,904,912,913,914,916,917,918,919,920,921,922,923,924,925,926,927,928,929,930,931,952,956,957,958,961,962,963,964,965,966,967,968,969,970,971,972,973,974,975,976,977,978,979,1001,1002,1007,1008,1009,1010,1011,1012,1013,1014,1015,1016,1017,1018,1019,1020,1021,1022,1023,1024,1025,1026,1052,1053,1055,1057,1058,1059,1060,1061,1062,1063,1064,1065,1066,1067,1068,1069,1070,1071,1072,1104,1105,1107,1108,1109,1110,1111,1112,1113,1114,1115,1116,1117,1118,1119,1120,1152,1153,1154,1156,1157,1158,1159,1160,1161,1162,1163,1164,1165,1166,1167,1168,1169,1200,1201,1202,1203,1204,1205,1206,1207,1209,1210,1211,1212,1213,1214,1215,1246,1247,1248,1249,1252,1253,1254,1255,1256,1257,1258,1259,1260,1299,1300,1301,1302,1303,1304,1305,1346,1347,1348,1349,1350
130,130,480
1,2,3,4,5,6,7,8,9,10,46,47,48,49,50,51,52,53,54,55,56,57,91,92,93,94,95,96,97,98,99,100,101,102,136,137,138,139,140,141,142,143,144,145,146,147,148,149,150,181,182,183,184,185,186,187,188,189,190,191,192,193,194,195,196,226,227,228,229,230,231,232,233,234,235,236,237,238,239,240,241,242,271,272,273,274,275,276,277,278,279,280,281,282,283,284,285,286,287,288,289,290,291,316,317,318,319,320,321,322,323,324,325,326,327,328,329,330,331,332,333,334,335,336,337,361,362,363,364,365,366,367,368,369,370,371,372,373,374,375,376,377,378,379,380,381,382,383,384,406,407,408,409,410,411,412,413,414,415,416,417,418,419,420,421,422,423,424,425,426,427,428,429,430,431,432,433,434,435,451,452,453,454,455,456,457,458,459,460,461,462,464,465,466,467,468,469,470,471,472,473,474,475,476,477,478,479,480,481,496,497,498,499,500,501,502,503,505,506,509,510,511,512,513,514,515,516,517,518,519,520,521,522,523,524,525,526,544,546,547,548,550,551,555,556,557,558,559,560,561,562,563,564,565,566,567,568,569,570,571,572,573,574,575,576,591,593,596,600,601,602,604,605,606,607,608,609,610,611,612,613,614,615,616,617,618,619,620,621,622,641,644,645,648,649,652,653,654,655,656,657,658,659,660,661,662,663,664,665,666,667,668,690,696,697,698,699,700,701,702,703,704,705,706,707,708,709,710,711,712,713,714,715,716,735,740,741,742,743,744,745,746,747,748,749,750,751,752,753,754,755,756,757,758,759,760,761,762,784,786,787,788,789,790,791,792,793,794,795,796,797,798,799,800,801,802,803,804,805,806,807,808,809,810,834,836,837,838,839,840,841,842,843,844,845,846,847,848,849,850,851,852,853,854,855,877,880,882,883,884,885,887,888,889,890,891,892,893,894,895,896,897,898,899,900,930,932,933,934,935,936,937,938,939,940,941,942,943,944,945,977,978,979,980,981,982,983,984,985,986,988,989,990,1023,1025,1026,1027,1028,1029,1030,1034,1035,1072,1073,1074,1117,1118,1119,1125,1169,1170,1206,1212,1213,1214,1215,1258,1260,1297,1305
130,130,500
1,2,3,4,5,6,7,8,9,10,11,12,13,14,15,16,17,18,19,20,21,22,23,24,25,26,27,28,29,30,46,47,48,49,50,51,52,53,54,55,56,57,58,59,60,61,62,63,64,65,66,67,68,69,70,71,72,73,74,75,76,77,78,91,92,93,94,95,96,97,98,99,100,101,102,103,104,105,106,107,108,109,110,111,112,113,114,115,116,117,118,119,120,121,122,123,124,136,137,138,139,140,141,142,143,144,145,146,147,148,149,150,151,152,153,154,155,156,157,158,159,160,161,162,163,164,165,166,167,168,169,170,181,182,183,184,185,186,187,188,189,190,191,192,193,194,195,196,197,198,199,200,201,202,203,204,205,206,207,208,209,210,211,212,213,214,215,216,227,228,229,230,231,232,233,234,235,236,237,238,239,240,241,242,245,246,247,248,249,250,251,252,253,254,255,256,257,258,259,260,261,262,263,264,265,278,279,280,281,282,283,284,285,286,287,288,289,290,291,292,293,294,295,296,297,298,299,300,301,302,303,304,305,306,307,308,309,310,311,323,324,325,326,327,328,329,330,331,334,335,336,337,338,339,340,341,342,343,344,345,346,347,348,349,350,351,352,353,354,355,356,357,358,359,360,371,372,373,374,375,376,377,379,380,381,382,383,384,385,386,387,388,389,390,391,392,393,394,395,396,397,398,399,400,401,402,403,404,405,416,418,420,421,422,423,424,427,429,430,431,432,433,434,435,436,437,438,439,440,441,442,443,444,445,446,447,448,449,450,465,473,474,475,476,477,478,479,480,481,482,483,484,485,486,487,488,489,490,491,492,493,494,495,515,519,520,521,522,523,524,525,526,527,528,529,530,531,532,533,534,535,536,537,538,539,540,565,566,567,568,569,570,571,572,573,574,575,576,577,578,579,580,581,582,583,584,585,609,610,611,613,614,615,616,617,618,619,620,621,622,623,624,625,626,627,628,629,630,659,660,661,662,663,664,665,666,667,668,669,670,671,672,673,674,675,708,709,710,711,712,713,714,715,716,717,718,719,720,754,755,756,757,758,759,760,761,762,763,764,765,801,802,803,804,805,806,807,808,809,810,846,847,848,849,850,851,852,853,854,855,899,900,940,941,942,945,986,990,1031,1223
61,61,449
1,2,3,4,5,6,7,8,9,10,11,12,13,14,15,16,17,18,19,20,21,22,23,24,25,26,27,28,29,30,31,32,33,34,35,36,37,38,39,40,41,42,43,44,45,47,48,49,50,51,52,53,54,55,56,57,58,59,60,61,62,63,64,65,66,67,68,69,70,71,72,73,74,75,76,77,78,79,80,81,82,83,84,85,86,87,88,89,90,96,97,98,99,100,101,102,103,104,105,106,107,108,109,110,111,112,113,114,115,116,117,118,119,120,121,122,123,124,125,126,127,128,129,130,131,132,133,134,135,142,143,144,145,146,147,148,149,150,151,152,153,154,155,156,157,158,159,160,161,162,163,164,165,166,167,168,169,170,171,172,173,174,175,176,177,178,179,180,191,192,193,194,195,196,197,198,199,200,201,202,203,204,205,206,207,208,209,210,211,212,213,214,215,216,217,218,219,220,221,222,223,224,225,237,238,239,240,241,242,243,244,245,246,247,248,249,250,251,252,253,254,255,256,257,258,259,260,261,262,263,264,265,266,267,268,269,270,283,284,285,286,287,289,290,291,292,293,294,295,296,297,298,299,300,301,302,303,304,305,306,307,308,309,310,311,312,313,314,315,330,331,334,335,336,337,338,339,340,341,342,343,344,345,346,347,348,349,350,351,352,353,354,355,356,357,358,359,360,379,380,381,383,384,385,386,387,388,389,390,391,392,393,394,395,396,397,398,399,400,401,402,403,404,405,428,429,430,431,432,433,434,435,436,437,438,439,440,441,442,443,444,445,446,447,448,449,450,475,476,477,478,479,480,481,482,483,484,485,486,487,488,489,490,491,492,493,494,495,520,521,522,523,524,525,526,527,528,529,530,531,532,533,534,535,536,537,538,539,540,571,572,573,574,575,576,577,578,579,580,581,582,583,584,585,617,619,620,621,622,623,624,625,626,627,628,629,630,665,666,667,668,669,670,671,672,673,674,675,711,714,715,716,717,718,719,720,759,760,762,763,764,765,807,808,809,810,854,855,899
78,78,384
5,6,7,8,9,10,11,12,13,14,15,16,17,18,19,20,21,22,23,24,25,26,27,28,29,30,31,32,33,34,35,36,37,38,39,40,41,42,43,44,45,50,53,54,55,56,57,58,59,60,61,62,63,64,65,66,67,68,69,70,71,72,73,74,75,76,77,78,79,80,81,82,83,84,85,86,87,88,89,90,99,100,101,102,103,104,105,106,107,108,109,110,111,112,113,114,115,116,117,118,119,120,121,122,123,124,125,126,127,128,129,130,131,132,133,134,135,147,148,149,150,151,152,153,154,155,156,157,158,159,160,161,162,163,164,165,166,167,168,169,170,171,172,173,174,175,176,177,178,179,180,192,193,194,195,196,197,198,199,200,201,202,203,204,205,206,207,208,209,210,211,212,213,214,215,216,217,218,219,220,221,222,223,224,225,239,240,241,243,244,245,246,247,248,249,250,251,252,253,254,255,256,257,258,259,260,261,262,263,264,265,266,267,268,269,270,290,291,292,293,294,295,296,297,298,299,300,301,302,303,304,305,306,307,308,309,310,311,312,313,314,315,334,336,337,339,340,341,342,343,344,345,346,347,348,349,350,351,352,353,354,355,356,357,358,359,360,380,384,385,386,387,388,389,390,391,392,393,394,395,396,397,398,399,400,401,402,403,404,405,430,431,432,433,434,435,436,437,438,439,440,441,442,443,444,445,446,447,448,449,450,477,478,479,481,482,483,484,485,486,487,488,489,490,491,492,493,494,495,526,527,528,529,530,531,532,533,534,535,536,537,538,539,540,573,574,575,576,577,578,579,580,581,582,583,584,585,621,622,623,624,625,626,627,628,629,630,665,669,670,671,672,673,674,675,715,716,717,718,719,720,763,764,765
20,20,346
4,8,9,10,11,12,13,14,15,16,17,18,19,20,21,22,23,24,25,26,27,28,29,30,31,32,33,34,35,36,37,38,39,40,41,42,43,44,45,53,54,55,56,57,58,59,60,61,62,63,64,65,66,67,68,69,70,71,72,73,74,75,76,77,78,79,80,81,82,83,84,85,86,87,88,89,90,93,96,98,99,100,102,103,104,105,106,107,108,109,110,111,112,113,114,115,116,117,118,119,120,121,122,123,124,125,126,127,128,129,130,131,132,133,134,135,138,144,148,149,150,152,153,154,155,156,157,158,159,160,161,162,163,164,165,166,167,168,169,170,171,172,173,174,175,176,177,178,179,180,189,190,192,193,195,197,199,200,201,203,204,205,206,207,209,210,211,212,213,214,215,216,217,218,219,220,221,222,223,224,225,240,246,247,249,250,251,252,253,255,256,257,258,259,260,261,262,263,264,265,266,267,268,269,270,280,294,295,296,297,298,299,300,301,302,303,304,305,306,307,308,309,310,311,312,313,314,315,333,334,335,339,340,341,342,343,344,345,346,347,348,349,350,351,352,353,354,355,356,357,358,359,360,379,380,385,387,388,389,390,391,392,393,394,395,396,397,398,399,400,401,402,403,404,405,425,431,432,433,435,436,437,438,439,440,441,442,443,444,445,446,447,448,449,450,483,484,485,486,487,488,489,490,491,492,493,494,495,521,528,529,530,531,532,533,534,535,536,537,538,539,540,578,579,580,581,582,583,584,585,624,625,626,627,628,629,630,673,674,675,716,718,719,720,763,764
34,34,304
13,14,15,17,18,19,20,21,22,23,24,25,26,30,31,32,33,34,35,36,37,38,39,40,41,42,43,44,45,57,58,59,62,63,64,65,66,67,68,69,70,71,72,76,77,78,79,80,81,82,83,84,85,86,87,88,89,90,103,104,108,109,110,111,112,114,115,116,120,124,125,126,127,128,129,130,131,132,133,134,135,149,150,156,159,160,161,162,164,169,171,172,173,174,175,176,177,178,179,180,195,200,202,203,204,205,206,207,209,216,217,218,219,220,221,222,223,224,225,237,240,241,244,245,246,249,250,251,252,255,256,257,258,259,260,261,262,263,264,265,266,267,268,269,270,280,288,289,290,291,293,294,295,296,297,299,300,301,302,303,304,305,306,307,308,309,310,311,312,313,314,315,324,325,326,328,329,330,334,335,336,337,338,339,340,341,342,344,345,346,347,348,349,350,351,352,353,354,355,356,357,358,359,360,368,369,379,380,384,385,386,387,392,393,394,395,396,397,398,399,400,401,402,403,404,405,414,415,419,423,424,425,428,429,430,432,437,438,439,440,441,442,443,444,445,446,447,448,449,450,460,464,468,469,471,472,473,475,476,482,483,484,485,486,487,488,489,490,491,492,493,494,495,513,516,518,528,529,530,533,534,535,536,537,538,539,540,564,579,581,582,583,584,585,625,626,628,629,630,669,673,674,675,720
57,57,256
16,17,18,19,20,22,23,24,25,26,30,31,32,33,34,35,36,37,38,39,40,41,42,43,44,45,61,62,63,64,65,66,67,68,69,70,71,72,74,77,78,79,80,81,82,83,84,85,86,87,88,89,90,104,105,106,107,108,109,110,111,112,113,114,115,116,126,127,128,129,130,131,132,133,134,135,149,150,152,153,154,155,156,157,158,159,160,161,167,171,172,173,174,175,176,177,178,179,180,195,196,197,198,200,201,202,203,204,205,206,207,216,217,218,219,220,221,222,223,224,225,239,240,241,244,245,246,247,248,249,250,251,252,261,262,263,264,265,266,267,268,269,270,284,287,288,290,291,293,294,295,296,297,305,307,308,309,310,311,312,313,314,315,324,329,333,334,337,338,339,340,341,342,351,352,353,354,355,356,357,358,359,360,369,381,382,383,384,385,386,387,399,400,401,402,403,404,405,415,417,418,419,424,425,426,427,429,430,431,432,445,446,447,448,449,450,460,465,467,469,471,472,473,474,475,476,477,483,484,492,493,494,495,504,505,513,514,515,516,517,528,538,539,540,561,583,584,585,629,630,674,675,730,774,908,953
38,38,201
17,18,19,20,23,24,25,26,35,36,37,38,39,40,41,42,43,44,45,61,62,63,64,65,66,68,69,70,71,81,82,83,84,85,86,87,88,89,90,105,106,108,109,110,111,112,113,114,115,116,127,128,129,130,131,132,133,134,135,144,149,150,151,152,153,155,156,157,158,159,160,161,172,173,174,175,176,177,178,179,180,189,193,195,196,197,200,201,202,204,205,217,218,219,220,221,222,223,224,225,239,240,241,242,245,246,249,250,263,264,265,266,267,268,269,270,282,284,289,290,293,294,295,296,309,310,311,312,313,319,324,325,333,334,337,338,339,340,341,342,356,357,358,360,373,379,382,383,384,385,386,387,401,402,403,405,409,414,415,417,418,419,423,424,425,427,428,429,430,431,454,455,460,461,462,464,469,470,473,474,475,476,496,497,498,500,505,542,545,546,548,549,585,588,589,590,634,774,908,953,998
93,93,157
17,18,19,20,24,25,37,38,39,40,42,43,44,45,62,63,64,65,66,69,70,71,84,85,87,88,89,90,105,106,107,108,110,111,114,115,129,130,131,136,142,149,150,152,153,154,156,159,160,175,181,185,186,187,195,196,197,198,201,204,205,225,229,232,233,234,236,237,240,241,245,249,250,266,271,275,276,277,278,279,281,282,293,294,313,319,320,321,324,326,327,338,339,364,365,368,369,370,371,384,407,408,409,410,411,412,413,414,415,417,418,419,424,452,453,454,455,456,459,460,461,462,496,497,498,500,501,502,504,505,541,543,544,545,546,549,586,588,589,590,591,634,635,636,680,682,725,768,774,775,817,908,995,1041,1092,1137,1228
67,67,149
23,24,25,67,68,69,70,109,110,111,112,113,114,153,154,155,156,157,158,161,194,195,197,198,199,200,201,202,203,204,205,239,240,241,242,243,244,247,248,249,287,288,290,292,293,294,332,334,337,338,339,340,367,369,370,379,381,382,383,384,385,386,412,414,418,419,422,425,426,427,462,463,464,468,469,470,471,505,506,507,508,509,512,513,514,516,517,518,520,550,552,561,562,564,565,566,595,604,608,609,610,611,612,634,652,653,654,679,708,730,732,733,734,749,750,751,774,775,777,786,794,795,819,820,857,858,902,903,922,956,999,1044,1048,1089,1093,1137,1138,1182,1183,1223,1227,1228,1268,1272,1273,1313,1317,1318,1329
106,106,86
45,95,97,98,128,142,161,183,184,194,226,227,233,271,272,273,277,317,318,324,361,368,373,406,412,451,452,457,458,496,498,500,541,543,544,545,588,589,590,592,631,633,634,635,636,637,678,679,680,681,725,726,727,732,768,771,812,813,815,816,856,859,860,861,865,902,903,905,906,910,949,950,951,952,991,1036,1045,1091,1132,1134,1136,1181,1222,1265,1267,1306
59,59,37
226,272,317,451,457,498,499,500,544,588,589,590,591,633,634,635,636,678,679,680,813,815,858,860,861,903,905,906,952,1045,1091,1136,1177,1180,1181,1261,1306
4,4,2
590,1091
22,22,1
636
37,37,23
273,318,542,544,545,590,633,634,635,636,679,680,814,816,860,906,950,1091,1136,1223,1224,1261,1306
25,25,1
1306
86,86,2
503,1306
132,132,1
1306
97,97,87
160,244,245,250,251,289,290,293,295,333,377,380,423,424,464,466,467,468,509,511,512,554,650,656,693,694,697,698,699,700,701,729,733,734,738,739,740,741,742,743,744,745,746,747,753,783,784,787,788,789,790,791,792,793,828,830,832,833,834,835,836,837,838,870,871,878,879,880,881,882,883,915,916,923,924,925,926,927,946,956,957,970,971,1052,1268,1319,1320
86,86,19
858,860,861,902,903,911,912,955,957,991,996,999,1040,1041,1222,1267,1268,1269,1306
111,111,46
34,79,366,458,502,543,588,590,591,635,766,857,858,859,860,861,862,901,902,906,912,946,947,948,951,991,993,995,996,1001,1040,1041,1044,1085,1087,1134,1177,1221,1222,1267,1268,1269,1306,1310,1313,1318
98,98,44
35,250,502,511,512,633,636,681,813,858,859,860,861,901,902,903,904,905,906,948,951,957,991,993,996,999,1036,1040,1041,1044,1085,1087,1132,1177,1221,1222,1223,1227,1266,1267,1268,1269,1311,1312
117,117,85
35,36,79,80,81,141,232,250,276,321,464,511,512,547,591,592,634,635,636,637,676,680,681,688,766,777,811,813,856,857,858,859,860,861,862,901,902,903,904,906,909,946,947,948,951,953,955,956,957,991,992,993,995,996,999,1036,1040,1041,1042,1044,1085,1086,1087,1088,1089,1133,1135,1176,1177,1178,1221,1222,1223,1227,1266,1267,1268,1269,1270,1272,1306,1311,1313,1314,1318
4,4,109
35,38,79,80,81,82,90,250,321,378,446,452,464,511,512,538,546,547,592,630,633,634,635,636,637,675,680,688,724,726,732,733,766,767,768,777,812,817,822,857,858,859,860,861,862,867,901,902,903,904,905,906,908,909,910,912,913,946,947,948,951,953,954,955,956,957,991,992,993,995,996,999,1000,1001,1036,1040,1041,1042,1043,1044,1085,1086,1087,1088,1089,1132,1133,1134,1162,1176,1177,1178,1221,1222,1223,1265,1266,1267,1268,1269,1273,1277,1306,1310,1311,1313,1314,1318,1319
117,117,140
45,90,135,205,250,294,378,468,469,511,512,513,517,562,583,585,607,629,630,635,637,651,652,674,675,688,695,696,697,720,732,733,737,738,739,741,742,743,744,777,778,782,783,787,788,789,822,823,832,833,858,859,866,867,868,877,899,900,903,909,910,911,912,913,945,951,954,955,956,957,958,990,996,998,999,1000,1035,1036,1040,1042,1043,1044,1045,1078,1080,1085,1087,1088,1089,1124,1132,1133,1134,1161,1162,1163,1169,1177,1178,1179,1205,1206,1207,1211,1212,1213,1214,1215,1221,1222,1223,1224,1250,1251,1252,1255,1256,1257,1258,1259,1260,1267,1268,1269,1300,1301,1302,1303,1304,1305,1306,1312,1313,1318,1345,1346,1347,1348,1349,1350
142,142,216
44,45,135,250,334,428,473,492,493,503,511,537,548,553,582,583,611,628,630,651,674,675,687,688,694,696,697,699,700,719,720,732,733,738,739,741,742,743,744,777,778,782,783,785,786,787,788,789,821,822,823,830,832,833,853,854,855,866,867,868,877,897,898,900,909,910,911,912,913,914,941,943,944,945,954,955,956,957,958,986,987,989,990,998,999,1000,1029,1030,1032,1033,1034,1035,1043,1044,1045,1071,1072,1073,1077,1078,1079,1087,1088,1089,1090,1115,1116,1118,1121,1122,1123,1124,1125,1132,1133,1134,1135,1155,1158,1160,1161,1162,1163,1165,1166,1167,1168,1169,1170,1177,1178,1179,1192,1199,1205,1206,1207,1208,1209,1210,1211,1212,1213,1214,1215,1222,1223,1224,1240,1243,1244,1245,1248,1250,1251,1252,1253,1254,1255,1256,1257,1258,1259,1260,1267,1268,1269,1277,1278,1279,1283,1287,1288,1289,1290,1291,1292,1293,1294,1296,1297,1298,1299,1300,1301,1302,1303,1304,1305,1312,1313,1314,1323,1324,1329,1330,1331,1332,1333,1334,1335,1336,1337,1338,1339,1340,1341,1342,1343,1344,1345,1346,1347,1348,1349,1350
68,68,290
492,495,537,538,582,583,627,628,629,630,673,674,675,717,718,719,720,742,758,760,762,764,765,788,789,805,806,807,808,809,810,833,849,851,852,853,854,855,867,877,878,892,895,896,897,898,899,900,912,937,938,939,940,941,942,943,944,945,954,955,956,982,983,984,985,986,987,988,989,990,999,1000,1023,1024,1026,1027,1028,1029,1030,1031,1032,1033,1034,1035,1043,1044,1045,1064,1065,1066,1067,1068,1069,1070,1071,1072,1073,1074,1075,1076,1077,1078,1079,1080,1087,1088,1089,1090,1092,1103,1107,1108,1109,1110,1111,1112,1113,1114,1115,1116,1117,1118,1119,1120,1121,1122,1123,1124,1125,1132,1134,1135,1147,1151,1153,1154,1155,1156,1157,1158,1159,1160,1161,1162,1163,1164,1165,1166,1167,1168,1169,1170,1177,1179,1184,1185,1186,1191,1192,1193,1194,1195,1196,1197,1198,1199,1200,1201,1202,1203,1204,1205,1206,1207,1208,1209,1210,1211,1212,1213,1214,1215,1222,1223,1224,1228,1229,1230,1231,1235,1236,1237,1238,1239,1240,1241,1242,1243,1244,1245,1246,1247,1248,1249,1250,1251,1252,1253,1254,1255,1256,1257,1258,1259,1260,1267,1268,1269,1270,1271,1272,1273,1274,1275,1276,1277,1278,1279,1280,1282,1283,1284,1285,1286,1287,1288,1289,1290,1291,1292,1293,1294,1295,1296,1297,1298,1299,1300,1301,1302,1303,1304,1305,1312,1313,1314,1315,1317,1318,1319,1320,1321,1322,1323,1324,1325,1327,1328,1329,1330,1331,1332,1333,1334,1335,1336,1337,1338,1339,1340,1341,1342,1343,1344,1345,1346,1347,1348,1349,1350
141,141,321
386,430,431,466,514,556,557,558,601,602,628,671,672,673,674,694,715,716,717,718,719,720,738,754,760,761,763,764,765,804,805,806,807,808,809,810,844,846,847,848,849,850,851,852,853,854,855,871,872,873,889,890,891,892,893,894,895,896,897,898,899,900,916,917,922,934,935,936,937,938,939,940,941,942,943,944,945,956,957,965,977,978,980,981,982,983,984,985,986,987,988,989,990,1001,1002,1003,1009,1010,1019,1020,1021,1022,1023,1024,1025,1026,1027,1028,1029,1030,1031,1032,1033,1034,1035,1045,1046,1047,1048,1054,1062,1064,1065,1066,1067,1068,1069,1070,1071,1072,1073,1074,1075,1076,1077,1078,1079,1080,1089,1090,1091,1092,1093,1103,1104,1107,1108,1109,1110,1111,1112,1113,1114,1115,1116,1117,1118,1119,1120,1121,1122,1123,1124,1125,1134,1135,1136,1137,1145,1146,1147,1149,1151,1152,1153,1154,1155,1156,1157,1158,1159,1160,1161,1162,1163,1164,1165,1166,1167,1168,1169,1170,1179,1180,1184,1185,1190,1191,1192,1194,1195,1196,1197,1198,1199,1200,1201,1202,1203,1204,1205,1206,1207,1208,1209,1210,1211,1212,1213,1214,1215,1225,1230,1231,1236,1237,1238,1239,1240,1241,1242,1243,1244,1245,1246,1247,1248,1249,1250,1251,1252,1253,1254,1255,1256,1257,1258,1259,1260,1269,1270,1271,1273,1274,1275,1276,1278,1279,1280,1281,1282,1283,1284,1285,1286,1287,1288,1289,1290,1291,1292,1293,1294,1295,1296,1297,1298,1299,1300,1301,1302,1303,1304,1305,1312,1314,1315,1316,1318,1319,1320,1321,1322,1323,1324,1325,1326,1327,1328,1329,1330,1331,1332,1333,1334,1335,1336,1337,1338,1339,1340,1341,1342,1343,1344,1345,1346,1347,1348,1349,1350
81,81,390
405,449,450,492,493,494,495,538,539,540,581,582,583,584,585,625,626,627,628,629,630,669,670,671,672,673,674,675,712,713,714,715,716,717,718,719,720,755,757,758,759,760,761,762,763,764,765,799,800,802,803,804,805,806,807,808,809,810,843,844,845,846,847,848,849,850,851,852,853,854,855,878,887,888,889,890,891,892,893,894,895,896,897,898,899,900,923,930,931,932,933,934,935,936,937,938,939,940,941,942,943,944,945,972,973,974,975,976,977,978,979,980,981,982,983,984,985,986,987,988,989,990,1008,1010,1015,1017,1018,1019,1020,1021,1022,1023,1024,1025,1026,1027,1028,1029,1030,1031,1032,1033,1034,1035,1054,1055,1056,1059,1060,1061,1062,1063,1064,1065,1066,1067,1068,1069,1070,1071,1072,1073,1074,1075,1076,1077,1078,1079,1080,1092,1093,1098,1099,1100,1101,1102,1103,1104,1105,1106,1107,1108,1109,1110,1111,1112,1113,1114,1115,1116,1117,1118,1119,1120,1121,1122,1123,1124,1125,1136,1137,1138,1139,1140,1141,1142,1143,1144,1145,1146,1147,1148,1149,1150,1151,1152,1153,1154,1155,1156,1157,1158,1159,1160,1161,1162,1163,1164,1165,1166,1167,1168,1169,1170,1180,1181,1182,1183,1184,1185,1186,1187,1188,1189,1190,1191,1192,1193,1194,1195,1196,1197,1198,1199,1200,1201,1202,1203,1204,1205,1206,1207,1208,1209,1210,1211,1212,1213,1214,1215,1222,1224,1225,1226,1227,1228,1229,1230,1231,1232,1233,1234,1235,1236,1237,1238,1239,1240,1241,1242,1243,1244,1245,1246,1247,1248,1249,1250,1251,1252,1253,1254,1255,1256,1257,1258,1259,1260,1265,1266,1267,1268,1269,1270,1271,1272,1273,1274,1275,1276,1277,1278,1279,1280,1281,1282,1283,1284,1285,1286,1287,1288,1289,1290,1291,1292,1293,1294,1295,1296,1297,1298,1299,1300,1301,1302,1303,1304,1305,1310,1311,1312,1313,1314,1315,1316,1317,1318,1319,1320,1321,1322,1323,1324,1325,1326,1327,1328,1329,1330,1331,1332,1333,1334,1335,1336,1337,1338,1339,1340,1341,1342,1343,1344,1345,1346,1347,1348,1349,1350
64,64,461
360,401,402,403,404,405,444,445,446,447,448,449,450,490,491,492,493,494,495,532,533,534,535,536,537,538,539,540,576,577,578,579,580,581,582,583,584,585,620,621,622,623,624,625,626,627,629,630,638,662,663,664,665,666,667,668,669,670,671,672,674,675,707,708,709,710,711,712,713,714,715,716,717,719,720,749,750,751,752,753,754,755,756,757,758,759,760,761,762,790,792,793,794,795,796,797,798,799,800,801,802,803,804,805,806,807,808,809,834,835,836,837,838,839,840,841,842,843,844,845,846,847,848,849,850,851,852,853,854,855,878,879,880,881,882,883,884,885,886,887,888,889,890,891,892,893,894,895,896,897,898,899,900,923,924,925,926,927,928,929,930,931,932,933,934,935,936,937,938,939,940,941,942,943,944,945,969,970,971,972,973,974,975,976,977,978,979,980,981,982,983,984,985,986,987,988,989,990,1003,1006,1007,1012,1013,1014,1015,1016,1017,1018,1019,1020,1021,1022,1023,1024,1025,1026,1027,1028,1029,1030,1031,1032,1033,1034,1035,1048,1049,1051,1052,1053,1055,1056,1057,1058,1059,1060,1061,1062,1063,1064,1065,1066,1067,1068,1069,1070,1071,1072,1073,1074,1075,1076,1077,1078,1079,1090,1091,1092,1093,1094,1096,1097,1098,1099,1100,1101,1102,1103,1104,1105,1106,1107,1108,1109,1110,1111,1112,1113,1114,1115,1116,1117,1118,1119,1120,1121,1122,1123,1124,1132,1133,1134,1135,1136,1137,1138,1139,1140,1141,1142,1143,1144,1145,1146,1147,1148,1149,1150,1151,1152,1153,1154,1155,1156,1157,1158,1159,1160,1161,1162,1163,1164,1165,1176,1177,1178,1179,1180,1181,1182,1183,1184,1185,1186,1187,1188,1189,1190,1191,1192,1193,1194,1195,1196,1197,1198,1199,1200,1201,1202,1203,1204,1205,1206,1207,1208,1209,1221,1222,1223,1224,1225,1226,1227,1228,1229,1230,1231,1232,1233,1234,1235,1236,1237,1238,1239,1240,1241,1242,1243,1244,1245,1246,1247,1248,1249,1250,1251,1252,1253,1254,1263,1264,1265,1266,1267,1268,1269,1270,1271,1272,1273,1274,1275,1276,1277,1278,1279,1280,1281,1282,1283,1284,1285,1286,1287,1288,1289,1290,1291,1292,1293,1294,1295,1296,1306,1307,1308,1309,1310,1311,1312,1313,1314,1315,1316,1317,1318,1319,1320,1321,1322,1323,1324,1325,1326,1327,1328,1329,1330,1331,1332,1333,1334,1335,1336,1337,1338,1339,1340,1341
6,6,482
45,129,173,174,175,212,215,216,217,218,219,220,221,222,223,224,258,259,260,261,262,263,264,265,266,267,268,269,270,302,303,304,305,306,307,308,309,310,311,312,313,314,315,343,344,345,346,347,348,349,350,351,352,354,355,356,357,358,359,360,388,389,390,391,392,393,394,395,396,397,399,400,403,404,405,433,434,435,436,437,438,439,440,441,442,443,444,445,446,447,448,449,450,477,478,479,480,481,482,483,484,485,486,487,488,489,490,491,492,493,494,515,516,519,520,521,522,523,524,525,526,527,528,529,530,531,532,533,534,535,536,537,538,539,559,560,561,563,564,565,566,567,568,569,570,571,572,573,574,575,576,577,578,579,580,581,582,603,604,605,606,607,608,609,610,611,612,613,614,615,616,617,618,619,620,621,622,623,624,647,648,649,650,651,652,653,654,655,656,657,658,659,660,661,662,663,664,665,666,667,668,689,690,692,693,694,695,696,697,698,701,702,703,704,705,706,707,708,709,710,711,712,734,735,736,737,738,742,743,745,746,747,748,749,750,751,752,753,754,755,772,773,774,775,779,780,781,782,783,789,790,791,792,793,794,795,796,817,819,820,823,824,825,835,836,837,838,839,840,841,842,857,858,859,860,861,862,863,864,865,868,869,879,880,881,882,883,884,885,901,902,903,904,905,906,907,908,909,910,913,914,915,917,924,925,926,927,928,929,946,947,948,949,950,951,952,953,954,958,959,960,961,962,963,964,968,969,970,971,972,973,991,992,993,994,995,996,997,998,999,1000,1001,1002,1003,1004,1005,1006,1007,1009,1012,1013,1014,1015,1016,1017,1036,1037,1038,1039,1040,1041,1042,1043,1044,1045,1047,1048,1049,1050,1051,1052,1053,1057,1058,1059,1060,1081,1082,1083,1084,1085,1086,1087,1088,1089,1090,1091,1092,1093,1094,1095,1096,1097,1098,1102,1103,1126,1127,1128,1129,1130,1131,1132,1133,1134,1135,1136,1137,1138,1139,1140,1141,1142,1143,1144,1145,1171,1172,1173,1174,1175,1176,1177,1178,1179,1180,1181,1182,1183,1184,1185,1186,1187,1188,1216,1217,1218,1219,1220,1221,1222,1223,1224,1225,1226,1227,1228,1229,1230,1231,1232,1261,1262,1263,1264,1265,1266,1267,1268,1269,1270,1271,1272,1273,1274,1275,1276,1277,1306,1307,1308,1309,1310,1311,1312,1313,1315,1316,1317,1318,1319,1320
75,75,406
19,21,22,23,33,34,35,36,60,61,62,63,64,65,66,67,68,75,77,78,79,80,105,106,107,108,109,110,111,112,113,122,123,149,150,151,152,153,154,155,156,157,158,159,160,161,162,163,164,167,194,195,196,197,198,199,200,201,202,203,204,206,207,208,209,210,211,212,235,236,237,238,239,240,241,242,243,244,245,246,247,248,249,250,252,253,254,255,256,257,258,259,260,281,282,283,284,285,286,287,288,289,290,291,292,293,294,295,296,297,298,299,300,301,302,303,304,305,322,323,324,325,326,327,328,329,330,331,332,333,334,335,336,337,338,339,343,344,345,346,347,348,349,364,365,366,367,368,369,370,371,372,373,374,375,376,377,378,379,380,381,382,383,388,389,390,391,392,393,407,409,410,411,412,413,414,415,416,417,418,419,420,421,422,423,424,425,426,427,428,433,434,435,451,452,453,454,455,456,457,458,459,460,461,462,463,464,465,466,467,470,471,477,478,496,497,498,499,500,501,502,503,504,505,506,507,508,509,510,514,515,516,519,541,542,543,544,545,546,547,548,549,550,551,552,553,554,555,558,560,561,564,584,586,587,588,589,590,591,592,593,594,595,596,597,598,599,600,604,605,608,631,632,633,634,635,636,637,638,639,640,641,642,643,644,645,646,648,649,650,676,677,678,679,680,681,682,683,684,685,686,687,688,689,690,691,692,693,694,721,722,723,724,725,726,727,728,729,730,731,732,734,735,736,737,766,767,768,769,770,771,772,773,774,775,776,777,778,780,811,812,813,814,815,816,817,818,819,820,821,856,857,858,859,860,861,862,863,864,865,901,902,903,904,905,906,907,908,909,910,946,947,948,949,950,951,952,954,955,991,992,993,994,995,996,1036,1037,1038,1039,1040,1041,1042,1081,1082,1083,1084,1085,1086,1126,1127,1128,1129,1171,1172,1173,1216
111,111,258
1,2,3,4,5,6,7,8,9,10,11,12,13,14,15,16,17,18,19,20,21,22,23,24,46,47,48,49,50,51,52,53,54,55,56,57,58,59,60,61,62,63,64,65,66,67,68,91,92,93,94,95,96,97,98,99,100,101,102,103,104,105,106,107,108,109,110,111,112,136,137,138,139,140,141,142,143,144,145,146,147,148,149,150,151,152,153,154,155,156,157,181,182,183,184,185,186,187,188,189,190,191,192,193,194,195,196,197,198,199,200,201,202,226,227,228,229,230,231,232,233,234,235,236,237,238,239,240,241,242,243,244,245,246,271,272,273,274,275,276,277,278,279,280,281,282,283,284,285,286,287,288,289,290,316,317,318,319,320,321,322,323,324,325,326,327,328,329,330,331,332,333,361,362,363,364,365,366,367,368,369,370,371,372,373,374,375,376,406,407,408,409,410,411,412,413,414,415,416,417,418,419,420,451,452,453,454,455,456,457,458,459,460,461,462,463,496,497,498,499,500,501,502,503,504,505,506,507,541,542,543,544,545,546,547,548,549,550,586,587,588,589,590,591,592,631,632,633,634,635,676,677,678,679,695,721,722,723
142,142,158
1,2,3,4,5,6,7,8,9,10,11,12,13,14,15,16,17,18,19,20,21,22,46,47,48,49,50,51,52,53,54,55,56,57,58,59,60,61,62,63,64,65,66,91,92,93,94,95,96,97,98,99,100,101,102,103,104,105,106,107,109,136,137,138,139,140,141,142,143,144,145,146,147,148,149,150,151,152,181,182,183,184,185,186,187,188,189,190,191,192,193,194,195,196,226,227,228,229,230,231,232,233,234,235,236,237,238,239,271,272,273,274,275,276,277,278,279,280,281,282,316,317,318,319,320,321,322,323,324,325,361,362,363,364,365,366,367,368,406,407,408,409,410,412,413,451,452,453,454,455,457,496,497,498,499,541,542,586
17,17,118
1,2,3,4,5,6,7,8,9,10,11,12,13,14,15,46,47,48,49,50,51,52,53,54,55,56,57,58,59,91,92,93,94,95,96,97,98,99,100,101,102,103,136,137,138,139,140,141,142,143,144,145,146,181,182,183,184,185,186,187,188,190,226,227,228,229,230,231,232,271,272,273,274,277,278,316,317,320,321,361,362,406,407,408,451,452,453,454,457,458,496,497,498,499,502,504,541,542,543,544,545,546,587,588,589,590,593,631,632,633,634,676,677,679,811,1171,1177,1312
113,113,38
2,3,4,10,46,48,49,51,52,91,92,93,95,96,136,137,138,140,181,182,184,226,227,272,273,316,318,319,362,363,365,406,451,542,1081,1131,1171,1216
28,28,90
708,709,712,753,754,756,795,796,797,802,803,849,850,855,892,893,936,937,938,939,940,941,944,945,981,982,983,984,985,986,988,1024,1025,1026,1027,1028,1029,1030,1032,1033,1034,1035,1067,1069,1070,1071,1072,1073,1074,1075,1076,1078,1079,1113,1114,1115,1116,1117,1118,1119,1120,1121,1122,1123,1124,1125,1156,1160,1164,1165,1166,1167,1168,1169,1170,1203,1204,1205,1211,1212,1213,1214,1257,1258,1259,1304,1305,1327,1349,1350
28,28,82
752,754,763,795,796,803,809,810,851,855,891,893,936,937,938,939,940,941,982,983,984,985,986,987,988,989,1024,1026,1027,1028,1029,1030,1031,1032,1033,1034,1035,1069,1070,1071,1072,1073,1074,1075,1076,1077,1078,1080,1115,1116,1117,1118,1119,1120,1121,1122,1123,1124,1125,1159,1164,1165,1166,1167,1168,1169,1170,1205,1207,1211,1212,1213,1214,1215,1257,1258,1259,1293,1304,1305,1349,1350
27,27,103
667,707,708,710,712,715,753,754,755,756,760,761,762,763,794,796,798,802,803,807,809,810,839,840,841,849,850,852,883,893,896,936,937,938,939,940,941,982,983,984,985,986,987,988,989,1024,1026,1027,1028,1029,1030,1031,1032,1033,1034,1067,1068,1070,1071,1072,1073,1074,1075,1076,1077,1078,1079,1080,1113,1115,1116,1117,1118,1119,1120,1121,1122,1123,1124,1125,1155,1160,1162,1164,1165,1166,1167,1168,1169,1170,1207,1211,1212,1213,1214,1215,1247,1257,1258,1259,1304,1305,1350
75,75,114
666,667,669,706,707,708,712,713,715,719,750,752,754,756,757,759,762,763,796,797,802,803,805,806,807,810,839,841,843,848,849,851,853,854,887,891,893,894,895,936,937,938,939,940,941,942,944,981,982,983,984,985,986,987,988,1024,1025,1027,1028,1029,1030,1031,1032,1033,1034,1035,1068,1069,1070,1071,1072,1073,1074,1075,1076,1077,1078,1079,1080,1112,1113,1114,1115,1117,1118,1119,1120,1121,1122,1123,1124,1125,1126,1162,1164,1165,1166,1167,1168,1169,1170,1204,1207,1211,1212,1213,1214,1257,1258,1259,1260,1304,1305,1350
19,19,170
622,664,665,666,667,668,669,704,706,707,708,709,710,711,712,713,714,715,716,717,720,748,750,751,752,753,754,756,757,758,759,760,761,762,763,764,765,792,794,795,796,797,799,801,802,803,805,806,807,808,809,810,836,839,841,842,843,844,845,847,848,849,851,852,853,854,855,882,884,889,890,891,893,894,896,900,925,928,930,934,936,937,938,939,940,941,942,944,974,977,981,982,983,984,985,986,987,988,989,990,1022,1023,1025,1026,1027,1028,1029,1030,1031,1032,1033,1034,1035,1067,1069,1070,1071,1072,1073,1074,1075,1076,1077,1078,1079,1080,1114,1115,1116,1117,1118,1119,1120,1121,1122,1123,1124,1125,1159,1160,1161,1162,1164,1165,1166,1167,1168,1169,1170,1192,1193,1203,1204,1205,1207,1211,1212,1213,1214,1215,1239,1257,1258,1259,1260,1304,1305,1329,1349,1350
48,48,188
622,625,663,664,665,666,667,668,669,670,704,705,706,707,708,709,710,711,712,713,714,715,716,719,720,748,750,751,752,753,754,755,757,758,759,760,761,762,763,764,765,792,793,794,795,796,797,798,799,800,801,802,803,804,805,806,807,808,809,810,836,839,840,841,842,843,844,845,846,847,848,849,850,851,852,853,854,879,880,882,883,885,886,890,891,893,894,898,899,900,925,927,934,936,937,938,939,940,941,942,944,964,975,979,981,982,983,984,985,986,987,988,989,990,1024,1025,1026,1027,1028,1029,1030,1031,1032,1033,1034,1035,1067,1068,1069,1070,1071,1072,1073,1074,1075,1076,1077,1078,1079,1080,1114,1115,1116,1117,1118,1119,1120,1121,1122,1123,1124,1125,1148,1150,1155,1160,1161,1162,1163,1164,1165,1166,1167,1168,1169,1170,1193,1194,1203,1204,1205,1207,1211,1212,1213,1214,1215,1257,1258,1259,1260,1284,1285,1304,1305,1329,1349,1350
51,51,191
622,661,663,664,665,666,667,668,669,670,673,674,704,705,706,707,708,709,710,711,712,714,715,716,717,718,719,748,749,750,751,752,753,754,756,757,758,759,760,761,762,763,765,791,792,793,794,795,796,797,798,799,800,802,803,804,805,806,807,808,809,810,835,836,837,839,840,841,842,843,844,847,848,849,850,851,852,853,854,855,880,882,883,884,885,888,889,891,892,893,894,896,897,898,899,900,925,927,936,937,938,939,940,941,942,943,944,978,979,982,983,984,985,986,987,988,989,1022,1023,1025,1026,1027,1028,1029,1030,1031,1032,1033,1034,1035,1067,1068,1069,1070,1071,1072,1073,1074,1075,1076,1077,1078,1079,1080,1112,1113,1114,1115,1116,1117,1118,1119,1120,1121,1122,1123,1124,1125,1160,1161,1162,1163,1164,1165,1166,1167,1168,1169,1170,1197,1203,1204,1205,1206,1207,1208,1211,1212,1213,1214,1215,1257,1258,1259,1260,1284,1304,1305,1329,1349,1350
41,41,193
620,624,661,664,665,666,667,668,669,670,671,673,674,704,705,706,707,708,709,710,711,712,713,714,715,717,718,719,720,748,749,750,751,752,753,754,755,756,757,758,759,760,761,763,765,791,792,793,794,795,796,797,798,799,800,801,802,803,804,805,806,807,809,810,835,837,840,841,842,843,844,847,848,849,850,851,852,853,854,880,882,883,884,890,892,893,894,895,896,897,898,899,900,925,927,928,929,935,936,937,938,939,940,941,942,944,970,975,978,981,982,983,984,985,986,987,988,989,1012,1023,1026,1027,1028,1029,1030,1031,1032,1033,1034,1035,1067,1068,1069,1070,1071,1072,1073,1074,1075,1076,1077,1078,1079,1080,1104,1113,1114,1115,1116,1117,1118,1119,1120,1121,1122,1123,1124,1125,1126,1147,1157,1159,1160,1161,1162,1163,1164,1165,1166,1167,1168,1169,1170,1192,1202,1203,1205,1206,1207,1208,1211,1212,1213,1214,1215,1238,1257,1258,1259,1260,1304,1305,1350
4,4,84
667,668,707,708,709,710,711,713,714,717,748,750,752,755,759,760,761,763,765,794,796,801,803,809,810,840,842,848,853,893,938,940,982,983,984,985,986,987,1026,1027,1028,1029,1030,1031,1032,1033,1034,1069,1070,1071,1072,1073,1074,1075,1076,1077,1078,1079,1080,1114,1116,1119,1120,1121,1122,1124,1125,1162,1163,1164,1165,1166,1168,1171,1205,1208,1211,1212,1213,1257,1258,1304,1305,1350
55,55,213
618,619,620,622,623,660,661,664,665,666,667,668,669,670,673,704,705,706,707,708,709,710,711,712,713,714,715,716,717,718,747,748,749,750,751,752,753,754,755,756,757,758,759,760,761,762,763,764,791,792,793,794,795,796,797,798,799,800,801,802,803,804,805,806,807,808,809,810,835,836,837,839,841,842,843,846,847,848,849,850,851,852,853,854,855,875,882,883,884,885,887,888,889,890,891,892,893,894,896,897,898,899,900,925,927,932,934,936,937,938,939,940,941,942,943,944,945,964,976,978,980,981,982,983,984,985,986,987,988,989,990,1012,1017,1018,1022,1024,1025,1026,1027,1028,1029,1030,1031,1032,1033,1034,1035,1055,1056,1067,1068,1069,1070,1071,1072,1073,1074,1075,1076,1077,1078,1079,1080,1102,1112,1113,1114,1115,1116,1117,1118,1119,1120,1121,1122,1123,1124,1125,1149,1152,1159,1160,1161,1162,1163,1164,1165,1166,1167,1168,1169,1170,1171,1190,1195,1205,1206,1207,1208,1211,1212,1213,1214,1215,1258,1259,1260,1283,1284,1304,1305,1349,1350
80,80,122
622,665,666,667,668,669,670,704,706,708,709,710,711,712,713,714,715,717,747,750,751,752,754,755,756,758,759,760,761,763,793,796,798,799,800,802,803,804,805,806,808,842,843,847,851,853,890,892,893,894,936,937,938,939,940,942,982,983,984,985,986,987,988,989,1026,1027,1028,1029,1030,1031,1032,1033,1034,1035,1067,1068,1069,1070,1071,1072,1073,1074,1075,1076,1077,1078,1079,1080,1112,1116,1117,1118,1119,1120,1122,1123,1124,1159,1160,1161,1162,1163,1164,1165,1166,1167,1168,1169,1205,1206,1207,1208,1211,1212,1213,1214,1258,1259,1260,1304,1305,1350
46,46,239
616,619,620,622,623,660,661,662,664,665,666,667,668,669,670,671,672,673,703,704,705,706,707,708,709,710,711,712,713,714,715,716,717,718,719,720,747,748,749,750,751,752,753,754,755,756,757,758,759,760,761,762,763,764,765,791,792,793,794,795,796,797,798,799,800,801,802,803,804,805,806,807,808,810,834,835,836,837,838,839,840,841,842,843,844,845,846,847,848,849,850,851,852,853,854,855,873,880,881,882,883,884,885,886,887,889,890,891,892,893,894,895,896,897,898,899,900,926,927,930,931,934,935,936,937,938,939,940,941,942,943,944,945,964,968,976,978,979,980,981,982,983,984,985,986,987,988,989,990,1018,1019,1023,1025,1026,1027,1028,1029,1030,1031,1032,1033,1034,1035,1058,1060,1066,1067,1068,1069,1070,1071,1072,1073,1074,1075,1076,1077,1078,1079,1080,1103,1104,1107,1111,1112,1113,1114,1115,1116,1117,1118,1119,1120,1121,1122,1123,1124,1125,1147,1148,1149,1150,1158,1159,1160,1161,1162,1163,1164,1165,1166,1167,1168,1169,1170,1171,1192,1193,1205,1206,1207,1208,1212,1213,1214,1215,1238,1242,1243,1258,1259,1260,1283,1285,1304,1305,1348,1349,1350
34,34,208
95,519,576,618,620,621,622,623,660,661,662,663,665,666,667,668,669,670,672,703,704,705,706,707,708,709,710,711,712,713,714,715,716,717,718,719,720,746,747,748,749,750,751,752,753,754,755,756,757,758,759,760,761,762,763,764,765,788,790,791,792,793,794,795,796,797,798,799,800,801,802,803,804,805,806,807,809,810,835,836,837,838,839,840,841,842,843,847,848,849,850,851,852,853,855,882,885,886,889,890,892,893,894,895,896,897,899,900,918,927,936,937,938,939,940,941,942,945,966,978,979,981,982,983,984,985,986,987,988,989,990,1017,1021,1022,1025,1026,1027,1028,1029,1030,1031,1032,1033,1034,1035,1067,1068,1069,1070,1071,1072,1073,1074,1075,1076,1077,1078,1079,1080,1105,1112,1113,1114,1115,1116,1117,1118,1119,1120,1121,1122,1123,1124,1125,1148,1149,1150,1159,1160,1161,1162,1163,1164,1165,1166,1167,1168,1169,1170,1190,1192,1193,1206,1207,1208,1212,1213,1214,1215,1258,1259,1260,1283,1304,1305,1327,1349,1350
66,66,154
620,621,622,661,663,664,665,666,667,668,669,670,671,703,705,706,707,708,709,710,711,712,713,714,715,717,718,746,747,748,749,750,751,752,753,754,755,756,757,758,759,760,761,762,763,791,792,795,796,798,799,800,801,802,803,804,805,806,807,808,809,810,837,839,840,841,848,850,852,853,854,855,892,893,894,900,927,935,936,937,938,939,940,941,979,980,982,983,984,985,986,987,988,989,1022,1027,1028,1029,1030,1031,1032,1033,1034,1035,1067,1068,1069,1070,1071,1072,1073,1074,1075,1076,1077,1078,1079,1080,1112,1114,1115,1116,1117,1118,1119,1120,1121,1122,1123,1124,1125,1159,1160,1161,1162,1163,1164,1165,1166,1167,1168,1169,1170,1206,1207,1208,1212,1213,1214,1258,1259,1304,1349,1350
45,45,195
95,617,618,619,620,622,623,659,660,661,662,663,664,665,666,667,668,669,670,671,703,704,706,707,708,709,710,711,712,713,714,715,716,717,718,719,746,747,748,749,750,751,752,753,754,755,756,757,758,759,760,761,762,763,764,765,788,789,790,791,793,794,795,796,797,798,799,800,801,802,803,804,805,806,807,808,809,810,835,838,839,840,841,842,844,847,848,849,850,851,852,853,854,855,877,882,883,886,887,892,893,894,896,898,900,925,926,927,932,936,937,938,939,940,941,942,976,978,980,981,982,983,984,985,986,987,988,989,990,1025,1026,1027,1028,1029,1030,1031,1032,1033,1034,1035,1067,1068,1069,1070,1071,1072,1073,1074,1075,1076,1077,1078,1079,1080,1112,1113,1114,1115,1116,1117,1118,1119,1120,1121,1123,1124,1125,1158,1159,1160,1161,1162,1163,1164,1165,1166,1167,1168,1169,1170,1171,1207,1208,1212,1213,1214,1215,1258,1259,1260,1282,1304,1305,1349,1350
139,139,178
139,619,620,621,622,661,662,663,664,665,666,667,668,669,670,671,672,703,704,705,706,707,708,709,710,711,712,713,714,716,717,718,719,746,747,748,749,750,751,752,753,754,755,756,757,758,759,760,761,762,763,764,765,788,789,790,791,792,793,794,795,796,797,798,799,800,801,802,803,804,805,806,807,808,810,837,839,840,841,842,846,847,848,849,850,851,852,854,893,894,895,898,900,932,934,935,936,937,938,939,940,941,942,944,978,981,982,983,984,985,986,987,988,989,1022,1024,1026,1027,1028,1029,1030,1031,1032,1033,1034,1035,1067,1068,1069,1071,1072,1073,1074,1075,1076,1077,1078,1079,1080,1112,1113,1114,1115,1116,1117,1118,1119,1120,1121,1122,1123,1124,1125,1158,1159,1160,1161,1162,1163,1164,1165,1166,1167,1168,1169,1170,1207,1208,1212,1213,1214,1215,1258,1259,1260,1304,1349,1350
116,116,195
616,618,620,621,622,625,660,661,662,663,664,665,666,667,668,669,670,671,672,703,704,705,706,707,708,709,710,711,712,713,714,715,716,717,718,719,742,746,747,748,749,750,751,752,753,754,755,756,757,758,759,760,761,762,764,765,786,788,789,791,792,793,794,795,796,797,798,799,800,801,802,803,804,805,806,807,808,809,810,837,838,839,841,842,844,846,847,848,849,850,851,852,853,854,855,873,877,883,884,887,891,893,894,895,896,900,932,935,936,937,938,939,940,941,942,944,979,981,982,983,984,985,986,987,988,989,1015,1022,1023,1026,1027,1028,1029,1030,1031,1032,1033,1034,1035,1056,1067,1068,1069,1070,1071,1072,1073,1074,1075,1076,1077,1078,1079,1080,1104,1111,1112,1113,1114,1115,1116,1117,1118,1119,1120,1121,1122,1123,1124,1125,1158,1159,1160,1161,1162,1163,1164,1165,1166,1167,1168,1169,1170,1208,1212,1213,1214,1215,1258,1259,1260,1304,1305,1349,1350
11,11,207
575,619,620,621,622,623,659,660,661,662,663,664,665,666,667,668,669,670,671,672,703,704,705,706,707,708,709,710,711,712,713,714,715,717,718,742,746,747,748,749,750,751,752,753,754,755,756,757,758,759,760,761,762,763,764,765,788,789,790,791,792,793,794,795,796,797,798,799,800,801,802,803,804,805,806,807,808,809,810,835,837,838,839,840,841,842,846,847,848,849,850,851,852,853,854,882,883,884,887,890,891,893,894,895,896,900,925,926,931,932,935,936,937,938,939,940,941,942,943,944,945,975,976,978,979,980,981,982,983,984,985,986,987,988,989,990,1015,1022,1023,1025,1026,1027,1028,1029,1030,1031,1032,1033,1034,1035,1056,1059,1060,1067,1068,1069,1070,1071,1072,1073,1074,1075,1076,1077,1078,1079,1080,1104,1112,1114,1115,1116,1117,1118,1119,1120,1121,1122,1123,1124,1125,1148,1158,1159,1160,1161,1162,1163,1164,1165,1166,1167,1168,1169,1170,1208,1212,1214,1238,1258,1259,1260,1282,1304,1305,1349,1350
4,4,266
616,617,618,619,620,621,622,624,625,659,660,661,662,663,664,665,666,667,668,670,671,696,702,703,704,705,706,707,708,709,710,711,712,713,714,715,716,717,719,742,745,746,747,748,749,750,751,752,753,754,755,756,757,758,759,760,761,762,763,764,783,784,785,788,789,790,791,792,793,794,795,796,797,798,799,800,801,802,803,804,805,806,807,808,809,831,834,835,836,837,838,839,840,841,842,843,844,846,847,848,849,850,851,852,853,854,873,874,876,881,882,883,884,885,886,887,889,890,891,892,893,894,895,896,897,900,918,920,922,923,928,929,930,931,932,934,935,936,937,938,939,940,941,942,943,944,945,964,966,967,968,970,972,973,974,975,978,979,980,981,982,983,984,985,986,987,988,989,990,1013,1014,1015,1017,1018,1022,1023,1025,1026,1027,1028,1029,1030,1031,1032,1033,1034,1035,1057,1059,1061,1062,1063,1066,1067,1068,1069,1070,1071,1072,1073,1074,1075,1076,1077,1078,1079,1080,1102,1103,1104,1111,1112,1113,1115,1116,1117,1118,1119,1120,1121,1122,1123,1124,1125,1148,1149,1156,1158,1159,1160,1161,1162,1163,1164,1165,1166,1167,1168,1169,1170,1191,1197,1198,1199,1201,1202,1203,1205,1206,1208,1212,1213,1214,1215,1231,1234,1247,1258,1259,1260,1280,1305,1323,1348,1349,1350
24,24,155
618,620,621,625,659,660,661,662,663,664,665,666,670,671,703,704,705,706,707,708,709,710,711,712,713,715,717,743,745,746,748,749,750,751,752,759,760,761,762,763,789,790,791,793,794,795,796,797,798,799,800,801,802,803,804,805,806,808,838,840,842,846,847,848,849,850,853,881,882,883,893,894,895,896,920,937,938,939,940,941,942,971,974,978,980,981,983,984,985,986,987,988,989,1014,1026,1027,1028,1029,1030,1031,1032,1033,1034,1035,1060,1068,1069,1070,1071,1072,1073,1074,1075,1076,1077,1079,1080,1103,1104,1112,1113,1115,1116,1117,1118,1119,1120,1121,1122,1123,1124,1125,1159,1160,1161,1162,1163,1164,1165,1166,1167,1168,1169,1170,1203,1206,1208,1212,1213,1214,1259,1260,1305,1349,1350
14,14,191
189,617,619,620,621,622,659,660,661,662,663,664,665,666,667,669,670,671,702,703,704,705,706,707,708,709,710,711,712,713,714,715,716,717,718,742,743,745,747,748,749,750,751,752,753,754,755,757,758,759,760,761,762,763,764,765,789,790,791,792,793,794,795,796,797,798,799,800,801,802,803,804,805,806,807,808,809,829,838,839,840,841,842,843,846,847,848,849,850,853,873,876,881,882,883,884,885,886,889,893,894,895,896,897,917,922,925,926,928,931,937,938,939,940,941,942,966,973,978,980,981,982,984,985,986,987,988,989,1013,1026,1027,1028,1029,1030,1031,1032,1033,1034,1035,1059,1060,1066,1068,1069,1070,1071,1072,1073,1074,1075,1076,1077,1078,1079,1080,1104,1112,1113,1115,1116,1117,1118,1119,1120,1121,1122,1123,1124,1125,1161,1162,1163,1164,1165,1166,1167,1168,1169,1170,1203,1206,1208,1209,1212,1213,1214,1216,1260,1305,1349,1350
36,36,223
234,617,618,619,620,621,622,624,659,660,661,662,663,664,665,666,667,668,670,702,703,704,705,706,707,708,709,710,711,712,713,714,715,716,717,743,745,746,747,748,749,750,751,752,753,755,757,758,759,760,761,762,763,764,783,788,789,790,791,792,793,794,795,796,797,798,799,800,801,802,803,804,805,806,808,809,828,829,836,837,838,839,840,841,842,843,844,846,847,848,849,850,851,855,872,874,876,877,881,882,883,885,886,887,892,893,894,895,896,900,917,922,926,927,928,929,930,931,932,935,936,937,938,939,940,941,942,943,944,969,970,971,974,978,980,981,982,983,984,985,986,987,988,989,990,1013,1014,1015,1021,1022,1023,1026,1027,1028,1029,1030,1031,1032,1033,1034,1035,1060,1063,1066,1068,1069,1070,1071,1072,1073,1074,1075,1076,1077,1078,1079,1080,1106,1107,1111,1115,1116,1117,1118,1119,1120,1121,1122,1123,1124,1125,1149,1158,1159,1160,1161,1162,1163,1164,1165,1166,1167,1168,1169,1170,1171,1196,1203,1204,1206,1207,1208,1209,1212,1213,1214,1230,1259,1260,1275,1305,1349,1350
51,51,197
188,617,619,620,621,622,659,660,661,662,663,664,665,666,667,670,702,703,704,705,706,707,708,709,710,711,712,713,714,715,716,717,743,745,747,748,749,750,751,752,755,757,758,759,760,762,763,783,789,790,791,792,793,794,795,796,797,798,799,800,801,802,803,804,805,806,809,827,828,829,831,832,836,837,838,839,841,842,846,847,848,849,850,852,853,854,873,874,875,882,883,885,886,887,893,894,895,896,898,900,917,920,922,927,933,935,937,938,939,940,941,942,944,969,975,978,981,982,983,984,985,986,987,988,989,1013,1023,1026,1027,1028,1029,1030,1031,1032,1033,1034,1035,1060,1063,1064,1066,1068,1069,1070,1071,1072,1073,1074,1075,1076,1077,1078,1079,1080,1113,1115,1116,1117,1118,1119,1120,1121,1122,1123,1124,1125,1149,1156,1159,1160,1161,1162,1163,1164,1165,1166,1167,1168,1169,1170,1202,1203,1204,1206,1207,1208,1209,1213,1214,1216,1243,1259,1260,1275,1304,1305,1350
14,14,220
188,617,618,620,621,659,660,661,662,663,664,665,666,667,668,670,697,701,702,703,704,705,706,707,708,709,710,711,712,713,714,715,716,717,743,745,747,748,749,750,751,752,753,754,755,757,759,760,761,762,763,764,788,789,790,791,792,793,794,795,796,797,798,799,800,801,802,803,804,805,809,828,829,831,832,836,838,839,840,841,842,844,846,847,848,849,850,851,852,853,854,873,874,876,877,880,881,883,884,885,886,887,892,893,894,895,896,897,899,919,920,922,927,929,930,932,933,935,937,938,939,940,941,942,943,944,968,969,970,971,975,978,980,981,982,984,985,986,987,988,989,990,1012,1015,1016,1017,1023,1026,1027,1028,1029,1030,1031,1032,1033,1034,1035,1058,1060,1061,1062,1066,1067,1068,1069,1070,1071,1072,1073,1074,1075,1076,1077,1078,1079,1080,1112,1113,1115,1116,1117,1118,1119,1120,1121,1122,1123,1124,1125,1149,1157,1159,1160,1161,1162,1163,1164,1165,1166,1167,1168,1169,1170,1196,1202,1203,1206,1207,1208,1209,1213,1214,1230,1243,1260,1275,1280,1305,1324,1350
142,142,195
617,618,619,620,621,659,660,661,664,665,666,667,668,670,695,697,701,702,703,704,705,706,707,708,709,710,712,713,714,715,716,717,743,745,747,748,749,750,751,752,753,754,755,756,757,759,760,761,762,763,784,788,789,790,791,792,793,794,795,796,797,798,799,800,801,803,806,808,809,828,831,832,836,838,839,840,841,842,843,844,846,847,848,850,851,853,854,873,876,881,883,884,886,887,888,889,893,894,895,896,898,922,930,932,936,937,938,939,940,941,942,966,968,970,971,975,978,980,981,982,983,984,985,986,990,1014,1018,1020,1026,1027,1028,1029,1030,1032,1033,1034,1035,1060,1061,1062,1066,1067,1070,1071,1072,1073,1074,1075,1076,1077,1078,1079,1080,1104,1113,1115,1116,1117,1118,1119,1120,1121,1122,1123,1124,1125,1149,1157,1158,1161,1162,1163,1164,1165,1166,1167,1168,1169,1170,1202,1203,1204,1206,1207,1208,1209,1213,1214,1243,1244,1260,1288,1304,1305,1350
70,70,269
94,617,618,619,620,621,659,660,661,662,663,664,665,666,667,668,669,694,695,697,698,701,702,703,704,705,706,707,708,709,710,711,712,713,714,715,716,717,741,743,744,745,746,747,748,749,750,751,752,753,754,755,756,757,758,759,760,762,763,764,783,784,787,788,789,790,791,793,794,795,796,797,798,799,800,801,802,803,804,805,806,807,808,809,810,827,828,829,831,832,833,834,835,837,838,839,840,841,842,843,845,846,847,848,849,850,852,853,854,855,871,872,873,874,875,876,877,878,879,880,881,882,883,884,885,886,887,890,893,894,895,896,897,898,899,900,917,918,919,920,922,924,925,926,928,929,930,931,933,937,938,939,940,941,942,944,964,965,966,968,969,970,971,975,978,980,981,982,983,984,985,986,988,990,1012,1013,1014,1015,1016,1017,1018,1022,1023,1024,1025,1026,1027,1028,1029,1030,1031,1032,1033,1034,1035,1058,1059,1060,1061,1062,1066,1070,1071,1072,1073,1074,1075,1076,1077,1078,1079,1080,1100,1103,1104,1115,1116,1117,1118,1119,1120,1121,1122,1123,1124,1125,1147,1149,1157,1158,1159,1160,1161,1162,1163,1164,1165,1166,1167,1168,1169,1170,1191,1198,1201,1202,1203,1204,1206,1207,1208,1209,1213,1214,1243,1244,1260,1274,1275,1276,1279,1288,1289,1304,1305,1320,1321,1323,1350
113,113,255
95,617,619,620,621,651,659,660,661,662,663,664,665,666,667,668,669,698,701,702,703,704,705,706,707,708,709,710,711,712,713,714,715,716,717,742,743,744,745,746,747,748,749,750,751,752,753,754,755,756,757,758,759,760,761,762,763,764,782,783,784,785,786,787,788,790,791,792,793,794,795,796,797,798,799,800,801,802,803,804,805,806,807,808,809,827,828,829,830,831,833,834,835,836,837,839,840,841,842,844,845,846,847,848,849,850,851,852,853,871,872,873,874,875,876,881,882,883,884,885,886,890,893,894,895,896,898,900,916,918,919,920,921,922,925,928,929,930,931,933,934,936,937,938,939,940,941,942,943,944,945,968,970,971,975,978,980,981,982,983,984,985,986,988,989,990,1014,1015,1017,1018,1021,1022,1024,1026,1027,1028,1029,1030,1031,1034,1035,1059,1060,1061,1062,1067,1070,1071,1072,1073,1074,1075,1076,1077,1078,1079,1080,1103,1104,1112,1113,1115,1116,1117,1118,1119,1120,1121,1122,1123,1124,1125,1148,1149,1156,1157,1158,1159,1160,1161,1162,1163,1164,1165,1166,1167,1168,1169,1170,1201,1202,1203,1204,1207,1208,1209,1212,1213,1214,1229,1230,1241,1243,1260,1274,1276,1288,1305,1320,1321,1323,1324,1331,1346,1350
108,108,306
188,618,619,620,621,659,660,661,663,664,665,666,667,668,669,695,696,697,698,701,702,703,704,705,706,707,708,709,710,711,712,713,714,715,716,738,739,740,741,742,743,744,745,746,747,748,749,750,751,753,754,755,757,758,759,760,761,762,763,764,783,784,785,786,787,788,789,790,791,792,793,794,795,796,798,799,800,801,802,803,804,807,808,810,827,828,829,830,831,832,833,834,835,836,837,838,839,840,841,842,843,844,845,846,847,848,849,850,851,852,853,854,870,871,873,874,875,876,877,878,879,880,882,883,884,885,886,887,888,889,890,895,896,897,898,916,917,918,920,921,922,923,924,925,926,927,928,929,930,931,932,934,935,936,937,938,939,940,941,942,944,961,964,966,967,968,969,970,971,972,973,975,978,979,980,981,982,983,985,986,988,989,990,1010,1011,1012,1013,1014,1015,1016,1022,1023,1026,1027,1028,1029,1030,1031,1032,1033,1035,1052,1058,1059,1060,1061,1064,1066,1067,1070,1071,1072,1073,1074,1075,1076,1077,1078,1079,1080,1096,1109,1110,1111,1112,1116,1117,1118,1119,1120,1121,1122,1123,1124,1125,1139,1143,1156,1157,1158,1159,1161,1162,1163,1164,1165,1166,1167,1168,1169,1170,1184,1192,1196,1197,1198,1199,1200,1201,1202,1203,1204,1207,1208,1209,1210,1213,1214,1215,1229,1230,1232,1234,1238,1241,1242,1243,1252,1253,1254,1259,1260,1274,1275,1276,1277,1279,1280,1282,1284,1287,1288,1304,1305,1320,1321,1322,1324,1326,1327,1332,1346,1347,1348,1349,1350
54,54,194
652,660,661,695,697,698,701,703,706,707,713,715,738,741,742,743,744,745,746,748,749,750,751,755,757,758,761,762,782,784,785,786,788,789,790,791,792,793,794,795,796,798,799,800,801,802,803,807,808,810,828,829,831,832,833,834,835,839,840,841,842,843,844,846,847,853,855,872,873,875,876,877,880,881,883,885,886,887,895,898,900,919,920,921,922,923,924,925,927,928,929,930,931,932,933,935,940,944,965,966,967,968,969,970,971,972,975,979,980,981,982,983,984,988,1010,1012,1013,1014,1015,1016,1017,1022,1023,1026,1027,1028,1029,1030,1059,1060,1061,1064,1066,1067,1071,1072,1073,1074,1075,1076,1077,1078,1079,1080,1116,1118,1119,1120,1121,1122,1123,1124,1125,1159,1160,1162,1163,1164,1165,1166,1167,1168,1169,1170,1184,1189,1196,1198,1201,1202,1203,1204,1205,1206,1208,1209,1210,1212,1213,1214,1215,1234,1238,1241,1243,1252,1259,1260,1304,1305,1328,1346,1347,1350
143,143,148
651,659,660,661,667,695,697,698,701,705,706,707,711,712,713,714,715,740,741,742,743,744,745,746,748,749,750,751,754,755,758,763,782,784,785,786,788,790,791,794,797,798,799,800,801,802,803,807,827,828,829,830,831,835,838,839,842,843,844,853,872,873,874,875,877,883,885,886,887,895,921,922,923,924,929,930,933,938,965,966,967,968,970,971,975,980,981,982,983,1014,1015,1016,1017,1022,1026,1027,1028,1029,1059,1067,1071,1073,1074,1075,1076,1077,1078,1079,1080,1096,1112,1117,1118,1119,1120,1121,1122,1123,1124,1125,1157,1158,1162,1163,1164,1165,1166,1167,1168,1169,1170,1202,1203,1204,1208,1209,1210,1212,1213,1214,1215,1259,1260,1274,1279,1304,1305,1346
10,10,223
649,652,659,660,661,695,697,698,701,702,704,705,706,707,709,711,712,713,714,738,741,743,745,746,747,748,749,750,751,755,757,760,761,763,782,783,784,785,788,789,790,791,793,794,795,796,798,799,800,801,802,803,807,808,809,810,826,827,828,829,830,831,832,834,837,839,840,841,843,844,847,852,853,855,870,873,874,875,876,877,878,879,881,883,884,885,886,887,889,895,896,897,898,919,920,921,922,924,925,926,927,928,929,930,931,932,933,938,940,942,944,945,965,966,967,968,969,970,971,972,975,981,982,983,989,1012,1013,1014,1015,1016,1017,1018,1021,1022,1023,1025,1026,1027,1028,1029,1033,1054,1059,1060,1061,1064,1067,1071,1072,1073,1074,1075,1076,1077,1078,1094,1099,1107,1110,1112,1116,1117,1118,1119,1120,1121,1122,1123,1124,1125,1153,1157,1158,1159,1160,1161,1162,1163,1164,1165,1166,1167,1168,1169,1170,1171,1184,1186,1189,1196,1197,1198,1201,1202,1203,1206,1207,1208,1209,1210,1211,1212,1213,1214,1215,1229,1230,1241,1243,1252,1259,1260,1274,1279,1304,1305,1322,1323,1326,1327,1346,1349,1350
1,1,254
649,650,652,653,659,660,666,693,694,695,696,697,698,701,702,703,704,705,706,707,709,711,712,713,714,715,738,740,743,744,745,749,750,751,755,756,757,758,759,760,761,763,782,783,785,786,788,789,791,792,794,795,797,798,799,800,801,802,803,804,807,808,826,827,828,829,830,831,832,834,837,838,839,840,841,842,843,844,845,846,847,851,852,853,854,870,872,873,874,875,876,877,878,879,880,881,882,883,884,885,886,887,888,890,894,895,897,917,919,920,921,922,923,924,925,927,928,929,930,931,932,933,934,935,938,939,941,944,945,962,965,966,967,968,969,970,971,972,974,975,981,982,983,985,990,1012,1013,1014,1015,1017,1022,1023,1024,1026,1027,1028,1029,1030,1058,1059,1060,1061,1063,1066,1067,1071,1072,1073,1074,1075,1076,1077,1078,1079,1098,1106,1107,1109,1110,1116,1117,1118,1119,1120,1121,1122,1123,1124,1125,1146,1149,1153,1157,1158,1159,1160,1162,1163,1164,1165,1166,1167,1168,1169,1170,1184,1186,1189,1196,1197,1198,1199,1201,1202,1203,1204,1205,1208,1209,1210,1211,1212,1213,1214,1215,1229,1230,1233,1234,1241,1242,1243,1244,1248,1252,1253,1259,1260,1274,1278,1279,1280,1281,1282,1287,1304,1305,1322,1323,1324,1326,1327,1346,1348
104,104,202
649,650,652,653,659,660,695,696,697,698,699,701,704,705,706,707,710,712,713,714,738,740,741,743,744,745,746,749,751,752,754,755,757,758,759,760,761,762,782,783,784,785,788,791,792,793,794,795,797,798,799,800,801,802,803,804,806,807,808,827,828,829,830,831,834,836,837,838,839,840,841,847,853,854,870,871,872,873,875,876,879,880,881,883,884,885,886,887,888,889,895,896,917,918,919,920,921,922,924,925,929,930,931,932,933,938,940,944,945,965,966,967,968,969,970,971,972,982,983,984,989,1010,1012,1013,1014,1015,1017,1022,1023,1024,1026,1027,1028,1029,1030,1056,1057,1060,1063,1066,1067,1071,1072,1073,1074,1075,1076,1077,1078,1099,1117,1118,1119,1120,1121,1122,1123,1124,1157,1158,1161,1164,1165,1166,1167,1168,1169,1170,1189,1197,1198,1201,1202,1203,1204,1205,1206,1208,1209,1210,1211,1212,1213,1214,1215,1229,1230,1234,1241,1243,1252,1253,1258,1260,1277,1280,1282,1305,1322,1323,1326,1349
8,8,15
1126,1171,1172,1216,1217,1218,1261,1262,1263,1264,1265,1306,1307,1310,1311
31,31,178
676,721,722,723,766,767,768,769,770,811,812,813,814,815,816,817,856,857,858,859,860,861,862,863,864,901,902,903,904,905,906,907,908,909,910,946,947,948,949,950,951,952,953,954,955,956,991,992,993,994,995,996,997,998,999,1000,1001,1002,1003,1004,1005,1006,1036,1037,1038,1039,1040,1041,1042,1043,1044,1045,1046,1047,1048,1049,1050,1051,1052,1081,1082,1083,1084,1085,1086,1087,1088,1089,1090,1091,1092,1093,1094,1095,1096,1097,1098,1099,1100,1101,1126,1127,1129,1130,1133,1134,1135,1136,1137,1138,1140,1141,1142,1143,1144,1145,1146,1147,1148,1171,1172,1173,1176,1177,1182,1183,1185,1187,1188,1190,1191,1192,1193,1194,1195,1196,1223,1227,1230,1231,1232,1233,1234,1235,1236,1237,1238,1239,1240,1241,1242,1243,1277,1278,1279,1280,1281,1282,1283,1284,1285,1286,1287,1288,1289,1323,1324,1328,1329,1330,1331,1332,1333,1334,1335,1336,1337,1338
74,74,346
271,272,316,317,318,319,361,362,363,364,365,406,407,408,409,410,411,412,413,414,451,452,453,454,455,456,457,458,459,460,496,497,498,499,500,501,502,503,504,505,506,507,508,541,542,543,544,545,546,547,548,549,550,551,552,553,554,555,586,587,588,589,590,591,592,593,594,595,596,597,598,599,600,601,602,631,632,633,634,635,636,637,638,639,640,641,642,643,644,645,646,647,648,676,677,678,679,680,681,682,683,684,685,686,687,688,689,690,691,692,693,694,695,721,722,723,724,725,726,727,728,729,730,731,732,733,734,735,736,737,738,739,740,741,742,767,768,769,770,771,772,773,774,775,776,777,778,779,780,781,782,783,784,785,786,787,788,789,790,814,815,816,817,818,819,820,821,822,823,824,825,826,829,830,831,832,833,834,835,836,837,860,861,862,863,864,865,866,867,868,869,874,875,876,877,878,879,880,881,882,883,884,907,908,909,910,914,917,918,919,920,921,922,923,924,925,926,927,928,929,930,931,964,965,966,967,968,969,970,971,972,973,974,975,976,977,978,1001,1012,1013,1014,1015,1016,1017,1018,1019,1020,1021,1022,1023,1057,1059,1060,1061,1062,1063,1064,1065,1066,1067,1068,1069,1070,1071,1072,1073,1074,1107,1108,1109,1110,1111,1112,1113,1114,1115,1116,1117,1118,1119,1120,1153,1154,1155,1156,1157,1158,1159,1160,1161,1162,1163,1164,1165,1166,1167,1201,1202,1203,1204,1205,1206,1207,1208,1209,1210,1211,1212,1213,1214,1249,1250,1251,1252,1253,1254,1255,1256,1257,1258,1259,1260,1292,1294,1295,1296,1297,1298,1299,1300,1301,1302,1303,1304,1305,1339,1340,1342,1343,1344,1345,1346,1347,1348,1349,1350
130,130,474
1,2,3,4,5,6,7,8,22,46,47,48,49,50,51,52,53,54,91,92,93,94,95,96,97,98,99,100,101,136,137,138,139,140,141,142,143,144,145,146,147,148,181,182,183,184,185,186,187,188,189,190,191,192,193,194,195,196,226,227,228,229,230,231,232,233,234,235,236,237,238,239,240,241,242,243,271,272,273,274,275,276,277,278,279,280,281,282,283,284,285,286,287,288,289,290,316,317,318,319,320,321,322,323,324,325,326,327,328,329,330,331,332,333,334,335,336,337,338,361,362,363,364,365,366,367,368,369,370,371,372,373,374,375,376,377,378,379,380,381,382,383,384,406,407,408,409,410,411,412,413,414,415,416,417,418,419,420,421,422,423,424,425,426,427,428,429,430,431,432,451,452,453,454,455,456,457,458,459,460,461,462,463,464,465,466,467,468,469,470,471,472,473,474,475,476,477,478,496,497,499,500,501,502,503,504,505,506,507,508,509,510,511,512,513,514,515,516,517,518,519,520,521,522,523,524,546,547,548,549,550,551,552,553,554,555,556,557,558,559,560,561,562,563,564,565,566,567,568,569,570,571,572,593,594,597,598,599,600,601,602,603,604,605,606,608,611,612,613,614,615,616,617,618,619,620,643,644,645,646,647,648,649,650,651,653,654,655,656,657,658,659,660,661,662,663,664,665,666,667,668,669,690,691,692,693,694,695,696,697,698,699,700,701,702,703,704,705,706,707,708,709,710,711,712,713,714,715,716,717,741,742,743,744,745,746,747,748,749,750,751,752,753,754,755,756,757,758,759,760,761,762,763,764,788,789,790,791,792,793,794,795,796,797,798,799,800,801,802,803,804,805,806,807,808,809,810,835,836,838,839,840,841,842,843,844,845,846,847,848,849,850,851,852,853,854,855,880,881,882,885,886,887,888,889,890,891,892,893,894,895,896,897,898,899,900,932,933,934,935,936,937,938,939,940,941,942,943,944,945,978,979,980,981,983,984,985,986,987,988,989,990,1024,1025,1026,1027,1028,1029,1030,1031,1032,1033,1034,1035,1070,1072,1073,1074,1075,1076,1077,1078,1079,1080,1119,1120,1123,1124,1125,1167,1170,1214,1215,1259
130,130,499
1,2,3,4,5,6,7,8,9,10,11,12,13,14,15,16,17,18,19,20,21,22,23,24,25,26,27,46,47,48,49,50,51,52,53,54,55,56,57,58,59,60,61,62,63,64,65,66,67,68,69,70,71,72,73,74,75,91,92,93,94,95,96,97,98,99,100,101,102,103,104,105,106,107,108,109,110,111,112,113,114,115,116,117,118,119,120,121,136,137,138,139,140,141,142,143,144,145,146,147,148,149,150,151,152,153,154,155,156,157,158,159,160,161,162,163,164,165,166,167,181,182,183,184,185,186,187,188,189,190,191,192,193,194,195,196,197,198,199,200,201,202,203,204,205,206,207,208,209,210,211,212,213,214,229,230,231,233,234,235,236,237,238,239,240,241,242,243,244,245,246,247,248,249,250,251,252,253,254,255,256,257,258,259,260,261,277,278,279,280,281,282,283,284,285,286,287,288,289,290,291,292,293,294,295,296,297,298,299,300,301,302,303,304,305,306,307,308,309,325,326,327,328,329,330,331,332,333,334,335,336,337,338,339,340,341,342,343,344,345,346,347,348,349,350,351,352,353,354,355,356,357,372,373,374,375,376,377,378,379,380,381,382,383,384,385,386,387,388,389,390,391,392,393,394,395,396,397,398,399,400,401,402,403,419,420,421,422,423,424,425,426,427,428,429,430,431,432,433,434,435,436,437,438,439,440,441,442,443,444,445,446,447,448,449,450,468,469,470,471,472,473,474,475,477,478,480,481,482,483,484,485,486,487,488,489,490,491,492,493,494,495,513,514,515,516,517,518,522,526,527,528,529,530,531,532,533,534,535,536,537,538,539,540,560,561,563,564,569,570,571,572,573,574,575,576,577,578,579,580,581,582,583,584,585,607,608,609,610,612,613,614,615,616,617,618,619,620,621,622,623,624,625,626,627,628,629,630,654,655,656,657,658,659,660,661,662,663,664,665,666,667,668,669,670,671,672,673,674,675,702,703,705,706,707,708,709,710,711,712,713,714,715,716,717,718,719,720,751,752,753,754,755,756,757,758,759,760,761,762,763,764,765,798,799,800,801,802,803,804,805,806,807,808,809,810,848,849,850,851,852,853,854,855,894,896,897,898,899,900,939,941,942,943,944,945,989,1035,1246
65,65,437
3,5,6,7,8,9,10,11,12,13,14,15,16,17,18,19,20,21,22,23,24,25,26,27,28,29,30,31,32,33,34,35,36,37,38,39,40,41,42,43,44,45,50,52,53,54,55,56,57,58,59,60,61,62,63,64,65,66,67,68,69,70,71,72,73,74,75,76,77,78,79,80,81,82,83,84,85,86,87,88,89,90,99,100,101,102,103,104,105,106,107,108,109,110,111,112,113,114,115,116,117,118,119,120,121,122,123,124,125,126,127,128,129,130,131,132,133,134,135,144,146,147,148,149,150,151,152,153,154,155,156,157,158,159,160,161,162,163,164,165,166,167,168,169,170,171,172,173,174,175,176,177,178,179,180,191,192,193,194,195,196,197,198,199,200,201,202,203,204,205,206,207,208,209,210,211,212,213,214,215,216,217,218,219,220,221,222,223,224,225,237,238,239,240,241,242,243,244,245,246,247,248,249,250,251,252,253,254,255,256,257,258,259,260,261,262,263,264,265,266,267,268,269,270,285,286,287,288,289,290,291,292,293,294,295,296,297,298,299,300,301,302,303,304,305,306,307,308,309,310,311,312,313,314,315,336,337,338,339,340,341,342,343,344,345,346,347,348,349,350,351,352,353,354,355,356,357,358,359,360,381,382,383,384,385,386,387,388,389,390,391,392,393,394,395,396,397,398,399,400,401,402,403,404,405,427,428,429,430,431,432,433,434,435,436,437,438,439,440,441,442,443,444,445,446,447,448,449,450,472,473,474,475,476,477,478,479,480,481,482,483,484,485,486,487,488,489,490,491,492,493,494,495,522,523,524,525,526,527,528,529,530,531,532,533,534,535,536,537,538,539,540,568,570,571,572,573,574,575,576,577,578,579,580,581,582,583,584,585,614,615,616,617,618,619,620,621,622,623,624,625,626,627,628,629,630,663,666,667,668,669,670,671,672,673,674,675,713,714,715,716,717,718,719,720,759,760,761,762,763,764,765,807,808,809,810,853
116,116,373
9,10,11,12,13,14,15,16,17,18,19,20,21,22,23,24,25,26,27,28,29,30,31,32,33,34,35,36,37,38,39,40,41,42,43,44,45,56,57,58,59,60,61,62,63,64,65,66,67,68,69,70,71,72,73,74,75,76,77,78,79,80,81,82,83,84,85,86,87,88,89,90,102,103,104,105,106,107,108,109,110,111,112,113,114,115,116,117,118,119,120,121,122,123,124,125,126,127,128,129,130,131,132,133,134,135,148,149,150,151,152,153,154,155,156,157,158,159,160,161,162,163,164,165,166,167,168,169,170,171,172,173,174,175,176,177,178,179,180,194,195,196,197,198,199,200,201,202,203,204,205,206,207,208,209,210,211,212,213,214,215,216,217,218,219,220,221,222,223,224,225,241,242,243,244,245,246,247,248,249,250,251,252,253,254,255,256,257,258,259,260,261,262,263,264,265,266,267,268,269,270,288,289,291,292,293,294,295,296,297,298,299,300,301,302,303,304,305,306,307,308,309,310,311,312,313,314,315,336,337,338,339,340,341,342,343,344,345,346,347,348,349,350,351,352,353,354,355,356,357,358,359,360,383,385,386,387,388,389,390,391,392,393,394,395,396,397,398,399,400,401,402,403,404,405,431,432,433,434,435,436,437,438,439,440,441,442,443,444,445,446,447,448,449,450,476,479,480,481,482,483,484,485,486,487,488,489,490,491,492,493,494,495,525,527,528,529,530,531,532,533,534,535,536,537,538,539,540,571,572,573,574,575,576,577,578,579,580,581,582,583,584,585,619,620,621,622,623,624,625,626,627,628,629,630,640,668,669,670,671,672,673,674,675,716,717,718,719,720,762,764,765,809
58,58,326
12,13,14,15,16,17,18,19,20,21,22,23,24,25,26,27,28,29,30,31,32,33,34,35,36,37,38,39,40,41,42,43,44,45,59,60,61,62,63,64,65,66,67,68,69,70,71,72,73,74,75,76,77,78,79,80,81,82,83,84,85,86,87,88,89,90,104,105,106,107,108,109,110,111,112,113,114,115,116,117,118,119,120,121,122,123,124,125,126,127,128,129,130,131,132,133,134,135,148,149,150,151,152,153,154,155,157,158,159,160,161,162,163,164,165,166,167,168,169,170,171,172,173,174,175,176,177,178,179,180,191,192,196,197,198,199,200,201,202,203,204,205,207,208,209,210,211,212,213,214,215,216,217,218,219,220,221,222,223,224,225,240,244,245,246,247,248,249,251,252,253,254,255,256,257,258,259,260,261,262,263,264,265,266,267,268,269,270,291,292,293,294,295,296,297,298,299,300,301,302,303,304,305,306,307,308,309,310,311,312,313,314,315,336,337,338,340,342,343,344,345,346,347,348,349,350,351,352,353,354,355,356,357,358,359,360,385,387,388,389,392,393,394,395,396,397,398,399,400,401,402,403,404,405,432,435,436,438,439,440,441,442,443,444,445,446,447,448,449,450,473,482,483,484,485,486,487,488,489,490,491,492,493,494,495,527,528,529,530,531,532,533,534,535,536,537,538,539,540,571,573,574,575,576,577,578,579,580,581,582,583,584,585,624,628,629,630,672,673,674,675,717,718,719,720,765
123,123,265
14,16,18,19,20,21,22,23,24,25,26,27,28,29,30,31,32,33,34,35,36,37,38,39,40,41,42,43,44,45,60,62,64,65,66,67,68,69,70,71,72,73,74,75,76,77,78,79,80,81,82,83,84,85,86,87,88,89,90,105,107,111,112,113,114,115,116,120,121,122,123,124,125,126,127,128,129,130,131,132,133,134,135,149,150,152,153,154,157,159,160,164,165,166,167,168,169,170,171,172,173,174,175,176,177,178,179,180,197,200,203,204,208,209,210,211,212,213,214,215,216,217,218,219,220,221,222,223,224,225,242,246,247,248,251,252,253,254,255,256,257,258,259,260,261,262,263,264,265,266,267,268,269,270,293,295,296,298,299,300,301,302,303,304,306,307,308,309,310,311,312,313,314,315,341,343,344,345,348,349,350,351,352,353,354,355,356,357,358,359,360,386,387,388,389,390,395,396,397,398,399,400,401,402,403,404,405,432,434,437,439,440,441,442,443,444,445,446,447,448,449,450,473,480,481,482,483,484,485,486,487,488,489,490,491,492,493,494,495,526,527,528,529,530,531,532,533,534,535,538,539,540,572,573,575,576,577,578,579,581,584,585,626,629,720
139,139,213
17,18,19,21,22,23,25,26,27,28,29,30,31,32,33,34,35,36,37,38,39,40,41,42,43,44,45,63,66,68,73,74,75,76,77,78,79,80,81,82,83,84,85,86,87,88,89,90,110,111,112,113,114,115,120,121,122,123,124,125,126,127,128,129,130,131,132,133,134,135,150,158,159,160,164,165,166,168,169,170,171,172,173,174,175,176,177,178,179,180,204,208,210,211,212,213,214,215,216,218,219,220,221,222,223,224,225,246,252,253,254,255,256,257,258,259,260,261,262,263,264,265,266,267,268,269,270,296,297,298,299,300,301,302,303,304,305,306,307,308,309,310,311,312,313,314,315,342,343,344,345,346,350,351,352,353,354,355,356,357,358,360,386,388,389,395,396,397,398,399,400,401,402,403,405,438,439,440,441,442,443,444,445,446,447,448,450,481,482,484,485,486,487,488,489,490,491,494,495,525,526,527,528,529,530,531,532,533,534,540,572,576,585
2,2,168
22,26,27,28,29,30,31,32,33,34,35,36,37,38,39,40,41,42,43,44,45,66,75,78,79,80,81,82,86,87,88,89,90,114,115,123,124,125,126,127,129,130,131,132,133,134,135,166,167,168,169,170,171,173,174,175,176,177,178,179,180,209,210,211,212,213,214,215,218,219,220,221,222,223,224,225,252,253,254,255,256,257,258,259,260,262,263,264,265,266,267,268,269,270,297,298,299,300,301,302,303,304,305,306,307,308,309,310,311,312,313,314,315,342,343,344,345,351,352,353,354,355,356,357,358,386,387,388,396,397,398,399,400,401,402,403,405,438,439,440,441,442,443,444,445,446,447,450,482,483,484,485,486,487,488,489,490,491,495,526,527,528,529,530,531,533,534,540
141,141,122
27,28,29,30,34,35,36,37,38,40,43,44,45,77,78,79,80,81,89,90,123,124,125,126,132,133,134,135,168,169,170,171,177,179,180,211,212,213,214,215,220,221,223,224,225,254,255,256,257,258,259,260,263,264,265,266,267,269,270,297,298,299,300,301,303,306,307,308,309,310,311,312,315,342,343,344,350,351,352,353,354,355,356,357,358,360,387,388,395,396,397,398,399,400,401,402,405,438,439,440,441,442,443,444,445,446,482,483,484,485,486,487,489,495,525,526,527,528,529,530,531,533
93,93,158
25,33,42,43,44,45,88,89,90,119,133,134,135,162,163,164,165,166,167,177,178,179,180,206,207,208,209,210,211,212,213,214,220,221,222,223,224,225,251,252,253,254,255,256,257,263,264,265,266,267,268,269,270,296,297,308,344,345,346,387,388,389,390,402,403,431,432,433,434,443,444,445,446,447,448,449,474,475,477,478,479,480,483,484,485,487,488,489,490,491,492,493,494,518,520,521,522,523,524,525,528,529,530,531,532,533,534,535,536,537,538,539,540,574,575,576,721,725,734,737,766,769,770,811,812,813,814,815,856,857,858,859,860,864,901,902,903,909,910,932,947,948,957,982,998,999,1001,1044,1089,1090,1091,1135,1136,1137,1138,1172,1182,1314
143,143,61
25,26,28,42,43,44,45,72,222,262,263,264,265,432,433,434,466,476,509,528,529,530,531,534,535,536,537,538,539,581,582,583,584,732,947,948,953,998,999,1000,1045,1091,1127,1128,1129,1171,1172,1173,1217,1218,1222,1262,1263,1267,1268,1269,1309,1310,1313,1314,1315
126,126,31
26,43,44,529,530,534,535,536,537,538,948,949,953,954,999,1127,1128,1171,1172,1173,1179,1217,1218,1219,1222,1262,1265,1268,1269,1313,1314
110,110,9
835,839,884,944,987,1065,1076,1078,1218
136,136,3
694,884,1063
13,13,2
1172,1313
86,86,8
884,1021,1062,1063,1107,1108,1109,1251
90,90,25
835,843,880,883,969,1017,1019,1021,1062,1063,1065,1075,1107,1108,1109,1110,1113,1150,1152,1153,1154,1248,1250,1251,1252
22,22,1
999
3,3,130
37,38,45,82,83,90,114,115,116,117,128,129,159,160,161,162,163,164,204,205,206,207,208,209,210,211,213,249,250,251,252,253,254,302,345,346,347,348,349,386,387,388,389,390,391,392,393,394,400,431,432,436,437,438,439,462,476,477,482,483,484,506,518,519,520,521,522,523,536,537,538,564,565,566,567,568,569,573,576,577,582,583,584,585,588,617,618,619,620,621,622,623,627,628,629,630,633,667,668,669,672,673,674,675,719,720,722,767,776,968,982,983,1097,1098,1129,1142,1143,1177,1178,1191,1222,1223,1266,1267,1268,1291,1311,1312,1321,1323
22,22,11
114,1126,1174,1175,1176,1177,1221,1267,1268,1309,1310
117,117,23
114,396,397,441,814,907,999,1083,1084,1174,1175,1177,1179,1221,1266,1267,1268,1309,1310,1311,1312,1313,1314
122,122,41
39,69,71,84,113,114,158,159,221,266,267,311,353,395,396,397,398,439,440,441,442,475,486,527,528,1130,1174,1176,1221,1222,1262,1263,1266,1267,1268,1308,1309,1310,1312,1313,1314
117,117,65
39,69,70,71,72,73,74,75,76,84,85,90,113,114,115,117,130,131,134,135,158,159,176,177,180,204,221,266,267,311,352,353,395,396,397,398,438,439,440,441,442,474,475,476,482,483,484,485,486,527,528,529,1179,1221,1262,1263,1264,1267,1268,1309,1310,1312,1313,1314,1316
111,111,130
24,38,39,40,68,69,70,71,72,73,74,75,76,77,78,84,85,86,87,88,89,90,113,114,115,116,117,118,119,120,121,122,123,129,130,131,132,133,134,135,158,159,169,170,174,175,176,177,178,179,180,203,204,221,222,265,266,267,307,308,309,310,311,312,351,352,353,354,355,356,357,393,394,395,396,397,398,430,431,437,438,439,440,441,442,443,473,474,475,476,477,478,479,480,481,482,483,484,485,486,487,524,525,526,527,528,529,530,535,540,571,572,573,616,624,625,670,954,999,1220,1222,1263,1264,1266,1267,1268,1309,1310,1313,1314
16,16,189
24,38,39,40,43,44,68,69,70,71,72,73,74,75,76,77,78,82,84,85,86,87,88,90,113,114,115,116,117,118,119,121,123,125,129,130,131,132,133,134,135,158,159,160,166,167,174,175,176,177,178,179,180,203,204,218,220,221,222,223,224,225,264,266,267,307,308,309,311,312,351,352,353,354,355,356,357,392,393,394,395,396,397,398,399,400,401,430,431,432,433,435,436,437,438,439,440,441,442,443,472,473,474,475,476,477,478,479,480,481,482,483,484,485,486,487,515,522,523,524,525,526,527,528,529,530,535,568,571,572,573,574,576,577,579,580,622,624,625,626,668,669,670,671,711,714,716,717,718,719,757,758,761,762,763,802,803,804,805,806,807,808,852,990,1168,1170,1210,1212,1213,1215,1255,1256,1257,1258,1259,1260,1301,1302,1303,1304,1305,1309,1310,1345,1346,1347,1348,1349,1350
139,139,246
24,68,69,70,71,72,75,84,87,90,113,114,115,116,118,132,133,134,135,158,176,177,179,221,222,266,267,308,309,310,312,351,352,353,354,355,393,394,395,396,397,398,400,425,430,431,432,435,436,437,438,439,440,441,442,443,472,473,474,475,476,477,479,481,482,483,484,485,486,487,516,522,523,524,525,526,527,530,571,572,573,574,575,577,579,580,624,625,626,660,665,666,667,668,669,670,671,706,707,710,711,712,714,715,716,717,718,719,720,753,754,755,756,757,758,759,760,761,762,763,764,765,800,801,802,803,804,805,806,807,808,809,810,849,850,851,852,853,855,892,893,894,896,897,898,899,900,942,943,944,945,986,987,988,989,990,1031,1032,1033,1034,1035,1074,1075,1076,1078,1079,1080,1116,1117,1118,1119,1120,1121,1122,1123,1124,1125,1158,1159,1160,1161,1162,1163,1164,1165,1166,1167,1168,1170,1204,1205,1206,1207,1208,1209,1210,1211,1212,1214,1215,1249,1250,1251,1252,1253,1254,1255,1256,1257,1258,1259,1260,1263,1264,1291,1292,1293,1294,1295,1296,1297,1298,1299,1300,1301,1302,1303,1304,1305,1308,1309,1336,1337,1338,1339,1340,1341,1342,1343,1344,1345,1346,1347,1348,1349,1350
111,111,307
69,177,179,221,222,307,350,351,353,356,357,393,394,395,396,397,400,436,437,438,439,440,441,442,473,478,479,480,484,485,486,522,525,535,570,573,575,577,579,580,581,615,621,622,623,624,625,626,627,628,629,661,663,666,668,669,670,671,672,673,674,675,705,707,708,709,710,711,712,713,714,715,716,717,718,719,720,750,753,754,755,756,757,758,759,760,761,762,763,764,765,799,800,801,802,803,804,805,806,807,808,809,810,844,846,847,848,849,850,851,852,853,854,855,888,891,892,893,894,895,896,897,898,899,900,933,934,936,937,938,940,941,942,943,944,945,978,979,980,981,982,984,986,987,988,989,990,1014,1016,1017,1019,1020,1021,1022,1023,1024,1025,1026,1027,1028,1029,1030,1031,1032,1033,1034,1035,1045,1066,1067,1068,1069,1070,1071,1072,1073,1074,1075,1076,1077,1078,1079,1080,1110,1111,1112,1113,1114,1115,1116,1117,1118,1119,1120,1121,1122,1123,1124,1125,1138,1154,1155,1157,1158,1159,1160,1161,1162,1163,1164,1165,1166,1167,1168,1169,1170,1198,1199,1200,1201,1202,1203,1204,1205,1206,1207,1208,1209,1210,1211,1212,1213,1214,1215,1238,1244,1245,1246,1247,1248,1249,1250,1251,1252,1253,1254,1255,1256,1257,1258,1259,1260,1264,1271,1283,1286,1287,1288,1289,1290,1291,1292,1293,1294,1295,1296,1297,1298,1299,1300,1301,1302,1303,1304,1305,1309,1310,1317,1319,1320,1321,1323,1324,1325,1326,1327,1328,1329,1332,1333,1334,1335,1336,1337,1338,1339,1340,1341,1342,1343,1344,1345,1346,1347,1348,1349,1350
2,2,323
347,348,349,350,351,385,386,391,392,393,394,395,396,430,435,437,440,534,579,580,581,584,625,626,627,629,630,653,654,655,656,657,658,668,669,670,671,672,673,674,675,699,700,701,702,703,704,705,706,707,708,709,710,711,712,714,715,716,717,718,719,720,750,751,752,753,754,755,756,757,758,759,760,761,762,763,764,765,795,796,797,798,799,800,801,802,803,804,805,806,807,808,809,810,841,842,843,844,845,846,847,848,849,850,851,852,853,854,855,887,888,889,890,891,892,893,894,895,896,897,898,899,900,933,934,935,936,937,938,939,940,941,942,943,944,945,978,979,980,981,982,983,984,985,986,987,988,989,990,1021,1022,1023,1024,1025,1026,1027,1028,1029,1030,1031,1032,1033,1034,1035,1053,1054,1064,1065,1066,1067,1068,1069,1070,1071,1072,1073,1074,1075,1076,1077,1078,1079,1080,1098,1110,1111,1112,1113,1114,1115,1116,1117,1118,1119,1120,1121,1122,1123,1124,1125,1143,1156,1157,1158,1159,1160,1161,1162,1163,1164,1165,1166,1167,1168,1169,1170,1188,1189,1190,1193,1195,1199,1200,1201,1202,1203,1204,1205,1206,1207,1208,1209,1210,1211,1212,1213,1214,1215,1228,1229,1233,1234,1235,1237,1238,1239,1240,1241,1242,1244,1245,1246,1247,1249,1250,1251,1252,1253,1254,1255,1256,1257,1258,1259,1260,1273,1274,1276,1279,1280,1283,1284,1286,1287,1289,1290,1291,1292,1293,1294,1295,1296,1297,1298,1299,1300,1301,1302,1303,1304,1305,1310,1313,1314,1319,1320,1324,1325,1326,1327,1328,1329,1330,1331,1332,1333,1334,1335,1336,1337,1338,1339,1340,1341,1342,1343,1344,1345,1346,1347,1348,1349,1350
136,136,388
450,494,534,537,538,540,574,576,577,578,579,580,581,582,583,584,585,618,619,620,621,622,624,625,626,627,628,629,630,662,664,666,667,668,669,670,671,672,673,674,675,711,712,713,714,715,716,717,718,719,720,755,757,758,759,760,761,762,763,764,765,798,799,800,801,802,803,804,805,806,807,808,809,810,840,841,842,843,844,845,846,847,848,849,850,851,852,853,854,855,886,887,888,889,890,891,892,893,894,895,896,897,898,899,900,929,930,931,932,933,934,935,936,937,938,939,940,941,942,943,944,945,973,974,975,976,977,978,979,980,981,982,983,984,985,986,987,988,989,990,1012,1013,1015,1016,1017,1018,1019,1020,1021,1022,1023,1024,1025,1026,1027,1028,1029,1030,1031,1032,1033,1034,1035,1054,1058,1059,1060,1061,1062,1063,1064,1065,1066,1067,1068,1069,1070,1071,1072,1073,1074,1075,1076,1077,1078,1079,1080,1099,1100,1101,1102,1103,1104,1105,1106,1107,1108,1109,1110,1111,1112,1113,1114,1115,1116,1117,1118,1119,1120,1121,1122,1123,1124,1125,1143,1144,1145,1146,1147,1148,1149,1150,1151,1152,1153,1154,1155,1156,1157,1158,1159,1160,1161,1162,1163,1164,1165,1166,1167,1168,1169,1170,1184,1185,1186,1187,1188,1189,1190,1191,1192,1193,1194,1195,1196,1197,1198,1199,1200,1201,1202,1203,1204,1205,1206,1207,1208,1209,1210,1211,1212,1213,1214,1215,1226,1227,1228,1229,1230,1231,1232,1233,1234,1235,1236,1237,1238,1239,1240,1241,1242,1243,1244,1245,1246,1247,1248,1249,1250,1251,1252,1253,1254,1255,1256,1257,1258,1259,1260,1266,1268,1269,1270,1271,1272,1273,1274,1275,1276,1277,1278,1279,1280,1281,1282,1283,1284,1285,1286,1287,1288,1289,1290,1291,1292,1293,1294,1295,1296,1297,1298,1299,1300,1301,1302,1303,1304,1305,1311,1312,1313,1314,1315,1316,1317,1318,1319,1320,1321,1322,1323,1324,1325,1326,1327,1328,1329,1330,1331,1332,1333,1334,1335,1336,1337,1338,1339,1340,1341,1342,1343,1344,1345,1346,1347,1348,1349,1350
58,58,455
270,312,313,314,315,358,359,360,490,528,529,530,531,532,534,535,536,538,569,570,571,572,573,574,575,576,577,578,579,580,581,582,583,585,614,615,616,617,618,619,620,621,622,623,624,626,627,660,661,662,664,665,666,667,668,669,670,671,672,673,674,704,713,714,715,716,717,719,743,744,745,746,747,748,749,759,760,761,763,789,791,792,793,794,795,796,798,799,801,804,807,808,835,836,837,838,839,840,841,842,843,845,846,848,849,850,874,876,877,878,879,880,881,882,883,884,885,886,887,888,889,890,891,892,895,920,921,922,923,924,925,926,927,928,929,930,931,932,933,934,935,936,937,938,961,962,963,964,965,966,967,968,969,970,971,972,973,974,975,976,977,978,979,980,981,982,983,984,985,1002,1003,1004,1005,1006,1007,1008,1009,1010,1011,1012,1013,1014,1015,1016,1017,1018,1019,1020,1021,1022,1023,1024,1025,1026,1027,1028,1029,1045,1046,1047,1048,1049,1050,1051,1052,1053,1054,1055,1056,1057,1058,1059,1060,1061,1062,1063,1064,1065,1066,1067,1068,1069,1070,1071,1072,1073,1074,1075,1076,1088,1089,1090,1091,1092,1093,1094,1095,1096,1097,1098,1099,1100,1101,1102,1103,1104,1105,1106,1107,1108,1109,1110,1111,1112,1113,1114,1115,1116,1117,1118,1119,1120,1121,1122,1132,1133,1134,1135,1136,1137,1138,1139,1140,1141,1142,1143,1144,1145,1146,1147,1148,1149,1150,1151,1152,1153,1154,1155,1156,1157,1158,1159,1160,1161,1162,1163,1164,1165,1166,1174,1175,1176,1177,1178,1179,1180,1181,1182,1183,1184,1185,1186,1187,1188,1189,1190,1191,1192,1193,1194,1195,1196,1197,1198,1199,1200,1201,1202,1203,1204,1205,1206,1207,1208,1209,1210,1211,1218,1219,1220,1221,1222,1223,1224,1225,1226,1227,1228,1229,1230,1231,1232,1233,1234,1235,1236,1237,1238,1239,1240,1241,1242,1243,1244,1245,1246,1247,1248,1249,1250,1251,1252,1253,1254,1255,1256,1262,1263,1264,1265,1266,1267,1268,1269,1270,1271,1272,1273,1274,1275,1276,1277,1278,1279,1280,1281,1282,1283,1284,1285,1286,1287,1288,1289,1290,1291,1292,1293,1294,1295,1296,1297,1298,1299,1300,1301,1306,1307,1308,1309,1310,1311,1312,1313,1314,1315,1316,1317,1318,1319,1320,1321,1322,1323,1324,1325,1326,1327,1328,1329,1330,1331,1332,1333,1334,1335,1336,1337,1338,1339,1340,1341,1342,1344,1345
58,58,474
37,38,39,40,41,42,43,44,45,81,82,83,84,85,86,87,88,89,90,128,129,130,131,132,133,134,135,169,170,171,172,173,174,175,176,177,178,179,180,211,213,214,215,216,217,218,219,220,221,222,223,224,225,255,259,260,261,262,263,264,265,266,267,268,269,270,305,308,309,310,311,312,313,314,315,356,358,359,472,481,482,483,484,485,515,516,517,518,521,522,524,525,526,527,528,529,530,559,560,561,567,568,569,570,571,572,573,574,575,576,598,613,614,615,616,617,618,619,620,643,644,645,683,685,686,687,688,689,690,691,692,729,730,731,732,733,734,735,736,737,738,739,740,741,742,743,744,745,746,747,748,771,772,773,774,775,776,777,778,779,780,781,782,783,784,785,786,787,788,789,790,791,792,793,813,814,815,816,817,818,819,820,821,822,823,824,825,826,827,828,829,830,831,832,833,834,835,836,837,838,856,857,858,859,860,861,862,863,864,865,866,867,868,869,870,871,872,873,874,875,876,877,878,879,880,881,882,883,884,901,902,903,904,905,906,907,908,909,910,911,912,913,914,915,916,917,918,919,920,921,922,923,924,925,926,927,928,946,947,948,949,950,951,952,953,954,955,956,957,958,959,960,961,962,963,964,965,966,967,968,969,970,971,972,973,974,991,992,993,994,995,996,997,998,999,1000,1001,1002,1003,1004,1005,1006,1007,1008,1009,1010,1011,1012,1013,1014,1015,1016,1017,1036,1037,1038,1039,1040,1041,1042,1043,1044,1045,1046,1047,1048,1049,1050,1051,1052,1053,1054,1055,1056,1057,1058,1059,1060,1081,1082,1083,1084,1085,1086,1087,1088,1089,1090,1091,1092,1093,1094,1095,1096,1097,1098,1099,1100,1101,1102,1103,1104,1126,1127,1128,1129,1130,1131,1132,1133,1134,1135,1136,1137,1138,1139,1140,1141,1142,1143,1144,1145,1146,1147,1148,1149,1150,1171,1172,1173,1174,1175,1176,1177,1178,1179,1180,1181,1182,1183,1184,1185,1186,1187,1188,1189,1190,1191,1192,1193,1194,1216,1217,1218,1219,1220,1221,1222,1223,1224,1225,1226,1227,1228,1229,1230,1231,1232,1233,1234,1235,1236,1238,1261,1262,1263,1264,1265,1266,1267,1268,1269,1270,1271,1272,1273,1274,1275,1276,1277,1278,1279,1280,1282,1306,1307,1308,1309,1310,1311,1312,1313,1314,1315,1316,1317,1318,1319,1320,1321,1322,1323,1324,1325
62,62,401
25,27,28,29,30,31,32,33,34,35,36,37,38,39,40,41,42,43,44,45,70,74,75,76,77,78,79,80,81,82,83,84,85,86,87,88,89,90,105,106,110,118,119,120,121,122,123,124,125,126,127,128,129,130,131,132,133,134,149,150,151,154,162,163,164,165,166,167,168,169,170,171,172,173,174,175,176,177,178,179,194,195,196,197,198,200,203,206,207,208,209,210,211,212,213,214,215,216,217,218,219,220,221,222,236,237,238,239,240,241,242,243,244,246,247,249,250,252,253,254,255,279,281,282,283,284,285,286,287,288,289,290,292,323,325,326,327,328,329,330,331,332,333,334,335,336,337,364,365,366,367,368,369,370,371,372,373,374,375,376,377,378,379,380,381,382,383,408,409,410,411,412,413,414,415,416,417,418,419,420,421,422,423,424,425,426,427,451,452,453,454,455,456,457,458,459,460,461,462,463,464,465,466,467,468,469,470,471,473,496,497,498,499,500,501,502,503,504,505,506,507,508,509,510,511,512,541,542,543,544,545,546,547,548,549,550,551,552,553,554,555,556,586,587,588,589,590,591,592,593,594,595,596,597,598,599,600,601,631,632,633,634,635,636,637,638,639,640,641,642,643,644,645,676,677,678,679,680,681,682,683,684,685,686,687,688,689,721,722,723,724,725,726,727,728,729,730,731,732,733,734,735,766,767,768,769,770,771,772,773,774,775,776,777,778,779,811,812,813,814,815,816,817,818,819,820,821,822,823,824,856,857,858,859,860,861,862,863,864,865,866,867,868,901,902,903,904,905,906,907,908,909,910,911,912,946,947,948,949,950,951,952,953,954,955,956,957,991,992,993,994,995,996,997,998,1001,1036,1037,1038,1039,1040,1041,1042,1043,1081,1082,1083,1084,1085,1086,1126,1127,1128,1129,1130,1171,1172,1173,1174,1216,1217
76,76,260
1,2,3,4,5,6,7,8,9,10,11,12,13,14,15,16,17,18,19,20,21,22,24,25,26,27,28,29,30,31,32,33,34,46,47,48,49,50,51,52,53,54,55,56,57,58,59,60,61,62,63,64,65,70,72,73,74,75,76,77,78,79,91,92,93,94,95,96,97,98,99,100,101,102,103,104,105,106,107,108,109,136,137,138,139,140,141,142,143,144,145,146,147,148,149,150,151,152,153,154,155,157,181,182,183,184,185,186,187,188,189,190,191,192,193,194,195,196,197,198,199,200,226,227,228,229,230,231,232,233,234,235,236,237,238,239,240,241,242,243,271,272,273,274,275,276,277,278,279,280,281,282,283,284,285,286,287,288,316,317,318,319,320,321,322,323,324,325,326,327,328,329,330,331,361,362,363,364,365,366,367,368,369,370,371,372,373,374,375,406,407,408,409,410,411,412,413,414,415,416,417,418,419,451,452,453,454,455,456,457,458,459,460,461,462,496,497,498,499,500,501,502,503,504,505,506,541,542,543,544,545,546,547,548,549,586,587,588,589,590,591,592,593,631,632,633,634,635,636,637,676,677,678,679,680,721,722,723,766,767
102,102,149
1,2,3,4,5,6,7,8,9,10,11,12,13,14,15,16,17,18,19,20,21,22,23,46,47,48,49,50,51,52,53,54,55,56,57,58,59,60,61,62,63,64,65,91,92,93,94,95,96,97,98,99,100,101,102,103,104,105,106,107,136,137,138,139,140,141,142,143,144,145,146,147,148,149,150,151,181,182,183,184,185,186,187,188,189,190,191,192,193,194,195,226,227,228,229,230,231,232,233,234,235,236,237,238,271,272,273,274,275,276,277,278,279,280,281,316,317,318,319,320,321,322,323,324,325,361,362,363,364,365,366,367,368,370,406,407,408,409,410,451,452,453,454,455,457,496,497,498,500
13,13,108
1,2,3,4,5,6,7,8,9,10,11,12,17,46,47,48,49,50,51,52,53,54,55,56,58,91,92,93,94,95,96,97,98,99,100,136,137,138,139,140,141,142,143,144,181,182,183,184,185,186,187,226,227,228,229,230,271,272,273,274,275,276,277,278,280,281,284,316,317,318,319,320,321,322,324,325,326,327,329,362,363,365,367,370,371,406,407,408,409,410,415,416,451,452,453,462,496,499,502,543,588,676,677,721,1083,1126,1171,1216
94,94,56
1,2,3,4,46,47,48,51,91,92,95,137,138,140,181,182,183,184,185,226,227,228,229,230,272,273,274,275,276,317,318,319,363,453,676,679,682,723,902,912,952,1036,1081,1126,1127,1128,1171,1172,1216,1217,1219,1227,1229,1312,1313,1314
53,53,95
851,878,881,882,897,898,924,925,926,943,989,990,1015,1019,1060,1063,1064,1065,1066,1068,1069,1070,1072,1073,1074,1106,1108,1109,1110,1111,1112,1113,1114,1115,1116,1119,1120,1151,1153,1154,1155,1156,1157,1158,1159,1160,1161,1162,1163,1164,1165,1166,1167,1169,1198,1199,1200,1201,1202,1203,1204,1205,1206,1207,1208,1211,1212,1213,1246,1247,1248,1249,1250,1251,1252,1253,1254,1258,1259,1291,1292,1293,1294,1295,1296,1297,1299,1303,1304,1305,1336,1337,1338,1349,1350
27,27,64
148,898,925,943,944,990,1020,1033,1068,1069,1070,1074,1109,1111,1113,1114,1115,1117,1154,1155,1156,1157,1158,1159,1161,1162,1163,1165,1166,1167,1199,1200,1201,1202,1203,1204,1206,1211,1212,1246,1248,1249,1250,1251,1252,1253,1258,1259,1260,1291,1293,1295,1296,1297,1298,1299,1303,1304,1337,1338,1339,1348,1349,1350
135,135,86
896,897,943,944,968,978,988,989,990,1019,1022,1035,1063,1064,1065,1066,1068,1069,1070,1072,1106,1109,1110,1111,1112,1113,1114,1115,1116,1117,1119,1154,1155,1156,1157,1158,1159,1160,1161,1162,1163,1164,1165,1166,1199,1200,1201,1202,1203,1204,1205,1206,1207,1209,1212,1213,1214,1246,1247,1249,1250,1251,1252,1253,1254,1256,1257,1258,1259,1260,1293,1294,1295,1296,1297,1298,1299,1301,1302,1303,1338,1346,1347,1348,1349,1350
25,25,168
754,755,757,802,803,848,849,850,851,852,853,854,877,896,897,898,899,921,922,923,924,925,926,927,928,941,942,943,944,945,964,967,968,969,970,971,972,973,974,975,977,978,979,988,990,1004,1014,1018,1019,1020,1022,1023,1024,1025,1026,1033,1034,1035,1049,1060,1061,1064,1065,1067,1068,1069,1070,1071,1072,1073,1074,1075,1079,1080,1105,1106,1107,1108,1109,1110,1111,1112,1113,1114,1115,1116,1117,1118,1119,1120,1121,1124,1125,1150,1151,1152,1153,1154,1155,1156,1157,1158,1159,1160,1161,1162,1163,1164,1165,1166,1167,1168,1169,1170,1201,1202,1203,1204,1205,1206,1207,1208,1209,1210,1211,1212,1213,1214,1247,1248,1249,1250,1251,1252,1253,1254,1255,1256,1257,1258,1259,1260,1292,1293,1294,1295,1296,1297,1298,1299,1300,1301,1302,1303,1304,1305,1334,1336,1337,1338,1339,1341,1342,1346,1347,1348,1349,1350
44,44,168
754,756,801,803,808,827,849,854,855,876,877,878,882,894,896,897,898,899,900,921,922,924,925,926,927,928,940,941,942,943,944,963,964,965,968,969,970,971,972,973,974,975,977,978,979,988,989,990,1004,1010,1016,1017,1018,1019,1020,1022,1023,1024,1026,1032,1033,1034,1035,1049,1061,1062,1063,1064,1065,1066,1067,1068,1069,1070,1071,1078,1079,1080,1106,1108,1109,1110,1111,1112,1113,1114,1115,1116,1117,1118,1119,1121,1124,1125,1153,1154,1155,1156,1157,1158,1159,1160,1161,1162,1163,1164,1165,1166,1167,1168,1170,1201,1202,1203,1204,1205,1206,1207,1208,1209,1210,1211,1212,1213,1214,1215,1247,1248,1249,1250,1251,1252,1253,1254,1255,1256,1257,1258,1259,1260,1292,1293,1294,1295,1296,1297,1298,1299,1300,1301,1302,1303,1304,1305,1334,1335,1336,1337,1338,1339,1342,1343,1344,1346,1347,1348,1349,1350
42,42,190
567,747,753,754,755,756,801,803,807,810,828,832,847,848,849,850,851,852,853,854,855,876,877,894,895,896,897,898,899,920,921,922,923,924,925,926,927,928,941,942,943,944,945,959,964,965,968,969,970,971,972,973,974,975,976,977,978,979,986,987,988,989,990,1004,1015,1016,1017,1018,1019,1020,1021,1022,1023,1024,1025,1032,1033,1034,1035,1049,1060,1061,1062,1063,1064,1065,1066,1067,1068,1069,1070,1071,1072,1073,1074,1075,1079,1080,1105,1106,1107,1108,1109,1110,1111,1112,1113,1114,1115,1116,1117,1118,1119,1120,1121,1124,1125,1153,1154,1155,1156,1157,1158,1159,1160,1161,1162,1163,1164,1165,1166,1167,1168,1169,1170,1202,1203,1204,1205,1206,1207,1208,1209,1210,1211,1212,1213,1214,1247,1248,1249,1250,1251,1252,1253,1254,1255,1256,1257,1258,1259,1260,1275,1292,1293,1294,1295,1296,1297,1298,1299,1300,1301,1302,1303,1304,1305,1334,1335,1336,1337,1338,1339,1342,1344,1346,1347,1348,1349,1350
51,51,163
660,747,755,756,802,810,847,849,851,852,853,854,855,873,876,877,878,879,894,895,896,898,899,900,921,922,924,925,926,941,942,943,944,945,959,965,966,968,969,970,971,972,973,975,977,978,979,987,988,989,990,1004,1017,1019,1020,1021,1022,1023,1024,1025,1026,1033,1034,1035,1060,1061,1062,1063,1064,1065,1066,1068,1069,1070,1071,1072,1078,1079,1080,1105,1106,1108,1109,1110,1111,1112,1113,1114,1115,1116,1117,1118,1119,1120,1121,1124,1125,1154,1155,1156,1157,1158,1159,1160,1161,1162,1163,1164,1165,1167,1202,1203,1204,1205,1206,1207,1208,1209,1210,1211,1212,1213,1214,1248,1249,1250,1251,1252,1253,1254,1255,1256,1257,1258,1259,1260,1293,1294,1295,1296,1297,1298,1299,1300,1301,1302,1303,1304,1305,1333,1334,1335,1336,1337,1338,1339,1342,1344,1346,1347,1348,1349,1350
22,22,193
612,660,668,670,702,747,754,755,756,757,763,801,802,803,804,808,809,810,826,829,830,831,832,847,848,849,851,852,853,854,855,873,874,875,876,877,894,895,896,897,898,899,920,921,922,923,924,925,926,927,939,940,941,942,943,944,945,959,966,968,969,970,971,972,973,974,975,976,977,978,987,988,989,990,1004,1014,1015,1016,1017,1018,1019,1020,1021,1022,1023,1024,1025,1032,1033,1034,1035,1060,1061,1062,1063,1064,1065,1066,1067,1068,1069,1070,1071,1072,1073,1078,1079,1080,1105,1106,1107,1108,1109,1110,1111,1112,1113,1114,1115,1116,1117,1118,1119,1120,1121,1125,1154,1155,1156,1157,1158,1159,1160,1161,1162,1163,1164,1165,1166,1167,1168,1174,1203,1204,1205,1206,1207,1208,1209,1210,1211,1212,1213,1214,1248,1249,1250,1251,1252,1253,1254,1255,1256,1257,1258,1259,1293,1294,1295,1296,1297,1298,1299,1300,1301,1302,1303,1304,1305,1333,1334,1335,1336,1337,1338,1339,1343,1345,1346,1347,1348,1349,1350
39,39,189
53,136,179,181,182,227,272,660,702,746,747,754,755,756,763,801,809,810,826,828,829,830,831,832,848,849,850,851,852,853,854,855,873,876,877,878,879,881,893,895,896,897,898,899,900,915,919,920,921,922,923,924,925,926,927,928,939,940,941,942,943,944,945,959,966,968,969,970,971,972,973,974,975,976,977,978,987,988,989,990,1004,1016,1017,1018,1019,1020,1021,1022,1023,1024,1025,1033,1034,1035,1060,1061,1062,1063,1064,1065,1066,1067,1068,1069,1070,1071,1072,1075,1079,1080,1105,1106,1108,1109,1110,1111,1112,1113,1114,1115,1116,1117,1118,1119,1120,1121,1124,1125,1155,1157,1158,1159,1160,1161,1162,1163,1164,1165,1166,1167,1168,1203,1204,1205,1206,1207,1208,1209,1210,1211,1212,1213,1214,1249,1250,1251,1252,1253,1254,1255,1256,1257,1258,1259,1294,1295,1296,1297,1298,1299,1300,1301,1302,1303,1304,1305,1333,1334,1335,1336,1337,1338,1339,1345,1346,1347,1348,1349,1350
47,47,217
1,4,6,7,11,46,49,51,91,136,137,138,227,271,316,362,434,529,531,620,655,702,744,745,746,755,756,760,762,763,784,802,803,807,826,829,830,832,847,848,849,851,852,853,854,855,876,877,878,879,882,892,893,894,895,896,898,899,900,919,920,921,922,923,924,925,926,927,928,929,938,940,941,942,943,944,945,966,968,969,970,971,972,973,974,975,976,977,978,986,987,988,989,990,1004,1013,1014,1015,1016,1017,1018,1019,1020,1021,1022,1023,1024,1026,1027,1029,1031,1032,1033,1034,1035,1057,1059,1060,1061,1062,1063,1064,1065,1066,1067,1068,1069,1070,1071,1073,1076,1077,1078,1079,1080,1104,1105,1106,1108,1109,1110,1111,1112,1113,1114,1115,1116,1117,1118,1119,1120,1121,1124,1125,1155,1157,1158,1159,1160,1161,1162,1163,1164,1165,1166,1167,1168,1169,1170,1203,1204,1205,1206,1207,1208,1209,1210,1211,1212,1213,1214,1215,1249,1250,1251,1252,1253,1254,1255,1256,1257,1258,1259,1260,1294,1297,1298,1299,1300,1301,1302,1303,1304,1305,1333,1334,1335,1336,1337,1338,1339,1342,1346,1347,1348,1349,1350
80,80,105
4,5,6,46,47,49,50,91,92,94,95,531,657,762,802,853,855,897,898,900,943,944,945,968,969,970,971,972,973,974,984,985,988,989,1016,1017,1018,1019,1020,1021,1023,1030,1033,1034,1035,1058,1060,1061,1062,1063,1064,1065,1066,1067,1068,1069,1070,1076,1077,1078,1079,1080,1105,1106,1109,1110,1111,1112,1113,1114,1115,1124,1125,1158,1159,1162,1163,1164,1168,1169,1170,1204,1205,1206,1207,1208,1209,1213,1214,1215,1250,1251,1252,1253,1254,1255,1297,1298,1333,1334,1335,1336,1337,1338,1339
9,9,201
2,3,4,5,7,8,11,47,48,49,50,51,53,91,92,93,94,95,138,139,153,181,182,227,517,524,577,578,608,609,623,655,664,669,671,702,703,707,708,716,744,745,752,753,754,755,756,759,790,793,795,800,802,803,804,807,809,810,841,849,852,853,854,855,874,877,893,894,895,897,898,899,900,924,926,927,940,941,942,943,944,945,968,969,970,971,972,973,974,975,985,987,988,989,990,1014,1015,1016,1017,1018,1019,1020,1021,1022,1023,1024,1027,1028,1029,1030,1031,1032,1033,1034,1035,1059,1060,1061,1062,1064,1065,1066,1067,1068,1069,1070,1072,1074,1075,1076,1077,1078,1079,1080,1105,1106,1111,1112,1113,1114,1115,1116,1117,1118,1119,1120,1122,1124,1125,1158,1159,1161,1162,1163,1164,1165,1166,1168,1169,1170,1204,1205,1206,1207,1208,1209,1210,1211,1213,1214,1215,1250,1251,1252,1253,1254,1255,1256,1260,1286,1297,1298,1299,1300,1301,1302,1303,1305,1333,1334,1335,1336,1337,1338,1339,1342,1343,1346,1347,1348,1349
138,138,93
1,3,4,5,6,46,48,49,50,53,91,93,138,139,140,562,621,624,701,852,853,854,855,875,897,899,924,941,942,944,945,969,970,971,972,973,975,983,985,988,989,990,1017,1018,1019,1020,1021,1023,1031,1032,1033,1034,1035,1062,1065,1066,1067,1068,1069,1077,1078,1079,1080,1106,1111,1112,1113,1114,1115,1117,1124,1125,1159,1163,1164,1168,1169,1170,1206,1207,1209,1251,1253,1254,1255,1297,1301,1334,1335,1336,1337,1338,1339
5,5,127
4,5,6,7,8,10,46,48,49,50,91,94,95,100,137,139,140,182,226,272,525,562,617,618,621,624,657,742,744,745,754,795,852,853,855,896,898,899,926,942,943,944,945,969,970,971,972,973,974,975,983,984,985,986,987,988,989,990,1019,1020,1021,1022,1023,1029,1031,1032,1033,1034,1035,1060,1062,1065,1066,1067,1068,1069,1074,1075,1076,1077,1078,1079,1080,1106,1112,1113,1114,1115,1117,1121,1124,1125,1158,1159,1160,1163,1164,1165,1167,1168,1169,1170,1205,1206,1207,1208,1210,1211,1251,1252,1253,1254,1255,1256,1297,1298,1301,1302,1333,1334,1335,1336,1337,1338,1339,1348,1349
44,44,123
1,2,4,5,6,7,8,10,11,47,50,91,92,93,94,95,138,139,140,144,178,181,184,227,228,258,271,278,316,562,701,702,706,714,742,756,763,790,795,808,840,848,849,851,852,854,855,895,896,897,899,900,939,941,942,944,945,969,970,971,972,973,974,983,984,986,987,988,989,1016,1020,1021,1022,1023,1029,1030,1031,1032,1033,1034,1035,1062,1066,1067,1068,1070,1075,1076,1077,1078,1079,1080,1112,1113,1114,1115,1116,1117,1123,1124,1125,1159,1160,1162,1163,1164,1169,1170,1205,1206,1207,1214,1251,1252,1254,1255,1298,1299,1333,1334,1336,1337,1338
31,31,85
2,4,6,7,9,46,47,48,49,50,54,94,95,139,140,182,183,185,227,229,562,792,795,854,898,899,904,941,943,970,971,974,976,983,985,986,988,989,1015,1016,1020,1022,1023,1030,1031,1032,1033,1034,1060,1062,1066,1067,1068,1076,1077,1078,1079,1080,1113,1114,1115,1124,1125,1160,1164,1168,1169,1170,1206,1207,1210,1211,1215,1251,1252,1253,1254,1255,1256,1301,1302,1334,1335,1347,1348
44,44,123
1,2,4,6,7,8,10,11,48,50,53,91,92,93,94,95,119,137,138,139,140,181,182,183,184,185,226,227,272,273,477,522,607,618,657,665,669,701,717,753,754,790,791,792,793,808,836,837,840,841,851,853,854,855,887,894,899,900,936,940,941,942,943,944,945,970,971,974,976,978,983,984,985,986,987,988,989,990,1015,1016,1018,1023,1031,1032,1033,1034,1035,1060,1064,1068,1074,1075,1076,1077,1078,1079,1080,1103,1114,1115,1116,1121,1123,1124,1125,1158,1160,1161,1162,1163,1164,1169,1170,1206,1208,1252,1253,1255,1298,1301,1334,1335,1345
13,13,100
2,3,4,5,6,7,8,9,46,47,49,50,51,53,54,57,93,94,95,137,138,139,140,181,182,183,184,226,227,228,271,272,607,702,711,714,752,763,791,825,840,841,853,854,855,899,900,938,940,943,944,970,971,974,975,976,983,985,987,989,990,1016,1017,1018,1020,1023,1031,1032,1033,1034,1035,1060,1068,1076,1077,1078,1079,1080,1124,1125,1162,1163,1164,1169,1170,1206,1207,1208,1209,1214,1298,1302,1333,1334,1335,1336,1344,1345,1346,1347
2,2,146
3,4,5,6,7,8,10,46,47,48,49,50,51,52,53,56,57,92,93,94,95,100,102,105,138,139,140,141,182,183,184,185,188,226,227,229,271,272,294,344,346,390,436,475,565,569,572,578,609,617,622,655,658,662,663,665,669,700,701,702,703,704,708,710,711,752,757,759,762,764,792,794,805,808,809,810,838,839,840,842,843,848,852,853,854,855,886,893,895,897,899,932,938,943,970,971,978,983,985,986,987,988,989,990,1016,1018,1023,1032,1033,1034,1061,1074,1075,1077,1080,1117,1123,1124,1125,1162,1163,1164,1167,1168,1169,1170,1207,1209,1214,1215,1252,1253,1254,1255,1256,1260,1298,1299,1300,1334,1335,1336,1337,1338,1345,1346
142,142,90
1,2,4,5,6,7,8,9,11,49,50,51,54,55,57,95,96,100,136,139,140,141,181,185,186,226,227,271,523,565,610,652,654,662,697,698,700,701,702,703,704,705,710,742,749,753,754,755,760,808,839,840,852,853,854,886,887,896,899,900,932,935,937,944,945,986,988,989,990,1027,1032,1035,1061,1075,1119,1125,1170,1207,1214,1215,1252,1253,1298,1299,1305,1334,1335,1336,1337,1345
68,68,101
2,4,5,6,7,8,9,10,47,49,50,51,52,56,57,91,92,95,100,101,102,136,138,140,141,183,185,186,227,271,361,475,521,522,573,577,616,662,668,697,698,700,702,703,704,707,708,713,714,762,763,765,804,826,839,852,854,855,871,898,899,900,932,933,934,935,937,938,943,944,987,989,990,1032,1035,1062,1080,1125,1162,1163,1170,1206,1207,1208,1212,1213,1214,1215,1252,1253,1254,1299,1300,1305,1333,1334,1335,1336,1337,1345,1346
43,43,76
1,2,4,5,6,7,8,11,12,49,50,51,53,54,56,57,94,95,96,100,101,102,136,138,140,141,181,186,216,226,271,316,345,361,393,567,662,707,708,713,758,760,762,763,808,826,852,853,854,855,898,899,900,943,944,945,987,988,989,990,1166,1169,1207,1208,1214,1215,1253,1260,1291,1299,1333,1334,1336,1337,1338,1345
52,52,102
1,2,3,4,5,6,7,8,9,10,13,46,48,49,50,51,52,53,55,56,57,92,94,95,96,97,100,101,102,136,138,139,140,141,181,184,185,186,190,226,227,232,271,295,361,386,476,519,520,564,567,611,615,662,663,699,700,707,708,759,803,805,806,808,809,826,851,853,854,855,897,898,899,900,944,945,989,990,1032,1035,1162,1207,1208,1213,1214,1215,1253,1254,1260,1290,1291,1299,1300,1305,1333,1334,1335,1336,1337,1338,1345,1350
52,52,107
2,3,4,5,6,7,8,9,10,11,12,13,17,47,49,50,51,52,53,54,55,56,57,91,94,95,96,97,100,101,102,136,138,139,140,141,143,146,181,185,200,226,227,233,271,361,437,441,476,519,520,521,523,524,525,530,566,567,568,570,573,612,613,614,660,661,699,700,707,708,744,751,757,759,853,854,855,898,899,900,943,944,945,987,989,990,1032,1087,1124,1125,1163,1164,1207,1214,1253,1256,1257,1260,1290,1291,1299,1333,1334,1335,1336,1337,1338
140,140,125
2,3,4,5,6,7,8,9,10,11,12,14,15,48,49,50,51,52,53,54,55,56,57,92,94,95,96,97,98,100,101,102,103,136,138,139,140,141,142,181,185,186,199,200,226,227,245,271,302,316,347,348,381,386,393,431,438,482,519,520,524,564,565,566,567,568,569,570,613,615,622,663,664,669,700,708,709,744,752,759,804,805,808,852,854,855,897,898,899,900,943,944,945,988,989,990,1034,1035,1113,1125,1160,1170,1207,1208,1210,1214,1215,1253,1254,1258,1259,1260,1290,1291,1292,1299,1304,1305,1333,1334,1335,1336,1337,1338,1350
25,25,130
4,5,6,7,8,9,10,11,12,17,28,46,47,48,49,50,51,52,53,54,55,56,57,58,60,61,91,92,93,94,95,96,97,98,99,100,101,102,103,104,105,106,107,139,140,141,142,143,144,146,181,184,188,190,200,226,232,233,256,271,303,316,347,361,384,388,389,392,393,429,473,475,482,520,521,527,530,531,564,565,566,567,568,569,570,571,611,612,615,617,618,661,662,706,709,744,752,753,755,756,798,852,898,899,945,989,990,1166,1167,1208,1212,1214,1215,1253,1254,1255,1259,1260,1290,1291,1292,1300,1302,1333,1334,1335,1336,1337,1338,1345
0,0,103
4,5,6,7,8,9,10,11,12,13,14,47,49,50,51,52,53,54,55,56,57,92,93,95,96,97,98,99,100,102,103,106,138,139,140,141,142,143,146,151,181,184,185,188,226,232,233,271,303,316,346,361,387,388,392,428,430,439,473,476,482,483,520,530,563,565,568,613,614,616,623,659,660,708,712,744,757,758,804,854,900,944,945,989,990,1035,1119,1212,1213,1259,1290,1291,1292,1304,1305,1333,1334,1335,1336,1337,1338,1339,1350
52,52,146
4,5,6,7,8,9,10,11,12,14,46,47,48,49,50,51,52,53,54,55,56,57,59,61,93,94,95,96,97,98,99,100,101,102,103,104,106,138,139,140,141,142,143,144,145,146,151,152,184,188,189,190,198,199,200,233,234,243,316,361,384,406,427,428,429,430,475,476,477,478,479,519,520,521,563,564,565,566,568,569,571,574,612,613,615,616,617,618,659,660,661,662,663,664,700,701,702,704,709,710,711,752,756,757,758,802,804,808,942,943,944,989,990,1034,1035,1068,1112,1113,1114,1158,1159,1167,1168,1204,1205,1206,1214,1249,1251,1255,1257,1259,1290,1291,1292,1302,1305,1333,1334,1335,1336,1337,1338,1339,1345,1350
46,46,98
4,5,6,7,8,9,10,11,12,46,47,48,49,50,51,52,53,54,55,56,57,59,60,61,95,96,97,98,99,100,102,105,106,107,108,140,141,142,143,144,146,149,187,188,189,190,193,199,293,476,478,479,520,521,528,564,612,614,616,617,658,701,702,745,749,751,754,804,805,898,899,943,944,1165,1167,1168,1169,1210,1212,1213,1214,1215,1258,1259,1260,1290,1291,1292,1304,1305,1333,1334,1335,1336,1337,1338,1339,1350
42,42,93
4,5,6,7,8,9,10,11,12,47,48,49,50,51,52,53,54,55,56,57,60,93,94,95,96,97,98,99,100,101,102,103,104,107,138,139,140,141,142,143,146,187,188,189,190,192,198,235,361,390,476,478,526,527,565,566,618,623,634,657,659,660,662,663,669,701,702,703,704,705,706,744,745,746,802,943,989,1169,1212,1213,1249,1259,1290,1291,1292,1305,1333,1334,1335,1336,1337,1338,1339
69,69,81
4,5,6,7,8,9,10,11,13,14,51,52,53,54,55,56,57,59,60,61,94,95,96,97,98,99,100,101,108,117,123,138,140,141,142,143,146,185,188,189,190,198,520,575,617,618,619,656,664,669,703,704,757,802,852,943,944,989,1119,1123,1166,1167,1212,1213,1214,1215,1259,1290,1291,1292,1303,1304,1305,1329,1333,1334,1335,1336,1337,1338,1339
112,112,62
1,2,4,6,7,8,9,10,11,12,14,16,27,47,49,51,52,53,54,55,56,57,60,95,96,97,98,99,100,102,107,138,141,142,144,146,148,149,151,188,189,193,657,659,853,1168,1213,1258,1259,1290,1291,1292,1304,1305,1329,1333,1334,1335,1336,1337,1338,1339
112,112,45
2,4,5,6,7,8,9,10,11,26,49,50,51,52,53,54,55,56,57,95,96,97,99,100,103,107,142,146,147,153,572,656,1213,1259,1290,1291,1292,1329,1333,1334,1335,1336,1337,1338,1339
50,50,63
1036,1081,1082,1083,1084,1126,1127,1128,1129,1130,1131,1171,1172,1173,1174,1175,1176,1177,1178,1216,1217,1218,1219,1220,1221,1222,1223,1224,1225,1226,1227,1261,1262,1263,1264,1265,1266,1267,1268,1269,1270,1271,1272,1273,1274,1275,1306,1307,1308,1309,1310,1311,1312,1313,1314,1315,1316,1317,1318,1319,1320,1321,1322
57,57,190
721,722,723,766,767,768,769,770,811,812,813,814,815,816,817,856,857,858,859,860,861,862,863,864,901,902,903,904,905,906,907,908,909,910,911,912,946,947,948,949,950,951,952,953,954,955,956,957,958,959,991,992,993,994,995,996,997,998,999,1000,1001,1002,1003,1004,1005,1006,1036,1037,1038,1039,1040,1041,1042,1043,1044,1045,1046,1047,1048,1049,1050,1051,1052,1053,1054,1083,1084,1085,1086,1087,1088,1089,1090,1091,1092,1093,1094,1095,1096,1097,1098,1099,1100,1127,1128,1131,1132,1133,1134,1135,1136,1137,1138,1139,1140,1141,1142,1143,1144,1145,1146,1147,1148,1176,1178,1179,1180,1181,1182,1183,1184,1185,1186,1187,1188,1189,1190,1191,1192,1193,1194,1195,1222,1226,1227,1228,1229,1230,1231,1232,1233,1234,1235,1236,1237,1238,1239,1240,1241,1242,1267,1269,1273,1274,1275,1276,1277,1278,1279,1280,1281,1282,1283,1285,1286,1287,1288,1314,1319,1321,1322,1323,1324,1325,1326,1330,1331,1333,1334,1335
126,126,342
1,271,272,316,317,318,319,361,362,363,364,365,366,367,406,407,408,409,410,411,412,413,451,452,453,454,455,456,457,458,459,460,461,496,497,498,499,500,501,502,503,504,505,506,507,541,542,543,544,545,546,547,548,549,550,551,552,553,586,587,588,589,590,591,592,593,594,595,596,597,598,599,600,631,632,633,634,635,636,637,638,639,640,641,642,643,644,645,646,676,677,678,679,680,681,682,683,684,685,686,687,688,689,690,691,692,693,694,695,721,722,723,724,725,726,727,728,729,730,731,732,733,734,735,736,737,738,739,767,768,769,770,771,772,773,774,775,776,777,778,779,780,781,782,783,784,785,814,815,816,817,818,819,820,821,822,823,824,825,826,827,828,829,830,831,832,861,862,863,864,865,866,867,868,869,870,871,872,873,874,875,877,878,908,909,910,911,912,913,914,915,916,917,918,919,922,923,924,926,927,928,954,955,956,957,958,959,960,965,966,967,968,969,970,971,972,1000,1004,1005,1006,1007,1008,1009,1010,1011,1012,1013,1014,1015,1016,1017,1018,1020,1021,1022,1052,1053,1054,1055,1056,1057,1058,1059,1060,1061,1062,1063,1064,1065,1066,1067,1098,1099,1100,1101,1102,1103,1104,1105,1106,1107,1108,1109,1110,1111,1112,1113,1114,1115,1145,1146,1147,1148,1149,1150,1151,1152,1153,1154,1155,1156,1157,1158,1159,1160,1161,1162,1163,1188,1190,1191,1192,1193,1194,1195,1197,1198,1199,1200,1201,1202,1203,1204,1205,1206,1207,1208,1209,1210,1211,1243,1244,1245,1248,1249,1250,1251,1252,1253,1254,1255,1256,1257,1294,1295,1296,1297,1298,1299,1300,1301,1303,1340,1341,1342,1343,1344,1345,1346,1347,1348,1349
130,130,485
1,2,3,4,5,6,7,8,9,46,47,48,49,50,51,52,53,54,55,56,57,91,92,93,94,95,96,97,98,99,100,101,102,103,136,137,138,139,140,141,142,143,144,145,146,147,148,149,181,182,183,184,185,186,187,188,189,190,191,192,193,194,195,196,226,227,228,229,230,231,232,233,234,235,236,237,238,239,240,241,242,243,271,272,273,274,275,276,277,278,279,280,281,282,283,284,285,286,287,288,289,316,317,318,319,320,321,322,323,324,325,326,327,328,329,330,331,332,333,334,335,336,337,361,362,363,364,365,366,367,368,369,370,371,372,373,374,375,376,377,378,379,380,381,382,383,384,402,406,407,408,409,410,411,412,413,414,415,416,417,418,419,420,421,422,423,424,425,426,427,428,429,430,431,451,452,453,454,455,456,457,458,459,460,461,462,463,464,465,466,467,468,469,470,471,472,473,474,475,476,477,496,497,498,499,500,501,502,503,504,505,506,507,508,509,510,511,512,513,514,515,516,517,518,519,520,521,522,523,524,525,529,541,542,543,544,545,546,547,548,549,550,551,552,553,554,555,556,557,558,559,560,561,562,563,564,565,566,567,568,569,570,571,572,573,574,590,591,592,593,594,595,596,597,598,599,600,601,602,603,604,605,606,607,608,609,610,611,612,613,614,615,616,617,618,619,620,622,636,637,638,639,640,641,642,643,644,645,646,647,648,649,650,651,652,653,654,655,657,658,659,660,661,662,663,664,665,666,667,668,682,683,684,685,686,687,688,689,690,691,692,693,694,695,696,697,698,699,702,703,705,706,707,708,709,710,711,712,713,714,730,731,732,733,734,735,736,737,738,739,740,741,742,743,744,751,752,753,754,755,756,757,758,759,760,776,777,778,779,780,781,782,783,784,785,786,787,788,789,790,795,796,797,799,800,801,802,803,804,805,806,807,808,826,833,838,841,843,844,845,846,847,848,849,850,851,852,853,854,855,887,888,889,890,891,892,893,894,895,896,897,898,899,900,931,932,933,934,935,936,937,938,939,940,941,942,943,944,945,980,981,982,983,984,985,986,987,988,989,990,1028,1031,1032,1033,1034,1035,1076,1078,1079,1080,1122,1124,1125,1169,1170
130,130,497
1,2,3,4,5,6,7,8,9,10,11,12,13,14,15,16,17,18,19,20,21,22,23,24,25,26,27,28,29,30,31,32,46,47,48,49,50,51,52,53,54,55,56,57,58,59,60,61,62,63,64,65,66,67,68,69,70,71,72,73,74,75,76,77,78,79,80,91,92,93,94,95,96,97,98,99,100,101,102,103,104,105,106,107,108,109,110,111,112,113,114,115,116,117,118,119,120,121,122,123,124,125,126,136,137,138,139,140,141,142,143,144,145,146,147,148,149,150,151,152,153,154,155,156,157,158,159,160,161,162,163,164,165,166,167,168,169,170,171,172,173,174,181,182,183,184,185,186,187,188,189,190,191,192,193,194,195,196,197,198,199,200,201,202,203,204,205,206,207,208,209,210,211,212,213,214,215,216,217,218,219,220,229,230,231,232,233,234,235,236,237,238,239,240,241,242,243,244,245,246,247,248,249,250,251,252,253,254,255,256,257,258,259,260,261,262,263,264,265,266,267,268,276,277,278,279,280,281,282,283,284,285,286,287,288,289,290,291,292,293,294,295,296,297,298,299,300,301,302,303,304,305,306,307,308,309,310,311,312,313,314,323,324,325,326,327,328,329,330,331,332,333,334,335,336,337,338,339,340,341,342,343,344,345,346,347,348,349,350,351,352,353,354,355,356,357,358,359,360,371,372,373,374,375,376,377,378,379,380,381,382,383,384,385,386,387,388,389,390,391,392,393,394,395,396,397,398,399,400,401,402,403,404,405,418,419,420,421,422,423,424,425,426,427,428,429,430,431,432,433,434,435,436,437,438,439,440,441,442,443,444,445,446,447,448,449,450,463,464,465,466,467,468,469,470,471,472,473,474,475,476,477,478,479,480,481,482,483,484,485,486,487,488,489,490,491,492,493,494,495,510,511,512,513,514,515,516,517,518,519,520,521,522,523,524,527,528,529,530,531,532,533,534,535,536,537,538,539,540,556,557,558,559,560,561,562,563,564,565,567,568,570,572,573,574,575,576,577,578,579,580,581,582,583,584,585,604,605,606,607,608,609,610,616,617,619,620,621,622,623,624,625,626,627,628,629,630,651,653,666,667,668,669,670,671,672,673,674,675,696,717,718,719,720,765,810,892
61,61,441
6,7,8,9,10,11,12,13,14,15,16,17,18,19,20,21,22,23,24,25,26,27,28,29,30,31,32,33,34,35,36,37,38,39,40,41,42,43,44,45,52,53,54,55,56,57,58,59,60,61,62,63,64,65,66,67,68,69,70,71,72,73,74,75,76,77,78,79,80,81,82,83,84,85,86,87,88,89,90,99,100,101,102,103,104,105,106,107,108,109,110,111,112,113,114,115,116,117,118,119,120,121,122,123,124,125,126,127,128,129,130,131,132,133,134,135,144,145,146,147,148,149,150,151,152,153,154,155,156,157,158,159,160,161,162,163,164,165,166,167,168,169,170,171,172,173,174,175,176,177,178,179,180,192,193,194,195,196,197,198,199,200,201,202,203,204,205,206,207,208,209,210,211,212,213,214,215,216,217,218,219,220,221,222,223,224,225,240,241,242,243,244,245,246,247,248,249,250,251,252,253,254,255,256,257,258,259,260,261,262,263,264,265,266,267,268,269,270,285,286,287,288,289,290,291,292,293,294,295,296,297,298,299,300,301,302,303,304,305,306,307,308,309,310,311,312,313,314,315,332,333,334,335,336,337,338,339,340,341,342,343,344,345,346,347,348,349,350,351,352,353,354,355,356,357,358,359,360,378,379,380,381,382,383,384,385,386,387,388,389,390,391,392,393,394,395,396,397,398,399,400,401,402,403,404,405,424,425,426,427,428,429,430,431,432,433,434,435,436,437,438,439,440,441,442,443,444,445,446,447,448,449,450,470,471,472,473,474,475,476,477,478,479,480,481,482,483,484,485,486,487,488,489,490,491,492,493,494,495,517,518,519,520,521,522,523,524,525,526,527,528,529,530,531,532,533,534,535,536,537,538,539,540,571,572,573,574,575,576,577,578,579,580,581,582,583,584,585,587,618,619,620,621,622,623,624,625,626,627,628,629,630,665,666,667,668,669,670,671,672,673,674,675,710,711,712,713,714,715,716,717,718,719,720,758,763,764,765,802,810,853
122,122,358
12,13,14,15,16,17,18,19,20,21,22,23,24,25,26,27,28,29,30,31,32,33,34,35,36,37,38,39,40,41,42,43,44,45,59,60,61,62,63,64,65,66,67,68,69,70,71,72,73,74,75,76,77,78,79,80,81,82,83,84,85,86,87,88,89,90,104,105,106,107,108,109,110,111,112,113,114,115,116,117,118,119,120,121,122,123,124,125,126,127,128,129,130,131,132,133,134,135,150,151,152,153,154,155,156,157,158,159,160,161,162,163,164,165,166,167,168,169,170,171,172,173,174,175,176,177,178,179,180,197,198,199,200,201,202,203,204,205,206,207,208,209,210,211,212,213,214,215,216,217,218,219,220,221,222,223,224,225,243,244,245,246,247,248,249,250,251,252,253,254,255,256,257,258,259,260,261,262,263,264,265,266,267,268,269,270,290,291,292,293,294,295,296,297,298,299,300,301,302,303,304,305,306,307,308,309,310,311,312,313,314,315,336,337,338,339,340,341,342,343,344,345,346,347,348,349,350,351,352,353,354,355,356,357,358,359,360,383,385,386,387,388,389,390,391,392,393,394,395,396,397,398,399,400,401,402,403,404,405,430,431,432,433,434,435,436,437,438,439,440,441,442,443,444,445,446,447,448,449,450,471,477,479,481,482,483,484,485,486,487,488,489,490,491,492,493,494,495,526,527,528,529,530,531,532,533,534,535,536,537,538,539,540,573,574,575,576,577,578,579,580,581,582,583,584,585,621,622,623,624,625,626,627,628,629,630,666,668,669,670,671,672,673,674,675,716,717,718,719,720,762,763,764,765,808,809,810,900
122,122,344
14,15,16,17,18,19,20,21,22,23,24,25,26,27,28,29,30,31,32,33,34,35,36,37,38,39,40,41,42,43,44,45,61,62,63,65,66,67,68,69,70,71,72,73,74,75,76,77,78,79,80,81,82,83,84,85,86,87,88,89,90,108,111,112,113,114,115,116,117,118,119,120,121,122,123,124,125,126,127,128,129,130,131,132,133,134,135,153,154,156,157,158,159,160,161,162,163,164,165,166,167,168,169,170,171,172,173,174,175,176,177,178,179,180,199,200,201,202,203,204,205,206,207,208,209,210,211,212,213,214,215,216,217,218,219,220,221,222,223,224,225,244,245,247,248,249,250,251,252,253,254,255,256,257,258,259,260,261,262,263,264,265,266,267,268,269,270,290,291,294,295,296,297,298,299,300,301,302,303,304,305,306,307,308,309,310,311,312,313,314,315,336,337,340,341,342,343,344,345,346,347,348,349,350,351,352,353,354,355,356,357,358,359,360,384,385,386,387,389,390,391,392,393,394,395,396,397,398,399,400,401,402,403,404,405,425,431,432,433,435,436,437,438,439,440,441,442,443,444,445,446,447,448,449,450,477,478,479,481,482,483,484,485,486,487,488,489,490,491,492,493,494,495,525,527,528,529,530,531,532,533,534,535,536,537,538,539,540,561,573,574,575,576,577,578,579,580,581,582,583,584,585,619,620,621,622,623,624,625,626,628,629,630,664,666,667,668,669,670,671,672,673,674,675,712,714,715,716,718,720,761,762,764,765,802,807,810,854,855,900,945,990,1035,1080
96,96,304
2,19,20,21,22,23,24,25,26,27,28,29,30,31,32,33,34,35,36,37,38,39,40,41,42,43,44,45,65,66,67,68,69,70,71,72,73,74,75,76,77,78,79,80,81,82,83,84,85,86,87,88,89,90,108,112,113,114,115,116,117,118,119,120,121,122,123,124,125,126,127,128,129,130,131,132,133,134,135,158,159,160,161,162,163,164,165,166,167,168,169,170,171,172,173,174,175,176,177,178,179,180,203,205,206,207,208,209,210,211,212,213,214,215,216,217,218,219,220,221,222,223,224,225,249,250,252,253,254,255,256,257,258,259,260,261,262,263,264,265,266,267,268,269,270,291,292,294,296,297,299,300,301,302,303,304,305,306,307,308,309,310,311,312,313,314,315,339,340,341,342,343,345,346,347,348,349,350,351,352,353,354,355,356,357,358,359,360,385,389,391,392,393,394,395,396,397,398,399,400,401,402,403,404,405,432,433,436,437,438,439,440,441,442,443,444,445,446,447,448,449,450,471,477,481,482,483,484,485,486,487,488,489,490,491,492,493,494,495,515,528,529,530,531,532,533,534,535,536,537,538,539,540,561,574,575,576,577,578,579,580,581,582,583,584,585,620,621,623,624,625,626,627,628,629,630,652,658,669,670,671,674,675,716,755,802,808,845,847,852,898,899,900,943,944,945,987,989,990,1031,1032,1035,1078,1079
67,67,269
17,18,19,20,21,22,23,24,25,26,27,28,29,30,31,32,33,34,35,36,37,38,39,40,41,42,43,44,45,64,65,66,67,68,69,72,73,74,75,76,77,78,79,80,81,82,83,84,85,86,87,88,89,90,112,113,114,115,116,117,120,121,122,123,124,125,126,127,128,129,130,131,132,133,134,135,158,159,160,161,162,163,164,165,167,168,169,170,171,172,173,174,175,176,177,178,179,180,199,203,204,205,206,207,208,209,210,214,215,216,217,218,219,220,221,222,223,224,225,250,251,252,253,254,255,256,258,259,260,261,262,263,264,265,266,267,268,269,270,296,297,298,299,300,301,302,303,304,305,306,307,308,309,310,311,312,313,314,315,340,343,344,345,346,347,348,349,350,351,352,353,354,355,356,357,358,359,360,390,391,392,393,394,395,396,397,398,399,400,401,402,403,404,405,432,436,437,438,439,440,441,442,443,444,445,446,447,448,449,450,483,484,485,486,487,488,489,490,491,492,493,494,495,528,529,530,531,532,533,534,535,536,537,538,539,540,577,578,579,580,581,582,583,584,585,624,625,626,627,628,629,630,670,675,715,757,758,802,805,806,807,809,810,855,945,990,1078,1079,1211
19,19,240
18,19,20,21,22,23,24,25,27,28,29,30,31,32,33,34,35,36,37,38,39,40,41,42,43,44,45,66,67,68,69,70,71,72,73,74,75,76,78,79,80,81,82,83,84,85,86,87,88,89,90,112,113,114,115,116,117,118,119,120,121,122,123,124,125,126,127,128,129,130,131,132,133,134,135,158,159,160,161,162,163,166,167,169,170,171,172,173,174,175,176,177,178,179,180,204,205,206,207,208,209,210,213,215,216,217,218,219,220,221,222,223,224,225,245,246,250,251,252,253,254,255,256,259,260,261,262,263,264,265,267,268,270,292,297,298,299,300,301,302,303,304,305,306,307,308,309,311,312,315,344,345,346,347,348,349,350,351,352,353,354,357,359,385,389,390,391,392,393,394,395,396,397,398,399,400,401,404,405,432,437,438,439,440,441,442,443,444,445,446,447,448,449,450,483,484,485,486,487,488,489,490,491,492,493,494,531,532,533,534,535,536,537,538,539,578,579,580,581,582,583,584,629,630,755,800,801,802,853,854,855,898,899,900,990,1035,1253,1254,1256,1257
88,88,214
19,20,21,22,23,24,29,30,32,33,34,35,36,37,38,39,40,41,42,43,44,45,65,66,67,68,69,70,71,73,74,77,78,79,80,81,83,84,85,86,87,89,90,111,112,113,114,115,116,117,119,123,124,125,126,127,128,129,130,131,132,133,134,135,157,158,159,160,161,162,166,169,170,171,173,174,175,176,177,178,179,180,204,205,206,207,208,209,210,212,215,216,220,221,244,250,251,252,253,254,255,256,258,259,262,292,297,298,299,300,301,302,303,304,305,306,307,343,344,345,346,347,348,349,350,351,352,353,354,391,392,393,394,395,396,397,398,399,400,404,437,438,439,440,441,442,443,444,445,446,447,477,483,484,485,486,487,488,489,490,491,492,493,529,531,532,533,534,535,536,537,538,539,540,579,580,581,582,583,584,625,627,628,629,630,675,800,802,803,845,846,847,848,849,850,852,853,854,855,892,897,900,945,989,990,1035,1252,1253,1254,1255,1256,1297,1298,1343
33,33,211
15,23,24,25,26,27,35,36,37,38,39,40,41,42,66,70,71,72,73,80,81,82,83,84,85,86,116,117,118,119,125,127,128,129,130,131,132,161,163,164,165,207,208,209,210,211,254,255,256,257,258,288,289,290,291,301,302,303,304,305,334,335,336,337,347,348,349,350,353,354,364,365,380,381,382,383,391,394,395,396,397,399,400,401,408,409,426,427,428,429,433,437,438,439,441,442,443,446,447,474,475,483,484,485,486,488,489,490,493,507,518,527,529,530,531,532,533,536,537,538,539,540,552,564,573,577,578,579,582,583,584,585,608,609,610,611,612,617,618,619,628,629,630,653,654,655,656,657,658,662,663,664,665,666,674,675,700,701,702,703,704,709,710,720,746,747,748,757,766,767,768,803,804,805,806,807,812,813,831,832,833,850,851,852,877,896,897,898,899,916,934,935,947,980,981,982,983,991,992,1027,1028,1029,1036,1074,1081,1170,1205,1215,1299,1331,1350
85,85,175
19,20,21,23,24,25,26,27,32,33,34,35,36,37,38,39,40,41,42,66,68,69,71,72,73,77,79,80,81,82,83,84,85,86,87,111,112,113,114,115,116,117,118,123,124,125,126,127,128,129,130,131,132,157,159,160,161,162,167,171,172,173,175,176,177,205,206,207,208,210,212,213,216,218,219,221,253,254,255,300,301,302,304,308,346,347,348,349,350,351,393,394,395,396,397,398,436,439,440,441,442,443,444,445,481,482,483,484,485,486,487,488,490,491,521,528,529,530,531,532,533,534,535,536,537,538,539,575,576,578,579,580,581,582,583,584,620,621,624,625,626,627,628,629,630,667,668,670,672,673,674,675,714,717,718,719,720,758,759,760,761,762,765,804,805,806,807,808,849,854,911,1205,1250,1344,1345
5,5,157
19,20,24,25,26,31,32,33,34,35,36,37,38,39,40,41,42,43,65,66,69,71,72,79,80,81,82,83,84,85,86,87,111,112,113,114,123,124,125,126,127,128,129,130,131,132,133,158,159,160,161,165,171,172,174,175,176,177,178,204,205,206,207,216,221,225,249,250,251,253,254,295,296,299,300,301,303,304,343,346,347,349,390,392,393,394,395,396,397,398,435,436,438,439,440,441,442,443,482,484,485,486,487,488,528,529,530,531,532,533,534,535,536,537,574,575,576,577,578,579,580,581,582,583,619,620,621,622,623,624,626,627,628,629,630,638,667,668,669,672,673,674,675,714,717,718,719,720,760,761,865,910,911,1205,1293,1344,1345
139,139,137
19,20,25,31,33,34,35,36,37,38,39,40,41,42,65,66,69,72,77,78,79,80,81,82,83,84,85,86,87,88,112,113,117,122,123,124,127,128,129,130,131,132,133,158,159,160,172,175,176,177,178,204,205,206,207,212,214,216,222,250,251,253,254,299,300,303,304,345,346,347,350,351,392,393,394,395,396,437,438,439,440,441,442,482,484,485,486,487,488,489,528,529,530,531,532,533,534,535,536,538,574,575,576,577,578,579,581,583,593,620,621,624,625,626,627,628,629,630,638,666,672,673,674,675,714,719,720,760,762,807,865,910,911,912,913,1293,1345
101,101,126
19,20,24,25,30,31,32,33,34,35,36,37,38,39,40,41,42,65,71,77,78,79,80,81,82,83,84,85,86,87,88,113,122,123,124,125,126,127,128,129,130,131,132,133,158,160,168,170,171,174,175,176,177,204,205,206,207,216,252,253,299,300,345,346,347,350,351,392,393,394,438,439,440,441,442,482,484,485,487,488,489,528,529,530,531,532,533,534,535,536,537,574,575,576,577,578,579,580,581,582,583,584,620,621,624,625,626,627,628,629,630,638,666,667,673,674,675,711,719,720,806,865,910,911,1248,1293
98,98,127
19,25,31,32,33,34,35,36,37,38,39,40,41,42,43,65,71,76,77,78,79,80,81,82,83,84,85,86,87,88,122,123,124,125,126,127,128,129,130,131,132,133,168,172,173,175,204,205,206,212,216,222,223,251,253,298,299,300,308,345,346,350,351,391,392,393,435,438,439,440,441,482,483,484,485,486,487,488,489,528,529,530,531,532,533,534,535,536,574,575,576,577,578,579,580,581,582,583,620,621,624,625,626,627,628,629,638,664,670,673,674,675,694,696,719,720,806,865,910,911,912,913,946,947,991,1051,1293
98,98,124
18,27,30,31,32,33,34,35,36,37,38,39,40,41,42,43,73,76,78,79,80,81,82,83,84,85,86,87,88,122,123,124,125,126,127,128,129,130,131,132,133,168,169,171,172,173,174,176,178,213,216,218,222,223,251,252,298,299,307,308,345,346,349,351,391,392,393,437,438,439,440,483,484,485,487,488,528,529,530,531,532,533,534,535,536,574,575,576,577,578,579,580,581,582,583,620,621,624,625,626,627,628,629,638,664,666,670,673,674,675,717,719,720,762,865,910,911,912,946,1051,1248,1293,1294,1338
59,59,116
18,19,25,27,30,32,33,34,35,36,37,38,39,40,41,42,43,77,78,79,80,81,82,83,84,85,86,87,88,121,122,123,124,125,126,127,128,129,130,131,132,133,167,168,169,171,172,173,174,175,176,177,178,213,216,219,223,251,298,299,345,346,352,391,392,438,439,440,484,485,486,487,488,528,529,530,531,532,533,534,535,536,576,577,578,579,580,581,582,620,621,624,625,626,627,628,638,664,665,670,674,675,710,719,720,865,910,911,1051,1056,1078,1247,1248,1338,1341,1342
33,33,116
25,28,30,32,33,34,35,36,37,38,39,40,41,42,43,64,73,78,80,81,82,83,84,85,86,87,88,121,122,123,124,125,126,127,128,129,130,131,132,133,168,171,174,175,176,177,212,216,223,251,298,307,344,345,352,391,392,397,437,438,439,440,484,485,486,487,488,528,529,530,531,532,533,534,535,576,577,578,579,580,581,582,619,620,622,623,625,626,627,628,638,665,666,670,673,674,675,718,719,720,764,793,794,865,910,911,912,982,1051,1078,1219,1293,1294,1338,1339,1341
96,96,211
13,33,40,41,42,59,68,80,85,86,87,114,131,132,133,151,172,173,174,207,217,218,219,220,221,222,223,262,263,264,265,266,299,300,344,345,346,347,390,391,392,393,396,436,437,438,439,440,442,443,463,472,473,482,483,484,485,486,487,488,489,490,518,529,530,531,532,533,534,535,536,537,563,564,575,576,577,578,579,580,583,584,622,623,624,625,626,629,630,661,669,670,671,672,673,674,690,707,708,710,711,712,715,716,717,718,719,720,744,757,758,759,762,763,764,765,803,804,805,809,810,836,837,838,849,850,851,852,875,876,877,878,879,880,881,882,883,884,895,896,897,898,918,919,920,921,922,923,924,925,926,927,928,929,930,940,941,942,943,944,965,966,973,976,982,983,986,987,988,989,990,1019,1027,1028,1029,1034,1035,1058,1059,1060,1068,1073,1074,1075,1112,1113,1114,1154,1155,1156,1160,1201,1205,1215,1247,1248,1249,1253,1260,1292,1293,1294,1295,1296,1305,1338,1339,1340,1341,1347,1348
142,142,147
32,33,34,35,36,37,38,39,40,41,42,69,76,79,80,81,82,83,84,85,86,87,123,124,126,127,128,129,130,131,132,133,161,170,171,172,173,175,176,177,178,205,206,207,219,220,221,222,250,251,297,298,343,344,345,389,390,391,392,436,437,438,481,483,484,485,486,523,524,527,528,529,530,531,532,533,574,575,576,577,579,580,581,619,620,621,622,623,624,625,626,628,665,666,667,668,669,670,671,672,673,674,678,711,712,713,714,715,716,717,724,758,759,760,761,762,763,764,765,772,795,807,808,809,810,813,819,840,853,854,855,899,900,939,945,1020,1071,1075,1114,1212,1256,1257,1301,1302,1303,1343,1348
57,57,137
29,32,33,34,35,36,37,38,39,40,41,42,78,80,81,82,83,84,85,86,87,122,124,125,126,127,128,129,130,131,132,133,161,168,171,172,173,174,175,176,177,178,206,207,220,221,222,223,250,251,265,297,343,344,389,390,391,436,437,438,483,484,485,522,523,528,529,530,531,532,569,570,573,574,575,576,577,620,621,622,623,624,662,663,665,666,667,668,669,670,671,711,712,713,714,715,716,717,718,758,759,760,761,762,763,764,765,795,802,803,806,807,808,809,810,848,853,854,855,899,900,945,961,968,1020,1070,1071,1074,1114,1115,1212,1256,1257,1301,1302,1303,1348
8,8,159
33,34,35,36,37,38,39,40,41,42,79,80,81,82,83,84,85,86,87,125,126,127,128,129,130,131,132,133,161,170,171,172,173,174,175,176,177,178,206,220,221,222,251,265,296,297,343,344,389,436,437,482,484,522,523,524,527,528,529,530,531,568,569,570,573,574,575,576,577,616,619,620,621,622,623,624,665,666,667,668,669,670,671,711,712,713,714,715,716,717,718,758,759,760,761,762,763,764,765,794,795,796,803,806,807,808,809,810,839,840,841,847,848,852,853,854,855,893,899,900,939,945,968,969,970,971,972,973,974,990,1019,1020,1029,1070,1071,1072,1073,1074,1114,1115,1116,1117,1118,1119,1120,1159,1160,1161,1212,1213,1256,1257,1258,1298,1301,1302,1303,1343,1348
116,116,173
33,35,36,37,38,39,40,41,42,79,80,81,82,83,84,85,86,125,126,127,128,129,130,131,171,172,174,175,176,177,219,220,221,222,250,296,297,482,522,523,524,527,528,529,530,573,574,575,576,577,614,615,616,617,619,620,621,622,623,624,662,663,665,666,667,668,669,670,671,711,712,713,714,715,716,717,718,719,758,759,760,761,762,763,764,765,794,795,796,803,805,806,807,808,809,810,840,842,847,848,852,853,854,855,885,893,895,898,899,900,939,940,944,945,968,969,970,971,972,973,974,975,984,990,1019,1020,1025,1026,1029,1064,1065,1069,1070,1071,1072,1073,1074,1109,1113,1114,1115,1116,1117,1118,1119,1120,1121,1154,1158,1159,1160,1161,1165,1166,1203,1204,1205,1211,1212,1213,1256,1257,1258,1298,1299,1300,1301,1302,1303,1342,1343,1344,1348
93,93,191
34,35,36,37,38,39,40,41,81,82,83,84,85,86,125,126,127,128,129,130,131,172,174,175,176,206,220,221,343,436,482,521,522,527,528,529,530,568,574,575,576,577,614,615,616,618,619,620,621,622,623,624,625,662,665,666,667,668,669,670,671,711,712,713,714,715,716,717,718,758,759,760,761,762,763,764,765,794,795,806,807,808,809,810,839,842,847,848,853,854,855,885,893,894,898,899,900,925,929,939,940,945,966,967,968,969,970,971,972,973,974,975,984,985,990,1014,1015,1017,1018,1019,1020,1025,1026,1028,1029,1030,1062,1064,1066,1069,1070,1071,1072,1074,1075,1111,1113,1114,1115,1116,1117,1118,1119,1120,1121,1153,1154,1155,1158,1159,1160,1161,1162,1165,1166,1201,1202,1203,1204,1205,1209,1212,1213,1214,1245,1246,1247,1251,1253,1255,1256,1257,1258,1259,1292,1296,1297,1298,1300,1301,1302,1303,1338,1341,1342,1343,1344,1345,1346,1348,1350
71,71,227
35,36,40,41,81,82,83,84,85,86,127,128,129,130,131,161,174,206,207,221,296,388,435,481,482,483,523,528,529,530,574,575,576,577,615,616,620,621,622,623,624,661,662,666,667,668,669,670,671,672,708,710,711,712,713,714,715,716,717,718,758,759,760,761,762,763,764,765,795,796,805,806,807,808,809,810,839,840,843,847,848,852,853,854,855,886,892,893,894,895,898,899,900,920,922,925,927,939,940,944,945,966,967,968,969,970,972,973,974,975,984,985,989,990,1011,1012,1014,1015,1017,1018,1019,1020,1021,1025,1026,1028,1029,1030,1031,1032,1033,1035,1062,1064,1065,1066,1067,1068,1069,1070,1071,1072,1073,1074,1075,1076,1077,1078,1108,1111,1113,1114,1115,1116,1117,1118,1119,1120,1121,1122,1153,1154,1155,1156,1158,1159,1160,1162,1163,1164,1165,1166,1167,1169,1170,1200,1202,1203,1204,1205,1206,1208,1209,1211,1212,1213,1214,1215,1246,1247,1248,1249,1250,1251,1252,1253,1254,1255,1256,1257,1258,1259,1292,1293,1294,1295,1296,1297,1298,1299,1300,1301,1302,1303,1304,1305,1338,1341,1342,1343,1344,1345,1346,1347,1348,1349,1350
115,115,259
36,40,41,81,84,85,86,115,127,128,129,130,160,161,175,206,207,221,253,387,435,482,522,528,529,574,575,576,615,616,621,622,623,624,667,668,669,670,671,712,713,714,715,716,717,718,719,754,755,758,759,760,761,762,763,764,765,796,797,800,802,803,806,807,808,809,810,839,840,841,843,845,847,848,851,852,853,854,855,885,887,889,890,892,893,894,896,897,898,899,900,927,931,934,935,938,939,940,943,944,945,965,966,967,970,971,972,973,974,975,976,979,981,982,983,984,985,986,987,989,990,1011,1012,1015,1018,1019,1020,1021,1022,1023,1024,1025,1026,1027,1028,1029,1030,1031,1032,1033,1034,1035,1056,1062,1064,1065,1066,1067,1068,1069,1070,1071,1072,1073,1074,1075,1076,1077,1078,1080,1107,1108,1111,1113,1114,1115,1116,1117,1118,1119,1120,1121,1122,1123,1124,1125,1152,1153,1154,1155,1156,1157,1159,1160,1161,1162,1163,1164,1165,1166,1167,1168,1169,1170,1198,1199,1200,1201,1202,1203,1204,1205,1206,1207,1208,1209,1210,1211,1212,1213,1214,1215,1244,1245,1246,1247,1248,1249,1250,1251,1252,1253,1254,1255,1256,1257,1258,1259,1260,1290,1291,1292,1294,1295,1296,1297,1298,1299,1300,1301,1302,1303,1304,1305,1336,1337,1338,1339,1340,1341,1342,1343,1344,1345,1346,1347,1348,1349,1350
88,88,304
36,39,40,82,83,84,85,126,127,129,130,161,175,221,253,265,266,299,300,388,528,575,576,621,622,623,624,667,668,669,670,671,707,708,709,712,713,714,715,716,717,718,719,753,755,758,759,760,761,762,763,764,765,793,795,797,798,800,802,803,804,805,806,807,808,809,810,839,840,841,842,843,845,847,848,850,851,852,853,854,855,879,880,882,883,884,885,886,888,889,890,891,892,893,894,895,896,897,898,899,900,924,927,929,930,932,934,936,937,938,939,940,941,942,943,944,945,966,967,970,971,972,973,974,975,976,978,979,980,981,982,983,984,985,986,987,988,989,990,1015,1017,1018,1019,1020,1021,1022,1023,1024,1025,1026,1027,1028,1029,1030,1031,1032,1033,1034,1035,1056,1057,1058,1062,1063,1064,1065,1066,1067,1068,1069,1070,1071,1072,1073,1074,1075,1076,1077,1078,1079,1080,1100,1105,1106,1107,1108,1109,1110,1111,1113,1114,1115,1116,1117,1118,1119,1120,1121,1122,1123,1124,1125,1148,1150,1151,1152,1153,1154,1155,1156,1157,1158,1159,1160,1161,1162,1163,1164,1165,1166,1167,1168,1169,1170,1197,1198,1199,1200,1201,1202,1203,1204,1205,1206,1207,1208,1209,1210,1211,1212,1213,1214,1215,1239,1240,1243,1244,1245,1246,1247,1248,1249,1250,1251,1252,1253,1254,1255,1256,1257,1258,1259,1260,1285,1286,1287,1288,1289,1290,1291,1292,1293,1294,1295,1296,1297,1298,1299,1300,1301,1302,1303,1304,1305,1331,1332,1333,1334,1335,1336,1337,1338,1339,1340,1341,1342,1343,1344,1345,1346,1347,1348,1349,1350
141,141,332
35,36,37,38,39,84,129,130,174,175,176,219,220,221,266,267,268,286,311,312,313,314,354,355,356,357,358,360,398,399,400,401,402,403,405,444,445,446,447,448,449,450,490,491,492,493,494,495,528,537,538,539,540,580,581,583,585,621,627,628,629,630,669,670,671,673,674,675,709,710,716,717,718,719,720,751,755,756,763,764,765,788,789,790,791,792,797,798,800,801,802,803,810,835,836,837,838,839,842,843,844,845,846,847,848,849,880,881,882,883,884,888,889,890,891,892,893,894,895,896,926,927,928,929,930,933,934,935,936,937,938,939,940,941,942,943,964,973,974,975,976,978,979,980,981,982,983,984,985,986,987,988,989,990,1008,1009,1010,1011,1018,1020,1021,1022,1023,1024,1025,1026,1027,1028,1029,1030,1031,1032,1033,1034,1035,1054,1055,1056,1065,1066,1067,1068,1069,1070,1071,1072,1073,1074,1075,1076,1077,1078,1079,1080,1100,1101,1111,1112,1113,1114,1115,1116,1117,1118,1119,1120,1121,1122,1123,1124,1125,1143,1151,1152,1153,1154,1155,1156,1157,1158,1159,1160,1161,1162,1163,1164,1165,1166,1167,1168,1169,1170,1191,1192,1193,1194,1195,1196,1197,1198,1199,1200,1201,1202,1203,1204,1205,1206,1207,1208,1209,1210,1211,1212,1213,1214,1215,1237,1238,1239,1240,1241,1242,1243,1244,1245,1246,1247,1248,1249,1250,1251,1252,1253,1254,1255,1256,1257,1258,1259,1260,1282,1283,1284,1285,1286,1287,1288,1289,1290,1291,1292,1293,1294,1295,1296,1297,1298,1299,1300,1301,1302,1303,1304,1305,1322,1324,1325,1327,1328,1329,1330,1331,1332,1333,1334,1335,1336,1337,1338,1339,1340,1341,1342,1343,1344,1345,1346,1347,1348,1349,1350
80,80,393
449,450,492,493,494,495,534,536,537,538,539,540,578,579,580,581,582,583,584,585,624,625,626,627,628,629,630,665,666,667,668,669,670,671,672,673,674,675,707,709,710,711,712,713,714,715,716,717,718,719,720,752,754,755,756,757,758,759,760,761,762,763,764,765,795,797,798,799,800,801,802,803,804,805,806,807,808,809,810,837,838,839,840,841,842,843,844,845,846,847,848,849,850,851,852,853,854,855,883,884,885,886,887,888,889,890,891,892,893,894,895,896,897,898,899,900,923,924,925,926,927,928,929,930,931,932,933,934,935,936,937,938,939,940,941,942,943,944,945,967,968,969,970,971,972,973,974,975,976,977,978,979,980,981,982,983,984,985,986,987,988,989,990,1011,1012,1013,1014,1015,1016,1017,1018,1019,1020,1021,1022,1023,1024,1025,1026,1027,1028,1029,1030,1031,1032,1033,1034,1035,1056,1057,1058,1059,1060,1061,1062,1063,1064,1065,1066,1067,1068,1069,1070,1071,1072,1073,1074,1075,1076,1077,1078,1079,1080,1100,1101,1102,1103,1104,1105,1106,1107,1108,1109,1110,1111,1112,1113,1114,1115,1116,1117,1118,1119,1120,1121,1122,1123,1124,1125,1142,1143,1144,1145,1146,1147,1148,1149,1150,1151,1152,1153,1154,1155,1156,1157,1158,1159,1160,1161,1162,1163,1164,1165,1166,1167,1168,1169,1170,1187,1188,1189,1190,1191,1192,1193,1194,1195,1196,1197,1198,1199,1200,1201,1202,1203,1204,1205,1206,1207,1208,1209,1210,1211,1212,1213,1214,1215,1231,1232,1233,1234,1235,1236,1237,1238,1239,1240,1241,1242,1243,1244,1245,1246,1247,1248,1249,1250,1251,1252,1253,1254,1255,1256,1257,1258,1259,1260,1275,1276,1277,1278,1279,1280,1281,1282,1283,1284,1285,1286,1287,1288,1289,1290,1291,1292,1293,1294,1295,1296,1297,1298,1299,1300,1301,1302,1303,1304,1305,1316,1317,1318,1319,1320,1321,1322,1323,1324,1325,1326,1327,1328,1329,1330,1331,1332,1333,1334,1335,1336,1337,1338,1339,1340,1341,1342,1343,1344,1345,1346,1347,1348,1349,1350
21,21,456
315,359,360,400,401,402,403,404,405,443,444,445,446,447,448,449,450,485,489,490,491,492,493,494,495,531,532,533,534,535,536,537,538,539,540,573,576,577,578,579,580,581,582,583,584,585,617,618,619,620,621,622,623,624,625,626,627,628,629,630,662,663,664,665,666,667,668,669,670,671,672,673,674,675,707,708,709,710,711,712,713,714,715,716,717,718,719,720,747,748,751,752,753,754,755,756,757,758,759,760,761,762,763,764,765,792,793,794,795,797,798,799,800,801,802,803,804,805,806,807,808,809,810,830,831,832,833,834,835,837,838,839,840,841,842,843,844,845,846,847,848,849,850,851,852,853,854,855,875,876,877,878,879,881,882,883,884,885,886,887,888,889,890,891,892,893,894,895,896,897,898,899,900,919,920,921,922,923,924,925,926,927,928,929,930,931,932,933,934,935,936,937,938,939,940,941,942,943,944,945,961,962,963,964,965,966,967,968,969,970,971,972,973,974,975,976,977,978,979,980,981,982,983,984,985,986,987,988,989,990,1006,1007,1008,1009,1010,1011,1012,1013,1014,1015,1016,1017,1018,1019,1020,1021,1022,1023,1024,1025,1026,1028,1029,1032,1033,1034,1035,1049,1050,1051,1052,1053,1054,1055,1056,1057,1058,1059,1060,1061,1062,1063,1064,1065,1066,1067,1068,1069,1070,1071,1079,1080,1092,1093,1094,1095,1096,1097,1098,1099,1100,1101,1102,1103,1104,1105,1106,1107,1108,1109,1110,1111,1112,1113,1114,1115,1116,1119,1136,1137,1138,1139,1140,1141,1142,1143,1144,1145,1146,1147,1148,1149,1150,1151,1152,1153,1154,1155,1156,1157,1160,1161,1165,1176,1178,1179,1180,1181,1182,1183,1184,1185,1186,1187,1188,1189,1190,1191,1192,1193,1194,1195,1196,1197,1198,1199,1200,1201,1202,1203,1206,1208,1209,1210,1211,1219,1220,1221,1222,1223,1224,1225,1226,1227,1228,1229,1230,1231,1232,1233,1234,1235,1236,1237,1238,1239,1240,1241,1242,1243,1246,1247,1248,1251,1252,1253,1255,1262,1263,1264,1265,1266,1267,1268,1269,1270,1271,1272,1273,1274,1275,1276,1277,1278,1279,1280,1281,1282,1283,1284,1285,1286,1287,1288,1295,1296,1306,1307,1308,1309,1310,1311,1312,1313,1314,1315,1316,1317,1318,1319,1320,1321,1322,1323,1324,1325,1326,1327,1328,1329,1330,1331,1338,1339,1340,1341
129,129,507
38,39,40,45,80,81,82,83,84,85,86,87,88,89,90,124,125,126,127,128,129,130,131,132,133,134,135,170,171,172,173,174,175,176,179,180,214,215,216,218,219,220,221,222,224,225,255,256,257,258,259,260,261,262,263,264,265,266,269,270,298,299,300,301,302,303,304,305,306,307,308,309,310,311,312,313,314,315,344,345,346,347,348,349,350,351,352,353,354,355,356,357,358,359,360,391,392,393,394,395,396,397,398,399,400,401,402,403,404,405,438,439,440,441,442,443,444,445,446,447,448,449,450,476,479,483,484,485,486,487,488,489,490,491,492,493,494,495,522,523,524,525,526,527,529,530,531,532,533,534,535,536,537,538,539,540,569,570,571,572,573,574,579,580,581,582,583,584,600,601,602,603,604,614,615,616,617,618,619,620,621,626,627,628,643,644,645,646,647,648,649,660,661,662,663,664,665,667,686,688,689,690,691,692,693,694,695,696,697,701,703,707,708,712,713,714,730,731,732,733,734,735,736,737,738,739,740,741,742,743,745,746,747,748,749,750,755,756,757,758,759,775,776,777,778,779,780,781,782,783,784,785,786,787,788,789,790,791,792,793,794,795,801,802,803,804,814,815,816,818,819,820,821,822,823,824,825,826,827,828,829,830,831,832,833,834,835,836,837,838,839,850,859,860,861,862,863,864,865,866,867,868,869,870,871,872,873,874,875,876,877,878,880,881,902,903,904,905,906,907,908,909,910,911,912,913,914,915,916,917,918,919,920,921,922,923,924,929,946,947,948,949,950,951,952,953,954,955,956,957,958,959,960,961,962,963,964,965,966,967,991,992,993,994,995,996,997,998,999,1000,1001,1002,1003,1004,1005,1006,1007,1008,1009,1010,1011,1036,1037,1038,1039,1040,1041,1042,1043,1044,1045,1046,1047,1048,1049,1050,1051,1052,1053,1054,1055,1056,1081,1082,1083,1084,1085,1086,1087,1088,1089,1090,1091,1092,1093,1094,1095,1096,1097,1098,1099,1100,1101,1126,1127,1128,1129,1130,1131,1132,1133,1134,1135,1136,1137,1138,1139,1140,1141,1171,1172,1173,1174,1175,1176,1177,1178,1179,1180,1181,1182,1183,1184,1185,1186,1187,1216,1217,1218,1219,1220,1221,1222,1223,1224,1225,1226,1227,1228,1229,1230,1231,1232,1233,1261,1262,1263,1264,1265,1266,1267,1268,1269,1270,1271,1272,1273,1274,1275,1276,1277,1278,1306,1307,1308,1309,1310,1311,1312,1313,1314,1315,1316,1317,1318,1319,1320
6,6,431
21,22,24,25,26,27,28,29,30,31,32,33,34,35,36,37,38,39,40,41,42,43,44,45,67,68,69,70,71,72,73,74,75,76,77,78,79,80,81,82,83,84,85,86,87,88,89,90,113,114,115,116,117,118,119,120,121,122,123,124,125,126,127,128,129,130,131,132,133,159,160,161,162,163,164,165,166,167,168,169,170,171,172,173,174,175,176,177,200,201,204,205,206,207,208,209,210,211,212,213,214,215,216,217,218,219,220,221,222,246,247,251,252,253,254,255,256,257,258,259,260,261,262,263,264,265,266,275,277,291,292,293,294,298,299,300,301,302,303,304,305,306,307,308,309,317,319,320,321,322,336,337,338,339,340,341,344,345,346,347,348,349,350,351,352,363,364,365,366,367,371,372,373,374,375,376,377,382,383,384,385,386,387,391,392,393,394,395,408,409,410,411,412,413,416,417,418,419,420,421,422,423,428,429,430,431,432,433,440,453,454,455,456,457,458,459,460,461,462,463,464,465,466,467,468,476,477,478,479,496,497,498,499,500,501,502,503,504,505,506,507,508,509,510,511,512,513,514,522,523,524,541,542,543,544,545,546,547,548,549,550,551,552,553,554,555,556,557,558,559,560,586,587,588,589,590,591,592,593,594,595,596,597,598,599,600,601,602,603,607,631,632,633,634,635,636,637,638,639,640,641,642,643,644,645,646,647,648,650,651,676,677,678,679,680,681,682,683,684,685,686,687,688,689,690,721,722,723,724,725,726,727,728,729,730,731,732,733,734,766,767,768,769,770,771,772,773,774,775,776,777,778,779,811,812,813,814,815,816,817,818,819,820,821,822,823,824,856,857,858,859,860,861,862,863,864,865,866,867,868,869,901,902,903,904,905,906,907,908,909,910,911,912,946,947,948,949,950,951,952,953,954,955,956,957,991,992,993,994,995,996,997,998,1036,1037,1038,1039,1040,1041,1042,1081,1082,1083,1084,1085,1086,1126,1127,1128,1129,1171
20,20,305
1,2,3,4,5,6,7,8,9,10,11,12,13,14,15,16,17,18,19,20,21,22,23,24,25,26,27,28,29,30,31,32,33,34,35,36,37,46,47,48,49,50,51,52,53,54,55,56,57,58,59,60,61,62,63,64,65,66,67,68,69,70,71,72,73,74,75,76,77,78,79,80,91,92,93,94,95,96,97,98,99,100,101,102,103,104,105,106,107,108,109,110,111,112,113,114,115,116,117,118,119,120,121,122,123,124,136,137,138,139,140,141,142,143,144,145,146,147,149,150,151,152,153,154,155,156,157,158,159,160,161,162,164,165,181,182,183,184,185,186,187,188,189,190,191,192,193,195,196,197,198,199,200,201,202,204,205,206,207,226,227,228,229,230,231,232,233,234,235,236,237,238,242,243,244,245,246,247,271,272,273,274,275,276,277,278,279,280,281,282,283,284,285,288,289,290,291,292,293,294,316,317,318,319,320,321,322,323,324,325,326,327,328,329,330,331,338,361,362,363,364,365,366,367,368,369,370,371,372,373,374,375,406,407,408,409,410,411,412,413,414,415,416,417,418,419,451,452,453,454,455,456,457,458,459,460,461,462,463,464,496,497,498,499,500,501,502,503,504,505,508,541,542,543,544,545,546,547,548,549,586,587,588,589,590,591,592,593,631,632,633,634,635,636,637,676,677,678,679,680,721,722,723,766,767
8,8,220
1,2,3,4,5,6,7,8,9,10,11,12,13,14,15,16,17,18,19,20,21,22,23,24,25,26,27,28,29,30,31,32,33,34,35,36,46,47,48,49,50,51,52,53,54,55,56,57,58,59,60,61,62,63,64,65,66,67,68,72,73,74,75,76,77,78,91,92,93,94,95,96,97,98,99,100,101,102,103,104,105,106,107,108,109,110,111,112,118,136,137,138,139,140,141,142,143,144,145,146,147,148,149,150,151,152,153,154,155,156,160,181,182,183,184,185,186,187,188,189,190,191,192,193,194,195,196,197,198,199,200,226,227,228,229,230,231,232,233,234,235,236,237,238,239,240,241,242,243,244,271,272,273,274,275,276,277,278,279,280,281,282,283,284,285,316,317,318,319,320,321,322,323,324,325,326,327,328,361,362,363,364,365,366,367,368,369,370,371,406,407,408,409,410,411,412,413,414,451,452,453,454,455,456,457,496,497,498,499,500,501,541,542,543,544,586,587,588,631,632
31,31,188
1,2,3,4,5,6,7,8,9,10,11,12,13,14,15,27,28,29,30,31,32,33,34,35,36,37,38,39,40,41,44,46,47,48,49,50,51,52,53,54,55,56,57,58,60,62,74,75,76,77,78,79,80,81,82,83,84,85,89,90,91,92,93,94,95,96,97,98,99,107,108,118,119,120,121,122,123,124,125,126,127,128,129,130,134,135,136,137,138,139,140,153,154,160,164,165,166,167,168,169,170,171,172,173,174,181,182,183,184,199,206,207,210,214,215,216,217,218,225,226,227,228,246,247,252,253,255,256,260,261,265,271,272,273,292,298,309,316,347,353,354,361,384,385,393,395,399,400,407,431,432,440,441,444,445,451,452,478,485,488,490,492,493,494,496,525,537,538,539,541,548,571,572,618,664,665,676,713,721,758,767,812,856,946,1008,1055,1056,1057
13,13,160
1,2,14,27,28,29,30,31,32,33,34,35,36,37,38,39,40,41,44,45,46,50,58,73,74,75,76,77,78,79,80,81,82,83,84,85,90,119,120,121,122,123,124,125,126,127,128,129,130,131,135,137,153,154,164,166,167,168,169,170,171,172,173,174,175,180,210,211,213,214,215,216,217,218,219,227,228,255,256,260,261,262,263,264,265,271,306,309,347,348,350,354,355,385,392,393,394,395,399,400,431,437,438,440,443,444,445,446,450,478,485,486,487,488,489,490,491,492,493,494,495,501,524,525,536,537,538,539,571,583,618,664,665,666,710,711,712,713,756,757,758,759,803,805,852,898,899,1008,1009,1010,1011,1053,1054,1055,1056,1057,1085,1101,1102,1188
142,142,19
32,34,36,38,77,78,79,80,82,123,124,125,128,170,171,173,216,263,756
120,120,75
29,30,31,32,33,34,35,36,37,38,39,40,43,75,76,77,78,79,80,81,82,83,84,85,89,90,121,122,123,124,125,126,127,128,129,130,166,167,168,169,170,171,172,173,174,175,212,213,214,215,216,217,218,225,255,259,260,261,262,263,264,350,351,396,397,431,443,617,618,663,664,801,802,849,952
50,50,22
31,32,33,34,36,37,38,39,77,78,79,84,124,125,128,129,173,215,216,217,261,262
37,37,2
198,714
76,76,51
17,62,63,108,109,154,155,193,200,201,247,293,294,339,341,386,432,479,621,671,713,714,715,716,717,760,761,762,763,764,765,810,1070,1072,1115,1163,1164,1211,1255,1282,1300,1303,1325,1326,1327,1328,1329,1330,1331,1332,1348
56,56,61
15,16,17,61,62,108,109,111,154,155,158,192,193,200,201,203,237,284,285,293,324,331,339,340,385,432,433,479,621,666,699,713,714,715,716,717,760,761,762,763,764,808,809,1071,1072,1118,1163,1213,1255,1281,1282,1300,1302,1304,1305,1326,1327,1328,1329,1330,1332
19,19,56
15,16,17,20,61,62,63,67,68,108,109,154,191,193,200,201,202,238,239,286,293,385,386,432,433,478,479,603,666,714,715,716,717,760,761,762,763,808,809,1062,1071,1072,1210,1211,1255,1280,1282,1283,1300,1303,1305,1327,1328,1329,1330,1348
139,139,74
16,17,20,22,23,61,62,63,64,65,66,67,69,98,107,108,109,111,154,155,160,192,193,200,201,202,205,236,238,248,284,293,294,331,340,385,431,432,433,478,479,514,525,712,713,714,715,716,717,743,759,760,761,763,808,809,947,973,1063,1118,1163,1210,1255,1257,1283,1300,1301,1302,1328,1329,1330,1331,1347,1349
23,23,59
16,17,20,61,62,63,68,108,109,154,156,160,193,200,201,202,238,248,251,259,293,294,331,338,339,340,385,386,431,432,478,479,525,666,712,713,716,743,759,760,761,763,807,924,971,1019,1190,1213,1236,1237,1282,1300,1301,1327,1328,1329,1330,1332,1348
25,25,114
15,16,19,20,21,22,61,62,63,65,66,67,68,107,108,109,110,111,112,113,143,153,154,155,156,157,158,160,188,192,193,199,200,201,202,203,204,205,206,238,246,247,248,249,284,292,293,294,296,331,338,339,340,375,379,385,386,429,431,432,478,672,699,712,713,714,760,761,763,807,808,809,810,853,854,855,903,971,978,1018,1019,1038,1071,1072,1073,1109,1118,1119,1209,1211,1235,1236,1254,1255,1256,1257,1281,1282,1283,1300,1301,1302,1303,1305,1326,1328,1329,1330,1332,1346,1347,1348,1349,1350
139,139,67
15,16,20,61,62,65,66,107,108,110,111,112,153,154,155,156,157,158,199,200,201,202,204,206,238,245,249,250,292,293,338,339,376,385,386,431,432,468,477,478,524,650,697,699,712,714,758,759,760,761,762,805,806,807,808,852,853,854,897,971,1018,1064,1164,1190,1213,1255,1300
52,52,57
15,16,19,20,61,62,65,107,110,111,112,153,156,157,159,199,201,202,203,204,245,247,250,292,293,296,338,339,384,385,430,431,432,477,478,524,699,714,758,759,760,761,762,805,806,807,808,852,853,854,899,1235,1236,1256,1300,1346,1348
137,137,27
15,62,65,88,111,112,153,156,158,199,201,203,205,247,250,292,293,430,431,477,478,805,806,807,852,853,899
9,9,67
15,16,19,20,62,65,66,107,111,112,153,155,156,157,158,192,198,199,201,202,203,204,205,246,247,248,249,250,292,293,296,338,339,384,385,421,430,431,467,468,476,477,478,508,523,524,570,699,757,758,759,760,761,804,805,806,807,808,851,852,853,898,899,1236,1300,1303,1346
18,18,28
15,62,110,124,153,157,199,203,246,247,248,293,384,430,431,476,477,523,524,758,761,803,804,805,807,852,1300,1346
18,18,22
15,84,112,156,158,201,246,338,339,341,385,430,431,476,477,523,803,804,805,807,898,1327
52,52,42
16,19,61,65,66,107,111,112,153,156,158,201,204,245,246,250,291,292,337,338,341,421,430,467,476,477,523,558,569,570,697,761,763,803,804,805,807,850,851,1234,1280,1327
35,35,26
15,19,20,61,65,111,112,153,156,158,245,337,338,341,430,476,477,523,569,570,605,803,1190,1234,1235,1327
13,13,77
14,15,18,19,20,60,61,64,65,106,107,110,111,151,152,156,157,198,200,201,202,203,244,245,246,247,249,291,292,293,294,295,336,337,338,339,374,383,384,419,421,429,430,462,467,475,476,509,510,511,513,522,558,569,650,744,806,807,923,944,1084,1190,1191,1233,1234,1235,1236,1277,1278,1279,1280,1281,1323,1324,1325,1326,1327
2,2,10
19,64,110,152,290,293,420,467,475,1324
141,141,22
15,18,61,64,65,152,155,156,198,201,236,244,290,338,420,467,475,602,1277,1278,1324,1325
124,124,19
18,61,64,106,110,155,201,293,336,474,475,521,568,615,1232,1278,1323,1324,1325
135,135,11
18,64,110,336,374,521,904,1277,1278,1324,1325
65,65,14
19,374,382,428,475,521,924,1233,1278,1279,1323,1324,1325,1326
2,2,16
19,64,65,110,374,382,428,474,521,614,1232,1233,1278,1323,1324,1325
43,43,26
64,65,109,110,152,156,199,201,328,374,420,428,464,474,475,521,614,1232,1233,1277,1278,1279,1309,1323,1324,1325
43,43,25
19,64,65,110,120,156,247,328,374,375,420,428,465,474,475,521,614,649,660,1233,1277,1278,1323,1324,1325
53,53,84
13,14,17,18,19,59,60,61,62,63,64,105,106,107,109,110,150,151,152,153,154,155,196,197,198,200,201,235,236,243,244,246,247,256,289,334,335,373,374,381,419,420,421,427,428,429,465,466,473,474,511,512,513,520,521,566,567,600,613,649,789,835,880,882,895,896,1017,1018,1128,1173,1232,1233,1234,1277,1278,1279,1309,1321,1322,1323,1324,1325,1326,1327
33,33,59
13,14,17,18,59,60,62,64,105,106,109,110,150,151,152,153,154,155,196,197,199,200,201,243,245,246,247,289,290,291,292,334,335,374,381,420,421,427,428,465,466,473,475,511,512,519,520,521,613,649,659,987,1233,1277,1278,1323,1324,1326,1327
114,114,22
60,105,151,152,154,196,197,200,289,420,427,428,466,474,511,520,566,1232,1276,1277,1278,1323
33,33,21
18,61,62,105,109,151,154,196,200,243,289,374,420,465,466,473,511,520,566,1277,1323
90,90,9
17,196,200,466,520,1276,1277,1323,1327
26,26,2
244,1030
55,55,65
1036,1037,1038,1081,1082,1083,1084,1126,1127,1128,1129,1130,1131,1171,1172,1173,1174,1175,1176,1177,1178,1179,1180,1181,1216,1217,1218,1219,1220,1221,1222,1223,1224,1225,1226,1227,1261,1262,1263,1264,1265,1266,1267,1268,1269,1270,1271,1272,1273,1274,1306,1307,1308,1309,1310,1311,1312,1313,1314,1315,1316,1317,1318,1319,1320
78,78,192
676,721,722,766,767,768,811,812,813,814,815,856,857,858,859,860,861,862,863,901,902,903,904,905,906,907,908,909,946,947,948,949,950,951,952,953,954,955,957,991,992,993,994,995,996,997,998,999,1000,1001,1002,1036,1037,1038,1039,1040,1041,1042,1043,1044,1045,1046,1047,1048,1049,1050,1051,1052,1053,1081,1082,1083,1084,1085,1086,1087,1088,1089,1090,1091,1092,1093,1094,1095,1096,1097,1098,1099,1126,1127,1128,1129,1130,1131,1132,1133,1134,1135,1136,1137,1138,1139,1140,1141,1142,1143,1144,1145,1146,1171,1172,1173,1174,1175,1176,1177,1178,1179,1180,1181,1182,1183,1184,1185,1186,1187,1189,1190,1191,1192,1193,1194,1195,1217,1218,1219,1220,1221,1222,1223,1224,1225,1226,1227,1228,1229,1230,1236,1238,1239,1241,1262,1263,1264,1265,1266,1267,1268,1269,1270,1271,1272,1273,1274,1275,1276,1283,1286,1287,1288,1289,1307,1308,1309,1310,1311,1312,1313,1314,1315,1316,1317,1318,1319,1324,1329,1330,1331,1332,1333,1334,1335
31,31,355
271,316,317,318,361,362,363,364,406,407,408,409,410,411,451,452,453,454,455,456,457,458,496,497,498,499,500,501,502,503,504,505,506,507,508,541,542,543,544,545,546,547,548,549,550,551,552,553,586,587,588,589,590,591,592,593,594,595,596,597,598,599,600,631,632,633,634,635,636,637,638,639,640,641,642,643,644,645,646,676,677,678,679,680,681,682,683,684,685,686,687,688,689,690,691,692,693,694,721,722,723,724,725,726,727,728,729,730,731,732,733,734,735,736,737,738,739,740,741,742,766,767,768,769,770,771,772,773,774,775,776,777,778,779,780,781,782,783,784,785,786,787,788,789,790,791,792,811,812,813,814,815,816,817,818,819,820,821,822,823,824,825,826,827,828,829,830,831,832,833,834,835,836,837,838,840,857,858,859,860,861,862,863,864,865,866,867,868,869,870,871,872,873,874,875,876,877,878,879,880,881,882,883,884,885,886,887,902,903,904,905,906,907,908,909,910,913,914,915,916,917,918,919,920,921,922,923,924,925,926,927,928,929,930,931,932,933,934,949,950,951,953,957,962,966,967,968,969,970,971,972,973,974,975,976,977,978,979,980,995,1013,1014,1015,1016,1017,1018,1019,1020,1021,1022,1023,1024,1025,1026,1060,1061,1062,1064,1065,1066,1067,1068,1069,1070,1071,1072,1073,1106,1107,1108,1111,1112,1113,1114,1115,1116,1117,1118,1119,1120,1121,1137,1138,1139,1152,1153,1154,1158,1160,1161,1162,1163,1164,1165,1166,1167,1168,1183,1197,1198,1200,1202,1206,1207,1208,1209,1210,1211,1212,1213,1214,1215,1245,1247,1253,1254,1255,1256,1257,1258,1259,1260,1292,1293,1299,1300,1301,1302,1303,1304,1305,1347,1348,1349,1350
134,134,490
1,2,3,4,5,46,47,48,49,50,51,52,53,54,55,91,92,93,94,95,96,97,98,99,100,101,102,136,137,138,139,140,141,142,143,144,145,146,147,148,181,182,183,184,185,186,187,188,189,190,191,192,193,194,226,227,228,229,230,231,232,233,234,235,236,237,238,239,240,271,272,273,274,275,276,277,278,279,280,281,282,283,284,285,286,316,317,318,319,320,321,322,323,324,325,326,327,328,329,330,331,332,334,336,337,338,339,342,343,361,362,363,364,366,367,368,369,370,371,372,373,374,375,376,377,378,381,382,383,384,385,386,387,388,389,390,406,407,408,409,411,412,413,414,415,416,417,418,419,420,421,422,423,424,427,428,429,430,431,432,433,434,435,436,437,451,452,453,454,456,457,458,459,460,461,462,463,464,465,466,467,468,469,470,472,473,474,475,476,477,478,479,480,481,482,483,484,485,497,498,499,500,506,507,508,509,510,511,512,513,514,515,516,517,518,519,520,521,522,523,524,525,526,527,528,529,530,531,543,544,545,551,552,553,554,555,556,557,558,559,560,561,562,563,565,566,567,568,569,570,571,572,573,574,575,576,577,578,588,589,590,597,598,599,600,601,602,603,604,605,606,607,608,609,612,613,614,615,616,617,618,619,620,621,622,623,624,625,634,642,643,644,646,647,648,649,650,651,652,654,655,656,658,659,660,661,662,663,664,665,666,667,668,669,670,671,688,689,693,694,695,696,697,698,700,701,702,704,705,706,707,708,709,710,711,712,713,714,715,716,717,718,734,740,741,742,743,744,747,748,750,751,752,753,754,755,756,757,758,759,760,761,762,763,764,765,779,786,787,788,789,790,791,792,793,794,795,797,798,799,800,801,802,803,804,805,806,807,808,809,810,832,833,834,835,836,837,838,839,840,841,843,844,845,846,847,848,849,850,851,852,853,854,855,878,879,880,882,883,884,885,886,887,888,890,891,892,893,894,895,896,897,898,899,900,922,923,924,925,928,929,931,932,933,934,937,938,939,940,941,942,943,944,945,968,972,973,974,978,979,980,985,986,987,988,989,990,1018,1020,1024,1026,1031,1032,1033,1034,1035,1064,1065,1066,1072,1073,1078,1079,1080,1110,1117,1125,1158,1165,1204
134,134,500
1,2,3,4,5,6,7,8,9,10,11,14,15,16,17,18,19,20,21,22,23,24,25,26,27,28,29,30,31,32,45,46,47,48,49,50,51,52,53,54,55,56,60,61,62,63,64,65,66,67,68,69,70,71,72,73,74,75,76,77,78,79,81,91,92,93,95,96,97,98,99,100,101,102,106,107,108,109,110,111,112,113,114,115,116,117,118,119,120,121,122,123,124,125,126,127,128,136,137,139,142,143,144,145,146,147,148,152,153,154,155,156,157,158,159,160,161,162,163,164,165,166,167,168,169,170,171,172,173,174,181,182,183,188,189,190,191,192,193,194,199,200,201,202,203,204,205,206,207,208,209,210,211,212,213,214,215,216,217,218,219,220,221,222,227,231,234,235,236,237,238,239,245,246,247,248,249,250,251,252,253,254,255,256,257,258,259,260,261,262,263,264,265,266,267,268,269,280,281,282,283,284,285,291,292,293,294,295,296,297,298,299,300,301,302,303,304,305,306,307,308,309,310,311,312,313,314,315,325,326,327,328,329,330,331,332,336,337,338,339,340,341,342,343,344,345,346,347,348,349,350,351,352,353,354,355,356,357,358,359,360,371,372,373,374,375,376,377,382,383,384,385,386,387,388,389,390,391,392,393,394,395,396,397,398,399,400,401,402,403,404,405,417,418,419,420,421,422,423,428,429,430,431,432,433,434,435,436,437,438,439,440,441,442,443,444,445,446,447,448,449,450,463,464,465,466,467,468,469,474,475,476,477,478,479,480,481,482,483,484,485,486,487,488,489,490,491,492,493,494,495,509,512,513,514,515,522,523,524,525,526,527,528,529,530,531,532,533,534,535,536,537,538,539,540,557,559,560,568,569,570,571,572,573,574,575,576,577,578,579,580,581,582,583,584,585,604,605,609,614,615,616,617,618,619,620,621,622,623,624,625,626,627,628,629,630,650,661,662,663,664,665,666,667,668,669,670,671,672,673,674,675,701,707,708,709,710,711,712,713,714,715,716,717,718,719,720,742,753,754,755,756,757,758,759,760,761,762,763,764,765,801,802,803,804,805,806,807,808,809,810,847,848,849,850,851,852,853,854,855,893,894,895,896,897,898,899,900,940,941,942,943,944,945,987,988,989,990,1034,1035
130,130,459
1,2,3,4,5,6,7,8,9,10,11,12,13,14,15,16,17,18,19,20,21,22,23,24,25,26,27,28,29,30,31,32,33,34,35,36,37,38,39,40,41,42,43,44,45,48,49,50,51,52,53,54,55,56,57,58,59,60,61,62,63,64,65,66,67,68,69,70,71,72,73,74,75,76,77,78,79,80,81,82,83,84,85,86,87,88,89,90,94,95,96,97,98,99,100,101,102,103,104,105,106,107,108,109,110,111,112,113,114,115,116,117,118,119,120,121,122,123,124,125,126,127,128,129,130,131,132,133,134,135,143,144,145,146,147,148,149,150,151,152,153,154,155,156,157,158,159,160,161,162,163,164,165,166,167,168,169,170,171,172,173,174,175,176,177,178,179,180,189,190,191,193,194,196,197,198,199,200,201,202,203,204,205,206,207,208,209,210,211,212,213,214,215,216,217,218,219,220,221,222,223,224,225,235,237,239,240,242,243,244,245,246,247,248,249,250,251,252,253,254,255,256,257,258,259,260,261,262,263,264,265,266,267,268,269,270,283,285,289,290,291,292,293,294,295,296,297,298,299,300,301,302,303,304,305,306,307,308,309,310,311,312,313,314,315,331,332,335,336,337,338,339,340,341,342,343,344,345,346,347,348,349,350,351,352,353,354,355,356,357,358,359,360,376,377,381,382,383,384,385,386,387,388,389,390,391,392,393,394,395,396,397,398,399,400,401,402,403,404,405,423,427,428,429,430,431,432,433,434,435,436,437,438,439,440,441,442,443,444,445,446,447,448,449,450,473,474,476,477,478,479,480,481,482,483,484,485,486,487,488,489,490,491,492,493,494,495,519,520,521,523,524,525,526,527,528,529,530,531,532,533,534,535,536,537,538,539,540,567,569,570,571,572,573,574,575,576,577,578,579,580,581,582,583,584,585,615,616,617,618,619,620,621,622,623,624,625,626,627,628,629,630,662,663,664,665,666,667,668,669,670,671,672,673,674,675,708,709,710,711,712,713,714,715,716,717,718,719,720,759,760,761,762,763,764,765,807,810,855
73,73,394
7,8,9,10,11,12,13,14,15,16,17,18,19,20,21,22,23,24,25,26,27,28,29,30,31,32,33,34,35,36,37,38,39,40,41,42,43,44,45,54,55,56,57,58,59,60,61,62,63,64,65,66,67,68,69,70,71,72,73,74,75,76,77,78,79,80,81,82,83,84,85,86,87,88,89,90,99,102,103,104,105,106,107,108,109,110,111,112,113,114,115,116,117,118,119,120,121,122,123,124,125,126,127,128,129,130,131,132,133,134,135,148,149,150,152,153,154,155,156,157,158,159,160,161,162,163,164,165,166,167,168,169,170,171,172,173,174,175,176,177,178,179,180,194,196,197,198,199,200,201,202,203,204,205,206,207,208,209,210,211,212,213,214,215,216,217,218,219,220,221,222,223,224,225,240,241,243,244,245,246,247,248,249,250,251,252,253,254,255,256,257,258,259,260,261,262,263,264,265,266,267,268,269,270,290,291,292,293,294,295,296,297,298,299,300,301,302,303,304,305,306,307,308,309,310,311,312,313,314,315,335,336,337,338,339,340,341,342,343,344,345,346,347,348,349,350,351,352,353,354,355,356,357,358,359,360,381,382,383,384,385,386,387,388,389,390,391,392,393,394,395,396,397,398,399,400,401,402,403,404,405,428,429,430,431,432,433,434,435,436,437,438,439,440,441,442,443,444,445,446,447,448,449,450,476,477,478,479,480,481,482,483,484,485,486,487,488,489,490,491,492,493,494,495,519,523,524,525,526,527,528,529,530,531,532,533,534,535,536,537,538,539,540,570,571,572,573,574,575,576,577,578,579,580,581,582,583,584,585,617,618,619,620,621,622,623,624,625,626,627,628,629,630,663,665,666,667,668,669,670,671,672,673,674,675,712,713,718,719,720,746,765,810,831
66,66,370
9,11,12,13,14,15,16,17,18,19,20,21,22,23,24,25,26,27,28,29,30,31,32,33,34,35,36,37,38,39,40,41,42,43,44,45,58,59,60,61,62,63,64,65,66,67,68,69,70,71,72,73,74,75,76,77,78,79,80,81,82,83,84,85,86,87,88,89,90,106,107,108,109,110,111,112,113,114,115,116,117,118,119,120,121,122,123,124,125,126,127,128,129,130,131,132,133,134,135,148,152,153,154,155,156,157,158,159,160,161,162,163,164,165,166,167,168,169,170,171,172,173,174,175,176,177,178,179,180,193,197,198,199,200,201,202,203,204,205,206,207,208,209,210,211,212,213,214,215,216,217,218,219,220,221,222,223,224,225,243,244,245,246,247,248,249,250,251,252,253,254,255,256,257,258,259,260,261,262,263,264,265,266,267,268,269,270,290,291,292,293,294,295,296,297,298,299,300,301,302,303,304,305,306,307,308,309,310,311,312,313,314,315,335,336,337,338,339,340,341,342,343,344,345,346,347,348,349,350,351,352,353,354,355,356,357,358,359,360,380,382,384,385,386,388,389,390,391,392,393,394,395,396,397,398,399,400,401,402,403,404,405,428,429,430,431,432,433,434,435,436,437,438,439,440,441,442,443,444,445,446,447,448,449,450,473,474,476,477,478,479,480,481,482,483,484,485,486,487,488,489,490,491,492,493,494,495,519,522,523,525,526,527,528,529,530,531,532,533,534,535,536,538,539,540,565,566,567,568,569,570,572,573,574,575,576,577,578,580,584,585,612,616,617,618,619,620,621,622,623,624,625,630,654,662,663,664,666,667,668,669,675,708,710,711,713,714,746,756,792
67,67,335
14,15,16,17,18,19,20,21,22,23,24,25,26,27,28,29,30,31,32,33,34,35,36,37,38,39,40,41,42,43,44,45,60,61,62,63,64,65,66,67,68,69,70,71,72,73,74,75,76,77,78,79,80,81,82,83,84,85,86,87,88,89,90,106,107,108,109,110,112,113,114,115,116,117,118,119,120,121,122,123,124,125,126,127,128,129,130,131,132,133,134,135,152,154,155,156,157,158,159,160,161,162,163,164,165,166,167,168,169,170,171,172,173,174,175,176,177,178,179,180,198,199,200,201,202,203,204,205,206,207,208,209,210,211,212,213,214,215,216,217,218,219,220,221,222,223,224,225,244,246,247,248,249,250,251,252,253,254,255,256,257,258,259,260,261,262,263,264,265,266,267,268,269,270,289,291,292,293,294,295,296,297,298,299,300,301,302,303,304,305,306,307,308,309,310,311,312,313,314,315,330,337,339,340,341,342,343,344,346,347,348,349,350,351,352,353,354,355,356,357,358,359,360,376,377,384,385,386,388,389,390,391,392,393,394,395,396,397,399,400,403,404,405,422,428,429,430,431,433,435,436,437,438,439,440,441,442,443,448,449,450,474,476,477,480,481,482,483,484,485,486,487,488,493,494,495,516,519,525,526,527,528,529,530,531,532,533,534,540,562,568,570,572,573,574,575,576,577,578,585,608,612,614,616,618,619,620,621,622,623,624,654,659,664,665,666,667,668,700,708,713,746,747,792,793,843,931,1027,1028,1074,1163,1164,1210,1214,1260
92,92,303
8,13,14,15,16,17,18,19,20,21,22,23,24,25,26,28,29,30,31,32,33,34,35,36,37,38,39,40,41,42,43,44,45,60,61,62,63,64,65,67,68,69,70,72,73,74,75,76,77,78,79,80,81,82,83,84,85,86,87,88,89,90,106,107,108,109,110,111,112,113,114,115,116,118,120,121,122,123,124,125,126,127,128,129,130,131,132,133,134,135,148,152,153,154,155,156,157,158,160,161,162,163,166,167,170,171,173,174,175,176,177,178,179,180,189,193,200,201,202,203,204,206,207,211,212,214,215,216,217,219,220,221,222,223,224,225,246,247,248,251,252,253,255,256,257,260,263,265,266,267,268,269,270,291,292,293,295,297,301,302,303,304,305,306,307,309,311,312,313,314,315,331,337,339,340,342,347,348,349,350,351,352,356,357,358,360,377,384,385,386,388,389,391,392,393,394,395,397,398,399,400,404,405,422,425,429,430,431,433,435,436,437,438,439,440,441,448,449,450,468,474,476,477,480,481,482,483,484,485,486,487,489,495,514,516,522,523,526,527,528,529,530,531,532,533,534,562,568,570,572,573,574,575,576,577,578,608,612,614,618,619,620,621,622,623,624,653,654,659,665,666,667,668,669,670,699,700,711,714,745,746,791,792,793,836,837,838,839,840,934,979,1024,1025,1026,1027,1072,1117,1120,1163,1210,1259,1260,1348
96,96,268
14,15,19,20,21,23,24,28,30,31,32,33,35,36,37,38,39,41,42,43,44,45,52,58,60,61,64,65,66,67,68,73,74,75,76,81,82,83,84,88,89,90,103,112,113,118,120,121,122,127,129,130,131,133,135,149,152,156,157,158,163,165,166,176,177,178,179,180,193,194,201,203,206,207,208,221,222,239,246,247,248,251,252,253,255,263,267,284,285,287,291,292,295,297,298,299,303,304,305,315,324,330,331,337,339,340,344,347,348,349,350,351,376,377,378,384,385,386,389,393,394,395,396,397,404,422,425,431,433,436,438,439,440,441,442,450,468,470,474,476,477,480,481,482,484,485,486,487,488,495,514,516,517,519,526,527,528,529,530,531,532,533,535,562,563,566,568,570,571,572,573,575,576,577,578,579,580,607,608,616,617,618,619,620,621,622,624,652,653,654,664,665,666,667,669,698,699,700,701,711,712,713,714,745,746,747,758,759,790,791,792,793,797,830,836,837,838,839,840,841,884,885,886,929,930,931,933,975,977,978,979,1022,1023,1024,1025,1026,1027,1028,1068,1069,1070,1071,1072,1073,1074,1115,1116,1117,1120,1161,1162,1163,1164,1165,1166,1208,1209,1210,1211,1213,1214,1243,1258,1259,1260,1289,1304,1348
142,142,229
15,19,20,31,32,33,65,66,67,71,74,76,77,83,110,112,118,119,120,121,122,123,124,152,156,157,162,163,165,166,170,175,193,194,208,209,239,246,247,248,252,253,254,267,284,285,287,291,292,297,298,299,301,302,303,304,305,312,324,330,331,337,339,340,344,347,348,349,350,351,369,376,377,385,388,389,392,393,394,395,396,397,422,423,430,431,433,434,435,436,437,438,439,440,441,442,468,470,476,477,479,480,481,482,483,484,485,486,487,488,495,516,519,525,526,527,528,529,530,531,532,533,534,560,562,563,566,567,570,571,572,573,574,575,576,577,578,579,607,608,612,616,617,618,619,620,621,622,624,625,653,654,663,664,665,666,667,668,669,670,699,700,701,710,711,712,713,714,745,746,747,757,790,791,792,793,837,838,839,840,841,883,884,885,886,929,930,932,933,975,977,978,979,1022,1023,1024,1025,1026,1027,1028,1068,1070,1071,1072,1073,1074,1115,1116,1117,1118,1119,1120,1161,1162,1163,1164,1165,1166,1209,1210,1213,1214,1259,1260,1289,1290,1304,1305,1350
38,38,248
14,15,17,20,21,65,66,111,112,156,157,201,202,203,247,248,292,293,294,305,306,338,339,340,350,351,352,383,384,385,386,394,395,396,397,398,429,430,431,432,442,443,467,468,474,475,476,477,478,485,488,489,513,514,520,521,522,523,534,536,559,560,565,566,567,568,569,577,582,583,604,605,606,611,612,613,614,615,622,627,628,646,647,648,650,651,652,657,658,659,660,691,692,693,694,696,697,698,699,702,703,704,705,706,736,737,738,739,742,743,744,745,746,748,749,750,751,752,781,782,783,784,785,788,789,790,791,792,794,795,796,797,798,827,828,829,830,831,833,834,835,836,837,838,840,841,842,843,844,845,873,874,875,876,880,881,882,883,886,887,888,889,890,891,921,926,927,928,929,932,933,934,935,936,937,967,972,973,974,975,978,979,980,981,982,983,984,1012,1013,1018,1019,1020,1021,1024,1025,1027,1028,1029,1030,1031,1057,1058,1059,1060,1065,1066,1067,1072,1075,1076,1077,1078,1102,1103,1104,1105,1122,1123,1124,1142,1143,1144,1145,1146,1147,1148,1149,1150,1151,1169,1170,1186,1187,1194,1195,1196,1197,1201,1215,1247,1248,1292,1293,1294,1323,1338,1339,1340
9,9,182
31,35,75,80,81,119,120,121,122,123,124,126,128,157,163,164,166,167,168,169,172,173,174,208,220,248,252,253,264,265,292,293,310,311,338,339,340,342,343,348,349,350,351,352,359,383,384,385,388,389,392,393,394,395,396,402,429,433,434,435,438,439,441,449,474,477,478,479,480,481,482,483,485,494,495,519,520,524,525,526,527,528,529,530,531,539,540,565,566,570,571,572,573,574,575,576,577,611,616,617,618,619,622,654,657,662,663,664,665,699,700,703,704,709,710,711,712,745,746,749,754,756,791,792,802,838,839,840,883,884,885,886,929,930,931,932,972,973,976,977,978,979,980,1020,1021,1022,1023,1024,1025,1026,1067,1068,1069,1070,1071,1072,1115,1116,1117,1118,1159,1161,1162,1163,1165,1208,1209,1211,1252,1253,1254,1255,1256,1257,1258,1300,1301,1302,1303,1304,1348,1350
45,45,171
31,34,36,69,74,75,79,80,81,82,118,119,120,121,122,124,125,126,129,157,163,164,165,166,168,169,172,174,248,253,264,265,293,294,297,298,310,311,338,339,340,342,343,348,349,350,351,383,384,385,388,389,392,393,394,395,396,402,403,429,433,434,435,437,438,439,449,474,477,478,479,480,481,482,483,484,494,495,519,524,525,526,527,528,529,530,565,569,570,571,572,573,574,575,576,607,615,616,617,618,619,662,663,664,665,666,699,708,711,745,746,754,755,791,792,798,806,837,838,839,883,884,885,886,927,928,929,930,931,973,976,977,978,980,1020,1021,1022,1023,1024,1025,1067,1069,1070,1071,1072,1113,1114,1115,1116,1117,1159,1161,1162,1163,1205,1207,1208,1209,1252,1254,1255,1256,1257,1258,1300,1301,1302,1303,1304,1347,1348
1,1,162
31,75,78,79,80,81,82,119,120,122,124,125,126,127,129,166,167,169,172,173,208,217,219,264,265,266,292,293,294,309,338,339,342,343,348,349,356,383,387,388,393,394,395,396,401,402,429,433,434,437,438,439,440,448,478,479,480,481,482,483,484,493,494,524,525,526,527,528,529,530,539,540,566,569,570,571,572,573,574,575,577,585,607,615,616,617,618,619,620,622,623,653,662,663,664,665,666,667,668,699,708,709,710,711,712,714,745,753,754,755,756,791,792,798,806,837,838,883,884,927,928,929,930,931,973,976,977,979,980,1020,1021,1022,1023,1024,1066,1067,1068,1069,1070,1113,1114,1115,1116,1117,1159,1161,1162,1205,1207,1208,1209,1252,1254,1255,1256,1257,1258,1300,1301,1302,1347,1350
80,80,144
31,75,76,79,80,81,119,120,124,125,126,128,129,166,169,170,171,173,174,210,214,220,261,263,264,265,292,293,297,298,339,342,343,347,348,354,355,383,384,387,388,393,394,395,396,429,433,434,435,437,438,439,440,448,474,478,479,480,481,483,524,525,526,527,528,529,530,540,569,570,571,572,573,574,575,585,607,615,616,617,618,619,653,661,662,663,664,665,666,667,668,707,708,709,710,711,712,713,745,754,755,791,805,837,838,849,883,884,928,929,930,976,977,979,980,1020,1021,1022,1023,1067,1068,1069,1070,1113,1114,1115,1116,1159,1160,1161,1162,1205,1207,1208,1211,1252,1254,1255,1256,1257,1300,1301,1347,1350
136,136,151
29,31,75,79,81,82,119,120,125,126,165,169,170,171,173,174,210,211,214,219,257,262,263,265,293,297,298,299,308,309,310,338,339,343,348,349,354,383,384,387,388,392,393,394,429,433,434,437,438,439,440,448,478,479,480,481,482,483,484,485,493,494,523,524,525,526,527,528,529,530,539,540,566,569,570,571,572,573,574,575,615,616,617,618,619,620,660,661,662,663,664,665,666,667,668,709,710,711,712,714,754,755,756,790,791,798,800,801,803,804,836,837,849,883,884,928,929,975,976,979,1020,1021,1022,1023,1027,1066,1068,1074,1113,1114,1115,1159,1160,1161,1162,1166,1205,1207,1208,1253,1254,1255,1256,1257,1300,1301,1302,1304,1347,1348,1350
33,33,146
21,29,31,34,75,80,81,119,120,124,125,126,127,165,166,169,171,172,173,209,215,217,218,262,292,293,298,308,309,311,338,339,343,348,349,353,354,357,383,388,392,393,394,429,433,434,436,437,438,439,440,474,478,479,480,481,482,483,484,485,523,524,525,526,527,528,529,530,539,566,570,571,572,573,574,575,584,615,616,617,618,619,620,630,660,662,663,664,665,666,667,709,710,711,712,713,714,755,756,757,758,759,791,798,800,801,802,804,837,849,883,928,929,975,976,979,980,1020,1021,1022,1023,1066,1068,1069,1113,1114,1115,1160,1161,1162,1166,1205,1207,1208,1221,1252,1253,1254,1256,1257,1300,1301,1346,1347,1348,1350
33,33,144
21,31,75,80,119,120,125,126,127,165,170,172,173,210,212,218,253,261,292,298,308,309,338,343,347,348,353,354,383,384,388,393,400,429,433,435,437,438,439,447,473,478,479,480,481,482,483,484,485,523,524,525,526,527,528,529,530,531,569,570,571,572,573,574,575,584,614,615,616,617,618,619,620,660,662,663,664,665,666,708,709,710,711,712,753,754,755,756,757,758,759,790,797,798,801,802,803,804,805,837,844,846,849,883,894,928,929,975,976,979,980,981,982,1020,1021,1022,1066,1067,1068,1069,1074,1113,1114,1115,1119,1158,1159,1160,1161,1166,1205,1207,1208,1209,1214,1215,1253,1254,1256,1257,1299,1300,1347,1350
77,77,136
31,75,80,81,119,120,125,165,170,171,209,210,253,261,262,293,308,343,347,348,353,354,383,384,388,392,429,432,433,434,435,436,437,438,439,473,474,479,480,481,482,483,484,485,524,525,526,527,528,529,530,531,569,570,571,572,573,574,575,615,616,617,618,619,620,661,662,663,664,665,666,708,709,710,711,712,713,747,753,754,755,756,757,758,759,797,798,801,802,803,804,805,836,849,883,894,929,975,978,979,980,981,982,1020,1021,1027,1028,1066,1067,1068,1069,1074,1112,1113,1114,1115,1119,1160,1161,1163,1166,1205,1207,1208,1209,1214,1215,1222,1252,1253,1254,1260,1299,1300,1346,1347
92,92,215
107,113,152,153,198,204,208,243,244,289,290,295,335,336,381,485,486,511,514,529,530,531,532,560,574,575,578,579,605,606,619,623,624,651,668,669,694,714,715,716,740,744,763,764,765,785,786,808,809,831,832,853,877,878,916,923,924,930,931,962,963,964,965,969,970,971,975,976,977,978,1008,1009,1010,1011,1015,1016,1017,1021,1022,1023,1024,1025,1026,1054,1055,1056,1060,1061,1062,1063,1064,1068,1069,1070,1071,1072,1073,1076,1099,1100,1101,1107,1108,1109,1110,1114,1115,1116,1117,1118,1119,1120,1123,1124,1146,1147,1153,1154,1155,1156,1160,1161,1162,1163,1164,1165,1166,1167,1169,1170,1189,1192,1193,1200,1201,1202,1203,1206,1207,1208,1209,1210,1211,1212,1213,1222,1233,1234,1235,1236,1237,1238,1239,1240,1244,1245,1246,1247,1248,1249,1250,1252,1253,1254,1255,1256,1257,1258,1259,1260,1277,1278,1279,1280,1281,1282,1283,1284,1285,1291,1292,1293,1294,1295,1296,1299,1300,1301,1302,1303,1304,1305,1311,1322,1323,1324,1325,1326,1327,1328,1329,1330,1331,1332,1337,1338,1339,1340,1341,1342,1346,1347,1348,1349,1350
24,24,138
29,74,75,118,163,164,303,335,381,392,393,427,434,472,473,479,484,485,518,519,527,528,529,530,531,564,565,568,571,572,573,574,575,576,577,610,616,617,618,619,620,621,622,623,656,661,662,663,664,665,666,667,668,669,707,708,709,710,711,712,713,714,753,754,755,756,757,758,759,760,789,793,800,801,802,803,804,846,847,849,928,930,935,973,974,975,995,1019,1020,1021,1065,1066,1067,1068,1111,1112,1113,1114,1115,1116,1158,1159,1160,1161,1162,1163,1164,1204,1205,1206,1207,1208,1209,1210,1211,1251,1252,1253,1254,1255,1256,1257,1258,1297,1298,1299,1300,1301,1302,1303,1304,1344,1345,1346,1347,1348,1349,1350
1,1,138
30,74,75,163,303,335,381,393,427,472,473,479,484,485,518,519,527,528,529,530,531,564,565,568,571,572,573,574,575,576,577,610,616,617,618,619,620,621,622,623,656,661,662,663,664,665,666,667,668,707,708,709,710,711,712,713,714,747,753,754,755,756,757,758,760,761,788,789,793,800,801,802,803,804,805,844,846,847,849,891,928,930,973,974,975,1019,1020,1021,1022,1065,1066,1067,1068,1111,1112,1113,1114,1158,1159,1160,1161,1162,1164,1204,1205,1206,1207,1208,1209,1210,1211,1251,1252,1253,1254,1255,1256,1257,1258,1296,1297,1298,1299,1300,1301,1302,1303,1304,1341,1342,1343,1344,1345,1346,1347,1348,1349,1350
25,25,131
243,303,335,381,393,426,427,434,472,473,479,484,518,519,528,529,530,564,565,571,572,573,574,575,576,610,616,617,618,619,620,621,622,656,662,663,664,665,666,667,707,708,709,710,711,712,713,747,753,754,755,756,757,758,760,761,788,793,798,800,801,802,803,804,846,847,885,891,900,930,935,936,937,972,973,974,976,982,983,1018,1019,1020,1022,1065,1066,1067,1068,1111,1112,1113,1158,1159,1160,1161,1162,1203,1204,1205,1206,1207,1208,1209,1210,1251,1252,1253,1254,1255,1256,1257,1258,1296,1297,1298,1299,1300,1301,1302,1303,1304,1305,1341,1342,1343,1344,1345,1346,1347,1348,1349,1350
114,114,150
243,289,335,380,381,426,427,472,473,479,517,518,519,530,564,565,571,573,574,576,610,611,616,617,618,619,620,621,622,656,662,663,664,665,666,667,668,702,707,708,709,710,711,712,713,715,747,748,753,754,755,756,757,758,759,760,788,789,793,800,801,802,803,804,807,833,839,845,846,847,849,850,855,885,891,892,893,894,930,931,936,937,938,940,971,972,973,976,982,983,984,1018,1019,1020,1022,1023,1031,1065,1066,1110,1111,1112,1114,1115,1158,1159,1160,1161,1162,1163,1203,1204,1205,1206,1207,1208,1209,1210,1211,1248,1250,1251,1252,1253,1254,1255,1256,1257,1258,1296,1297,1298,1299,1300,1301,1302,1303,1304,1305,1312,1341,1342,1343,1344,1345,1346,1347,1348,1349,1350
114,114,177
243,289,335,381,426,427,428,472,473,517,518,519,564,565,573,576,610,611,616,618,620,621,622,655,656,662,664,665,666,667,668,702,708,709,710,711,712,713,715,747,748,753,754,755,756,757,758,759,760,761,787,788,789,793,800,801,802,803,804,805,833,834,839,845,846,847,848,849,850,854,855,885,892,893,894,895,896,900,930,931,936,937,938,939,940,969,971,972,973,976,977,981,982,983,984,1017,1018,1019,1020,1022,1023,1030,1065,1066,1067,1068,1069,1105,1110,1111,1112,1114,1115,1116,1158,1159,1160,1161,1162,1203,1204,1205,1206,1207,1208,1209,1210,1211,1212,1222,1223,1226,1227,1248,1249,1250,1251,1252,1253,1254,1255,1256,1257,1258,1259,1260,1267,1271,1272,1273,1295,1296,1297,1298,1299,1300,1301,1302,1303,1304,1305,1312,1317,1318,1326,1329,1340,1341,1342,1343,1344,1345,1346,1347,1348,1349,1350
76,76,213
243,244,289,290,335,336,381,382,426,427,428,472,473,474,517,518,519,564,565,576,610,611,621,622,655,656,664,665,666,667,668,702,707,708,709,710,711,712,713,715,747,748,754,755,756,757,758,759,772,787,788,789,793,794,800,801,802,803,804,816,834,839,845,846,847,848,849,861,885,886,892,894,930,931,937,940,952,971,972,973,976,977,978,983,997,1018,1019,1020,1021,1022,1023,1024,1032,1033,1042,1064,1065,1066,1067,1068,1069,1070,1075,1078,1087,1111,1112,1113,1114,1115,1116,1117,1120,1146,1155,1156,1157,1158,1159,1160,1161,1162,1163,1164,1165,1166,1167,1170,1177,1178,1182,1190,1191,1202,1203,1204,1205,1206,1207,1208,1209,1210,1211,1212,1213,1215,1222,1223,1224,1225,1226,1227,1228,1247,1248,1249,1250,1251,1252,1253,1254,1255,1256,1257,1258,1259,1260,1267,1268,1269,1270,1271,1272,1273,1276,1295,1296,1297,1298,1299,1300,1301,1302,1303,1304,1305,1311,1312,1317,1318,1322,1323,1324,1325,1326,1327,1328,1329,1330,1331,1332,1333,1340,1341,1342,1343,1344,1345,1346,1347,1348,1349,1350
16,16,272
289,335,381,382,427,428,472,473,474,518,519,564,565,610,611,622,655,656,661,662,702,707,708,709,710,715,720,747,748,753,754,755,756,757,758,759,764,765,793,794,799,800,801,802,803,809,834,839,845,846,847,848,849,852,855,866,879,880,884,885,886,892,893,895,896,899,924,927,930,931,932,935,936,937,938,940,941,972,973,975,976,977,978,979,980,981,982,983,984,986,997,1018,1019,1020,1022,1023,1024,1025,1026,1027,1028,1029,1030,1031,1032,1033,1035,1041,1042,1043,1064,1065,1066,1067,1068,1069,1070,1071,1072,1073,1074,1075,1076,1077,1078,1079,1080,1086,1087,1088,1111,1112,1113,1114,1115,1116,1117,1118,1119,1120,1121,1122,1123,1124,1125,1132,1133,1155,1156,1157,1158,1159,1160,1161,1162,1163,1164,1165,1166,1167,1168,1169,1170,1176,1177,1178,1179,1180,1181,1182,1183,1200,1201,1202,1203,1204,1205,1206,1207,1208,1209,1210,1211,1212,1213,1214,1215,1221,1222,1223,1226,1227,1228,1246,1247,1248,1249,1250,1251,1252,1253,1254,1255,1256,1257,1258,1259,1260,1266,1267,1268,1269,1270,1271,1272,1273,1274,1278,1280,1281,1282,1283,1284,1286,1292,1293,1294,1295,1296,1297,1298,1299,1300,1301,1302,1303,1304,1305,1311,1312,1318,1319,1320,1321,1322,1323,1324,1325,1326,1327,1328,1329,1330,1331,1332,1333,1335,1336,1337,1338,1339,1340,1341,1342,1343,1344,1345,1346,1347,1348,1349,1350
12,12,335
473,482,519,529,533,534,535,565,575,582,583,610,611,618,619,621,622,623,625,627,628,629,630,655,656,661,662,664,665,667,668,670,673,674,675,702,707,708,709,710,711,712,713,714,715,716,717,719,720,747,748,753,754,755,756,757,758,759,760,761,762,763,764,765,793,794,798,799,800,801,802,803,804,808,809,810,839,844,845,846,847,848,849,850,851,852,853,854,855,884,885,886,888,889,890,891,892,893,894,895,896,897,898,899,900,930,931,932,933,934,935,936,937,938,939,940,941,942,943,944,945,973,974,975,976,977,978,979,980,981,982,983,984,985,986,987,988,989,990,1019,1020,1022,1023,1024,1025,1026,1027,1028,1029,1030,1031,1032,1033,1034,1035,1041,1042,1064,1065,1066,1067,1068,1069,1070,1071,1072,1073,1074,1075,1076,1077,1078,1079,1080,1109,1110,1111,1112,1113,1114,1115,1116,1117,1118,1119,1120,1121,1122,1123,1124,1125,1144,1145,1152,1153,1155,1156,1157,1158,1159,1160,1161,1162,1163,1164,1165,1166,1167,1168,1169,1170,1176,1189,1190,1191,1192,1196,1198,1199,1200,1201,1202,1203,1204,1205,1206,1207,1208,1209,1210,1211,1212,1213,1214,1215,1221,1231,1232,1233,1235,1236,1237,1238,1239,1240,1241,1242,1244,1245,1246,1247,1248,1249,1250,1251,1252,1253,1254,1255,1256,1257,1258,1259,1260,1266,1267,1274,1275,1276,1277,1278,1279,1280,1281,1282,1283,1284,1285,1286,1287,1288,1289,1290,1291,1292,1293,1294,1295,1296,1297,1298,1299,1300,1301,1302,1303,1304,1305,1311,1312,1313,1317,1318,1319,1320,1321,1322,1323,1324,1325,1326,1327,1328,1329,1330,1331,1332,1333,1334,1335,1336,1337,1338,1339,1340,1341,1342,1343,1344,1345,1346,1347,1348,1349,1350
114,114,332
427,453,454,484,498,499,518,519,535,536,537,538,539,540,564,575,576,580,582,583,584,585,589,610,620,621,622,625,626,627,628,629,630,634,655,656,665,666,667,668,671,672,673,674,675,701,709,710,711,712,713,714,715,717,718,719,720,754,755,756,757,758,759,760,761,764,765,800,801,804,805,806,807,809,810,841,846,847,848,849,851,852,853,854,855,874,885,886,887,889,890,891,892,893,894,895,899,900,920,929,931,932,933,934,935,936,937,938,939,940,941,942,943,944,945,967,974,975,977,978,979,980,981,982,983,984,985,986,987,988,989,990,1009,1011,1012,1020,1021,1022,1023,1024,1025,1026,1027,1028,1029,1030,1031,1032,1033,1034,1035,1040,1054,1057,1058,1059,1065,1066,1067,1068,1070,1071,1072,1073,1074,1075,1076,1077,1078,1079,1080,1085,1097,1104,1111,1112,1113,1114,1115,1116,1117,1118,1119,1120,1121,1122,1123,1124,1125,1130,1142,1147,1148,1149,1150,1151,1153,1154,1156,1157,1158,1159,1160,1161,1162,1163,1164,1165,1166,1167,1168,1169,1170,1175,1180,1181,1186,1187,1193,1194,1195,1196,1197,1198,1199,1200,1202,1203,1204,1205,1206,1207,1208,1209,1210,1211,1212,1213,1214,1215,1220,1223,1224,1225,1226,1230,1231,1232,1233,1239,1240,1241,1242,1243,1244,1245,1246,1247,1248,1249,1250,1251,1252,1253,1254,1255,1256,1257,1258,1259,1260,1269,1270,1271,1274,1275,1276,1277,1278,1281,1282,1284,1285,1286,1287,1288,1289,1290,1291,1292,1293,1294,1295,1296,1297,1298,1299,1300,1301,1302,1303,1304,1305,1319,1320,1322,1325,1326,1327,1328,1329,1330,1331,1332,1333,1334,1335,1336,1337,1338,1339,1340,1341,1342,1343,1344,1345,1346,1347,1348,1349,1350
81,81,398
405,448,450,494,495,535,537,538,539,540,580,581,582,583,584,585,624,625,626,627,628,629,630,667,668,669,670,671,672,673,674,675,709,710,711,712,713,714,715,716,717,718,719,720,751,752,753,754,755,756,757,758,759,760,761,762,763,764,765,793,794,795,796,797,798,799,800,801,802,803,804,805,806,807,808,809,810,838,839,840,841,842,843,844,845,846,847,848,849,850,851,852,853,854,855,884,885,886,887,888,889,890,891,892,893,894,895,896,897,898,899,900,927,928,929,930,931,932,933,934,935,936,937,938,939,940,941,942,943,944,945,970,971,972,973,974,975,976,977,978,979,980,981,982,983,984,985,986,987,988,989,990,1015,1016,1017,1018,1019,1020,1021,1022,1023,1024,1025,1026,1027,1028,1029,1030,1031,1032,1033,1034,1035,1055,1058,1059,1060,1061,1062,1063,1064,1065,1066,1067,1068,1069,1070,1071,1072,1073,1074,1075,1076,1077,1078,1079,1080,1098,1100,1101,1102,1103,1104,1105,1106,1107,1108,1109,1110,1111,1112,1113,1114,1115,1116,1117,1118,1119,1120,1121,1122,1123,1124,1125,1141,1142,1143,1144,1145,1146,1147,1148,1149,1150,1151,1152,1153,1154,1155,1156,1157,1158,1159,1160,1161,1162,1163,1164,1165,1166,1167,1168,1169,1170,1182,1183,1184,1185,1186,1187,1188,1189,1190,1191,1192,1193,1194,1195,1196,1197,1198,1199,1200,1201,1202,1203,1204,1205,1206,1207,1208,1209,1210,1211,1212,1213,1214,1215,1227,1228,1229,1230,1231,1232,1233,1234,1235,1236,1237,1238,1239,1240,1241,1242,1243,1244,1245,1246,1247,1248,1249,1250,1251,1252,1253,1254,1255,1256,1257,1258,1259,1260,1270,1271,1272,1273,1274,1275,1276,1277,1278,1279,1280,1281,1282,1283,1284,1285,1286,1287,1288,1289,1290,1291,1292,1293,1294,1295,1296,1297,1298,1299,1300,1301,1302,1303,1304,1305,1310,1311,1313,1314,1315,1316,1317,1318,1319,1320,1321,1322,1323,1324,1325,1326,1327,1328,1329,1330,1331,1332,1333,1334,1335,1336,1337,1338,1339,1340,1341,1342,1343,1344,1345,1346,1347,1348,1349,1350
62,62,460
315,359,360,403,404,405,446,447,448,449,450,489,490,491,492,493,494,495,533,534,535,536,537,538,539,540,577,578,579,580,581,582,583,584,585,619,620,621,622,623,624,625,626,627,628,629,630,659,663,664,665,666,667,668,669,670,671,672,673,674,675,702,703,704,705,706,707,708,709,710,711,712,713,714,715,716,717,718,719,720,747,748,749,750,751,752,753,754,755,756,757,758,759,760,761,762,763,764,765,792,793,794,795,796,797,798,799,800,801,802,803,804,805,806,807,808,809,810,839,840,841,842,843,844,845,846,847,848,849,850,851,852,853,854,855,885,886,887,888,889,890,891,892,893,894,895,896,897,898,899,900,929,930,931,932,933,934,935,936,937,938,939,940,941,942,943,944,945,962,963,972,973,975,976,977,978,979,980,981,982,983,984,985,986,987,988,989,990,1007,1008,1009,1013,1014,1016,1017,1018,1019,1022,1023,1024,1025,1026,1027,1028,1029,1030,1031,1032,1033,1034,1035,1050,1053,1054,1055,1056,1057,1058,1059,1060,1061,1062,1063,1064,1065,1066,1067,1068,1069,1070,1071,1072,1073,1074,1075,1076,1077,1078,1079,1080,1090,1091,1092,1093,1094,1098,1099,1100,1101,1102,1103,1104,1105,1106,1107,1109,1110,1111,1112,1113,1114,1115,1116,1117,1118,1119,1120,1121,1122,1123,1124,1125,1133,1134,1135,1136,1137,1138,1139,1140,1141,1142,1143,1144,1145,1146,1147,1148,1149,1150,1151,1152,1153,1154,1155,1156,1157,1158,1159,1160,1161,1162,1163,1164,1165,1166,1167,1168,1169,1170,1178,1179,1180,1181,1182,1183,1184,1185,1186,1187,1188,1189,1190,1191,1192,1193,1194,1195,1196,1197,1198,1199,1200,1201,1202,1203,1204,1205,1206,1207,1208,1209,1210,1211,1212,1213,1214,1219,1220,1221,1222,1223,1224,1225,1226,1227,1228,1229,1230,1231,1232,1233,1234,1235,1236,1237,1238,1239,1240,1241,1242,1243,1244,1245,1246,1247,1248,1249,1250,1251,1252,1253,1254,1255,1256,1257,1264,1265,1266,1267,1268,1269,1270,1271,1272,1273,1274,1275,1276,1277,1278,1279,1280,1281,1282,1283,1284,1285,1286,1287,1288,1289,1290,1291,1292,1293,1294,1295,1296,1297,1298,1299,1300,1301,1302,1308,1309,1310,1311,1312,1313,1314,1315,1316,1317,1318,1319,1320,1321,1322,1323,1324,1325,1326,1327,1328,1329,1330,1331,1332,1333,1334,1335,1340,1341,1342,1343,1344,1345,1346
129,129,508
42,43,45,85,87,88,89,90,127,130,131,132,133,134,135,171,173,174,175,176,177,178,179,180,212,214,215,216,217,218,219,220,221,222,223,224,225,258,259,260,261,262,263,264,265,266,267,268,269,270,300,302,303,304,305,306,307,308,309,310,311,312,313,314,315,341,342,343,344,345,346,347,348,349,350,351,352,353,354,355,356,357,358,359,360,385,386,387,388,389,390,391,392,393,394,395,396,397,398,399,400,401,402,403,404,405,427,428,429,430,431,432,433,434,435,436,437,438,439,440,441,442,443,444,445,446,447,448,449,450,472,473,474,475,476,477,478,479,480,481,482,483,484,485,486,487,488,489,490,491,492,493,494,495,518,519,520,521,522,523,524,525,526,527,528,529,530,531,532,533,534,535,536,537,538,539,540,564,565,566,567,568,569,570,571,572,573,574,575,576,577,578,579,580,581,582,583,584,585,609,610,611,612,613,614,615,616,617,618,619,620,621,622,623,624,625,626,627,628,629,654,655,656,657,658,659,660,661,662,663,664,665,666,667,668,669,670,671,672,673,674,701,702,703,704,705,706,707,708,709,710,711,712,713,714,715,716,717,718,733,735,747,748,749,750,751,752,753,754,755,756,757,758,759,760,761,762,769,777,781,782,786,788,789,792,793,794,795,796,797,798,799,800,801,802,803,804,805,806,807,814,821,823,825,826,827,828,832,833,834,838,839,840,841,842,843,844,845,846,847,848,849,850,851,857,858,859,870,871,872,873,874,878,879,880,881,886,887,888,889,890,891,892,893,894,896,901,902,903,904,905,911,914,915,916,917,918,919,923,924,925,926,927,932,933,934,935,936,937,946,947,948,949,950,952,954,956,959,960,961,962,963,964,965,966,967,968,969,972,978,979,980,981,991,992,993,994,995,996,998,1000,1001,1002,1003,1004,1006,1007,1008,1009,1011,1017,1018,1024,1036,1037,1038,1039,1040,1042,1043,1044,1045,1046,1048,1049,1050,1051,1052,1053,1054,1055,1056,1057,1081,1082,1083,1084,1085,1087,1088,1089,1090,1091,1092,1093,1095,1098,1099,1100,1102,1126,1127,1128,1129,1130,1131,1132,1133,1134,1135,1136,1137,1140,1144,1145,1146,1171,1172,1173,1174,1175,1176,1177,1178,1179,1180,1181,1182,1183,1216,1217,1218,1219,1220,1221,1222,1223,1224,1225,1226,1261,1262,1263,1264,1265,1266,1267,1268,1269,1270,1306,1307,1308,1309,1310,1311,1312,1313
58,58,447
19,21,22,23,24,25,26,27,28,29,30,31,32,33,34,35,36,37,38,39,40,41,42,43,44,63,64,65,66,67,68,69,70,71,72,73,74,75,76,77,78,79,80,81,82,83,84,85,86,87,88,89,107,108,109,110,111,112,113,114,115,116,117,118,119,120,121,122,123,124,125,126,127,128,129,130,131,132,133,134,152,153,154,155,156,157,158,159,160,161,162,163,164,165,166,167,168,169,170,171,172,173,174,175,176,177,178,198,199,200,201,202,203,204,205,206,207,208,209,210,211,212,213,214,215,216,217,218,219,220,221,222,243,244,245,246,247,248,249,250,251,252,253,254,255,256,257,258,259,260,261,262,263,264,265,289,290,291,292,293,294,295,296,297,298,299,300,301,302,303,304,305,306,307,308,309,334,335,336,337,338,339,340,341,342,343,344,345,346,347,348,349,350,351,352,353,361,372,375,380,381,382,383,384,385,386,387,388,389,390,391,392,393,394,395,396,397,406,414,415,416,418,421,425,426,427,428,429,430,431,432,433,434,435,436,437,438,439,451,452,454,458,459,460,461,462,466,467,471,472,473,474,475,476,477,478,479,480,481,482,483,496,497,502,503,504,505,506,507,508,509,510,512,513,516,517,518,519,520,521,522,523,524,525,526,527,541,542,543,544,547,548,549,550,551,552,553,554,555,558,560,564,565,566,567,568,569,570,571,572,586,587,588,589,590,591,592,593,594,595,596,597,598,599,600,601,604,605,606,609,610,611,612,613,631,632,633,634,635,636,637,638,639,640,641,642,643,644,645,646,650,651,676,677,678,679,680,681,682,683,684,685,686,687,688,689,690,691,695,696,721,722,723,724,725,726,727,728,729,730,731,732,733,734,736,737,742,766,767,768,769,770,771,772,773,774,775,776,777,778,779,782,811,812,813,814,815,816,819,820,821,822,823,856,857,858,859,860,861,868,901,902,903,904,908,946,947,948,949,991,992,993,994,995,1036,1037,1038,1039,1081,1082,1083,1084,1126,1127,1128,1171,1172
5,5,314
1,2,3,4,5,6,7,8,9,10,11,12,13,14,15,16,17,18,19,20,21,22,23,24,25,26,27,28,29,30,31,32,33,34,35,36,46,47,48,49,50,51,52,53,54,55,56,57,58,59,60,61,62,63,64,65,66,67,68,69,70,71,72,73,74,75,76,77,78,79,91,92,93,94,95,96,97,98,99,100,101,102,103,104,105,106,107,108,109,110,111,112,113,114,115,116,117,118,119,120,121,122,136,137,138,139,140,141,142,143,144,145,146,147,148,150,151,152,153,154,155,156,157,158,159,160,161,162,163,164,181,182,183,184,185,186,187,188,189,190,191,192,193,194,195,196,197,198,199,200,201,202,203,204,205,206,207,226,227,228,229,230,231,232,233,234,235,236,237,238,239,241,242,243,244,245,246,247,248,249,250,251,271,272,273,274,275,276,277,278,279,280,281,282,283,284,285,287,288,289,290,291,292,293,294,316,317,318,319,320,321,322,323,324,325,326,327,328,329,330,333,334,335,336,337,338,339,361,362,363,364,365,366,367,368,369,370,371,372,373,374,375,376,379,382,406,407,408,409,410,411,412,413,414,415,416,417,418,420,421,451,452,453,454,455,456,457,458,459,460,461,462,463,496,497,498,499,500,501,502,503,504,505,506,507,508,541,542,543,544,545,546,547,548,549,550,551,586,587,588,589,590,591,592,593,631,632,633,634,676,677,678,721,722
76,76,214
1,2,3,4,5,6,7,8,9,10,11,12,13,14,15,16,17,18,19,20,21,22,23,24,25,26,27,28,29,30,46,47,48,49,50,51,52,53,54,55,56,57,58,59,60,61,62,63,64,65,66,67,68,69,70,71,72,73,91,92,93,94,95,96,97,98,99,100,101,102,103,104,105,106,107,108,109,110,111,112,113,114,115,116,117,118,136,137,138,139,140,141,142,143,144,145,146,147,148,149,150,151,152,153,154,155,156,157,158,159,160,181,182,183,184,185,186,187,188,189,190,191,192,193,194,195,196,197,198,199,200,201,202,226,227,228,229,230,231,232,233,234,235,236,237,238,239,240,242,243,244,271,272,273,274,275,276,277,278,279,280,281,282,283,284,285,316,317,318,319,320,321,322,323,324,325,326,327,328,329,361,362,363,364,365,366,367,368,369,370,371,406,407,408,409,410,411,412,413,414,415,451,452,453,454,455,456,496,497,498,499,541,542,586
39,39,196
1,2,3,4,5,6,7,8,9,10,11,12,16,17,18,19,20,21,22,23,24,25,26,27,28,29,30,31,32,33,46,47,48,49,50,51,52,53,54,55,61,62,63,65,66,67,68,69,70,71,72,73,74,76,77,78,91,92,93,94,95,96,97,98,100,109,111,112,113,114,115,116,117,118,121,122,123,136,137,138,139,140,141,157,158,159,160,161,163,164,169,181,182,183,184,185,200,201,202,203,205,206,207,214,226,227,228,229,245,247,271,272,291,292,293,294,295,296,316,318,323,362,384,406,451,452,496,541,586,620,621,665,666,667,677,710,711,712,713,721,722,756,757,758,800,801,803,844,845,846,889,890,891,892,894,934,935,936,940,942,978,979,980,981,983,986,988,1024,1025,1026,1028,1032,1071,1072,1073,1078,1116,1117,1122,1163,1164,1206,1208,1209,1210,1251,1252,1253,1254,1255,1294,1298,1300,1301,1302,1347
74,74,152
19,20,21,22,23,24,25,26,27,28,29,31,65,66,67,68,69,70,71,72,73,75,76,78,109,111,112,113,114,115,117,118,121,123,124,136,156,157,160,162,202,203,213,245,246,271,272,291,336,382,619,620,621,664,665,666,667,709,710,711,712,713,754,755,756,757,758,799,800,801,802,803,804,844,845,846,847,848,849,850,889,890,891,892,896,934,935,936,937,941,942,978,979,980,981,982,983,986,987,988,1023,1024,1025,1026,1027,1028,1031,1032,1037,1070,1071,1072,1073,1074,1076,1114,1115,1116,1117,1119,1120,1121,1122,1159,1161,1163,1205,1206,1207,1208,1209,1210,1247,1248,1251,1252,1253,1254,1255,1294,1297,1298,1299,1300,1301,1302,1340,1341,1342,1345,1346,1347
65,65,18
981,1027,1028,1029,1071,1072,1073,1074,1075,1117,1118,1119,1120,1122,1165,1166,1167,1210
107,107,46
21,22,24,71,112,202,247,936,938,981,982,987,1026,1027,1028,1029,1030,1033,1071,1072,1073,1074,1075,1076,1116,1117,1118,1119,1120,1121,1122,1162,1163,1164,1165,1166,1167,1209,1210,1213,1255,1296,1299,1301,1339,1341
29,29,23
112,981,982,987,1026,1027,1028,1029,1033,1071,1072,1073,1074,1075,1117,1118,1119,1120,1121,1162,1164,1165,1210
25,25,9
13,59,104,105,195,196,286,1281,1328
32,32,72
12,13,14,15,57,58,59,60,90,102,103,104,105,135,147,148,149,150,193,194,195,196,239,240,241,286,287,330,332,377,378,421,423,468,469,513,559,605,606,651,696,697,788,873,896,919,966,1012,1102,1103,1149,1152,1189,1190,1194,1195,1235,1236,1237,1242,1281,1282,1284,1286,1287,1288,1327,1328,1329,1330,1333,1335
66,66,46
12,13,14,15,57,58,59,60,102,103,104,105,147,148,149,150,193,194,195,196,240,241,285,286,287,331,332,377,378,423,468,469,513,696,697,742,788,1029,1190,1195,1236,1282,1283,1284,1327,1328
104,104,80
3,10,11,12,13,14,15,56,57,58,59,60,89,90,102,103,104,105,129,147,148,149,150,192,193,194,195,196,239,240,241,285,286,287,330,331,332,377,378,421,423,467,468,513,560,605,606,650,651,696,697,742,784,788,827,830,918,919,966,967,1103,1151,1190,1191,1236,1237,1238,1241,1242,1281,1282,1283,1284,1286,1287,1327,1328,1329,1332,1333
84,84,55
10,11,12,13,14,15,57,58,59,60,98,102,103,104,105,147,148,149,150,193,194,195,196,239,240,241,285,286,287,330,331,332,377,378,423,468,469,514,650,696,697,742,788,967,1011,1102,1195,1236,1237,1238,1282,1283,1284,1328,1329
26,26,114
1,2,3,4,5,6,7,10,11,12,13,14,15,42,44,50,51,52,56,57,58,59,60,90,97,101,102,103,104,105,134,135,143,144,147,148,149,150,151,192,193,194,195,196,236,237,239,240,241,281,284,285,286,287,330,331,332,376,377,378,421,423,468,469,513,514,559,560,605,620,650,651,696,742,758,783,788,804,827,830,834,873,875,918,919,965,966,967,1010,1011,1057,1102,1103,1148,1149,1194,1195,1236,1237,1238,1239,1240,1241,1242,1282,1283,1284,1287,1288,1328,1329,1330,1332,1333
41,41,166
1,2,3,4,5,6,7,10,11,12,13,14,15,42,43,44,48,51,52,53,54,56,57,58,59,60,88,89,90,97,98,99,100,101,102,103,104,105,106,134,145,146,147,148,149,150,152,180,191,192,193,194,195,196,197,236,238,239,240,241,242,284,285,286,287,288,331,332,333,334,376,377,378,421,422,423,454,455,456,457,459,467,468,469,502,503,514,549,559,592,595,596,605,641,642,643,644,647,650,651,687,688,690,696,729,735,742,743,783,784,788,828,830,834,849,850,872,873,875,918,919,925,941,964,965,966,967,971,1002,1010,1011,1012,1049,1056,1057,1058,1066,1093,1097,1102,1103,1104,1138,1148,1149,1150,1159,1160,1191,1195,1196,1236,1237,1240,1241,1242,1282,1283,1286,1287,1327,1328,1329,1330,1332,1333
75,75,63
6,12,13,14,15,53,57,58,59,60,89,101,102,103,104,105,135,147,148,149,150,191,192,193,194,195,196,239,240,241,284,285,286,287,331,332,376,377,378,421,467,468,469,605,641,650,651,696,742,788,873,918,965,1011,1057,1102,1149,1237,1283,1286,1328,1329,1333
10,10,100
1,2,6,7,11,12,13,14,15,41,43,44,45,52,53,56,57,58,59,60,61,87,88,89,90,96,99,101,102,103,104,105,134,135,147,148,149,150,151,180,192,193,194,195,196,197,238,239,240,241,242,285,286,287,331,332,376,377,378,421,467,468,469,514,550,559,605,638,650,651,686,688,696,742,790,849,873,919,965,966,986,1011,1012,1057,1058,1102,1103,1104,1148,1149,1195,1237,1241,1242,1283,1286,1287,1329,1332,1333
104,104,90
6,7,12,13,14,15,42,53,54,56,57,58,59,60,99,101,102,103,104,105,135,147,148,149,150,180,191,192,193,194,195,196,238,239,240,241,284,285,286,287,331,332,376,377,378,421,422,423,467,468,469,514,560,605,650,651,690,696,742,783,803,830,849,873,875,894,918,940,965,966,986,1011,1012,1033,1057,1102,1103,1104,1149,1150,1194,1195,1237,1240,1241,1286,1287,1332,1333,1345
37,37,96
6,7,10,11,12,13,14,15,44,45,53,56,57,58,59,60,87,102,103,104,105,135,145,147,148,149,150,151,191,192,193,194,195,196,238,239,240,241,242,284,285,286,287,331,332,376,377,378,421,422,423,456,464,467,468,469,514,559,560,640,642,651,685,690,696,742,873,894,919,927,940,964,965,966,967,973,986,1010,1012,1018,1033,1057,1102,1103,1104,1149,1156,1194,1195,1240,1241,1242,1286,1287,1332,1333
54,54,69
10,12,13,14,15,41,44,45,53,56,57,58,59,60,89,90,99,102,103,104,105,135,147,148,149,150,151,180,192,193,194,195,196,238,239,240,241,285,286,287,331,332,376,378,467,468,469,514,645,651,688,742,894,919,939,940,1010,1011,1057,1079,1102,1103,1149,1194,1195,1241,1245,1333,1334
15,15,73
7,11,12,13,14,15,31,53,56,57,58,59,60,101,102,103,104,105,132,133,135,147,148,149,150,151,179,180,192,193,194,195,196,238,239,240,241,284,285,286,287,331,332,376,377,378,467,468,469,514,559,560,651,696,742,872,873,919,939,965,966,985,986,1011,1012,1057,1103,1149,1195,1196,1241,1287,1333
65,65,73
10,11,12,13,14,15,44,53,57,58,59,60,90,103,104,105,132,135,148,149,150,151,178,180,191,192,193,194,195,196,225,239,240,241,284,285,286,287,331,332,376,377,378,422,423,467,468,469,514,559,650,696,742,873,919,939,965,985,1010,1011,1012,1019,1057,1058,1102,1125,1149,1195,1240,1241,1242,1287,1333
3,3,54
7,12,13,14,15,57,58,59,60,90,102,103,104,105,132,148,149,150,151,180,192,193,194,195,196,239,240,241,284,285,286,287,331,332,376,378,467,469,514,560,645,651,696,742,919,939,973,985,1019,1057,1149,1150,1241,1242
138,138,75
4,10,11,12,13,14,15,45,49,56,57,58,59,60,86,89,102,103,104,105,132,135,148,149,150,151,178,191,192,193,194,195,196,239,240,241,285,286,287,331,332,376,377,378,418,422,423,467,468,469,514,560,605,651,696,736,742,782,783,939,964,985,1019,1053,1055,1077,1102,1104,1149,1170,1195,1240,1241,1287,1333
64,64,42
6,10,11,12,13,14,15,56,57,58,59,60,102,103,104,105,147,149,150,151,193,195,196,239,241,285,287,331,332,377,378,422,423,468,469,560,605,651,696,742,875,1344
65,65,48
4,5,10,11,12,13,14,15,48,56,58,59,60,86,88,102,103,104,105,148,149,150,151,194,195,196,240,241,278,285,286,287,331,332,377,378,422,468,469,559,560,605,651,783,1030,1056,1102,1333
23,23,32
10,11,12,13,14,15,57,58,59,60,103,104,105,149,150,151,194,195,196,241,285,287,331,332,377,378,423,468,605,651,1030,1156
128,128,43
4,6,7,10,11,12,13,14,15,56,57,58,59,60,86,102,103,104,105,148,149,150,151,195,196,241,285,287,331,332,377,378,422,423,468,559,605,651,696,973,1287,1317,1332
34,34,47
5,10,11,12,13,14,15,56,57,58,59,60,102,103,104,105,147,148,149,150,151,193,194,195,196,241,285,286,287,331,332,377,378,422,423,468,514,605,650,651,696,738,973,1121,1286,1317,1333
2,2,27
12,13,14,15,40,58,59,60,102,103,104,105,148,149,150,151,160,195,196,241,332,377,422,423,468,651,1317
38,38,30
6,11,12,13,14,15,57,58,59,60,102,103,104,105,147,148,149,150,151,193,195,196,241,332,423,468,559,605,651,1317
10,10,23
11,13,14,15,57,58,59,60,102,103,104,105,149,150,151,195,196,241,605,651,1317,1318,1319
140,140,111
3,5,6,7,9,10,11,12,13,14,15,40,41,42,43,56,57,58,59,60,86,101,102,103,104,105,147,148,149,150,151,191,193,194,195,196,239,240,241,284,285,286,287,331,332,376,377,378,422,423,424,467,468,469,514,553,559,560,605,644,645,650,651,691,693,696,737,777,783,785,824,828,829,874,920,921,963,964,965,966,967,1009,1010,1011,1012,1018,1055,1056,1057,1103,1147,1148,1155,1166,1192,1201,1226,1238,1241,1259,1261,1272,1285,1287,1293,1316,1317,1318,1319,1320,1330
10,10,70
3,4,5,6,7,10,11,12,13,14,15,40,42,56,57,58,59,60,101,102,103,104,105,147,148,149,150,151,193,194,195,196,239,240,241,285,286,287,331,332,376,377,378,422,423,468,469,513,514,559,560,605,606,650,651,696,783,785,828,965,966,1009,1054,1155,1212,1272,1316,1317,1318,1319
51,51,70
3,7,8,9,10,11,12,13,14,15,40,42,56,57,58,59,60,89,102,103,104,105,147,148,149,150,151,193,194,195,196,239,240,241,285,286,287,331,332,376,377,378,422,423,424,468,469,513,514,559,560,600,601,605,650,651,696,732,965,1007,1009,1010,1103,1155,1272,1316,1317,1318,1319,1320
120,120,39
10,11,13,14,15,56,57,58,59,102,103,104,105,147,148,149,150,151,194,195,196,240,241,285,286,287,332,372,377,378,559,560,605,696,1271,1272,1318,1319,1320
51,51,70
3,6,7,8,9,10,11,12,13,14,15,40,56,57,58,59,60,101,102,103,104,105,135,147,148,149,150,151,193,194,195,196,239,240,241,285,286,287,331,332,333,376,377,378,422,423,424,467,468,513,514,559,560,605,647,650,651,696,921,1012,1271,1272,1273,1287,1292,1316,1317,1318,1319,1320
121,121,95
6,7,8,9,10,11,12,13,14,15,40,41,49,56,57,58,59,60,87,89,90,101,102,103,104,105,135,147,148,149,150,151,180,193,194,195,196,239,240,241,284,285,286,287,331,332,333,376,377,379,422,423,424,467,468,513,514,557,559,560,600,605,647,650,651,692,696,755,829,830,921,965,967,1008,1009,1011,1012,1054,1056,1103,1104,1149,1211,1271,1272,1273,1274,1292,1293,1317,1318,1319,1320,1321,1332
86,86,50
1081,1082,1083,1126,1127,1128,1129,1130,1171,1172,1173,1174,1175,1176,1177,1178,1216,1217,1218,1219,1220,1221,1222,1223,1224,1261,1262,1263,1264,1265,1266,1267,1268,1269,1270,1271,1272,1306,1307,1308,1309,1310,1311,1312,1313,1314,1315,1316,1317,1318
64,64,196
721,766,767,768,811,812,813,814,815,856,857,858,859,860,861,862,901,902,903,904,905,906,907,908,909,910,946,947,948,949,950,951,952,953,954,955,956,991,992,993,994,995,996,997,998,999,1000,1001,1002,1036,1037,1038,1039,1040,1041,1042,1043,1044,1045,1046,1047,1048,1049,1081,1082,1083,1084,1085,1086,1087,1088,1089,1090,1091,1092,1093,1094,1095,1096,1126,1127,1128,1129,1131,1132,1133,1134,1135,1136,1137,1138,1139,1140,1141,1142,1144,1171,1172,1173,1174,1175,1176,1177,1178,1179,1180,1181,1182,1183,1185,1186,1187,1188,1189,1190,1191,1192,1193,1194,1195,1196,1217,1218,1219,1220,1221,1222,1223,1225,1229,1231,1232,1233,1234,1235,1236,1237,1238,1239,1240,1241,1242,1243,1244,1245,1262,1263,1264,1265,1266,1268,1269,1270,1277,1278,1280,1281,1282,1283,1284,1285,1286,1287,1288,1289,1290,1291,1292,1293,1294,1306,1307,1310,1311,1315,1317,1318,1324,1325,1326,1327,1328,1329,1330,1331,1332,1333,1334,1335,1336,1337,1338,1339,1340,1341,1342
126,126,362
316,361,362,363,406,407,408,409,451,452,453,454,455,456,457,496,497,498,499,500,501,502,503,504,541,542,543,544,545,546,547,548,549,550,551,552,586,587,588,589,590,591,592,593,594,595,596,597,631,632,633,634,635,636,637,638,639,640,641,642,643,644,645,646,648,676,677,678,679,680,681,682,683,684,685,686,687,688,689,690,691,692,693,694,695,721,722,723,724,725,726,727,728,729,730,731,732,733,734,735,736,737,738,739,740,741,742,766,767,768,769,770,771,772,773,774,775,776,777,778,779,780,781,782,783,784,785,786,787,788,789,790,791,792,811,812,813,814,815,816,817,818,819,820,822,823,824,825,826,827,829,830,831,832,833,834,835,836,837,838,857,858,859,860,861,862,863,864,871,872,873,877,878,879,880,881,882,883,884,885,886,902,903,904,905,906,908,922,923,924,925,926,927,928,929,930,931,932,933,934,935,949,950,967,968,969,970,971,972,973,974,975,976,977,978,979,980,981,982,983,995,1013,1014,1015,1016,1017,1018,1019,1020,1021,1022,1023,1024,1025,1026,1027,1028,1029,1030,1031,1059,1060,1061,1063,1064,1065,1066,1067,1068,1069,1070,1071,1072,1073,1074,1075,1076,1077,1078,1107,1109,1110,1111,1112,1113,1114,1115,1116,1117,1118,1119,1120,1121,1122,1123,1124,1125,1150,1154,1155,1156,1157,1158,1159,1160,1161,1162,1163,1164,1165,1166,1167,1168,1169,1170,1195,1196,1200,1201,1202,1203,1204,1205,1206,1207,1208,1209,1210,1211,1212,1213,1214,1215,1241,1244,1246,1247,1248,1249,1250,1251,1252,1253,1254,1255,1256,1257,1258,1259,1260,1286,1290,1292,1293,1294,1295,1296,1297,1298,1299,1300,1301,1302,1303,1304,1305,1331,1332,1337,1338,1339,1340,1341,1342,1343,1344,1345,1346,1347,1348,1349,1350
134,134,499
1,2,3,4,5,6,7,8,46,47,48,49,50,51,52,53,54,91,92,93,94,95,96,97,98,99,100,136,137,138,139,140,141,142,143,144,145,146,147,148,149,150,181,182,183,184,185,186,187,188,189,190,191,192,193,194,195,196,197,198,226,227,228,229,230,231,232,233,234,235,236,237,238,240,241,242,243,244,271,272,273,274,275,276,277,278,279,280,281,282,283,284,285,286,287,288,289,290,291,316,317,318,319,320,321,322,323,324,325,326,327,328,329,330,332,333,334,335,336,337,338,339,340,343,361,362,363,364,365,366,367,368,369,370,371,372,373,374,375,377,378,379,380,381,382,383,384,385,386,387,388,389,390,406,407,408,409,410,411,412,413,414,415,416,417,418,419,420,422,423,424,425,426,427,428,429,430,431,432,433,434,435,436,437,438,451,452,453,454,455,456,457,458,459,460,461,462,463,464,465,466,467,469,471,472,473,474,475,476,477,478,479,480,481,482,483,484,485,496,497,498,499,500,501,506,507,508,509,510,511,517,518,519,520,521,522,523,524,525,526,527,528,529,530,531,532,541,542,543,544,545,546,554,555,556,557,558,562,563,564,565,566,567,568,569,570,571,572,573,574,575,576,577,578,579,580,586,587,588,590,591,599,602,603,607,608,609,610,611,612,613,614,615,616,617,618,619,620,621,622,623,624,625,626,627,632,633,636,637,645,646,647,648,649,651,654,655,656,657,658,659,660,661,662,663,664,665,666,667,668,669,670,671,672,673,692,693,694,699,700,701,702,703,704,705,706,707,708,709,710,711,712,713,714,715,716,717,718,719,720,737,739,740,742,746,747,748,749,750,751,752,753,754,755,756,757,758,759,760,761,762,763,764,765,793,794,795,797,798,799,800,801,802,803,804,805,806,807,808,809,810,838,839,840,841,843,844,845,846,847,848,849,850,851,852,853,854,855,884,885,887,888,889,890,891,892,893,894,895,896,897,898,899,900,930,931,934,935,936,937,938,939,940,941,942,943,944,945,976,977,979,980,981,982,983,984,985,986,987,988,989,990,1021,1022,1026,1027,1029,1030,1031,1032,1033,1034,1035,1072,1076,1077,1078,1079,1080,1117,1121,1122,1123,1124,1125,1167,1168,1169,1170,1213,1214,1215,1258,1259,1260,1304,1305,1349,1350
134,134,494
1,2,3,4,5,6,7,8,9,10,14,15,16,17,18,19,20,21,22,23,24,25,26,27,28,29,30,31,32,33,46,47,48,49,50,51,52,53,54,55,56,59,60,61,62,63,64,65,66,67,68,69,70,71,72,73,74,75,76,77,78,79,80,91,92,93,94,95,96,97,98,99,100,101,105,106,107,108,109,110,111,112,113,114,115,116,117,118,119,120,121,122,123,124,125,126,127,136,138,139,140,141,142,143,144,145,146,147,150,152,153,154,155,156,157,158,159,160,161,162,163,164,165,166,167,168,169,170,171,172,173,174,185,186,187,188,189,190,191,192,198,199,200,201,202,203,204,205,206,207,208,209,210,211,212,213,214,215,216,217,218,219,220,221,231,232,234,235,236,237,243,244,245,246,247,248,249,250,251,252,253,254,255,256,257,258,259,260,261,262,263,264,265,266,267,268,280,281,282,283,288,289,290,291,292,293,294,295,296,297,298,299,300,301,302,303,304,305,306,307,308,309,310,311,312,313,314,327,328,329,334,335,336,337,338,339,340,341,342,343,344,345,346,347,348,349,350,351,352,353,354,355,356,357,358,359,360,373,374,380,382,383,384,385,386,387,388,389,390,391,392,393,394,395,396,397,398,399,400,401,402,403,404,405,428,429,430,431,432,433,434,435,436,437,438,439,440,441,442,443,444,445,446,447,448,449,450,471,474,475,476,477,478,479,480,481,482,483,484,485,486,487,488,489,490,491,492,493,494,495,520,521,522,523,524,525,526,527,528,529,530,531,532,533,534,535,536,537,538,539,540,566,568,569,570,571,572,573,574,575,576,577,578,579,580,581,582,583,584,585,611,612,613,614,615,616,617,618,619,620,621,622,623,624,625,626,627,628,629,630,657,660,661,662,663,664,665,666,667,668,669,670,671,672,673,674,675,704,706,707,708,709,710,711,712,713,714,715,716,717,718,719,720,752,753,754,755,756,757,758,759,760,761,762,763,764,765,798,799,800,801,802,803,804,805,806,807,808,809,810,843,844,845,846,847,848,849,850,851,852,853,854,855,890,891,892,893,894,895,896,897,898,899,900,935,939,940,941,942,943,944,945,985,986,987,988,989,990,1032,1033,1034,1035,1079,1080
75,75,433
3,4,5,6,7,8,9,10,11,12,13,14,15,16,17,18,19,20,21,22,23,24,25,26,27,28,29,30,31,32,33,34,35,36,37,38,39,40,41,42,43,44,45,49,51,52,53,54,55,56,57,58,59,60,61,62,63,64,65,66,67,68,69,70,71,72,73,74,75,76,77,78,79,80,81,82,83,84,85,86,87,88,89,90,100,101,102,103,104,105,106,107,108,109,110,111,112,113,114,115,116,117,118,119,120,121,122,123,124,125,126,127,128,129,130,131,132,133,134,135,147,148,149,150,151,152,153,154,155,156,157,158,159,160,161,162,163,164,165,166,167,168,169,170,171,172,173,174,175,176,177,178,179,180,195,196,197,198,199,200,201,202,203,204,205,206,207,208,209,210,211,212,213,214,215,216,217,218,219,220,221,222,223,224,225,242,243,244,245,246,247,248,249,250,251,252,253,254,255,256,257,258,259,260,261,262,263,264,265,266,267,268,269,270,288,289,290,291,292,293,294,295,296,297,298,299,300,301,302,303,304,305,306,307,308,309,310,311,312,313,314,315,335,336,337,338,339,340,341,342,343,344,345,346,347,348,349,350,351,352,353,354,355,356,357,358,359,360,380,382,383,384,385,386,387,388,389,390,391,392,393,394,395,396,397,398,399,400,401,402,403,404,405,428,429,430,431,432,433,434,435,436,437,438,439,440,441,442,443,444,445,446,447,448,449,450,476,477,478,479,480,481,482,483,484,485,486,487,488,489,490,491,492,493,494,495,521,523,524,525,526,527,528,529,530,531,532,533,534,535,536,537,538,539,540,569,570,571,572,573,574,575,576,577,578,579,580,581,582,583,584,585,615,616,617,618,619,620,621,622,623,624,625,626,627,628,629,630,661,662,664,665,666,667,668,669,670,671,672,673,674,675,706,707,711,712,713,714,715,716,717,718,719,720,757,758,759,760,761,762,763,764,765,805,806,807,808,809,810,853,854,855,900
116,116,393
9,10,11,12,13,14,15,16,17,18,19,20,21,22,23,24,25,26,27,28,29,30,31,32,33,34,35,36,37,38,39,40,41,42,43,44,45,56,57,58,59,60,61,62,63,64,65,66,67,68,69,70,71,72,73,74,75,76,77,78,79,80,81,82,83,84,85,86,87,88,89,90,101,103,104,105,106,107,108,109,110,111,112,113,114,115,116,117,118,119,120,121,122,123,124,125,126,127,128,129,130,131,132,133,134,135,150,151,152,153,154,155,156,157,158,159,160,161,162,163,164,165,166,167,168,169,170,171,172,173,174,175,176,177,178,179,180,197,198,199,200,201,202,203,204,205,206,207,208,209,210,211,212,213,214,215,216,217,218,219,220,221,222,223,224,225,242,243,244,245,246,247,248,249,250,251,252,253,254,255,256,257,258,259,260,261,262,263,264,265,266,267,268,269,270,290,291,292,293,294,295,296,297,298,299,300,301,302,303,304,305,306,307,308,309,310,311,312,313,314,315,335,337,338,339,340,341,342,343,344,345,346,347,348,349,350,351,352,353,354,355,356,357,358,359,360,383,384,385,386,387,388,389,390,391,392,393,394,395,396,397,398,399,400,401,402,403,404,405,428,429,430,431,432,433,434,435,436,437,438,439,440,441,442,443,444,445,446,447,448,449,450,477,478,480,481,482,483,484,485,486,487,488,489,490,491,492,493,494,495,524,525,526,527,528,529,530,531,532,533,534,535,536,537,538,539,540,570,571,572,573,574,575,576,577,578,579,580,581,582,583,584,585,615,616,620,621,622,623,624,625,626,627,628,629,630,662,665,666,667,668,669,670,671,672,673,674,675,707,712,713,714,715,716,717,718,719,720,758,760,761,762,763,764,765,807,808,809,810,852,853,855,898
131,131,368
10,11,12,14,15,16,17,18,19,20,21,22,23,24,25,26,27,28,29,30,31,32,33,34,35,36,37,38,39,40,41,42,43,44,45,56,59,60,61,62,63,64,65,66,67,68,69,70,71,72,73,74,75,76,77,78,79,80,81,82,83,84,85,86,87,88,89,90,102,103,105,106,107,108,109,110,111,112,113,114,115,116,117,118,119,120,121,122,123,124,125,126,127,128,129,130,131,132,133,134,135,146,152,154,155,156,157,158,159,160,161,162,163,164,165,166,167,168,169,170,171,172,173,174,175,176,177,178,179,180,193,194,197,198,199,200,201,202,203,204,205,206,207,208,209,210,211,212,213,214,215,216,217,218,219,220,221,222,223,224,225,239,243,247,248,250,251,252,253,254,255,256,257,258,259,260,261,262,263,264,265,266,267,268,269,270,288,291,292,293,297,298,299,300,301,302,303,304,305,306,307,308,309,310,311,312,313,314,315,334,337,340,342,343,344,345,346,347,348,349,350,351,352,353,354,355,356,357,358,359,360,380,382,383,384,385,386,388,389,390,391,392,393,394,395,396,397,398,399,400,401,402,403,404,405,426,429,431,432,433,434,436,437,438,439,440,441,442,443,444,445,446,447,448,449,450,473,474,479,480,481,482,483,484,485,486,487,488,489,490,491,492,493,494,495,528,529,530,531,532,533,534,535,536,537,538,539,540,567,570,573,574,575,576,577,578,579,580,581,582,583,584,585,615,621,622,623,624,625,626,627,628,629,630,665,668,669,670,671,672,673,674,675,706,708,711,712,715,716,717,718,719,720,749,756,758,760,761,762,763,764,765,801,810,852,853,898,1127
7,7,332
10,11,13,14,15,16,17,18,19,20,21,22,23,24,25,26,27,28,29,30,31,32,33,34,35,36,37,38,39,40,41,42,43,44,45,55,56,57,59,60,61,62,63,64,65,66,67,68,69,70,71,72,73,74,75,76,77,78,79,80,81,82,83,84,85,86,87,88,89,90,102,103,105,106,108,111,112,113,114,115,116,117,118,119,120,121,122,123,124,125,126,127,128,129,130,131,132,133,134,135,147,148,151,152,154,155,156,158,159,160,161,162,163,164,165,166,167,168,169,170,171,172,173,174,175,176,177,178,179,180,197,199,200,201,202,203,204,205,206,207,208,209,210,211,212,213,214,215,216,217,218,219,220,221,222,223,224,225,243,245,246,247,248,250,251,253,254,255,256,257,258,259,260,261,262,263,264,265,266,267,268,269,270,288,298,299,300,302,303,304,305,306,307,308,309,310,311,312,313,314,315,330,334,339,340,342,344,346,348,349,350,351,352,353,354,355,356,357,358,359,360,376,385,386,388,391,392,393,394,395,396,397,398,399,400,401,402,403,404,405,430,431,432,433,436,437,438,440,442,443,444,445,446,447,448,449,450,473,479,482,483,485,487,488,489,490,491,492,493,494,495,520,528,531,532,533,534,535,536,537,538,539,540,563,566,570,571,579,580,581,582,583,584,585,613,614,615,624,625,626,627,628,629,630,657,658,660,670,673,674,675,703,704,705,706,716,720,748,749,750,752,762,763,765,794,795,843,1070,1155,1205,1302,1336
96,96,294
9,10,11,12,13,14,15,16,17,18,19,20,21,25,26,27,28,29,30,31,32,33,34,35,36,37,38,39,40,41,42,43,44,45,55,57,58,60,62,63,64,65,66,71,72,73,74,75,76,77,78,79,80,81,82,83,84,85,86,87,88,89,90,106,109,110,111,112,117,118,119,120,121,122,123,124,125,126,127,128,129,130,131,132,133,134,135,144,151,154,155,156,158,161,164,165,166,167,168,169,170,171,172,173,174,175,176,177,178,179,180,197,200,201,204,206,208,209,210,211,212,213,214,215,216,217,218,219,220,221,222,223,224,225,243,246,247,250,259,260,261,262,263,264,265,266,267,268,269,270,286,288,305,306,307,308,309,310,311,312,313,314,315,334,340,350,351,352,353,354,355,356,357,358,359,360,377,384,385,386,396,397,398,399,400,401,402,403,404,405,419,429,430,433,442,443,444,445,446,447,448,449,450,473,488,489,490,491,492,493,494,495,517,534,535,536,537,538,539,540,568,569,570,580,581,582,583,584,585,609,614,615,627,628,629,630,656,657,659,660,672,673,674,675,703,704,705,707,720,748,749,750,765,791,793,794,795,839,883,889,928,929,931,933,934,974,975,976,978,979,1020,1024,1064,1065,1070,1110,1111,1115,1155,1156,1160,1161,1197,1200,1201,1205,1206,1207,1247,1248,1251,1252,1293,1338
129,129,258
10,11,14,15,28,29,32,33,34,35,36,37,38,39,40,41,42,43,44,45,60,66,72,75,76,78,79,80,81,82,83,84,85,86,87,88,89,90,106,111,120,121,122,123,124,125,126,127,128,129,130,131,132,133,134,135,151,152,155,165,166,167,168,170,171,172,173,174,175,176,177,178,179,180,191,200,201,211,212,217,218,219,220,221,222,223,224,225,243,247,262,263,264,266,267,268,269,270,307,308,309,310,311,312,313,314,315,333,353,354,355,356,357,358,359,360,373,374,382,383,384,385,386,397,399,400,401,404,405,419,429,430,431,445,446,450,468,489,492,495,512,517,519,520,534,537,538,539,540,558,563,566,570,580,581,584,602,603,608,609,611,612,613,614,615,626,627,628,629,630,654,655,656,657,658,659,660,672,673,700,701,702,703,704,705,719,720,745,748,749,750,765,791,793,794,795,838,839,882,883,889,923,928,931,933,934,969,973,974,975,976,977,978,979,1018,1019,1020,1024,1060,1063,1064,1065,1070,1071,1105,1109,1110,1111,1112,1114,1115,1116,1149,1153,1155,1156,1157,1159,1160,1197,1200,1201,1202,1203,1204,1205,1206,1207,1246,1247,1248,1251,1252,1285,1291,1293,1336,1338
57,57,210
10,14,15,36,37,38,39,40,41,43,44,45,75,78,79,82,83,84,85,86,88,89,90,127,128,129,130,132,135,155,167,168,169,170,171,172,173,174,175,176,179,180,200,201,212,218,219,221,222,223,224,225,247,263,264,265,266,267,268,269,270,288,303,308,311,312,313,314,315,348,353,354,357,359,360,373,374,384,385,397,398,399,400,405,418,419,429,430,445,446,447,450,473,488,491,492,512,517,518,537,538,540,558,563,570,579,580,581,582,583,584,603,608,610,611,612,614,615,625,626,627,628,629,649,654,655,656,657,658,659,660,671,672,673,674,675,699,700,701,702,703,704,705,720,745,748,749,750,765,787,793,794,795,836,838,839,882,883,886,898,928,931,933,934,944,973,975,978,979,1014,1018,1019,1020,1060,1064,1065,1070,1071,1105,1110,1111,1112,1115,1152,1154,1155,1156,1159,1160,1196,1197,1198,1200,1201,1202,1203,1205,1206,1207,1245,1246,1247,1248,1251,1291,1292,1293,1336,1337,1338
33,33,204
8,18,19,20,52,53,65,66,97,98,99,142,143,144,145,146,147,148,182,183,188,189,190,191,192,193,194,200,201,202,228,229,233,234,235,236,237,238,239,240,245,246,247,248,249,274,278,279,280,281,282,283,284,285,294,323,324,325,326,327,328,329,330,331,339,373,374,375,376,420,421,433,465,466,467,476,477,510,511,512,522,548,556,557,572,592,593,594,601,602,616,638,639,661,662,706,707,708,747,748,750,752,753,793,794,795,798,799,833,839,840,843,844,845,884,885,886,889,890,925,929,930,931,932,934,935,936,967,968,975,976,977,979,980,981,1013,1014,1021,1022,1023,1024,1025,1026,1059,1060,1066,1067,1068,1070,1071,1072,1104,1105,1111,1112,1113,1114,1116,1117,1118,1149,1156,1157,1158,1159,1161,1162,1163,1201,1202,1203,1204,1205,1206,1207,1208,1209,1246,1247,1248,1249,1250,1251,1252,1253,1254,1292,1293,1294,1295,1296,1298,1299,1300,1326,1331,1336,1338,1339,1340,1341,1343,1344,1345
10,10,168
9,21,42,45,54,65,66,74,78,82,83,85,88,99,100,101,110,111,113,117,125,126,127,128,131,133,146,155,156,158,173,174,176,177,178,191,200,201,215,216,220,221,222,223,224,237,257,258,259,260,264,267,268,283,301,305,306,309,312,313,314,315,328,329,348,349,351,352,353,354,356,357,358,359,360,374,375,380,393,394,404,405,420,440,441,449,450,465,466,476,477,485,486,490,491,494,495,496,510,511,532,534,535,536,537,538,576,578,579,580,581,582,583,623,624,625,626,627,628,668,669,670,671,672,673,674,675,714,715,716,717,718,719,720,745,758,765,795,809,810,854,855,899,900,931,945,976,1035,1068,1071,1110,1113,1155,1201,1205,1246,1252,1291,1292,1296,1297,1299,1300,1337,1340,1341,1344,1345
49,49,122
21,22,37,39,65,66,82,99,100,110,111,125,126,128,145,155,156,158,173,175,176,191,200,216,218,219,222,223,237,257,260,261,263,264,267,268,283,301,302,309,312,313,314,329,348,357,358,359,360,374,375,394,404,405,420,439,444,449,450,465,466,476,477,485,489,490,491,495,510,511,530,531,532,535,536,581,582,623,625,626,627,667,669,670,671,672,673,674,712,713,714,715,716,718,719,720,758,759,764,765,804,805,810,855,900,945,976,1021,1064,1068,1113,1201,1246,1252,1292,1297,1300,1334,1337,1340,1341,1345
3,3,104
21,22,66,67,74,82,111,112,113,127,130,145,155,158,170,175,176,191,215,216,217,223,237,257,259,260,262,264,267,268,283,302,305,306,313,349,358,359,375,390,394,398,399,404,405,420,439,440,443,449,450,465,466,476,477,485,491,495,511,530,531,535,536,577,581,583,620,622,625,626,627,668,669,670,671,672,673,713,714,715,716,717,718,719,720,758,760,762,763,765,804,810,831,850,855,900,945,976,990,1113,1292,1297,1337,1341
90,90,92
21,22,45,66,67,68,84,111,112,113,130,145,155,156,158,170,191,215,216,217,237,260,261,267,302,303,304,308,312,313,329,340,348,358,359,375,394,404,405,420,439,440,441,442,443,449,450,465,476,477,485,488,495,511,527,530,531,534,536,540,572,573,577,582,622,669,670,671,672,713,714,715,716,717,759,760,761,763,764,765,804,805,806,810,850,900,976,1021,1113,1292,1297,1341
3,3,86
21,22,44,45,66,67,68,90,111,113,145,155,156,158,170,172,173,191,216,217,237,259,260,283,303,306,308,309,313,348,349,352,358,375,390,393,394,395,403,404,420,439,440,441,449,450,466,485,495,511,530,531,535,536,541,572,573,622,626,671,672,673,713,714,716,717,718,759,760,761,764,805,810,850,855,976,1021,1035,1060,1114,1115,1247,1292,1297,1338,1341
59,59,62
22,28,45,66,67,68,111,112,173,218,220,260,261,262,301,302,303,312,340,349,352,358,375,393,394,405,420,439,440,441,442,466,483,485,486,487,489,494,495,511,523,530,531,540,573,620,622,623,668,669,713,714,757,759,760,805,850,976,1021,1247,1292,1338
102,102,59
21,22,27,45,66,67,68,90,111,112,158,174,216,217,218,262,263,301,305,339,340,348,349,352,353,354,393,394,405,420,439,440,441,442,451,466,483,485,487,511,523,530,569,579,668,713,714,716,757,760,761,805,850,896,976,1021,1247,1292,1338
3,3,67
21,22,45,67,68,73,74,90,111,112,158,216,261,263,301,303,305,307,339,340,348,349,350,352,354,390,393,394,439,440,441,451,466,483,485,511,523,530,540,568,569,572,573,576,579,620,622,627,648,668,671,712,713,715,759,760,805,806,844,851,896,976,987,1021,1022,1292,1338
