504,2203
67,67,148
5,6,7,8,10,11,13,15,19,20,21,22,23,28,50,51,52,55,57,64,65,66,67,95,96,97,98,100,101,107,109,110,111,112,141,142,143,144,145,148,151,154,155,156,157,158,186,187,188,189,190,196,199,200,201,207,231,232,233,234,240,244,245,246,276,277,278,285,286,287,288,289,290,321,326,327,328,366,378,409,410,423,452,513,736,777,778,854,855,894,895,896,897,898,899,900,939,940,941,942,943,944,945,956,984,985,986,987,988,989,990,1029,1030,1031,1033,1034,1035,1074,1075,1076,1077,1078,1119,1120,1121,1122,1123,1164,1165,1166,1167,1168,1209,1210,1211,1212,1213,1215,1254,1255,1256,1257,1258,1259,1260,1299,1300,1301
136,136,127
11,19,20,21,22,25,26,64,65,100,101,109,110,136,137,138,144,145,146,147,148,153,154,155,181,182,183,184,188,189,190,191,192,193,198,199,200,214,226,227,228,229,230,232,233,234,235,236,237,238,244,245,271,272,273,274,275,277,278,279,280,281,282,289,290,316,317,318,319,325,326,333,334,361,362,363,364,370,371,372,377,378,379,380,406,408,417,423,424,425,513,645,690,691,778,779,937,938,939,940,941,942,943,944,945,956,983,987,988,989,990,1001,1033,1034,1035,1071,1076,1077,1119,1120,1121,1122,1124,1166,1167,1168,1169
12,12,134
10,11,14,19,20,21,22,23,24,25,26,56,57,64,65,66,67,92,99,100,101,109,110,136,137,138,143,144,145,146,147,148,153,154,155,181,182,183,184,188,189,190,191,192,193,198,199,200,214,226,227,228,229,230,232,233,234,235,236,237,238,244,245,271,272,273,274,275,276,277,278,279,280,282,283,289,290,316,317,318,319,322,323,325,333,334,361,362,363,364,377,378,379,406,408,409,423,424,425,513,645,646,690,691,778,779,938,939,940,941,942,943,944,945,956,985,987,988,989,990,1001,1033,1034,1035,1076,1077,1119,1120,1121,1122,1166,1167,1168,1169
100,100,140
11,19,20,21,22,64,65,100,109,110,137,138,142,144,145,147,148,149,153,154,155,182,183,184,187,188,189,190,191,192,199,200,226,227,228,229,230,233,234,235,236,237,244,245,271,272,273,274,275,277,278,279,282,289,290,316,317,318,319,322,325,333,334,361,362,363,364,369,370,378,379,408,423,424,513,646,778,779,897,898,899,900,939,940,941,942,943,944,945,983,985,987,988,989,990,1001,1028,1031,1032,1033,1034,1035,1074,1075,1076,1077,1078,1079,1080,1119,1120,1121,1122,1123,1124,1125,1165,1166,1167,1168,1169,1170,1212,1213,1214,1215,1257,1258,1259,1260,1301,1302,1303,1304,1305,1346,1347,1348,1349,1350
63,63,169
225,270,315,360,404,405,449,450,493,494,495,538,539,540,582,583,584,585,627,628,629,630,671,672,673,674,675,716,717,718,719,720,760,761,762,763,764,765,805,806,807,808,809,810,849,850,851,852,853,854,855,893,894,895,896,897,898,899,900,937,938,939,940,941,942,943,944,945,981,982,983,984,985,986,987,988,989,990,1026,1027,1028,1029,1030,1031,1032,1033,1034,1035,1071,1072,1073,1074,1075,1076,1077,1078,1079,1080,1116,1117,1118,1119,1120,1121,1122,1123,1124,1125,1160,1161,1162,1163,1164,1165,1166,1167,1168,1169,1170,1204,1205,1206,1207,1208,1209,1210,1211,1212,1213,1214,1215,1249,1250,1251,1252,1253,1254,1255,1256,1257,1258,1259,1260,1293,1294,1295,1296,1297,1298,1299,1300,1301,1302,1303,1304,1305,1338,1339,1340,1341,1342,1343,1344,1345,1346,1347,1348,1349,1350
20,20,272
41,42,43,44,45,86,87,88,89,90,130,131,132,133,134,135,175,176,177,178,179,180,220,221,222,223,224,225,265,266,267,268,269,270,309,310,311,312,313,314,315,354,355,356,357,358,359,360,399,400,401,402,403,404,405,444,445,446,447,448,449,450,489,490,491,492,493,494,495,532,533,534,535,536,537,538,539,540,576,577,578,579,580,581,582,583,584,621,622,623,624,625,626,627,628,629,665,666,667,668,669,670,671,672,673,674,710,711,712,713,714,715,716,717,718,719,755,756,757,758,759,760,761,762,763,799,800,801,802,803,804,805,806,807,808,843,844,845,846,847,848,849,850,851,852,887,888,889,890,891,892,893,894,895,896,897,898,932,933,934,935,936,937,938,939,940,941,942,943,944,945,976,977,978,979,980,981,982,983,984,985,986,987,988,989,1021,1022,1023,1024,1025,1026,1027,1028,1029,1030,1031,1032,1066,1067,1068,1069,1070,1071,1072,1073,1074,1075,1076,1077,1078,1112,1113,1114,1115,1116,1117,1118,1119,1120,1121,1122,1155,1156,1157,1158,1159,1160,1161,1162,1163,1164,1165,1166,1167,1199,1201,1202,1203,1204,1205,1206,1207,1208,1209,1244,1245,1246,1247,1248,1249,1250,1251,1252,1253,1254,1290,1291,1292,1293,1294,1295,1296,1297,1333,1334,1335,1336,1337,1338,1339,1340,1341
61,61,384
31,32,33,34,35,36,37,38,39,40,41,42,43,44,75,76,77,78,79,80,81,82,83,84,85,86,87,88,120,121,122,123,124,125,126,127,128,129,130,131,132,133,165,166,167,168,169,170,171,172,173,174,175,176,177,178,210,211,212,213,214,215,216,217,218,219,220,221,222,254,255,256,257,258,259,260,261,262,263,264,265,266,267,268,299,300,301,302,303,304,305,306,307,308,309,343,344,345,346,347,348,349,350,351,352,387,388,389,390,391,392,393,394,395,396,431,432,433,434,435,436,437,438,439,440,441,476,477,478,479,480,481,482,483,484,485,486,520,521,522,523,524,525,526,527,528,529,530,531,532,565,566,567,568,569,570,571,572,573,574,575,576,577,610,611,612,613,614,615,616,617,618,619,620,621,655,656,657,658,659,660,661,662,663,664,665,666,699,700,701,702,703,704,705,706,707,708,709,710,743,744,745,746,747,748,749,750,751,752,753,754,788,789,790,791,792,793,794,795,796,797,798,799,832,833,834,835,836,837,838,839,840,841,842,843,878,879,880,881,882,883,884,885,886,887,888,918,922,923,924,925,926,927,928,929,930,931,932,933,965,966,967,968,969,970,971,972,973,974,975,976,977,978,979,1010,1011,1012,1013,1014,1015,1016,1017,1018,1019,1020,1021,1022,1023,1055,1056,1057,1058,1059,1060,1061,1062,1063,1064,1065,1066,1067,1068,1069,1099,1100,1101,1102,1103,1104,1105,1106,1107,1108,1109,1110,1111,1112,1113,1145,1146,1147,1148,1149,1150,1151,1152,1153,1154,1155,1156,1157,1158,1190,1191,1192,1193,1194,1195,1196,1197,1198,1199,1200,1201,1234,1235,1236,1237,1238,1239,1240,1241,1242,1243,1244,1245,1246,1247,1279,1280,1281,1282,1283,1284,1285,1286,1287,1288,1289,1290,1291,1323,1324,1325,1326,1327,1328,1329,1330,1331,1332,1333,1334,1335
134,134,448
19,20,21,22,23,24,25,26,27,28,29,30,31,32,33,34,64,65,66,67,68,69,70,71,72,73,74,75,76,77,78,79,109,110,111,112,113,114,115,116,117,118,119,120,121,122,153,154,155,156,157,158,159,160,161,162,163,164,165,166,167,168,198,199,200,201,202,203,204,205,206,207,208,209,210,211,212,243,244,245,246,247,248,249,250,251,252,253,254,255,265,287,288,289,290,291,292,293,294,295,296,297,298,299,300,301,332,333,334,335,336,337,338,339,340,341,342,343,344,345,346,377,378,379,380,381,382,383,384,385,386,387,388,389,390,391,392,421,422,423,424,425,426,427,428,429,430,431,432,433,434,435,466,467,468,469,470,471,472,473,474,475,476,477,478,479,510,511,512,513,514,515,516,517,518,519,520,521,522,523,524,555,556,557,558,559,560,561,562,563,564,565,566,567,568,599,600,601,602,603,604,605,606,607,608,609,610,611,612,644,645,646,647,648,649,650,651,652,653,654,655,656,688,689,690,691,692,693,694,695,696,697,698,699,700,701,702,733,734,735,736,737,738,739,740,741,742,743,744,745,746,778,779,780,781,782,783,784,785,786,787,788,789,790,791,822,823,824,825,826,827,828,829,830,831,832,833,834,835,836,837,867,868,869,870,871,872,873,874,875,876,877,878,879,880,881,911,912,913,914,915,916,917,918,919,920,921,922,923,924,925,955,956,957,958,959,960,961,962,963,964,965,966,967,968,969,970,1000,1001,1002,1003,1004,1005,1006,1007,1008,1009,1010,1011,1012,1013,1014,1015,1045,1046,1047,1048,1049,1050,1051,1052,1053,1054,1055,1056,1057,1058,1059,1090,1091,1092,1093,1094,1095,1096,1097,1098,1099,1100,1101,1102,1103,1104,1134,1135,1136,1137,1138,1139,1140,1141,1142,1143,1144,1145,1146,1147,1148,1149,1180,1181,1182,1183,1184,1185,1186,1187,1188,1189,1190,1191,1192,1193,1223,1224,1225,1226,1227,1228,1229,1230,1231,1232,1233,1234,1235,1236,1237,1268,1269,1270,1271,1272,1273,1274,1275,1276,1277,1278,1279,1280,1281,1282,1313,1314,1315,1316,1317,1318,1319,1320,1321,1322,1323,1324,1325,1326,1327
134,134,465
9,10,11,12,13,14,15,16,17,18,19,20,21,22,23,24,25,26,53,54,55,56,57,58,59,60,61,62,63,64,65,66,67,68,98,99,100,101,102,103,104,105,106,107,108,109,110,111,112,113,143,144,145,146,147,148,149,150,151,152,153,154,155,156,157,158,188,189,190,191,192,193,194,195,196,197,198,199,200,201,202,203,204,233,234,235,236,237,238,239,240,241,242,243,244,245,246,247,248,277,278,279,280,281,282,283,284,285,286,287,288,289,290,291,292,322,323,324,325,326,327,328,329,330,331,332,333,334,335,336,337,365,366,367,368,369,370,371,372,373,374,375,376,377,378,379,380,381,382,411,412,413,414,415,416,417,418,419,420,421,422,423,424,425,426,455,456,457,458,459,460,461,462,463,464,465,466,467,468,469,470,471,501,502,503,504,505,506,507,508,509,510,511,512,513,514,515,546,547,548,549,550,551,552,553,554,555,556,557,558,559,592,593,594,595,596,597,598,599,600,601,602,603,604,635,636,637,638,639,640,641,642,643,644,645,646,647,648,649,679,680,681,682,683,684,685,686,687,688,689,690,691,692,693,694,723,725,726,727,728,729,730,731,732,733,734,735,736,737,738,768,769,770,771,772,773,774,775,776,777,778,779,780,781,782,783,813,814,815,816,817,818,819,820,821,822,823,824,825,826,827,828,856,857,858,859,860,861,862,863,864,865,866,867,868,869,870,871,872,901,902,903,904,905,906,907,908,909,910,911,912,913,914,915,916,917,946,947,948,949,950,951,952,953,954,955,956,957,958,959,960,961,991,992,993,994,995,996,997,998,999,1000,1001,1002,1003,1004,1005,1006,1036,1037,1038,1039,1040,1041,1042,1043,1044,1045,1046,1047,1048,1049,1050,1081,1082,1083,1084,1085,1086,1087,1088,1089,1090,1091,1092,1093,1094,1095,1126,1127,1128,1129,1130,1131,1132,1133,1134,1135,1136,1137,1138,1139,1171,1172,1173,1174,1175,1176,1177,1178,1179,1180,1181,1182,1183,1184,1216,1217,1218,1219,1220,1221,1222,1223,1224,1225,1226,1227,1228,1229,1261,1262,1263,1264,1265,1266,1267,1268,1269,1270,1271,1272,1273,1306,1307,1308,1309,1310,1311,1312,1313,1314,1315,1316,1317
64,64,398
2,3,4,5,6,7,8,9,10,11,12,13,14,15,16,17,18,19,20,21,46,47,48,49,50,51,52,53,54,55,56,57,58,59,60,61,62,63,64,91,92,93,94,95,96,97,98,99,100,101,102,103,104,105,106,107,108,109,136,137,138,139,140,141,142,143,144,145,146,147,148,149,150,151,152,153,164,181,182,183,184,185,186,187,188,189,190,191,192,193,194,195,196,197,198,199,226,227,228,229,230,231,232,233,234,235,236,237,238,239,240,241,242,243,271,272,273,274,275,276,277,278,279,280,281,282,283,284,285,286,287,288,316,317,318,319,320,321,322,323,324,325,326,327,328,329,330,331,332,361,362,363,364,365,366,367,368,369,370,371,372,373,375,376,377,406,407,408,409,410,411,412,413,414,415,416,417,418,419,420,421,422,451,452,453,454,455,456,457,458,459,460,461,462,463,464,465,466,496,497,498,499,500,501,502,503,504,505,506,507,508,509,510,511,541,542,543,544,545,546,547,548,549,550,551,552,553,554,555,586,587,588,589,590,591,592,593,594,595,596,597,598,599,631,632,633,634,635,636,637,638,639,640,641,642,643,644,676,677,678,679,680,681,682,683,684,685,686,687,688,689,721,722,723,724,725,726,727,728,729,730,731,732,733,766,767,768,769,770,771,772,773,774,775,777,811,812,813,814,815,816,817,818,819,820,821,856,857,858,859,860,861,862,863,864,865,866,901,902,903,904,905,906,907,908,909,910,911,946,947,948,949,950,951,952,953,954,955,991,992,993,994,995,996,997,998,999,1036,1037,1038,1039,1040,1041,1042,1043,1044,1081,1082,1083,1084,1085,1086,1087,1088,1126,1127,1128,1129,1130,1131,1132,1133,1171,1172,1173,1174,1175,1176,1177,1178,1216,1217,1218,1219,1220,1221,1222,1261,1262,1263,1264,1265,1266,1306,1307,1308,1309,1310
17,17,376
1,2,3,4,5,6,7,8,9,10,11,12,13,14,15,16,17,18,19,21,46,47,48,49,50,51,52,53,54,55,56,57,58,59,60,61,62,63,64,65,91,92,93,94,95,96,97,98,99,100,101,102,103,104,105,106,107,108,109,136,137,138,139,140,141,142,143,144,145,146,147,148,149,150,151,152,153,154,155,181,182,183,184,185,186,187,188,189,190,191,192,193,194,195,196,197,198,226,227,228,229,230,231,232,233,234,235,236,237,238,239,240,241,242,243,271,272,273,274,275,276,277,278,279,280,281,282,283,284,285,286,287,316,317,318,319,320,321,322,323,324,325,326,327,328,329,330,331,332,361,362,363,364,365,366,367,368,369,370,371,372,373,374,375,376,377,406,407,408,409,410,411,412,413,414,415,416,417,418,420,421,423,451,452,453,454,455,456,457,458,459,460,461,462,463,464,466,467,468,496,497,498,499,500,501,502,503,504,505,506,507,508,509,510,511,541,542,543,544,545,546,547,548,549,550,551,552,553,554,555,556,586,587,588,589,590,591,592,593,594,595,596,597,598,599,600,631,632,633,634,635,636,637,638,639,640,641,642,643,644,645,676,677,678,679,680,681,682,683,684,685,686,687,688,689,721,722,723,724,725,726,727,728,729,730,731,732,733,734,766,767,768,769,770,771,772,773,774,775,811,812,813,814,815,816,817,818,819,856,857,858,859,860,861,862,863,864,865,901,902,903,904,905,906,907,908,910,911,946,947,948,949,950,951,952,955,956,991,992,993,994,995,1000,1001,1036,1037,1038,1039,1041,1081,1082,1083,1084,1085,1086,1090,1126,1127,1128,1129,1132,1171,1172,1173,1174,1177,1216,1217,1218,1261,1262,1263,1306,1307,1308,1310
4,4,367
1,2,3,4,5,6,7,8,9,10,11,12,13,14,15,16,17,18,19,20,21,22,23,24,25,26,27,28,46,47,48,49,50,51,52,53,54,55,56,57,58,59,60,61,62,63,64,65,69,70,71,79,91,92,93,94,95,96,97,98,99,100,101,102,103,104,105,106,107,108,109,110,115,116,136,137,138,139,140,141,142,143,144,145,146,147,148,149,150,151,152,153,154,155,181,182,183,184,185,186,187,188,189,190,191,192,193,194,195,196,197,198,199,200,226,227,228,229,230,231,232,233,234,235,236,237,238,239,240,241,242,243,244,245,271,272,273,274,275,276,277,278,279,280,281,282,283,284,285,286,287,288,289,290,316,317,318,319,320,321,322,323,324,325,326,327,328,329,330,331,332,333,334,361,362,363,364,365,366,367,368,369,370,371,372,373,374,375,376,377,378,406,407,408,409,410,411,412,413,414,415,416,417,418,419,420,421,422,423,451,452,453,454,455,456,457,458,459,460,461,462,463,464,465,466,467,468,496,497,498,499,500,501,502,503,504,505,506,507,508,509,510,511,512,513,541,542,543,544,545,546,547,548,549,550,551,552,553,554,555,556,557,586,587,588,589,590,591,592,593,594,595,596,597,598,599,600,601,631,632,633,634,635,636,637,638,639,640,641,642,643,644,645,646,676,677,678,679,680,682,684,685,686,687,688,689,690,721,722,723,724,725,727,729,730,731,732,733,734,735,766,767,768,769,770,771,774,776,777,778,779,811,812,813,814,818,819,821,822,856,857,858,859,863,864,866,901,902,903,909,910,911,946,947,948,991,992,1000,1001,1036,1037,1045,1046,1081,1089,1090,1091
114,114,354
1,2,3,4,5,6,7,8,9,10,11,12,13,14,15,16,17,18,19,20,21,22,23,24,25,26,27,35,46,47,48,49,50,51,52,53,54,55,56,57,58,59,60,61,62,63,64,65,66,67,69,70,71,91,92,93,94,95,96,97,98,99,100,101,102,103,104,105,106,107,108,109,110,111,114,115,116,136,137,138,139,140,141,142,143,144,145,146,147,148,149,150,151,152,153,154,155,181,182,183,184,185,186,187,188,189,190,191,192,193,194,195,196,197,198,199,200,213,226,227,228,229,230,231,232,233,234,235,236,237,238,239,240,241,242,243,244,245,257,258,259,271,272,273,274,275,276,277,278,279,280,281,282,283,284,285,286,287,288,289,290,316,317,318,319,320,321,322,323,324,325,326,327,328,329,330,331,332,333,334,361,362,363,364,365,366,367,368,369,370,371,372,373,374,375,376,377,378,379,406,407,408,409,410,411,412,413,414,415,416,417,418,419,420,421,422,423,451,452,453,454,455,456,457,458,459,460,461,462,463,464,465,466,467,468,473,496,497,498,499,500,501,502,503,504,505,506,507,508,509,510,511,512,541,542,543,544,545,546,547,548,549,550,551,552,553,554,555,556,586,587,588,589,590,591,592,593,594,595,596,597,598,599,600,601,631,632,633,634,635,636,640,641,642,643,644,645,646,676,677,678,679,680,685,686,687,688,689,690,691,721,722,723,724,725,727,730,731,732,733,734,735,766,767,775,776,777,778,779,811,812,821,822,856,857,865,866,902,910,911,944,954,955,956,989,990,999,1000,1001,1044,1045,1090,1091,1268
59,59,348
1,2,3,4,5,6,7,8,9,10,11,12,13,14,15,16,17,18,19,20,21,22,23,24,25,26,27,28,30,32,33,35,36,46,47,48,49,50,51,52,53,54,55,56,57,58,59,60,61,62,63,64,65,66,67,69,70,71,78,79,80,81,91,92,93,94,95,96,97,98,99,100,101,102,103,104,105,106,107,108,109,110,111,114,115,116,121,136,137,138,139,140,141,142,143,144,145,146,147,148,149,150,151,152,153,154,155,170,181,182,183,184,185,186,187,188,189,190,191,192,193,194,195,196,197,198,199,200,211,212,213,214,215,226,227,228,229,230,231,232,233,234,235,236,237,238,239,240,241,242,243,244,245,256,257,258,259,260,271,272,273,274,275,276,277,278,279,280,281,282,283,284,285,286,287,288,289,290,305,306,316,317,318,319,320,321,322,323,324,325,326,327,328,329,330,331,332,333,334,361,362,363,364,365,366,367,368,369,370,371,372,373,374,375,376,377,378,379,406,407,408,409,410,411,412,413,414,415,416,417,418,419,420,421,422,423,451,452,453,454,455,456,457,458,459,460,461,462,463,464,465,466,467,468,496,497,498,499,500,501,502,503,504,505,506,507,508,509,510,511,512,513,541,542,543,544,545,546,547,548,549,550,551,552,553,554,555,556,586,587,588,590,591,592,593,596,597,598,599,600,601,632,635,641,642,643,644,645,646,676,678,686,687,688,689,690,691,721,730,731,732,733,734,775,777,778,779,865,866,910,911,912,943,944,945,989,990,1000,1001,1031,1045,1076,1077,1090,1091,1123,1124,1167
31,31,329
2,5,6,7,8,9,10,11,12,13,14,15,16,17,18,19,20,21,22,23,24,25,26,27,28,29,30,31,32,33,49,50,51,52,53,54,55,56,57,58,59,60,61,62,63,64,65,66,69,70,71,75,77,78,79,93,94,95,96,97,98,99,100,101,102,103,104,105,106,107,108,109,110,111,115,116,122,124,138,139,140,141,142,143,144,145,146,147,148,149,150,151,152,153,154,155,161,170,181,182,183,184,185,186,187,188,189,190,191,192,193,194,195,197,198,199,200,211,212,213,214,215,226,227,228,229,230,231,232,233,234,235,236,237,238,239,240,241,242,243,244,245,257,258,259,260,271,272,273,274,275,276,277,278,279,280,281,282,283,284,285,286,287,288,289,290,305,316,317,318,319,320,321,322,323,324,325,326,327,328,329,330,331,332,333,334,350,361,362,363,364,365,366,367,368,369,370,371,372,373,374,375,376,377,378,379,406,407,408,409,410,411,412,413,414,415,416,417,418,419,420,421,422,423,448,451,452,453,454,455,456,457,458,459,460,461,462,463,464,465,466,467,468,496,497,498,499,500,501,502,503,505,506,507,508,509,510,511,512,513,518,541,542,543,544,545,546,547,548,552,553,554,555,556,586,597,598,599,600,601,641,642,643,644,645,646,685,686,687,688,689,690,691,731,732,733,734,735,777,778,779,821,866,911,943,944,945,955,956,987,988,989,990,1000,1001,1045,1075,1076,1077,1090,1091,1120,1121,1123,1124,1125,1166,1167,1170
5,5,323
5,6,7,8,9,10,11,12,13,14,15,16,17,18,19,20,21,22,23,24,25,26,27,28,29,30,32,33,34,51,52,53,54,55,56,57,58,59,60,61,62,63,64,65,66,67,69,71,73,75,76,78,79,96,97,98,99,100,101,102,103,104,105,106,107,108,109,110,111,115,116,123,138,140,141,142,143,144,145,146,147,148,149,150,151,152,153,154,155,170,183,184,185,186,187,188,189,190,191,192,193,194,195,196,197,198,199,200,211,212,213,214,215,226,227,228,229,230,231,232,233,234,235,236,237,238,239,240,241,242,243,244,245,256,257,258,259,260,271,272,273,274,275,276,277,278,279,280,281,282,283,284,285,286,287,288,289,290,303,305,316,317,318,319,320,321,322,323,324,325,326,327,328,329,330,331,332,333,334,349,350,361,362,363,364,365,366,367,368,369,370,371,372,373,374,375,376,377,378,379,384,385,406,407,408,409,410,411,412,413,414,415,416,417,418,419,420,421,422,423,451,452,453,454,455,456,457,458,460,461,462,463,464,465,466,467,468,496,497,498,499,500,501,502,503,504,505,506,507,508,509,510,511,512,513,543,544,545,546,547,548,552,553,554,555,556,597,598,599,600,601,641,642,643,644,645,646,685,687,688,689,690,691,730,731,732,733,734,735,776,777,778,779,783,911,942,943,944,945,988,989,990,1000,1001,1031,1032,1045,1046,1075,1076,1077,1090,1091,1120,1121,1122,1123,1124,1125,1167,1168,1169,1170
80,80,304
5,6,7,8,9,10,11,12,13,14,15,16,17,18,19,20,21,22,23,24,25,26,27,28,33,34,50,51,52,53,54,55,56,57,58,60,61,62,63,64,65,66,67,70,71,75,95,96,97,98,99,100,101,102,103,104,105,106,107,108,109,110,111,116,138,139,140,141,142,143,144,145,146,147,148,149,150,151,152,153,154,155,167,170,181,182,183,184,185,186,187,188,189,190,191,192,193,194,195,197,198,199,200,211,212,213,214,215,226,227,228,229,230,231,232,233,234,235,236,237,238,239,240,241,242,243,244,245,257,258,259,271,272,273,274,275,276,277,278,279,280,281,282,283,284,286,287,288,289,290,303,316,317,318,319,320,321,322,323,324,325,326,327,328,329,330,331,332,333,334,349,350,361,362,363,364,365,366,367,368,369,370,371,372,373,374,375,376,377,378,379,406,407,408,409,410,411,412,413,414,415,416,417,418,419,420,421,422,423,451,452,453,454,455,456,457,458,460,461,462,463,464,465,466,467,468,497,498,499,500,501,502,503,504,505,506,507,508,509,510,511,512,513,541,542,543,544,545,546,547,548,552,553,554,555,556,597,598,599,600,601,642,643,644,645,646,687,688,689,690,691,731,732,733,734,735,777,778,779,783,821,910,911,944,945,955,987,989,990,1000,1001,1076,1077,1090,1091,1121,1122,1123,1124,1125,1167,1168,1169,1170
54,54,294
6,7,8,9,10,11,12,13,14,15,16,17,18,19,20,21,22,23,24,25,26,27,28,29,34,51,52,53,54,55,56,57,58,59,61,62,63,64,65,66,70,71,79,81,96,97,98,99,100,101,102,103,104,105,106,107,108,109,110,111,116,124,140,141,142,143,144,145,146,147,148,150,151,152,153,154,155,170,181,182,183,184,185,186,187,188,189,190,191,192,193,194,195,196,197,198,199,200,210,211,212,213,214,215,226,227,228,229,230,231,232,233,234,235,236,237,238,239,240,241,242,243,244,245,256,257,258,259,260,271,272,273,274,275,276,277,278,279,280,281,282,283,285,286,287,288,289,290,304,316,317,318,319,320,321,322,323,324,325,326,327,328,329,330,331,332,333,334,349,350,361,362,363,364,365,366,367,368,369,370,371,372,373,374,375,376,377,378,406,407,408,409,410,411,412,413,414,415,416,417,418,419,420,421,422,423,451,452,453,454,455,456,457,458,459,460,461,462,463,464,465,466,467,468,496,497,498,499,500,501,502,503,505,508,509,510,511,513,544,545,546,547,548,552,553,554,555,556,597,598,599,600,601,642,643,644,645,646,687,688,689,690,691,731,732,733,734,735,777,778,779,866,910,943,944,945,989,990,1000,1001,1031,1045,1046,1076,1077,1090,1091,1121,1122,1123,1124,1167,1169,1170
1,1,268
1,6,7,8,9,10,11,12,13,14,16,17,18,19,20,21,22,23,24,25,27,28,30,31,32,33,51,52,53,54,55,56,57,58,60,61,62,63,64,65,66,67,70,71,72,73,78,79,96,97,98,99,100,101,102,103,104,105,106,107,108,109,110,111,115,116,141,142,143,144,145,146,147,148,149,150,151,152,153,154,155,167,181,186,187,188,189,190,191,192,193,194,195,196,197,198,211,212,213,215,226,227,228,229,230,231,232,233,234,235,236,237,238,240,241,242,243,257,258,259,271,272,273,274,275,276,277,278,279,280,281,282,285,286,287,288,289,290,303,316,317,318,319,320,321,322,323,324,325,326,330,331,332,333,349,350,361,362,363,364,365,366,367,368,369,370,372,373,374,375,376,377,378,406,407,408,409,410,411,412,413,414,415,417,418,419,420,421,422,423,451,452,453,454,455,456,457,458,462,463,464,465,466,467,469,496,497,498,499,500,501,502,503,505,508,509,510,511,541,542,543,544,545,546,547,548,553,554,555,586,598,599,600,601,643,644,645,646,687,688,689,732,733,734,735,777,778,779,782,944,945,989,990,1000,1001,1046,1075,1076,1077,1090,1091,1120,1121,1122,1123,1125,1169,1170
136,136,254
5,6,8,9,11,12,13,14,16,17,18,19,20,21,22,23,24,25,26,27,28,49,50,51,53,54,55,56,58,60,61,62,63,64,65,66,67,71,92,93,94,95,96,97,98,99,100,101,102,103,105,106,107,108,111,112,113,115,116,138,139,140,141,142,143,145,147,148,149,150,151,152,153,156,157,158,161,182,183,184,185,186,187,188,190,191,192,193,194,195,196,197,198,208,209,210,211,212,213,214,215,227,228,229,230,231,232,233,234,235,236,237,238,241,242,253,254,255,256,257,258,271,272,273,274,275,276,277,278,279,280,281,282,283,285,286,287,299,300,301,302,303,304,305,316,317,318,319,320,321,322,323,324,325,326,327,328,330,331,346,347,348,349,361,362,363,364,365,366,367,368,369,370,371,372,373,374,376,378,391,406,407,408,409,410,411,412,413,414,415,416,417,418,421,451,452,453,454,455,456,457,458,459,462,464,496,497,498,499,500,501,502,503,507,509,510,541,542,543,544,545,546,547,548,553,555,587,588,589,591,598,599,600,642,643,644,688,689,733,734,943,944,945,986,989,990,1076,1077,1121,1123,1124,1125,1170,1249
141,141,239
5,6,8,9,11,12,13,14,16,17,18,19,20,21,22,23,24,25,26,27,28,49,50,51,53,54,55,56,58,60,61,62,63,64,65,66,67,71,94,95,96,97,98,99,100,101,102,103,104,105,106,107,108,111,115,116,138,139,140,141,142,143,145,146,147,148,150,151,160,161,183,184,185,186,187,188,189,190,191,192,193,194,195,196,208,209,210,211,212,213,214,226,227,228,229,230,231,232,233,234,235,236,237,238,239,240,241,242,253,254,255,256,257,258,259,271,272,273,274,275,276,277,278,279,280,281,283,285,286,287,299,301,302,304,316,317,318,319,320,321,322,323,324,325,326,327,328,330,346,347,348,349,350,361,362,363,364,365,366,367,368,369,370,371,372,373,391,406,407,408,409,410,411,412,413,414,415,416,417,418,421,451,452,453,454,455,456,457,458,462,465,468,496,497,498,499,500,501,502,503,507,509,510,541,542,543,544,545,546,547,548,554,588,591,595,598,599,643,686,687,688,689,732,733,734,944,945,987,989,990,1075,1076,1077,1121,1122,1123,1124,1125,1170
30,30,237
4,5,6,8,9,11,12,13,14,16,17,18,19,20,21,22,23,24,25,27,49,50,51,52,53,55,57,58,60,61,62,63,64,65,66,67,71,93,94,95,96,97,98,99,100,102,103,105,106,107,108,111,115,116,137,138,139,140,141,142,143,144,145,146,147,148,149,150,151,161,182,183,184,185,186,187,188,189,190,191,192,193,194,195,196,208,209,210,211,212,213,214,215,227,228,229,230,231,232,233,234,235,236,237,238,239,240,241,242,253,254,255,256,257,258,259,271,272,273,274,275,276,277,278,279,280,281,282,283,285,286,298,299,300,301,302,303,304,305,316,317,318,319,320,321,322,323,324,325,328,330,345,346,347,348,349,361,362,363,364,365,366,367,368,369,370,371,372,373,406,407,408,409,410,411,412,413,414,415,417,451,452,453,454,455,456,457,458,459,462,464,468,496,497,498,499,500,501,502,503,507,509,510,541,542,543,544,545,546,547,548,555,587,588,591,595,600,642,688,689,733,734,943,944,945,987,989,990,1076,1121,1122,1123,1124,1170,1204,1206,1250
30,30,232
5,6,8,9,10,11,12,13,14,16,17,18,19,20,21,22,23,24,25,27,49,50,51,52,53,54,55,56,57,58,60,61,62,63,64,65,66,67,71,94,95,96,97,98,99,100,102,103,105,106,107,108,110,112,113,115,116,138,139,140,141,142,143,144,145,146,147,148,150,157,161,183,184,185,186,187,188,189,190,191,192,193,194,195,207,208,209,210,211,212,213,214,215,226,227,228,229,230,231,232,233,234,235,236,237,238,239,241,253,254,255,256,257,258,259,260,271,272,273,274,275,276,277,278,279,280,281,282,283,285,299,300,301,302,303,304,305,316,317,318,319,320,321,322,323,324,325,326,327,328,345,346,347,348,361,362,363,364,365,366,367,368,369,370,371,372,373,391,406,407,408,409,410,411,412,413,414,416,417,451,452,453,454,455,456,457,458,459,462,496,497,498,499,500,501,502,503,504,507,510,541,542,543,544,545,546,547,548,588,591,595,600,645,688,689,732,733,734,944,945,989,990,1076,1077,1122,1123,1124,1167,1169,1170,1204,1250
136,136,225
4,5,7,8,9,11,14,16,17,18,19,20,21,22,23,24,25,27,49,50,51,52,53,55,56,57,58,60,61,62,63,64,65,66,67,95,96,97,98,99,100,101,102,103,105,106,112,115,116,138,139,140,141,142,143,144,145,146,147,148,150,157,158,161,165,182,183,184,185,186,187,188,189,190,191,192,193,194,195,207,208,209,210,211,212,213,214,215,227,228,229,230,231,232,233,234,235,236,237,238,239,252,253,254,255,256,257,258,259,271,272,273,274,275,276,277,278,279,280,281,282,283,298,299,300,301,302,303,304,316,317,318,319,320,321,322,323,324,325,326,327,328,345,346,347,348,349,361,362,363,364,365,366,367,368,369,370,372,373,391,406,407,408,409,410,411,412,413,414,415,416,417,451,452,453,454,455,456,457,458,459,460,462,468,496,497,498,499,500,501,502,503,507,541,542,543,544,545,546,547,548,555,587,588,600,645,688,689,733,734,944,945,989,990,1071,1076,1077,1122,1123,1124,1170,1205,1206,1249,1250
88,88,219
5,7,8,9,10,11,13,14,16,17,18,19,20,21,22,23,24,25,49,50,52,53,54,55,56,58,60,61,62,64,65,66,67,94,95,96,97,98,99,100,101,102,103,104,105,106,112,115,138,139,140,141,142,143,144,145,146,148,150,157,161,165,166,183,184,185,186,187,188,189,190,191,192,193,194,195,207,208,209,210,211,212,213,214,215,226,227,228,229,230,231,232,233,234,235,236,237,238,239,253,254,255,256,257,258,259,260,271,272,273,274,275,276,277,278,279,280,281,282,283,299,300,301,302,303,304,316,317,318,319,320,321,322,323,324,325,326,327,328,345,346,347,348,361,362,363,364,365,366,367,368,369,370,371,372,373,406,407,408,409,410,411,412,413,414,415,416,417,426,451,452,453,454,455,456,457,458,459,462,468,496,497,498,499,500,501,502,503,504,541,542,543,544,545,546,547,548,555,587,588,600,645,688,689,732,733,734,777,944,945,989,990,1076,1122,1123,1124,1169,1170,1204
4,4,222
4,5,7,8,9,10,11,12,13,14,17,18,19,20,21,22,24,25,49,50,51,52,53,54,55,56,58,60,61,62,65,66,67,95,96,97,98,99,100,101,105,106,112,113,115,138,139,140,141,142,143,144,145,146,148,150,157,158,161,164,165,166,183,184,185,186,187,188,189,190,191,192,193,194,207,208,209,210,211,212,213,214,215,226,227,228,229,230,231,232,233,234,235,236,237,238,252,253,254,255,256,257,258,259,271,272,273,274,275,276,277,278,279,280,281,282,283,298,299,300,301,302,303,304,316,317,318,319,320,321,322,323,324,325,326,327,328,345,346,347,348,361,362,363,364,365,366,367,368,369,370,371,372,373,406,407,408,409,410,411,412,413,414,416,417,421,451,452,453,454,455,456,457,458,459,460,461,462,496,497,498,499,500,501,502,503,506,541,542,543,544,545,546,547,548,555,556,587,588,599,600,645,688,689,733,734,944,945,989,990,1076,1077,1121,1122,1123,1124,1169,1170,1204,1205,1206,1250
110,110,198
5,7,9,10,11,13,14,17,18,19,20,21,22,24,25,49,52,53,54,55,56,58,65,66,67,68,95,96,97,98,99,100,101,102,103,105,112,113,115,138,139,141,142,143,144,145,146,148,157,161,164,165,166,167,184,185,186,187,188,189,190,191,192,193,194,207,208,209,210,211,212,213,214,215,227,228,229,230,231,232,233,234,235,236,253,254,255,256,257,258,259,260,271,272,273,274,275,276,277,278,279,280,281,282,283,299,300,301,302,303,304,305,316,317,318,319,320,321,322,323,324,325,326,327,328,345,346,347,348,361,362,363,364,365,366,367,368,369,370,371,372,406,407,408,409,410,411,412,413,414,416,452,453,454,455,456,457,458,459,461,462,497,498,499,500,501,502,503,506,510,542,543,544,545,546,548,599,600,601,645,687,688,689,732,733,734,910,944,945,989,990,1076,1122,1123,1124,1169,1170,1205
28,28,184
4,5,7,8,9,10,16,19,20,21,22,23,24,25,49,50,52,53,54,55,56,58,60,65,66,67,76,77,94,95,96,97,98,99,100,101,102,103,104,105,112,113,121,138,139,140,141,142,143,144,145,146,147,148,164,166,168,169,183,184,185,186,187,188,189,190,191,192,207,208,209,210,211,212,213,214,227,228,229,230,231,232,233,234,235,236,253,254,255,256,257,258,259,271,272,273,274,275,276,277,278,279,280,281,282,299,300,301,302,303,316,317,318,319,320,321,322,323,324,325,326,327,347,348,361,362,363,364,365,366,367,368,369,370,371,372,406,407,408,409,410,411,412,413,414,416,417,451,452,453,454,455,456,457,458,460,461,462,496,497,498,499,500,501,502,503,541,542,543,544,545,546,555,587,588,599,600,601,639,688,689,733,1170,1204
105,105,183
11,12,20,21,24,25,53,55,56,59,65,66,67,68,69,70,71,94,95,96,97,99,100,101,102,103,111,112,113,114,120,121,138,141,142,144,145,146,147,148,156,157,162,163,164,165,166,167,168,169,170,183,184,186,187,188,189,190,191,192,193,200,201,202,205,206,207,208,209,210,211,212,213,214,228,229,231,232,233,234,235,236,237,238,246,247,250,251,252,253,254,255,256,257,271,272,276,277,278,279,280,281,282,297,298,299,302,316,317,318,319,320,321,322,323,324,325,326,327,336,338,344,346,361,362,363,364,365,366,367,368,369,370,371,372,406,407,408,409,410,411,412,413,414,416,451,452,453,454,455,456,457,458,459,460,496,497,498,499,500,501,502,503,504,506,543,545,546,548,635,639,944,945,989,990,1122,1124,1125,1161,1162,1166,1170,1205
105,105,178
8,11,12,21,24,49,50,53,55,56,66,67,68,69,70,71,93,94,98,99,100,101,102,103,111,112,113,114,115,116,119,120,121,122,137,138,139,141,144,145,146,147,148,156,157,158,162,163,164,165,166,167,168,169,170,182,183,184,186,187,188,189,190,191,192,202,206,207,208,209,210,211,212,213,214,227,228,229,232,233,234,235,236,237,238,250,251,252,253,254,255,256,257,271,272,273,276,277,278,279,280,281,282,283,297,298,299,302,316,317,318,319,320,321,322,324,325,326,327,344,361,362,363,364,365,366,367,368,369,370,372,389,406,407,408,409,410,411,412,413,414,416,451,452,453,454,455,456,457,458,459,496,497,498,499,500,501,502,503,506,509,542,544,545,546,548,639,685,944,945,989,990,1122,1123,1124,1166,1167,1205
103,103,184
9,11,21,24,55,56,57,59,66,67,68,69,70,71,94,95,100,101,102,103,112,113,114,115,116,119,120,121,122,137,138,139,141,142,145,146,147,148,156,157,158,160,161,162,163,164,165,166,167,168,169,170,182,183,184,185,186,187,188,189,190,191,192,193,201,202,203,205,206,207,208,209,210,211,212,213,214,227,229,231,232,233,234,235,236,237,238,249,250,251,252,253,254,255,256,257,258,271,272,276,277,278,279,280,281,282,283,297,298,299,302,316,317,318,319,320,321,322,323,324,325,326,327,336,343,344,346,361,362,363,364,365,366,367,368,369,370,371,372,406,407,408,409,410,411,412,414,451,452,453,454,455,456,457,458,459,496,497,498,499,500,501,502,503,504,542,543,544,545,548,591,639,944,989,990,1122,1123,1124,1161,1166,1167,1204,1205,1209
132,132,194
11,13,15,21,24,25,49,55,56,66,67,68,69,70,71,95,100,101,111,112,113,114,115,116,119,120,121,122,123,137,139,141,145,146,147,148,156,157,158,160,161,162,163,164,165,166,167,168,169,170,182,185,186,187,188,190,191,192,193,194,202,203,204,205,206,207,208,209,210,211,212,213,214,226,228,230,231,232,233,234,236,237,238,248,249,250,251,252,253,254,255,256,257,259,271,272,273,276,277,278,279,280,281,282,283,291,296,297,298,299,302,316,317,318,319,320,321,322,324,325,326,327,333,337,343,344,347,361,362,363,364,365,366,367,368,369,370,371,372,389,406,407,408,409,410,411,412,451,452,453,454,455,456,457,458,459,496,498,499,500,502,503,504,505,509,541,542,543,544,546,547,548,549,588,635,639,944,989,990,1030,1076,1077,1121,1122,1123,1124,1161,1162,1166,1167,1168,1170,1204,1205
94,94,184
11,12,21,24,55,56,57,59,66,67,68,69,70,71,94,100,101,102,103,111,112,113,114,115,116,117,119,120,121,122,123,139,140,141,142,146,147,148,156,157,158,159,160,161,162,163,164,165,166,167,168,169,170,185,186,187,188,190,191,192,194,202,203,205,206,207,208,209,210,211,212,213,214,229,230,231,232,233,234,236,237,238,248,250,251,252,253,254,255,256,257,258,271,272,276,277,278,279,280,281,282,283,291,292,296,297,298,299,302,303,317,318,319,320,321,322,323,324,325,326,327,336,344,361,362,363,364,365,366,367,368,369,370,371,406,407,408,409,410,411,412,414,451,452,453,454,455,456,457,458,459,460,496,497,498,499,500,501,502,503,504,509,541,542,543,544,545,546,548,639,944,989,990,1076,1120,1122,1123,1124,1125,1161,1166,1167,1204,1205
94,94,190
9,11,13,15,21,22,24,54,56,57,59,66,67,68,69,70,71,94,101,102,103,111,112,113,114,115,116,117,118,119,120,121,122,123,124,141,142,143,146,147,148,156,157,158,159,160,161,162,163,164,165,166,167,168,169,185,186,187,188,190,191,192,194,200,202,203,204,205,206,207,208,209,210,211,212,213,214,215,231,232,233,234,236,237,238,248,249,250,251,252,253,254,255,256,257,258,259,271,272,273,275,276,277,278,279,280,281,282,283,291,292,296,297,298,299,317,318,319,320,321,322,323,324,325,326,327,336,337,343,344,345,362,363,364,365,366,367,368,369,370,371,372,389,406,407,408,409,410,411,412,414,451,452,453,454,455,456,457,458,459,460,496,498,499,500,501,502,503,505,509,541,542,543,544,546,548,549,591,942,944,989,990,1030,1121,1122,1123,1124,1166,1167,1205
28,28,195
9,11,12,21,22,23,24,56,57,59,66,67,68,69,70,71,92,94,95,101,102,103,111,112,113,114,115,116,117,118,119,120,121,122,123,124,141,142,143,146,147,148,150,156,157,158,159,160,161,162,163,164,165,166,167,168,169,184,186,187,188,191,192,202,203,204,205,206,207,208,209,210,211,212,213,214,228,229,231,232,233,234,235,236,237,238,246,248,250,251,252,253,254,255,256,257,258,271,272,276,277,278,279,280,281,282,291,292,293,294,296,297,298,299,302,316,317,318,319,320,321,322,323,324,325,326,327,336,337,343,344,348,361,362,363,364,365,366,367,368,369,370,371,372,388,389,406,407,408,409,410,411,412,414,451,452,453,454,455,456,457,458,459,460,496,498,499,500,501,502,503,504,505,509,541,542,543,544,545,546,548,587,639,944,945,989,990,1076,1123,1124,1161,1166,1167,1168,1205
31,31,205
9,11,12,13,20,21,22,23,24,49,55,56,57,66,67,68,69,70,71,94,101,102,103,111,112,113,114,115,116,117,118,119,120,121,122,123,124,138,139,140,141,142,143,146,147,148,156,157,158,159,160,161,162,163,164,165,166,167,168,169,183,184,185,186,187,188,191,192,195,200,202,203,204,205,206,207,208,209,210,211,212,213,214,228,229,230,231,232,233,234,235,236,237,238,248,249,250,251,252,253,254,255,256,257,271,272,273,274,275,276,277,278,279,280,281,282,283,286,291,293,294,295,296,297,298,299,302,316,317,318,319,320,321,322,324,325,326,327,336,337,342,343,344,346,361,362,363,364,365,366,367,368,369,370,371,372,406,407,408,409,410,411,412,413,414,451,452,453,454,455,456,457,458,459,460,496,497,498,499,500,501,502,503,505,509,541,542,543,546,548,549,551,944,989,990,1120,1123,1124,1166,1167,1168,1204,1205,1250,1252
99,99,179
3,9,11,18,19,20,21,22,23,27,48,55,56,57,58,59,63,64,66,67,68,69,70,71,72,92,95,99,100,101,102,103,106,112,113,114,115,116,117,139,140,141,142,143,146,147,148,156,157,159,160,161,162,163,164,165,166,167,168,169,184,185,186,187,188,191,192,202,203,204,205,206,207,208,209,210,211,212,213,214,228,229,230,231,232,233,235,236,237,246,247,248,250,251,252,253,254,255,256,257,258,271,272,273,274,275,276,277,278,279,280,281,282,291,292,293,294,297,298,299,303,316,317,319,320,321,322,323,324,325,326,327,337,344,347,363,364,365,366,367,368,369,370,371,385,389,408,409,410,411,412,413,414,415,416,451,453,454,455,456,457,459,460,496,498,499,500,501,502,505,509,548,598,986,989,990,1160,1167,1205
64,64,207
11,13,19,20,21,22,23,26,48,49,56,65,66,67,68,69,70,71,93,94,95,100,101,106,111,112,113,114,115,116,117,118,119,120,121,122,137,138,139,140,141,142,143,144,145,146,156,157,158,159,160,161,162,163,164,165,166,167,168,169,170,184,185,186,187,188,189,190,191,194,201,202,203,204,205,206,207,208,209,210,211,213,230,231,232,233,234,235,236,238,239,246,247,248,249,251,252,253,254,271,274,275,276,277,278,279,280,281,282,283,287,291,292,293,298,316,319,320,321,322,323,324,325,326,327,333,336,337,361,362,363,364,365,366,367,368,369,370,380,381,382,383,384,406,408,409,410,411,412,413,414,415,425,426,427,428,429,430,451,453,454,455,456,457,458,459,460,465,469,470,471,472,473,474,496,497,498,499,500,501,502,503,504,505,513,514,515,516,517,518,541,545,546,989,990,1030,1031,1034,1075,1076,1077,1120,1121,1123,1124,1125,1166
94,94,211
19,20,21,22,23,25,26,48,49,56,63,65,66,67,68,69,70,71,72,92,93,94,95,99,100,101,102,106,108,111,112,113,114,115,116,117,119,120,121,122,137,138,139,140,141,142,143,145,146,156,157,158,159,160,161,162,163,164,165,166,167,168,169,182,183,184,185,186,187,188,189,190,191,194,201,202,203,204,205,206,207,208,209,210,211,226,228,229,230,231,232,233,234,235,236,238,246,247,248,250,251,252,253,254,271,273,274,275,276,277,278,279,280,281,282,283,291,292,293,297,298,316,318,319,320,321,322,323,324,325,326,327,333,336,337,338,361,362,364,365,366,367,368,369,370,371,376,380,381,382,383,384,385,406,407,408,409,410,411,412,413,414,415,424,425,426,427,428,429,431,451,454,455,456,457,458,459,460,463,469,471,472,496,498,499,500,501,502,503,505,509,514,515,516,541,549,560,987,989,990,1031,1034,1076,1078,1079,1120,1121,1122,1123,1124,1167
62,62,229
2,3,10,20,21,22,23,24,26,46,48,56,65,66,67,68,69,70,71,72,91,93,94,95,99,100,101,108,111,112,113,114,115,116,117,119,120,121,136,137,138,139,140,141,142,143,144,145,146,149,150,156,157,158,159,160,161,162,163,164,165,166,167,168,169,181,182,183,184,185,186,187,188,189,190,191,194,195,201,202,203,204,205,206,207,208,209,210,226,228,229,230,231,232,233,234,235,236,238,239,246,247,248,249,250,251,252,253,254,271,272,273,274,275,276,277,278,279,280,281,282,291,292,296,297,298,316,317,318,319,320,321,322,323,324,325,326,327,333,336,337,361,362,363,364,365,366,367,368,369,370,371,372,376,377,378,381,382,383,384,385,386,406,407,408,409,410,411,412,413,414,415,425,426,427,428,429,430,431,446,451,452,453,454,455,456,457,458,459,460,461,462,465,469,470,471,472,473,474,475,496,497,499,500,501,502,503,504,505,514,515,545,546,547,549,989,990,1031,1034,1035,1074,1075,1076,1078,1079,1121,1123,1125,1166
30,30,243
20,21,22,23,24,25,26,48,49,55,56,63,64,66,67,68,69,70,71,72,91,92,93,94,95,99,100,101,104,108,111,112,113,114,115,116,117,118,120,121,122,136,137,138,139,140,141,142,143,145,146,147,150,156,157,158,159,160,161,162,163,164,165,166,167,168,181,183,184,185,186,187,188,189,190,191,201,202,203,204,205,206,207,208,209,210,226,228,229,230,231,232,233,234,235,236,238,246,247,248,250,251,252,253,271,272,273,274,275,276,277,278,279,280,281,282,287,290,291,292,293,295,296,297,298,316,317,318,319,320,321,322,323,324,325,326,327,333,336,337,338,340,361,362,363,364,365,366,367,368,369,370,371,372,377,378,380,381,382,383,384,385,386,406,407,408,409,410,411,412,413,414,415,421,425,426,427,428,429,430,431,445,451,452,453,454,455,456,457,458,459,460,462,465,469,471,472,473,474,475,476,491,496,498,499,500,501,502,503,504,505,509,514,515,516,541,544,545,546,547,548,549,593,945,988,989,990,1030,1031,1034,1035,1075,1076,1078,1079,1120,1121,1122,1123,1124,1125,1166,1167
86,86,272
1,3,4,10,13,20,21,22,23,24,25,26,27,46,48,54,55,56,64,66,67,68,69,70,71,72,85,86,91,92,93,94,95,99,100,101,107,108,111,112,113,114,115,116,117,118,119,120,121,122,136,137,138,139,140,141,142,143,144,145,146,153,156,157,158,159,160,161,162,163,164,165,166,167,168,169,181,182,183,184,185,186,187,188,189,190,191,195,201,202,203,204,205,206,207,208,209,210,226,227,228,229,230,231,232,233,234,235,236,238,239,246,247,248,249,250,251,252,253,271,272,273,274,275,276,277,278,279,280,281,287,288,290,291,292,293,294,295,296,297,298,316,317,318,319,320,321,322,323,324,325,326,331,332,333,335,336,337,338,339,340,341,361,362,363,364,365,366,367,368,369,370,371,376,377,378,379,381,382,383,384,385,386,398,406,407,408,409,410,411,412,413,414,415,421,424,425,426,427,428,429,430,431,432,445,446,451,452,453,454,455,456,457,458,459,460,462,463,465,469,470,471,472,473,474,475,476,478,481,491,492,496,498,499,500,501,502,503,504,505,514,515,516,545,546,547,549,559,560,944,945,988,989,990,1028,1030,1031,1032,1034,1035,1074,1075,1076,1077,1078,1079,1120,1121,1123,1124,1125,1166
81,81,299
21,22,23,24,25,26,27,29,34,35,36,37,38,39,40,41,42,43,44,45,48,54,55,63,66,67,68,69,70,71,72,73,74,83,84,85,86,87,88,89,90,92,93,94,99,100,101,108,111,112,113,114,115,116,117,118,119,120,121,122,128,129,130,131,132,133,134,135,137,139,140,141,142,143,145,146,152,156,157,158,159,160,161,162,163,164,165,168,173,174,175,176,177,178,179,180,183,184,185,186,187,188,189,190,191,201,202,203,204,205,206,207,208,209,219,220,221,222,223,224,225,226,228,229,230,231,232,233,234,235,236,246,247,248,250,251,252,253,267,268,269,270,271,272,273,274,275,276,277,278,279,280,281,287,291,292,293,294,295,296,297,310,311,315,316,318,319,320,321,322,323,324,325,326,331,332,333,336,337,338,339,340,341,357,358,359,360,361,362,363,364,365,366,367,368,369,370,371,376,377,378,380,381,382,383,384,385,386,401,402,403,404,405,406,407,409,410,411,412,413,414,420,421,425,426,427,428,429,430,431,432,445,446,447,448,449,450,453,454,455,456,457,458,459,460,465,469,471,472,473,474,475,476,477,481,490,491,492,495,500,501,502,503,505,509,514,539,546,547,548,583,855,900,942,943,944,945,985,986,987,988,989,990,1030,1031,1032,1033,1034,1035,1075,1076,1077,1078,1079,1123,1124,1125,1166,1167
78,78,342
21,22,23,24,25,26,27,28,29,30,31,32,33,34,35,36,37,38,39,40,41,42,43,44,45,56,66,67,68,69,70,71,72,73,74,75,76,77,78,79,80,81,82,83,84,85,86,87,88,89,90,101,111,112,113,114,115,116,118,119,120,121,122,123,124,125,126,127,128,129,130,131,132,133,134,135,140,145,146,156,157,158,159,160,161,163,164,165,166,167,168,169,170,171,172,173,174,175,176,177,178,179,180,185,186,187,189,201,202,206,207,208,209,212,214,216,217,218,219,220,221,222,223,224,225,230,231,232,233,235,236,246,248,252,253,260,261,262,263,264,265,266,267,268,269,270,275,276,277,278,279,280,281,286,287,291,292,293,308,309,310,311,312,313,314,315,316,319,321,322,323,324,325,326,331,332,333,336,337,338,340,341,353,354,355,356,357,358,359,360,363,366,367,368,369,376,377,381,382,383,384,385,386,399,400,401,402,403,404,405,411,412,413,414,425,426,427,428,429,430,431,432,443,444,445,446,447,448,449,450,456,457,458,460,471,472,474,475,476,488,489,490,491,492,493,494,495,502,505,514,534,535,536,537,538,539,540,546,579,580,581,582,583,584,585,625,626,627,628,629,630,671,672,673,674,675,715,716,717,718,719,720,761,762,763,764,765,806,807,808,809,810,850,851,852,853,854,855,897,898,899,900,941,942,943,944,945,985,986,987,988,989,990,1028,1029,1030,1031,1032,1033,1034,1035,1073,1074,1075,1076,1077,1078,1079,1080,1118,1119,1121,1122,1123,1124,1125,1165,1166,1167,1168,1170,1205
30,30,360
22,23,26,27,28,29,30,31,32,33,34,35,36,37,38,39,40,41,42,43,44,45,67,68,70,71,72,73,74,75,76,77,78,79,80,81,82,83,84,85,86,87,88,89,90,112,113,115,118,119,120,121,122,123,124,125,126,127,128,129,130,131,132,133,134,135,157,158,159,164,165,166,167,168,169,170,171,172,173,174,175,176,177,178,179,180,209,210,211,212,213,214,215,216,217,218,219,220,221,222,223,224,225,254,255,256,257,258,259,260,261,262,263,264,265,266,267,268,269,270,291,301,302,303,304,305,306,307,308,309,310,311,312,313,314,315,336,347,348,349,350,351,352,353,354,355,356,357,358,359,360,381,382,393,394,395,396,397,398,399,400,401,402,403,404,405,426,427,428,438,439,440,441,442,443,444,445,446,447,448,449,450,471,483,484,485,486,487,488,489,490,491,492,493,494,495,514,529,530,531,532,533,534,535,536,537,538,539,540,574,575,576,577,578,579,580,581,582,583,584,585,619,620,621,622,623,624,625,626,627,628,629,630,666,667,668,669,670,671,672,673,674,675,710,711,712,713,714,715,716,717,718,719,720,757,758,759,760,761,762,763,764,765,803,804,805,806,807,808,809,810,847,848,849,850,851,852,853,854,855,892,893,894,895,896,897,898,899,900,937,938,939,940,941,942,943,944,945,983,984,985,986,987,988,989,990,1027,1028,1029,1030,1031,1032,1033,1034,1035,1072,1073,1074,1075,1076,1077,1078,1079,1080,1118,1119,1120,1121,1122,1123,1124,1125,1164,1165,1166,1167,1168,1169,1170,1205,1209,1210,1211,1212,1213,1214,1215,1256,1257,1258,1259,1260,1302,1303,1304,1305,1347,1348,1349,1350
77,77,389
23,24,25,26,27,28,29,30,31,32,33,34,35,36,37,38,39,40,41,42,43,44,45,67,69,70,71,72,73,74,75,76,77,78,79,80,81,82,83,84,85,86,87,88,89,90,112,113,114,118,119,120,121,122,123,124,125,126,127,128,129,130,131,132,133,134,135,156,157,158,159,164,165,166,167,168,169,170,171,172,173,174,175,176,177,178,179,180,208,209,210,211,212,213,214,215,216,217,218,219,220,221,222,223,224,225,253,254,255,256,257,258,259,260,261,262,263,264,265,266,267,268,269,270,299,300,301,302,303,304,305,306,307,308,309,310,311,312,313,314,315,346,347,348,349,350,351,352,353,354,355,356,357,358,359,360,391,392,393,394,395,396,397,398,399,400,401,402,403,404,405,436,437,438,439,440,441,442,443,444,445,446,447,448,449,450,480,481,482,483,484,485,486,487,488,489,490,491,492,493,494,495,526,527,528,529,530,531,532,533,534,535,536,537,538,539,540,573,574,575,576,577,578,579,580,581,582,583,584,585,618,619,620,621,622,623,624,625,626,627,628,629,630,664,665,666,667,668,669,670,671,672,673,674,675,709,710,711,712,713,714,715,716,717,718,719,720,755,756,757,758,759,760,761,762,763,764,765,800,801,802,803,804,805,806,807,808,809,810,846,847,848,849,850,851,852,853,854,855,891,892,893,894,895,896,897,898,899,900,936,937,938,939,940,941,942,943,944,945,981,982,983,984,985,986,987,988,989,990,1026,1027,1028,1029,1030,1031,1032,1033,1034,1035,1071,1072,1073,1074,1075,1076,1077,1078,1079,1080,1117,1118,1119,1120,1121,1122,1123,1124,1125,1164,1165,1166,1167,1168,1169,1170,1204,1209,1210,1211,1212,1213,1214,1215,1254,1255,1256,1257,1258,1259,1260,1301,1302,1303,1304,1305,1347,1348,1349,1350
80,80,460
20,21,22,23,24,25,26,27,28,29,30,31,32,33,34,35,66,67,68,69,70,71,72,73,74,75,76,77,78,79,80,112,113,114,115,116,117,118,119,120,121,122,123,124,125,126,157,158,159,160,161,162,163,164,165,166,167,168,169,170,171,172,201,202,204,205,207,208,209,210,211,212,213,214,215,216,217,246,251,252,253,254,255,256,257,258,259,260,261,291,294,295,296,297,298,299,300,301,302,303,304,305,306,307,308,309,310,311,312,337,339,340,341,342,343,344,345,346,347,348,350,351,352,353,354,355,356,357,379,380,381,384,385,386,387,388,389,390,391,392,393,394,396,397,398,399,400,401,402,403,426,429,430,431,432,433,434,435,437,438,441,442,443,444,445,446,447,448,471,472,475,476,477,478,479,482,483,484,487,488,489,490,491,492,493,494,518,521,527,528,529,530,531,533,534,535,536,537,538,539,566,567,568,569,571,572,573,574,575,576,577,578,579,580,581,582,583,584,613,614,615,616,617,618,619,620,621,622,628,658,659,660,661,662,663,664,665,666,667,669,670,671,672,673,704,705,706,707,708,709,710,711,712,713,714,715,716,717,718,719,749,750,751,752,753,754,755,756,757,758,759,760,761,762,763,764,795,796,797,798,799,800,801,802,803,804,805,806,807,808,810,840,841,842,843,844,845,846,847,848,849,850,851,852,853,854,855,885,886,887,888,889,890,891,892,893,894,895,896,897,898,899,900,929,930,931,932,933,934,935,936,937,938,939,940,941,942,943,944,945,975,976,977,978,979,980,981,982,983,984,985,986,987,988,989,990,1022,1023,1024,1025,1026,1027,1028,1029,1030,1031,1032,1033,1034,1035,1067,1068,1069,1070,1071,1072,1073,1074,1075,1076,1077,1078,1079,1080,1112,1113,1114,1115,1116,1117,1118,1119,1120,1121,1122,1123,1124,1125,1158,1159,1160,1161,1162,1163,1164,1165,1166,1167,1168,1169,1170,1203,1204,1205,1206,1207,1208,1209,1210,1211,1212,1213,1214,1215,1248,1249,1250,1251,1252,1253,1254,1255,1256,1257,1258,1259,1260,1293,1294,1295,1296,1297,1298,1299,1300,1301,1302,1303,1304,1305,1341,1342,1343,1344,1345,1346,1347,1348,1349,1350
134,134,505
11,12,13,14,15,16,17,18,19,20,21,22,23,24,25,26,27,56,58,59,60,61,62,63,64,65,66,67,68,69,70,71,72,73,103,104,105,106,107,108,109,110,111,112,113,114,115,116,117,118,145,146,147,148,149,150,151,152,153,154,155,156,157,158,159,160,161,162,164,190,191,192,193,194,195,196,197,198,199,200,201,202,203,204,205,206,207,208,209,232,233,234,235,236,237,238,239,240,241,242,243,244,245,246,247,248,249,250,251,252,253,254,278,279,280,281,282,283,284,285,286,287,288,289,290,291,292,293,294,295,296,297,298,299,323,324,325,326,327,328,329,330,331,332,333,334,335,336,337,338,339,340,341,342,368,369,372,373,375,376,377,378,379,380,381,382,383,384,385,386,414,417,418,419,420,421,422,423,424,425,426,427,428,429,430,431,432,433,463,464,465,466,467,468,469,470,471,472,473,474,475,476,477,478,479,508,509,510,511,512,513,514,515,516,517,518,519,520,521,522,523,556,557,558,559,560,561,562,563,564,566,567,582,600,601,602,603,604,605,606,607,608,609,610,611,646,647,649,650,651,652,653,654,655,656,657,688,690,691,692,693,694,695,696,697,698,699,700,701,702,740,741,742,743,744,745,746,747,748,785,786,787,788,789,790,791,792,793,794,831,832,833,834,835,836,837,838,839,840,843,844,876,877,878,879,880,881,882,883,884,885,886,888,889,890,891,920,921,922,923,924,925,926,927,928,929,930,931,933,934,935,936,937,939,966,967,968,969,970,971,972,973,974,975,976,977,978,979,980,981,982,983,984,985,989,990,1012,1013,1014,1015,1016,1017,1018,1019,1020,1021,1022,1023,1024,1025,1026,1027,1028,1029,1030,1031,1056,1057,1058,1059,1060,1061,1062,1063,1064,1065,1066,1067,1068,1069,1070,1071,1072,1073,1074,1102,1103,1104,1105,1106,1107,1108,1109,1110,1111,1112,1113,1114,1115,1116,1117,1118,1119,1120,1123,1147,1148,1149,1150,1151,1152,1153,1154,1155,1156,1157,1158,1159,1160,1161,1162,1163,1164,1165,1166,1192,1193,1194,1195,1196,1197,1198,1199,1200,1201,1202,1203,1204,1205,1206,1209,1210,1211,1238,1239,1240,1241,1242,1243,1244,1245,1246,1247,1248,1249,1250,1253,1254,1255,1256,1282,1283,1284,1285,1286,1287,1288,1289,1290,1291,1292,1293,1294,1295,1298,1299,1300,1329,1330,1331,1332,1333,1334,1335,1336,1337,1338,1339,1340,1341,1342,1343,1344,1345,1346
75,75,412
6,7,8,9,10,11,12,13,46,47,48,49,52,53,54,55,56,57,58,60,91,92,93,94,95,96,97,98,99,100,101,102,103,104,105,136,138,139,140,141,142,143,144,145,146,147,148,149,150,153,181,183,184,185,186,187,188,189,190,191,192,193,194,195,196,197,229,230,231,232,233,234,235,236,237,238,239,240,241,242,243,245,246,275,276,277,278,279,280,281,282,283,284,285,286,287,288,290,291,320,321,322,323,324,325,326,327,328,329,330,331,332,333,334,363,364,366,367,368,369,370,371,372,373,374,375,376,377,378,379,380,381,410,411,412,413,414,415,416,417,418,419,420,421,422,423,424,425,426,455,456,457,458,459,460,461,462,464,465,466,467,468,469,470,471,500,501,502,503,504,505,506,507,508,509,510,511,512,513,514,515,516,517,545,546,547,548,549,550,551,552,553,554,555,556,557,558,559,560,561,592,593,594,595,596,597,599,600,601,602,603,604,605,606,636,638,639,640,641,642,643,644,645,646,647,648,650,681,682,683,684,685,686,687,688,689,690,691,692,693,725,727,729,730,731,732,733,734,735,736,737,770,773,774,775,776,777,778,779,780,781,818,819,820,821,822,823,824,825,826,863,864,865,866,867,868,869,870,871,872,909,910,911,912,913,914,915,916,917,918,955,956,957,958,959,960,961,962,963,1000,1001,1002,1003,1004,1005,1006,1007,1008,1009,1017,1045,1046,1047,1048,1049,1050,1051,1052,1053,1054,1061,1062,1090,1091,1092,1093,1094,1095,1096,1097,1098,1099,1100,1105,1106,1107,1135,1136,1137,1138,1139,1140,1141,1142,1143,1144,1145,1146,1147,1149,1150,1151,1180,1181,1182,1183,1184,1185,1186,1187,1188,1189,1190,1191,1192,1193,1194,1223,1225,1226,1227,1228,1229,1230,1231,1232,1233,1234,1235,1236,1237,1238,1239,1270,1271,1272,1273,1274,1275,1276,1277,1278,1279,1280,1281,1282,1283,1284,1317,1318,1319,1320,1321,1322,1323,1324,1325,1326,1327,1328,1329,1330
125,125,305
1,2,3,46,47,48,49,91,92,93,94,136,137,138,139,140,141,181,182,183,184,185,186,187,226,227,228,229,230,231,232,233,234,235,271,272,273,274,275,276,277,278,279,280,281,316,317,318,319,320,321,322,323,324,325,326,361,362,363,364,365,366,367,368,369,370,371,406,407,408,409,410,411,412,413,414,415,416,451,452,453,454,455,456,457,458,459,460,461,496,497,498,499,500,501,502,503,504,505,509,541,542,543,544,545,546,547,548,549,550,552,586,587,588,589,590,591,592,593,631,632,633,634,635,636,637,638,676,677,678,679,680,681,682,683,721,722,723,724,725,726,727,728,766,767,768,769,770,771,772,773,811,812,813,814,815,816,817,818,856,857,858,859,860,861,863,864,865,866,867,868,901,902,903,904,905,906,908,910,911,912,913,946,947,948,949,950,951,952,955,956,957,991,992,993,994,995,996,997,999,1000,1001,1002,1036,1037,1038,1039,1040,1041,1042,1043,1044,1045,1046,1047,1081,1082,1083,1084,1085,1086,1087,1088,1089,1090,1091,1092,1093,1126,1127,1128,1129,1130,1131,1132,1133,1134,1135,1136,1137,1138,1139,1171,1172,1173,1174,1175,1176,1177,1178,1179,1180,1181,1182,1183,1184,1185,1216,1217,1218,1219,1220,1221,1222,1223,1224,1225,1226,1227,1228,1229,1230,1261,1262,1263,1264,1265,1266,1267,1268,1269,1270,1271,1272,1273,1274,1275,1276,1306,1307,1308,1309,1310,1311,1312,1313,1314,1315,1316,1317,1318,1319,1320,1321,1323
57,57,262
22,46,47,91,92,93,94,136,137,138,139,140,145,148,155,156,157,181,183,184,185,186,191,193,201,226,227,228,229,230,231,232,233,246,271,272,274,275,276,277,278,279,280,291,316,317,319,320,321,322,323,324,327,332,333,361,362,363,364,365,366,367,368,369,377,378,381,406,407,408,409,410,411,412,413,414,423,424,451,452,453,454,455,456,457,458,459,467,468,496,497,498,499,500,501,502,503,512,513,514,541,542,543,544,545,546,547,548,557,558,586,587,588,589,590,591,592,593,631,632,633,634,635,636,676,677,678,679,680,681,721,722,723,724,725,766,767,768,769,770,771,811,812,813,814,815,816,856,857,858,859,860,861,901,902,903,904,905,906,910,911,946,947,948,949,950,951,955,956,989,990,991,992,993,994,995,996,999,1000,1001,1034,1036,1037,1038,1039,1040,1041,1042,1044,1045,1046,1072,1073,1081,1082,1083,1084,1085,1086,1087,1088,1089,1090,1091,1126,1127,1128,1129,1130,1131,1132,1133,1134,1135,1136,1171,1172,1173,1174,1175,1176,1177,1178,1179,1180,1216,1217,1218,1219,1220,1221,1222,1223,1224,1225,1226,1227,1228,1261,1262,1263,1264,1265,1266,1267,1268,1269,1270,1271,1272,1306,1307,1308,1309,1310,1311,1312,1313,1314,1315,1316,1317
86,86,233
10,11,13,15,16,19,20,21,22,23,24,25,46,47,48,56,58,59,60,65,66,67,68,69,91,92,93,94,100,103,104,105,110,111,112,113,136,137,138,139,140,145,146,148,149,150,153,154,155,156,157,158,159,181,182,183,184,185,186,187,188,191,192,193,194,198,199,200,201,202,203,204,226,227,228,229,230,231,232,233,234,237,238,239,243,244,245,246,247,271,272,273,274,275,276,277,278,279,280,281,282,283,288,289,290,291,292,317,318,319,320,321,322,323,324,325,326,327,332,333,334,335,336,337,363,364,365,366,367,368,369,370,371,377,378,379,380,381,407,408,409,410,411,412,413,414,415,416,423,424,425,426,427,451,452,453,454,455,456,457,458,459,460,461,468,469,471,496,497,498,499,500,501,502,503,504,505,509,510,512,513,514,515,516,517,541,542,543,544,545,546,547,548,549,557,558,559,590,591,592,593,725,770,771,910,911,955,956,989,990,1000,1001,1028,1034,1035,1072,1073,1074,1078,1091,1116,1117,1118,1122,1124,1125,1160,1161,1165,1166,1167,1268,1313
58,58,207
11,14,15,16,19,21,22,23,24,46,47,48,56,58,59,60,65,66,67,68,69,91,92,93,94,102,103,104,105,108,111,112,113,136,137,138,139,140,145,148,149,150,153,154,155,156,157,159,181,182,183,184,185,186,187,188,191,192,193,194,198,199,200,201,202,226,227,228,229,230,231,232,233,236,237,238,239,241,243,244,245,246,247,271,272,273,274,275,276,277,278,279,280,281,282,283,288,289,290,291,317,318,319,320,321,322,323,324,325,326,327,332,333,334,336,363,364,365,366,367,368,369,370,371,377,378,379,380,381,407,408,409,410,411,412,413,414,415,416,423,424,425,426,451,452,453,454,455,456,457,458,459,467,468,469,471,496,497,498,499,500,501,502,503,504,505,509,512,513,514,515,516,542,543,544,545,546,547,548,557,558,559,589,591,592,593,911,955,956,989,990,1000,1001,1028,1029,1034,1035,1071,1072,1073,1074,1116,1117,1118,1122,1125,1161
72,72,190
11,13,15,16,19,21,22,23,24,46,47,48,56,59,60,61,64,66,67,68,91,92,93,94,103,104,105,111,112,113,136,137,138,139,140,148,149,150,153,155,156,157,159,181,182,183,184,185,186,187,188,191,192,193,198,200,201,202,205,226,227,228,229,230,231,232,233,238,239,243,244,245,246,247,271,272,273,274,275,276,277,278,279,280,281,282,283,288,289,290,291,292,317,318,319,320,321,322,323,324,325,326,327,332,333,334,336,363,364,365,366,367,368,369,370,371,377,378,380,381,407,408,409,410,411,412,413,414,415,416,423,424,425,426,451,452,453,454,455,456,457,458,459,460,461,468,469,471,496,497,498,499,500,501,502,503,504,509,512,513,514,542,543,544,545,546,547,548,549,557,558,590,591,592,593,955,956,989,990,1000,1001,1034,1035,1072,1073,1074,1116,1122,1125,1161
87,87,122
11,21,22,23,48,56,58,66,67,93,94,103,111,112,136,137,138,140,141,149,153,155,156,157,181,182,184,186,187,191,193,194,198,200,201,226,227,229,230,231,232,236,237,238,243,244,245,246,247,276,277,278,279,280,281,282,283,288,289,291,318,321,322,323,324,326,332,333,362,363,364,365,366,367,368,369,370,371,377,378,407,408,409,410,411,412,413,414,415,423,452,453,454,455,456,457,458,468,497,498,499,500,501,502,512,513,543,544,545,546,547,548,592,593,956,989,990,1028,1034,1035,1072,1073
96,96,141
11,12,13,16,20,21,22,23,27,55,56,57,58,60,66,67,100,101,102,103,104,105,110,111,112,142,143,144,145,146,148,149,155,156,157,184,185,186,187,188,189,190,191,192,194,198,201,202,229,230,231,232,233,234,235,236,237,238,239,243,274,275,276,277,278,279,280,281,282,283,288,320,321,322,323,324,325,326,327,332,333,362,364,365,366,367,368,369,370,371,377,409,410,411,412,413,414,415,416,453,454,455,456,457,458,459,460,499,500,554,555,556,557,558,591,599,600,601,645,646,689,945,956,989,990,1000,1001,1028,1034,1035,1072,1073,1121,1124,1160,1161,1167,1168,1210,1211,1212
33,33,139
11,12,20,21,22,27,48,55,56,57,58,60,66,67,100,101,103,104,111,112,142,143,145,146,147,148,149,150,153,154,155,156,157,186,187,188,189,190,191,192,193,194,198,200,201,202,231,232,233,234,235,236,237,238,239,243,247,274,275,276,277,278,279,280,281,282,283,288,319,320,321,322,323,324,325,326,327,332,333,336,362,364,365,366,367,368,369,370,371,377,378,407,408,409,410,411,412,413,414,415,416,453,454,455,456,457,458,459,460,498,499,500,501,547,548,556,557,558,591,601,645,646,689,989,990,1001,1028,1034,1035,1072,1073,1160,1161,1167,1168,1169,1210,1211,1212
33,33,136
10,11,12,15,16,21,22,27,30,55,56,57,58,60,66,67,77,100,101,103,104,105,110,111,112,142,143,145,146,147,148,149,150,155,156,157,184,186,187,188,189,190,191,192,193,194,198,200,201,202,229,230,231,232,233,234,235,236,237,238,239,246,273,274,275,276,277,278,279,280,281,282,283,288,319,320,321,322,323,324,325,326,327,332,333,362,363,364,365,366,367,368,369,370,371,377,378,406,409,410,411,412,413,414,415,416,454,455,456,457,459,460,468,499,500,600,601,689,956,989,990,1001,1027,1028,1034,1035,1072,1073,1117,1121,1167,1168,1169,1210,1211,1212
46,46,128
11,12,13,16,21,22,31,32,33,48,55,56,57,58,66,67,100,101,102,103,104,111,112,142,143,144,145,146,147,148,149,153,154,155,156,157,186,187,188,189,190,191,192,193,194,200,201,202,227,230,231,232,233,234,235,236,237,238,239,247,273,274,275,276,277,279,280,281,282,283,319,320,321,322,323,324,325,326,327,333,336,362,364,366,367,368,369,370,371,377,378,407,408,409,410,411,412,414,415,416,453,454,455,456,457,459,499,500,555,556,689,989,990,1001,1027,1028,1034,1035,1072,1073,1116,1161,1167,1168,1169,1210,1211,1212
122,122,109
11,12,13,21,22,55,56,57,66,67,98,100,101,102,104,105,111,112,142,143,144,145,146,147,148,149,155,156,157,186,187,188,189,190,191,192,194,200,201,230,231,232,233,234,235,236,237,238,239,246,272,273,274,276,277,278,279,280,281,282,283,319,320,321,322,324,325,326,327,333,362,363,364,366,367,369,370,371,377,378,406,410,411,412,413,414,415,416,453,454,455,456,457,460,468,500,556,601,989,990,1034,1035,1072,1073,1167,1168,1169,1210,1211
38,38,105
11,12,13,15,21,22,31,32,48,55,56,57,58,66,67,101,102,104,111,112,142,143,145,146,147,149,155,156,157,186,187,188,189,190,191,192,193,194,200,201,231,232,233,234,235,236,237,238,239,247,273,274,276,278,279,280,281,282,283,318,319,320,321,322,323,324,325,326,327,333,366,367,368,369,370,371,377,378,407,408,410,411,412,414,415,423,453,454,455,456,457,460,468,500,989,990,1028,1034,1035,1073,1161,1168,1205,1210,1211
45,45,102
11,21,22,31,32,55,56,57,58,66,67,100,101,102,104,111,112,142,143,144,145,146,147,148,154,155,156,157,186,187,188,189,190,191,192,193,194,200,201,231,232,233,234,235,236,237,238,239,244,272,273,274,277,279,280,281,282,283,318,319,321,322,324,325,326,327,333,362,363,366,367,369,370,371,377,378,407,410,412,414,454,456,457,468,469,500,555,556,557,600,601,989,990,1034,1035,1072,1073,1116,1168,1169,1205,1210
38,38,102
10,11,12,13,15,21,22,32,48,55,56,57,58,66,67,100,101,102,104,110,111,112,142,143,144,145,146,147,148,155,156,157,186,187,188,189,190,191,192,193,194,198,199,200,201,231,232,233,234,235,236,237,238,272,273,274,276,279,280,281,282,283,289,317,318,321,322,323,324,325,326,327,333,366,367,368,369,370,371,377,378,410,412,414,415,423,452,454,455,468,500,513,556,989,990,1034,1035,1073,1167,1169,1205,1211
93,93,70
11,21,22,55,56,57,66,67,100,101,111,112,142,143,145,146,148,149,155,156,157,187,188,189,190,191,193,194,199,200,231,232,234,235,236,237,238,277,278,279,280,281,282,283,321,322,324,325,326,333,366,367,369,370,371,377,378,412,414,415,423,454,455,457,468,513,989,990,1072,1073
101,101,80
7,10,11,21,22,27,28,54,55,56,57,66,98,99,100,101,102,104,105,111,143,144,145,146,148,149,150,157,187,188,189,190,191,192,194,231,232,233,234,235,236,238,272,276,277,278,279,280,281,282,322,324,325,326,327,333,367,369,370,371,378,412,413,414,422,423,467,468,600,645,945,989,990,1072,1115,1116,1160,1161,1205,1210
13,13,87
10,11,12,21,22,28,54,55,56,57,58,66,98,99,100,101,102,104,105,111,143,144,145,146,149,150,186,187,188,189,190,191,192,194,231,232,233,234,235,236,237,238,276,277,278,279,280,281,282,319,321,322,323,324,325,326,327,333,366,367,368,369,370,371,377,378,412,413,414,422,423,467,468,600,645,945,989,990,1071,1072,1116,1117,1160,1161,1205,1211,1254
1,1,90
10,11,21,22,27,28,32,54,55,56,57,58,66,67,98,99,100,101,102,103,104,105,111,143,144,145,146,148,149,150,157,186,187,188,189,190,191,192,193,194,231,232,233,234,235,236,237,238,276,277,278,279,280,281,282,319,321,322,323,324,325,326,327,332,333,367,368,369,370,371,377,378,412,413,414,422,423,467,468,600,645,945,989,990,1029,1072,1160,1205,1209,1211
81,81,93
10,11,12,13,21,22,23,25,27,28,54,55,56,57,58,66,98,99,100,101,102,104,105,111,112,142,143,144,145,146,148,149,150,157,186,187,188,189,190,191,192,193,194,231,232,233,234,235,236,237,238,276,277,278,279,280,281,282,321,322,323,324,325,326,327,332,333,366,367,368,369,370,371,377,378,412,413,414,422,423,467,468,600,645,945,989,990,1072,1073,1117,1205,1210,1211
4,4,102
6,7,10,11,13,21,22,23,24,25,27,28,52,54,55,56,57,58,66,98,99,100,101,102,103,104,105,111,112,142,143,144,145,146,147,148,149,150,153,155,156,186,187,188,189,190,191,192,194,231,232,233,234,235,236,237,238,277,278,279,280,281,282,319,321,322,323,324,325,326,327,333,366,367,368,369,370,371,377,378,412,413,414,422,423,455,456,467,468,600,601,645,945,989,990,1072,1073,1117,1160,1205,1210,1211
142,142,109
10,11,21,22,23,24,25,27,28,49,53,54,55,56,57,58,59,66,98,99,100,101,102,103,104,105,111,112,141,142,143,144,145,146,148,149,150,153,155,156,157,186,187,188,189,190,191,192,193,194,231,232,233,234,235,236,237,238,276,277,278,279,280,281,282,319,321,322,323,324,325,326,327,333,365,366,367,368,369,370,371,377,378,409,411,412,413,414,422,423,459,460,467,468,645,945,989,990,1034,1035,1072,1073,1116,1117,1160,1205,1210,1211,1254
135,135,109
6,7,10,11,12,21,22,23,24,25,27,28,49,52,54,55,56,57,58,66,98,99,100,101,102,103,104,105,111,112,142,143,144,145,146,148,149,153,156,157,187,188,189,190,191,192,193,194,231,232,233,234,235,236,238,242,276,277,278,279,280,281,282,319,320,321,322,323,324,325,326,327,332,333,366,367,368,369,370,371,377,378,409,412,413,414,422,423,454,455,456,467,468,548,600,645,945,989,990,1035,1073,1115,1116,1117,1123,1160,1205,1210,1211
57,57,118
6,7,10,11,12,21,22,23,24,25,27,28,49,53,54,55,56,57,58,66,98,99,100,101,102,103,104,105,111,112,141,142,143,144,145,146,147,148,149,153,155,156,157,186,187,188,189,190,191,192,193,194,231,232,233,234,235,236,237,238,276,277,278,279,280,281,282,319,320,321,322,323,324,325,326,332,333,364,366,367,368,369,370,371,377,378,408,409,411,412,413,414,422,423,453,454,456,459,460,467,468,600,601,645,945,989,990,1035,1072,1073,1116,1117,1160,1205,1209,1210,1211,1254
80,80,86
6,10,11,21,22,24,25,28,54,55,56,57,58,66,99,100,101,102,104,105,110,111,142,143,144,145,146,148,149,155,187,188,189,190,191,192,231,232,233,234,235,236,237,238,278,279,280,281,282,319,322,323,324,325,326,333,364,367,368,370,371,377,378,409,411,412,413,414,422,423,454,467,468,645,945,989,990,1073,1115,1117,1123,1124,1160,1161,1205,1250
5,5,151
6,7,8,9,10,11,15,21,51,52,53,54,55,56,57,58,59,61,65,66,67,97,98,99,100,101,103,104,105,111,139,141,142,143,144,145,146,147,148,149,153,154,155,156,183,184,186,187,188,189,190,191,192,193,194,199,200,228,229,230,231,232,233,234,235,236,237,238,244,245,273,274,275,276,278,279,280,281,282,288,289,319,321,322,323,324,325,326,332,333,363,364,367,368,369,370,371,377,378,412,413,421,422,423,467,468,509,510,511,512,513,556,598,600,601,643,644,645,646,690,733,910,911,945,955,956,989,990,1000,1001,1027,1028,1034,1035,1071,1072,1073,1080,1114,1115,1116,1117,1118,1123,1159,1160,1161,1205,1254,1255,1256
5,5,146
6,8,9,10,11,12,15,21,31,51,52,54,55,56,57,58,59,61,65,66,67,96,97,98,99,100,101,103,104,105,110,111,141,142,143,144,145,146,147,148,149,154,155,156,183,184,186,187,188,189,190,191,192,193,194,199,200,228,229,230,231,232,233,234,235,236,237,238,244,245,273,274,276,278,279,280,281,282,288,318,319,321,322,323,324,325,326,327,332,333,364,367,368,369,370,371,377,378,408,409,411,412,413,421,422,423,466,467,468,501,511,512,513,556,598,600,601,643,644,645,646,688,690,910,911,945,955,956,989,990,1000,1001,1072,1073,1080,1115,1116,1117,1123,1125,1159,1160,1161,1205,1254,1255
32,32,157
8,9,10,11,21,51,52,54,55,56,57,58,65,66,97,98,99,100,101,103,104,105,111,141,142,143,144,145,146,147,148,149,150,154,155,186,187,188,189,190,191,192,193,199,200,228,229,231,232,233,234,235,236,237,238,244,274,278,279,280,281,282,289,323,324,325,326,332,333,367,368,369,371,377,378,413,422,423,467,468,511,512,513,600,601,643,645,855,899,900,910,911,943,944,945,955,956,988,989,990,1000,1001,1028,1033,1034,1035,1072,1073,1077,1078,1079,1080,1114,1116,1117,1121,1122,1123,1124,1125,1159,1160,1161,1165,1166,1167,1168,1169,1170,1205,1209,1210,1211,1212,1213,1214,1215,1253,1254,1255,1256,1257,1258,1259,1260,1298,1299,1301,1302,1303,1304,1305,1346,1347,1348,1349,1350
76,76,170
225,270,315,359,360,403,404,405,448,449,450,493,494,495,537,538,539,540,581,582,583,584,585,626,627,628,629,630,671,672,673,674,675,716,717,718,719,720,761,762,763,764,765,805,806,807,808,809,810,850,851,852,853,854,855,894,895,896,897,898,899,900,938,939,940,941,942,943,944,945,982,983,984,985,986,987,988,989,990,1026,1027,1028,1029,1030,1031,1032,1033,1034,1035,1070,1071,1072,1073,1074,1075,1076,1077,1078,1079,1080,1115,1116,1117,1118,1119,1120,1121,1122,1123,1124,1125,1159,1160,1161,1162,1163,1164,1165,1166,1167,1168,1169,1170,1204,1205,1206,1207,1208,1209,1210,1211,1212,1213,1214,1215,1249,1250,1251,1252,1253,1254,1255,1256,1257,1258,1259,1260,1294,1295,1296,1297,1298,1299,1300,1301,1302,1303,1304,1305,1340,1341,1342,1343,1344,1345,1346,1347,1348,1349,1350
18,18,272
41,42,43,44,45,86,87,88,89,90,131,132,133,134,135,176,177,178,179,180,220,221,222,223,224,225,264,265,266,267,268,269,270,308,309,310,311,312,313,314,315,353,354,355,356,357,358,359,360,397,398,399,400,401,402,403,404,405,442,443,444,445,446,447,448,449,450,486,487,488,489,490,491,492,493,494,495,532,533,534,535,536,537,538,539,540,576,577,578,579,580,581,582,583,584,585,620,621,622,623,624,625,626,627,628,629,630,665,666,667,668,669,670,671,672,673,674,709,710,711,712,713,714,715,716,717,718,754,755,756,757,758,759,760,761,762,763,798,799,800,801,802,803,804,805,806,807,843,844,845,846,847,848,849,850,851,852,886,887,888,889,890,891,892,893,894,895,896,897,932,933,934,935,936,937,938,939,940,941,942,976,977,978,979,980,981,982,983,984,985,986,987,1021,1022,1023,1024,1025,1026,1027,1028,1029,1030,1031,1066,1067,1068,1069,1070,1071,1072,1073,1074,1075,1076,1080,1103,1111,1112,1113,1114,1115,1116,1117,1118,1119,1120,1121,1124,1156,1157,1158,1159,1160,1161,1162,1163,1164,1166,1200,1201,1202,1203,1204,1205,1206,1207,1208,1209,1246,1247,1248,1249,1250,1251,1252,1253,1254,1255,1291,1292,1293,1294,1295,1297,1298,1335,1336,1337,1338,1339,1340,1341
61,61,378
29,30,31,32,33,34,35,36,37,38,39,40,41,42,74,75,76,77,78,79,80,81,82,83,84,85,86,87,119,120,121,122,123,124,125,126,127,128,129,130,131,132,133,162,163,164,165,166,167,168,169,170,171,172,173,174,175,176,177,178,208,209,210,211,212,213,214,215,216,217,218,219,220,221,222,223,253,254,255,256,257,258,259,260,261,262,263,264,265,266,297,298,299,300,301,302,303,304,305,306,307,308,309,310,311,312,342,343,344,345,346,347,348,349,350,351,352,353,354,388,389,390,391,392,393,394,395,396,397,398,400,433,434,435,436,437,438,439,440,441,442,477,478,479,480,481,482,483,484,485,486,487,488,521,522,523,524,525,526,527,528,529,530,531,564,565,566,567,568,569,570,571,572,573,574,575,576,577,611,612,613,614,615,616,617,618,619,620,621,656,657,658,659,660,661,662,663,664,665,666,700,701,702,703,704,705,706,707,708,709,710,711,746,747,748,749,750,751,752,753,754,790,791,792,793,794,795,796,797,798,799,834,835,836,837,838,839,840,841,842,843,844,845,878,879,880,881,882,883,884,885,886,887,888,889,923,924,925,926,927,928,929,930,931,932,933,934,967,968,969,970,971,972,973,974,975,976,977,978,1011,1012,1013,1014,1015,1016,1017,1018,1019,1020,1021,1022,1023,1056,1057,1058,1059,1060,1061,1062,1063,1064,1065,1066,1067,1100,1101,1102,1103,1104,1105,1106,1107,1108,1109,1110,1111,1112,1114,1145,1146,1147,1148,1149,1150,1151,1152,1153,1154,1155,1156,1189,1190,1191,1192,1193,1194,1195,1196,1197,1198,1199,1200,1234,1235,1236,1237,1238,1239,1240,1241,1242,1243,1244,1278,1279,1280,1281,1282,1283,1284,1285,1286,1287,1288,1289,1290,1323,1324,1325,1326,1327,1328,1329,1330,1331,1332,1333,1334
134,134,454
20,21,22,23,24,25,26,27,28,29,30,31,32,33,34,35,36,38,64,65,66,67,68,69,70,71,72,73,74,75,76,77,78,109,110,111,112,113,114,115,116,117,118,119,120,121,122,123,124,125,153,154,155,156,157,158,159,160,161,162,163,164,165,166,167,168,169,170,198,199,200,201,202,203,204,205,206,207,208,209,210,211,212,213,214,243,244,245,246,247,248,249,250,251,252,253,254,255,256,258,287,288,289,290,291,292,293,294,295,296,297,298,299,300,301,331,332,333,334,335,336,337,338,339,340,341,342,343,344,345,376,377,378,379,380,381,382,383,384,385,386,387,388,389,421,422,423,424,425,426,427,428,429,430,431,432,433,434,435,465,466,467,468,469,470,471,472,473,474,475,476,477,478,479,510,511,512,513,514,515,516,517,518,519,520,521,522,523,555,556,557,558,559,560,561,562,563,564,565,566,567,598,599,600,601,602,603,604,605,606,607,608,609,610,611,612,643,644,645,646,647,648,649,650,651,652,653,654,655,656,688,689,690,691,692,693,694,695,696,697,698,699,700,701,733,734,735,736,737,738,739,740,741,742,743,744,745,777,778,779,780,781,782,783,784,785,786,787,788,789,790,791,792,815,823,824,825,826,827,828,829,830,831,832,833,834,835,836,837,866,867,868,869,870,871,872,873,874,875,876,877,878,879,880,881,910,911,912,913,914,915,916,917,918,919,920,921,922,923,924,925,926,955,956,957,958,959,960,961,962,963,964,965,966,967,968,969,970,971,1000,1001,1002,1003,1004,1005,1006,1007,1008,1009,1010,1011,1012,1013,1014,1015,1045,1046,1047,1048,1049,1050,1051,1052,1053,1054,1055,1056,1057,1058,1059,1060,1090,1091,1092,1093,1094,1095,1096,1097,1098,1099,1100,1101,1102,1103,1104,1135,1136,1137,1138,1139,1140,1141,1142,1143,1144,1145,1146,1147,1148,1180,1182,1183,1184,1185,1186,1187,1188,1189,1190,1191,1192,1224,1225,1226,1227,1228,1229,1230,1231,1232,1233,1234,1235,1236,1237,1268,1269,1270,1271,1272,1273,1274,1275,1276,1277,1278,1279,1280,1281,1313,1314,1315,1316,1317,1318,1319,1320,1321,1322,1323,1324,1325,1326
134,134,466
9,10,11,12,13,14,15,16,17,18,19,20,21,22,23,24,25,26,27,28,54,55,56,57,58,59,60,61,62,63,64,65,66,67,68,69,70,98,99,100,101,102,103,104,105,106,107,108,109,110,111,112,113,114,115,142,143,144,145,146,147,148,149,150,151,152,153,154,155,156,157,158,159,186,187,188,189,190,191,192,193,194,195,196,197,198,199,200,201,202,203,231,232,233,234,235,236,237,238,239,240,241,242,243,244,245,246,247,248,249,276,277,278,279,280,281,282,283,284,285,286,287,288,289,290,291,292,293,321,322,323,324,325,326,327,328,329,330,331,332,333,334,335,336,337,338,365,366,367,368,369,370,371,372,373,374,375,376,377,378,379,380,381,410,411,412,413,414,415,416,417,418,419,420,421,422,423,424,425,455,456,457,458,459,460,461,462,463,464,465,466,467,468,469,470,471,501,502,503,504,505,506,507,508,509,510,511,512,513,514,545,546,547,548,549,550,551,552,553,554,555,556,557,558,560,591,592,593,594,595,596,597,598,599,600,601,602,603,604,635,636,637,638,639,640,641,642,643,644,645,646,647,648,679,680,681,682,683,684,685,686,687,688,689,690,691,692,693,694,724,725,726,727,728,729,730,731,732,733,734,735,736,737,738,769,770,771,772,773,774,775,776,777,778,779,780,781,782,813,814,815,816,817,818,819,820,821,822,823,824,825,827,858,859,860,861,862,863,864,865,866,867,868,869,870,903,904,905,906,907,908,909,910,911,912,913,914,915,916,917,948,949,950,951,952,953,954,955,956,957,958,959,960,992,993,994,995,996,997,998,999,1000,1001,1002,1003,1004,1005,1036,1037,1038,1039,1040,1041,1042,1043,1044,1045,1046,1047,1048,1049,1050,1081,1082,1083,1084,1085,1086,1087,1088,1089,1090,1091,1092,1093,1094,1095,1126,1127,1128,1129,1130,1131,1132,1133,1134,1135,1136,1137,1138,1139,1140,1171,1172,1173,1174,1175,1176,1177,1178,1179,1180,1181,1182,1183,1184,1216,1217,1218,1219,1220,1221,1222,1223,1224,1225,1226,1227,1228,1229,1261,1262,1263,1264,1265,1266,1267,1268,1269,1270,1271,1272,1273,1278,1306,1307,1308,1309,1310,1311,1312,1313,1314,1315,1316,1317
20,20,393
1,2,3,4,5,6,7,8,9,10,11,12,13,14,15,16,17,18,19,20,21,22,46,47,48,49,50,51,52,53,54,55,56,57,58,59,60,61,62,63,64,65,66,67,91,92,93,94,95,96,97,98,99,100,101,102,103,104,105,106,107,108,109,136,137,138,139,140,141,142,143,144,145,146,147,148,149,150,151,152,153,154,181,182,183,184,185,186,187,188,189,190,191,192,193,194,195,196,226,227,228,229,230,231,232,233,234,235,236,237,238,239,240,241,271,272,273,274,275,276,277,278,279,280,281,282,283,284,285,286,316,317,318,319,320,321,322,323,324,325,326,327,328,329,330,331,333,361,362,363,364,365,366,367,368,369,370,371,372,373,374,375,376,378,406,407,408,409,410,411,412,413,414,415,416,417,418,419,422,451,452,453,454,455,456,457,458,459,460,461,462,463,464,465,466,468,496,497,498,499,500,501,502,503,504,505,506,507,508,509,510,511,541,542,543,544,545,546,547,548,549,550,551,552,553,554,555,556,586,587,588,589,590,591,592,593,594,595,596,597,598,599,600,631,632,633,634,635,636,637,638,639,640,641,642,643,644,676,677,678,679,680,681,682,683,684,685,686,687,688,689,721,722,723,724,725,726,727,728,729,730,731,732,733,756,766,767,768,769,770,771,772,773,774,775,776,777,811,812,813,814,815,816,817,818,819,820,821,856,857,858,859,860,861,862,863,864,865,866,901,902,903,904,905,906,907,908,909,910,911,946,947,948,949,950,951,952,953,954,955,991,992,993,994,995,996,997,998,1000,1036,1037,1038,1039,1040,1041,1042,1043,1081,1082,1083,1084,1085,1086,1087,1126,1127,1128,1129,1130,1131,1171,1172,1173,1174,1175,1176,1177,1216,1217,1218,1219,1220,1221,1261,1262,1263,1264,1265,1266,1306,1307,1308,1309
75,75,382
1,2,3,4,5,6,7,8,9,10,11,12,13,14,15,16,17,18,20,21,46,47,48,49,50,51,52,53,54,55,56,57,58,59,60,61,62,63,64,65,66,91,92,93,94,95,96,97,98,99,100,101,102,103,104,105,106,107,108,109,110,136,137,138,139,140,141,142,143,144,145,146,147,148,149,150,151,152,153,154,155,181,182,183,184,185,186,187,188,189,190,191,192,193,194,195,196,198,199,226,227,228,229,230,231,232,233,234,235,236,237,238,239,240,241,242,243,271,272,273,274,275,276,277,278,279,280,281,282,283,284,285,286,287,288,316,317,318,319,320,321,322,323,324,325,326,327,328,329,330,331,332,333,361,362,363,364,365,366,367,368,369,370,371,372,373,374,375,376,377,378,406,407,408,409,410,411,412,413,414,415,416,417,418,419,420,421,422,423,451,452,453,454,455,456,457,458,459,460,461,462,463,464,466,467,468,496,497,498,499,500,501,502,503,504,505,506,507,508,509,510,511,512,513,541,542,543,544,545,546,547,548,549,550,551,552,553,554,555,556,586,587,588,589,590,591,592,593,594,595,596,597,598,599,600,631,632,633,634,635,636,637,638,639,640,641,642,643,676,677,678,679,680,681,682,683,684,685,686,687,688,721,722,723,724,725,726,727,728,729,730,731,733,766,767,768,769,770,771,772,773,774,775,776,777,811,812,813,814,815,816,817,818,819,820,821,856,857,858,859,860,861,862,863,865,866,901,902,903,904,905,906,907,908,910,911,946,947,948,949,950,951,955,956,991,992,993,994,995,996,997,1000,1036,1037,1038,1039,1040,1042,1081,1082,1083,1084,1085,1086,1126,1127,1128,1129,1171,1172,1173,1174,1216,1217,1218,1261,1262,1263,1306,1307,1308,1309
82,82,371
1,2,3,4,5,6,7,8,9,10,11,12,13,14,15,16,17,18,19,20,21,22,23,24,25,26,27,28,29,30,34,46,47,48,49,50,51,52,53,54,55,56,57,58,59,60,61,62,63,64,65,66,68,71,72,73,91,92,93,94,95,96,97,98,99,100,101,102,103,104,105,106,107,108,109,110,115,136,137,138,139,140,141,142,143,144,145,146,147,148,149,150,151,152,153,154,155,160,161,181,182,183,184,185,186,187,188,189,190,191,192,193,194,195,196,197,198,199,200,201,204,205,206,226,227,228,229,230,231,232,233,234,235,236,237,238,239,240,241,242,243,244,245,271,272,273,274,275,276,277,278,279,280,281,282,283,284,285,286,287,288,289,299,316,317,318,319,320,321,322,323,324,325,326,327,328,329,330,331,332,333,334,361,362,363,364,365,366,367,368,369,370,371,372,373,374,375,376,377,378,406,407,408,409,410,411,412,413,414,415,416,417,418,419,420,421,422,423,451,452,453,454,455,456,457,458,459,460,461,462,463,464,465,466,467,468,496,497,498,499,500,501,502,503,504,505,506,507,508,509,510,511,512,513,541,542,543,544,545,546,547,548,549,550,551,552,553,554,555,556,557,586,587,588,589,590,591,592,593,594,595,596,597,598,599,600,601,631,632,633,634,635,636,637,638,639,640,641,642,643,644,645,646,676,677,678,679,680,681,682,683,684,685,686,687,688,689,690,721,722,723,724,725,726,727,728,729,730,731,732,733,734,735,766,767,768,769,770,771,772,773,774,775,776,777,811,812,813,818,819,820,821,856,857,864,865,866,901,902,910,911,946,952,955,956,1000,1001,1013,1122,1123,1167
81,81,351
1,2,3,4,5,6,7,8,9,10,11,12,13,14,15,16,17,18,19,20,21,23,24,25,26,27,28,29,31,32,46,47,48,49,50,51,52,53,54,55,56,57,58,59,60,61,62,63,64,65,66,70,72,73,80,91,92,93,94,95,96,97,98,99,100,101,102,103,104,105,106,107,108,109,110,111,112,121,136,137,138,139,140,141,142,143,144,145,146,147,148,149,150,151,152,153,154,155,159,167,181,182,183,184,185,186,187,188,189,190,191,192,193,194,195,196,197,198,199,200,204,205,226,227,228,229,230,231,232,233,234,235,236,237,238,239,240,241,242,243,244,245,271,272,273,274,275,276,277,278,279,280,281,282,283,284,285,286,287,288,289,316,317,318,319,320,321,322,323,324,325,326,327,328,329,330,331,332,333,334,335,336,337,361,362,363,364,365,366,367,368,369,370,371,372,373,374,375,376,377,378,406,407,408,409,410,411,412,413,414,415,416,417,418,419,420,421,422,423,451,452,453,454,455,456,457,458,459,460,461,462,463,464,465,466,467,468,496,497,498,499,500,501,502,503,504,505,506,507,508,510,511,512,513,541,542,543,544,545,546,547,548,549,550,551,552,553,554,555,556,557,586,587,588,589,590,591,592,593,594,595,596,597,598,599,600,601,631,632,633,634,635,636,637,638,639,640,641,642,643,644,645,646,676,677,678,679,680,681,682,683,684,685,686,687,688,689,690,723,724,725,726,727,728,729,730,731,732,733,734,769,771,774,777,778,821,865,866,910,911,955,956,1000,1001,1080,1121,1122,1123,1125,1166,1167
55,55,339
1,2,3,4,5,6,7,8,9,10,11,12,13,14,15,16,17,18,19,20,21,22,23,24,25,26,27,28,29,30,31,32,33,34,46,47,48,49,50,51,52,53,54,55,56,57,58,59,60,61,62,63,64,65,66,67,71,72,73,76,77,78,79,80,91,92,93,94,95,96,97,98,99,100,101,102,103,104,105,106,107,108,109,110,111,121,122,136,137,138,139,140,141,142,143,144,145,146,147,148,149,150,151,152,153,154,155,157,161,166,167,175,181,182,183,184,185,186,187,188,189,190,191,192,193,194,195,196,197,198,199,200,201,203,204,226,227,228,229,230,231,232,233,234,235,236,237,238,239,240,241,242,243,244,245,248,267,271,272,273,274,275,276,277,278,279,280,281,282,283,284,285,286,287,288,289,316,317,318,319,320,321,322,323,324,325,326,327,328,329,330,331,332,333,334,361,362,363,364,365,366,367,368,369,370,371,372,373,374,375,376,377,378,406,407,408,409,410,411,412,413,414,415,416,417,418,419,420,421,422,423,451,452,453,454,455,456,457,458,459,460,461,462,463,465,466,467,468,496,497,498,499,500,501,502,503,504,505,507,508,509,510,511,512,513,541,543,545,546,547,548,549,550,551,552,553,554,555,556,557,586,587,590,591,592,594,595,596,597,598,599,600,601,635,636,637,639,641,642,643,644,645,646,678,681,682,683,684,685,687,688,689,690,691,732,733,734,773,866,910,911,924,932,955,1000,1080,1112,1120,1121,1122,1123,1124,1125,1156,1165,1166,1167,1210,1255
141,141,330
1,4,5,6,7,8,9,10,11,12,13,14,15,16,17,18,19,20,21,22,23,24,25,26,27,28,29,30,31,32,33,34,46,47,48,49,50,51,52,53,54,55,56,57,58,59,60,61,62,63,64,65,66,67,68,69,70,71,72,73,76,77,78,91,92,93,94,95,96,97,98,99,100,101,102,103,104,105,106,107,108,109,110,111,116,119,121,122,136,137,138,139,140,141,142,143,144,145,146,147,148,149,150,151,152,153,154,155,156,159,165,166,167,175,181,182,183,184,185,186,187,188,189,190,191,192,193,194,195,196,197,198,199,200,201,204,205,211,212,222,226,227,228,229,230,231,232,233,234,235,236,237,238,239,240,241,242,243,244,245,256,267,271,272,273,274,275,276,277,278,279,280,281,282,283,284,285,286,287,288,289,316,317,318,319,320,321,322,323,324,325,326,327,328,329,330,331,332,333,334,335,336,337,361,362,363,364,365,366,367,368,369,370,371,372,373,374,375,376,377,378,379,406,407,408,409,410,411,412,413,414,415,416,417,418,419,420,421,422,423,426,452,453,454,455,456,457,458,459,460,461,462,463,465,466,467,468,500,501,502,503,504,505,506,507,508,509,510,511,512,513,546,547,548,550,551,552,554,555,556,557,591,595,596,598,599,600,601,637,641,643,644,645,646,682,683,687,688,689,690,691,732,733,734,848,866,885,886,887,910,911,955,986,1000,1080,1112,1113,1120,1121,1122,1123,1124,1125,1156,1165,1166,1167,1215,1254,1255
16,16,326
4,5,6,7,8,9,10,11,12,13,14,15,17,18,19,20,21,22,23,24,26,27,28,29,30,31,32,33,34,49,50,51,52,53,54,55,56,57,58,59,60,61,62,63,64,65,66,67,68,69,70,71,72,73,74,76,77,78,79,94,95,96,97,98,99,100,101,102,103,104,105,106,107,108,109,110,111,115,118,120,121,122,125,136,137,138,139,140,141,142,143,144,145,146,147,148,149,150,151,152,153,154,155,157,161,165,166,167,175,181,182,183,184,185,186,187,188,189,190,191,192,193,194,195,196,197,198,199,200,201,204,210,211,226,227,228,229,230,231,232,233,234,235,236,237,238,239,240,241,242,243,245,249,267,271,272,273,274,275,276,277,278,279,280,281,282,283,284,285,286,287,288,289,290,316,317,318,319,320,321,322,323,324,325,326,327,328,329,330,331,332,333,337,362,363,364,365,366,367,368,369,370,371,372,373,374,375,376,377,378,406,407,408,409,410,411,412,413,414,415,416,417,418,419,420,421,422,423,427,451,452,453,454,455,456,457,458,459,461,462,463,465,466,467,468,499,501,502,503,504,505,506,507,509,510,511,512,513,545,546,547,549,550,551,552,553,554,555,556,557,590,595,596,598,599,600,601,637,640,641,642,643,644,645,646,681,682,685,687,688,689,690,691,732,733,734,735,779,821,841,885,886,888,910,932,955,969,989,1000,1080,1120,1121,1122,1123,1125,1165,1166,1167,1170,1212,1214,1215,1254,1255,1256,1257
107,107,311
4,5,6,7,8,9,10,11,12,13,14,15,17,18,19,20,21,23,24,25,26,27,28,29,30,31,32,33,34,50,51,52,53,54,55,56,57,58,59,60,61,62,63,64,65,66,67,69,70,71,72,73,76,77,78,79,80,92,93,94,95,96,97,98,99,100,101,102,103,104,105,106,107,108,109,110,111,115,116,118,120,121,122,125,126,136,137,138,139,140,141,142,143,144,145,146,147,148,149,150,151,152,153,154,155,160,166,167,181,182,183,184,185,186,187,188,189,190,191,192,193,194,195,196,197,198,199,200,201,202,204,211,212,215,222,226,227,228,229,230,231,232,233,234,235,236,237,238,239,240,242,243,244,245,256,267,271,272,273,274,275,276,277,278,279,280,281,282,283,284,285,286,287,288,316,317,318,319,320,321,322,323,324,325,326,327,328,329,330,331,332,333,334,335,336,337,362,363,364,365,366,367,368,369,370,371,372,373,374,375,376,377,378,379,381,406,408,409,410,411,412,413,414,415,416,417,418,419,420,421,422,423,452,453,454,455,456,457,458,459,461,462,463,465,466,467,468,499,500,501,502,503,504,505,510,511,512,513,546,547,548,550,551,554,555,556,557,558,595,596,598,599,600,601,641,642,643,644,645,646,681,682,687,688,689,690,691,733,734,778,866,886,887,910,955,990,1062,1080,1120,1121,1122,1123,1125,1156,1165,1166,1167,1214,1215,1254,1255
107,107,299
4,5,6,7,8,9,10,11,12,13,14,15,17,18,19,20,21,23,24,25,27,28,29,30,31,32,33,34,49,50,51,52,53,54,55,56,57,58,59,60,61,62,63,64,65,66,68,69,70,71,72,73,76,77,78,79,80,91,92,93,96,97,98,99,100,101,102,103,104,105,106,107,108,109,110,115,119,120,121,122,123,124,125,136,137,138,139,140,141,142,143,144,145,146,147,148,149,150,151,152,153,154,155,165,166,167,168,169,170,181,182,183,184,185,186,187,188,189,190,191,192,193,194,196,197,198,199,200,204,221,222,226,227,228,229,230,231,232,233,234,235,236,237,238,239,240,241,242,243,245,264,267,271,272,273,274,275,276,277,278,279,280,281,282,283,284,285,286,287,288,310,316,317,318,319,320,321,322,323,324,325,326,327,328,329,330,331,332,333,362,363,364,365,366,367,368,369,370,371,372,373,375,376,377,378,406,407,408,409,410,411,412,413,414,415,416,417,418,419,420,421,422,423,452,453,454,455,456,457,458,459,461,462,465,466,467,468,499,500,501,502,503,504,505,507,509,510,511,512,513,545,546,547,550,551,554,555,556,557,573,596,598,599,600,601,635,637,640,641,643,644,645,646,681,682,688,689,690,691,733,734,778,821,955,1080,1112,1120,1121,1122,1123,1125,1165,1166,1167,1214,1215,1254,1255,1256
121,121,277
6,7,8,9,10,11,12,13,14,15,16,17,18,19,20,24,25,26,27,28,29,30,31,32,33,34,50,51,52,53,54,55,56,57,58,59,60,61,62,63,64,66,67,68,69,70,71,72,73,76,77,78,95,96,97,98,99,100,101,102,103,104,105,106,107,108,109,110,117,119,120,121,122,123,124,136,137,138,139,140,141,142,143,144,145,146,147,148,149,150,151,152,153,154,159,165,166,167,168,169,171,181,182,183,184,185,186,187,188,189,190,191,192,193,194,195,196,198,199,200,212,213,220,221,226,227,228,229,230,231,232,233,234,235,236,237,238,239,241,242,243,245,248,264,271,272,273,274,275,276,277,278,279,280,281,282,286,287,288,316,317,318,319,320,321,322,323,324,325,326,327,329,330,331,332,333,334,335,336,362,363,364,365,366,367,368,369,370,371,374,375,376,377,378,379,406,407,408,409,410,411,412,413,414,415,416,420,421,422,423,452,453,454,455,456,457,458,459,460,462,465,466,467,468,499,500,501,502,503,504,505,507,513,546,547,548,549,550,552,554,557,592,596,598,637,643,644,646,681,682,683,688,689,690,691,726,727,733,734,778,886,955,989,990,1080,1112,1122,1123,1125,1166,1167,1169,1214,1215,1255,1256,1257
110,110,287
4,5,6,7,8,9,10,11,12,13,14,15,17,18,19,23,24,25,26,27,28,30,31,32,48,49,50,51,52,53,54,55,56,57,58,59,60,61,62,63,64,65,66,67,70,71,72,73,75,76,77,78,93,94,95,96,97,98,99,100,101,102,103,104,106,107,108,112,113,114,116,117,118,119,120,121,122,123,124,136,137,138,139,140,141,142,143,144,145,146,147,148,149,151,153,157,159,160,163,164,165,166,167,168,169,174,175,181,182,183,184,185,186,187,188,189,190,191,192,193,194,196,197,198,200,202,204,210,211,212,213,215,220,221,222,224,226,227,228,229,230,231,232,233,234,235,236,237,238,239,240,241,242,243,248,257,258,259,261,263,271,272,273,274,275,276,277,278,279,280,281,282,283,284,285,286,287,288,291,292,298,300,317,319,320,321,322,323,324,325,326,327,328,329,330,331,332,333,335,336,337,338,339,343,361,362,363,364,365,366,367,368,369,370,371,373,375,376,377,378,379,380,381,383,384,386,406,407,408,409,410,411,412,413,414,415,416,421,422,423,451,452,453,454,455,456,457,458,462,465,466,468,500,501,503,505,507,510,513,548,550,551,554,573,595,596,599,600,601,640,641,644,683,688,898,942,955,989,1166,1167,1168,1169,1210,1211,1212,1214,1215
12,12,274
3,4,5,6,7,8,9,10,11,12,13,14,15,16,19,23,24,25,26,27,28,29,30,31,32,33,48,49,50,51,52,53,54,55,56,57,58,59,60,61,62,63,64,66,70,71,72,73,75,76,77,93,94,95,96,97,98,99,100,101,102,103,104,106,107,112,114,117,118,119,120,121,122,123,124,136,137,138,139,140,141,142,143,144,145,146,147,148,149,150,151,152,153,158,164,165,166,167,168,169,170,174,175,181,182,183,184,185,186,187,188,189,190,191,192,193,194,195,196,197,198,202,204,210,211,212,213,214,216,221,223,224,226,227,228,229,230,231,232,233,234,235,236,237,238,239,240,241,242,243,245,258,271,272,273,274,275,276,277,278,279,280,281,282,283,284,285,286,287,288,291,316,317,318,319,320,321,322,323,324,325,326,327,328,329,330,331,332,333,335,336,337,338,339,363,364,365,366,367,368,369,370,371,373,376,377,378,379,380,406,407,408,409,410,411,412,413,414,416,417,418,421,422,423,451,452,453,454,455,456,457,458,460,462,465,466,468,496,499,500,501,502,503,504,507,513,548,550,551,554,591,595,596,600,640,688,733,821,942,943,989,990,1104,1122,1166,1167,1168,1169,1211,1212,1215,1254,1255,1256
12,12,276
3,4,5,6,7,8,9,10,11,12,13,14,15,16,20,23,24,25,26,27,28,29,30,31,32,48,49,50,51,52,53,54,55,56,57,58,59,60,61,62,63,64,66,69,70,71,72,73,74,75,76,77,93,94,95,96,97,98,99,100,101,102,103,104,106,107,108,112,114,115,117,118,119,120,121,122,123,136,137,138,139,140,141,142,143,144,145,146,147,148,149,150,151,153,157,158,160,163,164,165,166,167,168,169,175,181,182,183,184,185,186,187,188,189,190,191,192,193,194,195,196,197,198,202,203,204,210,211,212,213,214,224,226,227,228,229,230,231,232,233,234,235,236,237,238,239,240,241,242,243,248,263,264,271,272,273,274,275,276,277,278,279,280,281,282,283,284,285,286,287,288,291,292,300,316,317,318,319,320,321,322,323,324,325,326,327,328,329,330,331,332,333,335,336,337,338,339,361,362,363,364,365,366,367,368,369,370,371,372,376,377,378,379,380,381,406,407,408,409,410,411,412,413,414,416,417,421,422,423,451,452,453,454,455,456,457,458,461,462,468,496,500,501,503,506,509,513,548,550,555,595,600,601,640,644,681,688,726,910,942,943,955,989,1112,1167,1168,1169,1210,1211,1212,1213,1214,1215,1254,1255,1256
57,57,271
4,5,6,7,8,9,10,11,12,13,14,15,16,23,24,25,26,27,28,29,30,31,32,48,49,50,51,52,53,54,55,56,57,58,59,61,62,66,70,71,72,73,76,77,93,94,95,96,97,98,99,100,101,102,103,104,105,106,107,112,113,114,115,118,119,120,121,122,123,136,137,138,139,140,141,142,143,144,145,146,147,148,149,150,153,156,157,158,159,164,165,166,167,168,169,181,182,183,184,185,186,187,188,189,190,191,192,193,194,195,196,197,198,202,203,204,205,210,211,212,213,214,224,226,227,228,229,230,231,232,233,234,235,236,237,238,239,240,241,242,243,258,261,262,263,264,266,271,272,273,274,275,276,277,278,279,280,281,282,283,284,285,286,287,288,291,292,299,300,316,317,318,319,320,321,322,323,324,325,326,327,328,331,332,333,335,336,337,338,339,351,361,362,363,364,365,366,367,368,369,370,371,372,376,377,378,379,406,407,408,409,410,411,412,413,414,416,417,421,422,423,451,452,453,454,455,456,457,458,462,496,500,501,502,503,504,513,548,550,551,591,596,600,601,644,681,683,688,689,726,727,733,821,897,898,943,955,989,990,1112,1167,1168,1169,1211,1212,1213,1214,1215,1254,1255,1256
89,89,270
4,5,6,7,8,9,10,11,12,13,14,15,16,24,25,26,27,28,29,30,31,32,48,49,50,51,52,53,54,55,56,57,58,59,60,61,62,66,67,69,70,71,72,73,75,76,77,78,93,94,95,96,97,98,99,100,101,102,103,104,105,106,107,112,113,114,115,116,117,118,119,120,121,122,123,136,137,138,139,140,141,142,143,144,145,146,147,148,149,150,151,153,157,158,159,163,164,165,166,167,168,169,174,181,182,183,184,185,186,187,188,189,190,191,192,193,194,195,198,201,202,203,204,210,211,212,213,214,226,227,228,229,230,231,232,233,234,235,236,237,238,239,240,241,242,243,257,262,263,264,271,272,273,274,275,276,277,278,279,280,281,282,283,284,285,287,288,291,292,300,301,316,317,318,319,320,321,322,323,324,325,326,327,328,331,332,333,335,336,339,345,361,362,363,364,365,366,367,368,369,370,371,372,376,377,378,379,406,407,408,409,410,411,412,413,414,416,417,423,452,453,454,455,456,457,458,461,462,496,500,501,502,503,513,548,550,554,555,572,591,594,595,600,644,681,683,687,688,689,726,727,733,898,942,943,955,988,989,990,1112,1167,1168,1169,1210,1212,1213,1214,1215,1255,1256
4,4,260
4,5,6,7,8,9,10,11,12,13,14,15,16,20,24,25,26,27,28,29,30,31,48,49,50,51,52,53,54,55,56,57,58,59,60,61,66,67,68,69,70,71,72,73,75,76,93,94,95,96,97,98,99,100,101,102,103,104,105,106,107,112,113,114,115,116,117,118,119,120,121,122,123,136,137,138,139,140,141,142,143,144,145,146,147,148,149,156,157,158,164,165,166,167,168,169,170,181,182,183,184,185,186,187,188,189,190,191,192,193,194,201,202,203,204,209,210,211,212,213,214,215,216,226,227,228,229,230,231,232,233,234,235,236,237,238,239,240,246,261,262,263,264,271,272,273,274,275,276,277,278,279,280,281,282,283,284,285,287,288,291,299,300,318,319,320,321,322,323,324,325,326,327,328,329,331,332,333,335,336,337,339,361,362,363,364,365,366,367,368,369,370,372,376,377,378,379,406,407,408,409,410,411,412,413,414,415,416,417,423,451,452,453,454,455,456,457,458,460,461,496,499,500,501,502,503,504,513,547,548,591,595,681,682,683,687,688,689,726,727,733,821,898,942,943,955,989,990,1112,1157,1167,1168,1169,1210,1212,1213,1214,1215,1255,1256
105,105,266
4,5,6,7,8,9,10,11,12,13,14,15,16,24,25,26,27,28,29,30,48,49,50,51,52,53,54,55,56,57,58,59,60,61,62,66,67,68,69,70,71,72,73,92,94,95,96,97,98,99,100,101,102,103,104,105,112,113,114,115,116,117,118,119,120,121,122,136,137,138,139,140,141,142,143,144,145,146,147,148,149,156,157,158,160,163,164,165,166,167,168,169,170,174,181,182,183,184,185,186,187,188,189,190,191,192,193,194,196,201,202,203,204,209,210,211,212,213,214,215,216,226,227,228,229,230,231,232,233,234,235,236,237,238,239,240,243,246,255,256,260,261,262,263,264,271,272,273,274,275,276,277,278,279,280,281,282,283,284,285,288,290,291,292,299,300,301,316,317,318,319,320,321,322,323,324,325,326,327,328,329,331,332,335,336,339,346,361,362,363,364,365,366,367,368,369,371,372,376,378,379,406,407,408,409,410,411,412,413,414,416,417,452,453,454,455,456,457,458,461,462,472,500,501,502,503,505,513,523,524,547,548,550,558,570,572,591,594,646,681,683,687,688,689,725,726,727,733,772,777,898,942,943,955,988,989,990,1167,1168,1169,1212,1213,1214,1215,1255,1256
136,136,248
5,6,7,8,9,10,11,12,13,14,15,16,22,24,25,26,27,49,50,51,52,53,54,55,56,57,58,59,60,66,67,68,69,70,71,72,73,76,94,95,96,97,98,99,100,101,102,103,104,106,112,113,114,115,116,117,118,119,120,121,122,136,137,138,139,140,141,142,143,144,145,146,147,148,156,157,158,159,160,163,164,165,166,167,168,169,170,181,182,183,184,185,186,187,188,189,190,191,192,193,201,202,203,204,209,210,211,213,214,215,216,217,226,227,228,229,230,231,232,233,234,235,236,237,238,239,240,246,247,257,260,261,262,263,264,271,272,273,274,275,276,277,278,279,280,281,282,284,287,288,291,292,299,300,301,318,319,320,321,322,323,324,325,326,327,328,332,335,345,363,364,365,366,367,368,369,372,376,378,379,406,407,408,409,410,411,412,413,414,416,417,423,451,452,453,454,455,456,457,458,461,472,499,500,501,502,503,504,505,513,525,547,548,549,591,595,640,646,680,681,682,683,687,688,726,727,733,821,911,943,955,956,988,989,990,1067,1167,1168,1169,1210,1212,1213,1214,1215,1254,1255,1256,1257
70,70,220
6,7,8,9,10,11,12,13,14,15,21,22,23,24,25,48,49,50,51,52,53,54,55,56,57,58,59,66,67,68,69,70,71,72,73,74,76,77,93,94,95,96,97,98,99,100,101,102,103,104,111,112,113,114,115,116,117,118,119,120,121,122,136,137,138,139,140,141,142,143,144,145,146,147,148,156,157,158,159,163,164,165,166,168,170,181,182,183,184,185,186,187,188,189,190,191,192,193,200,201,202,210,213,215,216,217,221,227,228,229,230,231,232,233,234,235,236,237,238,245,246,247,253,254,255,256,260,261,262,263,264,271,272,273,274,275,276,277,278,279,280,281,282,283,284,290,292,300,301,316,318,319,320,321,322,323,324,325,326,327,328,331,332,335,363,364,365,366,367,368,369,370,371,372,375,376,378,380,407,408,411,412,413,414,416,420,423,424,425,452,453,454,455,457,458,461,469,470,472,499,500,501,513,546,548,549,591,646,688,898,943,955,989,990,1169,1212,1214,1215,1255,1256
118,118,239
4,5,7,8,9,10,11,12,13,14,15,22,23,24,25,49,50,51,52,53,54,55,56,57,58,59,60,66,67,68,69,70,71,72,94,95,96,97,98,99,100,101,102,103,104,111,112,113,114,115,116,117,118,119,120,121,122,125,136,137,140,141,142,143,144,145,146,147,148,149,156,157,158,159,160,161,162,163,164,165,167,170,171,181,182,183,184,185,186,187,188,189,190,191,193,199,200,201,202,203,207,208,209,210,211,212,215,216,217,226,227,228,229,230,231,232,233,234,235,236,237,243,244,246,247,252,253,254,255,256,257,261,262,263,264,265,271,272,273,274,275,276,278,279,280,281,282,288,289,291,292,297,298,299,300,301,302,316,317,318,319,320,321,322,323,324,325,326,333,334,335,341,343,344,345,347,361,362,364,365,366,368,369,370,371,372,378,380,382,389,390,406,407,408,409,410,411,412,414,415,416,425,426,427,451,452,453,454,457,458,459,460,469,470,471,472,500,502,503,504,505,547,548,549,566,593,654,699,700,898,944,989,990,1035,1169,1170,1212,1254,1255
98,98,229
5,7,8,10,11,12,13,14,15,22,23,24,25,49,50,51,52,54,57,58,59,60,67,68,69,70,71,72,91,94,95,96,97,98,99,100,101,102,103,104,111,112,113,114,115,116,117,118,119,124,125,136,138,139,140,141,142,143,144,145,147,148,154,156,157,158,159,160,161,163,164,165,167,169,170,171,181,182,183,184,185,186,187,188,189,190,191,193,198,199,200,201,202,203,204,207,208,209,210,211,215,216,217,226,227,228,229,230,231,232,233,234,235,236,237,238,243,244,246,247,252,253,254,255,256,257,261,262,263,264,265,271,272,273,274,275,276,277,278,279,280,281,282,289,291,297,298,299,300,301,316,319,320,321,322,323,324,325,326,332,333,335,343,344,345,361,362,363,364,366,367,368,369,370,371,378,380,381,382,406,407,408,411,412,413,414,415,416,425,426,427,451,452,453,454,455,457,459,461,469,470,472,500,502,504,523,547,549,566,568,593,635,638,681,698,943,944,945,989,990,1035,1067,1169,1170,1212,1254,1255,1256,1327
98,98,228
5,7,8,10,11,12,13,14,15,24,25,49,50,51,52,57,58,59,60,67,68,69,70,71,72,94,95,96,97,98,99,100,102,103,104,111,112,113,114,115,116,117,118,119,120,125,139,140,141,142,143,144,145,147,148,154,156,157,158,159,160,161,162,163,164,165,166,170,171,181,182,183,184,185,186,187,188,189,190,193,198,199,201,202,203,204,205,206,207,208,209,210,211,212,215,216,217,226,227,228,229,230,231,232,233,234,235,236,244,246,247,248,249,250,252,253,254,255,256,259,261,262,263,264,265,271,272,273,274,275,276,277,278,279,280,281,289,296,297,298,299,300,301,302,304,316,319,320,321,322,324,325,326,335,341,342,343,344,345,346,347,361,362,363,364,365,366,367,368,369,370,371,378,380,382,383,388,389,390,406,407,408,409,410,411,412,414,415,416,425,426,427,452,453,454,455,457,458,459,469,470,471,472,500,503,504,522,523,548,549,593,609,610,633,654,687,688,943,944,945,989,990,1035,1169,1170,1212,1254,1255
132,132,236
5,7,8,10,12,13,14,15,24,25,49,50,51,52,57,58,59,60,67,68,69,70,71,72,94,95,96,97,98,100,102,103,104,111,112,113,114,115,116,117,118,119,120,125,138,139,140,141,142,143,144,145,147,148,156,157,158,159,160,161,162,163,164,165,166,168,169,170,171,182,183,184,185,186,187,188,189,190,192,198,199,201,202,203,204,205,206,207,208,209,210,211,212,213,214,215,216,217,226,227,228,229,230,231,232,233,234,235,236,244,246,247,248,249,250,251,252,253,254,255,256,258,259,261,262,263,264,265,271,272,273,274,275,276,277,278,279,280,281,291,292,297,298,299,300,301,302,305,316,317,319,320,321,324,325,333,335,338,343,344,345,346,347,361,362,363,364,365,366,367,368,369,370,371,378,380,381,383,390,406,407,408,410,411,412,413,414,415,416,425,426,427,451,452,453,454,455,457,459,469,470,471,472,500,502,503,504,520,522,523,525,547,548,549,568,593,600,607,654,655,656,679,680,681,698,898,943,989,990,1035,1169,1170,1212,1254,1255,1256
79,79,238
7,8,12,13,14,15,23,24,25,26,49,50,51,52,57,58,59,60,67,68,69,70,71,72,94,95,96,97,98,99,102,103,111,112,113,114,115,116,117,118,119,120,125,138,139,140,141,142,143,144,145,147,148,154,156,157,158,159,160,161,162,163,164,165,166,168,169,170,171,182,183,184,185,186,187,188,189,190,192,193,201,202,203,204,205,206,207,208,209,210,211,212,213,214,215,216,217,226,227,228,229,230,231,232,233,234,235,236,246,247,248,249,250,251,252,253,254,255,256,257,258,259,261,262,263,264,265,271,272,273,274,275,276,277,278,279,280,281,287,291,297,298,299,300,301,302,304,305,316,319,320,321,322,324,325,335,338,341,343,344,345,346,347,361,362,363,364,366,367,368,369,370,371,380,381,382,383,388,389,390,406,407,408,409,410,411,412,414,415,416,425,426,427,451,452,453,454,455,457,459,469,470,471,472,500,502,503,504,519,520,521,522,547,548,549,564,565,566,568,587,590,593,609,611,652,682,687,942,944,989,990,1035,1068,1169,1170,1212,1254,1255
74,74,243
6,7,10,11,12,13,14,15,24,25,49,50,51,52,56,57,58,59,60,67,68,69,70,71,72,94,95,96,97,98,99,102,103,111,112,113,114,115,116,117,118,119,120,122,125,138,140,141,142,143,144,145,147,148,156,157,158,159,160,161,162,163,164,165,166,169,170,171,182,183,184,185,186,187,188,189,190,192,193,201,202,203,204,205,206,207,208,209,210,211,212,213,214,215,216,217,226,228,229,230,231,232,233,234,235,236,246,247,248,249,250,251,252,253,254,255,256,257,258,259,261,262,263,264,265,271,272,273,274,275,276,277,278,279,280,281,291,292,293,297,298,299,300,301,302,303,304,305,306,316,319,320,321,322,324,325,335,336,338,341,343,344,345,346,347,361,362,363,364,366,367,368,369,370,371,378,380,381,383,390,406,407,408,410,411,412,413,414,415,416,425,426,427,451,452,453,454,455,456,457,459,469,470,471,472,500,502,503,504,518,519,521,522,523,525,545,548,549,563,566,567,568,570,593,608,609,633,654,655,679,680,681,943,944,989,990,1035,1169,1170,1212,1254,1255,1256
78,78,253
5,6,7,12,13,14,15,16,24,25,48,49,50,51,52,56,57,58,59,60,67,68,69,70,71,72,93,94,95,96,97,98,100,102,103,104,111,112,113,114,115,116,117,118,119,120,125,139,140,141,142,143,144,145,147,148,156,157,158,159,160,161,162,163,164,165,166,169,170,171,182,183,184,185,186,187,188,189,190,193,201,202,203,204,205,206,207,208,209,210,211,212,213,214,216,217,226,228,229,230,231,232,233,234,235,236,246,247,248,249,250,251,252,253,254,255,256,257,258,259,262,263,264,265,271,272,273,274,275,276,277,279,280,281,291,292,293,294,295,297,298,299,300,301,302,303,304,305,316,318,319,320,321,322,323,324,325,334,335,338,341,342,343,344,345,346,347,361,362,363,364,366,367,368,369,370,371,378,380,381,382,383,385,387,388,389,390,406,407,410,411,412,414,416,425,426,427,428,451,452,453,454,455,456,457,458,459,469,470,471,472,500,503,504,518,519,520,521,522,523,548,562,563,564,565,566,567,568,569,570,587,593,607,608,611,613,614,633,634,654,680,687,900,944,989,990,1035,1068,1169,1170,1212,1254,1255
128,128,257
5,6,7,11,12,13,14,15,16,24,25,26,49,50,51,52,56,57,58,59,60,67,68,69,70,71,72,93,94,95,96,97,98,100,101,102,103,111,112,113,114,115,116,117,118,119,120,122,125,139,140,141,142,143,144,145,147,148,156,157,158,159,160,161,162,163,164,165,166,168,169,170,171,182,183,184,185,186,187,188,189,190,191,192,193,201,202,203,204,205,206,207,208,209,210,211,213,214,215,216,217,226,227,228,229,230,231,232,233,234,235,236,246,247,248,249,250,251,252,253,254,255,256,257,258,262,263,264,265,271,272,273,274,275,276,277,278,279,280,281,282,291,292,293,297,298,299,300,301,302,303,305,316,319,320,321,322,323,324,325,334,335,338,342,343,344,345,346,347,361,362,363,364,366,367,368,369,370,371,378,380,381,382,383,390,406,407,408,409,410,411,412,414,425,427,428,434,451,452,453,454,455,456,457,458,459,469,470,471,472,500,502,503,504,518,519,520,521,522,523,547,548,563,564,566,567,568,569,570,587,588,590,593,599,609,613,614,633,654,679,680,682,727,771,943,945,989,990,1035,1068,1169,1170,1211,1212,1254,1255,1256
132,132,240
3,4,5,6,7,8,10,11,12,14,15,22,24,25,26,48,49,50,51,52,54,55,56,57,58,59,60,66,67,68,69,70,71,72,93,94,95,96,97,98,99,100,101,102,103,104,112,113,114,115,116,117,118,119,139,140,141,142,143,145,146,147,148,157,158,159,160,161,162,163,164,165,166,167,169,170,181,182,183,184,185,186,187,188,189,190,191,201,202,203,204,205,206,207,208,209,210,211,212,213,214,216,217,226,227,228,229,230,231,232,233,234,235,236,237,238,239,246,247,248,249,250,251,252,253,254,255,256,257,258,262,263,264,265,271,272,273,274,275,276,277,279,280,281,282,283,284,285,291,292,293,294,296,297,298,299,300,301,302,316,317,318,319,320,321,322,324,325,326,328,329,330,335,338,343,344,345,346,347,361,362,363,364,365,366,367,369,370,371,373,378,380,381,383,385,389,406,407,408,410,411,412,414,415,418,423,425,426,452,453,454,457,459,469,470,472,500,504,518,519,520,521,563,564,565,567,568,587,607,608,633,635,654,989,990,1035,1169,1170,1212,1254
76,76,257
3,4,5,6,7,8,9,10,11,12,13,14,15,22,23,24,25,46,47,48,49,50,51,52,53,54,55,56,57,58,59,60,66,67,68,69,70,71,72,93,94,95,96,97,98,99,100,101,102,103,104,111,112,113,114,115,116,117,118,119,120,124,137,138,139,140,141,142,143,144,145,146,147,148,156,157,159,160,161,162,163,164,165,168,169,170,171,181,182,183,184,185,186,187,188,189,190,191,192,201,202,203,204,205,206,207,208,209,212,215,216,217,226,227,228,229,230,231,232,233,234,235,236,241,246,249,250,251,252,253,254,255,261,262,263,264,271,272,273,274,275,276,278,279,280,281,282,288,291,294,295,296,297,298,299,300,316,317,318,319,320,324,325,326,331,333,334,336,339,340,341,342,343,359,361,362,363,364,365,368,369,370,371,378,380,381,382,383,384,385,386,412,413,414,416,425,430,432,433,458,469,470,474,475,503,514,518,519,520,521,541,542,548,563,564,565,566,586,587,590,608,609,610,611,635,653,654,655,678,679,697,723,732,855,898,899,900,941,942,943,944,945,989,990,1034,1067,1068,1080,1124,1125,1155,1167,1168,1212,1254,1255,1256
81,81,263
3,4,5,6,7,8,9,10,11,12,13,14,15,22,23,24,46,48,49,50,51,52,53,54,55,56,57,58,59,60,63,66,67,68,69,70,71,72,92,93,94,95,96,97,98,99,100,101,102,103,111,112,113,114,115,116,117,118,119,120,123,137,138,139,140,141,142,143,144,145,146,148,153,156,157,159,160,161,162,163,164,170,181,182,183,184,185,186,187,188,189,190,191,192,201,202,203,204,205,206,207,208,209,213,215,216,226,227,228,229,230,231,232,233,234,235,236,237,246,247,248,249,250,251,252,253,254,255,261,262,263,264,271,272,273,274,275,276,279,280,281,282,291,294,295,296,297,298,299,300,316,317,318,319,320,323,324,325,326,333,334,336,339,340,341,342,343,344,345,361,362,363,364,365,368,369,370,371,377,378,380,381,382,383,384,385,387,388,389,406,407,410,412,413,414,425,434,452,457,458,469,470,474,475,503,518,519,520,521,522,542,563,564,565,566,567,568,586,587,588,599,607,608,609,610,611,632,633,634,635,636,654,655,677,678,679,681,721,855,898,900,941,942,943,944,945,989,990,1035,1068,1080,1107,1124,1125,1157,1167,1168,1169,1212,1241,1253,1254,1255
59,59,268
1,2,3,4,5,6,7,8,9,10,11,12,13,14,21,22,23,24,25,46,47,48,49,50,51,52,53,54,55,56,57,58,59,63,65,66,67,68,69,70,71,72,73,91,92,93,94,95,96,97,98,99,100,101,102,103,104,108,111,112,113,114,115,116,117,118,119,120,121,136,137,138,139,140,141,142,143,144,145,146,147,148,153,156,157,159,160,161,162,163,165,168,170,181,182,183,184,185,186,187,188,189,190,191,192,193,198,201,202,203,204,205,206,207,208,209,215,216,226,227,228,229,230,231,232,233,234,235,236,237,246,249,250,251,252,253,254,261,262,263,264,271,272,273,274,275,276,277,278,279,280,281,282,287,291,294,295,296,297,298,314,315,316,317,318,319,320,324,325,326,333,336,339,340,341,343,345,361,362,363,364,365,368,369,370,371,378,380,381,382,383,384,385,386,390,412,413,414,416,425,432,433,454,458,469,470,474,475,503,514,518,519,520,521,522,523,541,542,563,564,565,566,567,568,569,586,587,590,608,609,610,611,612,644,653,654,655,678,679,681,687,688,732,855,898,899,900,941,942,943,944,945,989,990,1034,1035,1068,1080,1124,1125,1167,1168,1169,1170,1212,1254,1255,1256
78,78,296
2,3,4,5,6,7,8,9,10,11,12,13,14,19,21,22,23,24,25,33,35,38,46,47,48,49,50,51,52,53,54,55,56,57,58,59,63,66,67,68,69,70,71,72,73,81,83,84,85,91,92,93,94,95,96,97,98,99,100,101,102,103,107,108,110,111,112,113,114,115,116,117,118,119,122,124,136,137,138,139,140,141,142,143,144,145,146,147,153,155,156,157,159,160,161,162,163,164,165,170,176,177,181,182,183,184,185,186,187,188,189,190,191,192,198,199,201,202,203,204,205,206,207,208,209,215,216,217,221,222,223,224,226,227,228,229,230,231,232,233,234,235,236,237,246,247,248,249,250,251,252,253,257,261,262,263,264,271,272,273,274,275,276,279,280,281,282,288,291,294,295,296,297,298,306,307,315,316,317,318,319,320,323,324,325,326,333,334,336,338,339,340,341,342,343,345,359,361,362,363,364,365,368,369,370,371,378,380,381,383,384,385,386,387,388,389,407,412,413,414,415,416,423,425,430,431,434,458,468,469,470,473,474,475,503,518,519,520,521,522,542,563,564,565,566,567,568,586,587,588,609,610,611,612,613,614,632,634,635,636,654,655,677,698,700,733,855,897,898,899,900,941,942,943,944,945,989,990,1034,1035,1067,1080,1110,1113,1124,1125,1155,1167,1168,1169,1170,1211,1212,1254,1255,1256
79,79,305
1,4,5,6,7,8,9,10,11,12,13,14,15,21,22,23,24,25,26,28,29,30,32,33,34,35,36,37,38,39,40,42,47,48,49,50,51,52,53,54,55,56,57,58,59,63,65,66,67,68,69,70,71,72,73,74,80,81,82,83,84,85,86,91,92,93,94,95,96,97,98,99,100,101,102,103,107,108,110,111,112,113,114,115,116,117,118,119,127,128,129,130,136,137,138,139,140,141,142,143,144,145,146,147,152,153,156,157,159,160,161,162,163,164,165,170,175,176,177,178,179,180,181,182,183,184,185,186,187,188,189,190,191,192,197,198,200,201,202,203,204,205,206,207,208,209,210,215,217,220,221,222,223,224,225,226,227,228,229,230,231,232,233,234,235,236,237,244,246,249,250,251,252,253,256,261,262,263,264,265,267,269,270,271,272,273,274,275,276,279,280,281,288,289,291,294,295,296,297,313,314,315,316,317,318,319,320,324,325,326,333,334,336,339,340,341,342,343,358,359,360,361,362,364,368,369,370,371,378,380,381,382,383,384,385,386,413,414,415,416,425,432,433,446,458,461,469,470,503,514,518,519,520,521,522,563,564,565,566,567,568,569,586,587,608,609,610,611,612,653,654,655,656,657,721,855,897,898,899,900,941,942,943,944,945,989,990,1033,1034,1035,1068,1077,1078,1080,1107,1124,1167,1168,1169,1170,1211,1212,1254,1255,1256
60,60,334
4,5,6,7,8,9,10,11,12,14,21,22,23,24,25,26,27,28,29,30,31,32,33,34,35,36,37,38,39,40,41,42,43,44,45,48,49,50,51,52,54,55,56,57,59,63,64,66,67,68,69,70,71,72,73,74,75,76,77,78,79,80,81,82,83,84,85,86,87,88,89,90,93,94,95,96,97,99,100,101,102,103,108,110,111,112,113,114,115,116,117,118,119,120,125,126,127,128,129,130,131,132,133,134,135,138,139,140,141,142,144,145,146,147,148,152,153,154,156,157,159,160,161,162,163,164,170,171,172,173,174,175,176,177,178,179,180,181,182,183,184,185,186,187,188,189,190,191,192,197,198,199,200,201,202,203,204,205,206,207,208,209,215,216,217,218,219,220,221,222,223,224,225,226,227,228,229,230,231,232,234,235,236,237,244,246,247,249,250,251,252,253,261,262,263,264,265,266,267,268,269,270,271,272,273,274,275,276,279,280,281,288,289,291,294,296,297,298,307,308,309,310,311,312,313,314,315,316,317,318,319,320,324,325,326,333,334,336,339,341,342,355,356,357,358,359,360,361,362,365,367,368,369,370,371,373,378,380,381,383,400,401,402,403,404,405,412,414,415,425,445,446,447,448,450,454,461,469,494,495,513,518,519,520,521,540,563,565,566,586,610,611,612,657,810,854,855,897,898,899,900,941,942,943,944,945,988,989,990,1031,1032,1033,1034,1035,1068,1076,1077,1078,1079,1080,1121,1124,1125,1165,1167,1168,1169,1170,1211,1212,1253,1254,1255,1256
93,93,357
6,7,10,11,19,22,23,24,25,26,27,28,29,30,31,32,33,34,35,36,37,38,39,40,41,42,43,44,45,51,52,55,56,63,67,68,69,70,71,72,73,74,75,76,77,78,79,80,81,82,83,84,85,86,87,88,89,90,96,100,101,102,103,108,112,113,114,115,116,117,118,119,120,121,122,123,124,125,126,127,128,129,130,131,132,133,134,135,145,146,148,152,153,154,156,157,159,160,161,162,163,164,165,166,167,168,169,170,171,172,173,174,175,176,177,178,179,180,189,190,191,192,197,198,199,200,201,205,206,207,208,209,210,211,213,214,215,216,217,218,219,220,221,222,223,224,225,226,234,235,236,237,244,245,246,251,252,253,254,255,256,257,260,261,262,263,264,265,266,267,268,269,270,271,272,273,280,281,289,290,291,297,298,299,300,306,307,308,309,310,311,312,313,314,315,318,324,325,326,336,342,343,344,345,352,353,354,355,356,357,358,359,360,369,370,371,388,389,390,394,395,396,397,398,399,400,401,402,403,404,405,414,433,442,443,444,445,446,447,448,449,450,469,488,489,490,491,492,493,494,495,521,534,535,536,537,538,539,540,565,566,567,581,582,583,584,585,610,611,612,627,628,629,630,657,672,673,674,675,717,718,719,720,761,762,763,764,765,804,805,806,807,808,809,810,851,852,853,854,855,895,896,897,898,899,900,941,942,943,944,945,985,986,987,988,989,990,1030,1031,1032,1033,1034,1035,1074,1075,1076,1077,1078,1079,1080,1118,1119,1120,1121,1122,1123,1124,1125,1164,1165,1166,1167,1168,1169,1170,1209,1210,1211,1212,1213,1215,1253,1254,1255,1256,1299,1305
74,74,367
23,24,25,26,27,28,29,30,31,32,33,34,35,36,37,38,39,40,41,42,43,44,45,68,69,70,71,72,73,74,75,76,77,78,79,80,81,82,83,84,85,86,87,88,89,90,112,113,115,117,118,119,120,121,122,123,124,125,126,127,128,129,130,131,132,133,134,135,156,157,163,164,165,166,167,168,169,170,171,172,173,174,175,176,177,178,179,180,201,209,210,211,212,213,214,215,216,217,218,219,220,221,222,223,224,225,246,254,255,256,257,258,259,260,261,262,263,264,265,266,267,268,269,270,291,299,300,301,302,303,304,305,306,307,308,309,310,311,312,313,314,315,344,347,348,349,350,351,352,353,354,355,356,357,358,359,360,393,394,395,396,397,398,399,400,401,402,403,404,405,438,439,440,441,442,443,444,445,446,447,448,449,450,484,485,486,487,488,489,490,491,492,493,494,495,528,529,530,531,532,533,534,535,536,537,538,539,540,574,575,576,577,578,579,580,581,582,583,584,585,619,620,621,622,623,624,625,626,627,628,629,630,666,667,668,669,670,671,672,673,674,675,710,711,712,713,714,715,716,717,718,719,720,755,756,757,758,759,760,761,762,763,764,765,801,802,803,804,805,806,807,808,809,810,846,848,849,850,851,852,853,854,855,893,894,895,896,897,898,899,900,937,938,939,940,941,942,943,944,945,983,984,985,986,987,988,989,990,1027,1028,1029,1030,1031,1032,1033,1034,1035,1072,1073,1074,1075,1076,1077,1078,1079,1080,1118,1119,1120,1121,1122,1123,1124,1125,1164,1165,1166,1167,1168,1169,1170,1209,1210,1211,1212,1213,1214,1215,1254,1255,1256,1257,1258,1259,1260,1299,1301,1302,1303,1304,1305,1336,1346,1347,1348,1349,1350
121,121,400
24,25,26,27,28,29,30,31,32,33,34,35,36,37,38,39,40,41,42,43,44,45,69,70,71,72,73,74,75,76,77,78,79,80,81,82,83,84,85,86,87,88,89,90,113,114,115,116,117,118,119,120,121,122,123,124,125,126,127,128,129,130,131,132,133,134,135,157,159,160,161,162,163,164,165,166,167,168,169,170,171,172,173,174,175,176,177,178,179,180,205,206,209,210,211,212,213,214,215,216,217,218,219,220,221,222,223,224,225,253,254,255,256,257,258,259,260,261,262,263,264,265,266,267,268,269,270,299,300,301,302,303,304,305,306,307,308,309,310,311,312,313,314,315,345,346,347,348,349,350,351,352,353,354,355,356,357,358,359,360,388,390,391,392,393,394,395,396,397,398,399,400,401,402,403,404,405,436,437,438,439,440,441,442,443,444,445,446,447,448,449,450,481,482,483,484,485,486,487,488,489,490,491,492,493,494,495,527,528,529,530,531,532,533,534,535,536,537,538,539,540,572,573,574,575,576,577,578,579,580,581,582,583,584,585,618,619,620,621,622,623,624,625,626,627,628,629,630,663,664,665,666,667,668,669,670,671,672,673,674,675,709,710,711,712,713,714,715,716,717,718,719,720,754,755,756,757,758,759,760,761,762,763,764,765,800,801,802,803,804,805,806,807,808,809,810,846,847,848,849,850,851,852,853,854,855,891,892,893,894,895,896,897,898,899,900,936,937,938,939,940,941,942,943,944,945,981,982,983,984,985,986,987,988,989,990,1026,1027,1028,1029,1030,1031,1032,1033,1034,1035,1072,1073,1074,1075,1076,1077,1078,1079,1080,1117,1118,1119,1120,1121,1122,1123,1124,1125,1160,1161,1164,1165,1166,1167,1168,1169,1170,1209,1210,1211,1212,1213,1214,1215,1253,1254,1255,1256,1257,1258,1259,1260,1299,1300,1301,1302,1303,1304,1305,1346,1347,1348,1349,1350
61,61,476
20,22,23,24,25,26,27,28,29,30,31,32,33,34,35,36,37,68,69,70,71,72,73,74,75,76,77,78,79,80,81,112,113,114,115,116,117,118,119,120,121,122,123,124,125,126,127,157,159,160,161,162,163,164,165,166,167,168,169,170,171,172,200,201,202,203,206,208,209,210,211,212,213,214,215,216,217,218,219,220,221,222,245,246,247,248,250,251,252,254,255,256,257,258,259,260,261,262,263,264,265,267,290,291,294,295,296,297,298,299,300,301,302,303,304,305,306,307,308,309,310,311,313,336,340,341,342,343,344,345,346,347,348,349,350,351,352,353,381,385,386,387,388,389,390,391,392,393,394,395,396,397,398,399,400,401,404,405,431,432,433,434,435,436,437,438,439,440,441,442,443,444,445,446,447,449,450,476,477,478,479,480,481,482,483,484,485,486,487,488,489,490,491,492,493,494,495,521,522,523,524,525,526,527,528,529,530,531,532,535,536,537,538,539,540,567,568,569,570,571,572,573,574,575,576,577,581,582,583,584,585,611,613,614,615,616,617,618,619,620,621,622,623,624,627,628,629,630,657,659,660,661,662,663,664,665,666,667,668,669,670,675,702,703,704,705,706,707,708,709,710,711,712,713,714,715,716,717,748,749,750,751,752,753,754,755,756,757,758,759,760,761,762,763,765,794,795,796,797,798,799,800,801,802,803,804,805,806,807,808,809,810,840,841,842,843,844,845,846,847,848,849,850,851,852,853,854,855,885,886,887,888,889,890,891,892,893,894,895,896,897,898,899,900,931,932,933,934,935,936,937,938,939,940,941,942,943,944,945,974,977,978,979,980,981,982,983,984,985,986,987,988,989,990,1023,1024,1025,1026,1027,1028,1029,1030,1031,1032,1033,1034,1035,1068,1069,1070,1071,1072,1073,1074,1075,1076,1077,1078,1079,1080,1112,1113,1114,1115,1116,1117,1118,1119,1120,1121,1122,1123,1124,1125,1157,1158,1159,1160,1161,1162,1163,1164,1165,1166,1167,1168,1169,1170,1203,1204,1205,1206,1207,1208,1209,1210,1211,1212,1213,1214,1215,1248,1249,1250,1251,1252,1253,1254,1255,1256,1257,1258,1259,1260,1293,1294,1296,1297,1298,1299,1300,1301,1302,1303,1304,1305,1341,1342,1343,1344,1345,1346,1347,1348,1349,1350
134,134,511
7,8,9,11,12,13,14,15,16,17,18,19,20,21,22,23,24,25,26,27,51,52,56,57,58,59,60,61,62,63,64,65,66,67,68,69,70,71,72,73,100,101,102,103,104,105,106,107,108,109,110,111,112,113,114,115,116,117,118,119,120,144,145,146,147,148,149,150,151,152,153,154,155,156,157,158,159,160,161,162,163,164,188,189,190,191,192,193,194,195,196,197,198,199,200,201,202,203,204,205,206,207,208,211,234,235,236,237,239,240,241,242,243,244,245,246,247,249,250,251,252,253,254,255,279,280,281,282,283,284,285,286,287,288,289,290,291,292,293,294,295,296,297,298,299,301,302,324,325,326,328,329,330,331,332,333,334,335,336,337,338,339,340,341,342,343,344,345,353,369,370,373,376,377,378,379,380,381,382,383,384,385,386,387,388,389,390,416,418,422,423,424,425,426,427,428,429,430,431,432,433,434,435,463,466,467,468,469,470,471,472,473,474,475,476,477,511,512,513,514,515,516,517,518,519,520,555,556,557,558,559,560,561,562,563,564,565,566,569,570,571,600,601,602,604,605,606,607,608,609,610,611,612,614,615,616,617,618,645,646,647,649,650,651,652,653,654,655,656,657,658,659,660,661,662,663,690,691,692,694,695,696,697,698,699,700,701,702,703,704,705,739,740,741,742,743,744,745,746,747,748,749,785,786,787,788,789,790,791,792,793,794,830,831,832,833,834,835,836,837,838,875,876,877,878,879,880,881,882,883,885,889,921,922,923,924,925,926,927,928,929,930,933,942,966,967,968,969,970,971,972,973,974,975,976,977,979,983,989,990,1011,1012,1013,1014,1015,1016,1017,1018,1019,1020,1021,1022,1023,1024,1025,1026,1027,1028,1029,1056,1057,1058,1059,1060,1061,1062,1063,1064,1065,1066,1067,1068,1069,1070,1071,1072,1073,1074,1102,1103,1104,1105,1106,1107,1108,1109,1110,1111,1112,1113,1114,1115,1116,1117,1118,1119,1147,1148,1149,1150,1151,1152,1153,1154,1155,1156,1157,1158,1159,1160,1161,1162,1163,1164,1165,1166,1167,1168,1193,1194,1195,1196,1197,1198,1199,1200,1201,1202,1203,1204,1205,1206,1207,1208,1209,1210,1211,1212,1238,1239,1240,1242,1243,1244,1245,1246,1247,1248,1249,1250,1251,1252,1253,1254,1255,1256,1257,1283,1286,1287,1288,1289,1290,1291,1292,1293,1294,1295,1296,1297,1298,1299,1300,1301,1331,1332,1333,1334,1335,1336,1337,1338,1339,1340,1341,1342,1343,1344,1345,1346,1347
75,75,430
2,3,4,5,6,7,8,9,10,11,12,47,48,49,50,51,52,53,54,55,56,57,58,59,91,92,93,94,95,96,97,98,99,100,101,102,103,104,105,115,137,138,139,140,141,142,143,144,145,146,147,148,149,150,155,181,182,183,184,185,186,187,188,189,190,191,192,193,194,195,200,201,226,227,228,229,230,231,232,233,234,235,236,237,238,240,273,274,275,276,277,278,279,280,281,282,283,284,285,286,287,290,319,320,321,322,323,324,325,326,327,330,331,332,333,334,335,363,364,365,366,367,368,369,370,371,372,374,375,376,377,378,379,381,410,411,412,413,414,415,416,417,418,419,421,422,423,424,454,455,456,457,459,460,461,462,463,464,465,466,467,468,500,501,502,503,504,505,506,507,508,509,510,511,512,513,514,515,542,544,545,546,547,548,549,550,551,552,553,554,555,556,557,560,590,591,592,593,594,595,596,597,598,599,600,601,602,635,636,637,638,639,640,641,642,643,644,645,646,647,680,681,682,683,684,685,686,687,688,689,690,691,692,726,727,728,729,730,731,732,733,734,735,736,737,770,771,772,773,774,775,776,777,778,779,780,781,782,815,816,818,819,820,821,822,823,824,825,826,827,861,864,865,866,867,868,869,870,871,872,908,909,910,911,912,913,914,915,916,917,918,955,956,957,958,959,960,961,962,963,999,1000,1001,1002,1003,1004,1005,1006,1007,1008,1009,1044,1045,1046,1047,1048,1049,1050,1051,1052,1053,1054,1059,1060,1062,1063,1090,1091,1092,1093,1094,1095,1096,1097,1098,1099,1101,1102,1103,1104,1105,1106,1107,1134,1135,1136,1137,1138,1139,1140,1141,1142,1143,1144,1145,1146,1147,1148,1149,1150,1151,1153,1157,1179,1180,1181,1182,1183,1184,1185,1186,1187,1188,1189,1190,1191,1192,1193,1194,1195,1197,1223,1224,1225,1226,1227,1228,1229,1230,1231,1232,1233,1234,1235,1236,1237,1238,1239,1241,1268,1269,1270,1271,1272,1273,1274,1275,1276,1277,1278,1279,1280,1281,1282,1283,1284,1313,1317,1319,1320,1321,1322,1323,1324,1325,1326,1327,1328,1329,1330
82,82,320
1,2,3,4,5,6,7,8,9,46,47,48,49,50,51,52,91,92,93,94,95,96,97,98,136,137,138,139,140,141,144,145,181,182,183,184,185,186,187,188,189,190,210,226,227,228,229,230,232,233,234,235,271,272,273,274,275,276,277,279,280,281,316,317,318,319,320,321,324,325,326,361,362,363,364,365,366,368,369,370,371,406,407,408,409,410,412,413,414,415,451,452,453,454,455,456,458,496,497,498,499,500,501,502,505,541,542,543,544,545,547,550,586,587,588,589,590,591,592,597,598,599,631,632,633,634,635,636,637,638,639,642,643,676,677,678,679,680,681,682,683,687,688,689,721,722,723,724,725,726,727,728,732,733,766,767,768,769,770,771,772,773,774,811,812,813,814,815,816,817,818,819,820,856,857,858,859,860,861,862,863,864,865,866,867,901,902,903,904,905,906,907,908,910,911,912,913,946,947,948,949,950,951,952,955,956,957,991,992,993,994,995,996,997,998,999,1000,1001,1002,1036,1037,1038,1039,1040,1041,1042,1043,1044,1045,1046,1047,1048,1049,1081,1082,1083,1084,1085,1086,1087,1088,1089,1090,1091,1092,1093,1126,1127,1128,1129,1130,1131,1132,1133,1134,1135,1136,1137,1138,1139,1171,1172,1173,1174,1175,1176,1177,1178,1179,1180,1181,1182,1183,1184,1216,1217,1218,1219,1220,1221,1222,1223,1224,1225,1226,1227,1228,1229,1261,1262,1263,1264,1265,1266,1267,1268,1269,1270,1271,1272,1273,1274,1275,1306,1307,1308,1309,1310,1311,1312,1313,1314,1315,1316,1317,1318,1319,1320,1321,1322
81,81,283
3,4,5,6,7,10,22,29,46,48,49,50,51,67,92,93,94,95,97,98,103,104,111,112,136,137,138,139,143,144,145,146,148,149,153,155,156,181,182,183,184,186,187,188,189,190,191,192,198,200,201,226,227,228,229,231,233,234,235,236,237,245,246,247,271,272,273,278,279,280,281,290,291,316,317,324,325,326,333,334,335,336,361,362,369,370,371,377,378,381,406,407,414,448,451,452,454,496,497,541,542,543,586,587,588,589,590,631,632,633,634,635,636,676,677,678,679,680,681,688,689,721,722,723,724,725,726,766,767,768,769,770,771,811,812,813,814,815,816,817,818,856,857,858,859,860,861,862,898,900,901,902,903,904,905,906,907,910,911,912,944,945,946,947,948,949,950,951,952,955,956,957,987,989,990,991,992,993,994,995,996,997,998,999,1000,1001,1034,1035,1036,1037,1038,1039,1040,1041,1042,1043,1044,1045,1046,1072,1073,1081,1082,1083,1084,1085,1086,1087,1088,1089,1090,1091,1115,1116,1117,1118,1126,1127,1128,1129,1130,1131,1132,1133,1134,1135,1136,1159,1160,1161,1171,1172,1173,1174,1175,1176,1177,1178,1179,1180,1204,1205,1212,1216,1217,1218,1219,1220,1221,1222,1223,1224,1225,1226,1227,1228,1254,1261,1262,1263,1264,1265,1266,1267,1268,1269,1270,1271,1272,1273,1306,1307,1308,1309,1310,1311,1312,1313,1314,1315,1316,1317,1319
58,58,258
1,2,3,4,5,6,7,8,9,10,11,12,13,14,15,16,18,19,20,21,22,23,24,25,26,27,28,29,30,31,34,46,47,48,49,50,51,52,55,56,58,59,60,61,66,67,68,72,73,74,78,81,91,92,93,94,95,96,97,98,99,100,101,102,103,104,105,106,108,110,111,112,115,116,117,118,119,120,121,126,136,137,138,139,140,141,143,144,145,146,147,148,149,153,154,155,160,161,164,171,172,181,182,183,184,185,186,187,188,189,190,191,192,198,199,200,201,222,223,226,227,228,229,230,232,233,234,235,236,237,243,244,245,246,247,256,267,268,271,272,273,274,279,280,281,288,289,290,291,301,316,317,324,325,326,332,334,335,336,337,361,362,364,369,370,371,377,378,379,380,381,405,407,413,414,415,423,458,586,587,599,635,643,644,688,689,770,771,815,816,855,860,861,897,898,899,900,910,911,912,940,942,943,944,945,955,956,986,987,988,989,990,1000,1001,1027,1028,1030,1033,1034,1035,1068,1071,1072,1073,1112,1113,1114,1115,1116,1117,1118,1122,1123,1124,1125,1157,1158,1159,1160,1161,1166,1167,1204,1205,1206,1209,1210,1211,1212,1223,1248,1249,1250,1253,1254,1255,1256,1268
30,30,214
2,3,4,5,6,7,10,21,22,23,24,25,26,27,28,29,30,31,32,34,35,47,48,49,50,51,52,56,58,59,63,66,67,68,69,70,71,72,75,76,77,78,81,92,93,94,95,97,98,103,104,105,108,109,110,111,112,115,116,117,119,120,121,126,136,137,138,139,140,143,144,145,146,147,148,153,154,155,156,160,161,171,181,182,183,184,185,186,187,188,189,190,191,192,198,199,200,201,222,223,226,227,228,229,232,233,234,235,236,237,243,244,245,246,247,271,272,273,278,279,280,281,288,289,290,291,292,316,317,324,325,326,332,333,334,335,336,337,369,370,371,377,378,380,381,413,414,423,451,458,586,643,644,688,689,855,897,898,899,900,911,942,943,944,945,955,956,987,988,989,990,1000,1001,1027,1028,1030,1032,1033,1034,1035,1071,1072,1073,1112,1113,1114,1115,1116,1117,1118,1122,1124,1125,1157,1158,1159,1160,1161,1165,1166,1167,1204,1205,1206,1209,1210,1211,1212,1248,1249,1253,1254,1255,1298
72,72,208
2,3,4,5,6,7,9,10,11,12,13,19,20,21,22,23,24,25,26,27,28,29,30,31,32,33,34,35,46,47,48,49,50,51,52,58,59,60,63,66,67,68,69,72,75,77,78,79,81,92,93,94,95,96,97,98,101,103,104,106,108,110,111,112,114,115,116,117,120,121,126,136,137,138,139,140,143,144,145,146,147,148,153,154,155,157,160,161,171,172,181,182,183,186,188,189,190,191,192,198,199,200,201,205,222,223,227,228,233,234,235,236,237,243,244,245,246,247,266,271,272,279,280,281,288,289,290,291,316,317,324,325,326,332,334,335,336,337,362,369,370,371,377,378,379,380,381,413,414,415,599,644,689,897,898,899,900,942,943,944,945,955,956,986,987,988,989,990,1000,1001,1027,1028,1030,1032,1033,1034,1035,1071,1072,1073,1113,1114,1115,1116,1117,1118,1122,1123,1124,1125,1157,1159,1160,1161,1166,1167,1204,1205,1206,1209,1210,1211,1212,1249,1250,1253,1254,1255
76,76,148
5,6,7,10,15,20,21,22,23,24,25,26,27,28,29,30,31,32,33,34,35,46,47,48,49,50,51,57,58,59,67,68,72,77,78,79,81,91,92,93,94,95,102,103,108,110,111,112,114,115,116,117,126,138,141,144,145,146,147,148,153,154,155,160,161,182,186,188,189,190,191,192,198,200,201,233,234,235,236,237,243,244,245,246,247,271,272,279,280,281,289,290,291,316,317,325,326,332,333,334,335,336,370,377,378,381,689,897,898,900,942,943,944,945,956,987,988,989,990,1030,1033,1034,1035,1071,1072,1073,1113,1115,1116,1117,1118,1124,1157,1159,1160,1161,1166,1204,1205,1209,1210,1211,1212,1248,1249,1253,1254,1255
67,67,152
5,6,18,20,21,22,23,25,26,27,28,29,30,31,32,33,34,35,36,50,51,58,66,67,74,75,76,77,78,79,80,81,95,96,97,98,102,103,108,112,113,114,115,116,120,121,123,125,126,127,138,139,140,141,142,143,146,147,153,165,166,171,172,173,183,184,185,186,187,188,190,191,192,198,216,217,222,231,232,233,235,236,237,243,263,274,275,281,288,290,291,319,332,333,377,378,422,423,467,468,511,544,555,599,600,855,897,898,899,900,911,942,943,944,945,955,956,988,989,990,1001,1027,1028,1032,1033,1034,1035,1071,1072,1073,1114,1115,1116,1117,1118,1159,1160,1161,1166,1167,1169,1170,1204,1205,1209,1210,1211,1212,1248,1249,1250,1254
92,92,127
5,6,19,20,21,22,26,27,28,29,30,31,32,33,34,35,49,50,57,58,67,74,76,77,78,79,80,81,94,95,96,97,101,103,112,113,114,115,116,120,121,122,123,126,127,138,140,141,142,143,146,153,171,186,187,188,190,191,192,198,211,216,222,223,228,231,232,233,235,236,243,246,267,281,288,290,291,326,332,333,346,370,377,422,855,897,898,899,900,943,944,945,956,987,988,989,990,1027,1032,1033,1034,1035,1071,1072,1073,1115,1116,1117,1118,1159,1160,1161,1166,1167,1168,1170,1203,1204,1205,1206,1209,1210,1211,1248,1253,1254,1255
49,49,130
5,6,19,20,21,22,23,24,26,27,28,29,30,31,32,34,35,36,51,58,66,67,75,76,77,78,79,80,81,95,96,97,102,103,108,112,113,114,115,120,121,123,126,127,138,139,140,141,142,143,146,153,157,166,171,172,185,186,187,188,190,191,192,198,216,217,218,223,231,232,233,235,236,243,246,267,268,280,281,288,290,291,301,325,333,346,377,378,422,423,467,897,898,899,900,942,943,944,945,956,988,989,990,1027,1033,1034,1035,1071,1072,1073,1115,1116,1117,1118,1159,1160,1161,1166,1167,1169,1170,1204,1205,1209,1210,1211,1248,1249,1253,1254
24,24,119
5,6,19,20,21,22,26,27,28,29,30,31,32,33,34,35,49,50,57,58,66,67,75,76,77,78,79,80,81,96,97,98,102,103,112,114,115,120,121,126,127,139,140,141,142,143,146,153,157,171,172,185,186,187,188,190,191,198,216,217,218,223,231,232,233,235,236,243,245,246,277,281,290,291,332,333,377,378,422,898,899,900,942,943,944,945,956,987,988,989,990,1001,1028,1034,1035,1071,1072,1073,1115,1116,1117,1118,1159,1160,1161,1166,1167,1168,1169,1204,1205,1206,1209,1210,1211,1249,1250,1253,1254
45,45,113
5,6,19,20,21,22,24,25,27,28,29,30,31,32,33,34,35,50,51,58,66,67,76,77,78,79,80,81,94,95,96,97,102,112,115,121,126,127,139,140,141,142,143,146,153,171,185,186,187,188,190,191,192,198,216,217,218,223,231,232,233,235,236,243,246,268,280,281,288,290,291,319,332,333,377,378,423,897,898,900,942,943,944,945,956,988,989,990,1034,1035,1071,1072,1073,1115,1116,1117,1118,1159,1160,1161,1167,1168,1169,1170,1204,1205,1209,1210,1211,1248,1249,1253,1254
142,142,120
4,5,6,7,19,20,21,22,25,27,28,29,30,31,32,34,35,36,46,50,51,57,58,66,67,75,76,77,78,80,81,82,95,96,97,102,112,115,120,121,125,126,127,139,140,141,142,143,146,153,157,171,185,186,187,188,189,190,191,198,216,217,223,231,232,233,235,236,243,245,246,267,268,277,281,288,290,291,325,326,332,333,377,422,466,898,899,900,944,945,988,989,990,1001,1027,1034,1035,1071,1072,1073,1115,1116,1117,1118,1158,1159,1160,1161,1167,1168,1203,1204,1205,1209,1210,1211,1248,1250,1253,1254
25,25,109
4,5,6,7,18,19,20,21,22,24,25,26,27,28,29,30,31,32,33,34,35,36,51,58,66,67,75,76,77,78,79,80,81,95,96,97,102,112,114,121,125,126,127,139,140,141,142,143,146,153,171,185,186,187,188,190,191,198,200,216,217,231,232,233,235,236,243,245,246,281,290,291,332,333,377,378,422,423,467,900,944,945,988,989,990,1001,1034,1035,1071,1072,1073,1115,1116,1117,1118,1158,1159,1160,1161,1167,1170,1204,1205,1209,1210,1211,1249,1253,1254
25,25,109
3,4,5,6,7,19,20,21,22,26,27,28,29,30,31,32,33,34,35,36,50,57,58,66,67,75,77,78,80,81,95,96,97,102,112,115,120,121,125,127,140,141,142,143,146,153,157,171,185,186,187,188,190,191,198,217,218,223,231,232,233,235,236,243,245,246,268,277,280,281,287,290,291,325,326,332,333,377,422,898,900,945,988,989,990,1034,1035,1071,1072,1073,1115,1116,1117,1118,1158,1159,1160,1161,1167,1169,1204,1205,1209,1210,1211,1249,1250,1253,1254
1,1,58
4,5,6,7,20,21,22,28,29,30,31,32,34,50,51,66,67,78,80,81,102,141,142,143,146,171,172,185,186,187,188,190,191,200,201,217,232,233,235,236,281,290,333,377,945,989,990,1072,1115,1116,1117,1158,1159,1160,1161,1204,1205,1254
3,3,122
3,4,5,6,19,20,21,22,27,28,29,30,31,32,33,34,35,36,49,50,57,64,65,66,67,76,77,78,79,80,81,98,101,102,109,110,121,125,126,127,143,144,145,146,147,153,154,155,171,182,183,186,187,188,189,190,191,198,199,200,217,226,227,228,231,232,233,234,235,236,271,277,278,279,280,281,288,324,325,326,332,333,363,370,377,378,408,422,423,453,466,467,511,512,513,556,600,601,645,900,944,945,989,990,1034,1072,1114,1115,1116,1117,1118,1158,1159,1160,1204,1205,1209,1249,1250,1253,1254,1294
5,5,110
3,4,5,6,7,19,20,21,22,27,28,29,30,31,32,33,34,35,49,50,51,57,64,65,66,67,77,78,79,80,81,101,102,109,110,125,126,127,142,143,144,145,146,147,153,154,155,171,182,186,187,188,189,190,191,198,199,200,223,227,231,232,233,234,235,236,278,279,280,281,288,324,325,326,332,333,370,377,378,422,423,467,556,600,601,645,900,944,945,989,990,1034,1072,1114,1115,1116,1117,1118,1158,1159,1160,1161,1169,1204,1205,1209,1210,1249,1250,1254
33,33,118
2,3,4,5,6,7,19,20,21,22,27,28,29,30,31,32,33,34,35,48,49,50,51,64,65,66,67,78,79,80,81,82,98,101,102,109,110,125,127,143,144,145,146,153,154,155,171,182,183,186,187,188,189,190,191,198,199,200,226,227,228,230,231,232,233,234,235,236,243,244,278,279,280,281,288,324,325,326,332,333,370,377,378,407,422,423,467,468,512,513,555,556,600,601,645,898,944,945,989,990,1034,1072,1114,1115,1116,1117,1158,1159,1160,1204,1205,1209,1210,1249,1250,1253,1254,1298
94,94,106
3,4,5,6,7,12,19,20,21,22,27,28,29,30,31,32,33,34,35,47,48,49,50,51,57,64,65,66,67,77,78,79,80,81,82,101,102,109,110,125,127,142,143,144,145,146,147,153,154,155,171,185,186,187,188,189,190,191,199,200,227,231,232,233,234,235,236,237,279,280,281,288,324,325,326,332,333,370,377,378,422,423,467,556,600,601,645,900,945,989,990,1034,1115,1116,1117,1158,1159,1160,1161,1169,1204,1205,1249,1250,1253,1254
127,127,120
2,3,4,5,6,7,12,19,20,21,22,27,28,29,30,31,32,33,34,35,46,47,48,49,50,51,57,64,65,66,67,77,78,79,80,81,91,98,101,102,109,110,125,127,143,144,145,146,153,154,155,182,186,187,188,189,190,191,199,200,227,228,230,231,232,233,234,235,236,237,243,244,278,279,280,281,288,324,325,326,332,333,364,370,377,378,422,423,452,467,468,512,513,556,600,601,645,900,945,989,990,1034,1072,1114,1115,1116,1117,1118,1158,1159,1160,1169,1170,1204,1205,1209,1210,1249,1250,1254
82,82,121
2,3,4,5,6,7,19,20,21,22,23,27,28,29,30,31,32,33,34,35,36,46,48,49,50,51,57,64,65,66,67,79,80,81,82,91,92,95,101,102,109,110,125,127,141,143,144,145,146,147,153,154,155,172,185,186,187,188,189,190,191,199,200,226,227,228,230,231,232,233,234,235,236,237,276,278,279,280,281,288,324,325,326,332,333,370,377,378,422,423,452,466,467,468,589,600,601,645,944,945,989,990,1034,1072,1115,1116,1117,1118,1158,1159,1160,1161,1169,1170,1204,1205,1209,1210,1249,1250,1254
142,142,127
1,2,3,4,5,6,7,19,20,21,22,27,28,29,31,32,33,34,35,36,46,47,48,49,50,51,57,64,65,66,67,79,80,81,91,98,100,101,102,109,110,125,127,143,144,145,146,147,153,154,155,172,181,182,183,186,187,188,189,190,191,192,199,200,226,227,228,230,231,232,233,234,235,236,237,271,272,277,278,279,280,281,288,325,326,332,333,370,377,378,406,407,422,423,452,466,467,468,512,513,555,556,600,601,645,900,944,945,989,990,1034,1072,1114,1115,1116,1117,1118,1158,1159,1160,1204,1205,1209,1249,1250,1253,1254
48,48,126
2,3,4,5,6,7,12,19,20,21,22,27,28,29,31,32,33,34,35,36,46,47,48,49,50,51,64,65,66,67,79,80,81,91,93,95,101,102,109,110,125,127,138,139,141,143,144,145,146,147,153,154,155,172,182,184,185,186,187,188,189,190,191,192,199,226,227,230,231,232,233,234,235,236,237,243,272,276,277,278,279,280,281,324,325,326,332,333,369,370,377,378,422,423,452,466,467,513,555,600,601,645,900,945,989,990,1034,1072,1114,1115,1116,1117,1118,1158,1159,1160,1161,1169,1170,1204,1205,1210,1249,1250,1253,1254
97,97,101
2,3,4,5,6,12,19,20,21,27,28,33,35,46,47,48,49,50,51,57,64,65,66,67,79,80,81,91,98,101,102,109,110,127,143,144,145,146,153,154,155,172,182,186,187,188,189,190,191,199,200,226,227,228,230,231,232,233,234,235,236,237,272,278,279,280,281,288,324,325,326,332,333,377,378,406,407,422,423,467,512,542,587,600,633,645,900,945,989,990,1034,1072,1117,1158,1159,1160,1204,1205,1209,1250,1254
76,76,132
3,4,5,19,20,21,24,26,27,28,29,30,31,32,33,34,35,36,64,65,66,76,77,78,79,80,81,91,92,99,109,110,111,124,137,143,144,145,146,153,154,155,172,181,182,188,189,190,191,199,200,226,227,228,229,233,234,235,236,237,244,245,271,274,277,278,279,280,281,287,288,289,325,326,332,333,377,378,422,423,466,467,468,510,511,512,513,555,556,600,601,645,646,900,910,911,944,945,955,956,989,990,1000,1001,1034,1035,1071,1072,1073,1113,1114,1115,1116,1117,1158,1159,1160,1161,1204,1205,1209,1210,1215,1248,1249,1250,1253,1254,1293,1294,1298,1343
142,142,130
3,4,5,19,20,21,24,26,27,28,29,30,32,33,34,35,36,56,57,64,65,66,76,77,78,79,80,81,91,92,102,103,109,110,111,124,136,137,143,144,145,146,153,154,155,163,172,182,183,188,189,190,191,199,200,226,227,228,229,230,232,233,234,235,236,237,244,245,271,272,273,274,277,278,280,281,287,288,289,325,326,332,333,370,377,378,422,423,466,467,468,511,512,513,555,556,600,601,645,900,910,911,912,945,988,989,990,1034,1035,1072,1073,1113,1114,1115,1116,1117,1118,1158,1159,1160,1161,1204,1205,1215,1249,1250,1254,1293,1298,1343
12,12,147
5,20,21,26,27,29,30,32,33,34,35,36,65,66,74,77,78,79,80,81,91,92,99,103,109,110,111,124,136,137,143,144,148,154,155,163,172,181,182,188,189,191,199,200,227,228,229,231,235,244,245,278,280,281,288,289,325,326,333,377,378,422,423,467,468,512,513,556,601,645,854,855,898,899,900,910,911,912,942,943,944,945,956,987,988,989,990,1001,1032,1033,1034,1035,1072,1077,1078,1079,1080,1113,1114,1115,1116,1117,1121,1122,1123,1124,1125,1158,1159,1160,1161,1165,1166,1167,1168,1169,1170,1204,1205,1209,1210,1211,1212,1213,1214,1215,1249,1253,1254,1255,1257,1258,1259,1260,1298,1301,1302,1303,1304,1305,1343,1345,1346,1347,1348,1349,1350
76,76,152
315,360,405,450,494,495,539,540,584,585,628,629,630,673,674,675,717,718,719,720,761,762,763,764,765,805,806,807,808,809,810,850,851,852,853,854,855,894,895,896,897,898,899,900,938,939,940,941,942,943,944,945,983,984,985,986,987,988,989,990,1026,1027,1028,1029,1030,1031,1032,1033,1034,1035,1071,1072,1073,1074,1075,1076,1077,1078,1079,1080,1115,1116,1117,1118,1119,1120,1121,1122,1123,1124,1125,1159,1160,1161,1162,1163,1164,1165,1166,1167,1168,1169,1170,1204,1205,1206,1207,1208,1209,1210,1211,1212,1213,1214,1215,1249,1250,1251,1252,1253,1254,1255,1256,1257,1258,1259,1260,1293,1294,1295,1296,1297,1298,1299,1300,1301,1302,1303,1304,1305,1339,1340,1341,1342,1343,1344,1345,1346,1347,1348,1349,1350
71,71,263
41,42,43,44,45,85,86,87,88,89,90,129,130,131,132,133,134,135,174,175,176,177,178,179,180,220,221,222,223,224,225,265,266,267,268,269,270,309,310,311,312,313,314,315,354,355,356,357,358,359,360,399,400,401,402,403,404,405,423,443,444,445,446,447,448,449,450,488,489,490,491,492,493,494,495,533,534,535,536,538,540,577,578,579,580,581,621,622,623,624,625,626,627,665,666,667,668,669,670,671,709,710,711,712,713,714,715,716,717,754,755,756,757,758,759,760,761,762,799,800,801,802,803,804,805,806,807,808,843,844,845,846,847,848,849,850,851,888,889,890,891,892,893,894,895,896,897,898,900,932,933,934,935,936,937,938,939,940,941,942,944,945,976,977,978,979,980,981,982,983,984,985,986,987,989,990,1021,1022,1023,1024,1025,1026,1027,1028,1029,1030,1031,1035,1066,1067,1068,1069,1070,1071,1072,1073,1074,1075,1076,1111,1112,1113,1114,1115,1116,1117,1118,1119,1120,1155,1156,1157,1158,1159,1160,1161,1162,1163,1164,1199,1200,1201,1202,1203,1204,1205,1206,1207,1208,1209,1210,1244,1245,1246,1247,1248,1249,1250,1251,1252,1253,1254,1288,1289,1290,1291,1292,1293,1294,1295,1296,1297,1298,1334,1335,1336,1337,1338,1339,1340,1341,1342,1343
6,6,366
29,30,31,32,33,34,35,36,37,38,39,40,41,42,43,74,75,76,77,78,79,80,81,82,83,84,85,86,87,119,120,121,122,123,124,125,126,127,128,129,130,131,134,163,164,165,166,167,168,169,170,171,172,173,174,175,176,208,209,210,211,212,213,214,215,216,217,218,219,220,221,253,254,255,256,257,258,259,260,261,262,263,264,265,298,299,300,301,302,303,304,305,306,307,308,343,344,345,346,347,348,349,350,351,352,387,388,389,390,391,392,393,394,395,396,432,433,434,435,436,437,438,439,440,441,477,478,479,480,481,482,483,484,485,521,522,523,524,525,526,527,528,529,530,532,565,566,567,568,569,570,571,572,573,574,575,576,577,610,611,612,613,614,615,616,617,618,619,620,655,656,657,658,659,660,661,662,663,664,665,699,700,701,702,703,704,705,706,707,708,709,710,743,744,745,746,747,748,749,750,751,752,753,754,788,789,790,791,792,793,794,795,796,797,798,799,833,834,835,836,837,838,839,840,841,842,843,878,879,880,881,882,883,884,885,886,887,888,923,924,925,926,927,928,929,930,931,932,933,967,968,969,970,971,972,973,974,975,976,977,978,1012,1013,1014,1015,1016,1017,1018,1019,1020,1021,1022,1024,1056,1057,1058,1059,1060,1061,1062,1063,1064,1065,1066,1067,1068,1101,1102,1103,1104,1105,1106,1107,1108,1109,1110,1111,1112,1113,1144,1145,1146,1147,1148,1149,1150,1151,1152,1153,1154,1155,1156,1157,1158,1159,1189,1190,1191,1192,1193,1194,1195,1196,1197,1198,1199,1200,1201,1233,1234,1235,1236,1237,1238,1239,1240,1241,1242,1243,1244,1245,1277,1278,1279,1280,1281,1282,1283,1284,1285,1286,1287,1288,1289,1323,1324,1325,1326,1327,1328,1329,1330,1331,1332,1333,1334
133,133,442
20,21,22,23,24,25,26,27,28,29,30,31,32,33,34,35,36,37,64,65,66,67,68,69,70,71,72,73,74,75,76,77,78,79,80,81,82,83,109,110,111,112,113,114,115,116,117,118,119,120,121,122,123,124,125,126,127,128,154,155,156,157,158,159,160,161,162,163,164,165,166,167,168,169,172,173,198,199,200,201,202,203,204,205,206,207,208,209,210,211,212,213,214,243,244,245,246,247,248,249,250,251,252,253,254,255,256,257,258,287,288,289,290,291,292,293,294,295,296,297,298,299,300,301,302,332,333,334,335,336,337,338,339,340,341,342,343,344,345,377,378,379,380,381,382,383,384,385,386,387,388,389,421,422,423,424,425,426,427,428,429,430,431,432,433,434,465,466,467,468,469,470,471,472,473,474,475,476,477,478,479,510,511,512,513,514,515,516,517,518,519,520,521,522,555,556,557,558,559,560,561,562,563,564,565,566,567,600,601,602,603,604,605,606,607,608,609,610,611,612,644,645,646,647,648,649,650,651,652,653,654,655,656,657,689,690,691,692,693,694,695,696,697,698,699,700,701,734,735,736,737,738,739,740,741,742,743,744,745,746,778,779,780,781,782,783,784,785,786,787,788,789,790,823,824,825,826,827,828,829,830,831,832,833,834,835,866,867,868,869,870,871,872,873,874,875,876,877,878,879,880,910,911,912,913,914,915,916,917,918,919,920,921,922,923,924,925,955,956,957,958,959,960,961,962,963,964,965,966,967,968,969,970,1000,1001,1002,1003,1004,1005,1006,1007,1008,1009,1010,1011,1012,1013,1014,1045,1046,1047,1048,1049,1050,1051,1052,1053,1054,1055,1056,1057,1058,1090,1091,1092,1093,1094,1095,1096,1097,1098,1099,1100,1101,1102,1135,1136,1137,1138,1139,1140,1141,1142,1143,1144,1145,1146,1147,1180,1181,1182,1183,1184,1185,1186,1187,1188,1189,1190,1191,1192,1224,1225,1226,1227,1228,1229,1230,1231,1232,1233,1234,1235,1236,1268,1269,1270,1271,1272,1273,1274,1275,1276,1277,1278,1279,1280,1281,1313,1314,1315,1316,1317,1318,1319,1320,1321,1322,1323,1324,1325,1326
134,134,471
1,10,11,12,13,14,15,16,17,18,19,20,21,22,23,24,25,26,27,33,54,55,56,57,58,59,60,61,62,63,64,65,66,67,68,69,70,71,78,99,100,101,102,103,104,105,106,107,108,109,110,111,112,113,114,115,117,143,144,145,146,147,148,149,150,151,152,153,154,155,156,157,158,159,160,188,189,190,191,192,193,194,195,196,197,198,199,200,201,202,203,204,232,233,234,235,236,237,238,239,240,241,242,243,244,245,246,248,277,278,279,280,281,282,283,284,285,286,287,288,289,290,291,321,322,323,324,325,326,327,328,329,330,331,332,333,334,335,336,366,367,368,369,370,371,372,373,374,375,376,377,378,379,380,411,412,413,414,415,416,417,418,419,420,421,422,423,424,425,455,456,457,458,459,460,461,462,463,464,465,466,467,468,469,470,500,501,502,503,504,505,506,507,508,509,510,511,512,513,514,515,516,545,546,547,548,549,550,551,552,553,554,555,556,557,558,559,560,590,591,592,593,594,595,596,597,598,599,600,601,602,603,604,634,635,636,637,638,639,640,641,642,643,644,645,646,647,648,649,679,680,681,682,683,684,685,686,687,688,689,690,691,692,693,694,724,725,726,727,728,729,730,731,732,733,734,735,736,737,738,769,770,771,772,773,774,775,776,777,778,779,780,781,782,783,813,814,815,816,817,818,819,820,821,822,823,824,825,826,827,828,858,859,860,861,862,863,864,865,866,867,868,869,870,871,872,902,903,904,905,906,907,908,909,910,911,912,913,914,915,916,917,947,948,949,950,951,952,953,954,955,956,957,958,959,960,961,991,992,993,994,995,996,997,998,999,1000,1001,1002,1003,1004,1005,1006,1036,1037,1038,1039,1040,1041,1042,1043,1044,1045,1046,1047,1048,1049,1050,1081,1082,1083,1084,1085,1086,1087,1088,1089,1090,1091,1092,1093,1094,1095,1126,1127,1128,1129,1130,1131,1132,1133,1134,1135,1136,1137,1138,1139,1140,1171,1172,1173,1174,1175,1176,1177,1178,1179,1180,1181,1182,1183,1184,1216,1217,1218,1219,1220,1221,1222,1223,1224,1225,1226,1227,1228,1261,1262,1263,1264,1265,1266,1267,1268,1269,1270,1271,1272,1273,1306,1307,1308,1309,1310,1311,1312,1313,1314,1315,1316,1317,1318
138,138,393
1,2,3,4,5,6,7,8,9,10,11,12,13,14,15,16,17,18,19,20,21,46,47,48,49,50,51,52,53,54,55,56,57,58,59,60,61,62,63,64,91,92,93,94,95,96,97,98,99,100,101,102,103,104,105,106,107,108,136,137,138,139,140,141,142,143,144,145,146,147,148,149,150,151,152,153,181,182,183,184,185,186,187,188,189,190,191,192,193,194,195,196,197,226,227,228,229,230,231,232,233,234,235,236,237,238,239,240,241,242,271,272,273,274,275,276,277,278,279,280,281,282,283,284,285,286,287,288,316,317,318,319,320,321,322,323,324,325,326,327,328,329,330,331,332,361,362,363,364,365,366,367,368,369,370,371,372,373,374,375,376,377,406,407,408,409,410,411,412,413,414,415,416,417,418,419,420,421,422,451,452,453,454,455,456,457,458,459,460,461,462,463,464,465,466,467,496,497,498,499,500,501,502,503,504,505,506,507,508,509,510,511,541,542,543,544,545,546,547,548,549,550,551,552,553,554,555,586,587,588,589,590,591,592,593,594,595,596,597,598,599,600,631,632,633,634,635,636,637,638,639,640,641,642,643,644,645,676,677,678,679,680,681,682,683,684,685,686,687,688,721,722,723,724,725,726,727,728,729,730,731,732,766,767,768,769,770,771,772,773,774,775,776,777,811,812,813,814,815,816,817,818,819,820,821,856,857,858,859,860,861,862,863,864,866,901,902,903,904,905,906,907,908,909,910,911,946,947,948,949,950,951,952,953,954,955,991,992,993,994,995,996,997,998,1036,1037,1038,1039,1040,1041,1042,1043,1081,1082,1083,1084,1085,1086,1087,1088,1126,1127,1128,1129,1130,1131,1132,1171,1172,1173,1174,1175,1176,1177,1216,1217,1218,1219,1220,1221,1222,1261,1262,1263,1264,1265,1266,1306,1307,1308,1309,1310,1311
18,18,383
1,2,3,4,5,6,7,8,9,10,11,12,13,14,15,16,17,18,19,20,21,22,23,32,33,34,35,36,46,47,48,49,50,51,52,53,54,55,56,57,58,59,60,61,62,63,65,66,77,78,79,80,81,91,92,93,94,95,96,97,98,99,100,101,102,103,104,105,106,107,108,109,136,137,138,139,140,141,142,143,144,145,146,147,148,149,150,151,152,153,181,182,183,184,185,186,187,188,189,190,191,192,193,194,195,196,197,198,199,226,227,228,229,230,231,232,233,234,235,236,237,238,239,240,241,242,243,271,272,273,274,275,276,277,278,279,280,281,282,283,284,285,286,287,288,316,317,318,319,320,321,322,323,324,325,326,327,328,329,330,331,332,333,361,362,363,364,365,366,367,368,369,370,371,372,373,374,375,376,377,378,406,407,408,409,410,411,412,413,414,415,416,417,418,419,420,422,423,451,452,453,454,455,456,457,458,459,460,461,462,463,464,465,467,496,497,498,499,500,501,502,503,504,505,506,507,508,510,541,542,543,544,545,546,547,548,549,550,551,552,553,554,555,556,586,587,588,589,590,591,592,593,594,595,596,597,598,599,600,631,632,633,634,635,636,637,638,639,640,641,642,643,644,645,676,677,678,679,680,681,682,683,684,685,686,687,721,722,723,724,725,726,727,728,729,730,731,766,767,768,769,770,771,772,773,774,775,811,812,813,814,815,816,817,818,819,856,857,858,859,860,861,862,863,864,901,902,903,904,905,906,907,908,946,947,948,949,950,951,952,991,992,993,994,995,996,997,1036,1037,1038,1039,1040,1041,1042,1081,1082,1083,1084,1085,1086,1126,1127,1128,1129,1171,1172,1173,1174,1175,1216,1217,1218,1219,1220,1221,1261,1262,1263,1264,1306,1307,1308,1309
17,17,377
1,2,3,4,5,6,7,8,9,10,11,12,13,14,15,16,17,18,19,20,21,22,23,24,25,26,27,28,29,30,32,33,34,35,36,37,46,47,48,49,50,51,52,53,54,55,56,57,58,59,60,61,62,63,64,65,66,67,68,69,70,71,72,73,74,77,78,79,80,81,82,83,91,92,93,94,95,96,97,98,99,100,101,102,103,104,105,106,107,108,109,110,111,112,113,115,116,117,118,119,126,136,137,138,139,140,141,142,143,144,145,146,147,148,149,150,151,152,153,154,155,156,157,160,162,163,164,166,181,182,183,184,185,186,187,188,189,190,191,192,193,194,195,196,197,198,199,200,226,227,228,229,230,231,232,233,234,235,236,237,238,239,240,241,242,243,244,245,271,272,273,274,275,276,277,278,279,280,281,282,283,284,285,286,287,288,289,290,316,317,318,319,320,321,322,323,324,325,326,327,328,329,330,331,332,333,361,362,363,364,365,366,367,368,369,370,371,372,373,374,375,376,377,378,406,407,408,409,410,411,412,413,414,415,416,417,418,419,420,421,422,423,451,452,453,454,455,456,457,458,459,460,461,462,463,464,465,466,467,468,496,497,498,499,500,501,502,503,504,505,506,507,508,509,510,511,512,513,541,542,543,544,545,546,547,548,549,550,551,552,553,554,555,556,586,587,588,589,590,591,592,593,594,595,597,598,599,600,601,631,632,633,634,635,636,637,638,639,640,641,642,643,644,645,646,676,677,678,679,680,681,683,684,685,686,687,688,689,690,721,722,723,724,725,726,727,728,729,730,766,767,768,769,770,771,772,773,774,811,812,813,814,821,856,857,858,901,902,946,991,992,1036,1037,1081,1126,1171,1232
9,9,357
1,2,3,4,5,6,7,8,9,10,11,12,13,14,15,16,17,18,19,20,21,22,23,24,25,26,27,28,29,30,32,33,34,35,36,37,38,46,47,48,49,50,51,52,53,54,55,56,57,58,59,60,61,62,63,64,65,66,67,68,69,70,71,72,73,74,77,78,79,80,81,82,83,91,92,93,94,95,96,97,98,99,100,101,102,103,104,105,106,107,108,109,110,111,113,114,115,116,117,118,119,121,122,126,130,136,137,138,139,140,141,142,143,144,145,146,147,148,149,150,151,152,153,154,155,156,157,158,160,163,164,166,174,181,182,183,184,185,186,187,188,189,190,191,192,193,194,195,196,197,198,199,200,221,222,226,227,228,229,230,231,232,233,234,235,236,237,238,239,240,241,242,243,244,245,268,271,272,273,274,275,276,277,278,279,280,281,282,283,284,285,286,287,288,289,290,316,317,318,319,320,321,322,323,324,325,326,327,328,329,330,331,332,333,334,361,362,363,364,365,366,367,368,369,370,371,372,373,374,376,377,378,406,407,408,409,410,411,412,413,414,415,416,417,418,419,420,421,422,423,451,452,453,454,455,456,457,458,459,460,461,462,463,464,465,466,467,468,496,497,498,499,500,501,502,503,504,505,506,507,508,509,510,511,512,513,541,542,543,544,545,546,547,548,549,550,551,552,553,554,555,556,557,586,587,588,592,593,595,596,597,598,599,600,601,631,632,633,636,637,638,639,640,642,643,644,645,646,676,678,680,681,683,684,686,687,688,689,690,724,725,726,727,728,729,773,944,989,990,1029,1071,1072,1210,1253,1254,1298,1343
12,12,347
1,2,3,4,5,6,7,8,9,10,11,12,13,14,16,17,18,19,20,21,22,23,24,25,26,27,28,29,30,31,32,33,34,35,36,37,38,39,40,46,47,48,49,50,51,52,53,54,55,56,57,58,59,60,61,62,63,64,65,66,67,68,69,70,71,72,73,74,75,76,77,78,79,80,81,82,83,84,85,91,92,93,94,95,96,97,98,99,100,101,102,103,104,105,106,107,108,109,110,111,112,113,114,115,116,117,118,119,120,121,122,125,128,129,130,136,137,138,139,140,141,142,143,144,145,146,147,148,150,151,152,153,154,155,156,158,160,161,162,163,165,166,168,170,174,175,176,181,182,183,184,185,186,187,188,189,190,191,192,193,194,195,196,197,198,199,200,208,209,213,214,219,220,221,222,223,226,227,228,229,230,231,232,233,234,235,236,237,238,239,240,241,242,243,244,245,252,253,264,268,271,272,273,274,275,276,277,278,279,280,281,282,283,284,285,286,287,288,289,290,316,317,318,319,320,321,322,323,324,325,326,327,330,331,332,333,334,361,362,363,364,365,366,367,368,369,370,371,372,373,376,377,378,406,407,408,409,410,411,412,413,414,415,417,421,422,423,451,452,453,454,455,456,457,458,459,460,461,465,466,467,468,496,497,498,499,500,501,502,504,505,507,509,510,511,512,513,541,542,543,544,545,554,555,556,557,586,587,599,600,601,631,644,645,646,689,855,899,900,944,945,984,985,989,990,1030,1034,1035,1071,1072,1073,1074,1122,1170,1205,1210,1211,1212,1213,1214,1215,1233,1253,1254,1298,1342,1343
73,73,327
1,3,4,5,6,7,8,9,10,11,13,14,18,19,20,21,22,23,24,25,26,27,28,29,30,31,32,33,34,35,36,37,38,39,46,47,48,49,50,51,52,53,54,55,56,58,59,61,62,63,64,65,66,67,68,70,71,72,73,75,77,78,79,80,81,82,83,84,91,92,93,94,95,96,97,98,99,100,101,103,104,106,107,108,109,110,111,112,113,114,115,116,117,118,119,120,121,122,125,126,127,128,129,130,136,137,138,139,140,141,142,143,144,145,146,147,148,150,152,153,154,155,156,157,158,161,162,163,164,165,166,167,168,169,170,173,174,175,176,181,182,183,184,186,187,188,189,190,191,192,194,195,196,197,198,199,200,207,208,209,212,213,214,215,218,219,220,221,222,223,224,226,227,228,229,230,231,232,233,234,235,236,237,238,240,241,242,243,244,245,253,257,258,259,260,264,271,272,273,274,275,276,277,278,279,280,281,282,283,284,285,286,287,288,289,290,316,317,318,319,320,321,322,323,324,325,330,331,332,333,334,361,362,363,364,365,366,367,368,369,373,375,376,377,378,407,408,409,410,411,412,413,414,418,420,421,422,423,451,452,453,454,455,456,457,458,459,463,465,466,467,468,497,498,500,507,509,510,511,512,552,553,554,555,556,557,597,599,600,601,644,645,646,690,900,943,944,945,989,990,1029,1030,1031,1034,1071,1072,1073,1074,1115,1117,1125,1159,1168,1170,1210,1211,1212,1213,1214,1215,1253,1254,1293,1298,1299,1342,1343
125,125,329
3,4,5,6,7,8,9,10,11,13,14,18,19,20,21,22,23,24,25,26,27,28,29,30,31,32,33,34,35,36,37,38,46,49,50,51,52,53,54,55,56,58,59,60,61,63,64,65,66,67,68,69,70,71,72,73,74,75,76,77,78,79,80,81,82,83,84,85,91,92,93,95,96,97,98,99,100,101,102,103,104,106,107,108,109,110,111,112,113,114,115,116,117,118,119,120,121,122,123,124,126,128,129,130,136,137,138,139,141,142,143,144,145,146,147,148,152,153,154,155,157,160,162,163,164,165,166,167,168,169,170,174,175,176,181,182,183,184,186,187,188,189,190,191,192,194,197,198,199,200,201,208,210,211,212,213,214,216,219,220,221,222,223,226,227,228,229,231,232,233,234,235,236,237,238,239,240,241,242,243,244,245,252,253,257,258,259,260,271,272,273,274,275,276,277,278,279,280,281,282,284,285,287,288,289,290,307,308,310,315,316,317,318,319,320,321,322,323,324,325,328,330,331,332,333,334,335,356,363,364,365,366,367,368,369,373,376,377,378,408,410,411,412,413,414,417,418,419,420,421,422,423,452,454,455,456,457,458,459,462,463,464,465,466,467,468,497,498,499,500,501,502,507,508,509,510,511,512,554,555,556,599,600,601,644,645,646,689,690,868,869,899,900,913,943,944,945,984,985,988,989,990,1028,1030,1031,1034,1071,1072,1125,1160,1161,1168,1169,1170,1206,1210,1211,1212,1213,1214,1215,1253,1254,1260,1293,1298,1299,1342,1343
100,100,308
4,5,6,7,8,9,10,11,12,17,18,19,20,21,22,23,24,25,26,27,28,29,30,31,32,33,34,35,36,37,38,49,50,51,53,54,55,56,59,61,62,63,64,65,66,67,68,69,70,71,72,73,74,75,76,77,78,79,80,81,82,83,84,91,92,93,94,95,96,97,98,99,100,101,103,104,106,108,109,110,111,112,113,115,116,117,118,119,120,121,122,124,125,126,127,128,129,130,136,137,138,139,141,142,143,144,145,146,147,148,152,153,154,155,156,157,158,162,163,164,165,167,168,169,170,174,175,181,182,183,184,186,187,188,189,190,191,192,196,197,198,199,200,207,208,209,210,211,212,213,214,215,219,220,221,222,223,226,227,228,229,231,232,233,234,235,236,240,242,243,244,245,252,253,256,257,258,259,265,266,267,268,269,271,272,273,274,275,276,277,278,279,280,281,285,287,288,289,290,305,308,316,317,318,319,320,321,322,323,324,325,331,332,333,356,362,363,364,365,366,367,368,373,376,377,378,409,410,411,412,413,414,417,418,420,421,422,423,451,452,454,455,456,457,458,459,462,466,467,468,500,501,502,509,510,511,512,554,555,556,557,599,600,601,644,645,646,690,868,898,899,900,942,943,944,945,988,989,990,1027,1030,1031,1034,1071,1072,1073,1074,1123,1124,1168,1169,1170,1208,1210,1211,1212,1213,1214,1215,1253,1254,1255,1260,1293,1298,1299,1342,1343
57,57,303
4,5,6,7,8,9,10,11,13,14,15,18,19,20,21,22,23,24,25,26,27,28,29,30,31,32,33,34,35,36,37,38,40,48,49,50,51,53,54,55,56,58,59,61,62,63,64,65,66,67,68,69,70,71,72,74,75,76,77,78,79,80,81,82,83,84,91,92,93,94,95,96,97,98,99,100,101,102,103,104,107,108,109,110,111,112,113,115,116,117,118,120,121,122,124,126,127,128,129,136,137,138,139,140,141,142,143,144,145,146,147,148,152,153,154,155,156,157,158,161,162,163,164,166,167,168,169,170,174,175,176,181,182,183,184,186,187,188,189,190,191,192,196,197,198,199,200,201,207,208,211,212,213,214,215,219,220,221,222,223,226,227,228,229,231,232,233,234,235,236,238,240,242,243,244,245,252,253,257,258,259,260,265,267,268,269,271,272,273,274,275,276,277,278,279,280,287,288,289,290,307,308,310,316,317,318,319,320,321,322,323,324,325,331,332,333,334,356,363,364,365,366,367,368,373,376,377,378,408,410,411,412,413,414,418,420,421,422,423,454,455,456,457,458,459,466,467,468,499,500,501,508,509,510,554,555,556,599,600,601,643,644,645,646,684,689,729,855,898,899,900,943,944,945,985,989,990,1030,1031,1034,1035,1071,1072,1073,1124,1168,1169,1170,1209,1210,1211,1212,1213,1214,1215,1253,1254,1255,1293,1298,1299,1342,1343
5,5,282
2,3,4,5,6,7,8,9,10,11,12,13,14,18,19,20,21,22,23,24,25,26,27,28,29,30,31,32,33,34,35,36,37,38,46,47,48,49,50,51,52,54,55,56,58,59,61,62,63,64,65,67,68,69,70,71,75,76,77,78,79,81,83,91,92,93,94,95,96,97,98,99,100,101,102,103,104,106,107,108,109,110,111,112,113,114,115,116,117,121,123,124,127,136,137,138,139,140,141,142,143,144,145,146,147,148,152,153,154,155,157,158,162,163,166,167,168,169,170,171,172,174,175,181,182,183,184,186,187,188,189,190,191,192,196,197,198,199,200,208,209,212,213,214,215,216,219,220,221,226,227,228,229,231,232,233,234,235,236,242,243,244,245,252,253,256,257,258,259,260,268,269,271,272,273,274,275,276,277,278,279,286,287,288,289,305,307,308,310,316,317,318,319,320,321,322,323,324,332,333,356,363,364,365,366,367,368,369,376,377,378,409,410,411,412,413,421,422,423,452,453,454,455,456,457,459,467,497,498,499,500,510,542,554,555,599,600,601,644,645,646,729,855,868,898,899,900,942,943,944,945,988,989,990,1034,1035,1069,1070,1071,1072,1073,1117,1161,1164,1168,1169,1170,1209,1210,1211,1212,1213,1214,1215,1253,1254,1255,1260,1298,1299,1342,1343
9,9,289
1,2,3,4,5,6,7,8,9,10,11,12,13,14,18,19,22,23,24,25,26,27,28,29,30,33,34,35,36,37,46,47,48,49,50,51,52,53,54,55,56,57,58,59,62,63,64,67,68,69,70,71,72,73,74,75,77,78,79,81,82,83,91,92,93,94,95,96,97,98,99,100,101,102,103,104,106,107,108,111,112,113,114,115,116,117,118,119,120,121,122,123,124,136,137,138,139,140,141,142,143,144,145,146,147,148,152,153,156,157,158,161,162,163,165,166,167,168,169,175,176,181,182,183,184,185,186,187,188,189,190,192,193,194,196,197,198,201,202,207,208,209,211,212,213,214,221,222,223,224,226,227,228,229,230,231,232,233,235,238,241,242,243,246,247,252,253,255,256,257,258,259,260,261,262,271,272,273,274,275,276,277,278,279,282,287,288,299,302,303,304,305,306,307,308,309,310,316,317,318,319,320,321,322,323,332,333,351,353,354,355,356,361,362,363,364,365,366,367,368,376,377,396,397,400,406,407,408,409,410,411,412,417,420,421,446,451,452,453,454,455,456,465,496,497,498,499,505,514,542,549,554,900,944,945,989,990,1027,1031,1035,1072,1073,1117,1123,1124,1125,1161,1164,1165,1167,1168,1169,1170,1209,1210,1211,1212,1213,1214,1215,1253,1254,1255,1256,1257,1298,1299,1319,1343
107,107,269
1,2,3,4,5,6,7,8,9,10,11,12,14,18,19,21,22,23,24,25,26,27,28,29,30,34,35,36,46,47,48,49,50,51,52,53,54,55,57,58,59,62,63,64,67,68,69,70,71,72,73,74,78,79,81,91,92,93,94,95,96,97,98,99,100,101,102,103,104,106,107,108,111,112,113,114,115,116,117,118,119,120,121,122,123,124,129,136,137,138,139,140,141,142,143,144,145,146,147,148,151,152,153,156,157,158,159,161,162,163,164,165,166,167,168,169,174,175,176,181,182,183,184,185,186,187,188,189,190,192,194,196,197,198,201,207,208,209,211,212,213,214,222,223,224,226,227,228,229,230,231,232,233,234,235,237,238,242,243,252,253,256,257,258,259,260,261,262,271,272,273,274,275,276,277,278,279,286,287,288,301,302,303,305,306,307,308,309,310,311,316,317,318,319,320,321,322,323,328,331,332,347,354,356,361,362,363,364,365,366,367,368,376,377,399,400,402,406,407,408,409,410,411,412,417,421,422,442,451,452,453,454,455,456,497,498,499,509,944,945,984,989,990,1030,1034,1035,1072,1073,1117,1124,1164,1167,1168,1169,1170,1209,1210,1211,1212,1213,1214,1215,1254,1255,1256,1260,1298,1299,1343
69,69,271
1,2,3,4,5,6,7,8,9,10,13,14,18,19,20,21,22,23,24,25,26,27,28,29,30,34,35,46,47,48,49,50,51,52,53,54,55,57,58,59,61,62,63,64,65,67,68,69,70,71,73,74,76,78,79,91,92,93,94,95,96,97,98,99,101,102,103,104,106,111,112,113,114,115,116,117,118,119,120,121,122,123,124,136,137,138,139,140,141,142,143,144,145,146,147,148,151,152,156,157,158,159,161,162,163,164,165,166,167,168,169,174,175,176,181,182,183,185,186,187,188,189,190,192,196,197,198,201,203,207,208,209,210,211,212,213,214,222,223,226,227,228,229,230,231,232,233,234,235,236,237,241,242,243,247,252,253,255,256,257,258,259,260,261,262,271,272,273,274,275,276,277,278,279,282,283,286,287,288,299,300,301,302,303,304,305,306,307,308,309,310,311,316,317,318,319,320,321,322,323,331,332,347,353,354,355,356,361,362,363,364,365,366,367,368,395,399,400,406,407,408,409,410,411,412,421,422,445,451,452,453,454,455,456,462,492,496,497,498,499,538,641,900,939,944,945,989,990,1027,1072,1073,1117,1125,1165,1167,1168,1169,1170,1209,1210,1211,1212,1213,1214,1215,1254,1255,1260,1298,1299,1343
132,132,259
1,2,3,4,5,6,7,8,9,10,11,13,18,19,20,21,22,23,24,25,26,27,28,29,30,32,34,46,47,48,49,50,51,52,53,54,55,57,58,62,63,64,67,68,69,70,71,72,73,74,76,77,78,79,81,82,91,92,93,94,95,96,97,98,99,100,101,102,103,104,106,111,112,113,114,115,116,117,118,119,120,121,122,123,124,136,137,138,139,140,141,142,143,144,145,146,147,148,156,157,158,159,161,162,163,164,165,166,167,168,169,181,182,183,184,186,187,188,189,190,192,196,198,201,204,207,208,209,211,212,214,222,223,224,226,227,228,229,230,231,232,233,235,242,243,252,255,256,257,258,259,260,261,262,271,272,273,274,275,276,277,278,279,286,287,299,300,301,302,303,304,305,306,307,308,309,310,311,316,317,318,319,320,321,322,323,332,346,351,354,355,356,357,361,362,363,364,365,366,367,368,399,400,401,406,407,408,409,410,411,412,417,422,445,451,452,453,454,455,456,496,497,498,499,501,900,939,944,945,988,989,990,1027,1031,1034,1035,1072,1073,1117,1125,1165,1166,1167,1168,1169,1170,1209,1210,1211,1212,1213,1214,1215,1254,1255,1260,1298,1299,1343
110,110,254
1,2,3,4,5,6,7,8,9,10,11,12,13,14,15,19,20,22,23,24,25,26,27,28,29,30,34,46,47,48,49,50,51,52,53,54,55,56,57,58,63,64,67,68,69,70,71,72,73,74,75,76,79,91,92,93,94,95,96,97,98,99,101,102,103,104,111,112,113,114,115,116,117,118,119,120,121,123,124,136,137,138,139,140,141,142,143,144,145,146,147,148,156,157,158,159,161,162,163,165,166,167,168,169,181,182,183,184,185,186,187,188,189,190,192,203,206,207,208,209,211,212,213,214,223,226,227,228,229,230,231,232,233,235,243,246,247,252,255,256,257,258,259,260,261,262,263,271,272,273,274,275,276,277,278,279,299,300,301,302,303,304,305,306,307,308,309,310,311,316,317,318,319,320,321,322,323,347,352,353,354,355,356,358,361,362,363,364,365,366,367,368,399,400,401,402,403,406,407,408,409,410,411,412,417,422,444,451,452,453,454,455,456,496,497,498,499,680,900,939,944,945,984,989,990,1027,1028,1033,1034,1035,1071,1072,1073,1125,1165,1166,1167,1168,1169,1170,1209,1210,1211,1212,1213,1214,1215,1254,1255,1256,1260,1298,1299,1343
117,117,239
1,2,3,4,5,6,7,9,10,11,12,13,15,19,20,22,23,24,25,26,27,28,29,30,47,48,49,50,51,52,53,54,55,56,57,58,59,63,64,67,68,69,70,71,73,78,79,91,92,93,94,96,97,98,99,101,102,103,104,112,113,114,115,116,117,118,119,120,121,122,123,124,136,137,138,139,140,141,142,143,144,145,146,147,148,156,157,158,159,161,162,163,164,165,166,181,182,183,184,185,186,187,188,189,190,191,192,201,204,207,208,209,210,211,212,213,214,226,227,228,229,230,231,232,233,235,236,255,256,257,258,259,260,261,262,263,264,271,272,273,274,275,276,277,279,287,300,301,302,303,304,305,306,307,308,309,310,311,316,317,318,319,320,321,322,323,346,347,351,354,355,356,357,358,361,362,363,364,365,366,367,399,400,401,402,406,407,408,409,410,411,412,417,422,445,446,451,452,453,454,455,456,462,466,497,498,499,900,939,944,945,989,990,1027,1033,1034,1071,1072,1073,1124,1125,1166,1167,1168,1169,1170,1209,1210,1211,1212,1213,1214,1215,1254,1255,1260,1298,1299,1343
53,53,246
2,3,4,5,6,7,8,10,11,12,13,19,22,23,24,25,26,27,28,46,48,49,50,51,52,53,54,55,56,57,58,59,67,68,69,70,71,79,91,92,93,94,95,96,97,98,99,100,101,102,103,104,111,112,113,114,115,116,117,118,119,120,121,122,123,124,136,137,139,140,141,142,143,144,145,146,147,148,156,157,158,159,161,162,163,164,165,166,169,181,182,183,185,186,187,188,190,192,201,202,203,204,206,207,208,209,210,211,212,213,214,226,227,228,230,231,232,233,234,235,246,247,252,254,255,256,257,258,259,260,261,262,263,264,271,272,273,274,275,276,277,278,279,299,300,301,302,303,304,305,306,307,308,309,310,311,316,317,318,319,320,321,322,323,347,348,349,351,352,353,354,355,356,357,358,359,361,362,363,364,365,366,367,380,397,398,399,400,401,402,406,407,408,409,410,411,412,422,443,444,452,453,454,456,462,496,497,498,499,507,900,939,940,944,945,989,990,1027,1033,1034,1035,1071,1072,1073,1114,1124,1125,1165,1166,1167,1168,1169,1170,1209,1210,1211,1212,1213,1214,1215,1254,1255,1260,1298,1299,1343
101,101,214
2,4,5,6,7,8,9,10,11,12,13,14,19,23,24,26,47,48,49,50,51,52,53,55,56,57,58,63,67,68,69,71,75,78,91,92,96,97,98,99,100,101,102,103,111,112,113,114,115,117,118,120,136,137,138,139,140,141,142,143,144,145,146,147,148,156,157,158,159,161,162,164,165,166,181,182,183,184,185,186,187,188,189,190,192,201,204,207,210,211,212,213,214,226,227,228,229,230,231,232,233,234,235,254,255,256,257,258,259,260,261,262,263,264,265,271,272,273,274,275,276,277,279,299,300,301,302,303,304,305,306,307,308,309,310,311,316,317,318,319,320,321,323,346,348,354,355,356,357,358,359,360,361,362,363,364,365,366,367,368,399,400,401,402,403,406,407,408,409,410,412,422,445,451,452,453,454,456,466,497,514,900,944,945,989,990,1027,1033,1034,1035,1072,1073,1124,1125,1166,1167,1168,1169,1170,1209,1210,1211,1212,1213,1214,1215,1254,1255,1256,1260,1276,1298,1299,1343
120,120,196
2,3,4,5,6,7,8,9,10,11,12,22,23,24,27,28,29,34,47,48,49,50,51,52,53,54,55,56,57,58,66,67,68,69,70,71,74,78,79,80,91,92,93,94,95,96,97,98,99,100,101,102,109,110,111,112,113,114,115,120,121,122,123,124,125,126,136,137,139,140,141,142,143,144,145,146,156,157,158,159,164,165,166,168,169,170,181,182,185,186,187,188,189,190,201,202,207,209,210,211,212,213,214,226,227,228,229,230,231,232,233,234,235,236,246,247,254,255,256,258,259,262,264,271,272,273,274,276,277,279,298,299,300,301,304,307,308,309,310,311,316,317,318,319,320,322,323,343,344,353,354,355,356,361,362,363,364,365,366,400,406,407,408,409,412,451,452,453,454,497,498,900,944,945,989,990,1027,1071,1072,1125,1166,1167,1168,1169,1170,1210,1211,1212,1214,1215,1254,1255,1260,1298,1299,1343
98,98,221
2,6,9,10,11,12,13,15,23,24,47,49,50,51,52,53,54,55,56,57,58,67,68,69,70,71,91,92,95,96,97,99,100,101,102,112,113,114,119,120,121,123,124,136,137,139,140,141,142,144,145,146,147,156,157,158,159,164,165,166,167,168,169,181,182,183,184,185,186,187,188,189,190,191,192,201,202,203,204,210,211,212,213,214,227,228,230,231,232,233,234,235,236,248,249,250,254,255,256,257,258,259,260,261,262,264,265,271,272,273,274,276,279,292,293,294,298,299,300,301,302,303,304,307,308,309,310,311,316,317,318,319,320,321,337,338,339,342,345,346,348,352,353,354,355,356,361,362,363,364,365,366,370,382,396,397,398,399,400,406,407,408,409,414,415,425,440,449,450,451,452,453,454,484,485,494,495,496,497,498,499,502,539,541,542,900,945,989,990,1027,1034,1035,1071,1072,1073,1115,1116,1122,1123,1124,1125,1166,1167,1168,1169,1170,1209,1210,1211,1212,1213,1214,1215,1254,1255,1256,1257,1260,1298,1299,1343
87,87,202
1,2,6,9,10,11,12,13,15,23,24,47,48,49,50,51,52,53,54,55,56,57,58,67,68,69,70,71,95,96,97,98,99,100,112,113,114,118,119,120,121,123,124,136,137,140,141,142,144,145,146,147,157,158,159,161,164,165,166,167,168,169,181,182,183,184,185,186,187,188,189,190,191,192,201,202,203,204,210,211,212,213,214,226,227,228,229,230,231,232,233,234,235,236,247,248,249,250,254,255,256,257,258,259,260,261,262,264,265,271,272,273,274,276,277,279,281,292,294,298,299,300,301,302,303,304,305,307,308,309,310,311,316,317,318,319,320,321,339,343,353,354,355,361,362,363,364,365,366,367,397,398,399,400,406,407,408,409,414,415,424,451,452,496,497,498,499,541,542,900,945,989,990,1027,1035,1071,1072,1080,1115,1116,1117,1123,1124,1125,1166,1167,1168,1169,1170,1209,1210,1211,1212,1214,1215,1254,1255,1256,1260,1298,1299,1343
80,80,216
1,6,10,11,12,13,14,15,23,24,47,50,51,52,53,55,56,57,58,67,68,69,70,71,95,96,97,99,100,101,102,112,113,114,115,119,120,121,136,137,140,141,142,144,145,146,147,157,158,159,164,165,166,167,168,169,181,182,183,184,185,186,187,188,189,190,191,192,201,202,203,204,209,210,211,212,213,214,215,226,227,229,230,231,232,234,235,236,247,248,249,254,255,256,257,258,259,260,261,262,264,265,266,271,272,273,274,276,279,281,292,293,294,297,298,299,300,301,302,303,304,308,309,310,311,316,317,318,319,320,321,322,333,337,338,339,343,347,348,351,352,353,354,355,356,361,362,363,364,365,366,370,382,383,396,397,398,399,400,406,407,408,409,410,414,415,451,452,453,454,455,496,497,498,499,530,541,542,590,900,945,989,990,1027,1034,1035,1071,1072,1073,1080,1115,1116,1117,1122,1123,1124,1125,1166,1167,1168,1169,1170,1209,1210,1211,1212,1213,1214,1215,1254,1255,1256,1260,1298,1299,1343
123,123,216
6,7,10,11,12,13,14,15,23,24,46,50,51,52,53,54,55,56,57,67,68,69,70,71,72,96,97,99,100,102,112,113,114,119,120,136,137,139,140,141,142,144,145,146,147,148,157,158,159,160,163,164,165,166,167,168,169,181,182,183,184,185,186,187,188,189,190,191,192,202,203,204,210,211,212,213,214,215,226,227,229,230,231,232,233,234,235,236,237,247,248,254,255,256,257,258,259,260,261,262,264,265,266,271,272,273,274,276,277,281,292,293,294,298,299,300,301,302,303,304,305,306,307,308,309,310,311,316,317,318,319,320,321,325,333,337,338,339,341,347,351,352,353,354,355,361,362,363,364,365,366,383,396,397,399,400,406,407,408,409,410,411,414,424,440,444,451,452,453,454,494,496,497,498,499,541,542,558,900,945,989,990,1026,1027,1034,1035,1071,1072,1080,1115,1116,1117,1122,1123,1124,1125,1158,1166,1167,1168,1169,1170,1209,1210,1211,1212,1214,1215,1254,1255,1256,1257,1260,1298,1299,1343
94,94,223
6,10,11,12,13,15,23,24,49,50,51,52,53,54,55,56,57,58,67,68,69,71,95,96,97,99,100,101,102,112,113,114,118,119,120,136,137,138,139,140,141,142,144,145,146,147,157,158,159,160,164,165,166,167,168,169,181,182,183,184,185,186,187,189,190,191,192,202,203,204,210,211,212,213,214,215,226,227,229,230,231,232,234,235,236,237,247,248,249,254,255,256,257,258,259,260,261,262,264,265,266,271,273,274,276,279,281,292,293,294,297,298,299,300,301,302,303,304,305,308,309,310,311,316,317,318,319,320,321,326,333,337,338,339,343,345,346,347,348,351,352,353,354,355,356,361,362,363,364,365,366,370,382,383,387,394,395,396,397,398,399,400,406,407,408,409,410,414,415,424,441,451,452,453,454,455,459,484,496,497,499,541,542,900,944,945,989,990,1026,1027,1028,1034,1035,1071,1072,1080,1115,1116,1117,1122,1123,1124,1125,1166,1167,1168,1169,1170,1209,1210,1211,1212,1213,1214,1215,1254,1255,1256,1257,1260,1298,1299,1343
53,53,220
6,7,10,11,12,13,14,23,24,46,51,52,53,55,56,57,67,68,70,71,96,97,99,100,101,102,112,113,114,118,119,120,136,137,139,140,141,142,144,145,146,147,148,157,158,159,160,162,164,166,167,168,169,181,182,183,184,185,186,187,188,189,190,192,202,204,210,211,212,213,214,215,226,227,229,230,231,232,233,234,235,236,237,248,249,253,254,255,256,257,258,259,260,261,262,264,265,266,271,273,274,276,279,281,292,293,294,297,298,299,300,301,302,303,304,305,306,307,308,309,310,311,316,317,318,319,320,321,326,333,337,338,339,346,347,348,351,352,353,354,355,356,361,362,363,364,365,366,370,378,382,383,393,396,397,398,399,400,406,407,408,409,414,424,438,443,444,451,452,453,454,459,496,497,498,499,541,542,900,944,945,982,989,990,1026,1027,1034,1035,1071,1072,1073,1080,1115,1116,1117,1121,1122,1123,1124,1125,1166,1167,1168,1169,1170,1208,1209,1210,1211,1212,1213,1214,1215,1254,1255,1256,1260,1298,1299,1343
132,132,233
6,10,11,12,13,15,23,24,25,50,51,52,54,55,57,59,67,68,71,94,95,96,97,99,100,101,102,103,112,113,114,118,119,120,124,136,137,138,140,141,144,145,146,147,157,158,159,160,161,162,163,164,166,167,168,169,181,182,183,184,185,186,187,189,190,191,192,202,203,210,211,212,213,214,215,226,227,228,229,230,231,234,235,236,237,247,248,249,253,254,255,256,257,258,259,260,261,262,264,265,266,271,273,274,275,276,279,281,292,293,294,297,298,299,300,301,302,303,304,305,307,308,309,310,311,316,317,318,319,320,321,325,326,333,337,338,339,340,342,344,345,346,348,349,350,351,352,353,354,355,361,362,363,365,370,371,378,382,383,388,389,390,394,395,396,397,398,399,406,407,408,409,414,415,424,440,441,444,451,452,453,454,459,483,496,497,498,541,542,900,944,945,983,989,990,1026,1027,1028,1034,1035,1071,1072,1080,1115,1116,1117,1121,1122,1123,1124,1125,1165,1166,1167,1168,1169,1170,1209,1210,1211,1212,1213,1214,1215,1254,1255,1256,1257,1260,1298,1299,1305,1343
132,132,233
6,7,10,11,13,14,15,23,25,46,49,50,51,52,57,63,67,68,71,91,95,96,100,101,102,103,108,112,113,117,118,119,120,124,136,138,139,140,141,144,145,146,147,157,158,159,160,161,162,163,164,166,167,168,169,181,182,183,184,185,186,187,188,189,190,191,192,201,202,203,204,205,206,210,211,212,213,214,215,226,227,228,229,230,231,232,233,234,235,236,248,249,250,253,254,255,256,257,258,259,260,261,262,264,265,266,267,271,272,273,274,275,276,279,281,292,294,297,298,300,301,302,303,304,305,306,307,308,309,310,311,316,317,318,319,320,325,326,333,337,338,341,342,344,345,347,348,350,351,352,353,354,355,361,362,363,364,365,370,378,382,383,392,393,394,396,398,399,400,401,406,407,408,409,414,423,424,439,443,451,452,453,454,459,496,497,541,597,900,944,945,983,989,990,1026,1027,1028,1034,1035,1071,1072,1073,1080,1115,1116,1117,1121,1122,1123,1124,1125,1158,1165,1166,1167,1168,1169,1170,1209,1210,1211,1212,1214,1215,1254,1255,1256,1257,1260,1298,1299,1343,1344
57,57,216
1,6,9,10,23,24,25,46,48,49,50,51,52,53,54,55,67,68,70,71,91,94,95,96,97,98,99,100,101,102,112,113,118,119,120,121,122,138,139,140,141,142,143,144,145,153,154,155,156,157,158,159,160,161,162,163,164,166,167,181,183,184,185,186,187,188,189,190,192,197,198,199,200,201,202,203,204,205,206,207,208,210,211,215,226,228,229,230,231,233,234,236,242,243,247,248,249,251,252,253,255,258,259,260,261,262,265,271,272,273,274,275,276,278,279,281,291,293,294,296,297,298,303,304,305,306,309,310,316,317,318,319,320,321,322,326,338,339,340,341,342,345,349,352,353,354,355,361,362,363,364,365,370,371,378,382,383,385,386,387,397,398,399,406,407,408,422,424,425,430,451,452,496,497,541,542,900,944,945,983,989,990,1026,1027,1028,1034,1035,1071,1072,1073,1076,1079,1115,1116,1117,1123,1125,1166,1167,1168,1169,1170,1209,1210,1211,1212,1214,1215,1254,1255,1256,1260,1298,1299,1343,1344
76,76,251
4,5,6,7,10,11,12,13,14,23,24,48,49,50,51,54,55,56,58,67,68,69,70,92,93,94,99,100,101,102,112,113,114,115,117,118,119,120,122,123,137,139,140,143,144,145,146,148,153,156,157,158,160,165,166,167,169,181,182,183,184,185,186,187,188,189,190,191,192,201,202,203,204,205,209,210,211,212,213,214,226,227,232,233,234,235,236,237,246,247,248,249,253,254,255,256,257,258,259,260,261,262,263,264,265,271,272,273,274,277,278,279,281,291,292,293,294,295,297,298,299,300,301,302,303,304,305,306,307,309,316,317,318,319,323,324,325,326,333,335,336,337,338,341,342,343,344,345,346,347,349,350,351,353,361,362,363,364,368,370,378,379,380,381,382,383,384,385,386,387,388,389,390,391,393,394,395,396,397,398,406,407,408,414,415,423,424,425,427,430,436,439,440,442,447,451,452,469,470,491,496,497,513,514,536,537,547,572,573,586,590,616,944,945,989,990,1035,1080,1115,1116,1123,1124,1125,1159,1165,1166,1167,1168,1169,1170,1209,1210,1211,1212,1213,1214,1215,1254,1255,1256,1257,1258,1259,1260,1293,1298,1299,1300,1301,1305,1343
128,128,258
1,2,4,5,6,10,11,12,14,23,24,46,48,49,50,51,53,54,55,56,67,68,69,70,91,92,93,94,95,96,97,99,100,101,102,112,113,114,115,117,118,119,120,121,122,123,136,137,138,139,140,141,143,144,145,146,147,153,156,157,158,160,162,164,165,166,167,168,181,182,183,184,185,186,188,189,190,191,192,198,201,202,203,204,206,209,210,211,212,213,214,216,226,227,228,229,231,233,234,236,237,243,246,247,248,249,252,253,254,255,256,257,258,259,260,261,262,263,264,265,271,272,273,274,275,278,279,281,291,292,293,294,296,297,298,299,300,301,302,303,304,305,306,308,309,310,316,317,318,319,322,323,325,326,335,336,337,338,339,341,342,343,344,345,346,348,349,350,351,352,353,361,362,363,364,365,369,370,378,379,380,381,382,384,385,386,387,388,389,390,393,395,396,397,398,406,408,415,423,424,425,428,429,430,431,439,440,442,451,452,468,469,470,491,513,514,586,590,617,944,945,989,990,1034,1035,1072,1073,1080,1116,1117,1125,1159,1160,1165,1166,1167,1168,1170,1209,1210,1211,1212,1213,1214,1215,1254,1255,1256,1257,1258,1259,1260,1298,1299,1300,1305,1343,1344
59,59,267
1,2,4,6,7,10,11,12,13,14,23,24,46,47,48,49,55,56,67,68,69,70,91,92,93,94,99,100,101,108,111,112,113,114,115,116,118,119,120,121,122,123,136,137,138,139,140,144,145,146,153,154,156,157,158,159,162,163,164,165,166,167,169,177,178,179,181,182,183,184,185,187,188,189,190,191,192,198,200,201,202,203,204,205,206,209,210,211,212,213,214,216,221,222,223,226,228,229,230,232,233,234,236,246,247,248,249,253,254,255,256,257,258,259,260,261,262,263,264,265,271,272,273,274,277,278,279,281,291,292,293,294,296,297,298,299,300,301,302,303,304,305,306,307,309,316,317,318,319,323,325,326,333,335,336,337,338,339,340,341,342,343,344,345,346,347,348,349,350,351,353,361,362,363,364,368,369,370,378,379,380,381,382,383,384,386,387,388,389,390,391,393,394,395,396,397,398,406,407,408,423,424,425,427,428,430,431,432,435,440,451,452,469,496,497,509,513,514,547,586,590,944,945,989,990,1034,1035,1079,1080,1115,1116,1117,1119,1121,1123,1124,1125,1160,1163,1164,1165,1166,1167,1168,1169,1170,1209,1210,1211,1212,1213,1214,1215,1254,1255,1256,1257,1258,1259,1260,1293,1298,1299,1300,1301,1305,1343
58,58,288
1,2,4,6,9,10,11,13,14,21,23,24,25,27,30,31,46,47,48,49,50,51,54,55,57,67,68,69,70,72,73,74,91,92,93,94,97,99,100,108,111,112,113,114,115,116,117,118,119,120,121,122,123,129,132,133,134,135,136,137,138,139,140,143,144,145,153,156,157,158,159,160,161,162,164,165,166,167,170,173,174,176,177,178,179,181,182,183,184,185,186,188,189,190,191,192,197,198,200,201,202,203,204,205,206,208,209,210,211,212,213,214,215,216,219,221,222,223,224,226,227,228,229,230,231,233,234,236,242,243,246,247,248,249,250,253,254,255,256,257,258,259,260,261,262,263,264,265,271,272,273,274,278,279,281,291,292,293,294,295,296,297,298,299,300,301,302,303,304,305,306,307,308,309,316,317,318,319,320,322,323,325,326,335,336,337,338,339,340,341,342,343,344,345,346,347,348,349,350,351,352,361,362,363,369,370,378,379,380,381,384,386,387,388,389,390,391,393,394,395,396,397,398,406,407,408,415,423,424,425,428,430,431,432,438,443,451,468,469,513,514,590,944,945,988,989,990,1034,1035,1071,1072,1073,1079,1115,1116,1117,1123,1125,1159,1160,1164,1165,1166,1167,1168,1169,1170,1209,1210,1211,1212,1213,1214,1215,1254,1255,1256,1257,1258,1259,1260,1293,1298,1299,1300,1305,1343,1344
128,128,287
1,2,7,12,21,23,24,25,26,28,29,30,31,32,33,34,37,38,44,45,47,48,49,55,67,68,69,70,71,72,73,74,75,76,77,78,81,83,88,89,90,91,92,93,94,99,100,108,112,113,114,115,116,117,118,119,120,121,122,123,127,128,129,130,131,132,133,134,135,136,138,139,140,144,145,153,156,157,158,160,161,162,163,164,165,166,167,169,170,172,173,174,175,176,177,178,179,180,181,182,183,184,188,189,190,191,197,198,201,202,203,204,205,208,209,210,211,212,213,214,215,216,218,219,220,221,222,223,224,225,226,227,228,229,232,233,234,236,242,243,246,247,248,249,250,253,254,255,256,257,258,259,260,261,262,263,264,265,266,272,273,274,277,279,281,291,292,293,294,295,297,298,299,300,301,302,303,304,305,306,307,316,317,318,319,325,326,333,334,335,336,338,339,340,341,342,343,344,345,346,347,349,350,351,352,353,361,363,370,378,379,380,381,384,385,387,388,389,390,391,393,394,395,396,397,398,406,407,414,423,424,425,427,429,431,432,433,434,440,442,451,469,513,514,573,590,944,945,988,989,990,1034,1035,1072,1073,1115,1116,1123,1125,1159,1160,1164,1165,1166,1167,1169,1170,1209,1210,1211,1212,1213,1214,1215,1254,1255,1256,1257,1258,1259,1260,1293,1298,1299,1300,1305,1343
121,121,325
12,13,14,20,21,23,24,25,26,27,28,29,30,31,32,33,34,35,36,37,38,39,40,41,42,43,44,45,48,54,63,67,68,69,70,71,72,73,74,75,76,77,78,79,80,81,82,83,84,85,86,87,88,89,90,94,99,100,108,111,112,113,114,115,116,117,118,119,120,121,122,123,124,126,127,128,129,130,131,132,133,134,135,136,137,139,140,144,145,152,153,156,157,158,160,162,164,165,166,167,168,169,170,171,172,173,174,175,176,177,178,179,180,188,189,190,191,197,198,199,201,202,203,204,209,210,211,212,213,214,215,216,217,218,219,220,221,222,223,224,225,226,228,230,233,234,236,241,242,243,246,247,248,249,253,254,255,256,257,258,259,260,261,262,263,264,265,266,267,268,269,270,271,272,273,278,279,281,287,288,289,290,291,292,293,294,297,298,299,300,301,302,303,304,305,306,307,308,309,310,311,312,314,315,316,317,318,319,322,324,325,326,333,335,336,337,338,339,340,342,343,344,345,346,348,349,350,351,352,353,356,359,360,361,363,369,370,378,379,380,381,387,388,389,390,393,395,396,397,398,404,405,406,415,423,424,425,428,432,433,434,440,441,442,443,449,450,468,469,494,495,512,513,514,539,572,900,943,944,945,988,989,990,1028,1033,1034,1035,1071,1072,1073,1079,1115,1116,1117,1121,1122,1123,1124,1125,1159,1160,1165,1166,1167,1168,1169,1170,1209,1210,1211,1212,1213,1214,1215,1254,1255,1256,1257,1258,1259,1260,1298,1299,1300,1343
73,73,348
12,13,21,23,24,25,26,27,28,29,30,31,32,33,34,35,36,37,38,39,40,41,42,43,44,45,62,67,68,69,70,71,72,73,74,75,76,77,78,79,80,81,82,83,84,85,86,87,88,89,90,99,108,111,112,113,114,115,116,117,118,119,120,121,122,123,124,125,126,127,128,129,130,131,132,133,134,135,144,152,153,157,164,165,166,167,168,169,170,171,172,173,174,175,176,177,178,179,180,189,190,198,201,202,209,210,211,212,213,214,215,216,217,218,219,220,221,222,223,224,225,233,234,236,246,247,254,255,256,257,258,259,260,261,262,263,264,265,266,267,268,269,270,279,281,288,289,290,291,292,293,294,298,299,300,301,302,303,304,305,306,307,308,309,310,311,312,313,314,315,319,325,326,334,335,336,337,338,339,343,344,345,346,347,348,349,350,351,352,353,354,355,356,357,358,359,360,370,378,379,380,381,382,383,389,390,391,392,393,394,395,396,397,398,399,400,401,402,403,404,405,415,423,424,425,434,440,441,442,443,444,445,446,447,448,449,450,469,485,486,489,490,491,492,493,494,495,514,535,536,537,538,539,540,573,580,581,582,583,584,585,626,627,628,629,630,673,674,675,718,719,720,763,764,765,807,808,809,810,852,853,854,855,897,898,899,900,939,941,942,943,944,945,987,988,989,990,1028,1032,1033,1034,1035,1071,1072,1073,1078,1079,1080,1115,1116,1117,1118,1121,1122,1123,1124,1125,1159,1165,1166,1167,1168,1169,1170,1209,1210,1211,1212,1213,1214,1215,1254,1255,1256,1257,1258,1259,1260,1298,1299,1300,1301,1302,1305,1343,1344,1346,1347
74,74,361
23,25,26,27,28,29,30,31,32,33,34,35,36,37,38,39,40,41,42,43,44,45,67,68,69,70,71,72,73,74,75,76,77,78,79,80,81,82,83,84,85,86,87,88,89,90,117,118,119,120,121,122,123,124,125,126,127,128,129,130,131,132,133,134,135,157,164,165,166,167,168,169,170,171,172,173,174,175,176,177,178,179,180,209,210,211,212,213,214,215,216,217,218,219,220,221,222,223,224,225,254,255,256,257,258,259,260,261,262,263,264,265,266,267,268,269,270,291,300,301,302,303,304,305,306,307,308,309,310,311,312,313,314,315,336,347,348,349,350,351,352,353,354,355,356,357,358,359,360,379,380,381,391,393,394,395,396,397,398,399,400,401,402,403,404,405,424,425,439,440,441,442,443,444,445,446,447,448,449,450,484,485,486,487,488,489,490,491,492,493,494,495,531,532,533,534,535,536,537,538,539,540,576,577,578,579,580,581,582,583,584,585,622,623,624,625,626,627,628,629,630,666,667,668,669,670,671,672,673,674,675,711,713,714,715,716,717,718,719,720,757,758,759,760,761,762,763,764,765,802,803,804,805,806,807,808,809,810,848,849,850,851,852,853,854,855,892,893,894,895,896,897,898,899,900,937,938,939,940,941,942,943,944,945,983,984,985,986,987,988,989,990,1026,1027,1028,1029,1030,1031,1032,1033,1034,1035,1071,1072,1073,1074,1075,1076,1077,1078,1079,1080,1115,1116,1117,1118,1119,1120,1121,1122,1123,1124,1125,1159,1165,1166,1167,1168,1169,1170,1209,1210,1211,1212,1213,1214,1215,1230,1254,1255,1256,1257,1258,1259,1260,1298,1299,1300,1301,1302,1303,1304,1305,1343,1344,1345,1346,1347,1348,1349,1350
85,85,398
23,24,25,26,27,28,29,30,31,32,33,34,35,36,37,38,39,40,41,42,43,44,45,69,70,71,72,73,74,75,76,77,78,79,80,81,82,83,84,85,86,87,88,89,90,115,116,117,118,119,120,121,122,123,124,125,126,127,128,129,130,131,132,133,134,135,161,162,163,164,165,166,167,168,169,170,171,172,173,174,175,176,177,178,179,180,207,208,210,211,212,213,214,215,216,217,218,219,220,221,222,223,224,225,253,255,256,257,258,259,260,261,262,263,264,265,266,267,268,269,270,291,301,302,303,304,305,306,307,308,309,310,311,312,313,314,315,336,346,347,348,349,350,351,352,353,354,355,356,357,358,359,360,391,392,393,394,395,396,397,398,399,400,401,402,403,404,405,436,437,438,439,440,441,442,443,444,445,446,447,448,449,450,481,482,483,484,485,486,487,488,489,490,491,492,493,494,495,527,528,529,530,531,532,533,534,535,536,537,538,539,540,573,574,575,576,577,578,579,580,581,582,583,584,585,618,619,620,621,622,623,624,625,626,627,628,629,630,665,666,667,668,669,670,671,672,673,674,675,710,711,712,713,714,715,716,717,718,719,720,755,756,757,758,759,760,761,762,763,764,765,800,801,802,803,804,805,806,807,808,809,810,845,846,847,848,849,850,851,852,853,854,855,891,892,893,894,895,896,897,898,899,900,936,937,938,939,940,941,942,943,944,945,981,982,983,984,985,986,987,988,989,990,1026,1027,1028,1029,1030,1031,1032,1033,1034,1035,1071,1072,1073,1074,1075,1076,1077,1078,1079,1080,1114,1115,1116,1117,1118,1119,1120,1121,1122,1123,1124,1125,1159,1160,1161,1163,1164,1165,1166,1167,1168,1169,1170,1205,1209,1210,1211,1212,1213,1214,1215,1216,1253,1254,1255,1256,1257,1258,1259,1260,1298,1299,1300,1301,1302,1303,1304,1305,1343,1345,1346,1347,1348,1349,1350
61,61,473
19,20,21,22,23,24,25,26,27,28,29,30,31,32,33,34,35,36,37,65,66,67,68,69,70,71,72,73,74,75,76,77,78,79,80,81,82,83,84,110,111,112,113,114,115,116,117,118,119,120,121,122,123,124,125,126,127,128,154,155,157,158,159,160,161,162,163,164,165,166,167,168,169,170,171,172,173,174,201,202,203,204,205,206,207,208,209,210,211,212,213,214,215,216,217,218,219,222,223,246,248,249,250,251,253,254,255,256,257,258,259,260,261,262,263,264,265,266,291,296,297,298,299,300,301,302,303,304,305,306,309,333,334,335,336,340,341,342,343,344,345,346,347,348,349,350,351,352,353,354,355,356,378,379,380,381,386,387,388,389,390,391,392,393,394,395,396,397,398,399,400,401,402,423,424,425,426,431,432,433,434,435,436,437,438,439,440,441,477,478,479,480,481,482,483,484,485,486,487,490,514,524,525,526,527,528,529,530,531,532,534,535,568,569,570,571,572,573,574,575,576,577,578,579,580,585,613,614,615,616,617,618,619,620,621,622,623,624,630,655,659,660,661,662,663,664,665,666,667,668,669,705,706,707,708,709,710,711,712,713,714,749,750,751,752,753,754,755,756,757,758,759,793,794,795,796,797,798,799,800,801,802,803,804,807,808,809,810,837,838,839,840,841,842,843,844,845,846,847,848,849,850,851,852,853,854,855,882,883,884,885,886,887,888,889,890,891,892,893,894,895,896,897,898,899,900,927,928,930,931,932,933,934,935,936,937,938,939,940,941,942,943,944,945,976,977,978,979,980,981,982,983,984,985,986,987,988,989,990,1021,1022,1023,1024,1025,1026,1027,1028,1029,1030,1031,1032,1033,1034,1035,1066,1067,1068,1069,1070,1071,1072,1073,1074,1075,1076,1077,1078,1079,1080,1107,1112,1113,1114,1115,1116,1117,1118,1119,1120,1121,1122,1123,1124,1125,1157,1158,1159,1160,1161,1162,1163,1164,1165,1166,1167,1168,1169,1170,1202,1203,1204,1205,1206,1207,1208,1209,1210,1211,1212,1213,1214,1215,1247,1248,1249,1250,1251,1252,1253,1254,1255,1256,1257,1258,1259,1260,1292,1293,1294,1295,1296,1297,1298,1299,1300,1301,1302,1303,1304,1305,1336,1339,1340,1341,1342,1343,1344,1345,1346,1347,1348,1349,1350
134,134,509
7,8,9,11,12,13,14,15,16,17,18,20,21,22,23,24,25,26,48,53,54,58,59,60,61,62,63,64,65,66,67,68,69,70,71,72,99,100,101,102,103,104,105,107,108,109,110,111,112,113,114,115,116,117,143,144,145,146,147,148,149,150,151,153,154,155,156,157,158,159,160,161,162,163,166,188,189,190,191,192,193,194,198,199,200,201,202,203,204,205,206,207,208,209,210,211,232,234,235,236,243,244,245,246,247,248,249,250,251,252,253,254,255,256,278,279,280,281,288,289,290,291,292,293,294,295,296,297,298,299,326,329,330,331,333,334,335,336,337,338,339,340,341,342,343,344,345,346,370,376,377,378,379,380,381,382,383,384,385,386,387,388,389,390,417,418,419,421,422,423,424,425,426,427,428,429,430,431,432,433,434,435,436,463,464,465,466,467,468,469,470,471,472,474,475,476,477,478,479,480,481,509,510,511,512,513,514,515,516,518,519,520,521,522,523,524,525,526,554,555,556,557,558,559,560,561,562,563,564,568,570,571,599,601,602,603,604,605,606,607,608,609,610,613,614,615,616,617,646,647,648,649,650,651,652,654,655,657,660,661,691,692,693,694,695,696,697,698,699,700,701,702,704,705,706,707,738,739,740,741,742,743,744,745,746,747,748,749,750,751,784,785,786,787,788,789,790,791,792,793,794,795,831,832,833,834,835,836,837,838,839,842,843,877,878,879,880,881,882,883,884,885,887,888,889,890,921,922,923,924,925,926,927,928,929,930,931,932,933,934,935,936,967,968,969,970,971,972,973,974,975,976,977,978,979,980,981,982,987,989,990,1012,1013,1014,1015,1016,1017,1018,1019,1020,1021,1022,1023,1024,1025,1026,1027,1028,1034,1058,1059,1060,1061,1062,1063,1064,1065,1066,1067,1068,1069,1070,1071,1072,1073,1102,1103,1104,1105,1106,1107,1108,1109,1110,1111,1112,1113,1114,1115,1116,1117,1118,1148,1149,1150,1151,1152,1153,1154,1155,1156,1157,1158,1159,1160,1161,1162,1163,1164,1165,1170,1193,1194,1195,1196,1197,1198,1199,1200,1201,1202,1203,1204,1205,1206,1207,1208,1209,1210,1211,1212,1213,1214,1215,1239,1241,1242,1243,1244,1245,1246,1247,1248,1249,1250,1251,1252,1253,1254,1255,1256,1257,1258,1259,1260,1284,1286,1287,1288,1289,1290,1291,1292,1293,1294,1295,1296,1297,1298,1299,1300,1301,1302,1331,1332,1333,1334,1335,1336,1337,1338,1339,1340,1341,1342,1343,1344,1345,1346
75,75,429
2,3,5,6,7,8,9,10,12,13,47,48,49,50,51,52,53,54,55,56,57,58,93,94,95,96,97,98,99,100,101,102,103,104,137,138,139,140,141,142,143,144,145,146,147,148,149,150,182,183,184,185,186,187,188,189,190,191,192,193,194,195,226,228,229,230,231,232,233,234,235,236,237,238,239,241,274,275,276,277,278,279,280,281,282,283,286,289,290,291,319,320,321,322,323,324,325,326,327,328,331,332,333,334,335,364,365,366,367,368,369,370,371,372,373,374,375,376,377,378,379,380,381,410,411,412,413,414,415,416,417,419,420,421,422,423,424,425,426,455,456,457,458,459,460,461,462,463,464,465,466,467,468,469,499,500,501,502,503,504,505,506,507,508,509,510,511,512,513,514,545,546,547,548,549,550,551,552,553,554,555,556,557,558,590,591,592,593,594,595,596,597,598,599,600,601,602,603,635,636,637,638,639,640,641,642,643,644,645,646,647,681,682,683,684,685,686,687,688,689,690,691,692,693,726,727,728,729,730,731,732,733,734,735,736,737,771,772,773,774,775,776,777,778,779,780,781,816,818,819,820,821,822,823,824,825,826,863,864,865,866,867,868,869,870,871,872,908,909,910,911,912,913,914,915,916,917,954,955,956,957,958,959,960,961,962,963,999,1000,1001,1002,1003,1004,1005,1006,1007,1008,1010,1013,1044,1045,1046,1047,1048,1049,1050,1051,1052,1053,1054,1055,1057,1058,1059,1062,1090,1091,1092,1093,1094,1095,1096,1097,1098,1099,1100,1101,1102,1103,1104,1105,1106,1107,1135,1136,1137,1138,1139,1140,1141,1142,1144,1145,1146,1147,1148,1149,1151,1158,1159,1179,1180,1181,1182,1183,1184,1185,1186,1189,1190,1191,1192,1193,1194,1195,1204,1223,1224,1225,1226,1227,1228,1229,1230,1231,1232,1233,1234,1235,1236,1237,1238,1239,1240,1248,1249,1268,1269,1270,1271,1272,1273,1274,1275,1276,1277,1278,1279,1280,1281,1282,1283,1285,1287,1290,1291,1293,1294,1314,1316,1317,1318,1319,1320,1321,1322,1323,1324,1325,1326,1327,1328,1329,1330,1331,1334,1335,1336,1337
125,125,317
1,2,3,7,8,46,47,48,53,54,91,92,93,94,99,136,137,138,139,140,142,144,145,181,182,183,184,185,186,188,189,190,226,227,228,229,230,231,232,233,234,235,236,271,272,273,274,275,276,277,278,279,280,281,286,316,317,318,319,320,321,323,324,325,326,361,362,363,364,365,366,367,368,369,370,371,406,407,408,409,410,411,412,413,414,415,451,452,453,454,455,456,457,458,459,460,496,497,498,499,500,501,502,503,504,505,541,542,543,544,545,546,547,548,549,550,554,586,587,588,589,590,591,592,593,594,595,631,632,633,634,635,636,637,638,676,677,678,679,680,681,682,683,721,722,723,724,725,726,727,766,767,768,769,770,771,772,773,811,812,813,814,815,816,817,818,823,856,857,858,859,860,861,862,863,865,866,867,868,869,901,902,903,904,905,906,907,910,911,912,913,946,947,948,949,950,951,952,955,956,957,958,991,992,993,994,995,996,997,999,1000,1001,1002,1003,1004,1036,1037,1038,1039,1040,1041,1042,1043,1044,1045,1046,1047,1048,1049,1081,1082,1083,1084,1085,1086,1087,1088,1089,1090,1091,1092,1093,1094,1126,1127,1128,1129,1130,1131,1132,1133,1134,1135,1136,1137,1138,1139,1171,1172,1173,1174,1175,1176,1177,1178,1179,1180,1181,1182,1183,1184,1216,1217,1218,1219,1220,1221,1222,1223,1224,1225,1226,1227,1228,1229,1261,1262,1263,1264,1265,1266,1267,1268,1269,1270,1271,1272,1273,1274,1306,1307,1308,1309,1310,1311,1312,1313,1314,1315,1316,1317,1318,1319,1320,1321,1322,1323
58,58,281
7,8,23,48,53,54,55,56,67,99,100,111,112,138,144,145,146,155,156,157,184,185,188,189,190,191,200,201,226,227,228,229,230,231,233,234,235,236,245,246,247,271,272,273,274,275,276,278,279,280,281,290,291,316,317,318,319,321,323,324,325,326,333,334,335,336,361,362,368,370,371,377,378,379,380,381,406,407,411,422,423,424,425,426,451,452,453,457,467,468,469,470,496,497,498,499,513,514,541,542,543,544,545,586,587,588,589,590,592,631,632,633,634,635,636,676,677,678,679,680,721,722,723,724,725,726,766,767,768,769,770,811,812,813,815,856,857,858,859,861,901,902,903,904,905,906,910,911,912,943,944,945,946,947,948,949,950,951,955,956,989,990,991,992,993,994,995,996,997,999,1000,1001,1034,1035,1036,1037,1038,1039,1040,1041,1042,1043,1044,1045,1046,1069,1071,1072,1081,1082,1083,1084,1085,1086,1087,1088,1089,1090,1091,1093,1107,1114,1115,1116,1117,1125,1126,1127,1128,1129,1130,1131,1132,1133,1134,1135,1136,1159,1160,1161,1171,1172,1173,1174,1175,1176,1177,1178,1179,1180,1181,1182,1204,1205,1216,1217,1218,1219,1220,1221,1222,1223,1224,1225,1226,1227,1228,1248,1249,1250,1254,1261,1262,1263,1264,1265,1266,1267,1268,1269,1270,1271,1272,1273,1293,1294,1306,1307,1308,1309,1310,1311,1312,1313,1314,1315,1316,1317,1318,1336,1337
39,39,242
1,6,7,8,11,12,13,21,22,23,24,25,28,34,46,47,54,55,56,66,67,68,69,71,72,73,74,75,92,93,98,99,100,101,111,112,113,117,118,119,137,138,143,144,145,146,153,155,156,157,162,164,170,171,181,182,183,184,186,188,189,190,191,192,198,200,201,202,204,211,212,213,214,215,216,223,226,227,228,229,230,232,233,234,235,236,237,245,246,247,254,257,258,259,260,262,271,272,273,274,275,276,277,278,279,280,281,282,290,291,292,316,317,318,319,320,321,322,323,324,325,326,327,332,333,334,335,336,343,344,361,362,363,364,368,369,370,371,377,378,379,380,381,388,406,407,413,414,415,422,423,424,425,426,451,452,457,458,466,467,468,469,470,502,512,513,514,548,899,910,911,943,944,945,955,956,988,989,990,1000,1001,1027,1028,1033,1034,1035,1062,1069,1070,1071,1072,1073,1080,1090,1107,1113,1114,1115,1116,1117,1118,1124,1125,1158,1159,1160,1161,1162,1170,1203,1204,1205,1206,1209,1210,1211,1215,1223,1227,1247,1248,1249,1250,1253,1254,1255,1260,1268,1269,1291,1292,1293,1294,1297,1298,1299,1313,1336,1337,1338,1342,1343
119,119,200
2,7,8,9,21,22,23,24,27,34,47,48,53,54,55,56,66,67,68,69,72,74,75,98,99,100,101,110,111,112,113,117,118,119,137,143,144,145,146,153,155,156,157,162,168,169,170,171,183,184,185,188,189,190,191,192,198,200,201,202,211,212,213,214,215,216,226,227,228,229,230,231,233,234,235,236,237,245,246,247,258,260,261,271,272,273,274,276,278,279,280,281,282,290,291,292,296,316,317,318,320,321,323,324,325,326,327,332,333,334,335,336,343,361,362,365,368,370,371,377,378,379,380,381,388,406,407,411,413,422,423,424,425,426,457,458,466,467,468,469,470,513,514,900,942,943,944,945,955,956,988,989,990,1000,1033,1034,1035,1069,1070,1071,1072,1073,1080,1107,1114,1115,1116,1117,1118,1124,1125,1158,1159,1160,1161,1170,1204,1205,1206,1209,1210,1247,1248,1249,1250,1253,1254,1255,1260,1292,1293,1294,1297,1298,1299,1336,1337,1338,1342,1343
129,129,191
7,8,11,12,20,21,22,23,24,28,34,47,54,55,56,66,67,68,69,74,75,78,98,99,100,101,111,112,113,117,118,143,144,145,146,153,155,156,157,164,166,168,169,171,181,182,183,188,189,190,191,192,198,200,201,202,210,211,212,213,214,215,216,227,229,231,232,233,234,235,236,237,245,246,247,259,260,262,271,272,273,276,277,278,279,280,281,282,290,291,292,296,316,317,318,319,320,324,325,326,327,332,333,334,335,336,337,361,362,368,370,371,377,378,379,380,381,406,407,422,423,424,425,426,451,457,458,467,468,469,470,502,513,514,943,944,945,955,956,988,989,990,1000,1033,1034,1035,1069,1070,1071,1072,1073,1080,1107,1113,1114,1115,1116,1117,1118,1125,1158,1159,1160,1161,1162,1170,1203,1204,1205,1206,1209,1210,1211,1248,1249,1250,1252,1253,1254,1255,1260,1292,1293,1294,1297,1298,1299,1337,1338,1342,1343
64,64,141
7,8,21,23,24,48,56,66,67,68,75,92,111,112,118,144,145,146,153,155,156,157,164,166,181,182,189,190,191,192,198,200,201,211,212,213,214,215,216,226,227,228,230,231,234,235,236,245,246,247,260,271,272,273,274,275,279,280,281,290,291,292,296,316,317,318,324,325,326,332,333,334,335,336,361,362,370,377,378,379,380,381,406,422,423,424,425,426,466,467,468,469,470,513,514,943,944,945,988,989,990,1033,1034,1035,1069,1070,1071,1072,1073,1080,1107,1114,1115,1116,1117,1118,1125,1158,1159,1160,1161,1170,1204,1205,1206,1209,1210,1248,1249,1250,1253,1254,1255,1292,1293,1294,1297,1298,1299,1337,1338
27,27,167
6,7,8,20,21,23,28,47,53,67,69,71,72,73,74,75,97,110,111,112,113,118,127,143,153,155,156,157,164,165,168,186,187,188,189,190,192,198,200,201,202,210,211,212,213,214,215,216,217,226,227,228,229,231,232,233,234,236,245,246,247,258,260,262,271,272,273,274,277,278,281,289,290,291,292,296,317,318,319,320,321,322,326,332,333,334,335,336,363,364,365,366,367,371,377,378,379,380,381,410,411,412,421,422,423,424,425,426,451,466,467,468,469,470,471,499,511,512,513,939,943,944,945,955,988,989,990,1025,1026,1027,1028,1033,1034,1035,1069,1070,1071,1072,1073,1079,1080,1107,1114,1115,1116,1117,1124,1125,1158,1159,1160,1161,1170,1204,1205,1206,1215,1248,1249,1250,1260,1292,1293,1294,1297,1298,1342
38,38,145
2,6,7,8,20,21,23,24,28,66,67,68,69,73,74,75,108,110,111,112,113,117,118,119,127,143,145,146,153,155,156,157,166,168,187,188,189,190,191,198,200,201,210,211,212,213,214,216,217,227,231,232,233,234,235,236,245,246,247,258,259,273,277,281,290,291,292,296,318,319,320,326,332,333,334,335,336,362,363,364,365,366,371,377,378,379,380,381,412,421,422,423,424,425,426,466,467,468,469,470,510,513,943,944,945,988,989,990,1025,1027,1028,1033,1034,1035,1069,1070,1071,1072,1073,1080,1107,1114,1115,1116,1117,1125,1158,1159,1160,1161,1170,1204,1205,1215,1247,1248,1249,1250,1260,1292,1293,1294,1297,1298,1342
35,35,142
4,6,7,8,19,20,21,23,27,28,29,33,51,65,66,69,73,74,75,111,112,113,118,143,144,152,153,155,156,157,166,168,187,188,190,198,200,201,210,211,212,213,214,215,216,217,231,232,233,234,235,236,245,246,247,258,259,262,277,278,281,288,290,291,292,296,317,318,319,321,322,326,332,333,334,335,336,364,366,367,377,378,379,380,381,421,422,423,424,425,426,451,466,467,468,469,470,513,943,944,945,988,989,990,1026,1027,1028,1033,1034,1035,1069,1070,1071,1072,1073,1078,1079,1080,1107,1114,1115,1116,1117,1124,1125,1158,1159,1160,1161,1170,1204,1205,1215,1248,1249,1250,1260,1293,1294,1297,1298,1342
114,114,134
6,7,8,19,20,21,23,28,29,34,65,69,73,74,75,97,108,110,111,112,113,118,143,145,146,153,155,156,157,168,187,188,189,190,191,192,198,200,201,210,211,212,213,216,231,232,233,234,235,245,246,247,278,281,289,290,291,292,320,321,325,326,332,333,334,335,336,362,366,369,370,377,378,379,380,381,412,413,421,422,423,424,425,426,466,467,468,469,470,510,513,943,944,945,988,989,990,1027,1028,1033,1034,1035,1069,1070,1071,1072,1073,1079,1080,1107,1114,1115,1116,1117,1124,1125,1158,1159,1160,1161,1170,1204,1205,1215,1248,1249,1250,1260,1292,1293,1294,1298,1337,1342
127,127,128
4,6,7,8,19,20,21,23,27,28,29,34,51,65,69,74,75,98,108,110,111,113,119,143,152,153,155,156,157,168,187,188,190,198,200,201,211,213,214,216,231,232,233,234,245,246,247,277,278,288,289,290,291,292,319,322,331,332,333,334,335,336,366,370,377,378,379,380,421,422,423,424,425,426,466,467,468,469,470,511,512,513,514,726,943,944,945,988,989,990,1025,1026,1027,1028,1033,1034,1035,1069,1070,1071,1072,1073,1079,1080,1107,1114,1115,1116,1117,1124,1125,1158,1159,1160,1161,1170,1204,1205,1206,1215,1248,1249,1250,1260,1292,1293,1294,1342
49,49,126
6,7,8,19,20,21,22,23,28,34,53,65,66,68,73,74,75,110,111,113,119,143,144,145,146,152,153,155,156,157,187,188,189,190,200,201,211,216,232,233,234,235,236,245,246,247,278,279,281,288,289,290,291,292,320,322,325,331,332,333,334,335,336,362,363,369,370,377,378,379,380,381,421,422,423,424,425,426,458,466,467,468,469,470,500,512,513,943,944,945,988,989,990,1028,1033,1034,1035,1069,1070,1071,1072,1073,1078,1079,1080,1107,1114,1115,1116,1117,1125,1159,1160,1161,1170,1203,1204,1205,1206,1215,1248,1249,1250,1293,1294,1342
141,141,116
6,7,8,20,21,22,23,24,28,29,33,51,52,53,63,65,74,75,96,97,110,111,119,152,155,156,157,187,188,190,198,200,201,211,216,231,232,233,234,244,245,246,247,277,288,290,291,292,322,331,332,333,334,335,336,366,367,370,377,378,379,380,421,422,423,424,425,426,466,467,468,469,510,511,512,513,943,944,945,988,989,990,1025,1027,1028,1033,1034,1035,1069,1070,1071,1072,1073,1079,1080,1107,1114,1115,1116,1117,1125,1158,1159,1160,1161,1170,1204,1205,1206,1215,1248,1249,1250,1293,1294,1342
63,63,115
6,7,8,19,20,21,23,28,29,34,51,53,63,65,74,75,110,111,112,113,119,143,145,151,152,154,155,156,157,187,188,189,190,200,201,202,211,216,232,233,234,245,246,247,251,258,288,289,290,291,292,322,325,332,333,334,335,336,370,377,378,379,380,381,421,422,423,424,425,426,466,467,468,469,470,510,511,512,943,944,945,988,989,990,1028,1034,1035,1069,1070,1071,1072,1079,1080,1107,1114,1115,1116,1117,1124,1125,1158,1159,1160,1161,1170,1204,1205,1206,1215,1248,1249,1250,1292,1293,1294
98,98,86
6,7,8,20,21,28,52,53,65,111,143,152,156,157,188,190,200,232,233,234,245,246,247,251,288,289,291,292,332,333,334,335,336,377,378,379,380,381,421,422,423,424,425,426,451,466,467,468,469,510,511,943,944,945,988,989,990,1027,1028,1033,1034,1035,1069,1070,1071,1072,1073,1079,1080,1114,1115,1116,1117,1125,1158,1159,1160,1161,1170,1204,1205,1248,1249,1250,1293,1294
139,139,126
4,6,7,11,20,21,22,23,27,28,29,33,51,65,66,80,81,95,97,110,111,119,139,145,154,155,156,157,185,189,190,191,200,208,216,230,231,235,244,245,246,247,279,280,287,288,319,324,325,332,333,361,362,363,368,369,370,376,377,378,379,406,407,408,409,412,414,421,422,423,425,426,453,454,455,459,466,467,468,498,510,511,512,513,555,589,939,943,944,945,982,987,988,989,990,1027,1028,1033,1034,1035,1069,1070,1071,1072,1078,1079,1080,1107,1114,1115,1116,1117,1124,1125,1159,1160,1161,1170,1204,1205,1209,1215,1250,1254,1298,1342
24,24,106
6,7,20,21,22,27,28,33,51,52,65,66,67,110,111,119,143,154,155,156,157,164,188,190,199,200,216,232,233,234,244,245,246,247,279,288,289,291,292,319,321,324,325,332,333,368,369,370,377,378,379,380,381,414,421,422,423,424,425,426,454,466,467,468,510,511,512,513,555,943,944,945,982,988,989,990,1027,1028,1033,1034,1035,1069,1070,1071,1072,1078,1079,1080,1107,1114,1115,1116,1117,1125,1159,1160,1161,1170,1204,1205,1209,1215,1249,1250,1293,1298
1,1,113
6,7,11,20,21,22,23,27,28,29,30,33,51,62,67,97,110,111,112,119,144,145,154,155,156,157,189,190,191,199,200,216,230,231,232,235,244,245,246,247,279,280,288,292,324,325,332,333,334,362,369,370,377,378,379,380,407,408,412,414,421,422,423,425,426,454,466,467,468,510,511,512,513,555,939,943,944,945,982,987,988,989,990,1027,1028,1033,1034,1035,1069,1070,1071,1072,1079,1080,1107,1113,1114,1115,1116,1117,1125,1159,1160,1161,1170,1204,1205,1209,1215,1250,1254,1298,1342
1,1,114
4,6,7,11,20,21,22,23,27,28,29,30,49,51,52,66,67,80,96,110,111,119,143,147,154,155,156,157,165,188,190,191,199,200,207,232,234,244,245,246,247,288,289,292,319,321,324,325,332,333,334,362,363,366,369,370,376,377,378,379,380,381,421,422,423,424,426,466,467,468,469,511,512,513,555,943,944,945,982,987,988,989,990,1027,1028,1033,1034,1035,1069,1070,1071,1072,1078,1079,1080,1107,1114,1115,1116,1117,1125,1159,1160,1161,1170,1204,1205,1209,1215,1249,1250,1293,1298,1342
48,48,120
4,6,7,10,11,20,21,22,23,27,28,29,30,33,49,51,52,55,56,57,62,67,81,95,96,97,100,102,110,111,119,145,146,147,154,155,156,157,167,189,190,191,198,199,200,230,231,235,242,244,245,246,247,279,280,287,288,289,324,325,332,333,362,363,369,370,376,377,378,379,380,414,422,423,454,466,467,468,511,512,513,555,939,944,945,982,987,988,989,990,1025,1027,1028,1033,1034,1035,1069,1070,1071,1072,1079,1080,1107,1114,1115,1116,1117,1125,1158,1159,1160,1161,1170,1204,1205,1209,1215,1249,1250,1342
119,119,117
4,6,7,11,20,21,22,27,28,29,30,49,51,52,55,56,57,96,97,100,102,110,111,112,119,143,145,146,147,154,155,156,157,165,188,190,191,199,200,206,231,234,235,242,244,245,246,247,289,291,292,319,321,324,325,331,332,333,369,370,377,378,379,380,414,421,422,423,424,425,455,466,467,468,511,512,513,555,943,944,945,982,988,989,990,1025,1027,1028,1033,1034,1035,1069,1070,1071,1072,1079,1080,1107,1113,1114,1115,1116,1117,1125,1159,1160,1161,1170,1204,1205,1209,1215,1249,1250,1293,1294,1342
2,2,122
4,6,7,10,11,20,21,22,23,24,27,28,29,30,49,50,51,52,55,56,57,81,95,96,97,100,101,102,110,111,119,139,145,146,153,154,155,156,157,158,184,189,190,191,199,200,230,234,235,244,245,247,279,280,287,324,325,331,332,333,336,362,363,369,370,377,378,379,380,408,412,414,422,423,455,466,467,468,511,512,513,555,633,939,943,944,945,982,988,989,990,1027,1028,1034,1035,1069,1070,1071,1072,1073,1079,1080,1107,1113,1114,1115,1116,1117,1125,1158,1159,1160,1161,1170,1204,1205,1209,1215,1249,1250,1254,1298
10,10,132
3,4,6,7,11,20,21,22,23,24,27,28,29,30,49,51,52,55,56,57,66,81,82,94,96,97,100,101,102,110,111,118,143,144,145,146,147,154,155,156,157,186,188,190,191,198,199,200,207,231,233,234,235,244,245,246,247,279,280,287,289,291,292,319,321,324,325,332,333,369,370,376,377,378,379,380,414,421,422,423,424,425,454,455,466,467,468,512,513,555,682,943,944,945,982,988,989,990,1025,1027,1028,1033,1034,1035,1069,1070,1071,1072,1073,1079,1080,1107,1113,1114,1115,1116,1117,1125,1159,1160,1161,1170,1204,1205,1209,1215,1249,1250,1254,1293,1298,1342
66,66,99
4,6,7,10,11,20,21,22,23,27,28,51,52,55,56,65,66,95,96,97,100,101,110,144,145,146,153,154,155,189,190,191,200,232,234,235,245,247,278,279,280,324,325,332,333,369,370,377,378,379,380,413,414,422,423,424,466,467,468,511,512,513,944,945,982,988,989,990,1025,1027,1028,1034,1035,1069,1070,1071,1072,1079,1080,1107,1113,1114,1115,1116,1117,1125,1158,1159,1160,1161,1170,1203,1204,1205,1209,1249,1250,1254,1342
17,17,126
5,10,11,20,21,22,24,27,28,29,30,54,55,56,65,66,76,80,81,82,99,100,101,109,110,144,145,146,153,154,155,164,189,190,191,198,199,200,234,235,236,245,280,289,291,325,332,333,334,336,370,377,378,379,380,411,422,423,424,425,458,467,468,512,513,600,601,727,910,911,944,945,956,982,988,989,990,1000,1025,1026,1027,1033,1034,1035,1045,1068,1069,1070,1071,1072,1073,1079,1080,1090,1107,1113,1114,1115,1116,1117,1118,1119,1124,1125,1158,1159,1160,1161,1164,1170,1204,1205,1209,1210,1211,1213,1215,1249,1250,1254,1293,1294,1298,1341,1342,1343
10,10,121
3,4,6,10,11,20,21,22,28,29,30,49,50,51,52,55,56,64,65,66,76,80,81,82,99,100,101,109,110,112,144,145,146,153,154,155,160,188,189,190,191,198,199,200,207,233,234,235,236,243,245,279,280,325,332,333,369,370,376,377,378,379,380,422,423,424,425,467,468,512,513,600,645,944,945,982,988,989,990,1025,1026,1027,1028,1034,1035,1068,1069,1070,1071,1072,1073,1079,1080,1107,1113,1114,1115,1116,1117,1118,1119,1125,1158,1159,1160,1161,1164,1170,1204,1205,1209,1210,1211,1215,1249,1250,1254,1298,1341,1342,1343
8,8,128
6,10,11,20,21,28,29,51,55,56,66,99,100,101,110,143,144,145,146,153,154,155,188,189,190,191,233,234,235,245,291,333,334,377,378,379,380,422,423,424,467,468,512,600,855,898,899,900,943,944,945,982,987,988,989,990,1027,1028,1032,1033,1034,1035,1068,1069,1071,1072,1073,1077,1078,1079,1080,1107,1113,1114,1115,1116,1117,1118,1119,1120,1121,1122,1123,1124,1125,1158,1159,1160,1161,1164,1165,1166,1167,1168,1169,1170,1204,1205,1209,1210,1211,1212,1213,1214,1215,1249,1250,1254,1255,1256,1257,1258,1259,1260,1298,1299,1302,1303,1304,1305,1342,1343,1344,1346,1347,1348,1349,1350
63,63,149
405,450,495,539,540,584,585,629,630,673,674,675,717,718,719,720,761,762,763,764,765,805,806,807,808,809,810,850,851,852,853,854,855,894,895,896,897,898,899,900,938,939,940,941,942,943,944,945,982,983,984,985,986,987,988,989,990,1026,1027,1028,1029,1030,1031,1032,1033,1034,1035,1071,1072,1073,1074,1075,1076,1077,1078,1079,1080,1115,1116,1117,1118,1119,1120,1121,1122,1123,1124,1125,1159,1160,1161,1162,1163,1164,1165,1166,1167,1168,1169,1170,1204,1205,1206,1207,1208,1209,1210,1211,1212,1213,1214,1215,1249,1250,1251,1252,1253,1254,1255,1256,1257,1258,1259,1260,1293,1294,1295,1296,1297,1298,1299,1300,1301,1302,1303,1304,1305,1339,1340,1341,1342,1343,1344,1345,1346,1347,1348,1349,1350
77,77,258
42,43,44,45,86,87,88,89,90,130,131,132,133,134,135,175,176,177,178,179,180,220,221,222,223,224,225,265,266,267,269,270,311,313,314,356,357,358,359,360,399,400,401,402,403,404,405,444,445,446,447,448,449,450,488,489,490,491,492,493,494,533,534,535,536,537,538,539,579,580,581,582,583,621,622,623,624,625,626,627,628,665,666,667,668,669,670,671,672,708,709,710,711,712,713,714,715,716,717,719,754,755,756,757,758,759,760,761,762,763,764,798,799,800,801,802,803,804,805,806,807,808,843,844,845,846,847,848,849,850,851,852,853,887,888,889,890,891,892,893,894,895,896,897,898,932,933,934,935,936,937,938,939,940,941,942,943,977,978,979,980,981,982,983,984,985,986,987,988,989,990,1021,1022,1023,1024,1025,1026,1027,1028,1029,1030,1031,1065,1066,1067,1068,1069,1070,1071,1072,1073,1074,1075,1110,1111,1112,1113,1114,1115,1116,1117,1118,1119,1120,1155,1156,1157,1158,1159,1160,1161,1162,1163,1164,1165,1200,1201,1202,1203,1204,1205,1206,1207,1208,1209,1210,1244,1245,1246,1247,1248,1249,1250,1251,1252,1253,1254,1289,1290,1291,1292,1293,1294,1295,1296,1297,1298,1333,1334,1335,1336,1337,1338,1339,1340,1341,1342,1343
62,62,368
30,31,32,33,34,35,36,37,38,39,40,41,42,74,75,76,77,78,79,80,81,82,83,84,85,86,119,120,121,122,123,124,125,126,127,128,129,130,131,132,163,164,165,166,167,168,169,170,171,172,173,174,175,176,208,209,210,211,212,213,214,215,216,217,218,219,220,253,254,255,256,257,258,259,260,261,262,263,264,298,299,300,301,302,303,304,305,306,307,308,343,344,345,346,347,348,349,350,351,352,353,354,387,388,389,390,391,392,393,394,395,396,397,398,432,433,434,435,436,437,438,439,440,441,442,443,476,478,479,480,481,482,483,484,485,486,488,520,521,522,523,524,525,526,527,528,529,530,531,532,566,567,568,569,570,571,572,573,574,575,576,577,611,612,613,614,615,616,617,618,619,620,621,655,656,657,658,659,660,661,662,663,664,665,700,701,702,703,704,705,706,707,708,709,710,745,746,747,748,749,750,751,752,753,754,755,789,790,791,792,793,794,795,796,797,798,799,833,834,835,836,837,838,839,840,841,842,843,844,878,879,880,881,882,883,884,885,886,887,888,889,922,923,924,925,926,927,928,929,930,931,932,933,934,967,968,969,970,971,972,973,974,975,976,977,978,979,1012,1013,1014,1015,1016,1017,1018,1019,1020,1021,1022,1023,1024,1056,1057,1058,1059,1060,1061,1062,1063,1064,1065,1066,1067,1068,1069,1101,1102,1103,1104,1105,1106,1107,1108,1109,1110,1111,1112,1113,1114,1145,1146,1147,1148,1149,1150,1151,1152,1153,1154,1155,1156,1157,1158,1159,1190,1191,1192,1193,1194,1195,1196,1197,1198,1199,1200,1204,1234,1235,1236,1237,1238,1239,1240,1241,1242,1243,1244,1279,1280,1281,1282,1283,1284,1285,1286,1287,1288,1289,1323,1324,1325,1326,1327,1328,1329,1330,1331,1332,1333
137,137,436
20,21,22,23,24,25,26,27,28,29,30,31,32,33,34,64,65,66,67,68,69,70,71,72,73,74,75,76,77,78,79,80,109,110,111,112,113,114,115,116,117,118,119,120,121,122,123,124,125,153,154,155,156,157,158,159,160,161,162,163,164,165,166,167,168,169,198,199,200,201,202,203,204,205,206,207,208,209,210,211,212,243,244,245,246,247,248,249,250,251,252,253,254,255,287,288,289,290,291,292,293,294,295,296,297,298,299,300,301,332,333,334,335,336,337,338,339,340,341,342,343,344,345,376,377,378,379,380,381,382,383,384,385,386,387,388,389,390,421,422,423,424,425,426,427,428,429,430,431,432,433,434,465,466,467,468,469,470,471,472,473,474,475,476,477,478,510,511,512,513,514,515,516,517,518,519,520,521,522,523,524,555,556,557,558,559,560,561,562,563,564,565,566,567,599,600,601,602,603,604,605,606,607,608,609,610,611,612,644,645,646,647,648,649,650,651,652,653,654,655,656,657,670,688,689,690,691,692,693,694,695,696,697,698,699,700,733,734,735,736,737,738,739,740,741,742,743,744,745,746,747,777,778,779,780,781,782,783,784,785,786,787,788,789,790,791,823,824,825,826,827,828,829,830,831,832,833,834,835,867,868,869,870,871,872,873,874,875,876,877,878,879,880,911,912,913,914,915,916,917,918,919,920,921,922,923,924,955,956,957,958,959,960,961,962,963,964,965,966,967,968,969,1000,1001,1002,1003,1004,1005,1006,1007,1008,1009,1010,1011,1012,1013,1045,1046,1047,1048,1049,1050,1051,1052,1053,1054,1055,1056,1057,1058,1090,1091,1092,1093,1094,1095,1096,1097,1098,1099,1100,1101,1102,1103,1134,1135,1136,1137,1138,1139,1140,1141,1142,1143,1144,1145,1146,1147,1148,1180,1181,1182,1183,1184,1185,1186,1187,1188,1189,1190,1191,1192,1224,1225,1226,1227,1228,1229,1230,1231,1232,1233,1234,1235,1236,1237,1268,1269,1270,1271,1272,1273,1274,1275,1276,1277,1278,1279,1280,1281,1282,1313,1314,1315,1316,1317,1318,1319,1320,1321,1322,1323,1324,1325,1326,1327
134,134,472
10,11,12,13,14,15,16,17,18,19,20,21,22,23,24,25,26,54,55,56,57,58,59,60,61,62,63,64,65,66,67,68,69,70,99,100,101,102,103,104,105,106,107,108,109,110,111,112,113,114,115,143,144,145,146,147,148,149,150,151,152,153,154,155,156,157,158,159,160,188,189,190,191,192,193,194,195,196,197,198,199,200,201,202,203,204,233,234,235,236,237,238,239,240,241,242,243,244,245,246,247,248,249,277,278,279,280,281,282,283,284,285,286,287,288,289,290,291,292,293,322,323,324,325,326,327,328,329,330,331,332,333,334,335,336,337,338,366,367,368,369,370,371,372,373,374,375,376,377,378,379,380,381,382,383,411,412,413,414,415,416,417,418,419,420,421,422,423,424,425,426,427,456,457,458,459,460,461,462,463,464,465,466,467,468,469,470,471,472,501,502,503,504,505,506,507,508,509,510,511,512,513,514,515,516,545,546,547,548,549,550,551,552,553,554,555,556,557,558,559,590,591,592,593,594,595,596,597,598,599,600,601,602,603,604,605,636,637,638,639,640,641,642,643,644,645,646,647,648,649,680,681,682,683,684,685,686,687,688,689,690,691,692,693,694,724,725,726,727,728,729,730,731,732,733,734,735,736,737,738,768,769,770,771,772,773,774,775,776,777,778,779,780,782,813,814,815,816,817,818,819,820,821,822,823,824,825,826,827,857,858,859,860,861,862,863,864,865,866,867,868,869,870,871,872,901,902,903,904,905,906,907,908,909,910,911,912,913,914,915,916,917,946,947,948,949,950,951,952,953,954,955,956,957,958,959,960,961,992,993,994,995,996,997,998,999,1000,1001,1002,1003,1004,1005,1006,1036,1037,1038,1039,1040,1041,1042,1043,1044,1045,1046,1047,1048,1049,1050,1081,1082,1083,1084,1085,1086,1087,1088,1089,1090,1091,1092,1093,1094,1095,1126,1127,1128,1129,1130,1131,1132,1133,1134,1135,1136,1137,1138,1139,1140,1171,1172,1173,1174,1175,1176,1177,1178,1179,1180,1181,1182,1183,1184,1216,1217,1218,1219,1220,1221,1222,1223,1224,1225,1226,1227,1228,1229,1261,1262,1263,1264,1265,1266,1267,1268,1269,1270,1271,1272,1273,1306,1307,1308,1309,1310,1311,1312,1313,1314,1315,1316,1317,1318
75,75,402
1,2,3,4,5,6,7,8,9,10,11,12,13,14,15,16,17,18,19,21,46,47,48,49,50,51,52,53,54,55,56,57,58,59,60,61,62,63,64,91,92,93,94,95,96,97,98,99,100,101,102,103,104,105,106,107,108,109,110,136,137,138,139,140,141,142,143,144,145,146,147,148,149,150,151,152,153,154,155,181,182,183,184,185,186,187,188,189,190,191,192,193,194,195,196,197,198,199,200,226,227,228,229,230,231,232,233,234,235,236,237,238,239,240,241,243,244,271,272,273,274,275,276,277,278,279,280,281,282,283,284,285,286,287,288,316,317,318,319,320,321,322,323,324,325,326,327,328,329,330,331,332,361,362,363,364,365,366,367,368,369,370,371,372,373,374,375,376,377,378,406,407,408,409,410,411,412,413,414,415,416,417,418,419,420,422,451,452,453,454,455,456,457,458,459,460,461,462,463,464,467,468,496,497,498,499,500,501,502,503,504,505,506,507,508,509,541,542,543,544,545,546,547,548,549,550,551,552,553,586,587,588,589,590,591,592,593,594,595,596,597,598,631,632,633,634,635,636,637,638,639,640,641,642,643,644,676,677,678,679,680,681,682,683,684,685,686,687,688,721,722,723,724,725,726,727,728,729,730,731,732,733,766,767,768,769,770,771,772,773,774,775,776,777,811,812,813,814,815,816,817,818,819,820,821,822,856,857,858,859,860,861,862,863,864,865,866,901,902,903,904,905,906,907,908,909,910,946,947,948,949,950,951,952,953,954,955,991,992,993,994,995,996,997,998,1000,1036,1037,1038,1039,1040,1041,1042,1043,1045,1046,1081,1082,1083,1084,1085,1086,1087,1088,1126,1127,1128,1129,1130,1131,1132,1133,1134,1171,1172,1173,1174,1175,1176,1177,1178,1216,1217,1218,1219,1220,1221,1222,1223,1261,1262,1263,1264,1265,1266,1267,1306,1307,1308,1309,1310,1311
77,77,392
1,2,3,4,5,6,7,8,9,10,11,12,13,14,15,16,17,18,19,46,47,48,49,50,51,52,53,54,55,56,57,58,59,60,61,62,63,67,91,92,93,94,95,96,97,98,99,100,101,102,103,104,105,106,107,108,111,136,137,138,139,140,141,142,143,144,145,146,147,148,149,150,151,152,153,154,181,182,183,184,185,186,187,188,189,190,191,192,193,194,195,196,197,198,199,226,227,228,229,230,231,232,233,234,235,236,237,238,239,240,241,242,243,244,271,272,273,274,275,276,277,278,279,280,281,282,283,284,285,286,287,288,316,317,318,319,320,321,322,323,324,325,326,327,328,329,330,331,332,333,334,361,362,363,364,365,366,367,368,369,370,371,372,373,374,375,376,377,378,379,406,407,408,409,410,411,412,413,414,415,416,417,418,419,422,423,451,452,453,454,455,456,457,458,459,460,461,462,463,464,466,467,468,496,497,498,499,500,501,502,503,504,505,506,507,508,509,512,513,541,542,543,544,545,546,547,548,549,550,551,552,553,554,555,586,587,588,589,590,591,592,593,594,595,596,597,598,599,600,631,632,633,634,635,636,637,638,639,640,641,642,643,644,645,676,677,678,679,680,681,682,683,684,685,686,687,688,689,721,722,723,724,725,726,727,728,729,730,731,733,766,767,768,769,770,771,772,773,774,775,776,811,812,813,814,815,816,817,818,819,820,821,856,857,858,859,860,861,862,863,864,865,866,901,902,903,904,905,906,907,908,909,910,946,947,948,949,950,951,952,953,991,992,993,994,995,996,997,998,1000,1036,1037,1038,1039,1040,1041,1042,1043,1044,1081,1082,1083,1084,1085,1086,1091,1126,1127,1128,1129,1130,1131,1132,1134,1171,1172,1173,1174,1178,1179,1216,1217,1218,1219,1220,1223,1261,1262,1263,1306,1307,1308
116,116,385
1,2,3,4,5,6,7,8,9,10,11,12,13,14,16,17,18,19,20,21,22,23,24,25,26,27,28,29,30,33,35,46,47,48,49,50,51,52,53,54,55,56,57,58,59,62,63,64,65,66,67,68,69,70,71,72,74,78,91,92,93,94,95,96,97,98,99,100,101,102,103,105,106,107,108,109,110,111,112,113,114,115,116,117,119,120,121,122,136,137,138,139,140,141,142,143,144,145,146,147,148,149,150,151,152,153,154,155,156,161,163,181,182,183,184,185,186,187,188,189,190,191,192,193,194,195,196,197,198,199,200,206,207,208,226,227,228,229,230,231,232,233,234,235,236,237,238,239,240,241,242,243,244,245,249,250,251,252,271,272,273,274,275,276,277,278,279,280,281,282,283,284,285,286,287,288,289,290,294,316,317,318,319,320,321,322,323,324,325,326,327,328,329,330,331,332,333,334,335,361,362,363,364,365,366,367,368,369,370,371,372,373,374,375,376,377,378,379,380,406,407,408,409,410,411,412,413,414,415,416,417,418,419,420,421,422,423,424,425,451,452,453,454,455,456,457,458,459,462,463,464,465,466,467,468,469,470,496,497,498,499,500,501,502,503,504,505,506,507,508,509,510,511,512,513,541,542,543,544,545,546,547,548,549,551,552,553,554,555,556,586,587,588,589,590,591,592,593,595,596,597,598,599,600,631,632,633,634,635,636,637,638,640,641,642,643,644,645,646,676,677,678,679,681,682,685,687,688,689,721,722,723,724,725,726,727,728,729,732,733,734,766,767,768,769,770,771,772,773,779,811,812,813,814,815,816,817,818,821,856,857,858,859,860,861,862,864,865,901,902,903,908,990,1000,1001,1045,1046,1091,1134,1159,1223,1224,1249,1298,1299
12,12,365
1,2,3,4,5,6,7,8,9,10,11,12,13,17,18,19,20,21,22,23,24,25,26,27,28,29,31,32,33,34,35,36,37,46,47,48,49,50,51,52,53,54,55,56,57,58,59,60,61,62,63,64,65,66,67,68,69,70,71,76,77,78,79,80,81,82,83,91,92,93,94,95,96,97,98,99,100,101,102,103,104,105,106,107,108,109,110,111,113,114,115,119,120,136,137,138,139,140,141,142,143,144,145,146,147,148,149,150,151,152,153,154,155,156,163,181,182,183,184,185,186,187,188,189,190,191,192,193,194,195,196,197,198,199,200,226,227,228,229,230,231,232,233,234,235,236,237,238,239,240,241,242,243,244,245,271,272,273,274,275,276,277,278,279,280,281,282,283,284,285,286,287,288,289,290,316,317,318,319,320,321,322,323,324,325,326,327,328,329,330,331,332,333,334,335,343,344,361,362,363,364,365,366,367,368,369,370,371,372,373,374,375,376,377,378,379,380,381,406,407,408,409,410,411,412,413,416,417,418,419,420,421,422,423,424,425,451,452,453,454,455,456,457,458,461,462,463,464,465,466,467,468,469,496,497,498,499,502,507,508,509,510,511,512,513,541,542,543,546,548,549,552,553,554,555,586,587,588,590,591,592,596,597,598,599,600,631,632,633,635,636,640,641,642,643,644,645,676,678,684,688,689,721,727,728,730,731,733,734,766,769,770,771,772,773,778,812,813,814,815,816,818,819,821,859,860,861,862,864,866,907,908,981,982,988,989,990,1001,1026,1027,1028,1029,1034,1035,1046,1072,1073,1074,1076,1090,1091,1113,1114,1117,1121,1159,1166,1204,1205,1210,1224,1254,1260,1298,1299
5,5,363
1,2,3,4,5,6,7,8,9,10,11,12,17,18,19,20,21,22,23,24,25,26,27,28,29,30,31,32,33,34,35,36,37,38,46,47,48,49,50,51,52,53,54,55,56,57,58,61,62,63,64,65,66,67,68,69,71,73,74,75,76,77,78,79,80,81,82,83,84,91,92,93,94,95,96,97,98,99,100,101,102,103,105,107,108,109,110,111,112,114,115,116,118,119,120,121,122,123,124,125,126,127,129,136,137,138,139,140,141,142,143,144,145,146,147,148,149,152,153,154,155,163,164,166,167,169,171,172,173,181,182,183,184,185,186,187,188,189,190,191,192,193,196,197,198,199,200,207,216,219,226,227,228,229,230,231,232,233,234,235,236,237,240,241,242,243,244,245,271,272,273,274,275,276,277,278,279,280,281,282,283,287,288,289,290,299,303,304,316,317,318,319,320,321,322,323,324,325,326,330,331,332,333,334,335,343,361,362,363,364,365,366,367,368,369,370,371,375,376,377,378,379,380,381,406,407,408,409,410,411,412,413,414,416,418,421,422,423,424,425,451,452,453,456,457,458,463,464,465,466,467,468,469,470,496,497,502,507,508,509,510,511,512,513,514,541,542,554,555,556,586,587,588,596,597,599,600,601,631,632,633,643,644,645,676,688,689,721,728,730,733,771,773,818,937,945,981,982,983,987,988,989,990,1001,1026,1027,1028,1029,1031,1033,1034,1035,1046,1068,1069,1072,1073,1074,1075,1076,1078,1079,1090,1091,1113,1114,1116,1117,1118,1119,1121,1123,1124,1125,1158,1159,1160,1164,1165,1166,1167,1168,1169,1170,1204,1205,1206,1209,1210,1211,1213,1214,1215,1250,1254,1259,1260,1297,1298,1299,1342,1343,1344
136,136,345
1,2,3,4,5,6,7,9,10,11,12,13,18,19,20,21,22,23,24,25,26,27,28,29,30,31,32,33,34,35,36,37,38,48,49,52,53,54,55,56,57,58,62,63,64,65,66,67,68,69,70,71,73,74,75,76,77,78,79,80,81,82,83,84,91,92,93,94,97,98,99,100,101,102,106,107,108,109,110,111,112,113,114,115,116,117,118,119,120,121,122,123,124,125,126,127,128,129,136,137,138,142,143,144,145,146,147,151,152,153,154,155,156,159,164,165,166,167,168,169,170,171,172,173,174,181,182,183,184,187,189,190,191,196,197,198,199,200,204,207,208,210,211,213,215,216,217,219,226,227,228,232,234,235,236,241,242,243,244,245,249,251,255,257,271,272,273,274,277,278,279,280,281,285,286,287,288,289,290,291,299,300,304,315,316,317,318,319,322,323,324,325,330,331,332,333,334,335,336,343,344,345,361,362,365,368,370,375,376,377,378,379,380,381,406,412,413,421,422,423,424,425,451,463,464,466,467,468,469,507,508,509,510,511,512,513,541,552,553,554,555,556,598,599,600,601,640,643,644,645,688,689,733,773,778,816,937,939,945,981,982,983,987,988,989,990,1001,1025,1026,1027,1028,1029,1030,1031,1032,1033,1034,1035,1046,1068,1069,1071,1072,1073,1074,1075,1076,1077,1078,1079,1089,1090,1091,1113,1114,1116,1117,1118,1119,1120,1121,1122,1123,1124,1125,1134,1136,1158,1159,1160,1161,1163,1164,1165,1166,1167,1168,1169,1170,1204,1205,1206,1207,1208,1209,1210,1211,1213,1214,1215,1224,1249,1250,1252,1254,1255,1259,1260,1294,1297,1298,1299,1342,1343,1344
59,59,343
4,9,10,11,12,13,17,18,19,20,21,22,23,24,25,26,27,28,29,30,31,32,33,34,35,36,37,48,50,53,54,55,56,57,58,59,60,62,63,64,65,66,67,68,69,70,71,72,73,74,75,76,77,78,79,80,81,82,83,84,97,98,99,100,101,102,103,106,107,108,109,110,111,112,113,114,115,116,117,118,119,120,121,122,123,124,125,126,127,128,136,137,142,143,144,145,146,147,152,153,154,155,158,159,160,161,163,164,165,166,167,168,169,170,171,172,173,174,181,188,189,190,191,192,196,197,198,199,200,203,204,207,208,209,210,215,216,217,218,219,228,231,232,233,234,235,236,237,241,242,243,244,245,246,249,251,252,253,255,256,257,258,276,277,278,279,280,281,285,286,287,288,289,290,291,295,298,299,300,301,302,303,304,321,322,323,324,325,331,332,333,334,335,336,341,342,343,344,345,365,366,368,369,370,375,376,377,378,379,380,381,382,386,411,412,413,414,420,421,422,423,424,425,457,458,463,464,465,466,467,468,469,508,509,510,511,512,513,548,553,554,555,556,558,559,599,600,601,643,644,645,688,689,728,733,773,815,816,937,938,945,981,982,983,987,988,989,990,1024,1025,1026,1027,1028,1029,1030,1031,1032,1034,1035,1044,1045,1046,1068,1069,1071,1072,1073,1074,1075,1076,1077,1078,1079,1080,1089,1090,1091,1113,1114,1117,1118,1119,1120,1121,1122,1123,1124,1125,1158,1159,1160,1163,1164,1165,1166,1168,1169,1170,1204,1205,1206,1207,1208,1210,1211,1213,1214,1215,1223,1224,1225,1249,1250,1252,1254,1255,1260,1294,1298,1299,1342,1343,1344
80,80,334
6,9,10,11,12,13,17,18,19,20,21,22,23,24,25,26,27,28,29,30,31,32,33,34,35,36,38,49,52,53,54,55,56,57,58,59,61,62,63,64,65,66,67,68,69,70,71,72,73,74,75,76,77,78,79,80,81,82,83,97,98,99,100,101,102,106,107,108,109,110,111,112,113,114,115,117,118,119,120,121,122,123,124,125,126,127,128,129,142,143,144,145,146,147,152,153,154,155,156,157,158,159,160,163,164,165,166,167,168,169,170,171,172,173,174,181,182,187,188,189,190,191,196,197,198,199,200,204,206,207,208,209,211,212,214,215,216,217,218,219,220,227,231,232,233,234,235,236,241,242,243,244,245,249,252,253,255,256,257,258,259,276,277,278,279,280,281,285,286,287,288,289,290,297,298,299,300,301,302,303,304,315,321,322,323,324,325,331,332,333,334,335,336,343,344,345,360,365,366,367,368,369,370,375,376,377,378,379,380,381,412,413,414,420,421,422,423,424,425,457,458,464,465,466,467,468,469,508,509,510,511,512,513,548,553,554,555,556,560,592,599,600,601,643,644,645,688,689,733,773,778,816,937,938,945,981,982,983,987,988,989,990,1001,1024,1025,1027,1028,1031,1032,1033,1034,1035,1045,1068,1069,1071,1072,1073,1074,1075,1076,1077,1078,1079,1080,1090,1091,1113,1114,1115,1117,1118,1119,1120,1121,1122,1123,1124,1125,1134,1158,1159,1160,1161,1164,1165,1166,1168,1169,1170,1178,1204,1205,1206,1207,1210,1211,1213,1214,1215,1223,1224,1249,1250,1254,1255,1260,1294,1298,1299,1340,1342,1343,1344
8,8,322
4,9,10,11,13,17,18,19,20,21,22,23,24,25,26,27,28,29,30,31,32,33,34,35,36,48,49,53,54,55,56,57,58,59,61,62,63,64,65,66,67,68,69,70,71,74,75,76,77,78,79,80,81,82,83,85,92,97,98,99,100,101,102,103,107,108,109,110,111,112,113,114,115,118,119,120,121,122,123,124,125,126,127,128,129,137,143,144,145,146,151,152,153,154,155,156,157,158,159,160,163,164,165,166,167,168,169,170,171,172,173,174,181,182,187,188,189,190,191,196,197,198,199,200,203,204,205,207,208,209,211,212,213,214,215,216,217,218,219,220,232,233,234,235,236,241,242,243,244,245,246,249,251,253,255,256,257,258,259,276,277,278,279,280,285,286,287,288,289,290,291,297,298,299,300,301,302,303,304,321,322,323,324,325,331,332,333,334,335,336,342,343,344,360,365,367,368,369,370,376,377,378,379,380,381,413,414,420,421,422,423,424,425,458,464,465,466,467,468,469,509,510,511,512,513,548,553,554,555,556,557,598,599,600,601,643,644,645,646,688,689,733,773,816,937,938,939,945,981,982,983,987,988,989,990,1024,1025,1026,1027,1028,1029,1030,1031,1032,1033,1034,1035,1068,1069,1071,1072,1073,1074,1075,1076,1077,1078,1080,1090,1091,1113,1114,1115,1117,1118,1119,1120,1121,1123,1124,1125,1158,1159,1161,1164,1165,1166,1168,1169,1170,1204,1205,1210,1211,1213,1214,1215,1223,1224,1249,1250,1252,1253,1254,1255,1260,1294,1298,1299,1342,1343,1344
96,96,304
7,9,10,13,17,18,22,23,24,25,27,28,29,30,31,32,33,34,35,49,53,54,55,56,57,62,63,64,67,68,69,70,71,74,75,76,77,78,79,80,81,91,97,98,99,100,101,107,108,109,110,111,112,113,114,115,116,118,119,120,121,122,123,124,125,126,127,136,137,143,144,145,146,147,150,152,153,154,155,156,157,158,159,160,161,163,164,165,166,167,168,169,170,171,172,173,174,187,188,189,190,191,195,196,197,198,199,200,202,204,205,206,207,208,209,210,211,212,213,214,215,216,219,220,221,231,232,233,234,235,241,242,243,244,245,249,253,254,255,256,257,258,259,260,276,277,278,279,280,285,286,287,288,289,290,296,298,299,300,301,302,303,304,322,323,324,325,330,331,332,333,334,335,341,345,358,360,366,369,370,376,377,378,379,380,402,403,411,413,414,415,420,421,422,423,424,456,457,458,464,465,466,467,468,469,502,503,509,510,511,512,513,548,553,554,555,556,559,560,591,599,600,643,644,688,689,727,733,777,893,936,937,938,939,942,943,945,979,981,982,983,988,989,990,1024,1025,1026,1027,1028,1029,1030,1033,1034,1035,1044,1045,1068,1069,1070,1071,1072,1073,1075,1076,1077,1080,1090,1113,1114,1117,1118,1119,1120,1121,1122,1123,1124,1125,1159,1164,1165,1166,1167,1168,1169,1170,1204,1205,1209,1210,1211,1213,1214,1215,1224,1225,1249,1250,1254,1260,1298,1299,1343,1344
141,141,315
8,9,11,12,13,17,18,19,22,23,24,25,26,27,28,29,33,34,35,36,51,52,53,54,55,56,57,61,62,63,64,67,68,69,70,71,74,75,76,77,83,92,96,97,98,99,100,101,102,103,104,106,107,108,112,113,114,115,116,117,118,120,121,122,123,127,128,129,136,141,142,143,144,145,146,147,151,152,153,156,157,158,160,161,162,163,164,165,166,167,168,169,170,171,172,174,181,188,189,190,191,196,197,198,199,201,202,203,204,205,206,207,209,210,211,212,213,214,215,216,217,219,220,221,231,232,233,235,240,241,242,243,244,245,246,249,253,254,255,256,257,258,259,268,276,279,286,287,288,289,290,291,292,294,295,296,297,298,299,300,301,302,303,304,322,323,324,325,331,332,333,334,335,336,339,340,341,342,343,344,345,359,366,368,369,370,376,377,378,379,380,384,386,388,398,411,413,414,420,421,422,423,424,425,447,458,459,460,461,464,465,466,467,468,491,504,505,506,508,509,510,511,512,513,550,553,554,555,595,598,599,643,644,688,689,732,733,777,778,821,894,895,896,897,898,937,939,940,941,942,943,981,982,987,988,989,990,1026,1027,1028,1029,1030,1033,1034,1068,1069,1071,1072,1073,1074,1075,1076,1077,1079,1080,1090,1113,1114,1117,1118,1119,1120,1121,1122,1123,1124,1125,1158,1159,1160,1164,1165,1166,1167,1168,1169,1170,1204,1210,1211,1213,1214,1215,1249,1254,1255,1258,1259,1260,1293,1294,1298,1299,1342,1343
57,57,296
2,3,9,10,12,13,17,18,19,21,22,23,24,25,26,27,28,29,30,33,34,52,53,54,55,56,57,61,62,63,64,67,68,69,70,71,74,75,82,91,97,98,99,100,101,102,103,105,106,107,108,112,113,114,115,116,117,118,119,120,121,122,123,129,136,142,143,144,145,146,147,151,152,153,156,157,158,160,161,162,163,164,165,166,167,168,174,181,188,189,190,191,196,197,198,201,202,203,204,207,208,209,210,211,212,213,214,215,216,217,219,220,221,231,232,233,234,235,240,241,242,243,244,245,246,252,253,254,255,256,257,258,259,268,276,277,278,279,280,286,287,288,289,290,291,294,296,297,298,299,300,301,302,320,322,323,324,325,331,332,333,334,335,336,342,343,344,345,348,358,359,365,368,369,376,377,378,379,380,381,388,412,413,414,415,421,422,423,424,425,457,458,464,465,466,467,468,504,505,508,509,510,511,512,513,553,554,598,599,641,642,643,687,688,689,732,733,777,778,893,894,895,896,897,898,936,937,938,939,940,942,943,981,982,987,988,989,990,1026,1027,1028,1030,1031,1033,1034,1035,1068,1069,1071,1072,1073,1074,1075,1076,1077,1078,1079,1080,1113,1114,1115,1118,1119,1120,1121,1122,1123,1124,1125,1158,1159,1164,1165,1166,1167,1168,1169,1170,1204,1205,1210,1211,1212,1213,1214,1215,1249,1254,1258,1259,1260,1294,1298,1299,1343,1344
130,130,295
2,9,10,11,12,17,18,19,20,22,23,24,25,26,27,28,29,51,52,53,54,55,56,57,61,62,63,64,67,68,69,70,96,97,98,99,100,101,102,103,105,106,107,108,112,113,114,115,116,117,118,120,122,123,136,142,143,144,145,146,147,153,156,157,158,160,161,162,163,164,165,166,167,168,169,170,181,188,189,190,191,196,197,198,199,201,202,204,205,206,207,209,210,211,212,213,214,215,216,217,220,221,224,231,232,233,234,235,236,241,242,243,244,245,246,249,250,253,254,255,256,257,258,259,260,263,276,277,278,279,280,286,287,288,289,290,291,294,295,296,297,298,299,300,301,302,303,304,320,321,322,323,324,325,331,332,333,334,335,336,337,339,340,342,343,344,345,359,360,365,366,367,368,369,370,376,377,378,379,380,386,411,412,413,414,415,421,422,423,424,425,457,458,459,463,464,465,466,467,468,469,503,504,505,509,510,511,512,513,548,550,553,554,595,597,599,640,642,643,686,688,732,733,777,821,894,895,896,897,898,937,938,939,940,942,943,981,982,987,988,989,990,1026,1027,1028,1030,1033,1034,1068,1069,1071,1072,1073,1074,1075,1076,1077,1080,1090,1114,1117,1118,1119,1120,1121,1122,1123,1124,1125,1157,1158,1159,1164,1165,1166,1167,1168,1169,1170,1204,1210,1211,1212,1213,1214,1215,1249,1254,1258,1259,1260,1294,1298,1299,1343
117,117,279
2,9,10,11,12,13,17,18,19,20,22,23,24,25,27,28,29,32,52,53,54,55,56,57,61,62,63,64,67,68,69,70,80,83,91,97,98,99,100,101,102,103,105,106,108,112,113,114,115,116,117,118,121,122,123,136,141,142,143,144,145,146,147,151,153,154,156,157,158,160,161,162,163,164,165,166,167,168,169,170,175,187,188,189,190,191,198,199,201,202,203,204,206,208,209,210,211,212,213,214,215,216,217,220,231,232,233,234,235,236,241,243,245,246,249,251,252,253,254,255,256,257,258,259,260,276,277,278,279,280,286,287,288,289,290,291,296,297,298,299,300,301,302,320,321,322,323,324,325,331,332,333,334,335,336,342,343,344,345,358,359,360,365,366,367,368,369,370,376,377,378,379,380,411,412,413,414,415,421,422,423,424,425,457,458,459,460,461,466,467,468,469,503,504,505,509,511,512,513,548,553,554,555,595,599,600,601,685,688,894,895,896,897,898,939,940,942,943,981,982,987,988,989,990,1026,1027,1028,1029,1033,1034,1035,1068,1069,1071,1072,1073,1074,1075,1076,1077,1078,1079,1080,1114,1117,1118,1119,1120,1121,1122,1123,1124,1125,1158,1159,1160,1164,1165,1166,1167,1168,1169,1170,1204,1210,1211,1213,1214,1215,1249,1254,1255,1258,1259,1260,1294,1298,1299,1343
70,70,276
3,8,9,10,11,12,18,19,20,22,23,24,27,28,52,53,54,55,56,57,61,62,63,64,67,68,69,70,97,98,99,100,101,102,103,106,107,108,112,113,114,115,116,117,118,121,122,123,136,141,142,143,144,145,146,147,153,154,156,157,158,160,161,162,163,165,166,167,168,169,170,175,187,188,189,190,191,192,198,199,201,202,203,204,205,206,208,209,210,211,212,213,214,215,216,217,231,232,233,234,235,236,242,243,244,245,246,248,249,250,253,254,255,256,257,258,259,260,263,276,277,278,279,280,287,288,289,290,291,295,296,297,298,299,300,301,302,320,321,322,323,324,325,332,333,334,335,336,337,339,340,343,344,345,358,359,360,365,366,367,368,369,370,371,377,378,379,380,381,382,410,411,412,413,414,421,422,423,424,456,457,458,459,462,466,467,468,503,504,505,512,513,548,554,599,601,640,688,689,732,733,777,894,895,896,897,898,937,939,940,941,942,943,981,982,987,988,989,990,1026,1027,1028,1030,1031,1033,1035,1069,1071,1072,1073,1074,1075,1076,1077,1079,1080,1113,1114,1117,1118,1119,1120,1121,1122,1123,1124,1125,1158,1159,1160,1164,1165,1166,1167,1168,1169,1170,1204,1210,1211,1213,1214,1215,1224,1248,1249,1254,1255,1258,1259,1260,1294,1298,1299,1342,1343
132,132,262
2,4,8,9,10,11,12,18,19,20,22,23,24,28,52,53,54,55,56,62,63,64,67,68,69,70,97,98,99,100,101,102,106,108,112,113,114,115,116,117,118,119,121,122,123,136,141,142,143,144,145,146,147,153,156,157,158,160,161,162,164,165,166,167,168,169,170,188,189,190,191,192,198,201,202,203,204,207,208,209,210,211,212,213,214,215,216,217,221,226,231,233,234,235,236,243,245,252,253,254,255,256,257,258,259,260,263,276,277,278,279,280,281,288,289,290,291,292,297,298,299,300,301,302,311,320,321,322,323,324,325,326,332,333,334,336,344,345,346,356,358,359,360,364,365,366,367,368,369,370,371,377,378,379,380,403,411,412,413,414,415,417,422,423,424,425,457,458,459,460,467,468,469,502,504,505,511,513,547,548,558,595,600,647,688,689,733,821,894,895,896,897,898,937,938,939,940,942,943,981,982,987,988,989,990,1000,1026,1027,1028,1034,1035,1068,1069,1071,1072,1073,1074,1075,1076,1077,1078,1079,1080,1113,1114,1118,1119,1120,1121,1122,1123,1124,1125,1159,1160,1164,1165,1166,1167,1168,1169,1170,1204,1205,1210,1211,1212,1213,1214,1215,1249,1254,1255,1258,1259,1260,1293,1294,1298,1299,1342,1343
85,85,265
1,7,8,9,10,11,18,19,22,23,24,51,52,53,54,55,56,62,63,64,67,68,69,70,91,97,98,99,100,101,108,112,113,114,115,116,117,118,119,121,122,123,141,142,143,144,145,146,153,156,157,158,160,161,162,163,165,166,167,168,169,170,181,187,188,189,190,191,192,198,201,202,204,205,206,208,209,210,211,212,213,214,215,216,217,221,231,232,233,234,235,236,243,245,246,249,250,252,253,254,255,256,257,258,259,260,263,276,277,278,279,280,281,288,289,290,291,295,297,298,299,300,301,302,303,304,310,311,312,314,320,321,322,323,324,325,326,332,333,334,336,341,342,343,345,346,358,359,360,365,366,367,368,369,370,371,377,378,379,380,403,404,411,412,413,414,417,422,423,424,456,457,458,459,460,461,466,467,495,501,503,504,505,511,513,548,549,600,602,647,689,732,777,893,894,895,896,897,898,937,938,939,940,942,943,981,982,987,988,989,990,1026,1027,1028,1030,1031,1033,1035,1069,1071,1072,1073,1074,1075,1076,1077,1078,1080,1113,1114,1118,1119,1120,1121,1122,1123,1124,1125,1160,1164,1165,1166,1167,1168,1169,1170,1204,1205,1210,1211,1212,1213,1214,1215,1249,1254,1255,1258,1259,1260,1294,1298,1299,1342,1343
132,132,248
2,4,8,9,11,19,22,23,24,52,53,54,55,56,62,63,64,67,68,69,70,97,98,99,100,101,102,108,112,113,114,115,116,117,118,119,121,122,123,136,141,142,143,144,145,146,153,156,157,158,160,161,162,163,164,165,166,167,168,169,170,187,188,189,190,191,192,198,201,202,203,204,207,208,209,210,211,212,213,214,215,216,217,221,231,232,233,234,235,236,243,245,252,253,254,255,256,257,258,259,260,263,276,277,278,279,280,281,288,289,297,298,299,300,301,302,304,311,312,314,320,321,322,323,324,325,326,333,334,344,345,356,357,358,359,360,365,366,367,368,369,370,371,378,379,380,390,403,411,412,413,414,415,416,422,423,424,448,456,457,458,459,460,461,467,495,502,504,505,513,548,600,647,733,777,821,866,893,894,895,896,897,898,937,939,940,942,943,982,988,989,990,1000,1026,1027,1028,1029,1031,1034,1035,1068,1069,1071,1072,1073,1074,1075,1076,1077,1078,1079,1113,1114,1118,1119,1120,1121,1122,1123,1124,1125,1164,1165,1166,1167,1168,1169,1170,1204,1205,1210,1211,1212,1213,1214,1215,1224,1249,1254,1255,1258,1259,1260,1294,1298,1299,1342,1343
128,128,233
2,3,5,6,7,8,9,10,11,22,23,24,51,52,53,54,55,56,67,68,69,70,78,96,97,98,99,100,101,111,112,113,114,115,116,117,118,119,120,121,141,142,143,144,145,146,153,156,157,158,160,161,162,164,165,166,167,168,187,188,189,190,191,198,201,202,205,207,208,209,210,211,212,213,217,231,232,233,234,235,236,243,244,245,246,249,250,252,253,254,255,256,257,258,263,273,274,275,276,277,278,279,280,287,288,289,290,291,292,297,298,299,300,301,302,311,312,314,319,320,321,322,323,324,325,332,333,334,335,336,339,340,341,345,356,357,358,359,360,364,365,366,367,368,369,370,371,377,378,379,380,381,385,386,396,402,403,404,410,411,412,413,414,415,423,424,425,448,449,455,456,457,458,459,460,467,495,501,502,503,505,513,547,548,549,600,647,691,895,896,897,898,939,943,982,989,990,1027,1028,1029,1035,1069,1073,1074,1075,1076,1080,1113,1118,1119,1120,1123,1164,1165,1166,1167,1168,1169,1170,1210,1211,1213,1214,1215,1249,1255,1258,1259,1260,1298,1299,1305,1343
132,132,256
9,10,11,22,24,49,50,51,52,53,54,55,56,67,68,69,70,71,91,93,94,95,97,98,99,100,101,112,113,114,115,116,117,119,120,121,136,141,142,143,144,145,146,156,157,158,159,160,161,162,163,164,165,166,167,168,171,181,186,187,188,189,190,201,202,203,204,205,206,207,208,209,210,211,212,216,217,226,231,232,233,234,235,244,245,246,249,250,251,252,253,254,255,256,257,258,262,271,273,275,276,277,278,279,280,288,289,290,291,294,296,297,298,299,300,301,302,303,304,309,310,311,321,322,323,324,325,326,334,335,336,337,339,340,341,342,343,344,345,346,347,349,354,355,356,357,366,367,368,369,370,371,379,380,381,383,384,385,386,387,388,389,390,391,401,403,414,415,423,424,425,428,429,431,432,433,435,436,437,447,459,469,470,472,476,477,478,479,480,481,482,483,484,503,513,514,515,530,548,558,602,732,893,895,896,897,898,937,939,940,942,943,982,988,990,1026,1027,1028,1029,1030,1035,1071,1072,1073,1074,1075,1076,1077,1115,1118,1119,1120,1121,1125,1164,1165,1166,1167,1168,1169,1170,1205,1210,1211,1212,1214,1215,1250,1255,1256,1258,1259,1260,1298,1299,1305
132,132,247
2,3,9,11,13,22,23,24,25,46,48,49,50,51,52,53,54,56,67,68,69,70,71,92,94,95,97,98,101,112,113,114,115,116,117,118,119,120,121,122,141,142,143,144,145,146,157,158,159,160,161,162,163,164,165,166,167,168,170,171,181,186,187,188,189,190,201,202,204,205,206,207,208,209,210,211,212,213,215,216,217,226,231,232,233,234,235,237,244,245,246,249,250,251,252,253,254,255,256,257,258,261,262,263,272,273,275,276,277,278,279,280,282,288,289,290,291,292,294,295,296,297,298,299,300,301,302,303,304,308,309,310,311,312,320,321,322,323,324,325,326,333,334,335,336,339,340,341,343,344,346,354,355,356,357,366,367,368,369,370,371,379,380,381,389,390,399,400,401,402,403,412,414,416,423,424,425,426,430,448,458,459,460,469,470,472,503,505,513,514,539,547,549,558,602,893,894,895,896,897,898,937,939,940,943,982,988,990,1027,1028,1029,1035,1072,1073,1074,1075,1077,1078,1115,1118,1119,1120,1121,1123,1125,1164,1165,1166,1167,1168,1169,1170,1205,1210,1211,1212,1213,1214,1215,1255,1256,1258,1259,1260,1298,1299,1305
132,132,253
9,13,22,23,24,25,46,49,50,56,57,67,68,69,70,71,91,94,95,100,102,112,113,114,115,116,117,118,119,120,121,136,141,142,143,144,145,146,157,158,159,160,161,162,163,164,165,166,167,168,170,171,181,187,188,189,190,201,204,205,206,207,208,209,210,211,212,215,216,217,226,231,232,233,234,235,237,244,245,246,249,250,251,252,253,254,255,256,257,258,260,261,262,263,271,272,273,275,276,277,278,279,280,281,282,288,289,290,291,294,295,296,297,298,299,300,301,302,303,306,307,309,310,311,321,322,323,324,325,326,334,335,336,338,339,340,341,342,343,344,345,346,347,348,353,354,355,356,357,358,366,367,368,370,371,379,380,381,383,384,385,386,387,388,389,390,393,399,400,401,402,403,404,412,413,414,416,423,424,425,428,429,447,449,458,459,469,470,472,492,493,503,504,513,514,539,548,549,558,590,602,860,893,895,896,897,898,937,939,940,942,943,982,983,988,990,1028,1029,1030,1072,1073,1074,1075,1076,1115,1119,1120,1121,1125,1161,1164,1165,1166,1167,1168,1169,1170,1205,1210,1211,1212,1213,1214,1215,1249,1255,1256,1258,1259,1260,1298,1299,1305
132,132,253
3,13,22,25,48,49,50,57,67,68,69,70,71,91,92,94,95,102,112,113,114,115,116,117,118,119,120,121,122,123,136,142,144,145,146,147,157,158,159,160,161,162,163,164,165,166,167,168,170,171,181,182,187,188,190,201,202,204,205,206,208,209,210,211,212,215,216,226,231,232,233,234,235,237,244,245,246,247,249,250,251,252,253,254,255,256,257,258,260,261,262,263,271,272,273,275,276,277,278,279,280,282,289,290,291,292,294,295,296,297,298,299,300,301,302,303,307,308,309,310,311,312,321,322,323,324,325,326,333,335,336,338,339,340,343,344,346,347,354,355,356,357,367,368,369,370,371,379,380,381,383,384,386,389,390,396,398,399,400,401,402,403,404,412,413,414,415,416,423,424,425,429,433,436,447,448,449,450,457,458,459,469,470,492,493,495,501,503,505,513,514,538,548,550,558,590,635,691,727,893,894,895,896,897,898,939,940,942,943,982,983,988,990,1027,1028,1029,1030,1071,1072,1073,1074,1075,1080,1113,1119,1120,1121,1125,1158,1161,1164,1165,1166,1167,1168,1169,1170,1205,1206,1210,1211,1212,1213,1214,1215,1255,1256,1258,1259,1260,1298,1299,1305
134,134,255
13,22,25,49,50,57,67,68,69,70,71,91,92,94,95,97,112,113,114,115,116,117,118,119,120,121,122,136,143,144,145,146,157,158,159,160,161,162,163,164,165,166,167,168,170,171,181,187,188,189,190,201,204,205,206,207,208,209,210,211,212,215,216,217,226,231,232,233,234,235,237,245,246,249,250,251,252,253,254,255,256,257,258,260,261,262,263,272,273,276,277,279,280,281,282,288,289,290,291,294,295,296,298,299,300,301,302,303,307,308,309,310,311,322,323,324,325,326,333,335,336,338,339,340,341,342,343,344,345,346,347,348,349,352,354,355,356,357,367,368,370,371,379,380,381,382,383,384,385,387,388,389,391,392,397,398,399,400,401,402,403,404,411,412,413,414,423,424,425,427,428,429,430,435,444,446,448,449,450,458,459,469,470,472,481,492,493,494,502,503,513,514,538,539,547,548,550,558,590,591,592,593,635,638,727,894,895,896,897,898,937,939,940,942,943,982,983,988,990,1027,1028,1029,1031,1073,1074,1119,1120,1121,1125,1160,1161,1165,1166,1167,1168,1169,1170,1205,1206,1210,1211,1212,1213,1214,1215,1250,1255,1256,1257,1258,1259,1260,1298,1299,1305
107,107,266
3,12,13,22,24,25,46,48,49,50,67,68,69,70,71,91,92,94,95,112,113,114,115,116,117,118,119,120,121,122,136,142,145,146,157,158,159,160,161,162,163,164,165,166,167,170,171,181,187,188,189,190,192,201,204,205,206,207,208,209,210,211,212,215,216,217,226,231,232,234,235,236,237,244,245,246,247,249,250,251,252,253,254,255,256,257,258,260,262,263,272,276,277,279,280,290,291,292,294,295,296,297,298,299,300,301,302,303,304,306,307,308,309,310,311,322,323,325,326,333,335,336,338,339,343,344,345,346,347,350,354,355,356,357,367,368,369,370,371,380,381,382,383,384,385,386,388,389,390,397,398,399,400,401,402,403,404,411,412,413,414,423,424,425,427,429,431,433,444,445,446,447,448,449,450,458,459,460,469,470,472,489,492,494,495,502,503,504,505,513,514,537,538,539,546,547,548,549,554,558,583,590,635,638,726,727,733,893,894,895,896,897,898,937,939,940,942,943,982,983,988,989,990,1027,1028,1029,1030,1033,1034,1071,1072,1073,1074,1075,1078,1080,1113,1119,1120,1121,1125,1158,1161,1165,1166,1167,1168,1169,1170,1205,1206,1210,1211,1212,1213,1214,1215,1249,1250,1255,1256,1258,1259,1260,1298,1299
98,98,272
11,13,22,25,46,49,50,57,67,68,69,70,71,91,94,95,112,113,114,115,116,117,118,119,120,121,122,136,141,142,143,145,146,148,157,158,159,160,161,162,163,164,165,166,167,168,170,171,181,187,188,189,190,192,201,204,205,206,207,208,209,210,211,215,216,226,231,232,234,235,236,237,245,246,249,250,251,252,253,254,255,256,257,258,261,262,263,271,277,278,279,280,281,288,290,291,294,295,296,298,299,300,301,302,303,306,307,308,309,310,311,322,323,325,326,333,335,336,338,339,340,341,342,343,344,345,346,347,348,349,351,352,353,354,355,356,357,367,368,370,371,380,381,382,383,384,385,386,387,388,389,390,392,396,397,398,399,400,401,402,403,404,411,412,413,414,416,424,425,429,430,435,436,444,445,446,447,448,449,450,457,458,459,469,470,471,472,476,481,483,489,492,493,494,503,513,514,522,536,537,538,539,547,548,549,558,590,591,593,594,635,638,639,681,688,726,727,816,893,895,896,897,898,938,939,940,942,943,982,983,988,990,1027,1028,1029,1031,1035,1072,1073,1074,1075,1119,1120,1121,1125,1158,1160,1161,1165,1166,1167,1168,1169,1170,1205,1206,1207,1210,1211,1212,1213,1214,1215,1250,1255,1256,1257,1258,1260,1298,1299,1305
98,98,274
2,3,13,25,46,48,49,50,67,68,69,70,71,91,94,95,101,112,113,114,115,116,117,119,120,121,122,136,146,157,158,159,160,161,162,163,164,165,166,167,170,171,181,186,187,188,189,190,192,201,204,205,206,207,208,209,210,211,212,213,215,216,226,231,232,234,235,236,237,245,246,247,249,250,251,252,253,254,255,256,257,258,261,262,263,276,277,278,279,280,281,290,291,293,294,297,298,299,300,301,302,303,306,307,308,309,310,311,321,322,323,324,325,326,333,335,336,338,339,342,343,344,345,346,347,348,349,350,351,352,353,354,355,356,357,367,368,369,370,371,380,381,382,384,385,386,387,389,390,396,397,398,399,400,401,402,403,412,413,414,416,423,424,425,426,428,429,432,433,444,445,446,447,448,449,450,457,458,459,469,470,475,477,489,490,492,493,494,501,503,504,505,513,514,535,536,537,538,539,540,547,548,549,583,584,585,590,594,635,637,638,643,681,688,726,727,733,777,894,895,896,897,898,938,939,940,942,943,983,988,990,1028,1029,1030,1033,1071,1072,1073,1074,1075,1080,1113,1118,1119,1120,1121,1125,1161,1165,1166,1167,1168,1169,1170,1205,1206,1207,1210,1211,1212,1213,1214,1215,1249,1250,1255,1256,1257,1258,1293,1298,1299,1305,1344
94,94,267
5,7,8,11,12,13,23,24,25,46,49,50,51,52,53,56,58,67,68,69,70,71,91,94,95,96,97,98,100,101,112,113,114,115,116,117,119,120,121,122,136,141,142,143,145,146,157,158,159,160,161,162,163,164,165,166,167,168,170,171,181,186,187,188,189,190,200,201,202,203,204,205,206,207,208,209,210,211,212,215,216,231,232,233,235,236,244,245,246,247,248,249,250,251,252,253,254,255,256,257,258,259,260,261,277,279,280,281,288,289,290,291,292,293,296,297,298,299,300,301,302,303,305,306,307,309,310,311,323,324,325,333,335,336,338,339,343,344,346,347,348,349,351,354,355,356,366,367,368,370,378,379,380,381,382,383,384,385,386,387,388,389,393,397,398,403,411,412,413,414,416,423,424,425,426,427,428,429,430,433,435,438,439,440,442,443,444,445,450,458,468,469,470,472,480,481,488,489,491,494,503,514,536,537,539,546,547,548,549,558,584,590,591,594,635,638,643,680,681,682,726,893,896,897,898,939,940,943,983,988,990,1027,1028,1029,1070,1072,1073,1074,1115,1119,1120,1121,1158,1160,1161,1162,1165,1166,1169,1170,1205,1206,1211,1212,1213,1214,1249,1250,1251,1255,1256,1257,1258,1260,1294,1299,1305
98,98,284
3,11,12,13,22,23,24,25,48,52,53,54,56,58,67,68,69,70,71,93,95,97,99,100,108,112,113,114,115,117,118,121,139,140,142,144,145,146,147,148,157,158,159,160,161,162,163,170,183,184,185,186,187,189,190,192,193,199,201,202,203,204,205,206,207,208,215,216,230,231,232,234,235,237,242,244,245,246,247,248,249,250,251,252,253,254,255,261,262,263,276,277,279,282,286,287,289,290,291,292,293,294,295,296,297,298,300,302,303,321,322,323,324,331,332,333,334,335,336,337,338,339,340,341,343,344,345,346,351,361,367,368,369,373,378,379,380,381,382,383,384,385,386,387,388,389,390,391,395,396,397,398,406,407,412,413,416,423,424,425,426,427,428,429,430,431,432,433,434,442,443,454,455,458,465,469,470,472,473,474,475,476,477,478,479,480,488,501,502,503,513,514,515,517,518,519,520,521,522,523,525,543,545,546,547,558,563,564,565,566,567,570,572,588,589,590,591,592,602,609,610,615,632,633,634,635,636,637,646,656,660,678,688,763,764,765,862,897,898,940,941,942,943,983,989,990,1028,1034,1035,1070,1071,1072,1073,1080,1114,1115,1119,1120,1125,1161,1162,1163,1164,1165,1166,1170,1204,1206,1207,1209,1210,1211,1212,1213,1215,1250,1251,1252,1254,1255,1256,1260,1299,1305
107,107,292
11,22,23,24,25,26,46,49,54,56,58,67,68,69,70,71,72,91,92,94,95,96,97,99,100,101,112,113,114,115,116,141,142,144,145,146,148,156,157,158,159,160,161,162,163,164,186,187,189,190,191,192,201,202,203,204,205,206,207,208,209,215,216,231,232,234,235,236,241,242,244,245,246,247,248,249,250,251,252,253,257,260,262,263,276,277,278,279,280,287,289,290,291,292,293,294,295,296,297,298,299,301,302,304,305,306,307,320,322,323,324,325,331,333,334,335,336,337,338,339,340,341,342,343,344,345,346,347,349,351,353,367,368,370,376,378,379,380,381,383,384,385,386,387,388,389,390,395,396,397,398,406,407,411,412,413,414,416,422,423,424,425,426,427,428,429,430,431,432,433,435,440,441,442,443,444,445,446,455,458,459,461,465,468,469,470,472,473,474,475,476,478,481,488,490,491,501,503,513,514,518,519,520,521,522,525,534,543,544,545,546,549,550,556,558,563,565,589,590,591,593,597,598,602,628,631,633,634,635,636,637,638,680,681,688,726,897,898,939,940,941,942,943,944,983,988,989,990,1028,1029,1034,1035,1070,1071,1072,1073,1074,1080,1115,1117,1119,1120,1125,1160,1161,1162,1163,1164,1165,1166,1170,1204,1205,1206,1207,1209,1210,1211,1212,1213,1215,1249,1250,1251,1252,1253,1255,1256,1260,1299,1300,1305
20,20,305
8,11,22,23,24,25,48,54,56,58,64,67,68,69,70,71,72,95,97,100,101,102,103,112,113,115,116,117,138,142,143,144,145,146,148,153,154,156,157,158,159,160,161,162,163,183,185,186,187,189,190,193,197,199,200,201,202,203,204,205,206,207,208,215,216,217,230,231,232,234,235,241,242,244,245,246,247,248,249,250,251,252,253,255,260,261,262,263,275,276,277,282,286,287,288,289,290,291,292,293,294,295,297,298,299,300,301,302,303,306,307,319,320,321,322,324,325,331,332,333,334,335,336,337,338,339,340,341,342,343,344,345,346,347,351,363,365,367,368,369,376,378,379,380,381,382,383,384,385,386,387,388,389,390,392,394,395,397,398,406,407,411,412,413,416,423,424,425,426,427,428,429,430,431,432,433,434,440,441,442,443,444,445,446,454,455,458,459,461,465,468,469,470,471,472,473,474,475,476,477,486,487,488,489,490,491,502,503,513,514,515,518,519,520,521,533,534,536,537,543,546,547,556,558,560,563,564,566,571,572,589,590,591,592,598,602,610,611,633,634,635,636,637,678,679,681,688,728,764,771,897,898,940,942,943,944,983,987,989,990,1028,1034,1035,1070,1071,1072,1073,1074,1079,1080,1114,1115,1118,1119,1120,1125,1159,1161,1162,1163,1164,1165,1166,1204,1206,1207,1208,1209,1210,1211,1212,1215,1250,1251,1252,1253,1254,1255,1256,1258,1260,1299,1300,1303,1305
6,6,308
11,22,23,24,25,26,38,39,54,56,58,63,67,68,69,70,71,72,95,99,100,101,102,103,112,113,115,141,142,144,145,146,147,148,154,155,156,157,158,159,160,161,162,163,185,189,190,191,199,200,201,202,203,204,205,206,207,208,209,214,215,216,217,230,231,232,233,234,235,236,242,244,245,246,247,248,249,250,251,252,253,259,260,261,262,263,276,277,279,280,286,287,288,289,290,291,292,293,294,295,296,298,299,300,302,306,307,320,321,322,323,324,325,331,332,333,334,335,336,337,338,339,340,341,342,343,344,345,346,347,348,350,351,353,367,369,376,377,378,379,380,381,382,383,384,385,386,387,388,389,390,395,396,397,398,399,411,414,416,422,423,424,425,426,427,428,429,430,431,432,433,434,435,436,437,438,439,440,441,442,443,444,445,446,454,455,459,461,467,468,469,470,471,472,473,474,475,476,477,479,480,481,482,483,486,487,488,489,490,491,503,513,514,515,518,519,520,521,522,528,531,532,533,534,556,558,564,565,577,578,579,581,588,590,591,597,633,634,635,636,638,643,680,764,897,898,939,940,941,942,943,944,945,983,988,989,990,1026,1027,1028,1034,1035,1070,1072,1073,1074,1079,1080,1115,1117,1119,1125,1158,1159,1160,1161,1162,1163,1164,1165,1166,1170,1204,1205,1206,1207,1208,1210,1211,1212,1213,1215,1249,1250,1251,1252,1253,1254,1255,1256,1257,1258,1259,1260,1298,1299,1300,1305
6,6,323
11,21,22,23,24,25,26,35,36,37,38,39,40,54,56,58,67,68,69,70,71,72,82,83,99,100,101,102,103,110,113,114,115,116,117,144,145,146,147,148,154,155,156,157,158,159,160,161,162,163,169,171,183,186,189,190,193,199,201,202,203,204,205,206,207,208,213,214,215,216,217,230,231,232,234,235,242,244,245,246,247,248,249,250,252,253,255,257,258,259,260,261,262,263,276,287,288,289,290,291,292,293,294,295,297,298,299,300,301,302,306,322,323,324,325,331,332,333,334,335,336,337,338,339,340,341,343,344,345,346,347,350,369,377,378,379,380,381,382,383,384,385,386,387,388,389,390,391,392,393,394,395,396,397,398,399,406,407,416,420,423,424,425,426,427,428,429,430,431,432,433,434,435,436,437,438,439,440,441,442,443,444,445,446,455,457,468,469,470,472,473,474,475,478,479,480,481,482,483,486,487,488,489,490,491,511,513,514,515,518,519,520,521,522,525,526,527,528,531,532,533,534,535,536,556,557,558,564,565,570,571,572,573,574,576,577,578,579,580,581,582,583,602,610,611,617,618,619,622,623,624,625,627,628,670,672,716,717,718,719,720,728,762,763,764,765,810,854,897,898,940,941,942,943,944,983,984,988,989,990,1026,1028,1034,1035,1070,1072,1074,1079,1080,1114,1115,1125,1159,1160,1161,1162,1163,1166,1170,1204,1206,1207,1210,1211,1212,1213,1214,1215,1250,1251,1252,1253,1254,1255,1256,1258,1259,1260,1300,1303,1304,1305,1343
76,76,356
11,20,21,23,24,25,26,32,35,36,37,38,39,40,41,42,44,45,56,58,59,63,67,68,69,70,71,72,80,81,82,83,84,85,87,88,89,90,100,103,104,110,112,113,114,115,116,118,127,128,129,130,132,133,134,135,145,146,148,153,154,155,156,157,158,159,160,161,162,169,170,171,172,173,174,175,176,177,178,179,180,189,190,191,199,200,201,202,203,204,205,206,207,212,213,214,216,217,218,219,220,221,222,223,224,225,231,234,235,237,243,244,245,246,247,248,249,250,257,258,259,260,261,262,263,264,265,267,268,269,270,276,287,289,290,291,292,293,294,298,299,300,303,304,305,307,333,334,335,336,338,339,340,341,342,343,344,345,347,350,351,352,353,377,378,379,380,381,382,384,385,386,387,388,389,390,391,392,393,394,395,396,397,398,399,400,422,423,424,425,426,427,428,429,430,431,432,434,435,436,437,438,439,440,441,442,443,444,445,446,447,467,468,469,470,471,472,473,474,475,477,478,479,480,481,482,483,486,487,488,491,492,511,512,513,514,515,521,522,525,526,527,528,531,532,533,534,535,536,537,538,557,558,570,571,572,573,574,576,577,578,579,580,581,582,583,615,616,617,619,622,623,624,625,626,627,628,629,630,668,669,670,671,672,673,674,675,715,716,717,718,719,720,761,762,763,764,765,810,853,854,855,896,897,898,900,939,940,941,942,943,944,945,983,987,988,989,990,1026,1027,1028,1034,1035,1070,1071,1072,1080,1115,1117,1119,1125,1159,1160,1161,1162,1166,1170,1204,1205,1210,1211,1212,1213,1214,1215,1251,1252,1254,1255,1256,1257,1258,1259,1260,1300,1305
76,76,369
11,23,24,25,26,27,28,29,30,31,32,33,34,35,36,37,38,39,40,41,42,43,44,45,56,67,68,69,70,71,72,75,76,77,78,79,80,81,82,83,84,85,86,87,88,89,90,110,111,113,114,115,116,117,121,122,123,124,125,126,127,128,129,130,131,132,133,134,135,154,155,156,157,158,162,163,167,170,171,172,173,174,175,176,177,178,179,180,190,199,202,203,204,213,214,216,217,218,219,220,221,222,223,224,225,244,245,246,247,249,255,256,257,258,259,261,262,263,264,265,266,267,268,269,270,289,290,291,292,298,299,300,301,302,303,304,305,306,307,308,309,310,311,312,313,314,315,335,336,342,343,344,345,346,347,348,349,350,351,352,353,354,355,356,357,358,359,360,378,379,380,381,382,388,389,390,391,392,393,394,395,396,397,398,399,400,401,402,403,404,405,423,424,425,426,427,428,434,435,436,437,438,439,441,443,444,445,446,447,448,449,450,467,468,469,470,472,481,482,483,487,488,489,490,491,492,493,494,495,512,513,514,515,522,525,526,527,528,530,531,532,533,534,535,536,537,538,539,540,557,558,570,571,572,573,574,575,576,577,578,579,580,581,582,583,584,585,618,619,621,622,623,624,625,626,627,628,629,630,667,668,669,670,671,672,673,674,675,714,715,716,717,718,719,720,760,761,762,763,764,765,806,808,809,810,852,853,854,855,895,896,897,898,899,900,939,940,941,942,943,944,945,983,984,985,986,987,988,989,990,1026,1027,1028,1033,1034,1035,1072,1073,1079,1080,1115,1119,1125,1160,1161,1162,1166,1168,1169,1170,1204,1205,1210,1211,1212,1213,1214,1215,1253,1255,1256,1258,1259,1260,1298,1300,1301,1303,1305
93,93,376
22,23,24,27,28,29,30,31,32,33,34,35,36,37,38,39,40,41,42,43,44,45,67,68,69,70,71,72,73,74,75,76,77,78,79,80,81,82,83,84,85,86,87,88,89,90,113,115,116,117,118,119,120,121,122,123,124,125,126,127,128,129,130,131,132,133,134,135,156,157,158,165,166,167,168,169,170,171,172,173,174,175,176,177,178,179,180,199,202,210,211,212,213,214,215,216,217,218,219,220,221,222,223,224,225,245,246,247,256,257,258,259,260,261,262,263,264,265,266,267,268,269,270,290,291,292,301,302,303,304,305,306,307,308,309,310,311,312,313,314,315,335,336,343,344,346,347,348,349,350,351,352,353,354,355,356,357,358,359,360,380,381,392,393,394,395,396,397,398,399,400,401,402,403,404,405,425,426,427,438,439,440,441,442,443,444,445,446,447,448,449,450,469,470,484,485,486,487,488,489,490,491,492,493,494,495,514,527,528,529,530,531,532,533,534,535,536,537,538,539,540,572,573,574,575,576,577,578,579,580,581,582,583,584,585,618,619,620,621,622,623,624,625,626,627,628,629,630,666,667,668,669,670,671,672,673,674,675,712,713,714,715,716,717,718,719,720,758,759,760,761,762,763,764,765,803,804,805,806,807,808,809,810,848,849,850,851,852,853,854,855,892,893,894,895,896,897,898,899,900,938,939,940,941,942,943,944,945,983,984,985,986,987,988,989,990,1026,1027,1028,1029,1030,1031,1032,1033,1034,1035,1071,1072,1073,1074,1075,1076,1077,1078,1079,1080,1118,1119,1120,1121,1122,1123,1124,1125,1160,1162,1165,1166,1167,1168,1169,1170,1210,1211,1212,1213,1214,1215,1254,1255,1256,1257,1258,1259,1260,1298,1299,1300,1301,1302,1303,1304,1305,1347,1349,1350
85,85,406
22,23,24,25,26,27,28,29,30,31,32,33,34,35,36,37,38,39,40,41,42,43,44,45,67,68,69,70,71,72,73,74,75,76,77,78,79,80,81,82,83,84,85,86,87,88,89,90,113,115,116,117,118,119,120,121,122,123,124,125,126,127,128,129,130,131,132,133,134,135,158,163,164,165,166,167,168,169,170,171,172,173,174,175,176,177,178,179,180,208,209,210,211,212,213,214,215,216,217,218,219,220,221,222,223,224,225,247,253,254,255,256,257,258,259,260,261,262,263,264,265,266,267,268,269,270,298,299,300,301,302,303,304,305,306,307,308,309,310,311,312,313,314,315,343,345,346,347,348,349,350,351,352,353,354,355,356,357,358,359,360,392,395,396,397,398,399,400,401,402,403,404,405,437,438,441,442,443,444,445,446,447,448,449,450,480,482,483,484,486,487,488,489,490,491,492,493,494,495,526,527,528,529,530,531,532,533,534,535,536,537,538,539,540,571,572,573,574,575,576,577,578,579,580,581,582,583,584,585,615,616,617,618,619,620,621,622,623,624,625,626,627,628,629,630,661,662,663,664,665,666,667,668,669,670,671,672,673,674,675,708,709,710,711,712,713,714,715,716,717,718,719,720,754,755,756,757,758,759,760,761,762,763,764,765,800,801,802,803,804,805,806,807,808,809,810,845,846,847,848,849,850,851,852,853,854,855,891,892,893,894,895,896,897,898,899,900,936,937,938,939,940,941,942,943,944,945,981,982,983,984,985,986,987,988,989,990,1026,1027,1028,1029,1030,1031,1032,1033,1034,1035,1069,1070,1071,1072,1073,1074,1075,1076,1077,1078,1079,1080,1114,1118,1119,1120,1121,1122,1123,1124,1125,1159,1160,1162,1165,1166,1167,1168,1169,1170,1205,1207,1209,1210,1211,1212,1213,1214,1215,1254,1255,1256,1257,1258,1259,1260,1298,1299,1300,1301,1302,1303,1304,1305,1346,1347,1348,1349,1350
129,129,473
20,21,22,23,24,25,26,27,28,29,30,31,32,33,34,35,36,37,66,68,69,70,71,72,73,74,75,76,77,78,79,80,81,82,110,111,112,113,114,115,116,117,118,119,120,121,122,123,124,125,126,127,128,154,155,156,157,158,159,160,161,162,163,164,165,166,167,168,169,170,171,172,173,199,200,201,202,203,204,205,206,207,208,209,210,211,212,213,214,215,216,217,218,244,245,246,247,248,249,252,253,254,255,256,257,258,259,260,261,262,263,264,290,291,292,293,294,295,296,297,298,300,301,302,303,304,305,306,308,309,334,335,336,337,338,339,340,341,342,343,344,345,346,347,348,349,350,351,352,379,380,381,382,383,384,385,386,387,388,389,390,391,392,393,394,395,396,397,398,424,425,426,427,428,435,436,437,438,439,440,441,471,479,480,481,482,483,484,486,513,523,524,525,526,527,528,529,531,532,564,566,567,568,569,571,572,573,574,575,577,578,610,612,613,614,615,616,617,618,619,620,621,622,623,624,627,655,656,657,658,659,660,661,662,663,664,665,666,667,668,669,670,671,672,673,699,700,701,702,703,704,705,706,707,708,709,710,711,712,713,714,715,716,717,718,746,747,748,749,750,751,752,753,754,755,756,757,758,759,760,761,762,763,764,792,793,794,795,796,797,798,799,800,801,802,803,804,805,806,807,808,809,810,838,839,840,841,842,843,844,845,846,847,848,849,850,851,852,853,854,855,884,885,886,887,888,889,890,891,892,893,894,895,896,897,898,899,900,930,931,932,933,934,935,936,937,938,939,940,941,942,943,944,945,977,978,979,980,981,982,983,984,985,986,987,988,989,990,1021,1022,1023,1024,1025,1026,1027,1028,1029,1030,1031,1032,1033,1034,1035,1067,1068,1069,1070,1071,1072,1073,1074,1075,1076,1077,1078,1079,1080,1111,1112,1113,1114,1115,1116,1117,1118,1119,1120,1121,1122,1123,1124,1125,1157,1158,1159,1160,1161,1162,1163,1164,1165,1166,1167,1168,1169,1170,1203,1204,1205,1206,1207,1208,1209,1210,1211,1212,1213,1214,1215,1248,1249,1250,1251,1252,1253,1254,1255,1256,1257,1258,1259,1260,1293,1294,1297,1298,1299,1300,1301,1302,1303,1304,1305,1341,1342,1343,1344,1345,1346,1347,1348,1349,1350
134,134,511
8,9,10,11,13,14,15,16,17,18,19,20,21,22,23,24,25,26,54,55,56,57,58,59,60,61,62,63,64,65,66,67,68,69,70,71,72,73,99,100,101,102,103,104,105,106,107,108,109,110,111,112,113,114,115,116,117,118,119,143,144,145,146,148,149,150,151,152,153,154,155,156,157,158,159,160,161,162,163,189,194,195,197,198,199,200,201,202,203,204,205,206,207,208,209,239,240,241,242,243,244,245,246,247,248,249,250,251,252,253,254,284,286,287,288,289,290,291,292,293,294,295,296,297,298,299,331,332,333,334,335,336,337,338,339,340,341,342,343,344,345,377,378,379,380,381,382,383,384,385,386,387,388,389,390,391,423,424,425,426,427,428,429,430,431,432,433,434,435,467,468,469,470,471,472,473,474,475,476,477,478,479,480,481,511,512,513,514,516,517,518,519,520,521,522,523,524,525,526,527,556,557,558,559,560,561,562,563,564,565,566,567,568,569,570,571,572,573,600,601,602,603,604,605,606,608,609,610,611,612,613,614,615,616,617,618,645,646,647,648,651,653,654,655,656,657,658,659,660,661,662,663,690,691,692,693,694,695,696,697,698,699,700,701,702,703,704,705,706,707,708,736,738,740,741,742,743,744,745,746,747,748,749,750,751,752,753,785,786,787,788,789,790,791,792,793,794,795,796,797,798,799,800,831,832,833,834,835,836,837,838,839,840,841,842,843,876,877,878,879,880,881,882,883,884,885,886,887,888,889,890,897,921,922,923,924,925,926,927,928,929,930,931,932,933,934,936,967,968,969,970,971,972,973,974,975,976,977,978,979,980,981,982,983,989,990,1012,1013,1014,1015,1016,1017,1018,1019,1020,1021,1022,1023,1024,1025,1026,1027,1028,1029,1057,1058,1059,1060,1061,1062,1063,1064,1065,1066,1067,1068,1069,1070,1071,1072,1073,1103,1104,1105,1106,1107,1108,1109,1110,1111,1112,1113,1114,1115,1116,1117,1118,1119,1120,1148,1149,1150,1151,1152,1153,1154,1155,1156,1157,1158,1159,1160,1161,1162,1163,1164,1165,1166,1193,1194,1195,1196,1197,1198,1199,1200,1201,1202,1203,1204,1205,1206,1207,1208,1209,1210,1211,1212,1238,1239,1242,1243,1244,1245,1246,1247,1248,1249,1250,1251,1252,1253,1254,1255,1256,1257,1258,1287,1288,1289,1290,1291,1292,1293,1294,1297,1298,1299,1300,1301,1302,1303,1304,1305,1332,1333,1334,1335,1336,1337,1338,1339,1340,1341,1342,1343,1344,1345,1346,1347,1348
80,80,444
2,3,6,7,8,9,10,11,12,13,14,48,49,52,53,54,55,56,57,58,59,93,94,95,96,97,98,99,100,101,102,103,104,105,110,138,139,140,141,142,143,144,145,146,147,148,149,150,154,155,156,182,183,184,185,186,187,188,189,190,191,192,193,194,195,197,198,199,200,201,202,229,230,231,232,233,234,235,237,238,239,240,241,243,244,245,246,247,275,276,277,278,279,280,281,282,283,284,285,286,289,290,291,292,319,321,322,324,325,326,327,329,330,331,332,333,334,335,336,337,363,364,367,368,369,370,371,372,373,374,375,376,377,378,379,380,381,382,410,411,412,413,414,415,416,417,418,419,420,421,422,423,424,425,426,455,456,457,458,459,460,461,462,463,464,465,467,468,469,470,471,500,501,502,503,505,507,508,509,510,511,512,513,514,544,545,546,547,549,551,552,553,555,556,557,558,561,564,588,589,590,591,592,593,594,595,596,597,598,599,600,601,602,603,604,605,606,608,634,636,637,638,639,640,641,642,644,645,646,647,648,651,653,680,681,682,683,684,685,686,687,688,689,690,691,692,693,697,698,725,726,727,728,729,730,731,732,733,734,735,736,737,770,771,772,773,774,775,776,777,778,779,780,781,815,816,817,818,819,820,821,822,823,824,825,826,827,828,860,861,862,863,864,865,866,867,868,869,870,871,873,906,909,910,911,912,913,914,915,916,922,955,956,957,958,959,960,961,968,969,970,1000,1001,1002,1003,1004,1005,1006,1007,1013,1014,1015,1045,1046,1047,1048,1049,1050,1051,1053,1058,1059,1060,1061,1062,1090,1091,1092,1093,1094,1095,1096,1097,1098,1099,1100,1101,1102,1104,1105,1106,1107,1114,1135,1136,1137,1138,1139,1140,1141,1142,1143,1144,1145,1146,1147,1148,1149,1158,1159,1179,1180,1181,1182,1184,1185,1186,1187,1188,1189,1190,1191,1192,1193,1194,1204,1223,1224,1225,1226,1227,1228,1229,1230,1231,1232,1233,1234,1235,1236,1237,1238,1239,1248,1249,1268,1270,1271,1272,1273,1275,1276,1277,1278,1279,1280,1281,1282,1283,1294,1313,1316,1317,1319,1320,1321,1322,1323,1324,1325,1326,1327,1328,1330
64,64,344
1,2,3,4,7,8,9,46,47,48,49,51,54,91,92,93,94,95,97,98,99,100,136,137,138,139,140,141,142,143,144,145,181,182,183,184,185,186,187,188,189,190,226,227,228,229,230,231,232,233,234,271,272,273,274,275,276,277,278,279,285,316,317,318,319,320,321,322,323,324,325,361,362,363,364,365,366,367,368,406,407,408,409,410,411,412,413,416,451,452,453,454,455,456,462,496,497,498,499,500,501,502,504,505,506,507,508,541,542,543,544,545,546,547,548,551,552,553,586,587,588,589,590,591,592,593,596,597,598,631,632,633,634,635,636,637,641,642,643,676,677,678,679,680,681,682,686,687,691,721,722,723,724,725,726,727,728,731,732,766,767,768,769,770,771,772,773,777,778,779,780,811,812,813,814,815,816,817,818,819,822,823,824,825,856,857,858,859,860,861,862,863,864,865,866,867,868,869,901,902,903,904,905,906,907,908,909,910,911,912,913,946,947,948,949,950,951,952,953,954,955,956,957,958,991,992,993,994,995,996,997,998,999,1000,1001,1002,1003,1036,1037,1038,1039,1040,1041,1042,1043,1044,1045,1046,1047,1048,1049,1081,1082,1083,1084,1085,1086,1087,1088,1089,1090,1091,1092,1093,1126,1127,1128,1129,1130,1131,1132,1133,1134,1135,1136,1137,1138,1139,1171,1172,1173,1174,1175,1176,1177,1178,1179,1180,1181,1182,1183,1184,1216,1217,1218,1219,1220,1221,1222,1223,1224,1225,1226,1227,1228,1229,1261,1262,1263,1264,1265,1266,1267,1268,1269,1270,1271,1272,1273,1274,1275,1276,1277,1278,1279,1306,1307,1308,1309,1310,1311,1312,1313,1314,1315,1316,1317,1318,1319,1320,1321,1322,1323,1324
138,138,310
2,3,9,11,20,21,22,23,24,25,47,48,49,54,55,56,58,65,66,68,69,71,93,94,95,99,100,101,102,103,104,110,111,112,113,114,137,138,139,140,143,144,145,147,148,153,154,155,156,157,181,183,186,187,188,189,192,199,200,201,202,203,226,227,230,231,233,234,237,244,245,246,247,248,271,276,277,278,289,290,291,292,316,317,318,321,322,333,334,335,336,337,361,362,363,364,365,377,378,379,380,381,406,407,422,423,424,425,426,451,452,467,468,469,470,471,496,497,512,513,514,541,542,557,558,586,587,588,631,632,633,634,676,677,678,679,680,721,722,723,724,766,767,768,769,811,812,813,814,815,816,856,857,858,859,860,861,862,863,897,898,899,901,902,903,904,905,906,907,908,910,911,942,943,944,945,946,947,948,949,950,951,952,955,956,983,989,990,991,992,993,994,995,996,997,999,1000,1001,1002,1027,1034,1035,1036,1037,1038,1039,1040,1041,1042,1044,1045,1047,1068,1069,1070,1071,1072,1081,1082,1083,1084,1085,1086,1087,1088,1089,1090,1091,1092,1113,1114,1115,1116,1117,1118,1126,1127,1128,1129,1130,1131,1132,1133,1134,1135,1136,1137,1158,1159,1160,1161,1171,1172,1173,1174,1175,1176,1177,1178,1179,1180,1181,1182,1204,1205,1209,1210,1216,1217,1218,1219,1220,1221,1222,1223,1224,1225,1226,1227,1248,1249,1253,1254,1255,1261,1262,1263,1264,1265,1266,1267,1268,1269,1270,1271,1272,1293,1306,1307,1308,1309,1310,1311,1312,1313,1314,1315,1316,1317,1318
123,123,282
2,3,7,9,10,11,12,13,15,19,20,21,22,23,24,25,28,47,48,49,54,55,56,57,58,59,60,61,65,66,67,68,69,70,71,72,81,91,92,93,94,95,98,99,100,101,102,103,104,105,108,109,110,111,112,113,114,115,116,136,137,138,139,140,142,143,144,145,146,147,148,149,150,153,154,155,156,157,158,159,160,181,182,183,184,185,186,187,188,189,190,191,192,193,198,199,200,201,202,203,204,205,217,218,227,228,229,230,231,232,233,234,237,243,244,245,246,247,248,262,263,272,273,274,275,276,277,278,282,288,289,290,291,292,293,296,297,317,318,319,320,321,322,323,332,333,334,335,336,337,339,340,341,342,343,363,364,366,377,378,379,380,381,382,383,384,385,386,387,388,409,410,421,422,423,424,425,426,427,428,429,432,467,468,469,470,471,472,502,512,513,514,515,525,526,548,557,558,564,565,570,602,609,614,659,700,717,736,762,763,808,809,853,854,860,896,897,898,899,910,911,939,940,941,942,943,944,945,955,956,982,983,987,988,989,990,1000,1001,1026,1027,1028,1033,1034,1035,1068,1069,1070,1071,1072,1079,1112,1113,1114,1115,1116,1117,1118,1158,1159,1160,1161,1164,1165,1203,1204,1205,1209,1210,1211,1223,1249,1250,1253,1254,1255,1256,1257,1271,1293,1294,1299,1305
129,129,258
2,3,7,8,9,10,11,12,13,15,20,21,22,23,24,25,28,46,47,48,49,54,55,56,57,58,59,60,61,64,65,66,67,68,69,70,71,72,81,92,93,94,95,99,100,101,102,103,104,105,106,109,110,111,112,113,114,115,137,138,139,140,141,142,143,144,145,146,147,148,149,150,153,154,155,156,157,158,159,160,182,183,184,186,187,188,189,190,192,193,198,199,200,201,202,203,204,205,217,218,226,228,229,230,231,232,233,234,237,242,243,244,245,246,247,248,252,263,273,274,275,276,277,278,282,288,289,290,291,292,293,298,317,318,319,321,322,333,334,335,336,337,339,340,341,342,343,364,365,376,377,378,379,380,381,382,383,384,385,386,387,388,421,423,424,425,426,427,429,430,432,467,468,469,470,471,512,513,514,526,531,548,557,558,564,570,571,572,602,609,610,615,616,659,762,763,780,808,809,853,854,855,894,895,897,898,899,910,939,941,942,943,944,945,955,956,983,988,989,990,1000,1001,1027,1028,1034,1035,1068,1069,1070,1071,1072,1113,1114,1115,1116,1117,1118,1157,1158,1159,1160,1161,1204,1205,1209,1210,1211,1248,1249,1250,1253,1254,1255,1256,1293,1294,1299,1300
28,28,246
2,3,7,9,10,11,12,13,14,15,16,19,20,21,22,23,24,25,28,47,48,49,54,55,56,57,59,60,64,65,66,67,68,69,70,72,92,93,94,95,98,99,100,101,102,103,104,105,109,110,111,112,113,114,115,136,137,138,139,140,142,143,144,145,146,147,148,153,154,155,156,157,158,159,160,182,183,184,185,186,187,188,189,190,192,198,199,200,201,202,203,204,205,217,227,228,229,230,231,232,233,234,237,243,244,245,246,247,248,249,251,262,263,272,273,274,275,276,277,278,288,289,290,291,292,293,294,295,296,318,319,320,321,322,332,333,334,335,336,337,339,340,341,343,344,363,366,367,377,378,379,380,381,382,384,385,386,387,388,422,423,424,425,426,427,428,429,430,467,468,469,470,471,512,513,514,515,548,558,564,569,570,615,647,659,762,763,807,808,809,853,854,897,898,899,910,940,941,942,943,944,945,955,956,982,983,987,988,989,990,1000,1001,1027,1028,1034,1035,1068,1069,1070,1071,1072,1079,1113,1114,1115,1116,1117,1118,1158,1159,1160,1161,1165,1204,1205,1209,1210,1211,1249,1250,1253,1254,1255,1256,1293,1299
34,34,200
2,3,8,9,10,11,13,16,20,21,22,23,24,25,48,49,54,55,56,57,58,59,60,64,65,66,67,68,69,78,80,81,82,93,94,95,99,100,101,102,104,105,106,109,110,111,112,113,114,137,138,140,144,145,146,147,153,154,155,156,157,158,159,160,183,186,187,188,189,191,192,197,198,199,200,201,202,204,217,227,228,229,230,231,232,233,234,237,243,244,245,246,247,248,249,273,274,275,276,277,278,288,289,290,291,292,293,294,319,320,321,333,334,335,336,337,339,364,365,377,378,379,380,381,382,385,423,424,425,426,427,428,467,468,469,470,512,513,558,609,761,763,805,807,808,809,851,853,854,894,897,898,899,938,939,942,943,944,945,983,988,989,990,1027,1028,1029,1033,1034,1035,1068,1069,1070,1071,1072,1073,1113,1114,1115,1116,1117,1118,1158,1159,1160,1161,1164,1165,1204,1205,1209,1210,1211,1248,1249,1253,1254,1255,1256,1293,1294
96,96,160
2,3,7,19,20,21,23,24,25,29,30,47,48,49,64,65,66,67,68,80,81,93,94,95,97,98,109,110,111,112,113,140,142,143,147,154,155,156,157,168,173,182,183,184,186,187,188,189,191,192,198,199,200,201,202,216,217,218,222,227,233,234,235,236,237,243,244,245,246,247,266,275,276,277,278,279,280,281,288,289,290,291,292,320,322,323,326,333,334,335,336,337,370,371,377,378,379,380,381,382,415,424,425,426,460,468,469,470,504,513,514,736,780,781,892,895,898,910,940,944,945,956,989,990,1000,1027,1028,1034,1035,1068,1069,1070,1071,1072,1112,1113,1114,1115,1116,1117,1157,1158,1159,1160,1161,1203,1204,1205,1206,1209,1210,1249,1250,1253,1254,1255,1293,1294,1297,1298
127,127,170
2,3,6,7,8,9,11,13,20,21,23,24,25,28,29,30,31,32,47,48,49,56,64,65,66,67,68,80,81,93,94,95,101,109,110,111,112,137,139,140,141,142,143,147,154,155,156,157,173,182,183,185,186,187,188,189,192,198,199,200,201,202,216,217,218,228,230,232,233,234,236,243,244,245,246,247,265,266,274,275,276,277,278,279,280,281,288,289,290,291,292,319,326,332,333,334,335,336,337,363,364,365,370,371,377,378,379,380,381,382,422,423,424,425,426,427,460,468,469,470,504,513,514,892,894,898,899,911,938,939,943,944,945,955,989,990,1000,1027,1034,1035,1068,1069,1070,1071,1072,1113,1114,1115,1116,1117,1118,1158,1159,1160,1161,1204,1205,1206,1209,1210,1248,1249,1250,1253,1254,1255,1293,1294,1298,1342
135,135,168
6,7,13,19,20,21,23,24,25,29,30,31,47,48,49,53,64,65,66,67,68,78,80,81,93,94,95,98,109,110,111,112,139,140,141,143,147,153,154,155,156,157,167,168,173,182,183,186,187,188,189,192,198,199,200,201,202,216,217,218,229,233,234,235,236,237,243,244,245,246,247,265,266,276,277,278,279,280,281,288,289,290,291,292,320,326,332,333,334,335,336,337,370,371,377,378,379,380,381,382,414,415,422,423,424,425,426,460,468,469,470,504,513,514,559,736,737,781,798,892,894,895,898,939,944,945,955,983,989,990,1000,1001,1027,1028,1034,1035,1062,1069,1070,1071,1072,1107,1112,1113,1114,1115,1116,1117,1157,1158,1159,1160,1161,1204,1205,1206,1209,1210,1248,1249,1250,1253,1254,1255,1293,1294,1297,1298
92,92,171
7,9,11,19,20,21,23,24,25,28,29,30,31,32,48,49,56,64,65,66,67,68,69,70,73,74,78,81,93,94,95,96,97,98,101,109,110,111,112,119,140,141,142,143,144,147,153,154,155,156,157,173,183,185,186,187,188,189,192,198,199,200,201,202,216,217,218,228,232,233,234,236,244,245,246,247,265,266,274,276,277,278,279,280,281,288,289,290,291,292,319,326,332,333,334,335,336,337,364,365,370,371,377,378,379,380,381,382,414,415,422,423,424,425,426,427,460,468,469,470,504,513,514,797,892,894,898,899,938,939,943,944,945,989,990,1000,1027,1034,1035,1069,1070,1071,1072,1073,1107,1112,1113,1114,1115,1116,1117,1157,1158,1159,1160,1161,1203,1204,1205,1206,1209,1210,1248,1249,1250,1253,1254,1255,1293,1294,1298
139,139,171
6,7,19,20,21,22,23,24,25,28,29,30,31,32,47,48,49,51,53,56,65,66,67,68,69,70,71,75,77,78,81,93,94,95,96,98,109,110,111,112,114,118,120,140,141,142,143,153,154,155,156,157,160,168,173,183,186,187,188,189,192,198,199,200,201,216,217,218,219,233,234,236,243,244,245,246,247,266,275,276,277,278,279,281,289,290,291,292,320,325,326,333,334,335,336,337,370,371,377,378,379,380,381,382,415,422,423,424,425,426,427,460,466,468,469,470,471,504,513,514,736,797,848,849,892,894,895,897,898,944,945,956,982,989,990,1000,1027,1028,1034,1035,1068,1070,1071,1072,1107,1113,1114,1115,1116,1117,1118,1157,1158,1159,1160,1161,1203,1204,1205,1206,1209,1210,1249,1250,1253,1254,1255,1293,1294,1297,1298
135,135,166
6,7,8,9,11,19,21,22,23,24,25,28,29,30,31,51,53,56,65,66,67,68,69,74,75,76,77,93,94,95,96,97,98,101,109,110,111,112,120,140,141,142,143,147,153,154,155,156,157,183,186,187,188,189,192,198,199,200,201,202,216,217,218,228,229,232,233,234,236,243,244,245,246,247,266,277,281,287,289,290,291,319,320,326,333,334,335,336,337,365,370,371,377,378,379,380,381,382,414,415,422,423,424,425,426,427,468,469,470,471,513,514,657,703,798,847,848,849,892,894,895,896,898,899,938,939,942,944,945,989,990,1027,1028,1034,1035,1062,1069,1070,1071,1072,1107,1113,1114,1115,1116,1117,1157,1158,1159,1160,1161,1203,1204,1205,1206,1209,1210,1248,1249,1250,1253,1254,1255,1293,1294,1298
110,110,167
6,7,8,9,11,12,19,22,23,24,25,28,29,30,31,32,47,51,52,53,56,61,65,66,67,68,69,72,75,77,81,92,93,94,95,96,97,98,109,110,111,112,113,114,115,140,141,142,143,147,153,154,155,156,157,166,183,185,186,187,189,192,198,199,200,201,204,216,217,218,222,223,233,234,236,244,245,247,266,276,277,278,279,280,281,287,289,290,291,292,320,326,333,334,335,336,337,370,377,378,379,380,381,382,414,415,422,423,424,425,426,427,467,468,469,470,509,513,514,658,702,797,803,847,848,849,892,894,895,898,939,944,945,956,989,990,1027,1028,1034,1035,1071,1072,1107,1112,1113,1114,1115,1116,1117,1157,1158,1159,1160,1161,1204,1205,1209,1210,1249,1250,1253,1254,1255,1293,1294,1297,1298
57,57,160
6,7,8,9,10,11,19,22,23,24,28,29,30,31,32,47,51,52,53,55,56,66,67,68,75,77,92,93,94,95,96,97,98,101,111,112,113,120,125,139,140,142,143,147,154,155,156,157,160,185,186,187,188,189,190,191,192,199,200,201,202,217,218,220,222,223,227,228,232,233,234,236,244,245,246,247,266,277,278,281,289,290,320,326,332,333,334,335,336,337,364,370,377,378,379,380,381,382,414,415,422,423,424,425,426,427,468,469,470,513,514,798,802,843,847,848,849,886,892,893,894,895,896,897,899,938,943,944,945,989,990,1027,1028,1034,1035,1070,1071,1072,1107,1113,1114,1115,1116,1117,1158,1159,1160,1161,1204,1205,1209,1210,1248,1249,1250,1253,1254,1255,1293,1298
37,37,125
6,7,8,9,10,11,22,24,29,30,31,32,52,53,54,55,56,66,67,68,76,77,93,94,96,98,101,111,112,113,114,122,140,147,154,155,156,157,171,199,200,201,216,217,220,222,233,234,244,245,246,278,281,289,290,320,326,333,334,335,336,337,377,378,379,380,381,382,415,422,423,424,425,426,467,468,469,470,513,514,700,796,843,845,847,848,849,892,893,894,895,898,939,945,989,990,1027,1028,1034,1035,1070,1071,1072,1107,1112,1113,1114,1115,1116,1117,1158,1159,1160,1161,1204,1205,1206,1209,1210,1249,1250,1253,1254,1255,1298
33,33,108
6,11,18,22,24,28,30,31,32,52,56,66,67,74,77,81,93,94,102,111,112,115,138,139,147,153,154,155,156,157,171,172,199,200,201,216,218,220,281,325,326,333,370,415,466,467,468,512,513,866,892,893,894,898,911,937,938,939,940,942,945,981,982,983,989,990,1027,1028,1034,1035,1069,1070,1071,1072,1073,1080,1107,1112,1113,1114,1115,1116,1118,1125,1157,1158,1159,1160,1161,1165,1170,1204,1205,1209,1210,1211,1223,1248,1249,1253,1254,1255,1256,1297,1298,1299,1342,1343
98,98,105
6,7,10,11,22,24,31,32,52,54,55,56,66,67,77,81,94,96,98,102,111,112,114,115,139,145,153,154,155,156,157,171,172,198,199,200,201,217,281,326,333,370,378,415,422,423,466,467,468,512,513,892,893,894,937,938,939,940,945,982,983,989,990,1027,1028,1034,1035,1071,1072,1080,1107,1112,1113,1114,1115,1116,1125,1157,1158,1159,1160,1161,1165,1166,1204,1205,1206,1209,1210,1211,1248,1249,1250,1252,1253,1254,1255,1256,1293,1297,1298,1299,1342,1343,1344
17,17,111
6,7,11,22,24,30,32,33,34,52,53,54,55,56,66,67,74,77,81,93,94,96,97,98,102,111,112,114,115,139,144,146,147,153,154,155,156,157,171,172,190,198,199,200,201,216,217,281,325,326,370,407,415,423,466,467,468,504,512,513,847,892,893,894,937,938,939,940,945,982,983,989,990,1027,1028,1034,1035,1072,1107,1112,1113,1114,1115,1116,1124,1125,1157,1158,1159,1160,1161,1165,1166,1204,1205,1209,1210,1211,1223,1252,1253,1254,1255,1256,1293,1297,1298,1299,1342,1343,1344
26,26,111
6,7,11,22,29,31,32,33,34,52,56,66,67,74,77,81,93,94,95,96,97,98,99,102,111,112,114,115,121,140,144,145,153,154,155,156,157,171,172,189,191,198,199,200,201,217,236,245,281,288,325,326,333,370,415,422,466,467,468,512,513,892,893,894,937,938,939,940,945,955,956,982,983,989,990,1027,1028,1034,1035,1072,1107,1112,1113,1114,1115,1116,1125,1158,1159,1160,1161,1165,1204,1205,1206,1209,1210,1211,1248,1249,1250,1253,1254,1255,1256,1293,1297,1298,1299,1343,1344
97,97,132
5,6,7,11,12,22,24,28,29,31,32,33,34,51,52,55,56,66,67,73,74,76,77,80,81,93,94,95,96,97,98,99,102,111,112,114,115,121,138,139,141,144,145,147,153,154,155,156,157,159,166,172,189,190,198,199,200,201,216,217,223,235,236,280,281,288,325,326,333,370,415,423,424,460,466,467,468,504,512,513,514,847,892,893,894,937,938,939,940,945,955,956,982,983,989,990,1027,1028,1034,1035,1071,1072,1107,1112,1113,1114,1115,1116,1125,1158,1159,1160,1161,1165,1166,1170,1204,1205,1206,1209,1210,1211,1223,1253,1254,1255,1256,1297,1298,1299,1343,1344
98,98,125
5,6,10,11,12,22,28,29,31,32,33,34,51,52,53,55,56,57,66,67,76,77,80,81,93,94,95,96,97,98,102,111,112,114,115,121,140,141,142,143,144,145,147,153,154,155,156,157,158,159,172,189,198,199,200,201,217,233,243,281,288,325,326,333,370,424,466,467,468,504,511,512,513,847,848,892,893,894,937,938,939,940,945,982,983,989,990,1027,1028,1034,1035,1071,1072,1107,1113,1114,1115,1116,1125,1157,1158,1159,1160,1161,1165,1166,1170,1204,1205,1206,1209,1210,1211,1248,1249,1250,1253,1254,1255,1256,1293,1298,1299,1343,1344
142,142,137
5,6,7,11,12,22,24,29,30,31,32,33,34,35,49,50,51,52,54,55,56,57,66,67,74,76,77,78,80,81,93,94,95,96,97,98,99,102,111,112,114,115,121,138,139,140,141,143,144,145,146,147,153,154,155,156,157,159,160,167,192,198,199,200,201,217,223,233,243,280,281,288,325,326,333,370,378,415,460,465,466,467,468,504,512,513,514,557,847,848,892,893,894,926,937,938,939,940,945,955,982,983,989,990,1027,1028,1034,1071,1072,1107,1112,1113,1114,1115,1116,1125,1158,1159,1160,1161,1165,1166,1170,1204,1205,1209,1210,1211,1253,1254,1255,1256,1297,1298,1299,1343,1344
97,97,142
5,6,10,11,22,29,31,32,33,34,35,49,50,51,52,53,54,55,56,57,66,67,76,77,80,81,93,94,95,96,97,98,102,111,112,114,115,121,138,140,141,142,144,145,146,147,153,154,155,156,157,158,159,160,166,171,172,184,188,189,190,191,192,198,199,200,201,216,236,243,280,281,288,325,326,333,370,378,415,423,459,466,468,504,512,513,514,847,848,892,893,894,926,937,938,939,940,945,982,983,989,990,1027,1028,1034,1035,1068,1071,1072,1107,1112,1113,1114,1115,1116,1125,1157,1158,1159,1160,1161,1165,1166,1170,1204,1205,1206,1209,1210,1211,1248,1249,1250,1252,1253,1254,1255,1297,1298,1299,1343,1344
98,98,113
6,22,31,32,33,34,52,55,56,66,67,73,74,75,76,77,80,81,94,95,96,97,102,111,112,121,138,139,140,141,144,145,146,147,148,153,154,155,156,157,171,183,184,185,191,192,199,200,201,236,281,325,326,333,369,370,415,459,460,468,504,512,513,847,848,882,892,893,894,895,937,938,939,940,945,982,983,989,990,1027,1028,1034,1071,1072,1107,1112,1113,1114,1115,1116,1125,1157,1158,1159,1160,1161,1165,1166,1170,1204,1205,1210,1211,1248,1249,1253,1254,1255,1256,1297,1298,1299,1343
9,9,102
11,22,31,32,67,74,75,76,77,78,79,80,81,101,143,144,146,153,155,189,201,236,244,333,377,378,422,423,466,467,468,511,512,513,555,556,600,688,689,734,894,895,896,897,898,900,939,940,941,942,943,944,945,982,983,989,990,1027,1028,1033,1034,1035,1071,1072,1073,1090,1107,1112,1113,1114,1117,1118,1122,1123,1124,1157,1160,1161,1166,1167,1168,1169,1170,1204,1205,1206,1210,1211,1212,1215,1252,1253,1254,1255,1256,1297,1298,1299,1300,1301,1343,1344
100,100,108
11,22,31,32,56,57,66,73,74,75,76,77,79,80,81,101,102,143,144,145,146,147,153,155,156,188,189,190,191,200,201,233,236,281,326,333,377,378,415,422,423,466,467,468,511,512,513,555,556,599,600,689,734,892,893,894,895,896,897,939,940,941,942,943,945,982,983,989,990,1027,1028,1033,1034,1035,1072,1073,1107,1112,1113,1114,1118,1119,1123,1124,1159,1160,1161,1166,1167,1169,1170,1204,1205,1210,1211,1212,1215,1253,1254,1255,1256,1297,1298,1299,1300,1301,1343,1344
141,141,123
22,32,66,74,75,76,79,80,144,153,155,188,189,201,233,236,246,281,289,326,333,377,378,422,423,466,467,468,511,512,513,555,599,600,688,689,733,734,810,855,894,895,896,897,898,899,900,939,940,941,942,943,944,945,986,987,988,989,990,1027,1028,1030,1032,1033,1034,1035,1072,1073,1077,1078,1079,1080,1107,1112,1113,1119,1121,1122,1123,1124,1125,1159,1165,1166,1167,1168,1169,1170,1205,1209,1210,1211,1212,1213,1214,1215,1252,1253,1254,1255,1256,1257,1258,1259,1260,1297,1298,1299,1300,1301,1302,1303,1304,1305,1342,1343,1344,1345,1346,1347,1348,1349,1350
32,32,144
158,450,495,539,540,583,584,585,627,628,629,630,672,673,674,675,717,718,719,720,761,762,763,764,765,806,807,808,809,810,851,852,853,854,855,894,895,896,897,898,899,900,938,939,940,941,942,943,944,945,982,983,984,985,986,987,988,989,990,1027,1028,1029,1030,1031,1032,1033,1034,1035,1071,1072,1073,1074,1075,1076,1077,1078,1079,1080,1116,1117,1118,1119,1120,1121,1122,1123,1124,1125,1160,1161,1162,1163,1164,1165,1166,1167,1168,1169,1170,1205,1206,1207,1208,1209,1210,1211,1212,1213,1214,1215,1249,1250,1251,1252,1253,1254,1255,1256,1257,1258,1259,1260,1294,1295,1296,1297,1298,1299,1300,1301,1302,1303,1304,1305,1341,1342,1343,1344,1345,1346,1347,1348,1349,1350
80,80,254
42,43,44,45,86,87,88,89,90,130,131,132,133,134,135,175,176,177,178,179,180,218,219,220,221,222,223,224,225,263,264,265,266,267,268,269,270,309,310,311,313,314,315,355,356,357,358,359,360,400,401,402,403,404,405,443,444,445,446,447,448,449,450,488,489,490,491,492,493,495,533,534,535,536,537,538,539,577,578,579,580,581,582,583,584,620,621,622,623,624,625,626,627,628,629,665,666,667,668,669,670,671,672,673,674,710,711,712,713,714,715,716,717,718,719,755,756,757,758,759,760,761,762,763,764,799,800,801,802,803,804,805,806,807,808,809,843,844,845,846,847,848,849,850,851,852,853,887,888,889,890,891,892,893,894,895,896,897,932,933,934,935,936,937,938,939,940,941,942,976,977,978,979,980,981,982,983,984,985,986,989,1022,1023,1024,1025,1026,1027,1028,1029,1030,1031,1067,1068,1069,1070,1071,1072,1073,1074,1075,1076,1107,1111,1112,1113,1114,1115,1116,1117,1118,1119,1156,1157,1158,1159,1160,1161,1162,1163,1164,1166,1201,1202,1203,1204,1205,1206,1207,1208,1210,1246,1247,1248,1249,1250,1251,1252,1253,1291,1292,1293,1294,1295,1296,1297,1298,1299,1300,1335,1336,1337,1341,1342,1343
6,6,356
30,31,32,33,34,35,36,37,38,39,40,41,43,74,75,76,77,78,79,80,81,82,83,84,85,86,87,119,120,121,122,123,124,125,126,127,128,129,130,131,132,133,163,164,165,166,167,168,169,170,171,172,173,174,175,176,209,210,211,212,213,214,215,216,217,218,219,220,221,253,254,255,256,257,258,259,260,261,262,263,264,265,298,299,300,301,302,303,304,305,306,307,308,309,342,343,344,345,346,347,348,349,350,351,352,353,387,388,389,390,391,392,393,394,395,396,398,432,433,434,435,436,437,438,439,440,441,442,476,477,478,479,480,481,482,483,484,485,486,487,521,522,523,524,525,526,527,528,529,530,531,565,566,567,568,569,570,571,572,573,574,575,576,577,610,611,612,613,614,615,616,617,618,619,620,621,655,656,657,658,659,660,661,662,663,664,665,666,699,700,701,702,703,704,705,706,707,708,709,710,711,744,745,746,747,748,749,750,751,752,753,754,756,788,789,790,791,792,793,794,795,796,797,798,799,833,834,835,836,837,838,839,840,841,842,843,878,879,880,881,882,883,884,885,886,887,888,889,922,923,924,925,926,927,928,929,930,931,932,933,934,966,967,968,969,970,971,972,973,974,975,976,977,978,1011,1012,1013,1014,1015,1016,1017,1018,1019,1020,1021,1057,1058,1059,1060,1061,1062,1063,1064,1065,1101,1102,1103,1104,1105,1106,1107,1108,1109,1110,1112,1113,1114,1146,1147,1148,1149,1150,1151,1152,1153,1154,1191,1192,1193,1194,1195,1196,1197,1198,1199,1234,1235,1236,1237,1238,1239,1240,1241,1242,1243,1244,1279,1280,1281,1282,1283,1284,1285,1286,1287,1288,1323,1324,1325,1326,1327,1328,1329,1330,1331,1332
129,129,432
20,21,22,23,24,25,26,27,28,29,30,31,32,33,34,35,65,66,67,68,69,70,71,72,73,74,75,76,77,78,79,80,109,110,111,112,113,114,115,116,117,118,119,120,121,122,123,128,154,155,156,157,158,159,160,161,162,163,164,165,166,167,168,169,199,200,201,202,203,204,205,206,207,208,209,210,211,212,213,243,244,245,246,247,248,249,250,251,252,253,254,255,288,289,290,291,292,293,294,295,296,297,298,299,332,333,334,335,336,337,338,339,340,341,342,343,344,345,377,378,379,380,381,382,383,384,385,386,387,388,389,390,421,422,423,424,425,426,427,428,429,430,431,432,433,434,466,467,468,469,470,471,472,473,474,475,476,477,478,479,510,511,512,513,514,515,516,517,518,519,520,521,522,523,524,555,556,557,558,559,560,561,562,563,564,565,566,567,568,599,600,601,602,603,604,605,606,607,608,609,610,611,612,613,644,645,646,647,648,649,650,651,652,653,654,655,656,657,688,689,690,691,692,693,694,695,696,697,698,699,700,701,732,733,734,735,736,737,738,739,740,741,742,743,744,745,777,778,779,780,781,782,783,784,785,786,787,788,789,822,823,824,825,826,827,828,829,830,831,832,833,834,866,867,868,869,870,871,872,873,874,875,876,877,878,879,910,911,912,913,914,915,916,917,918,919,920,921,922,923,924,925,956,957,958,959,960,961,962,963,964,965,966,967,968,969,970,971,1000,1001,1002,1003,1004,1005,1006,1007,1008,1009,1010,1011,1012,1013,1014,1015,1045,1046,1047,1048,1049,1050,1051,1052,1053,1054,1055,1056,1057,1058,1059,1090,1091,1092,1093,1094,1095,1096,1097,1098,1099,1100,1101,1102,1135,1136,1137,1138,1139,1140,1141,1142,1143,1144,1145,1146,1147,1148,1180,1181,1182,1183,1184,1185,1186,1187,1188,1189,1190,1191,1192,1223,1224,1225,1226,1227,1228,1229,1230,1231,1232,1233,1234,1235,1236,1268,1269,1270,1271,1272,1273,1274,1275,1276,1277,1278,1279,1280,1281,1313,1314,1315,1316,1317,1318,1319,1320,1321,1322,1323,1324,1325,1326,1327
134,134,470
10,11,12,13,14,15,16,17,18,19,20,21,22,23,24,25,26,47,54,55,56,57,58,59,60,61,62,63,64,65,66,67,68,69,70,71,72,99,100,101,102,103,104,105,106,107,108,109,110,111,112,113,114,115,116,117,143,144,145,146,147,148,149,150,151,152,153,154,155,156,157,158,159,160,161,188,189,190,191,192,193,194,195,196,197,198,199,200,201,202,203,204,205,232,233,234,235,236,237,238,239,240,241,242,243,244,245,246,247,248,277,278,279,280,281,282,283,284,285,286,287,288,289,290,291,292,293,294,323,324,325,326,327,328,329,330,331,332,333,334,335,336,337,338,367,368,369,370,371,372,373,374,375,376,377,378,379,380,381,412,413,414,415,416,417,418,419,420,421,422,423,424,425,426,456,457,458,459,460,461,462,463,464,465,466,467,468,469,470,471,501,502,503,504,505,506,507,508,509,510,511,512,513,514,515,516,545,546,547,548,549,550,551,552,553,554,555,556,557,558,559,560,591,592,593,594,595,596,597,598,599,600,601,602,603,604,605,635,636,637,638,639,640,641,642,643,644,645,646,647,648,649,679,680,681,682,683,684,685,686,687,688,689,690,691,692,693,724,725,726,727,728,729,730,731,732,733,734,735,736,737,768,769,770,771,772,773,774,775,776,777,778,779,780,781,782,813,814,815,816,817,818,819,820,821,822,823,824,825,826,858,859,860,861,862,863,864,865,866,867,868,869,870,871,902,903,904,905,906,907,908,909,910,911,912,913,914,915,917,918,947,948,949,950,951,952,953,954,955,956,957,958,959,960,961,962,992,993,994,995,996,997,998,999,1000,1001,1002,1003,1004,1005,1006,1036,1037,1038,1039,1040,1041,1042,1043,1044,1045,1046,1047,1048,1049,1050,1051,1081,1082,1083,1084,1085,1086,1087,1088,1089,1090,1091,1092,1093,1094,1095,1126,1127,1128,1129,1130,1131,1132,1133,1134,1135,1136,1137,1138,1171,1172,1173,1174,1175,1176,1177,1178,1179,1180,1181,1182,1183,1184,1216,1217,1218,1219,1220,1221,1222,1223,1224,1225,1226,1227,1228,1229,1261,1262,1263,1264,1265,1266,1267,1268,1269,1270,1271,1272,1273,1274,1306,1307,1308,1309,1310,1311,1312,1313,1314,1315,1316,1317,1318
6,6,403
1,2,3,4,5,6,7,8,9,10,11,12,13,14,15,16,17,18,19,46,47,48,49,50,51,52,53,54,55,56,57,58,59,60,61,62,63,91,92,93,94,95,96,97,98,99,100,101,102,103,104,105,106,107,108,136,137,138,139,140,141,142,143,144,145,146,147,148,149,150,151,152,153,181,182,183,184,185,186,187,188,189,190,191,192,193,194,195,196,197,198,226,227,228,229,230,231,232,233,234,235,236,237,238,239,240,241,242,243,271,272,273,274,275,276,277,278,279,280,281,282,283,284,285,286,287,288,316,317,318,319,320,321,322,323,324,325,326,327,328,329,330,331,333,361,362,363,364,365,366,367,368,369,370,371,372,373,374,375,376,377,378,406,407,408,409,410,411,412,413,414,415,416,417,418,419,421,451,452,453,454,455,456,457,458,459,460,461,462,463,464,465,467,496,497,498,499,500,501,502,503,504,505,506,507,508,509,510,541,542,543,544,545,546,547,548,549,550,551,552,553,554,555,586,587,588,589,590,591,592,593,594,595,596,597,598,599,600,631,632,633,634,635,636,637,638,639,640,641,642,643,644,676,677,678,679,680,681,682,683,684,685,686,687,688,689,721,722,723,724,725,726,727,728,729,730,731,732,733,734,766,767,768,769,770,771,772,773,774,775,776,777,778,811,812,813,814,815,816,817,818,819,820,821,822,856,857,858,859,860,861,862,863,864,865,866,867,901,902,903,904,905,906,907,908,909,910,911,912,946,947,948,949,950,951,952,953,954,955,956,991,992,993,994,995,996,997,998,999,1000,1036,1037,1038,1039,1040,1041,1042,1043,1044,1081,1082,1083,1084,1085,1086,1087,1088,1126,1127,1128,1129,1130,1131,1132,1133,1171,1172,1173,1174,1175,1176,1177,1178,1216,1217,1218,1219,1220,1221,1222,1223,1261,1262,1263,1264,1265,1266,1306,1307,1308,1309,1310,1311
85,85,393
1,2,3,4,5,6,7,8,9,10,11,12,13,14,15,16,17,18,19,46,47,48,49,50,51,52,53,54,55,56,57,58,59,60,61,62,63,64,91,92,93,94,95,96,97,98,99,100,101,102,103,104,105,106,107,136,137,138,139,140,141,142,143,144,145,146,147,148,149,150,151,153,181,182,183,184,185,186,187,188,189,190,191,192,193,194,195,196,226,227,228,229,230,231,232,233,234,235,236,237,238,239,240,241,242,271,272,273,274,275,276,277,278,279,280,281,282,283,284,285,287,316,317,318,319,320,321,322,323,324,325,326,327,328,329,330,331,333,361,362,363,364,365,366,367,368,369,370,371,372,373,374,375,376,377,378,379,406,407,408,409,410,411,412,413,414,415,416,417,418,419,420,421,422,423,451,452,453,454,455,456,457,458,459,460,461,462,463,464,465,466,467,468,496,497,498,499,500,501,502,503,504,505,506,507,508,509,510,511,512,541,542,543,544,545,546,547,548,549,550,551,552,553,554,555,556,586,587,588,589,590,591,592,593,594,595,596,597,598,599,600,631,632,633,634,635,636,637,638,639,640,641,642,643,644,645,676,677,678,679,680,681,682,683,684,685,686,687,688,689,721,722,723,724,725,726,727,728,729,730,731,732,733,734,766,767,768,769,770,771,772,773,774,775,776,777,778,779,811,812,813,814,815,816,817,818,819,820,821,822,823,856,857,858,859,860,861,862,863,864,865,866,867,901,902,903,904,905,906,907,908,909,910,911,946,947,948,949,950,951,952,953,954,991,992,993,994,995,996,997,1000,1036,1037,1038,1039,1040,1041,1042,1043,1081,1082,1083,1084,1085,1086,1126,1127,1128,1129,1130,1131,1171,1172,1173,1174,1175,1176,1216,1217,1218,1219,1220,1221,1261,1262,1263,1264,1265,1266,1306,1307,1308,1309
110,110,385
1,2,3,4,5,6,7,8,9,10,11,12,13,14,15,16,17,18,19,21,22,23,24,25,26,27,28,30,35,36,37,46,47,48,49,50,51,52,53,54,55,56,57,58,59,60,61,62,63,64,65,66,67,68,69,70,71,91,92,93,94,95,96,97,98,99,100,101,102,103,104,105,106,107,108,109,110,111,112,115,116,117,122,136,137,138,139,140,141,142,143,144,145,146,147,148,149,150,151,160,181,182,183,184,185,186,187,188,189,190,191,192,193,194,195,197,201,203,226,227,228,229,230,231,232,233,234,235,236,237,238,239,240,242,271,272,273,274,275,276,277,278,279,280,281,282,283,284,285,286,287,288,289,316,317,318,319,320,321,322,323,324,325,326,327,328,329,330,331,332,333,334,335,361,362,363,364,365,366,367,368,369,370,371,372,373,375,376,377,378,379,380,406,407,408,409,410,411,412,413,414,415,417,418,419,420,421,422,423,424,451,452,453,454,455,456,457,458,459,460,461,462,463,464,465,466,467,468,496,497,498,499,500,501,502,503,504,505,506,508,509,510,511,512,513,541,542,543,544,545,546,547,548,549,550,551,553,554,555,556,557,586,587,588,589,590,591,592,593,594,595,596,597,598,599,600,601,631,632,633,634,635,636,637,638,639,640,641,642,643,644,645,676,677,678,679,680,681,682,683,684,685,686,687,688,689,721,722,723,724,725,726,728,729,730,731,732,733,734,766,767,768,769,770,771,773,774,775,776,777,778,779,811,812,813,814,815,816,819,820,821,822,823,824,856,857,858,859,860,863,864,865,866,867,868,869,901,902,903,904,909,910,911,912,946,947,948,949,954,955,956,989,991,992,1000,1036,1038,1045,1046,1081,1082,1086,1091,1126,1319
84,84,368
1,2,3,4,5,6,7,8,9,10,11,12,13,14,15,16,17,18,19,20,21,22,23,24,25,26,27,28,29,35,36,37,38,39,46,47,48,49,50,51,52,53,54,55,56,57,58,59,60,61,62,63,64,65,66,67,68,69,70,71,72,82,83,91,92,93,94,95,96,97,98,99,100,101,102,103,104,105,109,112,116,121,136,137,138,139,140,141,142,143,144,145,146,147,148,149,154,167,181,182,183,184,185,186,187,188,189,190,191,192,193,199,202,203,222,226,227,228,229,230,231,232,233,234,235,236,237,238,240,271,272,273,274,275,276,277,278,279,280,281,282,283,284,288,289,316,317,318,319,320,321,322,323,324,325,326,328,333,334,335,361,362,363,364,365,366,367,368,369,370,371,372,373,374,375,376,377,378,379,380,406,407,408,409,410,411,412,413,414,415,416,417,418,419,420,421,422,423,424,425,451,452,453,454,455,456,457,458,459,460,461,462,463,464,465,466,467,468,496,497,501,502,503,504,505,509,510,511,512,513,541,542,543,546,547,548,549,550,554,555,556,557,558,586,587,591,592,593,594,595,596,597,598,599,600,601,631,632,633,634,635,636,637,638,640,641,642,643,644,645,646,676,677,678,679,680,681,682,686,687,688,689,690,721,722,723,724,725,726,727,729,730,731,732,733,734,766,767,768,769,771,772,773,774,775,776,777,778,779,811,812,813,814,815,816,819,820,821,822,823,824,849,856,857,864,865,866,867,868,896,897,898,901,909,910,911,912,939,942,943,946,955,956,984,989,990,1000,1029,1034,1035,1037,1045,1074,1077,1078,1080,1082,1119,1123,1164,1166,1169,1170,1253,1298,1299,1343,1344
75,75,367
1,2,3,4,7,8,9,10,11,12,13,15,16,18,20,21,22,23,24,25,26,27,28,29,30,31,34,35,36,37,38,39,46,50,51,52,53,55,56,57,58,62,64,65,66,67,68,69,70,71,72,73,76,78,79,80,81,82,83,84,85,91,92,93,94,96,97,99,100,101,102,103,104,109,112,115,116,118,119,120,121,122,123,124,125,126,127,128,130,131,136,137,138,139,140,141,142,143,144,145,146,147,148,154,162,166,167,168,172,173,174,175,176,177,181,182,183,185,186,187,188,189,190,191,192,203,204,205,216,219,220,221,222,223,226,227,228,229,230,231,232,233,234,235,236,237,245,262,264,265,266,267,268,271,272,273,274,275,277,278,279,280,281,282,288,290,316,318,319,320,322,323,324,325,326,333,334,335,361,362,363,364,365,366,367,370,371,375,376,377,378,379,380,406,407,409,411,412,413,414,415,416,417,420,421,422,423,424,425,451,453,454,455,459,460,461,462,465,466,467,468,469,470,498,501,502,503,504,505,506,509,510,511,512,513,541,542,547,548,549,550,554,555,556,557,558,586,587,594,595,596,598,599,600,601,632,633,634,637,638,639,640,641,642,643,644,645,646,676,677,678,679,680,685,686,687,688,689,690,722,723,725,730,731,732,733,734,766,774,775,776,777,778,779,811,820,821,822,823,824,849,855,856,857,865,866,867,868,893,894,895,896,897,898,901,910,911,912,939,940,941,942,943,946,955,956,984,985,986,988,989,990,1028,1029,1030,1033,1034,1035,1073,1074,1076,1077,1078,1080,1118,1119,1121,1122,1123,1124,1125,1168,1169,1170,1208,1210,1212,1252,1253,1254,1255,1256,1298,1299,1300,1343,1344
115,115,342
1,9,10,11,13,15,16,17,18,19,21,22,23,24,25,26,27,28,29,30,31,32,33,34,35,36,37,38,39,54,56,57,62,63,64,65,66,67,68,69,70,71,72,73,74,75,76,77,78,79,80,82,83,84,85,101,102,103,108,112,113,114,115,116,117,118,119,120,121,122,123,124,125,126,127,128,129,130,131,145,146,147,148,152,153,154,160,161,162,164,165,166,167,168,169,170,171,172,173,174,175,176,177,178,189,190,191,193,198,199,203,204,206,207,208,209,210,211,212,213,214,215,216,217,218,219,220,221,222,223,234,235,236,242,243,244,245,258,260,261,262,263,264,265,266,267,268,272,279,280,281,282,285,286,287,288,289,318,319,324,325,326,331,332,333,334,335,361,362,370,373,375,376,377,378,379,380,406,411,412,413,417,420,421,422,423,424,425,451,452,459,460,462,463,464,465,466,467,468,469,502,503,505,508,509,510,511,512,513,547,548,549,553,554,555,556,557,558,567,592,593,594,596,597,598,599,600,601,637,639,641,642,643,644,645,646,654,686,687,688,689,690,730,731,732,733,734,775,776,777,778,779,820,821,822,823,824,841,855,864,865,866,867,868,893,894,895,896,897,898,909,910,911,912,937,938,939,940,941,942,943,944,954,955,956,983,984,985,986,987,988,989,990,1028,1029,1030,1031,1032,1033,1034,1035,1073,1074,1075,1076,1077,1078,1079,1080,1118,1119,1120,1121,1122,1123,1124,1125,1164,1165,1166,1167,1168,1169,1170,1206,1207,1208,1209,1210,1211,1212,1215,1252,1253,1254,1255,1256,1298,1299,1300,1343,1344
106,106,340
11,12,14,16,17,18,19,20,21,22,23,24,25,26,27,28,29,30,31,32,33,34,35,36,37,38,39,56,57,61,62,63,64,65,66,67,68,69,70,71,72,73,74,75,76,77,78,79,80,81,82,83,84,85,100,101,102,103,107,108,111,112,113,114,115,116,117,118,119,120,121,122,123,124,125,126,127,128,129,130,131,144,145,146,147,148,153,157,158,160,161,162,163,164,165,166,167,168,169,170,171,172,173,174,175,176,177,178,187,188,189,190,191,192,193,198,199,203,204,205,206,207,209,211,212,213,214,215,216,217,218,219,220,221,222,223,233,234,235,236,240,242,243,244,245,246,247,248,249,251,255,257,258,259,260,262,263,264,265,266,267,268,279,280,282,286,287,288,289,290,291,324,325,326,327,331,332,333,334,335,368,376,377,378,379,380,411,413,420,421,422,423,424,425,459,460,461,464,465,466,467,468,469,502,505,509,510,511,512,513,549,553,554,555,556,557,558,569,592,593,594,596,597,598,599,600,601,637,638,640,641,642,643,644,645,646,685,686,687,688,689,690,730,731,732,733,734,775,776,777,778,779,821,822,823,824,855,865,866,867,868,893,894,895,896,897,898,900,910,911,912,937,939,940,941,942,943,944,945,955,956,984,985,986,987,988,989,990,1000,1001,1024,1028,1029,1030,1031,1033,1034,1035,1073,1074,1075,1077,1078,1079,1080,1107,1118,1119,1120,1122,1123,1124,1125,1164,1165,1166,1167,1168,1169,1170,1207,1208,1209,1210,1211,1212,1214,1215,1251,1252,1253,1254,1255,1256,1298,1299,1300,1301,1343,1344
2,2,326
10,13,16,18,19,20,21,22,23,24,25,26,27,28,29,30,31,33,34,35,36,37,38,56,58,62,63,64,66,67,68,69,70,71,72,73,74,75,76,77,78,79,80,81,82,83,84,85,100,102,103,108,111,112,113,115,116,117,118,119,120,121,122,123,124,125,126,127,128,129,130,131,146,147,148,153,154,157,158,159,160,161,162,163,164,165,166,167,168,170,171,172,173,174,175,176,189,190,191,192,193,198,199,203,204,205,206,207,209,210,211,212,213,214,215,216,217,218,219,220,221,222,223,234,235,236,237,240,241,242,243,244,245,247,248,250,258,261,262,263,264,265,266,267,279,280,282,287,288,289,310,320,323,324,325,327,328,329,331,332,333,334,335,368,370,376,377,378,379,380,412,413,414,420,421,422,423,424,425,459,460,463,465,466,467,468,469,503,504,505,509,510,511,512,513,514,547,548,549,554,555,556,557,558,567,591,592,593,594,596,597,598,599,600,601,635,637,638,640,641,642,643,644,645,646,659,686,687,688,689,690,691,730,731,732,733,734,764,775,776,777,778,779,810,812,820,821,822,823,824,848,855,866,867,868,893,894,895,896,897,898,909,910,911,912,939,940,942,943,944,953,954,955,956,979,983,984,986,987,989,990,1000,1001,1018,1028,1029,1030,1032,1034,1035,1049,1073,1074,1077,1078,1079,1080,1118,1120,1122,1123,1124,1125,1165,1166,1167,1168,1169,1170,1207,1209,1210,1211,1212,1252,1253,1254,1255,1256,1257,1298,1299,1300,1301,1343,1344
141,141,307
11,12,18,19,20,21,22,23,24,25,26,27,28,29,30,31,32,33,34,35,36,37,38,55,57,63,64,65,66,67,68,69,70,71,72,73,74,75,76,77,78,79,80,81,82,83,84,85,101,102,108,109,111,112,113,115,116,117,118,119,120,121,122,123,124,125,126,127,128,129,130,145,146,153,154,156,158,160,161,162,163,164,165,166,167,168,170,171,172,173,174,175,176,177,188,190,191,198,199,202,203,204,205,206,208,209,211,212,213,214,215,216,217,218,219,220,221,222,234,235,240,242,243,244,246,247,248,258,261,262,263,264,265,266,267,279,280,282,287,288,290,291,310,324,325,326,327,331,332,333,334,335,368,376,377,378,379,380,412,413,420,421,422,423,424,425,460,461,464,465,466,467,468,469,505,509,510,511,512,513,549,553,554,555,556,557,558,593,594,596,597,598,599,600,601,636,637,638,640,641,642,643,644,645,646,685,686,687,688,689,690,730,731,732,733,734,775,776,777,778,779,820,821,822,823,824,855,865,866,867,893,895,896,897,898,910,911,912,939,940,941,942,943,944,945,955,956,979,983,984,985,986,987,988,989,990,999,1000,1001,1004,1028,1029,1030,1032,1034,1035,1045,1046,1049,1073,1074,1078,1079,1080,1107,1118,1119,1122,1123,1124,1125,1164,1165,1166,1167,1168,1169,1170,1207,1209,1210,1211,1212,1215,1251,1252,1253,1254,1255,1256,1298,1299,1300,1301,1302,1343,1344
96,96,299
20,21,22,23,24,25,26,27,28,29,31,32,33,34,36,37,54,64,66,67,68,69,70,71,72,73,74,76,77,78,79,80,81,82,83,84,111,112,113,114,115,116,117,118,119,122,123,127,128,129,130,154,155,157,160,161,162,163,164,165,166,167,168,169,170,171,172,173,174,175,176,177,189,193,198,199,201,203,204,205,207,208,209,210,211,212,213,214,215,216,217,218,219,220,221,222,233,234,236,242,243,245,247,248,258,259,260,261,262,263,264,265,266,267,275,279,280,282,287,288,289,319,320,323,324,325,326,327,331,332,333,334,335,365,368,376,377,378,379,380,411,413,420,421,422,423,424,425,459,460,464,465,466,467,468,469,502,503,504,505,508,509,510,511,512,513,546,547,548,549,553,554,555,556,557,558,566,592,593,594,596,597,598,599,600,601,606,634,641,642,643,644,645,646,680,686,687,688,689,690,691,725,731,732,733,734,766,767,775,776,777,778,779,820,821,822,823,824,857,865,866,867,868,869,896,897,898,910,911,912,939,941,943,944,950,953,954,955,956,975,978,979,983,984,985,986,988,989,990,998,999,1000,1001,1028,1029,1034,1035,1044,1045,1046,1048,1049,1073,1074,1078,1079,1080,1107,1118,1119,1120,1122,1123,1124,1125,1164,1165,1168,1169,1170,1206,1207,1209,1210,1212,1213,1214,1215,1252,1253,1254,1255,1256,1298,1299,1300,1302,1343,1344
93,93,324
7,8,10,11,12,13,19,20,21,22,23,24,25,26,27,28,30,31,32,35,36,37,52,53,58,65,66,67,68,69,70,71,72,76,78,81,82,83,98,100,103,111,112,113,114,115,116,117,118,122,127,128,129,143,144,148,154,155,156,157,158,159,160,161,162,163,164,165,166,167,168,171,172,173,174,175,191,192,193,198,200,201,202,203,204,208,214,215,217,218,219,220,221,233,238,243,245,246,247,260,261,262,263,264,265,266,267,281,282,287,288,290,291,307,308,309,326,327,328,331,332,333,335,370,371,376,377,378,398,414,415,416,420,421,422,423,426,427,428,458,459,460,464,465,466,467,468,471,472,473,501,502,508,509,510,511,512,514,515,516,517,518,519,520,521,545,546,547,549,552,553,554,555,556,559,560,561,562,563,564,565,566,567,568,577,581,585,590,593,596,597,598,599,600,601,605,606,607,608,609,610,611,612,613,625,626,630,637,638,639,641,642,643,644,649,650,651,652,653,654,655,656,668,669,673,674,680,681,682,683,684,686,687,688,689,694,697,698,699,701,709,710,716,718,719,720,726,727,729,730,731,732,733,734,755,756,763,764,774,775,776,777,778,779,820,821,822,823,864,865,866,867,882,895,896,897,898,910,911,939,942,943,944,955,956,983,984,989,990,999,1000,1028,1029,1034,1035,1044,1045,1073,1074,1079,1080,1119,1122,1124,1125,1167,1168,1169,1170,1207,1209,1210,1212,1251,1252,1253,1254,1255,1256,1298,1299,1301,1343,1344
132,132,306
10,13,19,20,21,22,23,24,25,26,27,28,30,32,35,36,37,52,54,56,58,64,65,66,67,68,69,70,71,72,78,80,81,82,83,84,103,111,112,113,114,115,116,117,118,127,128,129,130,148,154,155,156,157,158,159,160,161,162,163,164,165,166,167,168,170,171,172,173,174,175,176,191,192,193,198,200,201,202,203,204,207,208,209,210,211,214,215,216,217,218,219,220,221,237,238,243,244,245,246,247,258,259,260,261,262,263,264,265,266,267,281,282,287,288,305,306,307,308,309,326,327,328,331,332,333,334,335,370,371,376,377,378,380,414,415,416,420,421,422,423,458,459,460,461,464,465,466,467,468,471,503,504,505,507,508,509,510,511,512,513,514,516,517,518,519,520,521,548,549,552,553,554,555,556,561,562,564,565,566,567,568,590,591,592,594,595,596,597,598,599,600,601,605,606,608,609,610,611,612,624,637,638,640,641,642,643,644,645,650,652,653,654,655,656,674,681,682,685,686,687,688,689,700,719,720,727,730,731,732,733,734,756,763,764,765,774,775,776,777,778,779,820,821,822,823,824,864,865,866,867,882,896,897,898,910,911,939,941,942,943,944,945,954,955,956,984,986,989,990,998,1000,1028,1029,1034,1035,1044,1073,1074,1079,1080,1090,1119,1122,1124,1125,1167,1168,1169,1170,1180,1207,1210,1211,1212,1252,1253,1254,1255,1256,1298,1299,1301,1343,1344,1347
71,71,310
10,11,13,19,20,21,22,23,24,25,26,27,28,29,30,36,52,53,55,56,65,66,67,68,69,70,71,77,81,82,83,84,98,99,100,103,111,112,113,114,115,116,117,121,127,128,129,144,145,148,154,155,156,157,158,159,160,161,162,163,164,165,166,167,168,171,173,174,175,176,188,190,191,193,200,201,202,203,204,205,208,209,210,213,214,215,216,217,218,219,220,221,223,236,237,238,243,244,246,247,257,259,260,261,262,263,264,265,266,267,281,282,287,288,293,306,307,308,309,326,327,331,332,333,370,371,376,377,378,405,414,415,416,420,421,422,423,426,428,459,460,463,464,465,466,467,468,471,472,473,474,503,504,507,508,509,510,511,513,514,515,516,518,519,520,521,549,553,554,555,556,559,560,561,562,563,564,565,566,567,585,593,596,597,598,599,600,601,604,605,606,607,608,609,610,611,612,625,626,629,630,636,637,638,639,640,642,643,644,645,649,650,651,652,653,654,655,656,673,674,675,681,682,683,684,686,687,688,689,697,698,699,701,718,719,720,725,727,728,731,732,733,734,763,764,765,774,775,776,777,778,779,815,820,821,822,823,824,865,866,883,895,896,897,898,910,911,939,942,943,944,945,955,956,984,985,986,989,990,1000,1028,1029,1034,1035,1044,1073,1079,1080,1089,1090,1119,1124,1125,1162,1168,1169,1170,1206,1210,1211,1212,1253,1254,1255,1256,1298,1299,1301,1343,1344
12,12,284
13,20,21,22,23,24,25,27,28,35,36,52,56,65,66,67,68,69,70,71,81,82,83,84,101,102,103,111,112,113,114,115,116,117,118,127,128,129,130,143,146,147,148,154,155,156,157,158,159,160,161,162,163,164,165,166,167,168,171,172,173,174,175,176,191,192,193,198,200,201,202,203,204,207,208,209,210,211,213,216,217,218,219,220,222,238,243,245,246,247,258,260,261,262,263,264,266,267,277,281,282,287,288,305,306,307,308,309,326,327,328,331,332,333,370,371,376,377,378,414,415,416,420,421,422,423,458,459,460,465,466,467,468,471,503,504,507,508,509,510,511,512,513,515,516,517,518,519,520,547,548,549,553,554,555,556,560,561,562,564,565,566,567,591,592,593,594,595,596,597,598,599,600,601,605,606,608,609,610,611,612,625,636,637,638,639,640,642,643,644,645,650,651,652,653,654,655,656,681,682,683,684,686,687,688,689,697,700,701,718,719,720,725,727,730,731,732,733,734,762,763,764,765,774,775,776,777,778,779,820,821,822,823,824,860,865,866,867,895,897,898,910,911,939,943,944,945,955,956,984,986,989,990,999,1000,1028,1029,1034,1035,1072,1074,1080,1088,1090,1119,1124,1125,1168,1169,1170,1210,1211,1212,1253,1254,1255,1256,1298,1299,1301,1342,1343,1344,1346
141,141,284
8,9,10,11,20,21,22,23,24,28,53,56,65,66,67,68,69,70,71,80,81,82,83,84,98,100,102,111,112,113,114,115,116,117,118,127,128,129,145,146,147,155,156,157,158,159,160,161,162,163,164,165,166,167,171,173,175,191,192,193,200,201,202,203,208,210,215,216,217,218,219,220,222,224,233,238,243,245,246,247,258,259,260,261,262,263,264,267,281,282,287,288,290,291,293,305,306,307,308,309,310,326,327,331,332,333,335,360,370,371,376,377,378,379,381,414,415,416,420,421,422,423,424,426,428,458,459,460,465,466,467,468,471,472,501,504,509,510,511,513,514,515,516,517,518,519,520,549,553,554,555,556,559,560,561,562,563,564,565,566,590,591,593,594,596,597,598,599,600,601,604,605,606,607,608,609,610,611,612,625,630,636,637,638,639,642,643,644,645,650,651,652,653,654,655,656,657,673,674,675,681,682,683,685,687,688,689,697,698,700,701,711,719,720,727,732,733,734,755,756,763,764,775,776,777,778,779,820,821,822,823,824,865,866,867,868,895,896,897,898,910,911,939,943,944,955,956,984,985,986,989,990,1000,1028,1029,1034,1035,1043,1044,1073,1074,1080,1088,1090,1119,1124,1125,1162,1168,1169,1170,1207,1210,1211,1212,1253,1254,1255,1256,1298,1299,1301,1343,1344
85,85,261
12,20,21,22,23,24,52,65,66,67,68,69,70,71,80,81,82,83,84,101,102,103,111,112,113,114,115,116,117,127,128,146,147,154,155,156,157,158,159,160,161,162,163,164,165,166,167,168,171,173,174,191,192,193,200,201,202,203,204,207,208,209,210,215,216,217,219,221,236,238,243,247,257,258,260,261,262,263,267,279,282,288,303,304,305,306,307,308,309,325,326,327,328,332,333,370,371,372,376,377,378,414,415,416,421,422,423,458,459,460,465,466,467,468,471,503,504,505,510,511,512,513,514,515,516,517,518,519,548,549,553,554,555,556,559,560,561,562,563,564,565,566,592,593,594,595,596,597,598,599,600,601,605,606,607,608,609,610,611,612,625,635,637,638,639,640,643,644,645,650,651,652,653,654,655,656,657,674,682,683,687,688,689,696,697,699,700,701,711,719,727,729,732,733,734,764,765,774,775,776,777,778,779,808,820,821,822,823,824,865,866,867,894,897,898,910,911,943,944,945,955,956,984,986,989,990,1000,1028,1029,1034,1035,1043,1044,1045,1073,1074,1080,1082,1083,1088,1089,1090,1124,1125,1162,1168,1169,1170,1206,1211,1212,1252,1254,1255,1256,1257,1298,1299,1343,1344,1347
70,70,285
10,11,20,21,22,23,24,56,65,66,67,68,69,70,71,80,81,82,83,99,100,102,103,110,111,112,113,114,115,116,117,127,144,145,146,147,148,155,156,157,158,159,160,161,162,163,164,165,166,167,170,171,175,192,201,202,203,204,205,207,208,209,211,214,215,216,217,219,224,237,238,243,245,246,247,248,258,259,260,261,262,263,281,282,283,288,292,293,302,303,305,306,307,308,310,326,327,332,333,338,360,370,371,376,377,378,415,416,421,422,423,437,438,440,458,459,460,461,465,466,467,468,471,472,473,502,504,505,510,511,513,514,515,516,517,518,519,530,548,549,553,554,555,556,559,560,561,562,563,564,565,580,581,590,591,592,593,594,595,596,597,598,599,600,601,604,605,606,607,608,609,610,611,625,630,636,637,638,639,640,643,644,645,650,651,653,654,655,656,667,668,669,674,675,680,682,683,684,685,687,688,689,697,700,701,710,711,712,713,718,719,720,724,725,731,732,733,734,745,763,764,770,776,777,778,779,820,821,822,823,824,866,867,895,896,897,898,910,911,912,939,943,944,945,955,956,984,985,986,989,990,1000,1028,1029,1034,1035,1043,1045,1072,1074,1080,1088,1090,1118,1124,1125,1162,1167,1168,1169,1170,1207,1211,1212,1251,1252,1253,1254,1255,1256,1298,1299,1301,1343,1344
118,118,261
20,21,22,23,24,52,66,67,68,69,70,71,81,82,101,102,103,104,111,112,113,114,115,116,117,118,143,146,147,148,155,156,157,158,159,160,161,162,163,164,165,166,167,168,169,170,171,189,191,192,193,201,202,203,204,207,208,209,210,214,215,216,217,219,235,237,238,247,249,258,260,261,262,263,281,282,288,303,304,305,306,307,308,309,326,327,333,348,349,370,371,377,378,414,415,416,421,422,423,458,459,460,462,466,467,468,471,501,502,503,504,505,510,511,512,513,514,515,516,517,547,548,549,553,554,555,556,559,560,561,562,563,564,565,577,580,585,590,591,592,593,594,595,596,597,598,599,600,601,605,606,607,608,609,610,635,637,638,639,640,641,643,644,645,650,651,652,653,654,655,656,664,674,675,680,681,682,683,684,687,688,689,700,701,710,711,719,720,727,729,731,732,733,734,763,764,776,777,778,779,809,820,821,822,823,824,865,866,867,868,897,898,910,911,939,943,944,945,955,956,984,986,989,990,1000,1001,1028,1029,1034,1035,1045,1074,1080,1088,1090,1091,1118,1122,1124,1125,1133,1162,1167,1168,1169,1170,1206,1207,1211,1212,1252,1254,1255,1256,1298,1299,1301,1302,1342,1343,1344
81,81,244
6,7,8,9,10,21,22,23,24,25,40,50,51,52,53,54,55,56,66,67,68,69,70,71,76,81,96,97,98,99,100,101,111,112,113,114,115,116,117,118,144,145,146,147,148,155,156,157,158,159,160,161,162,163,164,165,166,167,170,171,189,190,192,193,201,202,203,205,210,216,217,233,234,237,238,243,245,247,248,259,260,261,264,279,281,282,291,292,293,305,307,326,327,359,360,370,371,377,378,379,404,405,414,415,416,422,423,424,427,435,437,457,458,459,460,461,462,466,467,468,469,471,472,501,502,503,504,505,510,511,513,514,515,516,547,548,549,554,555,556,559,560,561,562,581,590,591,593,594,598,599,600,601,605,606,607,608,609,610,625,630,636,637,643,644,645,650,653,654,655,656,668,669,674,681,683,684,688,689,699,700,701,709,710,711,712,713,719,731,732,733,734,745,770,775,776,777,778,779,821,822,823,824,866,867,882,895,897,898,910,911,939,944,945,955,956,989,990,1000,1034,1035,1044,1045,1074,1090,1125,1127,1162,1168,1169,1170,1207,1212,1251,1254,1255,1256,1298,1299,1300,1301,1302,1344,1346
98,98,286
6,8,22,23,24,51,52,53,66,67,68,69,72,101,111,112,113,114,146,156,157,158,189,190,191,193,201,202,203,235,237,238,246,247,280,282,283,290,291,292,303,305,306,311,312,327,336,337,347,348,350,351,352,356,357,358,359,360,371,380,381,382,400,401,402,403,404,410,422,423,424,425,426,427,429,445,446,447,448,449,456,458,459,460,467,468,469,470,471,472,491,492,498,499,500,501,502,503,505,510,511,512,513,514,515,516,517,518,525,526,537,538,540,543,544,545,546,547,548,549,553,554,555,556,557,558,559,560,561,562,563,564,568,569,570,571,572,580,581,583,585,589,590,591,592,593,598,599,600,601,602,603,604,605,606,607,608,609,610,625,626,627,628,629,630,635,636,637,644,645,646,647,648,649,650,651,652,653,654,655,656,663,668,669,670,671,672,673,680,681,682,688,689,691,692,693,694,695,696,697,698,699,700,713,714,715,716,717,718,724,725,726,727,729,732,733,734,735,736,737,738,739,740,741,742,743,746,747,748,760,762,763,769,770,771,772,776,777,778,779,780,781,782,784,785,787,806,814,815,816,821,822,823,825,860,861,866,867,869,871,897,898,899,910,911,912,913,944,945,955,989,990,1000,1035,1079,1080,1090,1124,1125,1134,1168,1169,1211,1212,1213,1256
62,62,279
10,11,13,14,22,23,24,53,67,68,69,70,82,102,111,112,113,114,115,117,145,146,156,157,158,159,172,189,190,192,193,201,202,203,204,234,237,238,246,247,265,279,282,291,292,293,305,306,311,312,326,327,336,337,342,346,347,349,350,356,357,358,359,360,368,369,371,379,381,395,401,402,403,404,405,414,415,416,422,423,424,425,426,427,446,447,448,456,457,458,459,460,467,468,469,470,471,472,481,498,499,500,501,502,503,504,505,510,511,512,513,514,515,516,517,518,519,545,546,547,548,549,551,554,555,556,557,558,559,560,561,562,563,570,571,572,580,581,583,585,590,591,592,593,598,599,600,601,602,603,604,605,606,607,608,609,625,626,628,629,630,635,636,637,643,644,645,647,648,649,650,651,652,653,654,655,656,663,668,669,670,673,674,679,680,681,682,685,688,689,691,692,693,694,695,696,697,698,699,700,701,709,710,714,715,718,725,726,727,729,731,732,734,736,737,738,739,740,741,742,743,744,748,770,771,772,775,776,777,778,779,782,784,785,786,787,814,815,816,821,822,823,861,866,867,897,898,899,910,911,916,944,945,955,986,989,990,1000,1034,1035,1045,1079,1080,1124,1125,1168,1169,1170,1206,1211,1212,1213,1223,1224,1254,1256,1301,1302,1347
98,98,281
14,22,23,24,25,67,68,69,101,103,111,112,113,114,115,141,146,148,156,157,158,159,160,172,189,190,191,192,193,201,202,203,217,235,237,246,247,265,282,283,291,292,293,302,303,304,305,306,311,312,336,337,345,347,348,356,357,358,359,368,369,371,380,381,382,395,401,402,403,404,414,415,422,423,424,425,426,427,435,436,445,446,447,448,449,453,456,458,459,460,466,467,468,469,470,471,472,492,498,499,500,501,502,503,504,505,511,512,513,514,515,516,517,519,528,536,537,538,543,544,545,546,547,548,549,551,553,554,555,556,557,558,559,560,561,562,563,564,569,571,572,573,580,581,583,585,589,590,591,592,598,599,600,601,602,603,604,605,606,607,608,609,624,625,626,628,635,636,637,643,644,646,647,648,649,650,651,652,653,654,655,656,663,667,668,670,671,672,673,674,679,680,681,682,688,689,691,692,693,694,695,696,697,698,699,700,701,702,715,716,717,725,726,727,731,732,733,734,736,737,738,739,740,741,742,743,746,748,760,770,771,772,777,778,779,780,782,784,785,787,814,816,821,822,823,860,861,865,866,867,870,871,897,898,899,910,911,912,914,944,945,955,989,990,1000,1034,1035,1073,1079,1080,1090,1124,1125,1168,1169,1206,1212,1213,1256,1301,1346
75,75,285
9,11,12,14,22,23,24,25,58,67,68,69,70,71,101,102,111,112,113,114,145,146,148,156,157,158,159,172,190,192,193,201,202,203,204,205,218,237,238,246,247,265,279,282,291,292,293,304,305,306,311,326,336,337,345,347,349,350,351,352,356,357,358,359,360,368,369,371,377,379,381,382,401,402,403,404,414,415,422,423,424,425,426,427,434,437,445,446,447,448,456,458,459,460,466,467,468,469,470,471,472,479,491,492,498,499,500,501,502,503,504,505,511,512,513,514,515,516,517,519,524,536,544,545,546,547,548,549,551,554,555,556,557,558,559,560,561,562,571,580,581,584,585,589,590,591,592,593,598,599,600,601,602,603,604,605,606,607,608,609,617,625,626,628,629,630,635,636,637,643,644,645,647,648,649,650,651,652,653,654,655,663,667,668,669,670,671,672,673,674,679,680,681,682,685,688,689,691,692,693,694,695,696,697,698,699,700,701,702,709,715,717,719,724,725,726,727,732,733,734,736,737,738,739,740,741,742,743,744,745,747,748,749,762,770,771,772,776,777,778,779,782,784,785,786,815,816,817,821,822,823,866,867,895,897,898,899,910,911,944,945,955,956,989,990,1000,1034,1035,1044,1045,1073,1080,1090,1124,1125,1168,1169,1170,1179,1206,1212,1213,1253,1254,1256
122,122,291
12,13,14,22,23,24,25,56,57,67,68,69,70,100,101,102,111,112,113,114,115,146,149,156,157,158,159,160,189,190,191,193,201,202,203,235,237,246,247,265,282,283,291,292,303,304,305,306,311,336,337,347,348,349,352,356,357,358,359,360,368,369,371,380,381,382,383,401,402,403,404,410,415,421,422,423,424,425,426,427,434,435,446,447,448,456,457,458,459,460,465,466,467,468,469,470,471,472,479,491,492,498,499,500,501,502,504,505,511,512,513,514,515,516,517,518,519,537,543,544,545,546,547,548,549,551,554,555,556,557,558,559,560,561,562,563,564,580,581,582,583,585,589,590,591,592,593,598,599,600,601,602,603,604,605,606,607,617,621,625,626,627,628,629,630,633,634,635,636,637,643,644,646,647,648,649,650,651,652,653,654,655,662,663,664,667,668,670,671,672,674,679,680,681,682,688,689,691,692,693,694,695,696,697,698,699,700,701,702,703,708,709,715,716,717,718,719,724,725,726,727,732,733,734,736,737,738,739,740,741,742,743,746,747,748,760,761,769,770,771,772,774,776,777,778,779,780,782,784,785,787,788,815,816,821,822,823,860,866,867,868,869,870,871,897,898,899,910,911,912,914,944,945,955,989,990,1000,1034,1035,1045,1080,1090,1124,1125,1168,1169,1170,1212,1213,1253,1256
58,58,289
10,11,12,14,15,22,23,24,25,57,67,68,69,101,102,103,104,105,111,112,113,114,145,146,147,156,157,158,159,172,189,190,192,201,202,203,218,238,246,247,265,291,292,293,303,304,305,306,311,326,336,337,338,347,348,349,350,356,357,358,359,360,371,376,379,381,382,395,401,402,403,404,405,414,421,422,423,424,425,426,427,431,434,446,447,455,456,457,458,459,460,466,467,468,469,470,471,472,491,499,500,501,502,503,505,507,510,511,512,513,514,515,516,517,518,519,525,535,536,544,545,546,547,548,549,551,552,553,554,555,556,557,558,559,560,561,562,563,564,580,581,582,583,585,589,590,591,592,593,599,600,601,602,603,604,605,606,607,608,617,623,625,626,629,630,635,636,637,643,644,647,648,649,650,651,652,653,654,655,662,663,667,668,669,670,671,672,673,679,680,681,682,688,689,691,692,693,694,695,696,697,698,699,700,701,702,703,708,709,719,725,726,727,732,733,734,736,737,738,739,740,741,742,743,744,745,747,748,753,769,770,771,772,774,776,777,778,779,782,783,784,785,786,787,814,815,816,821,822,823,829,860,861,866,867,897,898,899,910,911,944,945,955,989,990,1000,1034,1035,1045,1073,1079,1080,1090,1124,1125,1168,1169,1170,1179,1212,1213,1223,1251,1253,1254,1256,1301,1302,1347
60,60,295
12,13,14,15,22,23,24,55,56,57,58,67,68,69,70,100,101,111,112,113,114,115,146,156,157,158,159,172,190,201,202,203,218,237,238,246,247,265,280,282,283,291,292,303,305,306,311,336,337,347,348,349,350,351,357,358,359,360,365,368,369,371,376,377,379,381,382,395,401,402,403,404,410,415,421,422,423,424,425,426,427,446,447,448,449,456,457,458,459,460,466,467,468,469,470,471,472,491,492,498,499,500,501,502,503,504,505,511,512,513,514,515,516,517,518,519,524,525,535,536,543,544,545,546,547,549,553,554,555,556,557,558,559,560,561,562,563,580,581,582,590,591,592,593,597,598,599,600,601,602,603,604,605,606,607,609,617,623,624,625,626,627,630,634,635,636,637,643,644,646,647,648,649,650,651,652,653,654,655,662,663,667,670,671,672,673,674,675,679,680,681,682,688,689,691,692,693,694,695,696,697,698,699,700,701,702,703,707,708,709,716,717,718,720,725,726,727,729,732,733,734,736,737,738,739,740,741,742,743,748,753,761,762,763,769,770,771,772,774,776,777,778,779,780,782,783,784,785,786,787,797,814,815,816,821,822,823,829,860,861,866,867,897,898,899,905,910,911,912,914,944,945,955,989,990,1000,1034,1035,1045,1073,1079,1080,1090,1124,1125,1168,1169,1170,1206,1212,1213,1224,1253,1256,1301
102,102,300
9,10,11,21,22,23,24,25,57,67,68,69,101,102,103,112,113,114,145,148,156,157,158,159,175,190,201,202,203,205,218,238,246,247,265,282,291,292,293,298,304,305,306,336,337,342,343,345,347,348,349,350,351,352,357,358,359,360,368,369,370,371,376,377,379,381,382,395,401,402,403,404,405,415,416,421,422,423,424,425,426,427,434,446,447,448,455,456,457,458,459,460,465,466,467,468,469,470,471,472,474,482,491,499,500,501,502,503,504,505,511,512,513,514,515,516,517,518,519,525,526,535,536,544,545,546,547,548,549,551,553,554,555,556,557,558,559,560,561,562,564,571,580,581,589,590,591,592,593,597,598,599,600,601,602,603,604,605,606,607,609,617,618,622,625,626,628,629,630,635,636,637,642,643,644,645,647,648,649,650,651,652,653,654,655,656,662,663,667,670,671,672,673,674,679,680,681,682,685,688,689,691,692,693,694,695,696,697,698,699,700,701,702,703,707,708,709,717,724,725,726,727,732,733,734,736,737,738,739,740,741,742,743,744,746,747,748,753,763,769,770,771,772,773,776,777,778,779,782,783,784,785,786,787,814,815,816,821,822,823,825,829,860,861,866,867,897,898,899,910,911,944,945,955,989,990,1000,1034,1035,1045,1074,1079,1080,1090,1124,1125,1168,1169,1170,1179,1212,1213,1224,1253,1254,1256,1298,1301,1302,1346
132,132,307
8,11,13,22,23,24,34,35,36,37,38,39,50,51,52,54,55,56,67,68,69,85,96,97,98,100,101,112,116,142,143,144,145,146,154,155,156,157,158,165,166,167,180,188,189,190,191,201,202,210,211,212,234,235,246,247,265,280,291,292,304,305,306,336,337,346,347,348,349,350,351,356,357,358,359,360,379,380,381,382,396,400,401,402,404,405,414,415,423,424,425,426,427,445,446,447,455,457,458,459,460,467,468,469,470,471,472,483,491,492,498,499,500,501,502,503,504,505,508,509,511,512,513,514,515,516,517,518,528,535,536,537,538,539,540,543,544,545,546,547,548,549,553,554,555,556,557,558,559,560,561,562,563,580,581,582,583,584,585,589,590,591,592,593,598,599,600,601,602,603,604,605,606,607,625,626,627,629,630,634,635,636,637,639,641,642,643,644,645,646,647,648,649,650,651,652,653,654,655,662,663,664,669,670,671,673,679,680,681,682,684,686,687,688,689,690,691,692,693,694,695,696,697,698,699,700,701,707,708,709,714,715,724,725,726,728,729,732,733,734,736,737,738,739,740,741,742,743,746,753,770,771,772,773,774,775,776,777,778,779,782,783,784,785,786,787,814,815,816,819,821,822,823,860,861,866,867,897,899,905,910,911,912,944,945,955,989,990,1000,1034,1035,1045,1080,1090,1124,1125,1168,1169,1178,1212,1213,1223,1224,1256,1300,1301,1302
132,132,308
8,9,10,11,23,67,68,69,156,161,167,169,190,201,211,212,256,279,307,308,325,326,335,337,339,345,350,351,352,353,354,355,356,357,358,359,370,379,380,382,383,384,385,396,397,398,399,400,401,402,403,413,423,424,425,426,427,428,442,443,444,445,446,447,448,451,452,454,455,457,458,459,460,465,466,467,468,469,470,471,472,473,474,475,486,488,489,490,491,492,493,497,498,499,500,501,502,503,505,509,510,511,512,513,515,516,517,518,519,520,521,523,524,525,533,534,535,536,537,538,539,540,543,544,545,546,547,548,549,553,554,555,556,557,559,560,561,562,563,564,565,566,575,577,578,579,580,581,582,583,584,585,586,587,588,589,590,591,592,597,598,599,600,601,602,603,604,606,607,608,609,610,620,621,623,624,625,626,627,628,630,633,634,635,636,637,642,643,644,645,646,647,648,649,650,651,652,653,654,655,656,662,663,664,665,666,667,668,669,670,671,672,679,680,681,685,686,687,688,689,690,691,692,693,694,695,696,697,698,699,700,701,702,703,709,711,714,715,716,718,725,731,732,733,734,735,736,737,738,739,740,741,742,743,744,745,746,747,748,749,756,757,758,765,776,777,778,779,780,781,782,783,784,785,786,787,788,789,790,791,792,793,801,802,808,828,829,830,847,863,866,897,898,899,910,944,989,990,1034,1035,1074,1079,1118,1124,1168,1169,1212,1256
79,79,323
8,10,11,23,51,55,56,67,68,85,101,112,135,156,160,161,167,168,190,201,205,211,235,247,256,265,301,302,306,308,311,338,339,347,348,351,352,353,354,355,356,357,358,359,360,379,380,381,382,383,384,391,396,397,398,399,400,401,402,403,413,423,424,425,426,427,428,442,443,444,445,446,447,448,453,454,455,457,458,459,460,464,465,466,467,468,469,470,471,472,473,487,488,489,490,491,492,493,498,499,500,501,502,503,504,505,509,510,511,512,513,515,516,517,518,519,525,532,534,535,536,537,538,540,541,543,544,545,546,547,548,549,553,554,555,556,558,559,560,561,562,563,564,571,572,576,579,580,581,582,583,584,585,589,590,591,592,593,597,598,599,600,601,602,603,604,605,606,607,608,609,610,617,622,623,625,626,627,628,630,634,635,636,637,640,641,642,643,644,645,646,647,648,649,650,651,652,653,654,655,656,657,662,663,664,665,666,667,668,669,670,671,672,673,674,679,680,681,682,686,687,688,689,690,691,692,693,694,695,696,697,698,699,700,701,702,703,707,708,709,711,715,716,717,718,719,726,730,731,732,733,734,735,736,737,738,739,740,741,742,743,744,745,746,747,748,749,750,752,758,771,773,775,776,777,778,779,780,781,782,783,784,785,786,787,788,790,791,792,816,818,819,821,822,827,828,829,830,864,866,897,898,899,908,910,912,940,944,989,990,1029,1034,1035,1079,1090,1124,1125,1168,1169,1208,1212,1223,1256
73,73,322
9,11,23,34,38,44,55,68,84,85,112,134,156,157,161,167,190,201,205,237,265,280,301,308,311,312,335,337,338,339,346,347,348,351,352,353,354,355,356,357,358,370,371,379,380,382,383,384,391,396,397,398,399,400,401,402,403,413,423,424,425,426,427,428,442,443,444,445,446,447,448,453,454,455,457,459,460,464,465,466,467,468,469,470,471,472,473,474,488,489,490,491,492,493,498,499,500,501,502,503,504,505,508,509,510,511,512,513,515,516,517,518,519,521,522,523,524,525,526,527,533,534,535,536,537,538,539,540,542,543,544,545,546,547,548,549,553,554,555,556,557,559,560,561,562,563,564,565,571,575,576,577,578,579,580,581,582,583,584,585,586,587,588,590,591,592,597,598,599,600,602,603,608,609,610,616,617,619,620,621,622,623,624,625,626,627,628,629,630,633,634,635,636,637,642,643,644,645,646,647,648,649,651,652,653,654,655,656,657,663,665,666,667,668,669,670,671,672,673,674,675,678,679,680,681,685,686,687,688,689,690,691,692,693,694,695,696,697,698,699,700,701,702,703,707,708,709,714,715,716,717,719,720,730,731,732,733,734,735,736,737,738,739,740,741,742,743,744,745,746,747,748,749,750,755,757,758,759,761,765,775,777,778,779,780,781,782,783,784,785,786,787,788,789,790,791,802,819,821,828,829,866,897,898,899,910,940,944,945,954,989,990,1029,1034,1035,1073,1124,1168,1169,1210,1212,1256
122,122,338
21,24,34,35,36,37,38,39,51,85,86,89,90,111,112,116,135,156,157,167,201,222,224,237,247,265,266,269,309,310,311,312,313,314,315,325,338,339,345,347,351,352,353,354,355,356,357,358,359,379,380,381,382,383,384,390,396,397,398,399,400,401,402,403,404,423,424,425,426,427,428,442,443,444,445,446,447,448,449,455,457,460,464,465,466,467,468,469,470,471,472,473,474,489,490,491,492,493,494,498,499,500,502,503,505,509,510,511,512,513,514,515,516,517,518,519,520,521,534,535,536,537,538,539,540,543,544,545,546,547,549,553,554,555,556,557,558,559,560,561,562,563,564,571,572,573,575,576,579,580,581,582,583,584,585,586,589,590,591,592,597,598,599,600,601,603,604,605,606,607,608,609,616,617,619,621,622,623,624,625,626,627,628,629,630,635,637,641,642,643,644,645,646,647,648,650,651,652,653,654,655,656,657,662,663,664,666,667,668,669,670,671,672,673,674,675,680,686,687,688,689,690,691,692,693,694,695,696,697,698,699,700,701,702,703,707,708,714,715,716,717,718,719,720,725,731,732,733,734,735,736,737,738,739,740,741,742,743,744,745,746,747,748,749,750,751,752,757,758,759,760,761,762,765,775,776,777,778,779,780,781,782,783,784,785,786,787,788,791,803,816,819,820,821,822,823,827,828,829,830,861,864,865,866,867,897,898,899,908,909,910,911,912,940,944,945,989,990,1029,1034,1035,1072,1073,1080,1088,1117,1124,1125,1168,1169,1208,1210,1211,1212,1223,1253,1256,1257
127,127,337
21,26,34,35,36,37,38,39,44,66,71,72,80,81,82,84,85,86,101,111,112,114,115,116,117,128,130,131,133,134,135,156,157,158,160,161,174,175,176,177,178,179,180,201,218,219,220,221,222,223,224,225,237,238,263,264,265,266,268,269,270,301,308,309,310,311,312,313,314,315,337,338,339,347,351,352,353,354,355,356,357,358,359,379,380,382,383,391,397,398,399,400,401,402,403,423,424,425,426,427,428,442,443,444,445,446,447,448,450,455,460,465,466,467,468,469,470,471,472,473,488,489,490,491,492,493,494,495,498,499,500,505,508,509,510,511,512,513,515,516,517,518,519,521,522,525,534,535,536,537,538,539,540,544,545,547,553,554,555,556,557,558,559,560,561,562,563,564,565,571,574,575,576,578,579,580,581,582,583,584,585,586,587,590,597,598,599,600,602,603,604,608,609,616,617,618,620,622,623,624,625,626,627,628,629,630,642,643,644,645,646,647,648,651,652,653,654,655,656,657,661,662,663,664,667,668,669,670,671,672,673,674,675,686,687,688,689,690,691,692,693,694,695,696,697,698,699,700,701,702,703,706,707,713,714,715,716,717,718,719,720,730,731,732,733,734,735,736,737,738,739,740,741,742,743,744,745,746,747,748,749,757,758,759,760,761,762,763,764,765,775,776,777,778,779,780,781,782,783,784,785,786,787,788,802,803,804,808,810,821,828,829,864,866,897,898,899,910,911,940,944,945,989,990,1029,1034,1035,1080,1107,1124,1125,1168,1169,1210,1212,1254,1257
78,78,364
20,21,22,24,33,34,35,36,37,38,39,40,41,42,43,44,45,66,67,68,69,70,71,72,73,78,79,80,81,82,83,84,85,86,87,88,89,90,112,113,115,116,117,118,125,126,127,128,129,130,131,132,133,134,135,156,157,160,161,172,173,174,175,176,177,178,179,180,190,201,217,218,219,220,221,222,223,224,225,237,238,239,263,264,265,266,267,268,269,270,301,307,308,309,310,311,312,313,314,315,352,353,354,355,356,357,358,359,360,379,380,381,382,391,398,399,400,401,402,403,404,405,423,424,425,426,427,442,443,444,445,446,447,448,449,450,454,455,464,465,466,467,468,469,470,471,472,473,488,489,490,491,492,493,494,495,498,499,500,509,510,511,512,513,514,516,517,534,535,536,537,538,539,540,543,544,545,553,554,555,556,557,558,559,560,561,562,563,564,572,573,575,576,577,578,579,580,581,582,583,584,585,586,590,598,599,600,603,605,617,618,619,620,621,622,623,624,625,626,627,628,629,630,641,642,643,644,645,646,648,652,653,655,656,657,661,662,666,667,668,669,670,671,672,673,674,675,686,687,688,689,690,691,692,693,697,698,699,700,703,707,708,711,712,713,714,715,716,717,718,719,720,731,732,733,734,735,736,737,738,739,740,741,742,743,744,745,746,749,751,756,757,758,759,760,761,762,763,764,765,775,777,778,779,780,781,782,783,784,785,802,803,804,805,806,807,808,810,819,828,829,855,864,866,867,896,897,898,899,900,909,910,912,940,943,944,945,989,990,1028,1029,1034,1035,1073,1074,1079,1080,1117,1121,1122,1123,1124,1125,1167,1168,1169,1208,1209,1210,1211,1212,1213,1254,1257
60,60,367
21,22,23,24,25,26,27,28,29,30,31,32,33,34,35,36,37,38,39,40,41,42,43,44,45,67,68,69,70,71,72,73,74,76,77,78,79,80,81,82,83,84,85,86,87,88,89,90,112,113,115,116,117,118,121,122,123,124,125,126,127,128,129,130,131,132,133,134,135,156,157,160,161,167,168,169,170,171,172,173,174,175,176,177,178,179,180,201,205,216,217,218,219,220,221,222,223,224,225,237,255,261,262,263,264,265,266,267,268,269,270,280,301,307,308,309,310,311,312,313,314,315,325,351,352,353,354,355,356,357,358,359,360,379,380,390,391,396,397,398,399,400,401,402,403,404,405,423,424,425,427,441,442,443,444,445,446,447,448,449,450,469,470,488,489,490,491,492,493,494,495,512,513,525,526,527,528,531,532,533,534,535,536,537,538,539,540,544,555,557,558,559,571,572,573,574,575,576,577,578,579,580,581,582,583,584,585,600,602,603,616,617,618,619,620,621,622,623,624,625,626,627,628,629,630,642,644,645,648,662,663,664,665,666,667,668,669,670,671,672,673,674,675,686,689,690,691,692,693,703,706,707,708,710,711,712,713,714,715,716,717,718,719,720,733,734,735,736,737,756,757,758,759,760,761,762,763,764,765,777,778,780,802,803,804,805,806,807,808,809,810,847,848,849,851,852,853,854,855,894,895,896,897,898,899,900,939,940,941,942,943,944,945,985,987,988,989,990,1028,1029,1030,1031,1032,1033,1034,1035,1072,1073,1074,1075,1076,1077,1078,1079,1080,1118,1119,1120,1121,1122,1123,1124,1125,1164,1165,1166,1167,1168,1169,1170,1209,1210,1211,1212,1213,1214,1215,1253,1254,1255,1256,1257,1258,1259,1260,1305,1350
89,89,372
23,24,27,28,29,30,31,32,33,34,35,36,37,38,39,40,41,42,43,44,45,67,68,69,70,72,73,74,75,76,77,78,79,80,81,82,83,84,85,86,87,88,89,90,112,114,116,117,118,119,120,121,122,123,124,125,126,127,128,129,130,131,132,133,134,135,164,165,166,167,168,169,170,171,172,173,174,175,176,177,178,179,180,201,210,211,212,213,214,215,216,217,218,219,220,221,222,223,224,225,255,256,257,258,259,260,261,262,263,264,265,266,267,268,269,270,300,301,302,303,304,305,306,307,308,309,310,311,312,313,314,315,346,347,348,349,350,351,352,353,354,355,356,357,358,359,360,391,393,394,395,396,397,398,399,400,401,402,403,404,405,426,438,439,440,441,442,443,444,445,446,447,448,449,450,484,485,486,487,488,489,490,491,492,493,494,495,513,527,528,529,530,531,532,533,534,535,536,537,538,539,540,571,572,573,574,575,576,577,578,579,580,581,582,583,584,585,617,618,619,620,621,622,623,624,625,626,627,628,629,630,663,664,665,666,667,668,669,670,671,672,673,674,675,710,711,712,713,714,715,716,717,718,719,720,755,756,757,758,759,760,761,762,763,764,765,801,802,803,804,805,806,807,808,809,810,846,847,848,849,850,851,852,853,854,855,891,892,893,894,895,896,897,898,899,900,938,939,940,941,942,943,944,945,982,983,984,985,986,987,988,989,990,1027,1028,1029,1030,1031,1032,1033,1034,1035,1072,1073,1074,1075,1076,1077,1078,1079,1080,1117,1118,1119,1120,1121,1122,1123,1124,1125,1164,1165,1166,1167,1168,1169,1170,1209,1210,1211,1212,1213,1214,1215,1253,1254,1255,1256,1257,1258,1259,1260,1301,1302,1303,1304,1305,1346,1347,1348,1349,1350
85,85,403
22,23,24,25,27,28,29,30,31,32,33,34,35,36,37,38,39,40,41,42,43,44,45,68,69,70,73,74,75,76,77,78,79,80,81,82,83,84,85,86,87,88,89,90,112,117,118,119,120,121,122,123,124,125,126,127,128,129,130,131,132,133,134,135,162,163,164,165,166,167,168,169,170,171,172,173,174,175,176,177,178,179,180,208,209,210,211,212,213,214,215,216,217,218,219,220,221,222,223,224,225,254,255,256,257,258,259,260,261,262,263,264,265,266,267,268,269,270,298,299,300,301,302,303,304,305,306,307,308,309,310,311,312,313,314,315,344,345,346,347,348,349,350,351,352,353,354,355,356,357,358,359,360,390,391,392,393,394,395,396,397,398,399,400,401,402,403,404,405,435,436,437,438,439,440,441,442,443,444,445,446,447,448,449,450,481,482,483,484,485,486,487,488,489,490,491,492,493,494,495,526,527,528,529,530,531,532,533,534,535,536,537,538,539,540,571,572,573,574,575,576,577,578,579,580,581,582,583,584,585,617,618,619,620,621,622,623,624,625,626,627,628,629,630,662,663,664,665,666,667,668,669,670,671,672,673,674,675,707,708,709,710,711,712,713,714,715,716,717,718,719,720,753,754,755,756,757,758,759,760,761,762,763,764,765,799,800,801,802,803,804,805,806,807,808,809,810,844,845,846,847,848,849,850,851,852,853,854,855,890,891,892,893,894,895,896,897,898,899,900,936,937,938,939,940,941,942,943,944,945,981,982,983,984,985,986,987,988,989,990,1026,1027,1028,1029,1030,1031,1032,1033,1034,1035,1071,1072,1073,1074,1075,1076,1077,1078,1079,1080,1113,1117,1118,1119,1120,1121,1122,1123,1124,1125,1160,1164,1165,1166,1167,1168,1169,1170,1209,1210,1211,1212,1213,1214,1215,1254,1255,1256,1257,1258,1259,1260,1300,1301,1302,1303,1304,1305,1346,1347,1348,1349,1350
61,61,478
22,23,24,25,26,27,28,29,30,31,32,33,34,35,36,67,68,69,70,71,72,73,74,75,76,77,78,79,80,81,82,112,114,115,116,117,118,119,120,121,122,123,124,125,126,127,156,159,160,161,162,163,164,165,166,167,168,169,170,171,172,173,200,201,202,203,204,205,206,207,208,209,210,211,212,213,214,215,216,217,218,219,245,249,250,251,252,253,254,255,256,257,258,259,260,261,262,263,264,295,296,297,298,299,300,301,302,303,304,305,306,307,308,309,310,311,312,337,338,341,342,343,344,345,346,347,348,349,350,351,352,353,354,355,356,357,381,382,386,387,388,389,390,391,392,393,394,395,396,397,398,399,400,401,402,403,404,426,427,432,433,434,435,436,437,438,439,440,441,442,443,444,445,446,447,448,449,476,477,478,479,480,481,482,483,484,485,486,487,488,489,490,491,492,493,494,495,521,522,523,524,525,526,527,528,529,530,531,532,533,534,535,536,537,538,539,540,567,568,569,570,571,572,573,574,575,576,577,578,579,580,581,582,583,584,585,613,614,615,616,617,618,619,620,621,622,623,624,625,626,627,628,629,630,658,659,660,661,662,663,664,665,666,667,668,669,670,671,672,673,674,675,704,705,706,707,708,709,710,711,712,713,714,715,716,717,718,719,720,748,749,750,751,752,753,754,756,757,758,759,760,761,762,763,764,765,795,796,797,798,802,803,804,805,806,807,808,809,810,841,842,843,844,847,848,849,850,851,852,853,854,855,886,887,888,889,890,891,892,893,894,895,896,897,898,899,900,932,933,934,935,936,937,938,939,940,941,942,943,944,945,977,978,979,980,981,982,983,984,985,986,987,988,989,990,1022,1023,1024,1025,1026,1027,1028,1029,1030,1031,1032,1033,1034,1035,1067,1068,1069,1070,1071,1072,1073,1074,1075,1076,1077,1078,1079,1080,1107,1112,1113,1114,1115,1116,1117,1118,1119,1120,1121,1122,1123,1124,1125,1157,1158,1159,1160,1161,1162,1163,1164,1165,1166,1167,1168,1169,1170,1203,1204,1205,1206,1207,1208,1209,1210,1211,1212,1213,1214,1215,1248,1249,1250,1251,1252,1253,1254,1255,1256,1257,1258,1259,1260,1293,1294,1295,1297,1298,1299,1300,1301,1302,1303,1304,1305,1343,1344,1345,1346,1347,1348,1349,1350
134,134,519
10,11,13,14,15,16,17,18,19,20,21,22,23,24,25,55,56,58,59,60,61,62,63,64,65,66,67,68,69,70,100,101,104,105,106,107,108,109,110,111,112,113,114,115,116,117,118,145,146,149,150,151,152,153,154,155,156,157,158,159,160,161,194,195,196,197,198,199,200,201,202,203,204,205,206,238,240,241,242,243,244,245,246,247,248,249,250,251,252,285,286,287,288,289,290,291,292,293,294,295,296,297,298,326,329,330,331,332,333,334,335,336,337,338,339,340,341,342,343,375,376,377,378,379,380,381,382,383,384,385,386,387,388,389,391,420,421,422,423,424,425,426,427,428,429,430,431,432,433,434,436,466,467,468,469,470,471,472,473,474,475,476,477,481,482,510,511,512,513,514,515,516,517,518,519,520,521,522,523,524,526,528,555,556,557,558,559,560,561,562,563,564,565,566,567,568,569,570,571,572,573,574,600,601,602,603,604,605,606,607,608,609,610,611,612,613,614,615,616,617,618,619,645,646,647,648,649,650,651,652,653,654,655,656,657,658,659,660,661,662,663,664,665,666,667,690,691,692,693,694,695,696,697,698,699,700,701,702,703,704,705,706,707,708,709,710,711,734,735,736,737,738,739,742,743,744,745,746,747,748,749,750,751,752,756,778,779,780,783,784,785,786,787,788,789,790,791,792,793,794,795,796,797,802,823,825,830,831,832,833,834,835,836,837,838,840,841,842,868,875,876,877,878,879,880,881,882,883,884,885,886,897,898,921,922,923,924,925,926,927,928,929,930,931,932,933,940,966,967,968,969,970,971,972,973,974,975,976,977,978,989,990,1011,1012,1013,1014,1015,1016,1017,1018,1019,1020,1021,1022,1023,1024,1026,1027,1028,1029,1057,1058,1059,1060,1061,1062,1063,1064,1065,1066,1067,1068,1069,1070,1071,1072,1073,1074,1079,1102,1103,1104,1105,1106,1107,1108,1109,1110,1111,1112,1113,1114,1115,1116,1117,1118,1119,1123,1148,1149,1150,1151,1152,1153,1154,1155,1156,1157,1158,1159,1160,1161,1162,1163,1164,1166,1167,1169,1193,1194,1195,1196,1197,1198,1199,1200,1201,1202,1203,1204,1205,1206,1207,1208,1209,1210,1211,1212,1213,1236,1237,1238,1239,1240,1241,1242,1243,1244,1245,1246,1247,1248,1249,1250,1251,1252,1253,1254,1255,1256,1281,1282,1284,1285,1286,1287,1288,1289,1290,1291,1292,1293,1294,1295,1296,1297,1298,1299,1300,1326,1329,1330,1331,1332,1333,1334,1335,1336,1337,1338,1339,1340,1341,1342,1343,1344,1345,1346,1347
80,80,436
1,2,3,4,5,6,7,8,9,10,11,48,49,50,51,52,53,54,55,56,93,94,96,97,98,99,100,101,102,103,105,137,138,139,142,143,144,145,146,147,148,149,150,181,182,183,184,186,187,188,189,190,191,192,193,194,226,227,228,229,230,231,232,233,234,235,236,237,271,272,273,274,276,277,278,279,280,281,285,316,317,318,319,320,321,322,323,324,325,326,327,330,331,333,334,361,362,363,364,365,366,367,368,369,370,371,372,376,377,378,379,380,408,409,410,411,412,413,414,415,416,417,420,421,422,423,424,425,426,427,453,454,455,456,457,458,459,460,461,462,464,465,466,467,468,469,470,471,498,499,500,501,502,503,504,505,506,507,509,510,511,512,513,514,515,516,544,545,546,547,548,549,550,551,552,553,554,555,556,557,558,559,560,561,588,589,590,591,592,593,594,595,596,597,598,599,600,601,602,603,604,605,606,633,634,635,636,637,638,639,640,641,642,643,644,645,646,647,648,649,651,652,653,677,678,679,680,681,682,683,684,685,686,687,688,689,690,691,692,693,697,698,699,724,725,726,727,728,729,730,731,732,733,734,735,736,737,738,739,741,742,745,770,771,772,773,774,775,776,777,778,779,780,781,782,787,788,815,816,817,818,819,820,821,822,823,824,825,826,827,832,833,863,864,865,866,867,868,869,870,871,872,908,910,911,912,913,914,915,916,917,924,925,954,955,956,957,958,959,960,961,970,1000,1001,1002,1003,1004,1005,1006,1007,1008,1014,1015,1045,1046,1047,1048,1049,1050,1059,1060,1061,1062,1090,1091,1092,1093,1094,1095,1097,1101,1102,1104,1106,1107,1108,1134,1135,1136,1137,1138,1139,1140,1141,1145,1146,1147,1148,1149,1152,1178,1179,1180,1181,1182,1183,1184,1185,1186,1187,1188,1189,1190,1191,1192,1193,1194,1223,1224,1225,1226,1227,1228,1229,1230,1231,1232,1233,1234,1235,1236,1237,1238,1239,1268,1269,1270,1271,1272,1273,1274,1275,1276,1277,1278,1279,1280,1281,1282,1283,1313,1314,1315,1316,1317,1318,1319,1320,1321,1322,1323,1324,1325,1326,1327,1328
65,65,331
1,2,3,46,47,48,49,50,51,91,92,96,136,137,138,143,181,182,183,187,226,227,228,229,230,233,271,272,273,274,275,278,316,317,318,319,320,325,326,361,362,363,364,369,370,371,406,407,408,409,415,451,452,453,454,455,457,458,459,460,496,497,498,499,500,501,502,503,504,505,541,542,543,544,545,546,547,548,549,550,554,586,587,588,589,590,591,592,593,594,595,596,597,598,599,600,631,632,633,634,635,636,637,638,639,640,641,642,643,644,676,677,678,679,680,681,682,683,684,685,686,687,690,691,721,722,723,724,725,726,727,728,729,730,731,732,733,734,735,766,767,768,769,770,771,772,773,774,775,776,777,778,779,780,781,811,812,813,814,815,816,817,818,819,820,821,822,823,824,825,826,856,857,858,859,860,861,862,863,864,865,866,867,868,869,901,902,903,904,905,906,907,908,909,910,911,912,913,914,946,947,948,949,950,951,952,953,954,955,956,957,958,959,991,992,993,994,995,996,997,998,999,1000,1001,1002,1003,1004,1036,1037,1038,1039,1040,1041,1042,1043,1044,1045,1046,1047,1048,1081,1082,1083,1084,1085,1086,1087,1088,1089,1090,1091,1092,1093,1126,1127,1128,1129,1130,1131,1132,1133,1134,1135,1136,1137,1138,1139,1171,1172,1173,1174,1175,1176,1177,1178,1179,1180,1181,1182,1183,1184,1216,1217,1218,1219,1220,1221,1222,1223,1224,1225,1226,1227,1228,1229,1261,1262,1263,1264,1265,1266,1267,1268,1269,1270,1271,1272,1273,1274,1275,1276,1306,1307,1308,1309,1310,1311,1312,1313,1314,1315,1316,1317,1318,1319,1320,1321,1322,1323,1324,1325
72,72,300
11,22,150,153,156,189,201,222,223,326,370,371,378,379,381,382,415,423,424,425,426,427,451,457,469,470,471,496,497,500,501,502,503,513,514,515,541,542,543,544,545,546,547,557,558,559,560,586,587,588,589,590,591,592,593,600,601,602,603,604,611,631,632,633,634,635,636,637,638,644,646,647,648,651,653,656,676,677,678,679,680,682,683,684,690,691,692,697,721,722,723,724,725,726,728,729,731,732,735,766,767,768,769,770,771,773,774,775,776,777,778,779,780,787,809,811,812,813,814,815,816,818,820,821,822,823,824,825,852,853,856,857,858,859,860,861,862,863,865,866,867,868,869,870,896,897,898,899,900,901,902,903,904,905,906,907,908,910,911,912,913,914,940,942,943,944,945,946,947,948,949,950,951,952,955,956,957,989,990,991,992,993,994,995,996,997,998,999,1000,1001,1002,1027,1028,1034,1035,1036,1037,1038,1039,1040,1041,1042,1043,1044,1045,1046,1047,1062,1071,1072,1073,1080,1081,1082,1083,1084,1085,1086,1087,1088,1089,1090,1091,1092,1107,1113,1117,1122,1123,1124,1126,1127,1128,1129,1130,1131,1132,1133,1134,1135,1136,1137,1167,1171,1172,1173,1174,1175,1176,1177,1178,1179,1180,1181,1182,1205,1209,1210,1216,1217,1218,1219,1220,1221,1222,1223,1224,1225,1226,1227,1228,1253,1255,1261,1262,1263,1264,1265,1266,1267,1268,1269,1270,1271,1272,1273,1306,1307,1308,1309,1310,1311,1312,1313,1314,1315,1316,1317,1318,1319
131,131,287
11,17,19,21,22,23,24,30,32,33,56,61,67,68,77,79,101,104,105,109,110,112,146,153,154,155,156,157,158,173,174,201,202,217,219,223,262,263,264,265,266,286,292,307,311,326,333,334,336,355,370,371,378,379,380,381,382,395,396,398,415,423,424,425,426,427,441,446,467,469,470,471,472,488,489,490,492,493,494,495,504,512,513,514,515,516,534,535,536,537,538,539,543,544,556,557,558,559,560,577,579,580,581,582,583,584,586,588,589,593,599,600,601,602,603,604,607,608,609,610,621,622,623,624,630,632,634,635,637,644,645,646,647,648,650,651,653,654,655,656,657,665,666,668,671,672,677,678,681,682,690,691,697,698,699,700,701,702,703,704,711,714,715,716,718,719,720,731,732,735,742,743,745,746,747,748,758,761,764,767,771,774,775,776,777,778,779,780,808,809,810,815,816,819,820,821,822,823,824,852,853,854,855,865,866,867,868,869,896,897,898,899,900,910,911,912,913,914,940,941,942,943,944,945,955,956,957,983,985,988,989,990,1000,1001,1027,1028,1029,1033,1034,1035,1046,1062,1068,1071,1072,1073,1074,1078,1079,1080,1090,1091,1107,1113,1116,1117,1118,1121,1122,1123,1124,1125,1159,1160,1161,1164,1165,1166,1167,1168,1169,1204,1205,1209,1210,1211,1213,1223,1227,1250,1253,1254,1255,1272,1294,1306,1313
58,58,255
11,21,22,23,24,31,32,33,56,67,68,69,77,78,79,80,82,101,106,109,110,112,113,114,115,126,153,155,156,157,158,173,188,189,193,198,201,202,217,219,222,223,261,262,263,264,265,266,292,306,307,308,309,310,311,326,333,336,337,351,355,370,371,378,379,380,381,382,394,395,396,415,423,424,425,426,427,442,469,470,471,472,489,490,493,494,513,514,515,516,532,533,534,535,538,539,557,558,559,560,576,577,578,579,581,582,583,600,601,602,603,604,607,608,609,611,621,622,623,625,626,628,630,635,644,645,646,647,648,651,652,653,654,655,656,663,665,666,667,672,673,674,699,700,701,702,703,717,718,720,745,746,747,758,763,764,765,774,775,776,777,778,779,780,809,810,820,821,822,823,824,825,851,852,853,854,855,866,867,868,869,895,896,897,898,899,900,910,911,912,913,914,940,941,942,943,944,945,955,956,958,984,985,987,988,989,990,1000,1001,1027,1028,1029,1030,1033,1034,1035,1045,1062,1068,1071,1072,1073,1074,1078,1079,1080,1090,1107,1113,1114,1116,1117,1118,1121,1122,1123,1124,1125,1160,1161,1165,1166,1167,1168,1169,1204,1205,1209,1210,1211,1227,1253,1255,1272,1313
58,58,251
11,14,17,21,22,23,24,31,32,33,34,35,56,61,66,67,68,69,70,77,78,79,80,81,101,109,110,112,113,114,115,125,126,127,150,153,154,155,156,157,158,173,189,198,202,217,219,262,263,264,265,266,292,306,307,308,309,310,311,325,326,334,336,337,355,370,371,378,379,380,381,382,395,415,423,424,425,426,427,469,470,471,472,488,489,490,491,492,494,495,513,514,515,532,534,535,536,537,538,540,557,558,559,576,577,578,579,581,582,583,584,599,600,601,602,603,604,607,608,609,621,622,624,630,644,646,647,648,649,650,651,653,654,655,656,657,663,666,670,671,691,696,699,700,701,702,713,714,715,716,719,720,733,735,743,746,747,764,765,775,776,777,778,779,780,809,810,820,821,822,823,824,852,853,854,855,865,866,867,868,869,895,896,897,898,899,900,910,911,912,913,940,941,942,943,944,945,955,956,985,987,988,989,990,1000,1001,1027,1028,1029,1030,1033,1034,1035,1062,1071,1072,1073,1074,1078,1079,1080,1107,1113,1116,1117,1118,1120,1121,1122,1123,1124,1125,1159,1160,1161,1165,1166,1167,1168,1169,1204,1205,1206,1209,1210,1211,1250,1253,1254,1255,1298
30,30,197
17,19,20,21,22,31,32,64,65,67,69,77,78,81,109,110,112,113,114,126,147,148,153,155,156,157,158,173,198,202,217,221,222,223,241,261,262,263,264,265,266,286,292,305,306,307,308,310,311,325,326,330,370,371,378,379,381,382,395,415,423,424,425,426,427,450,459,467,470,471,472,494,495,513,514,533,537,538,539,540,557,558,559,576,577,578,579,581,585,599,603,608,621,622,623,625,629,638,643,644,653,654,655,656,665,683,691,697,698,699,700,701,713,728,761,764,765,777,778,779,780,809,810,820,821,822,823,824,852,853,854,855,865,866,867,868,869,895,896,897,898,899,900,910,911,912,913,914,940,941,942,943,944,945,955,956,985,987,988,989,990,1000,1001,1028,1029,1030,1033,1034,1035,1071,1072,1073,1074,1078,1079,1080,1107,1117,1118,1120,1121,1122,1123,1124,1125,1165,1166,1167,1168,1169,1204,1209,1210,1211,1253,1254,1255
129,129,178
19,20,21,22,29,30,31,32,33,35,77,78,79,80,81,82,102,125,126,153,154,156,157,173,201,202,203,222,223,241,245,246,247,259,260,261,262,263,264,281,289,290,291,292,293,304,305,306,307,308,310,325,326,334,335,336,355,356,369,370,371,377,378,379,380,381,415,423,424,443,459,468,469,487,512,513,555,556,583,584,585,601,614,615,629,630,659,674,675,702,703,704,705,748,751,821,822,851,852,853,854,855,865,866,867,868,869,895,896,897,898,899,900,910,911,912,913,914,939,940,941,942,943,944,945,955,956,982,983,984,985,986,987,988,989,990,1000,1001,1026,1027,1028,1029,1030,1033,1034,1035,1062,1071,1072,1073,1074,1079,1080,1107,1116,1117,1118,1120,1121,1122,1123,1124,1125,1160,1161,1164,1165,1166,1167,1168,1204,1206,1209,1210,1211,1253,1254,1255
135,135,182
11,19,20,21,23,30,31,32,33,34,35,36,65,66,77,78,79,80,81,120,124,125,126,147,154,156,157,170,173,174,175,200,202,217,222,223,241,245,246,247,258,259,260,261,262,263,264,281,290,291,292,305,306,307,308,309,325,326,327,333,334,335,336,351,352,355,370,371,372,374,378,379,380,381,394,414,415,418,423,424,441,443,458,459,467,468,512,513,538,539,540,557,558,559,583,584,630,675,703,822,851,852,853,854,855,865,866,867,868,869,895,896,897,898,899,900,910,911,912,913,914,939,940,941,942,943,944,945,955,956,983,984,985,986,987,988,989,990,1000,1001,1027,1028,1029,1030,1033,1034,1035,1071,1072,1073,1074,1078,1079,1080,1107,1116,1117,1118,1120,1121,1122,1123,1124,1125,1160,1161,1164,1165,1166,1167,1168,1169,1204,1205,1206,1209,1210,1211,1253,1254,1255,1256
110,110,177
19,20,21,22,23,29,30,31,32,33,34,36,60,66,77,78,79,80,81,82,102,111,112,120,124,125,127,148,153,156,165,170,174,175,192,200,201,202,222,223,245,246,247,259,260,261,262,263,264,267,281,288,290,291,292,305,306,307,308,325,326,327,334,335,352,355,356,369,370,371,372,374,378,379,380,381,414,415,422,423,424,443,459,460,468,513,555,556,584,585,601,628,675,821,822,851,852,853,854,855,865,866,867,868,869,895,896,897,898,899,900,910,911,912,939,940,941,942,943,944,945,955,956,982,983,984,985,987,988,989,990,1000,1001,1026,1027,1028,1029,1030,1033,1034,1035,1071,1072,1073,1074,1075,1077,1078,1079,1080,1107,1116,1117,1118,1119,1120,1121,1122,1123,1124,1125,1160,1161,1164,1165,1166,1167,1168,1204,1205,1206,1209,1210,1211,1253,1254,1255
57,57,169
11,19,20,21,23,30,31,32,33,34,35,36,66,77,78,79,80,81,82,111,120,124,125,126,155,157,165,174,175,176,200,201,210,221,222,223,245,246,247,258,259,260,261,262,264,281,288,290,291,292,305,306,307,308,309,325,326,335,336,351,369,370,371,374,378,379,380,381,414,415,423,424,425,458,459,460,468,504,512,513,514,557,558,584,585,675,851,852,853,854,855,865,866,867,868,869,895,896,897,898,899,900,910,911,912,914,939,940,941,942,943,944,945,955,956,982,983,984,985,986,987,988,989,990,1000,1001,1026,1027,1028,1029,1030,1033,1034,1035,1071,1072,1073,1074,1075,1077,1078,1079,1080,1107,1116,1117,1118,1120,1121,1122,1123,1124,1125,1161,1164,1165,1166,1167,1168,1169,1204,1205,1206,1209,1210,1211,1212,1253,1255
57,57,159
19,20,21,23,29,31,32,33,35,36,64,66,77,78,79,80,81,82,102,111,120,124,125,126,147,156,173,175,176,177,192,200,201,202,221,222,223,245,246,247,259,260,261,262,264,267,281,288,290,291,305,306,307,309,325,326,334,356,359,369,370,377,378,379,380,381,404,414,415,422,423,424,458,459,460,467,468,504,555,556,585,675,851,852,853,854,855,866,867,868,895,896,897,898,899,900,910,911,912,939,940,941,942,943,944,945,955,956,983,984,985,986,987,988,989,990,1000,1001,1026,1027,1028,1029,1030,1033,1034,1035,1071,1072,1073,1074,1077,1078,1079,1080,1107,1116,1117,1118,1120,1121,1122,1123,1124,1125,1161,1164,1165,1166,1167,1168,1204,1205,1209,1210,1211,1212,1253,1254,1255
27,27,153
11,19,20,21,22,23,29,30,32,33,64,66,77,78,79,80,81,102,104,109,111,125,126,154,155,156,157,165,175,177,192,200,201,221,222,223,246,247,259,260,261,262,263,264,265,268,281,286,288,290,291,292,305,306,307,325,326,369,370,378,379,380,404,414,415,423,424,458,459,460,468,512,513,514,557,558,559,674,675,851,852,853,854,855,866,867,868,869,895,896,897,898,899,900,910,911,912,914,939,940,941,942,943,944,945,955,956,983,985,988,989,990,1000,1001,1027,1028,1029,1030,1033,1034,1035,1071,1072,1073,1074,1075,1077,1078,1079,1080,1107,1116,1117,1118,1121,1123,1124,1125,1161,1164,1165,1166,1167,1168,1169,1205,1206,1209,1210,1211,1212,1253,1255
88,88,146
11,19,20,21,23,29,31,35,56,57,64,77,78,79,80,81,102,111,124,125,126,147,153,154,155,157,170,175,176,192,200,201,222,223,245,246,247,259,260,261,262,264,281,288,290,291,305,306,307,325,326,331,356,359,370,371,374,378,379,380,414,415,423,424,458,459,460,468,512,513,556,675,851,852,853,854,855,866,867,868,895,896,897,898,899,900,910,911,912,939,940,941,942,943,944,945,955,956,982,983,985,987,988,989,990,1000,1001,1026,1027,1028,1029,1030,1032,1033,1034,1035,1071,1072,1073,1074,1077,1078,1079,1080,1107,1116,1117,1118,1120,1121,1123,1124,1125,1161,1164,1165,1166,1167,1168,1209,1210,1211,1212,1253,1254,1255
27,27,151
10,11,19,20,21,29,30,33,35,57,66,77,78,79,80,81,102,109,111,124,125,126,154,155,156,170,173,175,176,189,192,201,217,220,221,222,223,246,258,259,260,261,262,263,264,265,267,268,281,290,291,305,306,307,325,326,356,369,370,371,374,378,379,414,415,423,424,458,459,460,504,514,557,558,559,675,851,852,853,854,855,866,867,868,869,895,896,897,898,899,900,910,911,912,939,940,941,942,943,944,945,955,956,983,985,988,989,990,1000,1001,1026,1027,1028,1029,1030,1033,1034,1035,1071,1072,1073,1074,1077,1078,1079,1080,1107,1116,1117,1118,1120,1121,1123,1124,1125,1161,1164,1165,1166,1167,1168,1169,1204,1205,1209,1210,1211,1212,1253,1254,1255
5,5,110
12,19,20,21,27,29,34,57,64,65,78,79,80,81,102,109,124,125,126,147,166,217,222,223,258,259,261,262,263,264,265,267,281,307,325,326,331,359,370,371,414,415,423,459,460,504,512,513,585,822,851,852,853,854,855,867,895,896,897,898,899,900,910,911,912,939,940,942,943,944,945,955,956,983,985,988,989,990,1000,1001,1027,1028,1030,1033,1034,1035,1071,1072,1073,1074,1079,1080,1107,1116,1117,1121,1123,1124,1125,1165,1166,1167,1168,1169,1209,1210,1211,1212,1254,1255
102,102,115
22,24,25,26,27,28,29,72,77,78,79,80,124,142,173,175,177,198,222,223,242,243,261,262,267,280,281,288,325,326,331,334,370,377,414,415,421,422,423,459,460,466,467,504,508,553,554,596,597,637,689,726,733,734,771,809,851,852,853,854,855,894,895,896,897,898,899,900,910,911,939,940,942,943,944,945,955,956,983,989,990,1000,1001,1027,1028,1030,1034,1035,1071,1072,1073,1078,1079,1080,1107,1115,1116,1117,1118,1120,1121,1123,1124,1125,1160,1165,1166,1167,1168,1205,1209,1210,1211,1212,1255
9,9,112
20,25,27,28,29,32,66,77,78,79,80,109,110,124,125,126,155,170,173,175,198,200,216,218,219,220,221,222,223,243,261,262,267,281,288,325,326,331,370,371,376,377,379,415,421,422,459,460,466,467,504,552,597,637,726,771,809,851,852,853,854,855,895,896,897,898,899,900,910,911,939,940,942,943,944,945,955,956,983,989,990,1000,1001,1026,1027,1028,1033,1034,1035,1071,1072,1073,1079,1080,1107,1116,1117,1120,1121,1122,1123,1124,1125,1161,1165,1166,1167,1168,1209,1210,1211,1212
48,48,109
22,25,27,28,29,72,77,78,79,80,124,125,142,153,155,173,175,177,198,219,221,222,223,242,243,261,262,267,281,288,325,326,370,371,377,414,415,421,422,423,459,460,466,467,504,508,552,596,597,681,689,726,771,809,851,852,853,854,855,895,896,897,898,899,900,911,939,940,941,942,943,944,945,955,956,989,990,1000,1001,1027,1028,1034,1035,1071,1072,1073,1075,1079,1080,1107,1115,1116,1117,1118,1120,1121,1123,1124,1125,1160,1165,1166,1167,1168,1209,1210,1211,1212,1255
25,25,114
20,21,22,25,27,28,29,65,77,78,79,109,110,124,125,126,143,153,170,173,175,176,177,198,215,217,220,221,222,223,242,243,261,262,263,267,281,288,325,326,370,371,377,379,415,421,422,459,460,466,467,504,596,597,637,682,726,771,809,851,852,853,854,855,895,896,897,898,899,900,911,939,940,941,942,943,944,945,955,956,983,989,990,1000,1001,1027,1028,1034,1035,1071,1072,1073,1079,1080,1107,1116,1117,1118,1120,1121,1122,1123,1124,1125,1161,1165,1166,1167,1168,1209,1210,1211,1212,1255
48,48,111
19,20,25,27,28,29,65,72,77,78,79,110,124,125,126,128,142,170,173,174,175,176,177,215,217,219,220,222,223,242,243,261,262,263,267,281,288,325,326,370,371,376,415,421,422,423,459,460,466,467,504,596,597,689,726,733,771,809,851,852,853,854,855,895,896,897,898,899,900,911,939,940,942,943,944,945,955,956,989,990,1000,1001,1027,1028,1034,1035,1071,1072,1073,1076,1079,1080,1107,1115,1116,1117,1118,1120,1121,1123,1124,1125,1160,1165,1166,1167,1168,1209,1210,1211,1212
25,25,117
19,20,21,22,25,27,28,64,65,66,77,78,79,109,125,126,127,128,142,143,173,174,175,177,198,217,218,219,220,222,242,243,262,267,281,288,325,326,370,371,377,379,415,421,422,423,459,460,466,467,504,508,549,596,597,637,681,682,726,771,809,851,852,853,854,855,895,896,897,898,899,900,911,939,940,941,942,943,944,945,955,956,983,989,990,1000,1001,1027,1028,1034,1035,1070,1071,1072,1073,1074,1075,1077,1079,1080,1107,1117,1120,1121,1123,1124,1125,1161,1165,1166,1167,1168,1205,1209,1210,1211,1212
48,48,116
19,20,25,27,28,29,65,77,78,79,109,110,117,125,126,127,128,142,153,155,170,172,173,174,175,217,218,219,222,241,242,243,261,262,267,280,281,324,325,326,370,371,415,421,422,459,460,466,467,502,504,545,596,597,637,681,682,726,771,809,851,852,853,854,855,895,896,897,898,899,900,911,939,940,942,943,944,945,955,956,983,989,990,1000,1001,1026,1027,1028,1034,1035,1071,1072,1073,1075,1076,1079,1080,1107,1115,1116,1117,1118,1120,1121,1123,1124,1125,1160,1165,1166,1167,1168,1209,1210,1211,1212
12,12,127
19,20,21,22,24,25,27,28,64,65,77,78,79,97,109,110,125,126,127,128,142,143,170,172,173,174,175,192,198,215,216,217,218,219,220,222,241,242,243,262,280,281,286,324,325,326,369,370,371,377,415,421,422,457,459,460,466,467,502,504,549,596,597,637,682,726,771,809,851,852,853,854,855,895,896,897,898,899,900,910,911,939,940,941,942,943,944,945,955,956,983,989,990,1000,1001,1026,1027,1028,1029,1034,1035,1071,1072,1073,1074,1075,1080,1107,1115,1116,1117,1120,1121,1123,1124,1125,1161,1165,1166,1167,1168,1205,1209,1210,1211,1212,1253
61,61,95
19,20,23,24,25,109,127,128,154,167,173,192,199,219,236,262,263,264,280,281,324,325,326,369,370,371,413,414,415,422,423,459,460,466,467,500,501,502,503,504,545,637,681,726,771,809,816,851,852,853,895,896,897,898,899,900,911,939,940,942,943,944,945,956,989,990,1000,1001,1027,1028,1030,1033,1034,1035,1071,1072,1073,1075,1079,1080,1107,1117,1118,1120,1121,1124,1125,1160,1165,1166,1168,1170,1209,1210,1211
76,76,123
19,20,22,23,24,64,108,109,123,126,127,153,154,167,169,170,173,176,193,198,243,262,263,288,332,333,371,377,378,415,421,422,423,460,466,467,468,510,511,512,513,554,555,556,596,597,598,599,600,601,640,642,643,644,645,646,681,685,687,688,689,690,691,726,730,731,732,733,734,735,771,775,776,777,778,779,809,821,823,824,854,865,894,895,897,898,899,910,911,939,940,942,943,944,945,955,956,989,990,1000,1001,1027,1028,1034,1035,1045,1071,1072,1073,1079,1080,1090,1107,1120,1124,1125,1135,1166,1168,1209,1210,1211,1212
3,3,125
19,20,22,23,24,63,64,65,66,108,109,123,126,127,153,154,168,169,174,192,197,198,243,262,263,264,280,288,332,333,371,377,378,415,421,422,423,460,466,467,468,510,511,513,554,555,556,597,598,599,600,601,637,640,642,643,644,645,646,681,685,687,688,689,690,691,726,727,730,731,732,733,734,735,771,777,778,779,809,851,865,894,895,897,898,899,910,911,939,940,942,943,944,945,955,956,989,990,1000,1001,1026,1027,1028,1033,1034,1035,1045,1071,1072,1073,1080,1090,1107,1115,1117,1120,1124,1125,1135,1160,1166,1168,1209,1210,1211
23,23,133
20,22,23,24,63,64,108,109,126,127,153,169,198,214,262,288,333,377,378,415,422,423,466,467,468,510,511,554,555,556,597,598,599,600,601,640,642,643,644,645,646,681,687,688,689,690,691,726,731,732,733,734,735,771,776,777,778,779,809,810,853,854,855,865,897,898,899,900,910,911,939,940,942,943,944,945,955,956,988,989,990,1000,1001,1027,1028,1032,1033,1034,1035,1045,1071,1072,1073,1077,1078,1079,1080,1090,1107,1121,1122,1123,1124,1125,1135,1164,1165,1166,1167,1168,1169,1170,1209,1210,1211,1212,1213,1214,1215,1255,1257,1258,1259,1260,1302,1303,1304,1305,1346,1347,1348,1349,1350
59,59,144
405,449,450,493,494,495,538,539,540,583,584,585,627,628,629,630,672,673,674,675,717,718,719,720,761,762,763,764,765,805,806,807,808,809,810,850,851,852,853,854,855,894,895,896,897,898,899,900,939,940,941,942,943,944,945,982,983,984,985,986,987,988,989,990,1027,1028,1029,1030,1031,1032,1033,1034,1035,1072,1073,1074,1075,1076,1077,1078,1079,1080,1117,1118,1119,1120,1121,1122,1123,1124,1125,1160,1161,1162,1163,1164,1165,1166,1167,1168,1169,1170,1205,1206,1207,1208,1209,1210,1211,1212,1213,1214,1215,1250,1251,1252,1253,1254,1255,1256,1257,1258,1259,1260,1296,1297,1298,1299,1300,1301,1302,1303,1304,1305,1341,1342,1343,1344,1345,1346,1347,1348,1349,1350
28,28,246
42,43,44,45,86,87,88,89,90,131,132,133,134,135,174,175,176,177,178,179,180,219,220,221,222,223,224,225,263,264,265,266,267,268,269,270,310,311,312,313,314,315,355,356,357,358,359,360,398,399,400,401,402,403,404,405,442,443,444,445,446,447,448,449,450,487,488,489,490,491,492,493,494,495,532,533,534,535,536,537,538,539,540,576,577,578,579,580,581,582,583,584,622,623,624,625,626,627,628,629,666,667,668,669,670,671,672,673,674,675,711,712,713,714,715,716,717,718,719,720,755,756,757,758,759,760,761,762,763,764,800,801,802,803,804,805,806,807,808,809,844,845,846,847,848,849,850,851,852,853,888,889,890,891,892,893,894,895,896,897,898,933,934,935,936,937,938,939,940,941,942,943,977,978,979,980,981,982,983,984,985,986,987,989,990,1022,1023,1024,1025,1026,1027,1028,1029,1030,1035,1067,1068,1069,1070,1071,1072,1073,1074,1076,1112,1113,1114,1115,1116,1117,1118,1119,1120,1157,1158,1159,1160,1161,1162,1163,1164,1201,1202,1203,1204,1205,1206,1207,1208,1209,1246,1247,1248,1249,1250,1251,1252,1287,1291,1292,1293,1294,1296,1336,1337,1339
21,21,354
32,33,34,35,36,37,38,39,40,41,42,43,44,45,76,77,78,79,80,81,82,83,84,85,86,87,88,89,120,121,122,123,124,125,126,127,128,129,130,131,132,165,166,167,168,169,170,171,172,173,174,175,176,210,211,212,213,214,215,216,217,218,219,220,223,253,254,255,256,257,258,259,260,261,262,263,264,265,298,299,300,301,302,303,304,305,306,307,308,309,343,344,345,346,347,348,349,350,351,352,353,354,388,389,390,391,392,393,394,395,396,397,398,399,433,434,435,436,437,438,439,440,441,442,443,444,477,478,479,480,481,482,483,484,485,486,487,488,522,523,524,525,526,527,528,529,530,531,532,533,567,568,569,570,571,572,573,574,575,576,611,612,613,614,615,616,617,618,619,620,656,657,658,659,660,661,662,663,700,701,702,703,704,705,706,707,708,709,745,746,747,748,749,750,751,752,753,754,755,789,790,791,792,793,794,795,796,797,798,799,800,833,834,835,836,837,838,839,840,841,842,843,844,879,880,881,882,883,884,885,886,887,888,889,923,924,925,926,927,928,929,930,931,932,933,934,968,969,970,971,972,973,974,975,976,977,1012,1013,1014,1015,1016,1017,1018,1019,1020,1021,1022,1056,1057,1058,1059,1060,1061,1062,1063,1064,1065,1066,1068,1101,1102,1103,1104,1105,1106,1107,1108,1109,1110,1113,1114,1146,1147,1148,1149,1150,1151,1152,1153,1154,1155,1157,1158,1190,1191,1192,1193,1194,1195,1196,1197,1198,1199,1200,1201,1234,1235,1236,1237,1238,1239,1240,1241,1242,1243,1244,1245,1246,1279,1280,1281,1282,1283,1284,1285,1286,1287,1288,1289,1290,1291,1323,1324,1325,1326,1327,1328,1329,1330,1331,1332,1333,1334,1335
137,137,439
20,21,22,23,24,25,26,27,28,29,30,31,32,33,64,65,66,67,68,69,70,71,72,73,74,75,76,77,78,79,109,110,111,112,113,114,115,116,117,118,119,120,121,122,123,124,125,153,154,155,156,157,158,159,160,161,162,163,164,165,166,167,169,198,199,200,201,202,203,204,205,206,207,208,209,210,211,212,213,214,243,244,245,246,247,248,249,250,251,252,253,254,255,256,288,289,290,291,292,293,294,295,296,297,298,299,300,301,302,303,333,334,335,336,337,338,339,340,341,342,343,344,345,346,347,377,378,379,380,381,382,383,384,385,386,387,388,389,421,422,423,424,425,426,427,428,429,430,431,432,433,434,466,467,468,469,470,471,472,473,474,475,476,477,478,510,511,512,513,514,515,516,517,518,519,520,521,522,553,554,555,556,557,558,559,560,561,562,563,564,565,566,598,599,600,601,602,603,604,605,606,607,608,609,610,611,643,644,645,646,647,648,649,650,651,652,653,654,655,656,687,688,689,690,691,692,693,694,695,696,697,698,699,700,701,732,733,734,735,736,737,738,739,740,741,742,743,744,745,746,777,778,779,780,781,782,783,784,785,786,787,788,789,790,822,823,824,825,826,827,828,829,830,831,832,833,834,835,867,868,869,870,871,872,873,874,875,876,877,878,879,880,910,911,912,913,914,915,916,917,918,919,920,921,922,923,924,955,956,957,958,959,960,961,962,963,964,965,966,967,968,969,970,1000,1001,1002,1003,1004,1005,1006,1007,1008,1009,1010,1011,1012,1013,1014,1045,1046,1047,1048,1049,1050,1051,1052,1053,1054,1055,1056,1057,1058,1090,1091,1092,1093,1094,1095,1096,1097,1098,1099,1100,1101,1102,1103,1104,1107,1135,1136,1137,1138,1139,1140,1141,1142,1143,1144,1145,1146,1147,1148,1179,1180,1181,1182,1183,1184,1185,1186,1187,1188,1189,1190,1191,1192,1224,1225,1226,1227,1228,1229,1230,1231,1232,1233,1234,1235,1236,1237,1268,1269,1270,1271,1272,1273,1274,1275,1276,1277,1278,1279,1280,1281,1282,1313,1314,1315,1316,1317,1318,1319,1320,1321,1322,1323,1324,1325,1326
134,134,468
10,11,12,13,14,15,16,17,18,19,20,21,22,23,24,25,26,27,28,55,56,57,58,59,60,61,62,63,64,65,66,67,68,69,70,71,100,101,102,103,104,105,106,107,108,109,110,111,112,113,114,115,144,145,146,147,148,149,150,151,152,153,154,155,156,157,158,159,188,189,190,191,192,193,194,195,196,197,198,199,200,201,202,203,204,234,235,236,237,238,239,240,241,242,243,244,245,246,247,248,249,278,279,280,281,282,283,284,285,286,287,288,289,290,291,292,293,294,322,323,324,325,326,327,328,329,330,331,332,333,334,335,336,337,338,367,368,369,370,371,372,373,374,375,376,377,378,379,380,381,382,383,411,412,413,414,415,416,417,418,419,420,421,422,423,424,425,426,456,457,458,459,460,461,462,463,464,465,466,467,468,469,470,500,501,502,503,504,505,506,507,508,509,510,511,512,513,514,515,545,546,547,548,549,550,551,552,553,554,555,556,557,558,559,589,590,591,592,593,594,595,596,597,598,599,600,601,602,603,633,634,635,636,637,638,639,640,641,642,643,644,645,646,647,648,680,681,682,683,684,685,686,687,688,689,690,691,692,693,723,724,725,726,727,728,729,730,731,732,733,734,735,736,737,738,768,769,770,771,772,773,774,775,776,777,778,779,780,781,782,813,814,815,816,817,818,819,820,821,822,823,824,825,826,828,858,859,860,861,862,863,864,865,866,867,868,869,870,871,903,904,905,906,907,908,909,910,911,912,913,914,915,916,917,947,948,949,950,951,952,953,954,955,956,957,958,959,960,961,992,993,994,995,996,997,998,999,1000,1001,1002,1003,1004,1005,1006,1037,1038,1039,1040,1041,1042,1043,1044,1045,1046,1047,1048,1049,1050,1051,1081,1082,1083,1084,1085,1086,1087,1088,1089,1090,1091,1092,1093,1094,1095,1096,1126,1127,1128,1129,1130,1131,1132,1133,1134,1135,1136,1137,1138,1139,1140,1141,1171,1172,1173,1174,1175,1176,1177,1178,1179,1180,1181,1182,1183,1184,1185,1216,1217,1218,1219,1220,1221,1222,1223,1224,1225,1226,1227,1228,1229,1261,1262,1263,1264,1265,1266,1267,1268,1269,1270,1271,1272,1273,1274,1284,1306,1307,1308,1309,1310,1311,1312,1313,1314,1315,1316,1317,1318
21,21,400
1,2,3,4,5,6,7,8,9,10,11,12,13,14,15,16,17,18,19,20,46,47,48,49,50,51,52,53,54,55,56,57,58,59,60,61,62,63,64,91,92,93,94,95,96,97,98,99,100,101,102,103,104,105,106,107,108,136,137,138,139,140,141,142,143,144,145,146,147,148,149,150,151,152,153,181,182,183,184,185,186,187,188,189,190,191,192,193,194,195,196,197,226,227,228,229,230,231,232,233,234,235,236,237,238,239,240,241,242,271,272,273,274,275,276,277,278,279,280,281,282,283,284,285,286,287,288,316,317,318,319,320,321,322,323,324,325,326,327,328,329,330,331,332,333,342,361,362,363,364,365,366,367,368,369,370,371,372,373,374,375,376,377,378,406,407,408,409,410,411,412,413,414,415,416,417,418,419,420,421,422,451,452,453,454,455,456,457,458,459,460,461,462,463,464,465,466,496,497,498,499,500,501,502,503,504,505,506,507,508,509,510,541,542,543,544,545,546,547,548,549,550,551,552,553,554,555,586,587,588,589,590,591,592,593,594,595,596,597,598,599,600,631,632,633,634,635,636,637,638,639,640,641,642,643,644,645,676,677,678,679,680,681,682,683,684,685,686,687,688,689,721,722,723,724,725,726,727,728,729,730,731,732,733,734,766,767,768,769,770,771,772,773,774,775,776,777,778,811,812,813,814,815,816,817,818,819,820,821,822,856,857,858,859,860,861,862,863,864,865,866,867,901,902,903,904,905,906,907,908,909,910,946,947,948,949,950,951,952,953,954,955,991,992,993,994,995,996,997,998,1000,1036,1037,1038,1039,1040,1041,1042,1043,1081,1082,1083,1084,1085,1086,1087,1088,1126,1127,1128,1129,1130,1131,1132,1133,1171,1172,1173,1174,1175,1176,1177,1178,1216,1217,1218,1219,1220,1222,1261,1262,1263,1264,1265,1266,1306,1307,1308,1309,1310
9,9,389
1,2,3,4,5,6,7,8,9,10,11,12,13,14,15,16,17,18,19,20,46,47,48,49,50,51,52,53,54,55,56,57,58,59,60,61,62,63,64,91,92,93,94,95,96,97,98,99,100,101,102,103,104,105,106,107,108,136,137,138,139,140,141,142,143,144,145,146,147,148,149,150,151,152,153,181,182,183,184,185,186,187,188,189,190,191,192,193,194,195,196,197,198,226,227,228,229,230,231,232,233,234,235,236,237,238,239,240,241,271,272,273,274,275,276,277,278,279,280,281,282,283,284,285,286,316,317,318,319,320,321,322,323,324,325,326,327,328,329,330,331,333,361,362,363,364,365,366,367,368,369,370,371,372,373,374,375,377,378,406,407,408,409,410,411,412,413,414,415,416,417,418,419,422,423,451,452,453,454,455,456,457,458,459,460,461,462,463,464,465,467,468,496,497,498,499,500,501,502,503,504,505,506,507,508,509,510,511,541,542,543,544,545,546,547,548,549,550,551,552,553,554,555,556,586,587,588,589,590,591,592,593,594,595,596,597,598,599,600,601,631,632,633,634,635,636,637,638,639,640,641,642,643,644,645,676,677,678,679,680,681,682,683,684,685,686,687,688,689,690,721,722,723,724,725,726,727,728,729,730,731,732,733,734,766,767,768,769,770,771,772,773,774,775,776,777,778,779,811,812,813,814,815,816,817,818,819,820,821,822,856,857,858,859,860,861,862,863,864,865,866,867,901,902,903,904,905,906,907,908,909,910,911,946,947,948,949,950,951,952,955,991,992,993,994,995,996,1000,1001,1036,1037,1038,1039,1040,1041,1042,1043,1081,1082,1083,1084,1085,1087,1089,1091,1126,1127,1128,1129,1130,1171,1172,1173,1174,1175,1216,1217,1218,1219,1220,1261,1262,1263,1264,1265,1306,1307,1308,1309
119,119,381
1,2,3,4,5,6,7,8,9,10,11,12,13,14,15,16,17,18,19,20,21,22,23,24,25,27,46,47,48,49,50,51,52,53,54,55,56,57,58,59,60,61,62,63,64,65,66,67,68,69,91,92,93,94,95,96,97,98,99,100,101,102,103,104,105,106,107,108,109,136,137,138,139,140,141,142,143,144,145,146,147,148,149,150,151,152,153,154,181,182,183,184,185,186,187,188,189,190,191,192,193,194,195,196,197,198,226,227,228,229,230,231,232,233,234,235,236,237,238,239,240,242,243,271,272,273,274,275,276,277,278,279,280,281,282,283,284,286,287,288,316,317,318,319,320,321,322,323,324,325,326,328,330,331,332,333,361,362,363,364,365,366,367,368,369,370,371,372,375,376,377,378,406,407,408,409,410,411,412,413,414,416,417,418,419,420,421,422,423,451,452,453,454,455,456,457,458,459,460,461,462,463,464,465,466,467,468,496,497,498,499,500,501,502,503,504,505,506,507,508,509,510,511,512,541,542,543,544,545,546,547,548,549,550,551,552,553,554,555,556,586,587,588,589,590,591,592,593,594,595,596,597,598,599,600,601,631,632,633,634,635,636,637,638,639,640,641,642,643,644,645,646,676,677,678,679,680,681,682,683,684,685,686,687,688,689,690,691,721,722,723,724,725,726,727,728,729,730,731,732,733,734,735,766,767,768,769,770,771,772,773,774,775,776,777,778,779,811,812,813,814,815,816,817,818,819,820,821,822,823,824,856,857,858,859,860,861,862,863,864,865,866,901,902,903,904,905,908,909,910,911,946,947,948,949,954,955,956,990,991,992,993,994,999,1000,1001,1035,1036,1038,1043,1044,1045,1089,1090,1091,1124,1127,1171,1216,1223,1261
130,130,376
1,2,3,4,5,6,7,8,9,10,11,12,13,14,15,16,17,18,19,20,21,22,23,24,25,27,35,36,46,47,48,49,50,51,52,53,54,55,56,57,58,59,60,61,62,63,64,65,66,67,68,69,82,91,92,93,94,95,96,97,98,99,100,101,102,103,104,105,106,107,108,109,110,129,136,137,138,139,140,141,142,143,144,145,146,147,148,149,150,151,152,153,154,174,181,182,183,184,185,186,187,188,189,190,191,192,193,194,195,197,198,199,219,220,222,226,227,228,229,230,231,232,233,234,235,236,237,238,239,240,242,243,265,267,268,271,272,273,274,275,276,277,278,279,280,281,282,283,286,287,288,316,317,318,319,320,322,323,324,325,326,327,328,330,331,332,333,361,362,363,364,365,366,367,369,372,374,375,376,377,378,406,407,408,409,410,411,412,417,418,419,420,421,422,423,451,452,453,454,455,456,462,463,464,465,466,467,468,496,497,498,502,504,506,507,508,509,510,511,512,513,541,542,543,545,547,548,549,551,552,553,554,555,556,557,586,587,588,589,590,591,592,593,594,595,596,597,598,599,600,601,631,632,633,634,635,636,637,639,640,641,642,643,644,645,646,676,677,678,679,680,681,682,683,684,685,686,687,688,689,690,691,721,722,723,724,725,726,727,728,729,730,731,732,733,734,735,766,767,768,769,770,771,772,773,774,775,776,777,778,779,811,812,813,814,815,816,817,818,819,820,821,822,823,824,856,857,858,859,860,861,862,863,864,865,866,867,869,897,898,902,903,904,909,910,911,955,956,988,989,990,999,1000,1001,1032,1035,1043,1044,1045,1046,1077,1078,1079,1080,1089,1090,1091,1124,1125,1132,1134,1170,1178,1209,1223,1224
61,61,367
1,2,3,4,5,6,7,8,9,10,11,12,13,14,15,16,17,18,19,20,21,22,23,24,25,26,27,28,29,30,31,33,34,35,36,37,38,39,46,47,48,49,50,51,52,53,54,55,56,57,58,59,60,61,62,63,64,65,66,67,68,69,74,76,77,79,80,82,83,84,85,86,91,92,93,94,99,100,101,102,103,104,105,106,107,108,109,122,125,126,127,128,129,131,136,137,138,139,142,143,144,145,146,147,148,149,151,152,153,154,169,170,171,172,173,174,175,176,177,178,181,182,183,184,187,188,189,190,191,192,193,194,195,197,198,215,216,217,218,219,220,221,222,223,226,227,228,229,230,231,232,233,234,235,236,237,238,242,243,265,266,267,268,271,272,273,274,275,276,277,278,279,280,281,282,283,286,288,316,317,318,319,320,321,322,323,324,325,326,327,328,330,331,332,333,361,362,363,364,365,375,376,377,378,408,410,411,418,419,420,421,422,423,453,454,460,462,463,464,465,466,467,468,497,505,506,507,508,509,510,511,512,541,542,548,549,551,552,553,554,555,556,557,586,587,592,595,596,597,598,599,600,601,631,632,633,635,636,637,638,639,640,641,642,643,644,645,646,676,677,678,679,680,681,683,684,685,686,687,688,689,690,691,721,722,723,724,725,726,728,729,730,731,732,733,734,735,767,768,770,771,773,774,775,776,777,778,779,812,814,815,817,818,819,820,822,823,824,852,855,860,861,862,863,865,866,896,897,898,900,910,911,942,943,944,945,955,956,988,989,990,999,1000,1001,1031,1033,1034,1035,1046,1075,1076,1077,1078,1079,1080,1090,1091,1120,1124,1125,1168,1169,1170,1209,1210,1211,1212
68,68,351
1,2,4,7,8,9,10,11,13,14,15,16,17,18,19,20,21,22,23,24,25,26,27,28,29,30,31,32,33,34,35,36,37,38,39,53,55,56,57,58,59,60,61,62,63,64,65,66,67,68,69,70,71,72,73,74,75,76,77,79,80,81,82,83,84,85,86,99,100,101,102,103,104,105,106,107,108,109,110,118,119,120,122,123,124,125,126,127,128,129,130,131,137,138,145,146,147,148,152,153,154,162,163,164,165,166,168,169,170,171,172,173,174,175,177,178,181,182,183,189,190,191,192,193,194,197,198,199,207,208,209,210,211,213,214,215,216,217,218,219,220,221,222,223,226,227,228,229,232,233,234,235,236,238,242,243,254,255,261,263,264,265,266,267,268,269,271,272,273,274,278,279,280,281,282,283,287,288,312,315,316,317,318,319,322,323,324,325,326,327,330,331,332,333,361,362,363,375,376,377,378,418,419,420,421,422,423,462,463,464,465,466,467,468,493,494,507,508,509,510,511,512,513,547,549,552,553,554,555,556,557,592,596,597,598,599,600,601,635,636,639,640,641,642,643,644,645,646,670,679,681,684,685,686,687,688,689,690,691,728,729,730,731,732,733,734,735,773,774,775,776,777,778,779,788,818,821,822,823,824,832,833,852,853,854,855,863,865,866,867,896,897,898,899,900,910,911,940,941,942,943,944,945,955,956,985,986,987,988,989,990,999,1000,1001,1029,1030,1031,1033,1034,1035,1044,1045,1046,1075,1076,1077,1078,1079,1080,1090,1091,1119,1120,1121,1122,1123,1124,1125,1164,1165,1166,1167,1168,1169,1170,1208,1209,1210,1211,1212,1224
17,17,347
8,9,10,11,12,13,14,15,16,17,18,19,20,21,22,23,24,25,26,27,28,29,30,31,32,33,34,35,36,37,38,39,40,54,55,56,57,58,59,60,61,62,63,64,65,66,67,68,69,70,71,72,73,74,75,76,77,78,79,80,81,82,83,84,85,86,100,101,102,103,104,105,107,108,109,110,111,112,113,114,115,118,119,120,121,122,123,124,125,126,127,128,129,130,131,144,145,146,147,148,152,153,154,162,163,164,165,168,169,170,171,172,173,174,175,176,177,178,183,189,190,191,192,193,194,196,197,198,199,207,209,210,211,213,214,215,216,217,218,219,220,221,222,223,227,234,235,236,237,238,239,242,243,254,255,259,262,263,264,265,266,267,268,269,271,272,273,274,278,279,280,281,286,287,288,300,301,311,312,316,317,318,319,325,326,330,331,332,333,341,362,364,370,375,376,377,378,389,390,419,420,421,422,423,435,436,437,462,463,464,465,466,467,468,493,494,507,508,509,510,511,512,513,548,552,553,554,555,556,557,558,596,597,598,599,600,601,636,639,640,641,642,643,644,645,646,670,671,672,679,680,684,685,686,687,688,689,690,691,727,728,729,730,731,732,733,734,735,775,776,777,778,779,805,820,821,822,823,824,852,853,854,855,866,867,896,897,898,899,900,910,940,941,942,943,944,945,955,984,986,987,988,989,990,999,1000,1001,1030,1031,1033,1034,1035,1044,1045,1046,1075,1076,1077,1078,1079,1080,1088,1089,1090,1091,1107,1118,1119,1120,1121,1122,1123,1124,1125,1134,1135,1164,1166,1167,1168,1169,1170,1209,1210,1211,1212,1223
61,61,331
10,11,12,13,14,15,16,17,18,19,20,21,22,23,24,25,26,27,28,30,31,32,33,34,35,36,37,38,39,54,55,56,57,58,59,60,61,62,63,64,65,66,67,68,69,70,71,72,73,74,75,76,77,78,79,80,81,82,83,84,85,86,101,102,103,104,105,106,107,108,109,110,112,116,117,118,119,120,121,122,123,124,125,126,127,128,129,130,131,145,146,147,148,152,153,154,155,162,163,164,165,168,169,170,171,172,173,174,175,176,177,178,182,183,189,190,191,193,197,198,207,208,209,210,211,212,213,214,215,216,217,218,219,220,221,222,223,224,233,234,235,236,238,242,243,253,254,255,261,263,264,265,266,267,268,269,272,273,274,277,278,279,281,286,287,288,310,311,317,318,319,325,330,331,332,333,363,364,375,376,377,378,389,418,419,420,421,422,423,434,435,436,437,462,463,464,465,466,467,468,493,494,507,508,509,510,511,512,513,552,553,554,555,556,557,596,597,598,599,600,601,640,641,642,643,644,645,646,670,681,684,685,686,687,688,689,690,691,729,730,731,732,733,734,735,774,775,776,777,778,779,788,797,809,810,820,821,822,823,824,851,852,853,854,855,866,867,896,897,898,899,900,911,940,941,942,943,944,945,955,956,984,985,986,987,988,989,990,999,1000,1001,1029,1030,1031,1032,1033,1034,1035,1044,1045,1046,1075,1076,1077,1078,1079,1080,1089,1090,1091,1119,1120,1121,1122,1123,1124,1125,1163,1164,1165,1166,1167,1168,1169,1170,1178,1209,1210,1211,1212,1223
16,16,324
8,10,13,14,15,16,17,18,19,20,21,22,23,24,25,26,27,28,30,31,32,33,34,35,36,37,38,39,56,57,58,59,60,61,62,63,64,65,66,67,68,69,70,71,72,73,74,75,76,77,78,79,80,81,82,83,84,85,86,102,103,104,105,106,107,108,109,110,112,116,117,118,119,120,121,122,123,124,125,126,127,128,129,131,146,147,148,149,152,153,154,156,157,161,162,163,164,165,167,168,169,170,171,172,173,174,175,176,177,178,188,189,190,191,192,193,194,196,197,198,199,204,207,208,209,210,211,213,214,215,216,217,218,219,220,221,222,223,228,232,235,236,238,242,243,254,255,262,263,264,265,266,267,268,272,273,274,278,279,280,281,286,287,288,317,318,319,325,330,331,332,333,341,375,376,377,378,388,389,390,419,420,421,422,423,434,435,436,437,462,463,464,465,466,467,468,507,508,509,510,511,512,513,552,553,554,555,556,557,595,596,597,598,599,600,601,630,639,640,641,642,643,644,645,646,670,671,680,684,685,686,687,688,689,690,691,729,730,731,732,733,734,774,775,776,777,778,779,787,809,810,820,821,822,823,824,852,853,854,855,867,869,896,897,898,899,900,911,940,941,942,943,944,945,955,984,985,986,987,988,989,990,999,1000,1001,1029,1031,1032,1033,1034,1035,1044,1045,1046,1073,1075,1076,1077,1078,1079,1080,1088,1089,1090,1091,1118,1119,1120,1121,1122,1123,1124,1125,1164,1165,1166,1168,1169,1170,1209,1210,1211,1212,1223
62,62,289
12,13,14,15,16,17,18,19,20,21,22,23,24,27,31,32,33,34,35,36,37,38,55,56,57,58,59,60,61,62,63,64,66,67,68,69,70,72,74,75,76,77,78,79,80,81,82,83,100,101,102,103,104,105,106,107,108,112,113,116,118,119,120,121,122,123,124,125,126,127,128,144,145,146,147,152,153,156,161,162,163,165,170,171,172,173,174,175,188,189,190,192,193,196,197,198,201,205,207,208,209,210,211,216,217,218,219,220,223,224,232,233,235,236,238,241,242,243,251,254,255,256,261,263,264,265,267,268,271,272,277,278,280,281,286,287,288,311,316,317,318,319,322,323,325,326,330,331,332,333,341,363,375,376,377,378,386,387,388,389,390,420,421,422,423,434,435,436,437,463,464,465,466,467,468,494,507,508,509,510,511,512,552,553,554,555,556,557,596,597,598,599,600,601,640,641,642,643,644,645,646,669,670,686,687,688,689,690,691,730,731,732,733,734,735,775,776,777,778,779,787,788,799,810,821,822,823,824,832,833,834,852,853,854,855,896,897,898,899,900,940,941,942,943,945,955,987,988,989,990,1000,1030,1031,1032,1034,1035,1043,1044,1045,1046,1075,1076,1077,1078,1079,1080,1088,1089,1090,1091,1120,1121,1122,1123,1124,1125,1135,1164,1165,1166,1168,1169,1170,1208,1209,1210,1211,1212,1223
8,8,309
12,13,14,15,16,17,18,19,20,21,22,23,24,26,29,31,32,52,56,57,58,59,60,62,63,64,65,66,67,68,69,70,73,74,75,77,78,79,80,81,82,83,98,99,101,102,103,104,105,106,107,108,109,110,111,112,113,114,115,116,120,121,122,123,124,125,126,127,128,129,131,143,144,145,146,147,148,150,151,154,155,157,159,160,161,162,164,165,167,168,170,171,172,173,174,175,186,188,189,190,191,192,193,194,195,200,209,210,211,212,216,217,218,219,220,230,231,232,233,234,235,236,237,238,239,240,241,242,245,261,262,263,264,265,266,267,268,275,276,277,278,280,281,282,283,285,286,310,321,327,331,375,376,377,408,409,419,420,421,422,424,453,462,463,464,465,466,467,491,507,508,509,510,511,522,552,553,554,555,556,590,596,597,598,599,600,601,632,633,635,636,640,641,642,643,644,646,676,677,678,679,680,681,684,687,688,689,706,715,721,723,724,725,726,728,729,731,732,733,734,737,738,749,750,751,752,766,768,769,770,771,773,775,776,777,778,779,792,793,794,795,796,798,810,811,813,814,815,816,817,822,838,840,841,852,853,855,858,859,860,861,867,870,884,896,897,898,900,912,926,938,940,941,942,943,945,970,971,986,989,990,1016,1028,1030,1031,1032,1034,1035,1072,1073,1075,1077,1078,1079,1080,1120,1121,1122,1123,1124,1125,1164,1165,1166,1167,1209,1210,1211,1212
101,101,278
12,13,14,15,16,17,18,19,20,21,22,23,24,27,29,30,31,56,57,58,60,61,62,63,64,65,66,67,68,69,70,72,73,74,75,76,77,78,79,80,81,82,83,100,101,102,103,104,105,106,107,109,110,111,112,113,114,115,116,118,119,120,126,127,128,129,131,143,145,146,147,148,150,154,155,157,158,160,161,162,164,169,170,171,173,174,175,188,189,190,191,192,193,194,195,201,207,208,209,210,211,212,215,216,217,218,219,220,221,222,223,224,230,231,232,233,234,235,236,237,238,239,240,242,246,260,261,262,263,264,265,266,267,268,275,276,277,278,281,282,283,320,321,323,325,326,327,331,364,375,376,377,419,420,421,422,423,462,463,464,465,466,467,507,508,509,510,511,552,553,554,555,556,590,591,596,597,598,599,600,601,624,633,635,636,640,641,642,643,644,645,670,678,679,680,681,684,685,686,687,688,689,723,724,725,726,728,729,731,732,733,734,768,769,770,771,776,777,778,779,794,810,815,821,822,840,841,851,852,853,855,860,868,895,896,897,898,900,938,939,940,942,943,984,987,989,990,1015,1028,1029,1030,1031,1032,1034,1035,1072,1074,1075,1076,1077,1078,1079,1080,1120,1122,1123,1124,1125,1164,1165,1167,1168,1208,1209,1210,1211,1212,1223
57,57,277
13,14,15,16,18,19,20,21,22,23,24,29,30,31,56,57,58,60,63,64,65,66,67,68,69,70,73,74,75,80,81,82,83,98,99,101,102,103,104,105,109,110,111,112,113,114,115,116,118,121,127,128,129,131,143,144,145,146,147,148,150,154,155,157,158,159,160,161,162,163,164,165,167,168,170,171,173,174,175,188,189,190,191,192,193,194,195,200,202,205,206,209,210,211,212,215,216,217,218,219,220,221,222,223,230,231,232,233,234,235,236,237,238,239,261,262,263,264,265,266,267,268,275,276,277,278,280,281,282,283,286,310,320,321,322,323,327,331,332,364,375,376,377,379,418,419,420,421,422,462,463,464,465,466,467,507,508,509,510,511,552,553,554,555,556,590,596,597,598,599,600,601,633,634,635,641,642,643,644,677,678,679,680,681,687,688,689,722,723,724,725,726,728,731,732,733,734,738,751,753,767,768,769,770,771,772,773,777,778,779,793,794,795,796,798,810,812,814,815,816,817,822,839,840,841,851,852,853,855,858,859,860,861,866,884,885,896,897,898,900,905,912,913,926,938,940,942,943,945,971,989,990,1016,1028,1029,1032,1034,1035,1072,1075,1077,1078,1079,1080,1116,1122,1123,1124,1125,1167,1168,1169,1209,1210,1211,1212,1223
140,140,263
12,13,14,15,16,17,18,19,20,21,22,23,24,25,29,30,31,56,57,58,60,61,63,64,65,66,67,68,69,70,72,73,74,75,76,80,81,82,83,100,101,102,104,109,110,111,112,113,114,115,116,119,120,127,128,129,131,143,144,145,146,147,148,154,157,158,159,160,161,162,164,167,168,169,170,171,173,174,175,187,188,189,190,194,201,203,206,207,208,210,212,214,216,217,219,220,221,222,223,224,229,230,231,233,234,235,236,238,239,240,242,260,262,263,264,265,266,267,273,274,275,276,277,281,283,286,319,320,321,323,324,325,326,330,331,332,363,364,366,375,376,377,419,420,421,422,463,464,465,466,467,507,508,509,510,511,552,553,554,555,556,590,591,596,597,598,599,600,601,630,635,636,640,642,643,644,645,678,679,680,681,687,688,689,723,724,725,726,728,732,733,734,753,754,768,769,770,771,773,777,778,779,780,794,796,797,798,799,810,814,815,816,821,824,839,840,841,852,855,860,861,866,867,870,885,895,896,897,898,900,939,940,942,943,945,972,984,989,990,1028,1030,1032,1034,1035,1072,1073,1075,1077,1078,1079,1080,1120,1122,1123,1124,1125,1167,1168,1208,1209,1210,1211,1212
54,54,237
14,15,16,18,19,20,21,22,23,24,29,30,57,58,60,63,64,65,66,67,68,69,70,73,74,76,80,81,82,83,102,103,104,109,110,111,112,113,114,115,116,118,128,129,143,144,145,146,147,148,154,155,157,158,159,160,161,162,167,168,169,170,171,172,173,174,175,188,189,191,192,193,194,200,204,209,211,212,215,216,217,218,219,220,221,222,223,231,232,233,234,235,236,237,238,239,245,261,263,264,265,266,275,276,277,278,280,281,282,283,320,321,322,323,327,365,375,377,419,420,421,422,462,463,464,465,466,467,507,508,509,510,511,552,553,554,555,556,592,596,597,598,599,600,601,633,635,636,643,644,677,678,679,680,681,684,687,688,689,723,724,725,726,732,733,734,751,754,766,768,769,770,771,772,773,777,778,795,796,798,810,814,815,816,818,839,840,841,852,853,855,859,861,864,865,866,867,884,885,896,897,900,905,912,926,939,940,942,943,945,971,984,989,990,1016,1028,1034,1035,1072,1075,1077,1078,1079,1080,1120,1122,1123,1124,1125,1164,1165,1166,1167,1169,1209,1210,1211
109,109,219
13,15,19,20,21,22,23,24,57,58,60,64,65,66,67,68,69,70,73,80,81,82,101,105,109,110,111,112,113,114,115,116,118,119,128,129,131,143,144,145,146,147,148,154,155,156,158,159,160,161,162,167,168,169,170,171,172,173,174,175,188,190,201,205,206,209,210,211,212,214,216,217,218,221,222,223,224,229,230,236,238,239,247,260,261,262,263,264,265,266,274,275,276,281,283,284,319,320,321,324,325,364,375,376,377,419,420,421,422,423,463,464,465,466,467,507,508,509,510,511,539,540,552,553,554,555,556,591,596,597,598,599,600,601,630,633,635,636,643,644,645,671,678,679,680,681,687,688,689,692,723,724,725,726,732,733,734,739,753,754,768,769,770,771,777,778,779,780,781,796,798,810,815,825,839,840,841,843,851,852,855,864,865,866,868,869,884,885,895,896,897,900,939,942,943,945,972,989,990,1028,1034,1035,1072,1077,1079,1080,1120,1122,1123,1124,1125,1165,1167,1168,1169,1208,1209,1210,1211
128,128,212
12,15,19,20,21,22,23,24,57,58,60,63,64,65,66,67,68,69,70,72,81,82,102,103,104,105,110,111,112,113,114,115,116,118,144,145,146,147,154,155,157,159,160,161,162,167,168,169,170,171,172,173,174,175,186,192,194,200,202,206,210,211,212,214,215,216,217,218,221,222,223,224,231,235,236,237,238,239,260,261,263,264,275,276,277,278,279,280,281,282,291,320,321,322,323,374,377,419,420,421,422,462,463,464,465,466,467,507,508,509,510,511,552,553,554,555,556,591,592,598,599,600,601,630,634,635,636,643,644,678,679,680,687,688,689,723,724,725,726,732,733,734,738,751,753,754,765,767,769,770,771,773,777,778,795,796,797,798,810,812,813,814,815,816,817,818,821,839,840,841,842,852,853,855,859,861,864,865,866,867,881,884,885,895,897,900,926,939,943,945,971,982,989,990,1016,1034,1035,1072,1077,1079,1080,1121,1122,1123,1124,1125,1167,1168,1169,1209,1210,1211
105,105,193
13,15,19,20,21,22,23,24,56,57,60,64,65,66,67,68,69,70,81,82,98,101,105,110,111,112,113,114,115,116,118,143,145,146,147,148,156,158,159,160,161,162,167,168,169,170,171,172,190,201,206,211,214,215,216,217,218,230,238,240,260,261,262,263,264,274,275,276,281,282,283,284,320,325,326,365,375,377,419,420,421,422,463,464,465,466,467,507,508,509,510,511,539,540,552,553,554,555,585,590,591,598,599,600,601,630,635,643,644,645,646,671,679,680,681,687,688,689,723,724,725,726,732,733,734,752,753,754,769,770,773,777,778,779,780,795,796,797,798,810,815,819,820,821,822,823,824,825,839,840,841,852,855,864,865,866,884,885,894,895,897,898,900,912,939,942,943,945,989,990,1034,1035,1072,1077,1078,1079,1080,1117,1119,1120,1121,1122,1123,1124,1125,1166,1167,1168,1169,1208,1209,1210,1212
95,95,167
19,20,21,22,23,24,25,26,27,28,30,31,52,54,55,56,57,58,60,65,66,67,68,69,70,72,73,76,77,81,82,100,101,102,103,110,111,112,113,114,115,116,129,144,145,146,147,148,157,158,159,160,161,162,167,168,169,170,171,172,189,191,193,202,204,205,211,214,215,216,217,218,219,233,234,235,236,238,261,263,264,265,275,279,280,281,321,323,377,416,419,421,422,463,464,465,466,467,507,508,509,510,539,552,553,554,555,570,592,599,600,601,630,634,635,644,688,689,722,732,733,734,738,751,753,754,769,777,778,795,796,797,810,814,816,821,839,840,841,852,855,868,869,885,895,896,897,900,971,989,990,1034,1035,1072,1079,1080,1120,1122,1123,1124,1125,1167,1168,1169,1210,1211,1212
105,105,190
19,20,21,22,23,24,65,66,67,68,69,70,81,82,101,110,111,112,113,114,155,156,157,158,167,168,172,190,200,201,202,217,218,230,236,245,246,264,265,275,279,280,281,311,312,313,314,320,324,325,326,343,346,347,348,349,356,358,359,366,368,369,370,391,392,393,394,413,420,424,432,433,435,436,464,465,466,467,477,478,479,480,481,482,505,507,508,509,510,511,520,521,522,549,553,554,555,560,563,564,570,571,594,599,600,604,605,606,608,614,615,629,644,648,649,650,651,653,654,655,656,657,658,659,660,661,673,688,689,691,693,694,695,702,703,704,715,716,719,732,733,740,741,745,748,749,759,760,765,772,776,786,793,804,810,820,821,836,837,838,839,840,852,855,861,882,895,896,897,898,900,943,989,990,1035,1071,1072,1077,1078,1079,1080,1122,1123,1124,1125,1160,1163,1167,1168,1210
90,90,177
19,20,21,22,23,24,56,65,66,67,68,69,70,81,82,100,110,111,112,113,114,115,116,144,145,146,156,157,158,159,162,167,168,172,189,192,200,201,202,214,215,216,217,218,234,235,236,264,265,279,280,281,321,324,325,326,327,348,356,368,390,391,392,393,419,420,421,435,462,463,464,465,466,467,475,478,480,505,509,510,511,520,521,522,538,549,550,554,555,564,570,571,594,599,600,601,613,614,615,626,629,630,644,649,656,657,658,671,675,688,689,692,703,704,706,709,714,715,719,720,732,733,734,751,753,760,765,770,772,776,777,781,784,795,796,797,810,815,816,821,837,838,839,840,841,851,852,855,861,882,883,884,895,897,898,900,942,943,945,989,990,1027,1035,1071,1072,1078,1079,1080,1122,1123,1124,1125,1163,1167,1209,1210,1212
105,105,185
19,20,21,22,23,24,65,66,67,68,69,70,81,82,110,111,112,113,114,116,155,156,157,158,167,168,172,173,190,200,201,202,217,218,236,245,246,265,275,280,281,312,317,324,325,326,347,348,349,356,357,358,360,366,367,368,369,370,390,391,392,393,413,414,416,421,433,434,435,436,464,465,467,469,478,479,480,482,505,508,509,510,511,519,520,521,522,549,554,555,564,571,584,585,599,600,605,613,614,615,625,629,644,648,649,650,654,655,656,657,658,659,670,672,673,688,689,693,695,702,703,704,714,715,716,720,732,733,736,740,741,748,749,752,759,760,765,772,776,782,793,794,795,796,810,821,825,837,838,839,840,841,851,852,855,882,883,884,895,897,899,900,943,989,990,1027,1035,1071,1072,1077,1078,1079,1080,1116,1122,1123,1124,1125,1161,1163,1167,1168,1170,1209,1210
78,78,195
19,20,21,22,23,24,25,65,66,67,68,69,70,81,82,105,111,112,113,114,115,116,156,157,158,160,162,167,168,169,170,171,172,173,189,192,200,201,202,214,215,216,217,218,234,235,236,247,264,265,279,280,281,325,326,327,348,356,368,371,391,392,393,416,419,420,432,435,461,464,465,467,474,475,477,478,480,505,508,509,510,511,516,520,521,522,537,538,540,548,549,550,554,555,564,569,570,571,584,592,599,600,613,614,615,629,630,643,644,649,656,657,671,672,687,688,689,692,693,696,703,704,706,707,708,714,715,719,720,731,732,733,734,739,742,743,751,752,753,760,765,769,770,772,776,777,779,780,795,796,797,798,807,810,814,815,821,837,838,839,840,841,851,852,855,861,882,883,884,885,894,898,899,900,926,945,989,990,1035,1071,1072,1078,1079,1080,1122,1123,1124,1125,1161,1163,1167,1170,1209,1210,1212
128,128,189
20,21,22,23,24,25,56,66,67,68,69,70,81,82,102,111,112,113,114,115,156,157,158,167,168,172,173,200,201,202,217,218,245,246,265,280,281,300,312,313,314,324,325,347,348,349,357,358,359,366,368,369,370,387,388,391,393,416,421,424,433,434,435,464,465,467,470,471,477,478,479,480,505,509,510,511,519,520,521,522,523,554,555,559,560,564,569,584,585,599,600,604,605,612,613,614,615,625,626,627,628,629,630,643,644,647,648,649,650,651,653,654,671,672,673,687,688,689,693,694,703,707,708,714,715,716,720,732,733,738,740,741,745,748,751,752,753,759,760,765,776,781,784,786,793,794,795,796,797,804,810,821,824,837,838,839,840,841,852,855,868,882,883,884,898,899,900,913,945,989,990,1023,1027,1035,1071,1072,1078,1080,1093,1122,1123,1124,1125,1161,1163,1167,1168,1209,1210
98,98,202
19,20,21,22,23,24,25,65,67,68,69,70,81,82,100,111,112,113,114,115,116,144,147,156,157,158,159,161,162,167,168,169,171,172,173,192,200,201,202,211,214,215,216,217,218,222,234,235,236,263,264,265,268,279,280,281,325,326,348,368,392,393,419,421,431,432,435,461,464,465,466,467,475,476,478,479,480,505,509,510,511,520,521,522,523,537,538,549,554,555,564,569,570,583,584,585,592,599,600,612,613,614,628,629,630,643,644,648,649,673,687,688,689,692,693,695,696,707,708,714,715,719,720,724,731,732,733,734,739,740,741,742,750,751,752,753,765,769,776,777,778,780,782,785,793,794,795,796,797,807,810,814,816,821,826,827,837,838,839,840,841,852,853,854,855,859,860,861,869,881,882,883,884,895,897,898,899,900,924,927,943,945,989,990,1026,1027,1035,1072,1079,1080,1122,1123,1124,1125,1161,1163,1167,1168,1170,1209,1210,1212
125,125,227
19,20,21,22,23,24,25,56,57,65,66,67,68,69,70,81,82,111,112,114,145,156,157,158,167,168,172,173,190,200,201,208,217,218,222,245,265,268,280,281,300,312,313,314,320,324,325,347,348,349,356,358,359,360,366,368,369,370,376,386,388,390,391,392,399,416,420,421,433,434,435,461,464,465,466,467,468,469,471,474,476,477,478,479,480,505,509,510,511,514,519,520,521,522,523,537,539,549,553,554,555,559,560,564,569,583,584,585,598,599,600,603,604,605,612,613,614,615,624,625,626,627,628,629,630,643,644,648,649,650,651,652,654,670,671,672,687,688,689,692,693,694,695,706,707,708,714,715,716,720,732,733,734,737,738,739,740,741,749,750,751,752,753,759,760,761,765,772,776,783,786,793,794,795,796,797,810,821,836,837,838,839,840,841,852,853,854,855,880,881,882,883,884,897,898,899,900,925,927,928,945,989,990,1026,1027,1030,1035,1068,1071,1072,1077,1078,1079,1080,1122,1123,1124,1125,1161,1163,1167,1168,1170,1209,1210,1211,1212
102,102,231
12,19,20,21,22,23,24,25,36,55,56,65,66,67,68,69,81,82,100,101,110,111,112,113,114,115,116,131,146,147,155,156,157,158,162,167,170,171,172,173,189,191,201,202,210,214,215,216,217,218,222,235,236,264,265,266,268,279,281,325,326,348,358,359,368,371,392,416,421,423,424,432,461,464,465,466,467,475,476,477,478,479,480,503,508,509,510,511,513,515,516,520,521,522,523,537,538,539,548,549,553,554,555,564,565,569,583,584,585,598,599,600,612,625,626,627,628,629,630,643,644,648,649,671,672,687,688,689,691,692,693,694,695,696,704,705,706,707,708,714,715,717,731,732,733,734,736,739,740,741,742,745,749,750,751,752,753,761,765,769,776,777,778,781,784,785,787,793,794,795,796,797,807,808,810,813,814,815,816,821,825,837,838,839,840,841,851,852,853,854,855,861,881,882,883,884,897,898,899,900,926,927,942,943,945,978,989,990,1026,1027,1035,1071,1072,1077,1078,1079,1080,1113,1120,1121,1122,1123,1124,1125,1163,1167,1168,1170,1209,1210,1212
127,127,228
19,20,21,22,23,24,25,27,28,36,43,51,52,53,63,64,65,66,67,68,69,70,72,73,96,97,98,99,101,111,112,114,115,116,130,131,132,141,142,143,144,145,156,157,167,168,172,174,175,176,177,178,179,180,188,189,190,191,201,202,208,217,218,222,223,224,233,234,235,245,246,262,263,265,266,267,268,278,279,280,281,300,312,313,324,325,347,348,349,356,358,359,360,368,369,370,376,387,390,402,403,405,413,416,420,421,424,433,434,435,465,466,467,468,469,471,477,478,479,480,509,510,511,514,520,521,522,523,524,534,553,554,555,556,558,559,562,564,568,583,584,598,599,600,604,628,642,643,644,648,649,650,651,687,688,689,692,693,694,695,697,706,707,716,731,732,733,734,737,738,739,740,741,749,750,751,752,753,761,765,776,779,780,782,793,794,795,796,804,805,806,810,821,831,837,838,839,840,841,849,853,854,855,881,882,883,884,898,900,924,925,927,928,989,990,1026,1035,1068,1072,1078,1080,1122,1123,1124,1125,1167,1168,1170
21,21,274
19,20,21,22,23,24,25,67,68,69,70,114,115,116,159,160,161,162,175,178,207,209,222,223,224,247,249,253,254,289,290,291,292,293,294,298,299,308,334,335,336,337,339,342,343,344,345,351,352,353,354,359,363,364,379,380,381,382,383,384,385,387,388,389,390,397,398,399,405,423,424,425,426,427,428,429,430,431,432,433,434,435,444,448,449,450,452,463,464,465,466,467,468,469,470,471,472,473,474,475,476,478,479,480,481,489,494,507,508,509,510,511,513,514,515,516,517,518,519,520,521,522,523,524,537,538,539,540,553,554,555,556,557,558,560,561,562,563,564,568,572,573,583,584,597,598,599,600,602,606,607,612,619,624,625,626,642,643,644,645,646,647,652,653,654,655,656,657,669,671,672,687,688,689,690,691,692,693,698,699,700,701,704,706,707,709,714,715,716,717,720,732,733,734,735,736,737,738,746,750,751,752,753,759,760,765,796,797,798,804,805,810,855,923,934,945,978,989,990,1023,1035,1057,1058,1059,1067,1068,1078,1079,1080,1096,1098,1100,1101,1102,1103,1104,1105,1112,1113,1120,1123,1124,1125,1140,1141,1142,1143,1144,1145,1146,1147,1168,1183,1184,1185,1186,1187,1188,1189,1190,1191,1192,1229,1230,1231,1232,1233,1234,1235,1236,1237,1274,1275,1277
122,122,268
19,20,21,22,23,24,25,36,37,67,68,69,70,101,114,115,116,130,161,162,177,178,208,209,220,221,222,223,224,246,263,290,291,300,308,312,313,331,334,335,336,337,339,343,353,357,359,363,364,379,380,381,382,383,384,386,387,388,389,390,398,400,402,403,404,405,420,423,424,425,427,428,429,430,431,432,433,434,435,436,444,445,449,450,464,465,466,467,468,469,470,471,472,473,474,475,476,478,479,480,481,489,494,508,509,510,511,512,513,514,515,516,517,518,519,520,521,522,523,524,535,536,537,538,539,540,553,554,555,556,557,558,559,560,561,562,563,564,568,583,584,597,598,599,600,605,607,612,624,625,626,628,642,643,644,648,650,651,653,654,655,669,674,675,687,688,689,690,691,692,693,694,705,714,715,716,717,720,732,733,734,735,736,737,738,739,749,750,751,752,753,761,764,765,780,781,783,794,795,796,804,805,810,837,838,839,840,849,850,851,853,854,855,881,882,883,889,898,900,925,934,945,977,982,989,990,1023,1026,1035,1052,1062,1067,1068,1072,1078,1079,1080,1094,1095,1112,1113,1120,1123,1124,1125,1138,1146,1148,1149,1158,1167,1168,1188,1189,1193,1229,1230,1231,1232,1233,1234,1238,1239,1279,1280,1281,1282,1283
122,122,275
19,20,21,22,23,24,25,26,67,68,69,70,113,114,115,116,130,160,177,178,219,220,221,222,223,224,253,264,286,290,291,292,293,294,298,308,334,335,336,337,338,339,342,343,352,353,357,358,359,362,364,379,380,381,382,383,384,385,387,388,389,390,398,402,404,405,423,424,425,426,427,428,429,430,431,432,433,434,435,444,445,446,449,450,463,464,465,466,467,468,469,470,471,472,473,474,475,476,477,478,479,480,481,489,490,492,493,495,508,509,510,511,512,513,514,515,516,517,518,519,520,521,522,523,524,525,535,537,538,539,540,552,553,554,555,556,557,558,560,561,562,563,564,583,584,597,598,599,600,603,611,624,625,626,627,628,630,642,643,644,646,647,648,649,653,654,669,670,671,675,687,688,689,690,691,692,693,700,705,714,715,716,717,720,732,733,734,735,736,737,738,749,750,751,753,759,760,765,779,780,804,805,806,810,849,850,851,852,853,854,855,880,889,895,897,898,900,927,933,934,942,945,977,978,989,990,1022,1023,1035,1060,1068,1078,1079,1080,1101,1102,1103,1104,1106,1112,1113,1120,1123,1124,1125,1139,1140,1143,1144,1145,1146,1147,1158,1159,1168,1183,1184,1185,1186,1187,1188,1189,1190,1191,1192,1229,1230,1231,1232,1233,1234,1237,1274,1275,1278
125,125,283
19,20,21,22,23,24,25,26,36,39,45,56,65,66,67,68,69,70,114,115,116,130,174,175,176,177,178,179,218,219,220,221,222,223,224,225,246,264,265,266,267,268,290,291,308,309,331,334,335,336,337,339,343,352,353,354,355,357,358,359,360,379,380,381,382,383,384,387,388,389,390,398,399,402,403,404,405,420,423,424,425,427,428,429,430,431,432,433,434,435,436,444,445,449,450,463,464,465,466,467,468,469,470,471,472,473,474,475,476,477,478,479,480,481,489,490,491,492,493,494,495,507,508,509,510,511,512,513,514,515,516,517,518,519,520,521,522,523,525,534,535,537,538,539,540,552,553,554,555,556,557,558,559,562,563,564,565,579,583,584,585,597,598,599,600,602,609,610,611,624,625,626,627,628,629,642,643,644,646,648,653,654,669,670,672,673,674,675,687,688,689,690,691,692,693,714,715,716,717,720,732,733,734,735,736,737,738,749,750,751,753,760,761,765,779,780,781,782,794,804,805,806,807,809,810,837,838,849,850,851,852,853,854,855,881,882,883,889,895,896,897,898,900,933,934,940,942,943,945,977,978,979,987,988,989,990,1023,1035,1067,1068,1078,1079,1080,1099,1100,1107,1112,1113,1114,1120,1123,1124,1125,1167,1168,1170,1188,1189,1229,1230,1231,1232,1233
125,125,299
19,20,21,22,23,24,25,26,27,36,38,39,66,67,68,69,70,85,101,114,115,116,130,161,162,174,176,177,178,179,209,210,218,219,220,221,222,223,224,253,255,264,265,266,267,289,290,291,292,308,309,334,335,336,337,343,344,352,353,354,355,357,358,359,379,380,381,382,383,387,388,389,390,398,399,400,402,403,404,405,423,424,425,426,427,428,429,430,431,432,433,434,435,436,444,445,446,449,450,463,464,465,467,468,469,470,471,472,473,474,475,476,477,479,480,481,489,490,491,492,493,494,508,509,510,511,512,513,514,515,516,517,518,519,520,521,522,525,534,535,536,537,538,539,540,553,554,555,556,557,558,562,563,564,565,579,582,583,584,585,597,598,599,600,624,625,626,627,628,629,630,642,643,644,645,646,647,669,670,671,672,674,675,687,688,689,690,691,692,693,714,715,716,718,719,720,732,733,734,735,736,737,738,759,760,761,763,764,765,779,780,803,804,805,806,807,810,849,850,851,852,854,855,880,889,894,895,896,897,898,900,933,934,940,941,942,943,945,978,979,987,988,989,990,1023,1024,1035,1057,1058,1067,1068,1069,1078,1079,1080,1101,1104,1105,1107,1112,1113,1114,1123,1124,1125,1140,1141,1143,1144,1145,1146,1147,1158,1159,1160,1168,1183,1184,1185,1186,1187,1188,1189,1190,1191,1192,1193,1229,1230,1231,1232,1233,1234,1235,1236,1237,1274,1277,1326
78,78,337
20,22,23,24,25,26,27,28,35,36,37,38,39,40,41,42,43,44,45,65,66,67,68,69,70,71,82,83,84,85,86,87,88,89,90,113,114,115,117,127,128,129,130,131,132,133,134,135,161,162,163,165,172,173,174,175,176,177,178,179,180,208,209,210,217,218,219,220,221,222,223,224,225,246,256,264,265,266,267,268,269,270,290,309,310,311,312,313,314,315,334,335,336,343,352,353,354,355,356,357,358,359,360,379,380,381,388,389,390,398,399,400,401,402,403,404,405,423,424,425,427,428,429,430,432,433,434,435,443,444,445,446,447,448,449,450,465,467,468,469,470,471,472,473,474,475,476,477,478,479,480,481,488,489,490,491,492,493,494,495,507,509,510,511,512,513,514,515,516,517,518,519,520,521,522,525,534,535,536,537,538,539,540,553,554,555,556,557,558,559,563,564,565,579,580,581,582,583,584,585,597,598,599,600,619,621,622,623,624,625,626,627,628,629,630,642,643,644,646,648,663,664,668,669,670,671,672,673,674,675,687,688,689,690,691,692,693,700,714,715,716,717,718,719,720,733,734,735,736,737,738,758,759,760,761,762,763,764,765,779,780,781,804,805,806,807,808,809,810,848,849,850,851,852,853,854,855,881,882,894,895,896,897,898,899,900,927,932,933,934,939,940,941,942,943,944,945,978,979,984,985,986,987,988,989,990,1023,1024,1030,1031,1032,1033,1034,1035,1067,1068,1069,1072,1077,1078,1079,1080,1112,1113,1114,1123,1124,1125,1160,1166,1167,1168,1170,1188,1230,1231,1232
83,83,354
23,24,25,26,27,28,29,31,32,33,34,35,36,37,38,39,40,41,42,43,44,45,67,68,69,70,71,72,73,74,77,78,79,80,81,82,83,84,85,86,87,88,89,90,114,117,118,119,122,123,124,125,126,127,128,129,130,131,132,133,134,135,162,163,164,165,170,171,172,173,174,175,176,177,178,179,180,207,208,209,210,216,217,218,219,220,221,222,223,224,225,260,261,262,263,264,265,266,267,268,269,270,305,306,307,308,309,310,311,312,313,314,315,334,335,350,351,352,353,354,355,356,357,358,359,360,379,380,381,397,398,399,400,401,402,403,404,405,424,425,427,435,442,443,444,445,446,447,448,449,450,468,469,470,471,472,473,474,486,488,489,490,491,492,493,494,495,511,513,514,515,518,519,531,533,534,535,536,537,538,539,540,556,557,558,574,576,577,578,579,580,581,582,583,584,585,618,619,621,622,623,624,625,626,627,628,629,630,643,644,646,663,666,667,668,669,670,671,672,673,674,675,688,689,690,691,692,708,709,710,713,714,715,716,717,718,719,720,734,735,736,737,757,758,759,760,761,762,763,764,765,779,780,801,802,803,804,805,806,807,808,809,810,846,847,848,849,850,851,852,853,854,855,889,892,893,894,895,896,897,898,899,900,934,938,939,940,941,942,943,944,945,979,980,982,983,984,985,986,987,988,989,990,1027,1028,1029,1030,1031,1032,1033,1034,1035,1068,1069,1072,1073,1074,1075,1076,1077,1078,1079,1080,1113,1114,1117,1118,1119,1120,1121,1122,1123,1124,1125,1159,1160,1165,1166,1167,1168,1169,1170,1210,1211,1212,1214,1215,1259,1260,1274,1304,1305,1349,1350
76,76,353
27,28,29,30,31,32,33,34,35,36,37,38,39,40,41,42,43,44,45,68,72,73,74,75,76,77,78,79,80,81,82,83,84,85,86,87,88,89,90,118,119,120,121,122,123,124,125,126,127,128,129,130,131,132,133,134,135,163,164,165,166,167,168,169,170,171,172,173,174,175,176,177,178,179,180,209,210,211,212,213,214,215,216,217,218,219,220,221,222,223,224,225,255,256,257,258,259,260,261,262,263,264,265,266,267,268,269,270,302,303,304,305,306,307,308,309,310,311,312,313,314,315,347,348,349,350,351,352,353,354,355,356,357,358,359,360,379,393,394,395,396,397,398,399,400,401,402,403,404,405,424,425,438,439,440,441,442,443,444,445,446,447,448,449,450,469,470,471,484,485,486,487,488,489,490,491,492,493,494,495,513,514,529,530,531,532,533,534,535,536,537,538,539,540,574,575,576,577,578,579,580,581,582,583,584,585,619,620,621,622,623,624,625,626,627,628,629,630,664,665,666,667,668,669,670,671,672,673,674,675,710,711,712,713,714,715,716,717,718,719,720,755,756,757,758,759,760,761,762,763,764,765,801,802,803,804,805,806,807,808,809,810,845,846,847,848,849,850,851,852,853,854,855,891,892,893,894,895,896,897,898,899,900,936,937,938,939,940,941,942,943,944,945,982,983,984,985,986,987,988,989,990,1027,1028,1029,1030,1031,1032,1033,1034,1035,1072,1073,1074,1075,1076,1077,1078,1079,1080,1114,1118,1119,1120,1121,1122,1123,1124,1125,1165,1166,1167,1168,1169,1170,1210,1211,1212,1213,1214,1215,1257,1258,1259,1260,1302,1303,1304,1305,1347,1348,1349,1350
81,81,401
23,24,27,28,29,30,31,32,33,34,35,36,37,38,39,40,41,42,43,44,45,68,69,72,73,74,75,76,77,78,79,80,81,82,83,84,85,86,87,88,89,90,112,117,118,119,120,121,122,123,124,125,126,127,128,129,130,131,132,133,134,135,162,163,164,165,166,167,168,169,170,171,172,173,174,175,176,177,178,179,180,207,210,211,212,213,214,215,216,217,218,219,220,221,222,223,224,225,252,253,254,255,256,257,258,259,260,261,262,263,264,265,266,267,268,269,270,300,301,302,303,304,305,306,307,308,309,310,311,312,313,314,315,346,347,348,349,350,351,352,353,354,355,356,357,358,359,360,391,392,393,394,395,396,397,398,399,400,401,402,403,404,405,436,437,438,439,440,441,442,443,444,445,446,447,448,449,450,481,482,483,484,485,486,487,488,489,490,491,492,493,494,495,526,527,528,529,530,531,532,533,534,535,536,537,538,539,540,574,575,576,577,578,579,580,581,582,583,584,585,617,618,619,620,621,622,623,624,625,626,627,628,629,630,662,663,664,665,666,667,668,669,670,671,672,673,674,675,707,708,709,710,711,712,713,714,715,716,717,718,719,720,752,753,754,755,756,757,758,759,760,761,762,763,764,765,798,799,800,801,802,803,804,805,806,807,808,809,810,844,845,846,847,848,849,850,851,852,853,854,855,889,890,891,892,893,894,895,896,897,898,899,900,934,935,936,937,938,939,940,941,942,943,944,945,979,980,981,982,983,984,985,986,987,988,989,990,1025,1026,1027,1028,1029,1030,1031,1032,1033,1034,1035,1071,1072,1073,1074,1075,1076,1077,1078,1079,1080,1114,1115,1116,1117,1118,1119,1120,1121,1122,1123,1124,1125,1160,1164,1165,1166,1167,1168,1169,1170,1209,1210,1211,1212,1213,1214,1215,1255,1256,1257,1258,1259,1260,1301,1302,1303,1304,1305,1346,1347,1348,1349,1350
129,129,476
21,22,23,24,25,26,27,28,29,30,31,32,33,34,35,36,66,67,68,69,70,71,72,73,74,75,76,77,78,79,111,112,115,116,117,118,119,120,121,122,123,124,125,156,157,159,160,161,162,163,164,165,166,167,168,169,170,171,172,205,206,207,208,209,210,211,212,213,214,215,216,217,218,219,251,252,253,254,255,256,257,258,259,260,261,262,263,264,265,291,293,294,297,298,299,300,301,302,303,304,305,306,307,308,309,310,312,336,338,342,344,345,346,347,348,349,350,351,352,353,354,355,356,359,379,380,381,382,383,387,389,390,391,392,393,394,395,397,399,400,401,402,424,425,426,427,428,429,433,434,435,436,437,444,445,446,447,448,468,469,470,471,472,473,474,477,478,479,480,481,486,487,488,489,490,491,492,493,513,514,517,518,520,522,523,525,526,527,528,529,531,533,534,535,536,537,538,539,540,570,571,572,573,574,575,576,577,578,579,580,581,582,583,584,585,614,615,616,617,618,619,620,621,622,623,624,625,626,627,628,629,630,660,661,662,663,664,665,666,667,668,669,670,671,672,673,674,675,705,706,707,708,709,710,711,712,713,714,715,716,717,718,719,720,748,749,750,751,752,753,754,755,756,757,758,759,760,761,762,763,764,765,794,795,796,797,798,799,800,801,802,803,804,805,806,807,808,809,810,839,840,841,842,843,844,845,846,847,848,849,850,851,852,853,854,855,882,886,887,888,889,890,891,892,893,894,895,896,897,898,899,900,928,930,931,932,933,934,935,936,937,938,939,940,941,942,943,944,945,972,973,975,976,977,978,979,980,981,982,983,984,985,986,987,988,989,990,1018,1022,1023,1024,1025,1026,1027,1028,1029,1030,1031,1032,1033,1034,1035,1062,1063,1067,1068,1069,1070,1071,1072,1073,1074,1075,1076,1077,1078,1079,1080,1112,1113,1114,1115,1116,1117,1118,1119,1120,1121,1122,1123,1124,1125,1157,1158,1159,1160,1161,1162,1163,1164,1165,1166,1167,1168,1169,1170,1203,1204,1205,1206,1207,1208,1209,1210,1211,1212,1213,1214,1215,1248,1249,1250,1251,1252,1253,1254,1255,1256,1257,1258,1259,1260,1293,1294,1295,1296,1297,1298,1299,1300,1301,1302,1303,1304,1305,1340,1341,1342,1343,1344,1345,1346,1347,1348,1349,1350
130,130,514
8,9,10,11,13,14,15,16,17,18,19,20,21,22,23,24,25,54,55,56,57,59,60,61,63,65,66,67,68,69,70,100,101,102,105,106,108,109,110,111,112,113,114,115,116,145,146,147,148,149,150,151,152,153,154,155,156,157,158,159,160,161,162,190,191,192,193,194,195,196,197,198,199,200,201,202,203,204,235,236,237,238,239,240,241,242,243,244,245,246,247,248,253,254,255,277,280,281,282,283,284,285,286,287,288,289,290,291,292,293,294,298,299,300,301,325,326,327,328,329,330,331,332,333,334,335,336,337,338,339,341,342,343,344,372,373,374,376,377,378,379,380,381,382,383,384,385,386,387,388,389,390,391,418,420,421,422,423,424,425,426,427,428,429,430,431,432,433,434,435,436,464,465,466,467,468,469,470,471,472,473,474,475,476,477,478,479,480,481,509,510,511,512,513,514,515,516,517,518,519,520,521,522,523,524,525,526,527,556,557,558,559,560,561,562,563,564,565,566,567,568,569,570,571,572,573,599,600,601,602,603,604,605,606,607,608,609,610,611,612,614,615,616,617,618,644,645,646,647,650,651,652,653,660,661,662,663,688,689,690,691,692,693,697,698,699,704,705,706,707,708,734,735,736,737,738,742,743,745,746,747,748,749,750,751,752,753,778,780,788,789,790,791,792,793,794,795,796,797,798,799,823,825,832,833,834,835,836,837,838,839,840,841,842,843,844,868,869,878,879,880,881,882,883,884,885,886,887,888,889,890,894,895,896,911,913,921,922,923,924,925,926,927,928,929,930,931,932,933,934,935,936,939,940,942,965,966,967,968,969,970,971,972,973,974,975,976,977,978,979,980,981,982,983,989,990,1011,1012,1013,1014,1015,1016,1017,1018,1019,1020,1021,1022,1023,1024,1025,1026,1027,1028,1033,1034,1055,1057,1058,1059,1060,1061,1062,1063,1064,1065,1066,1067,1068,1069,1070,1071,1072,1073,1074,1078,1101,1102,1103,1104,1105,1106,1107,1108,1109,1110,1111,1112,1113,1114,1115,1116,1117,1118,1122,1123,1124,1146,1147,1148,1149,1150,1151,1152,1153,1154,1155,1156,1157,1158,1159,1160,1161,1162,1165,1168,1170,1193,1194,1195,1196,1197,1199,1200,1201,1202,1203,1204,1205,1206,1210,1239,1240,1241,1242,1243,1244,1245,1246,1247,1248,1249,1250,1254,1282,1283,1284,1285,1286,1287,1288,1289,1290,1291,1292,1293,1294,1295,1327,1328,1329,1330,1331,1332,1333,1334,1335,1336,1337,1338,1339,1340,1341,1345
77,77,435
1,2,6,7,8,9,10,11,12,13,46,47,48,49,50,51,52,53,54,55,56,57,58,91,92,93,94,95,96,97,98,99,100,101,136,137,138,139,140,141,142,143,144,145,146,181,182,183,184,185,186,187,188,189,190,191,226,227,228,229,230,231,232,233,234,235,236,237,238,271,272,273,274,275,276,277,278,279,280,281,282,283,284,286,316,317,318,319,320,321,322,323,324,325,326,329,331,335,336,361,362,363,364,365,366,367,368,369,370,371,373,374,375,376,377,378,379,380,381,407,408,409,410,411,412,413,414,415,416,417,418,419,420,421,422,423,424,425,426,427,451,452,453,454,455,456,457,458,459,460,461,462,463,464,465,466,467,468,469,470,471,472,498,499,500,501,502,503,504,505,506,507,508,509,510,511,512,513,514,515,516,517,543,544,545,546,547,548,549,550,551,552,553,554,555,556,557,558,559,560,561,563,589,590,592,593,594,595,596,597,598,599,600,601,602,603,604,605,606,637,638,639,640,641,642,643,644,645,646,647,650,651,682,683,684,685,686,687,688,689,690,691,692,726,727,728,729,730,731,732,733,734,735,736,737,772,773,774,775,776,777,778,779,780,781,816,817,818,819,820,821,822,823,824,825,826,836,837,862,863,864,865,866,867,868,869,870,871,882,908,909,910,911,912,913,914,915,925,953,954,955,956,957,958,959,960,968,971,972,973,999,1000,1001,1002,1003,1004,1005,1006,1008,1009,1014,1017,1018,1045,1046,1047,1048,1049,1050,1051,1060,1061,1062,1063,1067,1068,1090,1091,1092,1093,1094,1095,1096,1097,1098,1102,1103,1106,1107,1108,1109,1111,1112,1113,1114,1135,1136,1137,1138,1139,1140,1141,1142,1143,1144,1145,1146,1147,1148,1150,1151,1152,1160,1179,1180,1181,1182,1183,1184,1185,1186,1187,1188,1189,1190,1191,1192,1193,1195,1223,1224,1225,1226,1227,1228,1229,1230,1231,1232,1233,1234,1235,1236,1237,1238,1239,1240,1268,1269,1270,1271,1272,1273,1274,1275,1276,1277,1278,1279,1280,1281,1282,1283,1284,1316,1317,1318,1319,1320,1323,1325,1326,1327,1328,1329
64,64,340
1,46,47,91,92,93,136,137,138,140,181,182,183,184,226,227,228,233,271,272,273,274,278,279,316,317,318,319,361,362,363,364,365,367,368,406,407,408,409,451,452,453,454,461,463,496,497,498,499,505,506,507,508,509,541,542,543,544,549,550,551,552,553,554,586,587,588,589,590,593,594,595,596,597,598,599,631,632,633,634,636,637,638,640,641,642,643,644,676,677,678,679,680,681,684,685,686,687,688,689,721,722,723,724,725,726,728,729,730,731,732,733,734,735,766,767,768,769,770,771,772,774,775,776,777,778,779,811,812,813,814,815,816,817,818,819,820,822,823,824,856,857,858,859,860,861,862,865,866,867,868,869,901,902,903,904,905,906,907,908,909,910,911,912,913,914,946,947,948,949,950,951,952,953,954,955,956,957,958,991,992,993,994,995,996,997,998,999,1000,1001,1002,1003,1004,1036,1037,1038,1039,1040,1041,1042,1043,1044,1045,1046,1047,1048,1049,1050,1052,1081,1082,1083,1084,1085,1086,1087,1088,1089,1090,1091,1092,1093,1094,1095,1096,1097,1098,1099,1100,1101,1126,1127,1128,1129,1130,1131,1132,1133,1134,1135,1136,1137,1138,1139,1140,1141,1142,1143,1144,1145,1146,1147,1171,1172,1173,1174,1175,1176,1177,1178,1179,1180,1181,1182,1183,1184,1185,1186,1187,1188,1189,1190,1191,1192,1216,1217,1218,1219,1220,1221,1222,1223,1224,1225,1226,1227,1228,1229,1230,1231,1232,1233,1234,1235,1236,1237,1261,1262,1263,1264,1265,1266,1267,1268,1269,1270,1271,1272,1273,1274,1275,1276,1277,1278,1279,1280,1281,1282,1283,1306,1307,1308,1309,1310,1311,1312,1313,1314,1315,1316,1317,1318,1319,1320,1321,1322,1323,1324,1325,1326
116,116,326
10,11,54,56,101,112,181,226,227,267,271,272,316,317,318,335,336,337,361,362,363,377,378,379,380,381,406,421,423,424,425,426,451,465,466,467,468,469,470,471,472,492,496,509,510,512,513,514,515,516,517,518,519,538,539,541,542,553,554,555,557,558,559,560,561,562,563,564,586,587,597,598,599,600,602,603,604,605,607,631,632,633,642,643,644,645,676,677,678,687,688,689,691,721,722,723,724,731,732,733,734,766,767,768,769,777,778,779,811,812,813,814,815,823,851,852,853,855,856,857,858,859,860,896,897,898,899,900,901,902,903,904,905,906,910,911,912,931,932,933,940,942,943,944,945,946,947,948,949,950,951,955,956,977,978,981,982,988,989,990,991,992,993,994,995,996,997,1000,1001,1022,1023,1024,1025,1026,1027,1028,1033,1034,1035,1036,1037,1038,1039,1040,1041,1042,1043,1045,1046,1050,1067,1068,1069,1070,1071,1072,1073,1079,1080,1081,1082,1083,1084,1085,1086,1087,1088,1090,1091,1092,1093,1094,1095,1096,1097,1107,1108,1110,1112,1113,1114,1115,1116,1117,1123,1124,1125,1126,1127,1128,1129,1130,1131,1132,1133,1134,1135,1136,1137,1138,1139,1140,1141,1142,1143,1160,1161,1170,1171,1172,1173,1174,1175,1176,1177,1178,1179,1180,1181,1182,1183,1184,1185,1186,1187,1188,1189,1216,1217,1218,1219,1220,1221,1222,1223,1224,1225,1226,1227,1228,1229,1230,1231,1232,1234,1235,1236,1261,1262,1263,1264,1265,1266,1267,1268,1269,1270,1271,1272,1273,1275,1276,1278,1279,1280,1306,1307,1308,1309,1310,1311,1312,1313,1314,1315,1316,1317,1318,1319,1320,1321,1322,1323,1324,1325,1326
58,58,289
11,20,21,22,23,56,66,67,68,101,111,112,114,115,145,157,190,218,219,247,264,265,267,268,271,272,291,316,317,331,333,334,335,336,337,361,362,363,378,379,380,381,382,383,388,422,423,424,425,426,427,433,435,464,465,466,467,468,469,470,471,472,473,474,475,478,492,493,494,508,509,510,512,513,514,515,516,517,518,519,520,521,522,523,524,535,537,538,539,540,553,554,555,557,558,559,560,561,562,563,564,570,572,582,583,584,585,597,598,599,600,602,603,605,606,607,608,626,627,642,643,644,645,662,687,688,689,690,691,692,706,707,708,732,733,734,750,751,777,778,779,806,807,808,809,810,823,842,843,844,850,851,852,853,855,886,887,888,889,894,895,896,897,898,899,900,910,911,912,913,931,932,933,936,939,940,942,943,944,945,955,956,974,975,976,977,978,979,980,981,982,983,987,988,989,990,1000,1001,1018,1019,1020,1021,1022,1023,1024,1025,1026,1027,1028,1029,1033,1034,1035,1063,1065,1066,1067,1068,1069,1070,1071,1072,1073,1074,1079,1080,1094,1095,1096,1111,1112,1113,1114,1115,1116,1117,1118,1121,1123,1124,1125,1138,1139,1140,1141,1142,1145,1147,1157,1159,1160,1161,1166,1167,1168,1170,1183,1184,1185,1186,1188,1189,1190,1191,1192,1210,1223,1226,1227,1228,1229,1230,1232,1233,1234,1235,1268,1271,1272,1273,1276,1278,1279,1280,1282,1313,1322,1325,1326
123,123,260
10,11,20,21,22,56,66,67,68,101,112,145,156,157,190,201,202,218,219,264,265,266,268,271,292,304,316,325,331,332,333,335,336,337,358,361,362,377,378,379,380,381,388,420,422,423,424,425,426,427,433,434,435,447,448,464,465,466,467,468,469,470,471,472,473,478,492,493,494,508,509,512,513,514,515,516,517,518,519,520,521,524,538,539,553,554,557,558,559,560,561,562,563,564,581,582,584,585,597,598,599,600,602,604,605,606,607,608,626,627,642,643,644,652,653,661,662,687,688,689,691,706,731,732,733,734,735,777,778,779,794,806,807,808,809,810,823,843,850,851,852,853,854,855,886,887,888,889,890,894,895,896,897,898,899,900,910,911,912,927,930,931,932,933,936,937,939,940,941,942,943,944,945,955,956,972,973,974,975,976,977,978,981,982,983,988,989,990,1000,1001,1018,1019,1020,1021,1022,1023,1024,1025,1026,1027,1028,1029,1033,1034,1035,1062,1065,1066,1067,1068,1069,1070,1071,1072,1073,1074,1078,1079,1080,1094,1095,1108,1110,1111,1112,1113,1114,1115,1116,1117,1123,1124,1125,1139,1140,1141,1157,1159,1160,1161,1167,1170,1183,1184,1185,1227,1228,1229,1235,1272,1273,1278,1280,1281,1313,1322,1323,1324,1325,1326
122,122,250
10,11,20,21,22,23,56,66,67,68,100,101,111,112,113,114,115,145,157,190,218,219,220,223,247,264,265,267,268,271,272,286,292,316,334,335,336,337,361,362,363,378,379,380,381,382,388,422,423,424,425,426,427,433,447,464,465,466,467,468,469,470,471,472,473,474,475,492,493,494,495,508,509,510,512,513,514,515,516,517,518,519,520,523,524,538,539,540,553,554,555,557,558,559,560,561,562,563,564,569,581,582,584,597,598,599,600,602,603,605,606,607,608,627,629,642,643,644,662,686,687,688,689,706,732,733,734,749,752,765,778,806,807,808,809,810,843,850,851,852,853,854,855,886,887,888,894,895,896,897,898,899,900,910,911,930,931,932,933,936,937,939,940,941,942,943,944,945,955,956,973,974,975,976,977,978,979,980,981,982,983,988,989,990,1000,1001,1018,1019,1020,1021,1022,1023,1024,1025,1026,1027,1028,1029,1033,1034,1035,1063,1066,1067,1068,1069,1070,1071,1072,1073,1074,1078,1079,1080,1094,1095,1096,1108,1111,1112,1113,1114,1115,1116,1117,1118,1123,1124,1125,1139,1140,1141,1147,1158,1159,1160,1161,1167,1168,1170,1184,1185,1227,1228,1235,1272,1279,1280,1325,1326
106,106,226
6,9,10,19,20,21,22,23,24,67,111,112,113,143,156,157,201,202,218,246,255,264,271,272,335,336,337,343,361,378,379,380,381,388,423,424,425,426,427,464,465,466,467,468,469,470,471,472,473,492,493,494,495,508,509,510,512,513,514,515,516,517,518,519,520,538,539,540,553,554,557,558,559,560,561,562,563,564,581,582,584,585,597,598,599,602,604,605,606,607,608,617,627,628,629,630,642,643,644,653,661,662,687,688,689,704,705,706,732,733,734,765,778,806,807,808,809,810,839,842,843,850,851,852,853,854,855,886,887,888,894,895,896,897,898,899,900,910,911,929,930,931,932,933,936,937,939,940,941,942,943,944,945,955,956,972,973,974,975,976,977,978,979,981,982,983,988,989,990,1000,1001,1018,1020,1021,1022,1023,1024,1025,1026,1027,1028,1029,1033,1034,1035,1065,1066,1067,1068,1069,1070,1071,1072,1073,1078,1079,1080,1093,1111,1112,1113,1114,1115,1116,1117,1118,1123,1124,1125,1139,1141,1157,1160,1161,1167,1170,1183,1227,1228,1229,1235,1272,1273,1324,1325,1326
7,7,242
5,6,7,10,11,19,20,21,51,54,64,65,66,109,111,142,143,154,155,201,202,206,217,218,219,220,221,222,223,247,253,259,267,269,290,291,292,298,312,326,333,334,336,337,342,343,346,377,378,379,380,381,382,420,421,422,423,424,426,431,446,447,448,449,450,464,465,466,467,468,469,470,471,472,475,476,491,492,493,494,509,510,511,512,513,514,515,516,540,555,556,557,558,559,560,561,564,582,585,601,602,603,604,605,647,648,649,691,706,707,764,765,791,794,798,807,808,809,810,831,841,842,843,850,851,852,853,854,855,876,877,885,886,887,888,892,894,895,896,897,898,899,900,910,911,928,929,930,931,932,933,934,937,938,939,940,941,942,943,944,945,955,956,972,973,974,975,976,977,978,979,981,982,983,988,989,990,1000,1001,1016,1017,1018,1019,1020,1021,1022,1023,1024,1025,1026,1027,1028,1029,1033,1034,1035,1061,1062,1063,1064,1065,1066,1067,1068,1069,1070,1071,1072,1073,1078,1079,1080,1090,1106,1107,1108,1109,1110,1111,1112,1113,1114,1115,1116,1117,1123,1124,1125,1137,1160,1166,1167,1169,1170,1189,1226,1227,1234,1235,1271,1272,1278
122,122,233
6,7,9,10,19,20,21,64,65,66,111,143,155,156,157,188,201,202,205,217,218,219,220,222,223,246,247,253,267,268,269,290,291,292,298,312,326,334,335,336,337,342,343,344,357,377,378,379,380,381,382,401,421,422,423,424,425,426,427,447,448,449,450,464,465,466,467,468,469,470,471,472,473,491,492,493,494,508,509,510,511,512,513,514,515,516,517,519,539,540,554,555,556,557,558,559,560,561,581,582,602,603,604,605,607,662,747,749,763,765,794,806,807,808,809,810,832,836,840,842,843,850,851,852,853,854,855,877,884,885,886,887,888,894,895,896,897,898,899,900,910,911,928,929,930,931,932,933,936,937,938,939,940,941,942,943,944,945,955,956,972,973,974,975,976,977,978,979,980,981,982,983,988,989,990,1000,1001,1016,1017,1018,1019,1020,1022,1023,1024,1025,1026,1027,1028,1029,1033,1034,1035,1061,1062,1065,1066,1067,1068,1069,1070,1071,1072,1073,1074,1078,1079,1080,1107,1108,1110,1111,1112,1113,1114,1115,1116,1117,1123,1124,1125,1160,1166,1167,1169,1170,1205,1227,1228,1229,1234,1235,1272
32,32,227
6,10,12,18,19,20,21,63,64,65,66,109,111,143,154,155,201,202,217,218,219,220,221,222,223,247,266,267,269,290,291,292,298,312,326,333,336,337,342,343,344,346,376,377,378,379,380,381,382,420,421,422,423,424,425,426,446,447,448,449,450,464,465,466,467,468,469,470,471,491,492,493,494,495,508,509,510,511,512,513,514,515,516,539,540,555,556,557,558,559,560,561,564,582,583,601,602,603,604,605,606,647,648,661,706,707,765,797,807,808,809,810,840,841,842,850,851,852,853,854,855,878,884,885,886,887,888,893,894,895,896,897,898,899,900,910,911,927,928,929,930,931,932,933,934,936,937,938,939,940,941,942,943,944,945,955,956,971,972,973,974,975,976,977,978,979,980,981,982,983,984,988,989,990,1000,1001,1016,1017,1018,1019,1020,1021,1022,1023,1024,1025,1026,1027,1028,1029,1033,1034,1035,1045,1060,1061,1062,1065,1066,1067,1068,1069,1070,1071,1072,1073,1078,1079,1080,1107,1111,1112,1113,1114,1115,1116,1117,1123,1124,1125,1167,1169,1170,1204,1227,1272,1279
122,122,225
6,11,18,19,20,64,65,66,111,143,154,155,156,157,172,201,202,205,216,217,218,219,220,221,222,223,246,247,253,266,267,269,291,292,298,299,314,325,326,333,334,335,336,337,342,343,344,377,378,379,380,381,382,421,422,423,424,425,426,427,447,449,464,465,466,467,468,469,470,471,472,493,494,495,508,509,510,511,512,513,514,515,516,519,539,540,554,555,556,557,558,559,560,561,582,602,603,604,605,607,608,646,763,765,797,798,806,807,808,809,810,839,840,841,842,843,850,851,852,853,854,855,884,885,886,887,888,892,894,895,896,897,898,899,900,910,911,927,928,929,930,931,932,933,934,936,937,938,939,940,941,942,943,944,945,955,956,972,973,974,975,976,977,978,979,980,981,982,983,984,988,989,990,1000,1001,1016,1017,1018,1020,1021,1022,1023,1024,1025,1026,1027,1028,1029,1033,1034,1035,1045,1061,1062,1067,1068,1069,1070,1071,1072,1073,1074,1078,1079,1080,1107,1109,1110,1111,1112,1113,1114,1115,1116,1117,1123,1124,1125,1166,1167,1169,1170,1204,1227,1272
24,24,221
6,10,18,19,20,21,51,64,65,66,109,110,111,143,154,155,156,157,172,173,201,202,203,217,218,219,220,221,222,223,247,267,268,269,290,291,292,298,325,326,333,334,336,337,376,377,378,379,380,381,382,405,420,421,422,423,424,425,426,446,447,448,449,450,464,465,466,467,468,469,470,471,492,493,494,495,508,509,510,511,512,513,514,515,516,538,540,555,556,557,558,559,560,561,601,602,603,604,605,646,647,648,763,765,796,797,807,808,809,810,840,841,842,843,850,851,852,853,854,855,884,885,886,887,888,892,894,895,896,897,898,899,900,910,911,927,928,929,930,931,932,933,934,936,937,938,939,940,941,942,943,944,945,955,956,971,972,973,974,975,976,977,978,981,982,983,984,988,989,990,1000,1001,1015,1016,1017,1018,1019,1020,1021,1022,1023,1024,1025,1026,1027,1028,1029,1033,1034,1035,1061,1062,1064,1065,1066,1067,1068,1069,1070,1071,1072,1073,1078,1079,1080,1107,1109,1112,1113,1114,1115,1116,1117,1123,1124,1125,1167,1169,1170,1227,1272
96,96,225
6,11,12,19,20,21,23,56,64,65,66,111,154,155,156,157,172,173,201,202,203,206,217,218,219,220,221,222,223,247,266,267,268,269,290,291,292,298,299,301,326,334,335,336,337,377,378,379,380,381,382,405,421,422,423,424,425,426,427,447,448,449,450,464,465,466,467,468,469,470,471,472,491,492,493,494,508,509,510,511,512,513,514,515,516,537,539,540,554,555,556,557,558,559,560,561,602,603,604,605,606,607,608,661,763,765,796,797,806,807,808,809,810,840,841,842,850,851,852,853,854,855,883,884,885,886,887,888,894,895,896,897,898,899,900,910,911,927,928,929,930,931,932,933,934,936,937,938,939,940,942,943,944,945,955,956,971,972,973,974,975,976,977,978,981,982,983,984,988,989,990,1000,1001,1015,1016,1017,1018,1019,1020,1021,1022,1023,1024,1025,1026,1027,1028,1029,1033,1034,1035,1061,1062,1064,1065,1066,1067,1068,1069,1070,1071,1072,1073,1074,1078,1079,1080,1107,1109,1110,1111,1112,1113,1114,1115,1116,1117,1123,1124,1125,1160,1167,1169,1170,1279
19,19,217
6,10,18,19,20,21,64,65,66,109,111,143,145,154,155,156,157,172,173,188,201,202,203,206,217,218,219,221,222,223,247,267,269,290,291,292,298,301,325,333,334,336,337,376,377,378,379,380,381,382,405,420,421,422,423,424,426,447,448,449,450,464,465,466,468,469,470,471,493,494,508,509,510,511,512,513,514,515,516,537,538,540,555,556,557,558,559,560,561,564,601,602,603,604,605,607,608,647,648,752,763,765,796,797,807,808,810,839,840,841,842,850,851,852,853,854,855,883,884,885,886,887,888,894,895,896,897,898,899,900,910,911,927,928,929,930,931,932,933,934,937,938,939,940,942,943,944,945,955,956,971,972,973,974,975,976,977,978,981,982,983,984,989,990,1000,1001,1015,1016,1017,1018,1019,1020,1021,1022,1023,1024,1025,1026,1027,1028,1029,1033,1034,1035,1046,1060,1061,1062,1064,1065,1066,1067,1068,1069,1070,1071,1072,1073,1074,1078,1079,1080,1110,1113,1114,1115,1116,1117,1123,1124,1125,1169,1170,1189,1227,1234,1272
127,127,217
12,19,20,21,55,64,65,66,110,111,143,154,155,156,172,173,201,202,206,217,219,222,223,246,247,267,268,290,291,292,298,326,333,334,335,336,337,342,377,378,379,380,381,382,405,421,422,423,424,425,426,427,447,448,449,450,464,465,466,467,468,469,470,471,492,493,494,508,509,510,511,512,513,514,515,516,517,540,554,555,556,557,558,559,560,561,562,601,602,603,604,605,606,607,647,648,763,765,795,796,797,807,808,810,839,840,841,842,850,851,852,853,854,855,883,884,885,886,887,894,895,896,897,898,899,900,910,911,926,927,928,929,930,931,932,933,937,938,939,940,942,943,944,945,955,956,971,972,973,974,975,976,977,978,979,981,982,983,984,988,989,990,1000,1001,1015,1016,1017,1018,1019,1020,1021,1022,1023,1024,1025,1026,1027,1028,1029,1033,1034,1035,1060,1061,1062,1064,1065,1067,1068,1069,1070,1071,1072,1073,1074,1078,1079,1080,1107,1109,1110,1111,1112,1113,1114,1115,1116,1117,1123,1124,1125,1169,1170,1227,1228,1233,1279
5,5,173
19,20,21,64,65,66,109,154,155,156,172,173,201,202,222,223,247,266,267,290,291,292,298,333,336,337,376,377,378,379,380,381,382,405,421,422,423,424,448,449,450,465,466,468,469,493,508,509,510,511,512,513,514,515,516,554,555,556,557,558,559,560,561,600,601,602,603,604,605,606,607,646,647,648,765,795,796,808,810,839,840,841,842,851,852,853,854,855,883,884,885,886,887,894,895,896,897,898,899,900,911,926,927,928,929,930,931,932,933,937,938,939,940,942,943,944,945,955,956,971,972,973,974,975,976,977,978,979,981,982,983,984,989,990,1000,1001,1016,1017,1018,1019,1022,1023,1025,1026,1027,1028,1029,1033,1034,1035,1060,1061,1065,1067,1068,1069,1070,1071,1072,1073,1079,1080,1109,1114,1115,1116,1117,1124,1125,1169,1170,1227,1272
97,97,196
12,17,18,19,20,31,50,51,52,57,62,63,64,91,93,96,97,98,101,102,107,108,136,137,138,139,142,143,146,152,153,154,172,173,181,182,183,184,187,188,189,190,192,197,198,202,220,221,222,223,226,227,228,229,233,242,265,266,267,268,271,272,273,274,287,312,313,317,326,330,331,332,335,336,370,376,377,378,380,381,382,414,415,421,422,423,424,425,427,465,466,467,468,471,494,509,510,516,517,518,519,554,555,557,601,602,603,765,795,796,797,807,808,809,810,839,840,841,842,850,851,852,853,855,873,882,883,884,885,886,887,894,895,896,897,898,899,900,910,911,912,913,918,926,927,928,929,931,932,936,937,938,939,940,942,943,944,945,955,956,957,958,971,980,981,982,983,989,990,1000,1001,1002,1015,1023,1026,1027,1028,1029,1033,1034,1035,1045,1046,1070,1071,1072,1080,1091,1115,1123,1124,1125,1169,1170,1209,1254
38,38,198
11,17,18,19,20,51,62,63,64,96,107,108,109,136,137,138,142,147,152,153,154,155,172,173,174,181,182,183,184,187,188,192,202,203,220,221,222,223,226,227,228,229,247,265,266,267,268,271,272,273,274,287,291,292,331,332,336,337,376,377,378,380,381,382,414,415,421,422,423,425,427,428,464,465,466,467,468,471,494,508,509,510,511,515,516,517,518,554,555,556,557,559,560,561,601,602,603,604,605,647,648,765,795,796,807,808,810,839,840,841,842,850,851,852,853,854,855,882,883,884,885,886,887,893,894,895,896,897,898,899,900,910,911,912,913,918,926,927,928,929,930,931,932,933,937,938,939,940,942,943,944,945,955,956,973,976,978,980,981,982,983,984,989,990,1000,1001,1015,1016,1017,1019,1020,1022,1023,1024,1025,1026,1027,1028,1029,1034,1035,1060,1061,1065,1067,1068,1070,1071,1072,1073,1080,1115,1123,1124,1125,1169,1170,1209
69,69,195
12,17,18,19,20,31,49,50,51,52,57,62,63,64,91,93,96,97,107,108,136,137,138,139,142,143,144,147,152,153,154,172,173,181,182,183,184,187,188,192,197,198,202,220,221,222,223,226,227,228,229,242,243,265,267,268,271,272,273,274,287,312,316,317,325,326,331,332,335,336,370,376,377,378,380,381,382,414,415,421,422,423,425,426,427,428,464,465,466,467,468,471,509,510,512,516,517,518,519,554,555,557,558,601,602,603,648,765,795,796,806,807,808,810,839,840,841,842,844,850,851,852,853,854,855,873,882,883,884,885,886,887,894,895,896,897,898,899,900,910,911,918,926,927,928,929,930,931,933,937,938,939,940,942,943,944,945,955,956,957,971,972,978,980,981,982,983,989,990,1000,1001,1015,1022,1023,1024,1026,1027,1028,1029,1034,1035,1046,1070,1071,1072,1073,1080,1110,1123,1124,1125,1169,1170,1209,1254
17,17,216
10,17,18,19,20,50,51,52,62,63,64,95,96,97,98,102,107,108,109,136,137,138,141,142,147,152,153,154,155,173,181,182,183,184,187,188,189,192,198,202,220,222,223,226,227,228,229,233,242,243,247,266,267,271,272,273,274,287,290,291,292,312,331,332,333,336,337,376,377,378,379,380,381,382,388,414,415,420,421,422,423,425,428,450,464,465,466,467,468,471,509,510,511,515,516,517,518,519,554,555,556,557,560,561,601,602,603,605,646,647,648,765,795,796,797,807,808,810,838,839,840,841,842,843,850,851,852,853,854,855,882,883,884,885,886,887,894,895,896,897,898,899,900,910,911,912,918,926,927,928,929,930,931,932,933,934,937,938,939,940,942,943,944,945,955,956,957,972,973,974,975,978,979,981,982,983,984,989,990,1000,1001,1002,1015,1016,1020,1021,1022,1023,1024,1025,1026,1027,1028,1029,1034,1035,1046,1060,1061,1065,1066,1067,1068,1070,1071,1072,1073,1080,1115,1124,1125,1169,1170,1209,1236,1254
135,135,209
10,18,19,20,31,50,51,52,57,62,63,64,91,92,94,96,97,98,107,108,136,137,138,139,142,143,144,147,152,153,154,172,173,181,182,183,184,187,188,189,192,197,198,217,222,223,226,227,228,229,233,234,242,243,265,266,267,268,271,272,273,274,287,288,312,316,317,326,331,332,335,336,342,370,376,377,378,380,381,382,387,414,415,420,421,422,423,425,427,428,463,464,465,466,467,468,471,472,509,515,516,517,518,519,557,561,562,601,602,603,646,648,751,765,795,796,797,805,806,807,808,810,838,839,840,841,842,843,850,851,852,853,854,855,873,882,883,884,885,886,887,889,894,895,896,897,898,899,900,910,911,918,926,927,928,929,930,933,934,937,938,939,940,942,943,944,945,955,956,957,962,972,977,978,980,981,982,983,984,989,990,1000,1001,1015,1022,1023,1024,1026,1027,1028,1029,1034,1035,1045,1046,1065,1070,1071,1072,1073,1080,1115,1124,1125,1169,1170,1209,1210,1254
135,135,217
10,17,18,19,20,50,51,52,62,63,64,95,96,97,98,107,108,109,136,137,138,142,143,147,152,153,154,155,173,175,181,182,183,184,187,188,192,197,198,202,222,223,226,227,228,229,233,242,243,247,266,267,268,271,272,273,274,287,290,291,292,312,316,331,332,333,335,336,337,342,376,377,378,379,380,381,382,383,405,414,415,421,422,423,424,425,427,428,464,465,466,467,468,471,472,473,509,510,511,512,515,516,517,519,554,555,556,557,558,559,560,561,562,601,602,603,605,646,647,648,750,765,795,796,797,807,810,839,840,841,842,844,849,850,851,852,853,855,882,883,884,885,886,887,894,895,896,897,898,899,900,911,912,918,926,927,928,929,930,931,932,933,934,936,937,938,939,940,942,943,944,945,955,956,963,972,975,977,978,981,982,983,984,985,989,990,1000,1001,1015,1016,1017,1023,1024,1025,1026,1027,1028,1029,1034,1035,1060,1061,1066,1069,1070,1071,1072,1080,1115,1124,1125,1169,1170,1209,1210,1236,1254
136,136,218
5,11,17,18,19,20,31,50,51,52,63,64,91,93,94,96,97,98,107,108,136,137,138,141,142,143,144,147,152,153,154,173,175,181,182,183,184,187,188,189,192,197,198,202,222,223,226,227,228,229,233,241,242,243,266,267,268,271,272,273,274,287,288,290,291,292,316,317,326,331,332,333,334,335,336,337,342,370,376,377,378,380,381,382,387,388,405,414,415,421,422,423,425,427,465,466,467,468,471,473,515,516,517,518,519,557,561,562,601,602,603,605,646,647,648,660,751,765,795,796,797,805,806,807,808,810,837,839,840,841,842,843,844,850,851,852,853,854,855,873,882,883,884,885,886,887,888,889,894,895,896,897,898,899,900,910,911,912,918,926,927,928,933,934,936,937,938,939,940,942,943,944,945,955,956,957,958,964,972,978,979,981,982,983,984,989,990,1000,1001,1007,1015,1022,1023,1024,1025,1026,1027,1028,1029,1034,1035,1045,1046,1060,1070,1071,1072,1073,1080,1124,1125,1169,1170,1192,1209,1210,1237,1254
142,142,225
5,18,19,20,25,50,51,52,63,64,95,96,97,101,107,108,109,136,137,138,141,142,143,152,153,154,155,175,181,182,183,184,187,188,189,192,197,198,202,222,223,226,227,228,229,233,234,241,242,243,247,267,268,271,272,273,274,286,287,288,290,291,292,316,331,332,333,335,336,337,342,343,370,376,377,378,379,380,381,382,387,414,415,421,422,423,424,425,427,428,432,465,466,467,468,472,509,510,511,515,516,517,518,554,555,556,557,558,560,561,601,602,603,646,647,648,761,765,795,796,797,805,806,807,808,810,839,840,841,842,843,844,849,850,851,852,853,854,855,873,874,883,884,885,886,887,889,894,895,896,897,898,899,900,910,911,912,913,918,919,926,927,928,929,931,932,933,934,936,937,938,939,940,941,942,943,944,945,955,956,964,973,978,981,982,983,984,985,989,990,1000,1001,1007,1015,1016,1017,1022,1023,1024,1025,1026,1027,1028,1029,1030,1034,1035,1060,1061,1065,1066,1070,1071,1072,1080,1091,1115,1124,1125,1169,1170,1191,1209,1210,1254
132,132,192
19,20,23,24,30,50,51,52,57,63,64,91,92,96,97,98,102,108,109,136,137,138,139,141,142,143,147,148,152,153,154,155,181,182,183,184,187,188,192,193,198,200,222,223,226,227,228,229,242,243,245,271,272,273,274,286,287,288,290,317,326,331,332,333,336,343,370,376,377,378,380,381,414,415,419,420,421,422,423,465,466,467,468,516,557,561,562,601,602,603,605,646,648,650,751,795,796,797,805,806,807,810,839,840,841,842,844,850,851,852,853,854,855,873,882,884,885,886,887,888,889,890,893,894,895,896,897,898,899,900,911,912,917,918,929,933,934,936,937,938,939,940,941,942,943,944,945,955,956,957,962,963,972,977,978,979,981,982,983,984,989,990,1000,1001,1007,1008,1015,1022,1023,1025,1026,1027,1028,1029,1034,1035,1046,1060,1069,1070,1071,1072,1080,1090,1105,1125,1169,1170,1192,1209,1210,1215
61,61,187
4,5,10,11,12,18,19,20,22,23,24,25,27,28,48,49,50,54,57,58,63,64,65,91,92,93,94,100,101,103,105,107,108,109,110,136,137,138,139,142,143,145,146,148,150,152,153,181,182,183,184,185,188,189,191,193,196,197,198,199,217,222,223,226,227,228,229,230,231,233,234,238,241,242,243,244,268,271,272,273,274,276,286,287,288,316,317,318,319,320,330,331,332,333,376,377,378,419,420,421,422,423,455,464,465,466,467,468,499,500,509,510,511,513,544,545,553,554,555,556,599,600,644,645,688,689,732,750,761,795,796,797,805,806,810,843,844,848,849,850,851,852,853,854,855,894,895,896,897,898,899,900,911,912,939,940,941,942,943,944,945,955,956,989,990,1000,1001,1030,1034,1035,1072,1073,1074,1079,1080,1118,1124,1125,1169,1170,1209,1210,1214,1215,1253,1254,1298
132,132,197
5,10,12,18,19,20,21,22,23,24,28,30,49,50,55,57,58,62,63,64,65,91,92,93,94,101,102,103,105,107,108,109,110,136,137,138,139,143,144,146,148,150,152,153,154,155,181,182,183,184,187,188,189,192,193,197,198,222,223,224,226,227,228,229,234,237,238,241,242,243,244,245,254,268,271,272,273,274,282,286,287,288,290,316,317,318,325,331,332,333,343,370,375,376,377,378,379,415,419,420,421,422,423,427,428,464,465,466,467,468,471,472,473,509,510,511,513,517,555,600,645,689,751,752,761,762,795,796,797,801,805,806,807,810,843,844,845,847,849,850,851,852,853,854,855,889,890,892,893,894,895,896,897,898,899,900,911,912,929,939,940,941,942,943,944,945,955,956,957,985,989,990,1000,1001,1016,1028,1029,1030,1034,1035,1072,1073,1074,1079,1080,1118,1119,1124,1125,1169,1170,1209,1210,1215,1253,1254,1298
2,2,192
5,10,11,18,19,20,22,23,24,48,49,50,54,57,58,63,64,65,91,92,93,94,100,101,103,108,109,110,136,137,138,139,143,146,148,150,152,153,154,181,182,183,184,185,191,193,197,198,199,222,223,226,227,228,229,230,234,242,243,268,271,272,273,274,287,288,317,318,319,331,332,333,376,377,378,415,421,422,423,465,466,467,468,499,500,509,510,511,545,553,555,556,599,600,644,645,688,689,720,750,761,762,765,795,796,797,805,806,810,850,851,852,853,854,855,894,895,896,897,898,899,900,911,912,939,940,941,942,943,944,945,955,956,985,986,987,988,989,990,1000,1001,1028,1029,1030,1032,1033,1034,1035,1072,1073,1074,1077,1078,1079,1080,1118,1121,1122,1123,1124,1125,1165,1166,1167,1168,1169,1170,1209,1210,1211,1212,1213,1214,1215,1253,1254,1255,1256,1257,1258,1259,1260,1298,1302,1303,1304,1305,1346,1347,1348,1349,1350
60,60,177
225,270,315,359,360,403,404,405,448,449,450,493,494,495,537,538,539,540,582,583,584,585,626,627,628,629,630,671,672,673,674,675,715,716,717,718,719,720,759,760,761,762,763,764,765,804,805,806,807,808,809,810,848,849,850,851,852,853,854,855,892,893,894,895,896,897,898,899,900,937,938,939,940,941,942,943,944,945,982,983,984,985,986,987,988,989,990,1026,1027,1028,1029,1030,1031,1032,1033,1034,1035,1071,1072,1073,1074,1075,1076,1077,1078,1079,1080,1115,1116,1117,1118,1119,1120,1121,1122,1123,1124,1125,1160,1161,1162,1163,1164,1165,1166,1167,1168,1169,1170,1204,1205,1206,1207,1208,1209,1210,1211,1212,1213,1214,1215,1249,1250,1251,1252,1253,1254,1255,1256,1257,1258,1259,1260,1294,1295,1296,1297,1298,1299,1300,1301,1302,1303,1304,1305,1339,1340,1341,1342,1343,1344,1345,1346,1347,1348,1349,1350
140,140,261
42,43,44,45,86,87,88,89,90,131,132,133,134,135,174,175,176,177,178,179,180,221,222,223,224,225,265,266,267,268,269,270,309,310,311,312,313,314,315,354,355,356,357,358,359,360,398,399,400,401,402,403,404,405,443,444,445,446,447,448,449,450,487,488,489,490,491,492,493,494,495,532,533,534,535,536,537,538,539,540,576,577,578,579,580,581,582,583,584,585,621,622,623,624,625,626,627,628,629,630,665,666,667,668,669,670,671,672,673,674,709,710,711,712,713,714,715,716,717,718,719,753,754,755,756,757,758,759,760,761,762,763,797,798,799,800,801,802,803,804,805,806,807,837,842,843,844,845,846,847,848,849,850,851,852,887,888,889,890,891,892,893,894,895,896,897,899,932,933,934,935,936,937,938,939,940,941,942,943,944,945,977,978,979,980,981,982,983,984,985,986,989,990,1021,1022,1023,1024,1025,1026,1027,1028,1029,1030,1031,1034,1066,1067,1068,1069,1070,1071,1072,1073,1074,1075,1111,1112,1113,1114,1115,1116,1117,1118,1119,1157,1158,1159,1160,1161,1162,1163,1164,1202,1203,1204,1205,1206,1207,1208,1246,1247,1248,1249,1250,1251,1252,1253,1291,1292,1293,1294,1295,1296,1297,1334,1335,1336,1337,1338,1339,1340
61,61,360
31,32,33,34,35,36,37,38,39,40,41,42,75,76,77,78,79,80,81,82,83,84,85,86,87,88,120,121,122,123,124,125,126,127,128,129,130,131,132,137,164,165,166,167,168,169,170,171,172,173,174,175,176,177,208,209,210,211,212,213,214,215,216,217,218,219,220,221,222,253,254,255,256,257,258,259,260,261,262,263,298,299,300,301,302,303,304,305,306,307,308,309,342,343,344,345,346,347,348,349,350,351,352,353,354,388,389,390,391,392,393,394,395,396,399,432,433,434,435,436,437,438,439,440,441,476,477,478,479,480,481,482,483,484,485,486,487,488,523,524,525,526,527,528,529,530,531,532,569,570,571,572,573,574,575,576,613,614,615,616,617,618,619,620,621,656,657,658,659,660,661,662,663,664,665,699,700,701,702,703,704,705,706,707,708,709,710,711,744,745,746,747,748,749,750,751,752,753,754,755,789,790,791,792,793,794,795,796,797,798,799,800,833,834,835,836,837,838,839,840,841,842,843,844,845,877,878,879,880,881,882,883,884,885,886,887,888,889,890,921,922,923,924,925,926,927,928,929,930,931,932,933,934,966,967,968,969,970,971,972,973,974,975,976,977,978,979,1012,1013,1014,1015,1016,1017,1018,1019,1020,1021,1022,1023,1057,1058,1059,1060,1061,1062,1063,1064,1065,1066,1067,1068,1101,1102,1103,1104,1105,1106,1107,1108,1109,1110,1111,1112,1113,1145,1146,1147,1148,1149,1150,1151,1152,1153,1154,1155,1156,1190,1191,1192,1193,1194,1195,1196,1197,1198,1200,1234,1235,1236,1237,1238,1239,1240,1241,1242,1243,1244,1245,1279,1280,1281,1282,1283,1284,1285,1286,1287,1288,1289,1324,1325,1326,1327,1328,1329,1330,1331,1332,1333,1334
137,137,437
20,21,22,23,24,25,26,27,28,29,30,31,32,33,34,35,36,64,65,66,67,68,69,70,71,72,73,74,75,76,77,78,81,109,110,111,112,113,114,115,116,117,118,119,120,121,122,154,155,156,157,158,159,160,161,162,163,164,165,166,198,199,200,201,202,203,204,205,206,207,208,209,210,211,212,243,244,245,246,247,248,249,250,251,252,253,254,255,256,257,287,288,289,290,291,292,293,294,295,296,297,298,299,300,332,333,334,335,336,337,338,339,340,341,342,343,344,345,346,355,376,377,378,379,380,381,382,383,384,385,386,387,388,389,421,422,423,424,425,426,427,428,429,430,431,432,433,465,466,467,468,469,470,471,472,473,474,475,476,477,478,510,511,512,513,514,515,516,517,518,519,520,521,522,554,555,556,557,558,559,560,561,562,563,564,565,566,599,600,601,602,603,604,605,606,607,608,609,610,612,644,645,646,647,648,649,650,651,652,653,654,655,656,657,688,689,690,691,692,693,694,695,696,697,698,699,700,701,702,734,735,736,737,738,739,740,741,742,743,744,745,746,747,748,749,778,779,780,781,782,783,784,785,786,787,788,789,790,791,822,823,824,825,826,827,828,829,830,831,832,833,834,835,836,866,867,868,869,870,871,872,873,874,875,876,877,878,879,880,881,911,912,913,914,915,916,917,918,919,920,921,922,923,924,925,955,956,957,958,959,960,961,962,963,964,965,966,967,968,969,1000,1001,1002,1003,1004,1005,1006,1007,1008,1009,1010,1011,1012,1013,1014,1045,1046,1047,1048,1049,1050,1051,1052,1053,1054,1055,1056,1057,1058,1061,1090,1091,1092,1093,1094,1095,1096,1097,1098,1099,1100,1101,1102,1103,1105,1135,1136,1137,1138,1139,1140,1141,1142,1143,1144,1145,1146,1147,1148,1179,1180,1181,1182,1183,1184,1185,1186,1187,1188,1189,1190,1191,1192,1223,1224,1225,1226,1227,1228,1229,1230,1231,1232,1233,1234,1235,1236,1237,1268,1269,1270,1271,1272,1273,1274,1275,1276,1277,1278,1279,1280,1281,1282,1313,1314,1315,1316,1317,1318,1319,1320,1321,1322,1323,1324,1325,1326
134,134,477
10,11,12,13,14,15,16,17,18,19,20,21,22,23,24,25,26,54,55,56,57,58,59,60,61,62,63,64,65,66,67,68,69,70,71,100,101,102,103,104,105,106,107,108,109,110,111,112,113,114,115,143,144,145,146,147,148,149,150,151,152,153,154,155,156,157,158,159,162,188,189,190,191,192,193,194,195,196,197,198,199,200,201,202,203,204,232,233,234,235,236,237,238,239,240,241,242,243,244,245,246,247,248,249,278,279,280,281,282,283,284,285,286,287,288,289,290,291,292,293,323,324,325,326,327,328,329,330,331,332,333,334,335,336,337,338,339,367,368,369,370,371,372,373,374,375,376,377,378,379,380,381,382,412,413,414,415,416,417,418,419,420,421,422,423,424,425,426,427,456,457,458,459,460,461,462,463,464,465,466,467,468,469,470,471,472,500,501,502,503,504,505,506,507,508,509,510,511,512,513,514,515,516,517,545,546,547,548,549,550,551,552,553,554,555,556,557,558,559,560,561,591,592,593,594,595,596,597,598,599,600,601,602,603,604,606,636,637,638,639,640,641,642,643,644,645,646,647,648,649,680,681,682,683,684,685,686,687,688,689,690,691,692,693,694,695,696,726,727,728,729,730,731,732,733,734,735,736,737,738,739,740,741,770,771,772,773,774,775,776,777,778,779,780,781,782,783,784,814,815,816,817,818,819,820,821,822,823,824,825,826,827,828,829,859,860,861,862,863,864,865,866,867,868,869,870,871,872,903,904,905,906,907,908,909,910,911,912,913,914,915,916,917,948,949,950,951,952,953,954,955,956,957,958,959,960,961,962,992,993,994,995,996,997,998,999,1000,1001,1002,1003,1004,1005,1006,1007,1037,1038,1039,1040,1041,1042,1043,1044,1045,1046,1047,1048,1049,1050,1051,1081,1082,1083,1084,1085,1086,1087,1088,1089,1090,1091,1092,1093,1094,1095,1096,1126,1127,1128,1129,1130,1131,1132,1133,1134,1135,1136,1137,1138,1139,1140,1141,1171,1172,1173,1174,1175,1176,1177,1178,1179,1180,1181,1182,1183,1184,1185,1216,1217,1218,1219,1220,1221,1222,1223,1224,1225,1226,1227,1228,1229,1261,1262,1263,1264,1265,1266,1267,1268,1269,1270,1271,1272,1273,1274,1306,1307,1308,1309,1310,1311,1312,1313,1314,1315,1316,1317,1318
6,6,422
1,2,3,4,5,6,7,8,9,10,11,12,13,14,15,16,17,18,19,20,21,46,47,48,49,50,51,52,53,54,55,56,57,58,59,60,61,62,63,64,65,91,92,93,94,95,96,97,98,99,100,101,102,103,104,105,106,107,108,109,136,137,138,139,140,141,142,143,144,145,146,147,148,149,150,151,152,153,181,182,183,184,185,186,187,188,189,190,191,192,193,194,195,196,197,198,226,227,228,229,230,231,232,233,234,235,236,237,238,239,240,241,242,243,244,271,272,273,274,275,276,277,278,279,280,281,282,283,284,285,286,287,288,316,317,318,319,320,321,322,323,324,325,326,327,328,329,330,331,332,333,361,362,363,364,365,366,367,368,369,370,371,372,373,374,375,376,377,378,406,407,408,409,410,411,412,413,414,415,416,417,418,419,420,421,422,423,451,452,453,454,455,456,457,458,459,460,461,462,463,464,465,466,467,496,497,498,499,500,501,502,503,504,505,506,507,508,509,510,511,541,542,543,544,545,546,547,548,549,550,551,552,553,554,555,556,586,587,588,589,590,591,592,593,594,595,596,597,598,599,600,631,632,633,634,635,636,637,638,639,640,641,642,643,644,645,676,677,678,679,680,681,682,683,684,685,686,687,688,689,721,722,723,724,725,726,727,728,729,730,731,732,733,734,766,767,768,769,770,771,772,773,774,775,776,777,778,811,812,813,814,815,816,817,818,819,820,821,822,856,857,858,859,860,861,862,863,864,865,866,867,901,902,903,904,905,906,907,908,909,910,911,912,946,947,948,949,950,951,952,953,954,955,956,957,991,992,993,994,995,996,997,998,999,1000,1036,1037,1038,1039,1040,1041,1042,1043,1044,1081,1082,1083,1084,1085,1086,1087,1088,1126,1127,1128,1129,1130,1131,1132,1133,1134,1171,1172,1173,1174,1175,1176,1177,1179,1216,1217,1218,1219,1220,1221,1222,1223,1224,1261,1262,1263,1264,1265,1266,1267,1268,1306,1307,1308,1309,1310,1311
77,77,404
1,2,3,4,5,6,7,8,9,10,11,12,13,14,15,16,17,18,46,47,48,49,50,51,52,53,54,55,56,57,58,59,60,61,62,63,64,91,92,93,94,95,96,97,98,99,100,101,102,103,104,105,106,107,108,109,110,136,137,138,139,140,141,142,143,144,145,146,147,148,149,150,151,152,153,154,181,182,183,184,185,186,187,188,189,190,191,192,193,194,195,196,197,198,226,227,228,229,230,231,232,233,234,235,236,237,238,239,240,241,242,243,271,272,273,274,275,276,277,278,279,280,281,282,283,284,285,286,287,288,308,316,317,318,319,320,321,322,323,324,325,326,327,328,329,330,331,332,333,361,362,363,364,365,366,367,368,369,370,371,372,373,374,375,376,377,378,406,407,408,409,410,411,412,413,414,415,416,417,418,419,420,421,422,423,424,451,452,453,454,455,456,457,458,459,460,461,462,463,464,465,466,467,468,496,497,498,499,500,501,502,503,504,505,506,507,508,509,510,512,513,541,542,543,544,545,546,547,548,549,550,551,552,553,554,555,586,587,588,589,590,591,592,593,594,595,596,597,598,599,600,601,631,632,633,634,635,636,637,638,639,640,641,642,643,644,645,676,677,678,679,680,681,682,683,684,685,686,687,688,689,690,721,722,723,724,725,726,727,728,729,730,731,732,733,734,766,767,768,769,770,771,772,773,774,775,776,777,811,812,813,814,815,816,817,818,819,822,856,857,858,859,860,861,862,863,867,901,902,903,904,905,906,907,908,946,947,948,949,950,951,955,990,991,992,993,994,995,996,997,999,1000,1001,1036,1037,1038,1039,1040,1041,1042,1043,1044,1080,1081,1082,1083,1084,1085,1086,1087,1090,1107,1124,1125,1126,1127,1128,1129,1130,1131,1171,1172,1173,1174,1175,1176,1216,1217,1218,1219,1220,1221,1223,1261,1262,1263,1264,1265,1306,1307,1308,1309,1310,1313
61,61,407
1,2,3,4,5,6,7,8,9,10,11,12,13,14,15,16,17,18,19,20,21,22,23,24,25,27,46,47,48,49,50,51,52,53,54,55,56,57,58,59,60,61,62,63,64,65,66,91,92,93,94,95,96,97,98,99,100,101,102,103,104,105,106,107,108,109,110,136,137,138,139,140,141,142,143,144,145,146,147,148,149,150,151,152,153,154,155,181,182,183,184,185,186,187,188,189,190,191,192,193,194,195,196,197,198,199,200,226,227,228,229,230,231,232,233,234,235,236,237,238,239,240,241,242,243,244,245,271,272,273,274,275,276,277,278,279,280,281,282,283,284,285,286,287,288,289,290,316,317,318,319,320,321,322,323,324,325,326,327,328,329,330,331,332,333,334,335,361,362,363,364,365,366,367,368,369,370,371,372,373,374,375,376,377,378,379,380,406,407,408,409,410,411,412,413,414,415,416,417,418,419,420,421,422,423,424,426,451,452,453,454,455,456,457,458,459,460,461,462,463,464,465,466,467,468,469,496,497,498,499,500,501,502,503,504,505,506,507,508,509,510,511,512,513,541,542,543,544,545,546,547,548,549,550,551,552,553,554,555,556,557,558,586,587,588,589,590,591,592,593,594,595,596,597,598,599,600,601,608,631,632,633,634,635,636,637,638,639,640,641,642,643,644,645,646,652,676,677,678,679,680,681,682,684,685,686,687,688,689,690,691,721,722,723,724,725,726,727,728,729,730,731,732,733,734,766,767,768,769,770,771,773,774,775,776,777,778,811,812,813,814,815,816,822,856,857,858,859,860,861,901,902,903,904,905,910,946,947,948,949,955,956,989,990,991,992,993,1000,1001,1034,1035,1036,1037,1044,1045,1079,1080,1081,1082,1083,1084,1089,1090,1091,1122,1123,1124,1125,1126,1127,1128,1170,1171,1172,1173,1174,1216,1217,1218,1220,1261,1262,1264,1265,1306,1308,1309
106,106,399
1,2,3,4,5,6,7,8,9,10,11,12,13,14,15,16,17,18,19,20,21,22,23,24,25,26,30,46,47,48,49,50,51,52,53,54,55,56,57,58,59,60,61,62,63,64,65,66,67,70,91,92,93,94,95,96,97,98,99,100,101,102,103,104,107,108,109,110,117,136,137,138,139,140,141,142,143,144,145,146,147,148,149,150,151,152,153,154,155,157,181,182,183,184,185,186,187,188,189,190,191,192,193,194,195,196,197,198,199,208,211,226,227,228,229,230,231,232,233,234,235,236,237,238,239,240,241,242,243,244,271,272,273,274,275,276,277,278,279,280,281,282,283,284,285,286,287,288,289,290,316,317,318,319,320,321,322,323,324,325,326,327,329,330,331,332,333,334,335,361,362,363,364,365,366,367,368,369,370,371,372,373,374,375,376,377,378,379,380,406,407,408,409,410,411,412,413,414,416,417,418,419,420,421,422,423,424,425,426,427,451,452,453,454,455,456,457,458,459,460,461,462,463,464,465,466,467,468,469,471,472,496,497,498,499,500,501,502,503,505,506,507,508,509,510,511,512,513,514,541,542,543,544,545,546,549,550,551,552,553,554,555,556,557,558,559,586,587,588,589,590,591,592,594,595,596,597,598,599,600,601,602,603,604,631,632,633,634,635,636,637,638,639,640,641,642,643,644,645,646,676,677,678,679,681,682,683,684,685,686,687,688,689,690,691,694,700,703,721,722,723,724,725,726,727,728,729,730,731,732,733,734,766,767,768,770,771,774,775,776,777,778,811,812,813,814,815,822,837,852,856,857,858,865,897,901,902,910,944,955,956,989,990,999,1000,1034,1035,1044,1045,1046,1077,1078,1079,1080,1081,1089,1090,1091,1107,1121,1122,1123,1124,1125,1127,1128,1129,1169,1170,1171,1172,1173,1216,1217,1218,1219,1254,1261,1313
31,31,400
1,2,3,4,5,6,7,8,9,10,11,12,13,14,15,16,17,18,19,20,21,22,23,24,25,29,30,31,32,36,37,46,47,48,49,50,51,52,53,54,55,56,57,58,59,60,61,62,63,64,65,83,84,85,89,91,92,93,94,95,96,97,98,99,100,101,102,103,104,105,106,107,108,109,110,118,120,122,125,128,129,130,136,137,138,139,140,141,142,143,144,145,146,147,148,149,150,151,152,153,154,155,164,165,166,167,171,172,173,174,176,177,181,182,183,184,185,186,187,188,189,190,191,192,193,194,195,196,197,198,199,206,208,209,210,211,212,216,220,221,222,226,227,228,229,230,231,232,233,234,235,236,237,238,239,240,241,242,243,244,245,247,253,254,255,257,267,271,272,273,274,275,276,277,278,279,280,281,282,283,284,285,286,287,288,297,298,299,300,316,317,318,319,320,321,322,323,324,325,326,327,328,329,330,331,332,333,334,336,343,361,362,363,364,365,366,367,368,369,370,371,372,373,375,376,377,378,379,380,381,406,407,408,409,410,411,412,413,414,415,416,417,418,419,420,421,422,423,424,427,451,452,453,454,455,456,457,458,459,460,461,462,463,464,465,466,467,468,469,472,474,496,497,498,499,500,501,502,503,505,506,507,508,509,510,511,512,513,541,542,543,544,545,550,551,552,553,554,555,556,557,558,559,560,586,587,588,589,592,595,596,597,598,599,600,601,631,632,633,639,640,641,642,643,644,645,646,654,659,660,676,677,683,684,685,686,687,688,689,690,691,699,700,703,704,705,706,721,722,723,728,731,732,733,734,750,752,754,766,767,778,779,788,808,811,812,852,855,897,898,900,927,944,989,990,1000,1033,1034,1035,1076,1077,1078,1079,1080,1090,1107,1121,1122,1123,1124,1125,1168,1169,1170,1209,1214,1215,1254,1297,1298
114,114,385
1,2,3,4,5,6,7,8,9,10,11,12,13,17,18,19,20,21,22,23,24,25,27,28,29,31,32,33,35,36,37,46,47,48,49,50,51,52,53,55,56,57,58,59,60,61,62,63,64,65,66,73,82,83,85,86,87,88,91,93,94,95,96,97,98,99,100,101,102,103,106,107,108,109,110,120,122,125,128,129,136,137,138,139,140,141,142,143,144,145,146,147,148,151,152,153,154,155,161,164,165,166,167,168,170,171,172,173,181,182,183,184,186,187,188,189,190,191,192,193,195,196,197,198,199,200,207,208,209,210,211,212,213,215,222,226,227,228,229,230,231,232,234,235,236,237,238,240,241,242,243,244,245,252,253,254,255,256,257,267,271,272,273,274,275,276,279,280,281,282,283,284,285,286,287,288,290,297,298,299,300,316,317,318,319,320,321,322,323,324,325,326,327,328,330,331,332,333,334,335,336,343,344,361,362,363,364,365,366,367,368,369,370,371,372,374,375,376,377,378,379,380,382,386,406,407,408,410,411,413,414,416,417,418,419,420,421,422,423,424,427,430,451,452,454,457,458,460,461,462,463,464,465,466,467,468,469,472,474,475,476,477,496,497,498,499,505,507,508,509,510,511,512,513,521,541,543,550,551,552,553,554,555,556,557,558,559,560,561,586,595,596,597,598,599,600,601,602,603,604,640,641,642,643,644,645,646,653,654,684,686,687,688,689,690,691,692,698,700,702,703,704,705,706,709,710,731,732,733,734,735,744,745,747,748,750,751,752,777,795,808,810,852,853,855,897,898,900,942,943,944,945,955,989,990,1000,1001,1033,1034,1035,1046,1076,1077,1078,1079,1080,1090,1091,1106,1121,1122,1123,1124,1125,1168,1169,1170,1209,1213,1214,1215,1253,1254,1297,1298
134,134,390
4,9,10,11,12,13,17,18,19,20,21,22,23,24,25,26,29,30,31,35,36,37,38,53,54,55,56,57,58,61,62,63,64,65,70,71,80,81,82,83,85,86,88,92,93,98,99,100,101,102,106,107,108,109,110,115,117,122,125,127,128,129,136,137,138,141,142,143,144,145,146,147,151,152,153,154,155,164,165,166,167,168,170,171,172,176,181,182,183,184,186,187,188,189,190,191,192,194,195,196,197,198,199,200,206,208,209,210,211,212,213,214,215,217,221,224,226,227,228,229,230,233,234,235,236,237,238,239,240,241,242,243,244,245,252,253,254,255,256,257,265,266,267,271,272,273,274,275,276,278,279,280,281,282,283,285,286,287,288,289,290,291,297,298,299,300,304,316,317,318,319,320,321,322,323,324,325,326,327,330,331,332,333,334,335,336,342,343,344,361,362,363,364,365,366,367,368,369,370,371,372,373,374,375,376,377,378,379,380,382,390,391,409,412,413,414,417,418,419,420,421,422,423,424,427,429,430,431,454,455,459,462,463,464,465,466,467,468,469,471,472,473,474,475,476,486,489,498,500,501,507,508,509,510,511,512,513,514,517,518,519,529,530,531,550,551,552,553,554,555,556,557,558,559,560,561,564,575,595,596,597,598,599,600,601,604,606,607,609,640,641,642,643,644,645,646,649,650,651,653,654,655,659,660,661,662,664,686,687,688,689,690,691,696,697,698,699,700,702,703,704,705,706,707,709,732,733,734,742,744,745,747,748,749,750,751,752,753,762,778,787,790,791,794,795,796,797,798,806,807,808,823,837,838,851,852,855,897,898,900,942,943,944,945,955,989,990,1000,1031,1034,1035,1076,1077,1078,1079,1080,1090,1121,1122,1123,1124,1125,1168,1169,1170,1209,1213,1214,1215,1298
114,114,378
7,8,9,10,11,12,13,17,18,19,20,21,22,23,24,25,27,29,31,35,36,37,52,53,54,55,56,57,58,61,62,63,64,65,70,71,80,82,83,85,86,96,97,98,99,100,101,102,103,106,107,108,109,110,116,117,118,120,121,122,123,126,127,128,129,138,141,142,143,144,145,146,147,150,151,152,153,154,155,161,164,165,166,167,168,170,171,172,173,174,181,182,183,184,186,187,188,189,190,191,192,195,196,197,198,199,200,206,207,208,209,210,211,212,213,214,215,220,226,227,228,229,232,233,234,235,236,237,238,239,240,241,242,243,244,245,252,253,254,255,256,257,267,268,271,272,273,274,275,276,279,280,281,282,283,286,287,288,289,290,291,292,298,299,300,311,312,316,317,318,319,320,321,322,323,324,325,326,331,332,333,334,335,336,337,342,343,347,348,349,361,362,363,365,366,367,368,369,370,371,376,377,378,379,380,383,390,391,406,411,412,413,414,417,418,419,420,421,422,423,424,425,427,451,452,454,456,458,462,463,464,465,466,467,468,469,472,474,475,476,477,479,485,486,489,496,497,498,499,505,507,508,509,510,511,512,513,514,516,518,519,520,521,529,530,551,552,553,554,555,556,557,558,559,560,561,564,575,596,597,598,599,600,601,604,605,606,609,612,641,642,643,644,645,646,651,652,653,654,655,658,659,660,661,663,664,686,687,688,689,690,692,696,697,698,699,700,702,703,704,705,706,731,732,733,734,735,744,746,747,748,749,750,751,752,753,790,791,794,795,797,808,836,852,854,855,897,898,900,942,943,944,989,990,1000,1001,1034,1035,1046,1078,1079,1080,1089,1090,1121,1122,1123,1124,1125,1165,1168,1169,1170,1209,1213,1214,1215,1254
100,100,370
7,8,9,10,11,12,13,18,19,20,21,22,23,24,25,26,27,29,30,31,34,36,37,38,53,54,55,56,57,58,61,62,63,64,65,69,70,71,79,80,81,82,85,86,93,99,100,101,102,103,106,107,108,109,110,115,117,120,121,122,123,126,127,128,129,137,138,141,142,143,144,145,146,147,150,151,152,153,154,155,161,164,165,166,167,168,170,171,172,173,174,181,182,183,186,188,189,190,191,192,196,197,198,199,200,206,208,209,210,211,212,213,214,215,221,226,227,228,229,230,233,234,235,236,237,238,241,242,243,244,245,248,252,253,254,255,256,257,265,266,267,271,272,273,274,275,276,278,279,280,281,282,283,287,288,289,290,291,292,298,299,300,316,317,318,319,320,321,322,323,324,325,326,331,332,333,334,335,336,343,348,349,361,362,363,364,365,366,367,368,369,370,371,375,376,377,378,379,380,382,390,391,411,412,413,414,416,417,418,419,420,421,422,423,424,429,443,454,455,458,460,462,463,464,465,466,467,468,469,472,473,474,475,485,489,490,491,498,499,500,505,507,508,509,510,511,512,513,516,517,518,519,529,530,550,551,552,553,554,555,556,557,558,561,564,575,595,596,597,598,599,600,601,602,609,611,612,615,640,641,642,643,644,645,646,652,653,654,658,659,660,661,662,663,667,686,687,688,689,690,691,697,699,700,702,703,704,705,706,707,709,710,711,732,733,734,743,744,745,746,747,748,749,750,751,752,753,761,763,787,788,789,790,791,792,808,837,849,852,854,897,898,900,942,943,944,989,990,1000,1034,1035,1044,1076,1078,1079,1080,1090,1121,1122,1123,1124,1125,1168,1169,1170,1209,1213,1214,1215,1254
97,97,359
3,4,7,9,10,11,12,13,19,20,21,22,23,25,35,36,43,48,49,52,53,54,55,56,57,58,62,63,64,65,70,71,89,96,97,98,99,100,101,102,103,106,107,108,109,110,114,115,120,121,122,123,141,142,143,144,145,146,147,151,152,153,154,155,161,163,164,165,166,167,168,169,181,186,187,188,189,190,191,192,193,194,196,198,199,200,206,209,210,211,212,213,214,215,229,231,232,233,234,235,236,237,238,242,243,244,245,246,251,252,253,254,255,256,260,271,272,273,274,275,276,277,278,279,280,281,282,283,287,288,289,290,291,292,293,296,297,298,299,316,317,318,319,320,321,322,323,324,325,326,332,333,334,335,336,343,347,348,349,358,361,363,364,365,366,367,368,369,370,371,376,377,378,379,380,382,384,390,391,393,406,407,408,409,411,412,413,414,418,419,420,421,422,423,424,425,427,428,432,435,441,443,451,452,454,455,456,457,458,459,462,463,464,465,466,467,468,469,470,472,473,474,475,476,485,488,489,490,496,497,498,499,500,503,507,508,509,510,511,512,513,514,516,517,518,519,520,521,530,531,532,536,544,551,552,553,554,555,556,557,560,561,563,564,575,576,595,596,597,598,599,600,601,603,604,605,606,607,608,609,620,640,641,642,643,644,645,646,649,650,651,652,653,654,655,657,659,660,661,685,686,687,688,689,690,695,697,700,701,702,703,705,707,730,733,735,743,744,745,746,747,748,749,750,761,762,787,790,791,792,794,808,809,849,850,852,989,990,1000,1034,1035,1045,1078,1079,1080,1090,1121,1122,1123,1124,1125,1168,1169,1170,1213,1214,1215,1262,1307
96,96,358
12,20,21,56,57,58,62,63,98,100,101,102,103,106,107,108,120,121,122,123,124,128,138,139,140,142,143,144,145,146,153,164,165,166,167,168,169,173,186,187,188,189,190,191,192,198,206,208,209,210,211,212,213,215,216,221,226,229,230,231,232,233,234,235,236,238,242,243,246,247,251,252,253,254,271,273,274,275,276,277,278,279,280,281,282,288,290,291,292,296,297,298,305,316,317,318,319,320,321,322,323,324,325,326,332,333,334,335,336,337,340,341,342,343,344,348,349,361,362,363,364,365,366,367,368,371,377,378,379,380,381,384,385,386,390,392,397,406,407,408,409,410,411,412,413,414,415,417,418,419,421,422,423,424,425,427,428,429,430,431,435,436,441,443,451,452,453,454,455,456,462,463,464,465,466,467,468,469,470,473,474,475,478,484,485,486,489,490,497,498,499,501,506,507,508,509,510,512,513,514,515,516,517,518,519,520,521,529,530,532,535,536,542,543,544,549,550,551,552,553,554,555,556,557,558,559,560,561,562,563,564,565,568,569,572,575,593,595,596,597,598,599,600,601,602,603,604,605,606,607,608,609,610,611,612,615,616,620,621,635,638,639,640,641,642,643,644,645,646,647,648,649,650,651,652,653,654,655,656,657,659,660,662,665,666,682,683,684,685,686,687,688,689,690,691,693,694,696,697,698,699,700,701,702,703,705,708,710,711,712,713,727,728,729,730,731,732,733,734,738,741,742,745,746,747,748,771,773,777,778,779,780,781,787,788,791,792,809,822,823,846,847,852,853,897,942,989,990,1029,1079,1080,1121,1124,1161,1168,1169,1170,1212
61,61,356
11,20,21,24,29,30,55,56,57,58,63,64,71,72,96,98,100,101,102,103,107,108,121,122,123,128,138,141,142,143,144,145,146,147,153,164,165,166,167,168,169,170,181,183,186,187,188,189,190,191,192,194,198,206,208,209,210,211,213,214,216,222,226,228,229,230,231,232,233,234,235,236,242,243,245,247,251,252,253,254,264,271,273,274,275,276,277,278,279,280,281,282,287,288,289,290,291,296,297,298,299,305,316,317,318,319,320,321,322,323,324,325,326,332,333,334,335,336,340,341,342,343,344,345,348,349,361,362,363,364,365,366,367,368,369,370,371,377,378,379,380,381,384,391,392,393,406,407,408,409,410,411,412,413,414,415,417,418,419,421,422,423,424,425,428,429,432,433,435,441,443,451,452,453,454,455,456,458,462,463,464,465,466,467,468,469,470,472,473,474,475,476,478,484,485,489,490,496,497,498,499,506,507,508,509,511,512,513,514,515,516,517,518,519,520,521,522,530,535,536,541,542,543,544,549,550,551,552,553,554,555,556,557,558,559,560,561,562,563,564,567,573,575,576,580,595,596,597,598,599,600,601,602,603,604,605,606,607,609,610,612,617,621,638,639,640,641,642,643,644,645,646,647,648,649,650,651,652,653,654,655,656,657,658,659,660,661,662,665,680,682,683,684,685,686,687,688,689,690,691,693,694,696,697,698,700,701,702,705,706,711,713,727,728,729,730,731,732,733,734,741,742,744,745,746,747,748,749,760,777,778,779,791,792,801,802,803,809,810,850,852,853,854,855,989,990,1078,1079,1080,1121,1124,1125,1168,1169,1170,1212
61,61,360
11,20,21,23,55,56,57,58,99,100,101,102,103,121,122,138,139,141,142,143,144,145,146,147,153,164,165,166,167,168,169,170,186,187,188,189,190,191,192,198,206,209,210,211,212,215,216,226,229,230,231,232,233,234,235,236,237,243,246,247,251,252,253,254,255,264,271,272,273,274,275,276,277,278,279,280,281,282,288,289,290,291,296,297,298,316,317,318,319,320,321,322,323,324,325,326,332,333,334,335,336,337,338,340,341,342,343,344,345,346,348,349,361,362,363,364,365,366,367,368,369,371,377,378,379,380,381,382,383,384,385,387,389,390,392,406,407,408,409,410,411,412,413,414,415,421,422,423,424,425,428,429,434,435,437,440,451,452,453,454,455,456,457,458,462,463,464,465,466,467,468,469,470,472,473,474,475,477,484,485,488,497,498,499,507,508,509,510,512,513,514,515,516,517,518,519,520,521,522,523,528,530,532,534,535,536,542,543,544,550,551,552,553,554,555,556,557,558,559,560,561,562,563,564,565,566,567,572,573,574,575,576,595,596,597,598,599,600,601,602,603,604,605,606,607,608,610,611,612,613,614,616,620,638,639,640,641,642,643,644,645,646,647,648,649,650,651,652,653,654,655,656,657,658,659,660,661,667,680,683,684,685,686,687,688,689,690,691,693,694,695,696,697,698,699,700,701,702,704,705,706,707,710,711,712,713,714,727,728,729,730,732,733,734,739,741,742,743,744,745,746,747,756,758,777,778,779,780,781,786,787,788,789,790,791,793,801,802,808,809,810,823,832,834,837,847,853,854,855,900,989,990,1080,1121,1124,1125,1168,1169,1170,1212
57,57,353
11,12,20,21,48,55,56,57,58,93,95,96,97,98,99,100,101,102,103,119,120,121,136,137,139,141,142,143,144,145,146,147,153,164,165,166,167,168,169,170,171,182,183,186,187,188,189,190,191,192,198,208,209,210,215,216,217,226,228,229,230,231,232,233,234,235,236,237,243,245,246,247,251,252,253,254,255,261,262,263,271,272,273,274,275,276,277,278,279,280,281,288,291,296,297,298,299,305,316,317,319,320,321,322,323,324,325,326,332,333,334,335,336,337,338,340,341,342,343,344,345,361,362,363,364,365,366,367,368,369,370,371,377,378,379,380,381,382,383,384,385,388,390,391,392,393,396,406,407,408,409,410,411,412,413,414,417,422,423,424,425,428,432,433,437,440,443,451,452,453,454,455,456,457,458,462,464,466,467,468,469,470,472,473,474,475,478,484,485,488,489,496,497,498,499,501,507,508,509,510,511,512,513,514,515,516,517,518,520,521,522,530,531,533,535,537,542,543,544,550,551,552,554,555,556,557,558,559,560,561,562,563,565,566,567,575,576,578,595,596,597,598,599,600,601,602,603,604,605,606,607,609,610,615,616,617,620,621,638,639,640,641,642,643,644,645,646,647,648,649,650,651,652,653,654,655,656,657,658,659,660,661,665,666,667,682,683,684,685,686,687,688,689,690,693,694,695,696,697,698,699,700,701,702,704,705,706,711,712,713,727,730,732,733,734,738,740,741,742,743,744,745,746,747,748,749,756,779,787,791,792,794,802,809,810,823,835,836,846,853,854,855,900,989,990,1078,1080,1107,1121,1168,1169,1170,1212
31,31,325
11,12,20,55,56,57,58,96,98,99,100,101,102,103,120,122,138,139,141,142,143,144,145,146,164,165,166,167,168,169,170,171,181,186,187,188,189,190,191,192,206,208,209,210,212,215,216,217,229,230,231,232,233,234,235,236,237,246,247,251,252,253,254,255,261,262,264,266,271,272,273,274,275,276,277,278,279,280,281,282,288,290,291,296,297,298,299,316,317,318,319,320,321,322,323,324,325,326,332,333,334,335,336,340,341,342,343,345,361,362,363,364,365,366,367,368,369,370,371,377,378,379,380,381,382,384,389,390,406,407,408,409,410,411,412,413,414,422,423,424,425,426,427,428,429,435,437,438,439,440,451,452,453,454,455,456,457,458,465,467,468,469,472,475,484,488,489,496,497,498,499,502,507,510,512,513,514,515,516,517,518,519,522,535,536,542,543,544,550,551,552,554,555,557,559,560,561,562,563,564,565,568,569,570,572,574,576,595,596,597,598,599,600,601,602,603,604,605,606,607,608,610,611,612,613,614,616,620,621,622,635,638,639,640,641,642,643,644,645,646,647,648,650,651,652,653,654,655,656,657,658,659,660,661,665,666,683,684,685,686,687,688,689,690,691,692,693,694,696,697,698,699,700,701,702,704,705,710,711,712,726,727,728,732,733,734,736,738,741,742,743,744,745,746,747,756,758,771,778,779,780,781,787,788,792,800,801,802,823,832,847,853,854,855,898,900,989,990,1080,1121,1168,1169,1170,1212,1252
94,94,326
11,12,51,54,55,56,57,58,95,96,97,98,99,100,101,102,103,120,121,122,124,137,138,139,141,142,143,144,145,146,147,153,161,164,165,166,167,169,170,171,181,182,183,186,187,188,189,190,191,192,198,205,206,208,209,210,215,216,217,226,227,228,229,230,231,232,233,234,235,236,237,243,246,247,251,252,253,254,255,260,261,262,271,272,273,274,275,276,277,278,279,280,281,282,288,291,292,296,297,298,299,316,317,318,319,320,321,322,323,324,325,326,333,334,335,336,337,338,339,341,342,343,344,345,361,362,363,364,365,366,367,368,369,371,377,378,379,380,381,382,383,385,388,390,391,392,395,406,407,408,409,410,411,412,413,414,415,422,423,424,425,428,432,433,435,436,437,438,440,443,451,452,453,454,455,456,457,458,468,469,470,471,472,473,474,484,485,489,496,497,498,499,500,507,510,512,513,514,515,516,517,518,520,530,531,535,541,542,543,544,550,557,558,559,560,561,562,563,564,565,567,573,576,596,598,599,600,601,602,603,604,605,606,607,609,610,611,612,614,615,620,621,635,639,641,642,643,644,645,646,647,648,649,650,651,652,653,655,656,657,658,659,660,661,665,666,667,668,682,683,685,686,687,688,690,693,696,698,699,700,701,702,704,705,706,710,711,712,713,714,732,733,734,740,741,742,743,746,747,748,749,755,779,780,781,787,789,791,792,793,800,836,846,853,854,855,900,989,990,1080,1107,1143,1168,1169,1170,1212
117,117,316
11,12,55,56,57,58,96,98,99,100,101,102,103,120,121,122,123,124,139,140,141,142,143,144,145,146,147,153,163,164,165,167,169,170,171,172,182,186,187,188,189,190,191,192,198,206,209,210,216,217,226,230,231,232,233,234,235,236,243,246,247,251,252,253,254,255,260,261,262,271,272,273,274,275,276,277,278,279,280,281,282,291,292,296,297,298,299,303,316,317,318,319,320,321,322,323,324,325,326,333,334,335,336,337,338,340,342,343,344,345,362,363,364,365,366,367,368,369,370,371,377,378,379,380,381,382,385,388,389,390,391,392,394,395,406,407,408,409,410,411,412,413,414,415,422,423,424,425,427,428,429,433,435,436,437,438,439,440,451,452,453,454,455,457,458,459,467,468,469,470,471,472,483,484,489,496,497,498,499,513,514,515,516,517,518,519,522,529,535,536,542,543,557,559,560,561,562,563,564,565,567,568,569,570,571,572,575,590,596,597,598,599,600,601,602,603,604,605,606,607,610,611,612,613,614,616,620,621,635,638,639,640,641,642,643,644,647,648,650,651,652,653,654,655,656,657,658,659,660,661,666,667,682,683,685,686,687,692,695,696,697,698,699,700,701,702,703,704,705,706,710,711,712,725,726,732,733,734,738,741,742,743,744,745,747,748,756,758,778,779,780,781,787,788,790,791,792,793,801,802,823,836,837,853,854,855,900,989,990,1080,1107,1125,1168,1169,1170,1212
89,89,309
10,11,12,53,55,56,57,94,96,97,98,99,100,101,102,103,119,122,123,138,141,142,143,144,145,146,147,161,163,165,167,168,169,170,171,172,182,183,184,186,187,188,189,190,191,198,201,205,206,208,209,210,215,216,217,226,228,229,230,231,232,233,234,235,236,246,247,251,252,253,254,255,260,261,263,264,271,272,273,274,275,276,277,278,279,280,281,282,291,292,296,297,298,299,304,316,317,318,319,320,321,322,323,324,325,326,333,335,336,337,338,339,340,342,343,344,345,349,362,363,364,365,366,367,368,369,370,371,377,378,379,380,381,382,383,388,389,390,391,392,395,396,406,407,408,409,410,411,412,413,414,423,424,425,427,429,433,436,437,438,440,442,451,452,453,454,455,456,457,458,468,469,470,471,472,473,475,482,483,484,489,496,497,498,499,500,501,512,513,514,515,516,517,518,524,529,530,535,542,543,544,557,558,559,560,561,562,563,564,565,567,576,580,596,597,599,600,601,602,603,604,605,606,607,610,611,612,613,614,615,635,638,640,641,642,644,647,648,649,650,651,652,653,654,655,656,657,658,659,660,665,666,681,682,683,685,687,688,694,696,698,700,701,702,703,704,705,706,710,711,712,732,734,740,741,742,743,744,745,746,747,748,755,756,779,780,781,787,791,792,795,800,809,825,836,853,854,855,900,945,989,990,1078,1080,1107,1125,1168,1169,1170
83,83,296
11,12,13,16,17,18,19,20,21,23,27,41,50,51,52,53,54,55,56,57,58,62,63,64,67,93,95,96,97,98,99,100,101,102,103,108,122,123,124,125,136,138,139,140,141,142,143,144,145,146,147,148,163,164,165,166,169,170,171,172,181,183,185,186,187,188,189,190,191,201,205,206,209,215,217,218,226,227,228,229,230,231,232,233,234,235,236,246,247,251,253,254,255,260,271,272,273,274,275,276,277,278,279,280,281,282,291,292,297,298,299,316,317,318,319,320,321,322,323,324,325,326,335,336,337,338,339,343,361,362,363,364,365,366,367,368,369,370,371,378,379,380,381,383,388,389,390,391,393,394,406,407,408,409,410,411,412,413,414,416,423,424,425,427,428,435,436,439,451,452,453,454,455,456,457,458,468,469,470,471,472,473,480,481,482,484,497,498,499,500,503,513,514,515,516,517,518,525,532,535,543,544,557,558,559,560,561,562,567,569,577,600,601,602,603,604,605,606,607,608,612,613,614,635,638,647,648,649,650,651,652,653,654,655,656,657,658,659,661,681,682,687,692,693,694,695,696,697,698,700,701,702,703,711,712,725,726,733,735,736,737,739,740,741,742,743,744,746,747,748,777,778,780,781,786,787,788,790,791,822,823,825,835,836,854,855,899,900,989,990,1080,1168,1169,1170,1212,1307
115,115,324
67,100,101,102,113,122,143,144,145,146,147,148,170,171,172,189,190,191,192,201,202,205,215,217,218,231,232,234,235,236,246,247,249,250,252,253,273,276,277,279,280,281,282,291,292,294,295,297,298,299,316,317,319,321,322,323,324,325,326,335,336,337,345,362,365,366,367,368,371,378,379,380,381,382,383,390,391,395,412,413,414,416,423,424,425,426,427,428,431,433,435,436,439,440,458,459,461,468,469,470,472,473,475,476,480,481,482,484,485,499,503,504,505,513,514,515,516,517,518,520,524,525,529,531,532,547,548,549,557,558,559,560,561,562,563,564,565,566,568,569,570,574,575,576,577,597,598,600,601,602,603,604,605,606,607,608,609,610,611,612,613,614,615,616,617,620,622,642,647,648,649,650,651,652,653,654,655,656,657,659,660,661,664,665,666,668,681,683,686,687,688,692,693,694,695,696,697,699,700,701,702,703,705,706,709,710,711,712,724,725,726,733,734,736,737,739,740,741,742,743,744,746,747,748,749,755,756,768,769,770,771,780,781,782,783,784,785,786,787,788,789,790,791,792,794,798,799,800,813,814,815,816,822,823,824,825,826,827,829,832,833,834,835,836,837,838,839,840,844,846,855,867,868,869,874,876,878,879,880,881,882,887,888,893,900,916,920,921,923,924,925,927,936,939,963,965,980,990,1006,1008,1009,1010,1011,1012,1024,1051,1052,1053,1054,1055,1056,1068,1069,1094,1097,1098,1099,1124,1141,1142,1168,1170,1185,1186
62,62,313
25,56,58,100,101,102,103,112,123,143,144,146,147,148,170,172,190,191,192,201,202,204,205,217,218,231,232,235,236,246,247,249,250,252,253,272,274,276,277,279,280,281,282,291,292,293,295,297,298,299,316,317,319,320,321,322,323,324,325,326,334,335,336,337,338,339,342,343,344,348,361,363,365,366,367,368,370,371,378,379,380,381,382,383,388,390,391,392,393,394,412,413,416,423,424,425,426,427,428,435,436,437,438,439,441,457,458,461,468,469,470,471,472,473,479,480,481,482,498,502,503,504,505,513,514,515,516,517,518,521,524,525,527,528,529,530,532,533,542,544,548,549,557,558,559,560,561,562,563,564,565,566,567,568,569,570,572,576,577,600,601,602,603,604,605,606,607,608,609,610,611,612,613,614,615,619,621,643,644,647,648,649,650,651,652,653,654,655,656,657,659,660,661,662,663,664,682,686,688,692,693,694,695,696,697,698,699,700,701,702,703,705,706,710,711,712,725,726,734,735,736,737,738,739,740,741,742,743,744,745,746,747,748,754,755,759,769,770,778,780,781,782,783,784,785,786,787,788,789,790,791,792,793,794,799,800,801,823,824,825,826,827,828,833,834,835,836,837,838,839,845,853,855,868,870,871,872,873,874,875,877,878,879,880,882,900,914,916,919,920,924,961,963,965,966,990,1007,1009,1010,1011,1051,1054,1055,1056,1097,1098,1099,1124,1141,1142,1143,1168,1170
115,115,322
101,102,103,122,146,147,148,170,171,172,191,201,202,204,205,218,235,236,246,247,249,250,252,253,273,275,276,279,280,282,291,292,293,294,295,297,298,303,317,319,320,321,322,324,325,326,335,336,337,339,343,344,345,362,364,365,367,368,378,379,380,381,382,383,388,391,394,395,412,413,414,416,423,424,425,426,427,428,434,435,436,438,439,459,460,461,468,469,470,471,472,473,476,477,478,480,481,482,483,485,498,503,504,505,513,514,515,516,517,518,522,524,525,528,531,532,533,547,548,549,558,559,560,561,562,563,564,565,566,567,568,569,573,574,575,576,593,599,601,602,603,604,605,606,607,608,609,610,611,612,613,614,615,616,617,620,621,622,635,643,644,646,647,648,649,650,651,652,653,654,655,656,657,660,661,662,664,665,666,680,681,692,693,694,695,696,697,698,699,701,702,703,708,709,710,711,712,713,724,725,726,735,736,737,739,740,741,742,743,744,746,747,750,752,755,756,757,758,759,768,769,771,778,779,780,781,782,783,784,785,786,787,788,789,790,791,792,793,798,799,800,823,824,825,826,827,828,829,830,832,833,834,835,836,837,838,839,841,843,844,845,855,867,868,869,870,871,872,873,874,876,877,878,879,880,881,882,883,884,886,900,915,916,917,919,920,921,922,923,924,925,926,927,928,960,961,965,966,967,1006,1007,1008,1009,1010,1011,1012,1024,1051,1052,1053,1054,1055,1096,1097,1099,1140,1141,1142,1168,1170,1185,1186
80,80,317
57,101,102,103,146,147,148,171,172,201,202,204,205,216,217,218,235,236,246,247,249,250,252,253,271,273,274,276,277,279,280,291,292,293,294,295,297,298,316,317,318,319,320,321,322,323,325,326,335,336,337,338,339,342,343,344,345,347,348,349,361,362,363,364,367,371,378,379,380,381,382,383,388,390,391,392,393,394,412,413,415,423,424,425,426,427,428,433,435,436,437,438,439,441,453,454,459,468,469,470,471,475,476,478,479,480,481,482,483,485,498,504,505,513,514,515,516,517,518,522,524,525,526,527,528,529,530,532,533,548,549,557,558,559,560,561,562,563,564,565,566,567,568,569,570,572,577,593,600,601,602,603,604,605,606,607,608,609,610,611,612,613,614,615,618,621,622,635,643,647,648,649,650,651,652,653,654,655,656,657,659,660,666,667,679,680,692,693,694,695,696,697,698,699,700,701,702,703,710,711,712,713,724,725,726,735,736,737,738,739,740,741,742,743,744,745,746,747,748,749,754,755,757,758,759,769,770,780,781,782,783,784,785,786,787,788,789,790,791,792,793,794,798,799,800,801,823,824,825,826,827,828,830,833,834,835,836,837,838,855,867,869,870,871,872,873,874,875,877,878,879,880,881,882,900,914,915,916,917,918,919,924,925,961,962,963,966,990,1005,1006,1007,1009,1010,1011,1050,1051,1052,1053,1054,1055,1056,1062,1096,1097,1098,1099,1124,1125,1140,1141,1142,1143,1168,1170,1185,1186,1187
83,83,329
68,101,102,103,146,147,148,162,171,172,191,201,202,204,205,218,236,246,247,249,250,252,273,276,279,281,291,292,293,294,295,297,298,317,319,320,322,325,326,333,335,336,337,338,339,343,344,345,348,367,370,371,378,379,380,381,382,383,391,393,394,395,414,415,423,424,425,426,427,428,431,433,434,435,437,438,439,440,459,460,468,469,470,471,472,473,475,476,478,480,481,482,483,484,486,504,505,513,514,515,516,517,518,519,520,522,524,525,529,531,532,533,548,549,558,559,560,561,562,563,564,565,566,567,568,569,571,574,575,576,577,593,599,600,602,603,604,605,606,607,608,609,610,611,612,613,614,615,617,618,620,635,643,646,647,648,649,650,651,652,653,654,655,656,657,660,661,664,665,666,680,686,691,692,693,694,695,696,697,698,699,701,709,710,711,712,713,724,725,736,737,738,739,740,741,742,743,744,745,746,747,750,753,754,755,756,757,758,759,768,769,778,780,781,782,783,784,785,786,787,788,789,790,791,792,799,800,802,803,804,816,822,823,824,825,826,827,828,829,830,832,833,834,835,836,837,838,839,841,844,845,855,867,868,869,870,871,872,873,874,876,878,879,880,881,882,883,884,886,887,895,900,914,915,916,917,918,919,920,921,922,923,924,925,926,927,928,939,960,961,962,963,964,965,966,967,968,980,990,1005,1006,1007,1008,1009,1010,1011,1051,1052,1053,1054,1055,1056,1094,1096,1097,1098,1099,1124,1125,1139,1140,1141,1142,1143,1168,1170,1185,1186,1187
125,125,334
57,68,69,70,101,102,103,146,147,148,160,161,162,171,172,192,201,202,204,205,215,216,217,218,236,246,247,249,250,252,253,273,274,280,291,292,293,294,295,297,299,317,319,321,325,326,335,336,337,338,339,342,343,346,348,362,371,378,379,380,381,382,383,384,388,390,391,393,414,423,424,425,426,427,428,433,435,436,437,438,439,440,459,468,469,470,471,472,475,478,479,480,481,482,483,485,486,498,504,505,513,514,515,516,517,518,520,521,524,525,526,528,529,530,531,532,533,548,549,557,558,559,560,561,562,563,564,565,566,567,568,569,570,571,572,573,574,575,576,577,593,600,602,603,604,605,606,607,608,609,610,611,612,613,614,615,618,621,623,635,644,646,647,648,649,650,651,652,653,654,655,656,657,659,660,663,664,680,690,692,693,694,695,696,697,698,699,700,701,702,703,710,711,712,713,724,725,735,736,737,738,739,740,741,742,743,744,745,746,747,749,755,756,757,758,759,769,778,779,780,781,782,783,784,785,786,787,788,789,790,791,792,793,794,798,799,800,823,824,825,826,827,828,829,830,832,833,834,835,836,837,844,854,855,867,868,869,870,871,872,873,876,877,878,879,880,881,882,886,887,900,912,913,914,915,916,917,918,919,920,921,923,924,925,927,928,929,959,960,961,962,963,964,965,966,967,968,969,990,1004,1005,1006,1007,1008,1009,1010,1011,1012,1049,1050,1051,1052,1054,1055,1056,1068,1069,1080,1095,1096,1097,1098,1099,1125,1139,1140,1141,1142,1143,1170,1185,1186,1187,1230
53,53,339
68,69,70,101,102,103,146,147,148,162,171,172,201,202,204,205,215,218,236,246,247,249,250,273,291,292,293,294,295,297,298,304,316,319,325,333,335,336,337,338,345,348,363,364,378,379,380,381,382,383,384,391,393,395,423,424,425,426,427,428,430,432,433,434,435,436,437,438,439,459,460,468,469,470,471,472,473,475,476,477,478,480,481,482,483,484,485,504,505,513,514,515,516,517,518,519,520,522,523,524,529,531,532,533,548,549,558,559,560,561,562,563,564,565,566,568,569,571,574,575,576,577,578,587,593,599,600,602,603,604,605,606,607,608,609,610,611,612,613,614,615,616,617,619,620,621,622,635,642,643,644,646,647,648,649,650,651,652,653,654,655,656,657,659,660,661,665,666,667,668,686,692,693,694,695,696,697,698,699,700,701,702,703,704,707,709,710,711,712,713,714,724,725,735,736,737,738,739,740,741,742,743,744,745,746,747,748,750,753,754,755,756,757,758,759,778,779,780,781,782,783,784,785,786,787,788,789,790,791,792,793,798,799,800,801,802,803,822,823,824,825,826,827,828,829,830,831,832,833,834,835,836,837,838,839,841,845,855,867,868,869,870,871,872,873,874,875,876,877,878,879,880,881,882,883,885,886,887,900,912,913,914,915,916,917,918,919,920,921,922,923,924,925,926,927,928,959,960,961,962,963,965,966,967,968,990,1004,1005,1006,1007,1008,1009,1010,1011,1012,1013,1049,1050,1051,1052,1053,1054,1055,1056,1057,1094,1095,1096,1097,1098,1099,1138,1139,1141,1142,1143,1170,1186,1187
83,83,337
57,67,68,70,102,103,146,147,148,160,171,172,201,202,204,205,215,218,236,246,247,249,250,252,253,291,292,293,294,295,296,297,298,304,316,317,319,325,334,335,336,337,338,339,342,343,345,346,348,349,350,364,367,378,379,380,381,382,383,384,388,390,391,392,393,394,423,424,425,426,427,428,430,433,434,435,436,437,438,439,441,443,468,469,470,471,472,473,475,476,478,479,480,481,482,483,484,485,504,513,514,515,516,517,518,520,521,522,523,524,525,526,527,529,530,531,532,533,548,549,557,558,559,560,561,562,563,564,565,566,567,568,569,570,571,572,576,577,599,600,602,603,604,605,606,607,608,609,610,611,612,613,614,615,618,621,624,635,644,645,646,647,648,649,650,651,652,653,654,655,656,657,659,660,663,686,690,692,693,694,695,696,697,698,699,700,701,703,705,706,710,711,712,724,725,734,736,737,738,739,740,741,742,743,744,745,746,747,749,753,755,756,757,758,759,778,779,780,781,782,783,784,785,786,787,788,789,790,791,792,793,794,798,799,800,801,802,803,822,823,824,825,826,827,828,829,830,831,832,833,834,835,836,837,838,843,846,847,855,867,868,869,870,871,872,873,874,875,876,877,878,879,880,881,882,900,908,912,913,914,915,916,917,918,919,920,921,922,923,924,925,927,959,960,961,962,963,964,965,966,967,968,969,1003,1004,1005,1006,1007,1008,1009,1010,1011,1049,1050,1051,1052,1053,1054,1055,1056,1068,1080,1092,1094,1095,1097,1098,1099,1139,1140,1141,1142,1143,1170,1185,1186,1187
125,125,341
11,12,13,14,15,22,23,24,25,50,56,57,58,59,60,61,67,68,69,70,95,96,101,102,103,104,105,106,113,123,140,141,142,146,147,148,149,150,193,201,202,204,233,236,246,247,249,250,251,273,278,279,280,281,291,292,293,294,295,296,297,298,299,303,304,319,324,325,326,334,335,336,337,338,345,347,349,362,364,365,370,378,379,380,381,382,383,389,390,391,397,413,414,415,423,424,425,426,427,428,431,433,434,436,438,442,459,468,469,470,471,477,478,480,484,485,503,504,513,514,515,516,518,519,524,529,530,531,532,533,541,544,545,547,548,557,558,559,560,561,562,563,564,565,566,567,571,573,574,575,586,587,588,589,590,593,600,602,603,604,605,606,607,608,609,610,611,613,616,617,619,633,634,635,644,645,646,647,648,649,650,651,652,653,654,655,656,658,665,678,680,690,691,692,693,694,695,696,697,698,699,700,701,709,710,711,712,721,722,723,734,735,736,737,738,739,740,741,742,743,744,755,757,767,777,778,779,780,781,782,783,784,785,786,787,788,789,790,791,799,800,801,822,823,824,825,826,827,828,829,831,832,833,834,835,836,837,838,839,844,866,867,869,870,871,872,873,874,876,877,878,879,880,881,882,883,885,886,887,900,911,912,913,914,915,916,917,918,919,920,921,922,923,924,925,926,927,928,955,959,960,961,962,963,964,965,966,967,980,1004,1005,1006,1007,1008,1009,1010,1011,1012,1049,1051,1052,1053,1054,1055,1056,1057,1094,1095,1096,1097,1098,1099,1139,1140,1141,1142,1143,1170,1186,1187,1230
125,125,352
11,21,23,24,56,66,68,101,146,201,202,236,246,291,292,317,325,326,334,335,336,337,338,339,345,346,361,362,363,378,379,380,381,382,383,389,390,391,392,423,424,425,426,427,432,434,435,436,437,459,468,469,470,471,477,478,479,480,481,482,503,513,514,515,516,518,519,521,523,524,525,527,528,529,530,548,549,558,559,560,561,562,563,564,565,566,567,568,569,570,571,572,573,574,575,576,577,590,593,599,600,603,604,605,606,607,608,609,610,611,612,614,615,618,621,635,636,644,645,646,647,648,649,650,651,652,653,654,655,656,657,659,660,661,662,664,665,666,677,679,680,689,690,691,692,693,694,695,696,697,698,699,700,701,702,703,708,709,710,711,712,713,721,722,723,724,725,735,736,737,738,739,740,741,742,743,744,745,746,747,748,749,750,753,755,756,757,758,759,766,767,779,780,781,782,783,784,785,786,787,788,789,790,791,792,793,794,798,799,800,801,803,822,823,825,826,827,828,829,831,832,833,834,835,836,837,838,839,840,841,843,844,846,855,867,868,869,870,871,872,873,874,875,876,877,878,879,880,881,882,883,884,885,886,888,889,900,910,911,912,913,914,915,916,917,918,919,920,921,922,923,924,925,926,927,928,929,930,957,958,959,961,964,965,966,967,968,969,970,971,972,973,974,980,1003,1004,1005,1006,1007,1008,1010,1011,1012,1013,1014,1015,1016,1017,1018,1019,1023,1024,1049,1050,1051,1052,1053,1054,1055,1056,1057,1058,1061,1062,1063,1064,1067,1068,1069,1070,1092,1094,1095,1096,1097,1098,1105,1106,1107,1108,1112,1113,1114,1138,1139,1140,1151,1152,1157,1158,1159,1313
125,125,356
21,23,24,56,57,66,67,68,69,101,146,201,202,235,236,246,247,281,291,292,293,294,297,298,309,316,317,325,326,334,335,336,337,338,339,341,346,347,348,361,369,378,379,380,381,382,383,386,389,390,391,392,414,423,424,425,426,427,431,432,433,434,435,436,437,458,459,468,469,470,471,475,476,477,478,479,480,481,482,483,484,485,513,514,515,516,518,519,522,523,526,527,528,529,530,531,548,549,555,557,558,559,560,561,562,563,564,565,566,567,568,569,570,571,572,573,574,575,576,590,593,600,602,603,604,605,606,607,608,609,612,613,614,615,616,617,618,619,620,622,623,635,644,645,646,647,648,649,650,651,652,653,654,655,656,657,658,665,680,689,690,691,692,693,694,695,696,697,698,699,700,701,702,703,705,706,708,709,710,711,712,721,724,735,736,737,738,739,740,741,742,743,744,745,749,750,751,754,755,756,757,766,779,780,781,782,783,784,785,786,787,788,789,790,791,792,793,795,797,798,799,800,801,802,804,822,823,824,825,826,827,828,829,830,831,832,833,834,835,836,837,838,839,840,842,843,845,855,867,868,869,870,871,872,873,874,875,876,877,878,879,880,881,882,883,884,885,886,887,891,900,910,911,912,913,914,915,917,918,919,920,921,922,923,924,925,926,927,928,929,930,955,958,959,961,962,963,964,965,966,967,968,969,970,971,977,1004,1005,1006,1007,1008,1009,1010,1011,1012,1013,1014,1015,1016,1017,1018,1019,1023,1024,1048,1049,1050,1051,1052,1053,1054,1055,1056,1057,1058,1061,1062,1063,1064,1068,1069,1093,1094,1095,1097,1098,1107,1108,1113,1114,1137,1139,1140,1157,1158,1170
125,125,359
21,22,23,24,56,66,67,68,69,146,201,202,246,247,291,292,293,294,316,317,325,326,333,334,335,336,337,338,339,345,346,348,361,362,363,378,379,380,381,382,383,386,388,389,391,392,393,414,422,423,424,425,426,427,429,431,432,433,434,435,436,437,439,467,468,469,470,471,476,477,478,479,480,481,482,483,484,485,503,513,514,515,516,518,521,523,524,525,527,528,529,530,532,548,555,557,558,559,560,561,562,563,564,565,566,567,568,569,570,571,572,573,574,575,599,600,603,604,605,606,607,608,609,612,613,614,615,616,618,619,620,621,635,643,645,646,647,648,649,650,651,652,653,654,655,656,658,659,663,666,667,679,680,688,689,690,691,692,693,694,695,696,697,698,699,701,704,708,710,711,712,713,734,735,736,737,738,739,740,741,742,743,744,745,746,747,748,749,750,752,753,755,756,757,766,779,780,781,782,783,784,785,786,787,788,789,790,791,792,793,794,795,796,797,798,799,800,802,822,823,824,825,826,827,828,829,830,831,832,833,834,835,836,837,838,839,840,841,842,843,844,846,855,866,867,868,869,870,871,872,873,874,875,876,877,878,879,880,881,882,883,884,885,886,889,900,910,911,912,913,917,918,919,920,921,922,923,924,925,926,927,928,929,930,955,956,957,958,959,961,963,964,965,966,967,968,969,970,971,972,973,980,981,989,1004,1005,1006,1007,1008,1009,1010,1011,1012,1013,1014,1015,1016,1017,1018,1024,1049,1050,1051,1052,1053,1054,1055,1056,1057,1058,1059,1060,1061,1062,1063,1064,1068,1069,1091,1093,1094,1095,1096,1097,1098,1106,1107,1108,1109,1112,1113,1114,1138,1139,1140,1151,1152,1153,1158
73,73,375
21,22,23,24,56,66,67,68,69,108,146,201,202,246,247,278,291,292,293,294,298,316,325,326,332,333,334,335,336,337,338,339,340,346,347,361,368,378,379,380,381,382,383,384,385,386,387,388,389,390,391,392,394,414,415,422,423,424,425,426,427,428,430,431,432,433,434,436,437,459,467,468,469,470,471,474,475,476,477,478,479,480,482,483,484,496,503,510,513,514,515,516,517,518,519,520,521,522,523,524,526,527,528,529,530,531,548,555,557,558,559,560,561,562,563,564,565,567,568,570,571,572,573,574,575,576,577,590,599,600,601,602,603,604,605,606,607,608,609,612,613,614,615,616,617,618,619,620,621,622,643,644,645,646,647,648,649,650,651,652,653,654,655,656,657,664,665,667,688,689,690,691,692,693,694,695,696,697,698,699,700,705,706,707,709,710,721,734,735,736,737,738,739,740,741,742,743,744,745,746,748,749,750,751,752,753,754,755,756,757,758,778,779,780,781,782,783,784,785,786,787,788,789,790,791,792,793,795,796,797,799,800,801,802,803,822,823,824,825,826,827,828,829,830,831,832,833,834,835,836,837,838,839,840,841,843,845,846,855,866,867,868,869,870,871,872,873,874,875,876,877,878,879,880,881,882,883,884,885,886,887,889,900,910,911,912,913,914,916,917,918,919,920,921,922,923,924,925,926,927,928,929,930,955,956,957,958,959,961,962,963,964,965,966,967,968,969,970,971,972,973,974,989,1002,1003,1004,1005,1006,1007,1008,1009,1010,1011,1012,1013,1014,1015,1016,1017,1018,1024,1025,1047,1048,1049,1050,1051,1052,1053,1054,1055,1056,1057,1058,1061,1062,1063,1064,1068,1093,1094,1095,1096,1097,1098,1107,1112,1113,1114,1137,1138,1139,1140,1158,1170
79,79,382
13,20,21,22,23,24,56,65,66,67,68,69,70,101,128,146,174,201,202,246,247,290,291,292,293,316,317,324,325,326,333,334,335,336,337,338,339,340,342,343,346,347,348,361,369,370,378,379,380,381,382,383,386,387,388,389,390,391,392,393,414,415,422,423,424,425,426,427,428,429,430,431,432,433,434,435,436,437,438,439,458,459,467,468,469,470,471,475,476,477,478,479,480,482,483,484,486,510,513,514,515,516,518,519,520,521,523,524,525,526,527,528,529,530,548,554,557,558,559,560,561,562,563,564,565,566,567,568,569,570,571,572,573,574,575,576,577,599,600,603,604,605,606,607,608,609,610,613,614,615,616,617,618,619,620,621,622,643,644,645,647,648,649,650,651,652,654,655,658,660,663,664,665,667,688,689,690,691,692,693,694,695,696,697,698,699,700,701,703,704,708,710,711,713,734,735,736,737,738,739,740,741,742,743,744,745,746,748,749,750,751,752,753,755,756,757,778,779,780,781,782,783,784,785,786,787,788,789,790,791,792,796,798,800,810,822,823,824,825,826,827,828,829,830,831,832,833,834,835,836,837,838,840,842,844,845,855,867,868,869,870,871,872,873,874,875,876,877,878,879,880,881,882,883,884,885,889,892,899,900,910,911,912,913,914,917,918,919,920,921,922,923,924,925,926,927,928,929,930,935,945,955,956,957,958,962,963,964,965,966,967,968,969,970,971,972,973,980,981,989,990,1002,1004,1005,1006,1007,1008,1009,1010,1011,1012,1013,1014,1015,1016,1017,1018,1024,1025,1026,1035,1047,1048,1049,1050,1051,1052,1053,1054,1055,1056,1057,1060,1061,1062,1063,1064,1068,1069,1070,1080,1094,1095,1096,1097,1098,1106,1107,1108,1113,1114,1125,1137,1138,1139,1151,1152,1158,1170,1223,1227,1313
79,79,397
21,22,23,24,36,37,38,39,40,41,42,43,44,45,56,66,68,69,70,71,82,83,85,86,87,88,89,90,101,127,128,129,130,131,132,133,134,135,146,172,173,174,175,176,179,180,201,202,218,219,220,221,222,223,224,225,246,247,267,270,280,290,291,292,293,316,321,325,326,333,334,335,336,337,338,339,343,344,361,369,378,379,380,381,382,383,388,389,390,391,392,394,395,414,415,422,423,424,425,426,427,431,432,433,434,435,436,437,438,439,440,458,467,468,469,470,471,474,475,476,477,478,479,480,481,482,483,484,513,514,515,516,517,518,519,520,521,522,523,524,525,526,527,528,529,530,531,532,548,555,557,558,559,560,561,562,563,564,568,569,570,571,572,573,574,575,576,578,600,601,602,603,604,605,606,607,608,609,614,615,616,617,618,619,620,621,623,624,645,646,647,648,649,650,651,652,655,662,663,664,665,666,667,668,673,690,691,692,693,694,695,696,697,698,699,708,710,711,712,717,718,719,733,734,735,736,737,738,739,740,741,742,743,744,755,756,757,758,761,762,764,778,779,780,781,782,783,784,785,786,787,788,790,799,800,803,804,805,807,808,809,810,822,823,824,825,826,827,828,829,831,832,833,834,835,836,837,838,839,847,851,852,853,854,855,866,867,868,869,871,872,873,874,875,876,877,878,879,880,881,882,883,884,897,898,899,900,910,911,912,913,914,917,918,919,920,921,922,923,924,925,926,935,944,945,955,956,957,958,961,962,963,964,965,966,967,968,969,970,971,979,980,981,989,990,1000,1002,1004,1006,1007,1008,1009,1010,1011,1012,1013,1014,1016,1017,1018,1019,1024,1025,1034,1035,1047,1048,1051,1052,1053,1054,1055,1056,1057,1062,1063,1064,1068,1069,1070,1080,1093,1094,1095,1096,1097,1098,1107,1108,1113,1124,1125,1137,1138,1139,1158,1170
59,59,406
23,24,26,34,35,36,37,38,39,40,41,42,43,44,45,68,69,72,73,80,81,82,83,84,85,86,87,88,89,90,123,124,125,126,127,128,129,130,131,132,133,134,135,168,169,170,171,172,173,174,175,176,177,178,179,180,213,214,215,217,218,219,220,221,222,223,224,225,247,263,264,265,266,267,268,269,270,290,291,292,309,310,311,312,313,314,315,325,326,334,335,336,337,338,346,353,354,355,356,357,358,359,360,378,379,380,381,382,390,391,392,393,394,395,399,400,401,402,403,404,405,414,423,424,425,426,427,435,436,437,438,439,440,441,446,447,448,449,450,468,469,470,471,472,478,479,480,481,482,483,484,485,486,487,490,491,492,493,494,495,513,514,515,516,524,525,526,527,528,529,530,531,532,533,535,536,537,538,539,540,557,558,559,561,568,569,570,571,572,573,574,575,576,577,578,580,581,582,583,584,585,603,604,605,615,616,617,618,619,620,621,622,623,624,625,626,627,628,629,630,645,646,648,649,650,661,662,663,664,665,666,667,668,669,670,671,672,673,674,675,689,690,691,692,693,694,695,696,707,708,709,710,711,712,713,714,715,716,717,718,719,720,734,735,736,737,738,739,740,752,753,754,755,756,757,758,759,760,761,762,763,764,765,779,780,782,783,784,798,799,800,801,802,803,804,805,806,807,808,809,810,822,824,825,826,827,828,829,843,844,845,846,847,848,849,850,851,852,853,854,855,868,869,871,872,889,890,891,892,893,894,896,897,898,899,900,910,911,912,918,924,935,936,937,938,939,941,942,943,944,945,955,956,963,964,967,968,979,980,981,982,986,987,988,989,990,1013,1015,1023,1024,1025,1026,1030,1031,1032,1033,1034,1035,1047,1057,1062,1063,1068,1069,1070,1071,1078,1079,1080,1107,1108,1113,1114,1115,1123,1124,1125,1158,1159,1167,1168,1170,1209,1210,1215,1305
88,88,397
23,24,26,27,28,29,30,31,32,33,34,35,36,37,38,39,40,41,42,43,44,45,68,69,72,73,74,75,76,77,78,79,80,81,82,83,84,85,86,87,88,89,90,118,119,120,121,122,123,124,125,126,127,128,129,130,131,132,133,134,135,165,166,167,168,169,170,171,172,173,174,175,176,177,178,179,180,210,211,212,213,214,215,216,217,218,219,220,221,222,223,224,225,257,258,259,260,261,262,263,264,265,266,267,268,269,270,302,303,304,305,306,307,308,309,310,311,312,313,314,315,346,347,348,349,350,351,352,353,354,355,356,357,358,359,360,379,380,381,391,392,393,394,395,396,397,398,399,400,401,402,403,404,405,424,425,426,427,436,437,438,439,440,441,442,443,444,445,446,447,448,449,450,469,470,482,483,484,485,486,487,488,489,490,491,492,493,494,495,513,514,515,527,528,529,530,531,532,533,534,535,536,537,538,539,540,558,573,574,575,576,577,578,579,580,581,582,583,584,585,617,618,619,620,621,622,623,624,625,626,627,628,629,630,663,664,665,666,667,668,669,670,671,672,673,674,675,708,709,710,711,712,713,714,715,716,717,718,719,720,754,755,756,757,758,759,760,761,762,763,764,765,800,801,802,803,804,805,806,807,808,809,810,845,846,847,848,849,850,851,852,853,854,855,889,890,891,892,893,894,895,896,897,898,899,900,934,935,936,937,938,939,940,941,942,943,944,945,978,979,980,981,982,983,984,985,986,987,988,989,990,1024,1025,1026,1027,1028,1029,1030,1031,1032,1033,1034,1035,1062,1068,1069,1070,1071,1072,1073,1074,1075,1076,1077,1078,1079,1080,1107,1113,1114,1115,1119,1120,1121,1122,1123,1124,1125,1160,1165,1166,1167,1168,1169,1170,1209,1210,1211,1212,1213,1214,1215,1255,1256,1257,1258,1259,1260,1301,1302,1303,1304,1305,1347,1348,1349,1350
126,126,421
22,25,26,27,28,29,30,31,32,33,34,35,36,37,38,39,40,41,42,43,44,45,69,71,72,73,74,75,76,77,78,79,80,81,82,83,84,85,86,87,88,89,90,113,114,115,116,117,118,119,120,121,122,123,124,125,126,127,128,129,130,131,132,133,134,135,162,163,164,165,166,167,168,169,170,171,172,173,174,175,176,177,178,179,180,208,209,210,211,212,213,214,215,216,217,218,219,220,221,222,223,224,225,254,255,256,257,258,259,260,261,262,263,264,265,266,267,268,269,270,301,302,303,304,305,306,307,308,309,310,311,312,313,314,315,343,344,345,346,347,348,349,350,351,352,353,354,355,356,357,358,359,360,381,388,393,394,395,396,397,398,399,400,401,402,403,404,405,426,435,437,438,439,440,441,442,443,444,445,446,447,448,449,450,478,479,480,481,482,483,484,485,486,487,488,489,490,491,492,493,494,495,526,527,528,529,530,531,532,533,534,535,536,537,538,539,540,571,572,573,574,575,576,577,578,579,580,581,582,583,584,585,616,617,618,619,620,621,622,623,624,625,626,627,628,629,630,662,663,664,665,666,667,668,669,670,671,672,673,674,675,707,708,709,710,711,712,713,714,715,716,717,718,719,720,753,754,755,756,757,758,759,760,761,762,763,764,765,799,800,801,802,803,804,805,806,807,808,809,810,845,846,847,848,849,850,851,852,853,854,855,890,891,892,893,894,895,896,897,898,899,900,934,935,936,937,938,939,940,941,942,943,944,945,979,980,981,982,983,984,985,986,987,988,989,990,1023,1024,1025,1026,1027,1028,1029,1030,1031,1032,1033,1034,1035,1068,1069,1070,1071,1072,1073,1074,1075,1076,1077,1078,1079,1080,1113,1114,1115,1116,1117,1118,1119,1120,1121,1122,1123,1124,1125,1160,1161,1164,1165,1166,1167,1168,1169,1170,1205,1208,1209,1210,1211,1212,1213,1214,1215,1254,1255,1256,1257,1258,1259,1260,1300,1301,1302,1303,1304,1305,1346,1347,1348,1349,1350
129,129,477
20,21,22,23,24,25,26,27,28,29,30,31,32,33,34,35,36,37,38,65,66,67,68,69,70,71,72,73,74,75,76,77,78,79,80,81,82,83,111,112,113,114,115,116,117,118,119,120,121,122,123,124,125,126,127,128,129,155,156,157,158,159,160,161,162,163,164,165,166,167,168,169,170,174,175,200,202,203,204,205,206,207,208,209,210,211,212,213,220,245,250,252,253,254,255,256,257,258,259,260,289,292,293,294,296,297,298,299,300,301,302,304,305,334,338,339,340,341,342,343,344,345,346,347,378,379,380,381,384,385,386,387,388,389,390,391,392,397,398,423,424,425,426,427,428,429,430,431,432,433,434,435,436,437,438,469,470,471,472,476,477,478,479,480,481,482,483,484,513,514,515,516,520,521,522,523,524,525,526,527,528,529,530,531,534,558,559,560,566,567,568,569,570,571,572,573,574,575,576,577,578,612,613,614,615,616,617,618,619,620,621,622,623,624,654,655,657,658,659,660,661,662,663,664,665,666,667,668,669,670,671,672,701,702,703,704,705,706,707,708,709,710,711,712,713,714,715,716,717,748,749,750,751,752,753,754,755,756,757,758,759,760,761,762,763,792,793,794,795,796,797,798,799,800,801,802,803,804,805,806,807,808,809,810,838,840,841,842,843,844,845,846,847,848,849,850,851,852,853,854,855,885,886,887,888,889,890,891,892,893,894,895,896,897,898,899,900,930,931,932,933,934,935,936,937,938,939,940,941,942,943,944,945,974,975,976,977,978,979,980,981,982,983,984,985,986,987,988,989,990,1017,1018,1019,1020,1021,1022,1023,1024,1025,1026,1027,1028,1029,1030,1031,1032,1033,1034,1035,1062,1063,1064,1065,1066,1067,1068,1069,1070,1071,1072,1073,1074,1075,1076,1077,1078,1079,1080,1107,1108,1110,1111,1112,1113,1114,1115,1116,1117,1118,1119,1120,1121,1122,1123,1124,1125,1156,1157,1158,1159,1160,1161,1162,1163,1164,1165,1166,1167,1168,1169,1170,1200,1202,1203,1204,1205,1206,1207,1208,1209,1210,1211,1212,1213,1214,1215,1247,1248,1249,1250,1251,1252,1253,1254,1255,1256,1257,1258,1259,1260,1292,1293,1294,1295,1296,1297,1298,1299,1300,1301,1302,1303,1304,1305,1338,1339,1340,1341,1342,1343,1344,1345,1346,1347,1348,1349,1350
130,130,505
7,10,11,13,14,15,16,17,18,19,20,21,22,23,24,54,56,57,58,60,61,62,63,64,65,66,67,68,69,70,99,100,101,102,103,104,105,106,107,108,109,110,111,112,113,114,115,144,145,146,147,148,149,150,151,152,153,154,155,156,157,158,159,190,194,195,196,197,198,199,200,201,202,203,236,239,240,241,242,243,244,245,246,247,248,280,281,285,286,287,288,289,290,291,292,293,294,295,296,297,298,325,326,330,331,332,333,334,335,336,337,338,339,340,341,342,343,344,375,376,377,378,379,380,381,382,383,384,385,386,387,388,389,390,421,422,423,424,425,426,427,428,429,430,431,432,433,434,435,463,466,467,468,469,470,471,472,473,474,475,476,477,478,479,480,481,510,511,512,513,514,515,516,517,518,519,520,521,522,523,524,525,526,527,555,556,557,558,559,560,561,562,563,564,565,566,567,568,569,570,571,572,574,599,600,601,602,603,604,605,606,607,608,609,610,611,612,613,614,615,616,617,618,645,646,647,649,650,651,652,653,654,655,656,657,658,659,660,661,662,663,664,689,690,691,692,693,694,695,696,697,698,699,700,701,702,703,704,705,706,707,708,709,733,734,735,736,737,738,739,740,741,742,743,744,745,746,747,748,749,750,751,752,753,754,755,778,779,780,781,782,784,785,786,787,788,789,790,791,792,793,794,795,796,797,798,799,800,801,823,824,827,831,834,835,836,837,838,839,840,841,842,843,844,845,846,847,848,868,869,876,877,878,879,880,881,882,883,884,885,886,887,888,889,890,891,892,893,894,895,897,921,922,923,924,925,928,929,930,931,932,933,934,935,936,937,938,939,940,956,968,969,970,973,974,975,976,977,978,979,980,981,982,983,984,1012,1013,1014,1015,1016,1017,1018,1019,1020,1021,1022,1023,1024,1025,1026,1027,1028,1029,1058,1059,1060,1061,1062,1063,1064,1065,1066,1067,1068,1069,1070,1071,1072,1073,1074,1102,1103,1104,1105,1106,1107,1108,1109,1110,1111,1112,1113,1114,1115,1116,1117,1118,1119,1120,1121,1122,1147,1148,1149,1150,1151,1152,1153,1154,1155,1156,1157,1158,1159,1160,1161,1162,1163,1164,1165,1194,1195,1196,1197,1198,1200,1201,1202,1203,1204,1205,1206,1208,1209,1210,1211,1240,1241,1244,1245,1246,1247,1248,1249,1250,1253,1254,1287,1288,1289,1290,1291,1292,1293,1294,1298,1332,1333,1334,1335,1336,1337,1338,1339,1343
31,31,428
6,7,8,9,10,11,12,13,52,53,54,55,56,57,58,91,92,93,97,98,99,100,101,102,103,104,136,138,139,142,143,144,145,146,147,148,149,183,184,185,186,187,188,189,190,191,192,193,194,228,231,232,233,234,235,236,237,238,239,240,241,273,274,275,276,277,278,279,280,281,282,283,284,285,286,289,316,318,319,320,321,322,323,324,325,326,327,328,331,332,333,334,363,364,365,366,367,368,369,370,371,372,373,374,375,376,377,378,379,380,381,408,409,410,411,412,413,414,415,416,417,418,419,420,421,422,423,424,425,426,455,456,457,458,459,460,461,465,466,467,468,469,470,498,500,501,502,503,504,505,506,510,511,512,513,514,547,548,549,550,551,552,553,554,555,556,557,558,559,560,592,593,594,595,596,597,598,599,600,601,602,603,604,605,606,638,639,642,643,644,645,646,647,648,649,650,651,652,681,684,687,688,689,690,691,692,693,694,695,696,731,732,733,734,735,736,737,738,739,740,741,742,773,774,775,776,777,778,779,780,781,782,783,784,785,786,787,788,816,817,818,819,820,821,822,823,824,825,826,827,828,829,830,831,832,861,863,864,865,866,867,868,869,870,871,872,873,874,875,876,877,880,908,910,911,912,913,914,915,916,917,918,919,920,921,922,923,924,925,955,956,957,958,959,960,961,962,963,964,965,966,967,968,1000,1001,1002,1003,1004,1005,1006,1007,1008,1009,1010,1011,1012,1013,1014,1016,1017,1018,1020,1045,1046,1047,1048,1049,1050,1051,1052,1053,1054,1055,1056,1057,1058,1059,1060,1061,1062,1063,1064,1090,1091,1092,1093,1094,1095,1096,1097,1098,1100,1101,1102,1103,1104,1105,1106,1107,1108,1109,1136,1137,1138,1139,1140,1141,1144,1145,1146,1147,1148,1149,1150,1151,1152,1153,1154,1183,1184,1185,1187,1189,1190,1191,1192,1193,1194,1195,1196,1197,1198,1199,1200,1223,1227,1228,1229,1230,1232,1235,1236,1237,1238,1239,1240,1242,1243,1268,1272,1273,1274,1275,1276,1277,1278,1279,1280,1281,1282,1283,1320,1322,1323,1324,1325,1326,1327
60,60,341
46,91,92,93,136,137,138,139,181,182,183,184,185,226,227,228,229,231,271,272,273,274,275,276,278,279,280,316,317,318,319,320,321,322,323,324,325,326,361,362,363,364,365,366,367,368,369,370,371,406,407,408,409,410,411,412,413,414,415,451,452,453,454,455,456,457,458,459,460,496,497,498,499,500,501,502,503,504,541,542,543,544,545,546,547,548,549,586,587,588,589,590,591,592,593,597,631,632,633,634,635,636,637,638,643,644,676,677,678,679,680,681,682,683,687,688,689,690,721,722,725,726,727,728,729,730,731,732,733,734,735,736,766,769,770,771,772,773,774,775,776,777,778,779,780,781,811,815,816,817,818,819,820,821,822,823,824,825,826,827,857,858,859,860,861,862,863,864,865,866,867,868,869,870,871,872,873,901,902,903,904,905,906,907,908,909,910,911,912,913,914,915,916,917,946,947,948,949,950,951,952,953,954,955,956,957,958,959,960,961,962,963,991,992,993,994,995,996,997,998,999,1000,1001,1002,1003,1004,1005,1006,1007,1008,1009,1036,1037,1038,1039,1040,1041,1042,1043,1044,1045,1046,1047,1048,1049,1050,1051,1052,1053,1081,1082,1083,1084,1085,1086,1087,1088,1089,1090,1091,1092,1093,1094,1095,1096,1097,1099,1126,1127,1128,1129,1130,1131,1132,1133,1134,1135,1136,1137,1138,1139,1140,1141,1171,1172,1173,1174,1175,1176,1177,1178,1179,1180,1181,1182,1183,1184,1185,1216,1217,1218,1219,1220,1221,1222,1223,1224,1225,1226,1227,1228,1229,1230,1261,1262,1263,1264,1265,1266,1267,1268,1269,1270,1271,1272,1273,1274,1275,1306,1307,1308,1309,1310,1311,1312,1313,1314,1315,1316,1317,1318
20,20,322
56,58,67,101,102,103,112,136,137,139,144,145,146,147,148,156,181,182,183,187,226,228,237,244,245,246,271,272,273,274,276,281,289,290,291,292,316,317,319,320,321,322,325,326,333,334,335,361,362,367,368,370,377,378,379,380,381,406,407,414,415,422,423,424,425,426,451,452,453,460,465,468,469,470,471,496,497,498,499,504,512,513,514,541,542,543,544,549,555,557,558,559,560,586,587,588,589,599,601,602,603,604,631,632,633,634,646,647,676,677,689,690,691,692,693,721,722,723,724,732,733,734,735,736,737,738,766,767,768,769,776,777,778,779,780,781,782,811,812,813,814,815,816,817,821,822,823,824,825,826,827,856,857,858,859,860,861,862,863,866,867,868,869,871,872,898,899,900,901,902,903,904,905,906,907,908,909,910,911,912,913,914,915,942,943,944,945,946,947,948,949,950,951,952,953,954,955,956,957,958,989,990,991,992,993,994,995,996,997,998,999,1000,1001,1002,1003,1006,1026,1027,1028,1034,1035,1036,1037,1038,1039,1040,1041,1042,1043,1044,1045,1046,1047,1048,1049,1050,1062,1071,1072,1073,1081,1082,1083,1084,1085,1086,1087,1088,1089,1090,1091,1092,1093,1094,1106,1107,1108,1126,1127,1128,1129,1130,1131,1132,1133,1134,1135,1136,1137,1138,1139,1160,1171,1172,1173,1174,1175,1176,1177,1178,1179,1180,1181,1182,1205,1216,1217,1218,1219,1220,1221,1222,1223,1224,1225,1226,1227,1261,1262,1263,1264,1265,1266,1267,1268,1269,1270,1271,1272,1273,1306,1307,1308,1309,1310,1311,1312,1313,1314,1315,1316,1317
76,76,331
11,12,21,22,56,57,58,67,92,101,102,103,104,111,112,137,138,139,143,144,145,146,147,148,155,156,157,181,182,183,184,188,189,190,191,192,200,201,227,228,229,231,235,236,237,244,245,246,247,273,274,276,278,280,281,288,289,290,291,292,316,318,319,320,321,322,324,325,326,333,334,335,336,337,361,362,367,368,369,370,371,376,377,378,379,380,381,382,383,410,414,415,421,422,423,424,425,426,457,458,459,460,466,467,468,469,470,471,496,504,512,513,514,515,516,517,554,555,556,557,558,559,560,561,562,599,600,601,602,603,604,605,606,632,643,644,645,646,647,648,649,650,687,688,689,690,691,692,693,694,695,726,732,733,734,735,736,737,738,739,740,741,776,777,778,779,780,781,782,783,784,816,821,822,823,824,825,826,827,845,846,855,861,866,867,868,869,870,871,872,890,892,895,897,898,899,900,905,906,910,911,912,913,914,916,917,935,936,937,939,940,942,943,944,945,949,950,955,956,957,958,960,961,962,980,981,982,989,990,995,999,1000,1001,1002,1003,1006,1017,1023,1024,1025,1026,1027,1028,1034,1035,1036,1037,1038,1039,1040,1045,1046,1047,1048,1049,1050,1061,1062,1068,1069,1070,1071,1072,1073,1081,1082,1083,1084,1090,1091,1092,1093,1094,1095,1106,1107,1108,1113,1114,1115,1116,1117,1118,1125,1126,1135,1136,1137,1138,1139,1140,1159,1160,1165,1166,1167,1170,1171,1172,1179,1180,1182,1183,1184,1204,1205,1209,1210,1211,1216,1217,1218,1223,1224,1225,1226,1227,1228,1261,1262,1268,1269,1270,1271,1306,1307,1308,1312,1313,1314,1315
125,125,308
11,12,13,22,56,57,58,67,92,100,101,102,103,111,112,136,137,138,143,145,146,147,148,155,156,157,182,183,184,186,187,188,190,191,192,193,200,226,227,228,230,231,235,237,244,245,246,271,273,274,276,277,278,279,280,281,286,288,289,290,291,292,293,317,319,320,321,322,323,324,325,326,332,333,334,335,336,337,361,364,367,368,369,370,376,377,378,379,380,381,382,383,388,413,414,415,420,421,422,423,424,425,426,427,428,429,432,458,459,460,466,467,468,469,470,471,472,473,474,504,511,512,513,514,515,517,518,548,554,555,557,558,559,560,561,562,599,601,602,603,604,606,644,645,646,647,648,649,650,651,655,688,689,690,691,692,693,694,695,696,732,733,734,735,736,737,738,739,740,741,755,777,778,779,780,781,782,783,784,791,821,822,823,824,825,826,827,828,849,853,855,861,866,867,868,869,870,871,872,891,892,893,894,897,898,899,900,905,910,911,912,913,914,916,917,934,937,939,940,942,943,944,945,955,956,957,958,959,960,961,981,982,988,989,990,993,1000,1001,1002,1003,1004,1017,1024,1025,1026,1027,1028,1029,1033,1034,1035,1038,1045,1046,1047,1048,1049,1050,1061,1062,1068,1069,1070,1071,1072,1073,1090,1091,1092,1093,1094,1105,1106,1107,1108,1113,1114,1115,1116,1117,1118,1122,1125,1135,1137,1159,1160,1161,1164,1165,1166,1167,1170,1180,1182,1203,1204,1205,1209,1210,1211,1223,1224,1225,1268,1269,1270,1313
78,78,304
11,12,13,21,22,56,57,58,67,100,101,102,103,110,111,112,136,137,138,143,144,145,146,147,148,155,156,157,182,183,184,186,188,189,190,191,192,200,201,226,227,228,229,231,235,236,243,244,245,246,247,273,274,276,278,280,281,288,289,290,291,292,293,318,319,320,321,322,324,325,326,332,333,334,335,336,337,361,362,363,367,368,369,370,376,377,378,379,380,381,382,383,388,410,413,414,415,421,422,423,424,425,426,457,458,459,460,466,467,468,469,470,471,472,503,504,510,512,513,514,515,516,517,549,554,555,557,558,559,560,561,562,598,599,600,602,603,604,606,643,644,645,646,647,648,649,650,651,688,689,690,691,692,694,695,696,701,732,733,734,735,736,737,738,739,740,741,746,776,777,778,779,780,781,782,783,784,785,791,792,816,821,822,823,824,825,826,827,853,854,855,861,866,867,868,869,870,871,872,895,897,898,899,900,910,911,912,913,914,916,917,935,937,938,939,940,942,943,944,945,955,956,957,958,960,961,962,981,982,983,989,990,1000,1001,1002,1003,1006,1017,1023,1024,1025,1026,1027,1028,1029,1034,1035,1045,1046,1047,1048,1049,1050,1061,1062,1063,1068,1069,1070,1071,1072,1073,1079,1090,1091,1092,1093,1094,1106,1107,1113,1114,1115,1116,1117,1118,1123,1125,1135,1136,1139,1159,1160,1161,1162,1164,1165,1166,1167,1170,1204,1205,1209,1210,1211,1223,1224,1227,1268,1269,1272,1313,1314,1315
127,127,270
10,11,12,20,22,38,56,57,58,67,92,101,102,103,104,105,110,111,112,137,138,139,143,144,145,146,147,148,155,156,157,182,183,184,185,187,188,192,200,228,229,230,231,244,245,274,275,276,277,279,280,281,288,289,290,291,292,316,319,320,321,322,323,326,331,332,333,334,335,336,337,367,368,369,376,377,378,379,380,381,382,383,388,413,414,415,420,421,422,423,424,425,426,429,430,458,459,460,465,466,467,468,469,470,471,472,504,512,513,514,515,516,517,557,558,559,561,562,563,599,602,603,604,606,607,643,644,646,647,648,649,650,651,688,689,690,691,692,693,694,695,696,732,733,734,735,736,738,739,740,741,745,747,776,777,778,779,780,781,782,783,784,785,791,792,795,821,822,823,824,825,826,827,854,855,861,866,867,868,869,871,872,892,893,894,897,898,899,900,905,910,911,912,913,914,939,940,942,943,944,945,955,956,957,958,961,981,983,988,989,990,1000,1001,1002,1003,1007,1025,1026,1027,1028,1029,1033,1034,1035,1044,1045,1046,1048,1061,1062,1068,1070,1071,1072,1073,1090,1091,1092,1093,1094,1106,1107,1108,1114,1115,1116,1117,1118,1123,1125,1135,1136,1159,1160,1161,1165,1166,1167,1170,1203,1204,1205,1209,1210,1211,1223,1224,1268,1269,1314
27,27,257
20,91,92,93,110,136,137,138,143,144,145,146,154,155,156,181,182,183,187,188,189,190,191,192,198,199,200,201,202,226,227,228,229,230,232,233,234,235,236,237,244,245,246,247,271,272,273,274,275,276,277,279,280,281,290,291,292,324,325,326,333,334,335,336,337,369,370,376,377,378,379,380,381,382,414,415,421,422,423,424,425,426,468,469,470,472,513,514,518,556,558,561,562,608,609,649,650,651,652,655,693,694,695,696,697,698,733,734,737,738,739,740,741,742,745,746,778,779,780,781,782,783,784,785,786,787,789,790,791,792,793,816,824,825,826,827,828,835,836,837,838,846,860,861,868,869,871,872,895,896,897,898,899,900,906,910,911,912,913,914,916,917,935,936,937,938,939,940,942,943,944,945,955,956,957,958,979,980,981,982,983,988,989,990,999,1000,1001,1002,1003,1024,1025,1026,1027,1028,1029,1033,1034,1035,1044,1045,1046,1047,1048,1061,1062,1063,1068,1069,1070,1071,1072,1073,1078,1079,1090,1091,1092,1106,1107,1113,1114,1115,1116,1117,1118,1119,1122,1123,1124,1125,1159,1160,1161,1162,1164,1165,1166,1167,1169,1170,1204,1205,1208,1209,1210,1211,1215,1223,1224,1227,1235,1238,1253,1268,1269,1280,1313
100,100,256
20,92,93,110,136,137,138,143,144,145,146,147,148,154,155,156,157,181,182,187,188,189,190,191,192,198,199,200,201,202,226,227,228,229,230,232,233,234,235,236,244,245,246,247,271,272,273,274,275,276,277,279,280,281,289,290,291,292,316,317,318,319,321,322,324,325,326,333,334,335,336,337,369,370,377,378,379,380,381,382,413,414,415,421,422,423,424,425,426,458,460,466,467,468,469,470,471,472,513,514,515,518,557,558,559,561,562,603,607,648,649,650,651,688,689,690,692,693,694,695,696,697,733,734,735,736,737,738,739,740,741,742,746,747,777,778,779,780,781,782,783,784,785,789,790,791,793,822,824,825,826,827,836,837,839,854,855,860,861,866,867,868,872,894,896,897,898,899,900,910,911,912,913,937,938,939,940,942,943,944,945,955,956,957,958,980,981,982,983,984,987,988,989,990,1000,1001,1002,1017,1024,1025,1026,1027,1028,1029,1033,1034,1035,1045,1046,1047,1061,1062,1068,1070,1071,1072,1073,1074,1078,1079,1090,1091,1093,1106,1107,1113,1114,1115,1116,1117,1118,1120,1121,1122,1123,1124,1125,1159,1160,1161,1162,1164,1165,1166,1167,1170,1204,1205,1209,1210,1211,1215,1223,1224,1268,1269
7,7,254
92,93,98,110,137,143,144,145,146,154,155,156,157,181,182,186,187,188,189,190,191,192,198,199,200,201,202,226,227,228,229,230,232,233,234,235,236,244,245,246,247,271,272,273,274,275,276,277,280,281,290,291,292,316,317,318,319,320,321,322,324,325,326,333,334,335,336,337,368,370,377,378,379,380,381,382,413,414,415,422,423,424,425,426,427,458,459,460,468,469,470,471,472,473,511,513,514,515,517,558,562,564,649,650,651,693,694,695,696,697,698,733,734,737,738,739,740,741,742,743,746,779,780,781,782,783,784,785,786,789,790,791,792,793,824,825,826,827,828,835,836,837,853,854,855,860,861,868,869,872,883,895,897,898,899,900,904,906,910,911,912,913,917,918,935,936,937,938,939,940,942,943,944,945,955,956,957,958,979,980,981,982,983,984,988,989,990,1000,1001,1002,1003,1018,1025,1026,1027,1028,1029,1033,1034,1035,1044,1045,1046,1047,1061,1062,1063,1068,1069,1070,1071,1072,1073,1074,1078,1080,1090,1091,1106,1107,1112,1113,1114,1115,1116,1117,1118,1119,1122,1123,1124,1125,1159,1160,1161,1162,1165,1166,1167,1168,1169,1170,1204,1205,1209,1210,1211,1215,1223,1224,1227,1253,1268,1269
57,57,262
92,93,110,111,136,137,143,144,146,152,154,155,156,157,164,181,186,187,188,189,190,191,192,198,199,200,201,202,226,227,228,229,230,231,232,233,234,235,236,242,244,245,246,247,271,272,273,274,275,276,277,278,279,280,281,289,290,291,292,316,317,318,319,320,321,322,324,325,326,333,334,335,336,337,362,363,368,369,370,376,377,378,379,380,381,382,412,413,414,415,421,422,423,424,425,426,427,428,458,459,466,467,468,469,470,472,474,475,513,514,515,519,557,558,559,561,562,563,564,601,603,604,646,648,649,650,651,689,690,692,693,694,695,696,697,733,734,738,739,740,741,742,747,776,778,779,780,781,782,783,784,785,789,790,791,793,826,827,836,837,838,854,855,860,861,865,894,895,896,897,898,899,900,910,911,912,913,914,937,938,939,940,942,943,944,945,955,956,957,958,959,980,981,982,983,984,988,989,990,1000,1001,1002,1003,1017,1024,1025,1026,1027,1028,1029,1033,1034,1035,1044,1045,1046,1047,1061,1062,1063,1070,1071,1072,1073,1078,1080,1090,1091,1093,1106,1107,1113,1114,1115,1116,1117,1118,1119,1122,1123,1124,1125,1159,1160,1161,1165,1166,1167,1170,1204,1205,1208,1209,1210,1211,1215,1223,1224,1237,1253,1268,1269
20,20,254
74,91,92,110,136,143,144,145,146,154,155,156,164,181,186,187,188,189,190,191,192,198,199,200,201,202,210,226,227,228,229,230,231,232,233,234,235,236,243,244,245,246,247,271,272,273,274,275,276,277,280,281,290,291,316,317,318,319,320,321,322,324,325,333,334,335,336,337,361,362,363,364,368,369,370,377,378,379,380,381,382,408,413,414,415,421,422,423,424,425,426,427,458,459,460,467,468,469,470,471,472,474,475,513,514,515,519,558,562,563,610,649,650,651,693,694,695,696,738,739,740,741,742,743,747,780,781,782,783,784,789,791,793,794,815,816,824,827,828,835,836,837,838,854,855,860,861,868,871,895,897,898,899,900,904,906,910,911,912,913,918,935,936,937,938,939,940,942,943,944,945,955,956,957,973,980,981,982,983,984,988,989,990,999,1000,1001,1002,1024,1025,1026,1027,1028,1029,1033,1034,1035,1044,1045,1046,1047,1048,1061,1062,1063,1068,1069,1070,1071,1072,1073,1074,1078,1079,1090,1091,1106,1107,1113,1114,1115,1116,1117,1118,1119,1121,1122,1123,1124,1125,1158,1159,1160,1161,1162,1165,1166,1167,1169,1170,1192,1204,1205,1208,1209,1210,1211,1215,1223,1224,1227,1253,1268,1269,1281
27,27,262
11,22,56,91,101,110,143,144,145,146,147,154,155,156,163,164,181,186,187,188,189,190,191,192,198,199,200,201,202,227,228,229,230,231,232,233,234,235,236,237,244,245,246,247,271,272,273,274,275,276,277,278,279,280,281,289,290,291,292,316,317,318,319,320,321,322,324,325,333,334,335,336,337,361,362,363,364,369,370,376,377,378,379,380,381,382,413,414,415,421,422,423,424,425,426,427,428,458,459,466,467,468,469,470,471,472,473,475,503,504,513,514,515,557,558,559,562,563,599,601,602,603,644,647,648,649,650,651,687,689,691,692,693,694,695,696,733,738,739,740,741,742,743,779,780,781,782,783,784,789,790,792,816,837,838,855,860,861,865,894,895,896,897,898,899,900,904,910,911,912,913,914,937,938,939,940,942,943,944,945,955,956,957,958,980,981,982,983,984,988,989,990,1000,1001,1002,1003,1024,1025,1026,1027,1028,1029,1033,1034,1035,1044,1045,1046,1047,1048,1061,1062,1063,1070,1071,1072,1073,1074,1078,1080,1090,1091,1093,1106,1107,1113,1114,1115,1116,1117,1118,1119,1122,1123,1124,1125,1135,1159,1160,1161,1162,1164,1165,1166,1167,1168,1169,1170,1191,1192,1204,1205,1208,1209,1210,1211,1215,1223,1224,1268,1269,1306
110,110,254
11,23,91,92,143,144,145,146,154,155,156,163,164,186,187,188,189,190,191,192,198,199,200,201,202,223,226,227,228,229,230,231,232,233,234,235,236,243,244,245,246,247,271,272,273,274,275,276,277,279,280,281,290,291,292,316,317,318,319,320,321,322,324,325,333,334,335,336,337,361,362,363,364,369,370,377,378,379,380,381,382,408,409,412,413,414,415,421,422,423,424,425,426,427,428,457,458,459,466,467,468,469,470,471,472,474,475,503,504,511,513,514,515,556,558,562,563,649,650,651,653,693,694,695,696,738,739,740,741,742,771,780,782,783,784,790,816,826,827,828,835,836,837,838,854,855,860,861,865,895,897,898,899,900,904,910,911,912,935,936,937,938,939,940,942,943,944,945,955,956,957,958,979,980,981,982,983,987,988,989,990,999,1000,1001,1002,1003,1025,1026,1027,1028,1029,1033,1034,1035,1044,1045,1046,1047,1048,1062,1068,1069,1070,1071,1072,1073,1074,1078,1080,1090,1091,1092,1093,1106,1107,1112,1113,1114,1115,1116,1117,1118,1119,1122,1123,1124,1125,1159,1160,1161,1162,1164,1165,1166,1167,1168,1169,1170,1191,1192,1204,1205,1208,1209,1210,1211,1215,1223,1224,1227,1253,1268,1269,1281
106,106,253
11,78,91,110,136,143,144,145,146,147,154,155,156,163,164,181,187,188,189,190,191,192,198,199,200,201,202,226,227,228,230,231,232,233,234,235,236,243,244,245,246,247,271,272,273,274,275,276,277,278,279,280,281,289,290,291,292,293,316,317,318,319,320,321,322,324,325,332,333,334,335,336,337,338,361,362,363,364,369,370,376,377,378,379,380,381,382,413,414,415,420,421,422,423,424,425,426,427,458,459,460,466,467,468,469,470,471,472,473,503,504,511,513,514,515,557,558,559,562,601,603,604,607,608,648,649,650,651,689,690,691,692,693,694,695,696,738,739,740,741,782,783,784,790,816,829,836,853,855,860,861,894,895,897,898,899,900,910,911,912,913,918,936,937,938,939,940,942,943,944,945,955,956,957,958,980,981,982,983,987,988,989,990,1000,1001,1002,1011,1016,1025,1026,1027,1028,1029,1033,1034,1035,1044,1045,1046,1047,1048,1061,1062,1069,1070,1071,1072,1073,1074,1078,1090,1091,1106,1113,1114,1115,1116,1117,1118,1119,1121,1122,1123,1124,1125,1135,1143,1147,1159,1160,1161,1162,1164,1165,1166,1167,1169,1170,1188,1192,1204,1205,1208,1209,1210,1211,1215,1223,1224,1268,1269,1306,1314
96,96,227
21,22,30,91,111,112,136,143,144,145,146,147,148,155,156,157,162,163,164,181,186,187,188,189,190,191,192,198,199,200,201,202,222,226,227,230,232,233,234,235,236,242,243,244,245,246,247,271,272,273,274,275,276,277,278,279,280,281,290,291,292,316,317,318,319,320,321,322,323,324,325,334,335,336,337,361,362,363,368,369,370,377,378,379,380,381,382,407,412,413,414,415,421,422,423,424,425,426,427,428,457,458,466,467,468,469,470,472,503,513,514,515,558,559,561,562,649,650,651,652,653,654,694,698,701,702,738,739,740,741,742,775,782,783,784,816,828,854,855,860,861,865,894,895,897,898,899,900,910,911,913,937,938,939,940,942,943,944,945,955,956,957,958,980,981,982,983,984,987,988,989,990,1000,1001,1002,1003,1025,1026,1027,1028,1029,1033,1034,1035,1045,1046,1047,1048,1062,1068,1069,1070,1071,1072,1073,1074,1078,1090,1091,1092,1115,1116,1117,1118,1122,1123,1124,1125,1146,1147,1158,1159,1160,1161,1166,1167,1168,1169,1170,1192,1205,1209,1210,1215,1223,1253,1268
93,93,212
10,16,17,21,22,23,30,31,32,55,56,66,67,78,91,98,99,112,120,121,143,144,187,188,189,190,191,192,197,198,200,222,223,226,227,230,232,233,234,235,236,237,242,243,244,245,271,272,273,274,275,276,277,278,279,280,281,287,288,289,316,317,318,319,320,321,322,323,324,325,332,333,361,362,363,366,367,368,370,376,377,378,379,406,407,411,412,413,414,415,420,421,422,423,424,451,452,456,457,458,459,460,465,500,501,502,503,514,515,648,651,694,697,737,739,740,784,785,816,851,852,853,855,861,866,892,894,895,897,898,899,900,910,911,912,920,936,937,938,939,940,941,942,943,944,945,955,956,972,981,982,983,984,987,988,989,990,1000,1001,1016,1019,1025,1026,1027,1028,1029,1033,1034,1035,1045,1046,1062,1070,1071,1072,1073,1074,1079,1080,1090,1091,1113,1114,1115,1116,1117,1118,1122,1123,1124,1125,1135,1147,1160,1161,1162,1166,1167,1168,1169,1170,1191,1192,1208,1209,1210,1215,1236,1237,1253,1254,1280
93,93,226
21,22,23,30,31,32,66,67,78,91,98,99,112,113,121,122,143,144,157,164,188,189,190,191,192,197,198,200,201,202,222,223,227,230,232,233,234,235,236,237,242,243,244,245,246,271,272,273,274,275,276,277,278,279,280,281,287,288,289,290,291,316,317,318,319,321,322,323,324,325,326,332,333,361,362,363,366,367,369,370,376,377,378,379,382,406,407,408,411,412,413,414,415,420,421,422,423,424,425,451,455,456,457,458,459,460,465,467,468,469,472,496,500,501,502,503,513,514,515,547,649,693,694,698,739,740,784,816,851,852,853,855,861,893,894,895,897,898,899,900,910,911,912,937,938,939,940,942,943,944,945,955,956,980,981,982,983,984,987,988,989,990,1000,1001,1003,1017,1018,1025,1026,1027,1028,1029,1033,1034,1035,1044,1045,1046,1047,1060,1062,1068,1069,1070,1071,1072,1073,1074,1078,1080,1090,1091,1114,1115,1116,1117,1118,1122,1123,1124,1125,1135,1147,1159,1160,1161,1162,1166,1167,1168,1169,1170,1191,1192,1208,1209,1210,1211,1212,1215,1223,1236,1237,1252,1253,1254
106,106,224
10,20,21,28,32,55,56,61,66,67,77,91,98,99,112,143,144,146,188,189,190,191,192,197,198,222,223,226,227,228,231,232,233,234,235,236,237,242,243,244,245,268,271,272,273,274,275,276,277,278,279,280,281,287,288,289,292,316,317,318,319,320,321,322,323,324,325,326,331,332,333,335,337,361,362,363,366,367,368,370,376,377,378,379,382,406,407,408,411,412,413,414,415,420,421,422,423,424,452,456,457,458,459,460,465,468,500,501,502,503,514,515,547,603,604,649,653,693,694,697,698,738,739,740,741,784,785,851,852,853,855,861,893,894,895,897,898,899,900,905,910,911,936,937,938,939,940,941,942,943,944,945,955,956,981,982,983,984,987,988,989,990,1000,1001,1016,1017,1019,1025,1026,1027,1028,1029,1033,1034,1035,1045,1046,1062,1070,1071,1072,1073,1074,1080,1090,1091,1102,1114,1115,1116,1117,1118,1119,1122,1123,1124,1125,1135,1146,1147,1148,1159,1160,1161,1162,1166,1167,1168,1169,1170,1191,1192,1206,1208,1209,1210,1211,1212,1215,1223,1236,1237,1253,1254
93,93,237
15,16,21,22,23,28,30,32,66,67,77,78,98,99,112,143,144,188,189,190,191,192,197,198,200,201,202,222,223,226,227,228,229,231,232,233,234,235,236,237,242,243,244,245,246,268,271,272,273,274,275,276,277,278,279,280,281,287,288,289,290,291,316,317,318,319,320,321,322,323,324,325,326,331,332,333,334,337,361,362,363,366,367,368,369,370,376,377,378,379,380,381,382,406,407,408,411,412,413,414,415,420,421,422,423,424,425,455,456,457,458,459,460,465,467,468,469,472,500,501,502,503,513,514,515,547,560,561,648,652,653,692,694,695,698,739,740,741,784,785,851,852,853,855,892,893,894,895,897,898,899,900,910,911,912,937,938,939,940,942,943,944,945,955,956,981,982,983,984,987,988,989,990,1000,1001,1016,1025,1026,1027,1028,1029,1033,1034,1035,1044,1045,1046,1060,1061,1062,1069,1070,1071,1072,1073,1074,1078,1080,1090,1091,1106,1113,1114,1115,1116,1117,1118,1119,1122,1123,1124,1125,1146,1147,1160,1161,1162,1166,1167,1168,1169,1170,1191,1192,1205,1208,1209,1210,1211,1212,1215,1223,1236,1237,1253,1254,1268
10,10,215
10,16,20,22,23,28,56,66,67,77,78,98,99,112,143,144,145,153,188,189,190,191,192,197,198,201,202,226,227,228,231,232,233,234,235,236,242,243,244,245,246,247,268,271,272,273,274,275,276,277,278,279,280,281,287,288,289,291,292,316,317,318,319,320,321,322,323,324,325,326,331,333,334,335,336,337,361,362,363,366,367,368,370,375,376,377,378,379,380,381,382,406,407,411,412,413,414,415,420,421,422,423,424,427,456,457,458,459,460,465,468,469,472,496,500,501,502,503,514,515,541,542,545,547,603,648,649,693,694,695,739,740,741,784,785,851,852,853,855,894,895,897,898,899,900,905,910,911,936,937,938,939,940,942,943,944,945,955,956,981,982,983,984,985,987,988,989,990,1000,1001,1016,1017,1025,1026,1027,1028,1029,1033,1034,1035,1045,1046,1068,1070,1071,1072,1073,1074,1090,1091,1114,1115,1116,1117,1118,1122,1123,1124,1125,1147,1160,1161,1166,1167,1168,1169,1170,1191,1209,1210,1211,1215,1237,1253,1254
94,94,235
20,21,22,32,66,67,77,78,98,99,112,143,144,145,146,147,153,157,188,189,190,191,192,197,198,200,201,202,222,226,227,228,230,231,232,233,234,235,236,243,245,246,247,268,271,272,273,274,275,276,277,278,279,280,281,287,288,289,290,291,292,316,317,318,319,320,321,322,323,324,325,326,331,333,336,337,361,362,363,364,365,366,367,368,369,370,375,376,377,378,379,381,382,406,407,408,411,412,413,414,415,421,422,423,424,425,455,456,457,458,459,460,464,465,467,468,469,472,500,501,502,503,504,513,514,515,516,541,542,547,560,648,650,652,653,692,693,694,695,696,698,699,739,740,741,742,784,851,852,853,855,893,894,895,897,898,899,900,910,936,937,938,939,940,942,943,944,945,955,956,981,982,983,984,985,987,988,989,990,1000,1001,1016,1025,1026,1027,1028,1029,1032,1033,1034,1035,1045,1046,1047,1069,1070,1071,1072,1073,1074,1078,1080,1090,1091,1112,1113,1114,1115,1116,1117,1118,1122,1123,1124,1125,1146,1147,1160,1161,1166,1167,1168,1169,1170,1191,1192,1205,1209,1210,1211,1212,1215,1223,1253,1254
94,94,231
10,16,20,21,22,55,56,66,67,77,78,98,99,108,112,143,144,153,188,189,190,191,192,197,198,201,202,222,226,227,228,231,232,233,234,235,236,242,243,244,245,246,247,271,272,273,274,275,276,277,278,279,280,281,287,288,289,290,291,292,316,317,318,319,320,321,322,323,324,325,326,331,333,334,335,336,337,361,362,363,364,366,367,368,369,370,375,376,377,378,379,380,381,382,406,407,408,411,412,413,414,415,421,422,423,424,425,427,456,457,458,459,460,465,468,469,500,501,502,503,504,509,511,513,514,515,541,542,547,561,603,648,649,650,652,693,694,695,697,698,699,738,739,740,741,784,785,851,852,853,855,893,894,895,897,898,899,900,910,911,912,936,937,938,939,940,942,943,944,945,955,956,981,982,983,984,985,987,988,989,990,1000,1001,1017,1025,1026,1027,1028,1029,1033,1034,1035,1045,1046,1068,1069,1070,1071,1072,1073,1074,1090,1091,1113,1114,1115,1116,1117,1118,1122,1123,1124,1125,1147,1159,1160,1161,1166,1167,1168,1169,1170,1205,1209,1210,1211,1212,1215,1223,1253,1254
94,94,237
10,20,21,22,28,56,66,67,77,78,98,99,100,101,103,110,112,143,144,153,155,188,189,190,191,192,197,198,199,200,201,202,222,226,227,228,230,231,232,233,234,235,236,242,243,244,245,246,247,268,271,272,273,274,275,276,277,278,279,280,281,288,289,290,291,292,316,317,318,319,320,321,322,323,324,325,326,333,335,336,337,361,362,363,364,365,366,367,368,369,370,376,377,378,379,380,381,382,406,407,408,411,412,413,414,415,420,421,422,423,424,425,451,455,456,457,458,459,460,464,465,467,468,469,500,501,502,503,510,511,513,514,516,517,541,542,544,547,603,604,647,648,649,650,652,653,692,694,695,696,698,699,739,740,741,742,744,784,851,852,853,855,893,894,895,897,898,899,900,911,937,938,939,940,942,943,944,945,955,956,981,982,983,984,985,987,988,989,990,1000,1001,1016,1025,1026,1027,1028,1029,1033,1034,1035,1045,1046,1069,1070,1071,1072,1073,1074,1078,1090,1091,1113,1114,1115,1116,1117,1118,1122,1123,1124,1125,1147,1160,1161,1166,1167,1168,1169,1170,1191,1209,1210,1212,1215,1223,1253,1254
