504,529
90,90,82
66,83,87,88,105,106,109,110,126,127,128,130,131,132,148,149,150,153,154,169,170,171,172,191,192,193,194,198,212,213,214,215,216,219,220,234,235,236,237,238,241,242,255,256,257,258,259,260,263,264,276,277,278,279,280,281,282,283,284,285,286,298,299,300,301,302,303,304,305,306,307,308,320,321,322,323,324,325,326,328,329,330
533,533,130
11,12,13,14,15,17,18,31,32,33,34,35,36,37,54,55,56,57,58,59,60,76,77,78,79,80,81,82,97,98,99,100,101,102,119,120,121,122,123,124,125,140,141,142,143,144,145,146,161,162,163,165,166,167,168,169,170,182,183,188,189,190,191,192,203,204,205,207,208,209,210,211,212,213,225,226,227,228,229,230,231,232,233,234,235,246,247,248,249,250,251,252,253,254,255,256,257,268,269,270,271,272,273,274,275,276,277,278,288,289,290,291,292,293,294,295,296,297,298,299,310,311,312,313,314,315,316,317,318,319
515,515,128
1,2,3,4,5,6,7,8,9,10,11,13,23,24,25,26,27,28,29,30,31,32,33,45,46,47,48,49,50,51,52,53,54,55,56,67,68,69,70,72,73,74,75,76,77,78,89,90,91,92,93,94,95,97,99,111,112,113,114,115,116,117,119,133,134,135,136,137,138,139,155,156,157,158,159,160,161,177,178,179,180,181,182,183,199,200,201,202,203,204,205,207,221,222,223,224,225,226,227,243,244,245,246,247,248,249,265,266,267,268,269,270,271,272,287,288,289,290,291,292,293,309,310,311,312,313,314,315
313,313,111
1,2,3,4,5,6,7,8,9,10,23,24,25,26,27,28,29,30,31,32,33,45,46,47,48,49,50,51,52,53,54,55,67,68,69,70,71,72,73,74,89,90,91,92,93,94,95,96,111,112,113,114,115,116,117,133,134,135,136,137,138,139,155,156,157,158,159,160,161,177,178,179,180,181,182,199,200,201,202,203,204,205,221,222,223,224,225,226,227,243,244,245,246,247,248,265,266,267,268,269,270,287,288,289,290,291,309,310,311,312,313
69,69,112
1,2,3,4,5,6,7,8,9,10,23,24,25,26,27,28,29,30,31,32,45,46,47,48,49,50,51,52,53,54,55,67,68,69,70,71,72,73,74,89,90,91,92,93,94,95,96,97,111,112,113,114,115,116,117,118,119,133,134,135,136,137,138,139,140,155,156,157,158,159,160,161,162,177,178,179,180,181,182,183,199,200,201,202,203,204,221,222,223,224,225,226,243,244,245,246,247,265,266,267,268,269,287,288,289,290,291,292,309,310,311,312
356,356,112
1,2,3,4,5,6,7,8,9,10,23,24,25,26,27,28,29,30,31,32,33,45,46,47,48,49,50,51,52,53,54,55,67,68,69,70,71,72,73,74,75,76,77,89,90,91,92,94,95,96,97,98,111,112,113,114,115,116,119,133,134,135,136,137,138,139,140,141,142,155,156,157,158,159,160,161,177,178,179,180,181,182,199,200,201,202,203,204,207,221,222,223,224,225,243,244,245,246,247,265,266,267,268,269,287,288,289,290,291,309,310,311
352,352,107
1,2,3,4,5,6,7,8,9,10,23,24,25,26,27,28,29,30,31,32,33,34,45,46,47,48,49,50,51,52,54,55,67,68,69,70,71,72,73,74,75,76,89,90,91,92,93,94,95,96,97,98,111,112,113,114,115,116,117,118,119,120,133,134,137,138,139,141,142,155,156,157,158,159,160,161,162,163,164,177,178,179,182,183,185,186,199,201,202,203,204,205,207,208,221,223,229,243,245,246,265,267,268,287,288,310,311
10,10,106
1,2,4,9,11,12,23,24,25,26,27,28,29,30,31,32,33,36,45,46,47,48,49,50,51,52,53,54,55,56,67,68,69,70,71,72,73,74,75,76,77,86,89,90,91,94,96,97,98,108,109,111,112,116,117,118,119,120,121,133,134,137,138,139,140,141,142,143,155,156,160,161,162,163,164,165,177,178,182,183,185,186,187,188,195,199,202,203,204,206,207,208,209,221,227,229,230,243,246,247,265,268,273,287,288,310
557,557,104
1,10,11,12,13,14,15,23,24,25,26,27,28,29,30,31,32,33,34,35,36,37,45,46,47,48,49,50,51,52,54,55,56,67,68,69,70,71,72,73,75,76,77,86,87,89,90,92,96,97,98,108,109,111,112,116,117,119,120,121,133,135,138,139,141,142,143,155,161,162,163,164,165,166,175,177,182,185,186,187,188,197,198,202,203,204,205,206,207,208,209,219,225,227,229,250,266,271,293,306,307,310,320,330
565,565,99
5,9,10,11,12,22,24,25,28,32,33,41,42,43,44,47,52,53,54,55,61,63,65,66,67,68,72,73,74,75,76,77,86,87,88,89,90,91,94,95,97,98,99,104,109,111,112,113,116,117,118,119,120,129,133,134,135,139,140,141,142,143,144,149,153,154,161,163,164,165,166,171,175,176,182,183,185,186,187,188,197,198,205,207,208,209,227,228,230,231,252,253,303,304,307,320,324,329,330
470,470,99
1,10,23,24,25,29,31,45,46,47,50,51,52,53,66,67,68,69,70,71,72,73,74,75,86,87,88,89,90,91,95,96,97,98,108,111,112,113,117,119,120,133,134,135,138,139,141,142,143,155,160,161,163,164,175,176,181,182,183,185,186,197,198,204,205,207,216,219,227,228,229,230,241,242,250,263,264,273,280,283,284,285,286,299,302,303,305,306,307,309,310,312,319,320,321,327,328,329,330
45,45,97
1,23,24,25,26,27,30,32,45,46,47,49,50,52,54,67,68,69,71,72,76,86,87,88,89,90,91,92,97,98,112,113,119,120,133,134,135,139,141,142,143,160,163,164,165,167,176,178,182,183,184,185,200,204,205,206,207,214,219,220,226,227,228,229,242,246,249,250,257,263,264,272,273,280,283,284,285,287,298,299,301,302,303,305,306,307,309,310,311,316,319,320,321,322,328,329,330
295,295,99
15,23,24,44,45,46,47,52,54,66,67,68,69,70,76,86,87,88,89,90,91,92,97,98,112,113,119,120,121,135,141,142,143,153,154,155,163,164,165,166,175,176,178,181,182,183,185,186,193,197,198,204,205,206,207,208,213,214,219,220,226,227,228,236,242,250,254,256,263,264,265,275,276,280,282,283,284,285,286,287,289,301,302,303,305,306,307,309,310,311,312,319,320,321,322,325,327,328,329
332,332,98
12,23,34,45,54,67,68,69,76,86,87,88,90,91,92,97,98,99,112,113,119,120,121,135,137,141,142,143,144,154,160,163,164,165,166,168,175,176,182,185,186,187,189,190,191,192,193,204,205,206,207,208,209,212,213,214,219,220,226,227,228,232,234,235,242,254,256,257,258,264,271,275,279,280,283,284,285,297,299,300,301,302,303,304,305,306,307,309,310,311,319,320,321,322,323,324,328,329
452,452,95
12,13,16,32,34,54,68,76,89,90,91,92,98,99,119,120,121,141,142,143,144,145,153,163,164,165,166,167,168,169,171,175,176,182,183,184,185,186,189,192,193,197,198,205,206,207,208,209,211,212,214,219,220,226,227,228,229,232,234,235,236,241,242,249,250,254,262,263,264,281,283,284,285,287,299,300,301,302,303,305,306,307,309,310,311,312,318,319,320,321,322,327,328,329,330
388,388,91
11,12,13,14,15,32,33,54,56,69,76,91,97,98,119,120,121,123,141,142,143,144,145,163,164,165,166,167,169,175,176,181,182,183,185,186,187,188,189,190,193,194,197,204,205,206,207,208,209,210,211,212,213,219,220,226,227,228,231,232,233,234,235,242,254,255,256,258,264,275,277,279,282,283,284,285,299,300,301,302,303,306,307,309,319,320,321,322,323,328,329
295,295,86
10,11,13,14,15,16,32,35,54,55,76,98,99,119,120,121,122,141,142,143,144,145,163,164,165,167,168,169,174,175,176,182,185,186,187,188,189,191,196,197,198,204,205,206,207,208,209,210,211,212,213,219,220,226,227,228,230,231,233,234,242,253,254,255,256,261,263,264,279,283,284,285,288,299,300,301,306,307,309,318,319,320,321,322,323,328
40,40,79
10,12,13,14,15,16,32,33,34,54,56,76,97,98,99,100,119,120,121,123,141,142,143,144,145,146,154,163,164,165,166,167,168,175,176,182,184,185,186,187,189,190,205,206,207,208,209,210,211,212,219,220,226,230,231,232,242,253,254,262,264,276,279,280,283,284,285,299,300,301,306,309,318,319,320,321,322,328,329
415,415,75
12,16,17,18,19,27,32,37,38,39,40,44,53,54,59,66,76,86,97,98,106,119,120,121,130,141,142,143,144,145,146,151,152,162,164,165,166,169,173,174,175,176,182,184,185,186,187,196,197,206,207,208,219,220,226,230,239,241,242,261,262,264,265,271,285,287,288,306,307,309,318,320,321,327,329
376,376,74
15,16,18,37,43,65,76,107,109,128,131,142,143,146,150,151,152,171,172,173,176,182,183,184,185,194,195,197,198,204,205,206,207,208,209,216,218,219,220,227,230,231,234,238,241,242,257,258,259,260,261,264,279,280,281,282,286,287,288,289,301,302,303,304,309,310,311,312,318,320,321,322,324,325
298,298,70
16,54,76,77,109,121,129,142,143,144,150,151,153,164,165,172,173,175,181,182,183,184,194,195,198,204,205,206,207,208,209,216,219,220,226,227,228,230,231,241,242,256,259,260,261,262,263,264,272,279,280,281,282,286,287,288,301,302,304,309,310,311,312,318,320,321,322,323,324,326
479,479,61
54,76,77,142,143,164,165,180,182,183,184,186,204,205,206,207,208,209,225,226,227,230,231,232,238,248,258,259,260,261,262,263,271,280,281,282,283,284,285,286,287,288,289,299,300,301,302,303,304,307,308,309,310,311,312,318,320,321,322,323,324
362,362,50
23,54,90,91,157,180,181,203,204,205,225,226,242,248,249,256,258,260,261,262,271,277,280,281,282,283,284,285,286,287,288,289,299,300,301,302,303,306,307,309,310,311,312,318,319,320,321,322,323,324
406,406,40
2,23,24,92,156,180,181,198,204,220,225,226,242,248,261,262,263,264,281,283,284,286,287,288,289,301,304,305,306,307,308,309,310,311,312,318,320,321,322,323
259,259,40
1,2,23,24,45,93,179,180,181,198,203,220,242,248,260,261,262,264,279,283,284,285,286,287,288,289,301,302,306,307,308,309,310,311,312,320,321,322,323,324
404,404,44
1,23,24,44,45,66,180,181,218,219,220,239,240,241,242,258,260,261,262,263,264,266,279,281,283,284,285,286,287,288,289,302,306,308,309,310,311,312,318,320,321,322,323,324
541,541,48
23,24,43,44,65,66,105,176,179,180,181,196,203,218,219,239,241,242,260,261,262,264,279,280,281,283,284,285,286,287,288,289,301,302,305,306,307,308,309,310,311,312,320,321,322,323,324,330
441,441,58
11,76,77,82,83,98,102,103,104,119,121,122,123,124,125,141,143,144,145,146,148,149,154,164,165,166,169,170,171,176,186,191,192,198,208,213,214,220,235,236,238,239,256,257,258,259,278,279,280,284,287,288,301,309,310,311,322,323
479,479,60
20,42,44,65,66,82,103,109,120,131,142,143,147,154,166,172,173,175,176,194,195,197,198,216,217,219,220,237,238,239,240,242,259,260,261,262,264,265,281,282,283,284,285,287,288,289,300,301,302,304,305,306,307,308,309,310,311,321,322,323
318,318,64
41,44,66,83,85,98,103,104,105,109,120,142,148,153,154,166,168,174,175,176,194,195,196,197,198,207,217,219,220,227,236,237,238,239,240,241,242,257,258,260,261,262,264,265,279,280,282,284,285,286,287,288,300,301,304,305,307,308,309,310,311,321,322,323
529,529,70
12,44,65,66,98,102,103,104,109,119,120,121,142,143,153,165,166,172,174,175,183,193,194,196,204,205,207,217,218,219,220,226,227,228,238,239,240,242,249,257,258,259,260,261,262,264,273,279,280,281,282,284,285,286,287,288,300,301,302,304,307,308,309,310,311,321,322,323,326,327
343,343,74
11,12,13,44,65,66,98,104,105,109,119,142,143,153,164,165,175,176,183,186,194,195,198,205,206,207,216,217,219,220,226,227,228,236,237,238,239,240,249,257,259,260,261,262,264,278,279,280,281,282,283,284,285,286,288,289,299,300,301,302,303,304,305,307,308,309,310,311,320,321,322,323,324,326
455,455,78
11,12,15,44,98,99,103,104,105,109,110,119,120,122,131,142,143,175,183,186,192,194,197,204,205,207,208,213,214,216,217,219,226,227,229,238,239,248,249,257,258,259,260,261,262,268,271,272,273,278,279,280,281,282,283,284,285,286,288,299,300,301,302,303,304,307,308,309,310,311,320,321,322,323,324,325,327,328
313,313,83
11,12,13,15,18,20,21,44,66,98,104,109,110,114,120,121,122,131,132,143,153,154,164,165,166,172,175,183,193,194,205,207,208,213,214,215,216,217,219,226,227,236,237,238,239,249,257,260,261,262,264,265,271,278,279,280,281,282,283,284,285,286,288,295,296,299,300,301,302,303,304,305,307,308,309,310,318,320,321,322,323,324,325
398,398,87
2,3,11,12,13,14,19,20,21,22,25,34,35,38,42,43,44,65,66,67,68,83,84,86,89,90,104,105,109,110,114,119,120,132,143,144,153,165,166,175,182,193,198,204,207,215,216,217,219,220,226,227,234,237,238,239,249,257,258,260,261,262,272,278,279,282,284,285,286,295,298,299,300,301,303,304,308,309,310,320,321,322,323,324,325,326,330
19,19,92
1,2,3,4,11,12,13,15,19,20,21,22,24,25,26,35,36,37,42,43,44,45,47,61,64,65,66,67,68,84,85,86,87,89,90,105,109,110,113,114,119,120,131,136,143,175,182,193,194,197,207,215,216,217,218,219,237,238,239,240,257,258,260,261,262,264,278,279,280,282,283,284,285,286,288,295,298,299,300,301,302,304,308,309,310,320,321,322,323,324,325,330
506,506,88
1,3,10,16,17,18,33,34,35,36,37,39,40,41,47,55,56,57,58,59,63,69,76,77,80,85,89,90,91,98,99,108,109,111,112,113,119,120,121,122,123,124,131,142,143,144,145,146,153,167,168,175,188,189,190,191,207,208,210,211,212,213,219,230,239,255,256,262,263,264,266,277,278,284,285,286,287,288,289,299,300,306,307,308,322,323,326,330
347,347,101
1,10,11,12,13,14,15,16,17,18,19,20,21,22,23,33,34,35,36,38,39,40,41,42,43,44,47,57,62,63,64,65,66,68,76,84,85,86,87,88,98,104,107,108,109,110,119,120,124,130,131,132,142,143,152,153,154,173,174,175,176,195,196,197,198,207,208,215,216,217,218,219,220,238,239,240,241,242,261,262,263,264,282,285,286,287,288,289,301,303,304,305,306,307,308,309,310,311,323,324,330
331,331,104
12,13,15,16,17,18,19,20,21,22,34,35,37,38,39,40,41,42,43,44,57,58,60,61,62,63,64,65,66,82,83,84,85,86,87,88,104,105,106,107,108,109,110,119,128,129,130,131,132,150,151,152,153,154,171,172,173,174,175,176,193,194,195,196,197,198,215,216,217,218,219,220,222,237,238,239,240,241,242,259,260,261,262,263,264,283,284,285,286,301,302,303,304,305,306,307,308,323,324,326,327,328,329,330
239,239,105
13,14,15,16,17,18,19,20,21,22,35,36,37,38,39,40,41,42,43,44,58,59,60,61,62,63,64,65,66,80,81,82,83,84,85,86,87,88,102,103,104,105,106,107,108,109,110,126,127,128,129,130,131,132,148,149,150,151,152,153,154,171,172,173,174,175,176,193,194,195,196,197,198,214,215,216,217,218,219,220,237,238,239,240,241,242,260,261,262,263,264,283,284,285,286,303,305,306,307,308,326,327,328,329,330
483,483,122
14,15,16,17,18,19,20,21,22,35,36,37,38,39,40,41,42,43,44,57,59,60,61,62,63,64,65,66,81,82,83,84,85,86,87,88,102,103,104,105,106,107,108,109,110,125,126,127,128,129,130,131,132,147,148,149,150,151,152,153,154,170,171,172,173,174,175,176,192,193,194,195,196,197,198,213,214,215,216,217,218,219,220,221,236,237,238,239,240,241,242,258,259,260,261,262,263,264,279,280,281,282,283,284,285,286,301,302,303,304,305,306,307,308,323,324,325,326,327,328,329,330
517,517,139
8,10,11,12,13,14,15,16,32,33,34,35,36,38,44,54,55,56,76,77,78,79,80,81,82,83,98,99,100,101,102,103,104,105,119,120,121,122,123,124,125,127,128,143,144,145,146,148,149,150,151,152,153,165,167,168,169,170,171,172,173,174,188,189,190,191,192,193,194,195,196,197,207,209,210,211,212,213,214,215,216,217,218,219,220,233,234,235,236,237,238,239,240,241,242,252,254,255,256,257,258,259,260,261,262,263,264,274,276,277,278,279,280,281,282,283,284,285,286,299,300,301,302,303,304,305,306,307,308,321,322,323,324,325,326,327,328,329,330
509,509,119
1,2,3,4,23,24,25,45,46,67,68,76,97,98,111,112,115,119,120,121,133,134,135,136,137,141,142,143,155,156,157,158,159,165,177,178,179,180,181,182,183,199,200,201,202,203,204,205,206,207,208,209,219,221,222,223,224,225,226,227,228,229,230,231,243,245,246,247,248,249,250,251,252,256,257,265,267,268,269,270,271,272,273,274,275,276,277,278,279,289,290,291,292,293,294,295,296,297,298,299,300,301,302,310,311,312,313,314,315,316,317,318,319,320,321,322,323,324,326
299,299,84
1,23,45,46,67,68,69,89,90,91,111,112,114,133,134,135,136,155,156,157,158,177,178,179,180,181,182,199,200,201,202,203,204,207,221,222,223,224,225,226,227,229,243,244,245,246,247,248,249,252,265,266,267,268,269,270,271,272,273,274,287,288,289,290,291,292,293,294,295,296,298,309,310,311,312,313,314,315,316,317,318,319,320,321
81,81,76
76,97,98,99,119,120,141,142,143,155,177,178,181,182,183,199,200,203,204,205,207,208,219,221,222,223,224,225,226,227,229,230,239,243,244,245,246,247,248,257,265,266,267,268,269,273,274,286,287,288,289,290,291,293,295,296,298,299,300,301,309,310,311,312,313,315,316,317,319,320,321,322,323,327,329,330
289,289,60
47,68,69,97,98,99,119,120,141,143,153,181,182,194,207,208,213,219,220,224,229,235,236,242,243,245,246,247,257,265,266,267,268,269,273,285,286,287,288,289,290,291,295,301,303,309,310,311,312,313,314,316,317,320,321,322,323,328,329,330
240,240,63
77,92,97,98,99,109,119,120,135,136,141,142,143,144,153,173,177,179,180,182,194,200,202,203,207,208,211,213,216,217,219,220,229,230,235,236,238,239,240,242,244,245,246,247,252,263,264,265,267,268,273,274,285,287,288,290,295,309,310,313,328,329,330
150,150,58
68,69,97,98,99,109,119,120,121,141,142,143,144,153,180,194,203,207,208,213,216,217,219,220,229,230,235,236,239,240,241,242,245,246,247,257,264,265,266,267,268,273,274,279,282,285,287,288,289,290,295,304,309,310,313,328,329,330
289,289,55
10,67,97,98,99,119,120,121,136,141,142,143,144,153,173,180,193,207,208,209,213,216,217,219,220,224,229,230,235,236,239,240,241,242,245,246,247,264,267,268,273,288,289,290,295,301,304,308,309,310,322,326,328,329,330
103,103,53
67,69,77,97,98,99,119,120,141,142,143,153,173,194,207,208,216,217,219,220,229,230,235,236,239,240,241,242,246,247,252,257,263,264,266,267,268,273,288,289,290,295,304,309,310,320,321,322,323,326,328,329,330
237,237,50
97,98,99,119,120,121,141,142,143,144,153,173,181,182,207,208,213,215,216,217,219,220,225,229,235,236,239,240,241,242,246,247,264,265,266,267,268,273,287,288,290,295,304,309,310,322,326,328,329,330
220,220,48
10,67,97,98,99,119,120,121,142,143,144,153,157,181,207,208,211,213,214,216,217,219,220,229,230,235,236,239,241,242,246,247,263,264,266,267,268,273,288,289,290,295,304,310,313,328,329,330
392,392,51
67,68,97,98,99,104,119,120,121,123,141,142,143,144,173,181,207,208,213,216,217,219,220,227,229,235,236,241,242,245,246,247,256,257,264,266,267,268,273,288,289,290,295,304,310,320,321,322,328,329,330
198,198,51
39,77,97,98,99,119,120,121,141,142,143,144,153,165,173,181,182,207,208,213,214,216,217,219,220,225,227,229,230,235,236,239,241,242,244,246,247,266,267,273,287,288,289,290,295,304,310,323,328,329,330
121,121,34
10,77,97,98,99,119,120,121,142,143,182,207,208,213,216,217,219,220,229,235,236,239,246,247,266,267,273,288,289,290,295,304,310,311
106,106,46
10,40,97,98,99,119,120,121,124,141,142,143,144,182,207,208,213,214,216,217,219,220,221,229,235,236,243,244,246,247,256,257,266,267,273,277,278,279,288,289,290,300,310,311,312,329
14,14,46
10,97,98,99,103,119,120,121,124,141,142,143,144,181,182,207,208,213,214,217,219,220,221,227,229,235,236,246,247,256,257,266,267,268,273,277,278,279,288,289,290,295,310,311,312,322
473,473,45
39,77,97,98,99,119,120,121,124,141,142,143,144,182,194,197,207,208,212,213,214,219,220,221,227,229,235,236,247,256,257,266,267,268,273,277,278,279,288,289,290,295,310,311,312
377,377,46
97,98,99,119,120,121,124,141,142,143,144,153,182,193,194,207,208,213,214,219,220,226,229,235,236,244,246,247,256,257,266,267,268,273,277,278,279,288,289,290,295,300,308,310,311,312
394,394,44
97,98,99,103,119,120,121,124,141,142,143,144,182,193,194,197,207,208,212,213,214,219,220,221,226,229,234,235,236,247,256,257,273,277,278,279,288,289,290,295,310,311,312,322
436,436,44
39,77,97,98,99,102,119,120,121,124,141,142,143,144,193,194,197,203,207,208,212,213,214,219,220,229,234,235,236,247,257,263,267,273,277,278,279,288,289,290,295,310,311,312
101,101,41
39,97,98,99,102,119,120,121,124,141,143,182,193,194,203,207,208,213,214,219,221,229,234,235,236,246,247,255,257,267,273,277,278,279,288,289,290,295,310,311,312
503,503,41
39,97,98,99,119,120,121,141,143,191,193,194,197,207,208,212,213,219,229,234,235,236,246,247,255,257,266,268,273,277,278,279,288,289,290,295,304,310,311,312,330
122,122,32
38,39,97,98,119,120,121,143,144,191,193,194,207,208,211,213,219,234,235,236,257,273,277,278,279,288,289,290,295,310,311,312
348,348,32
38,39,97,98,99,119,120,121,141,143,175,182,183,191,194,207,208,211,212,213,219,220,234,235,255,257,273,278,295,310,311,330
186,186,35
39,97,98,99,119,120,121,141,143,182,191,193,194,207,208,211,212,213,219,234,235,236,255,257,273,277,278,279,288,300,308,310,311,329,330
50,50,33
39,97,98,99,119,120,121,141,143,191,192,193,207,208,211,212,213,219,234,235,247,255,257,273,276,277,278,287,307,308,310,329,330
427,427,35
38,39,97,98,99,119,120,121,141,143,175,191,192,193,207,208,211,212,213,219,234,235,236,247,255,257,273,277,278,279,295,308,310,329,330
418,418,36
39,97,98,99,119,120,121,141,143,182,191,192,193,207,208,211,212,213,219,220,234,235,236,247,257,273,276,277,278,285,287,295,308,310,329,330
186,186,38
38,39,40,97,98,99,119,120,121,141,143,182,191,192,207,208,211,212,213,219,229,234,235,236,247,257,273,276,277,278,287,288,300,308,310,311,329,330
568,568,40
39,97,98,99,119,120,121,141,142,143,171,182,189,191,197,207,208,211,212,213,219,220,234,235,236,247,256,257,273,276,277,278,284,286,295,307,308,311,329,330
79,79,44
110,131,132,153,154,174,175,176,196,197,198,217,218,219,220,238,239,240,241,242,260,261,262,263,264,281,282,283,284,285,286,303,304,305,306,307,308,324,325,326,327,328,329,330
340,340,82
22,41,62,64,66,88,109,110,131,132,153,154,170,171,172,174,175,176,191,192,193,194,195,196,197,198,213,214,215,216,217,218,219,220,234,235,236,237,238,239,240,241,242,256,257,258,259,260,261,262,263,264,277,278,279,280,281,282,283,284,285,286,299,300,301,302,303,304,305,306,307,308,320,321,322,323,324,325,326,327,328,329
523,523,132
11,12,13,14,15,16,17,18,32,33,34,35,36,38,39,40,54,56,57,58,59,60,61,62,76,77,78,79,80,81,82,83,97,98,99,100,101,102,103,104,119,120,121,122,123,124,125,141,142,143,144,145,146,147,162,164,165,166,167,168,182,183,184,186,187,188,189,190,205,206,207,208,209,210,211,212,213,225,226,227,228,229,230,231,232,233,245,246,247,248,249,250,251,252,253,254,255,256,267,268,269,270,271,272,273,274,275,276,277,289,290,291,292,293,294,295,296,297,298,299,310,311,312,313,314,315,316,317,318,319,320,321
531,531,130
1,2,3,4,5,6,7,8,23,24,25,26,27,28,29,30,31,32,45,46,47,48,49,50,51,52,53,67,68,69,70,71,72,73,74,89,90,91,92,93,94,95,96,97,98,99,111,112,113,114,115,116,117,118,119,120,121,133,134,135,136,137,138,139,140,155,156,157,158,159,160,161,177,178,179,180,181,182,183,184,199,200,201,202,203,204,205,206,207,221,222,223,224,225,226,227,228,243,244,245,246,247,248,249,250,265,266,267,268,269,270,271,272,287,288,289,290,291,292,293,294,295,309,310,311,312,313,314,315,317
305,305,114
1,2,3,4,5,6,7,8,9,10,23,24,25,26,27,28,29,30,31,45,46,47,48,49,50,51,52,53,67,68,69,70,71,72,73,75,76,89,90,91,92,93,94,95,96,97,98,111,112,113,114,115,116,117,119,133,134,135,136,137,138,139,140,141,155,156,157,158,159,160,161,162,177,178,179,180,181,182,183,199,200,201,202,203,204,221,222,223,224,225,226,243,244,245,246,247,248,265,266,267,268,269,270,287,288,289,290,291,292,309,310,311,312,313
242,242,115
1,2,3,4,5,6,7,8,9,10,11,23,24,25,26,27,28,29,30,31,32,34,45,46,47,48,49,50,51,52,53,54,67,68,69,70,71,72,73,74,75,76,89,90,91,92,93,94,95,96,97,111,112,113,114,115,116,117,118,119,120,133,134,135,136,137,138,139,140,155,156,157,158,159,160,161,177,178,179,180,181,182,183,186,199,200,201,202,203,204,207,221,222,223,224,225,226,243,244,245,246,247,265,266,267,268,269,287,288,289,290,309,310,311,312
353,353,115
1,2,3,4,5,6,7,8,10,11,13,14,23,24,25,26,27,28,29,30,31,32,33,45,46,47,48,49,50,51,52,53,67,68,69,70,71,72,73,74,75,76,89,90,91,92,93,94,95,96,97,98,111,112,113,114,115,116,117,118,119,120,122,133,134,135,136,137,138,139,140,141,143,152,155,156,157,159,160,161,163,165,177,178,179,181,183,187,199,203,204,207,208,221,224,225,239,241,242,243,244,245,264,265,266,286,287,288,289,308,309,310,311,312,330
331,331,110
1,2,3,4,5,6,7,8,10,11,13,23,24,25,26,27,28,29,30,31,32,34,35,45,46,47,48,49,50,51,52,53,54,67,68,69,70,71,72,73,74,75,89,90,91,92,93,94,95,97,111,112,113,114,115,116,117,118,119,120,133,134,135,136,137,138,139,141,155,156,157,158,160,161,162,163,164,177,178,179,180,181,182,183,186,199,200,202,203,204,205,207,208,221,228,244,264,265,281,286,287,288,289,308,309,310,311,317,328,330
271,271,107
1,2,3,4,5,6,12,23,24,25,26,27,30,32,33,34,45,46,47,48,54,55,67,68,69,70,76,77,89,90,91,92,98,99,100,103,111,112,113,114,118,119,120,121,133,135,141,142,143,151,163,164,166,178,179,181,182,186,187,188,191,195,196,204,207,208,212,213,214,217,218,219,233,235,236,238,239,240,241,242,256,257,258,260,261,262,264,281,282,283,285,286,288,289,299,304,305,306,307,308,310,324,325,327,328,329,330
222,222,104
1,2,3,4,5,6,10,11,12,13,23,24,25,26,27,33,45,46,47,48,54,55,60,61,67,68,69,70,76,77,81,89,90,91,92,96,97,98,111,112,113,114,117,119,120,121,122,127,141,142,143,153,163,164,168,170,181,182,186,187,189,190,191,195,196,197,204,217,218,219,220,234,235,236,238,239,240,241,242,256,257,259,260,261,263,264,278,279,282,283,285,286,289,298,299,301,305,307,308,320,321,327,329,330
471,471,98
1,2,5,6,10,11,12,13,14,15,22,24,33,37,38,39,45,46,54,56,59,60,61,67,68,74,75,76,81,82,83,84,89,97,106,107,108,109,117,118,119,120,128,129,130,131,136,140,141,142,154,162,163,165,175,176,181,185,186,195,196,197,204,219,220,236,238,239,240,241,242,256,258,259,260,264,277,279,280,281,282,286,298,299,300,301,304,305,307,308,319,320,321,322,323,327,329,330
353,353,99
1,3,4,11,23,24,25,26,30,39,45,46,48,60,61,67,68,69,77,89,90,92,97,109,111,112,113,114,119,127,131,132,133,134,140,141,147,154,162,163,169,174,175,176,184,185,192,195,196,197,198,207,212,213,214,217,218,219,220,234,235,239,240,242,254,256,257,260,264,276,277,278,279,286,297,298,299,300,301,302,303,305,306,307,308,310,312,318,319,320,321,322,323,325,326,327,328,329,330
223,223,97
2,3,4,6,22,23,24,25,26,45,46,47,48,60,61,67,68,69,89,90,91,92,97,110,111,112,113,119,120,132,133,140,147,153,154,169,174,175,176,182,184,185,191,192,195,196,197,198,207,213,217,218,219,220,226,234,235,236,239,241,242,254,256,257,263,264,276,277,278,279,283,285,286,298,299,300,301,302,304,305,306,307,308,310,312,319,320,321,322,323,324,325,326,327,328,329,330
119,119,98
1,2,3,4,5,39,48,67,70,89,109,110,112,119,120,131,133,134,152,153,154,169,174,175,176,183,184,191,192,195,196,197,198,200,204,206,207,208,209,212,213,217,218,219,220,234,235,236,239,240,241,242,253,256,257,258,263,264,274,276,277,278,279,282,283,285,286,289,295,296,297,298,299,300,301,302,303,304,305,306,307,308,311,312,317,318,319,320,321,322,323,324,325,326,327,328,329,330
462,462,96
3,88,98,109,110,119,120,131,132,142,143,152,153,154,165,173,174,175,176,184,186,187,191,192,195,196,197,198,207,208,209,211,212,213,217,218,219,220,227,230,232,233,235,236,241,242,253,254,256,257,261,262,263,264,274,275,276,277,278,279,281,283,284,285,286,289,295,296,297,298,299,300,301,302,303,304,305,306,307,308,311,312,317,318,319,320,321,322,323,324,325,326,327,328,329,330
472,472,95
11,77,92,98,99,109,110,119,120,131,142,143,153,154,164,169,173,174,175,176,182,184,185,186,187,190,191,192,195,196,197,198,208,209,210,211,212,213,214,215,217,218,219,220,232,233,234,235,239,240,241,242,252,253,255,256,257,262,263,264,276,277,278,279,281,282,283,284,285,286,289,295,296,298,299,300,303,304,305,306,307,308,310,311,317,318,319,320,321,322,325,326,328,329,330
111,111,91
12,88,98,109,110,120,121,132,142,143,152,153,154,164,174,175,176,186,191,192,193,195,196,197,198,207,208,209,212,213,214,217,218,219,220,232,235,236,239,240,241,242,253,255,256,257,261,262,263,264,273,274,275,276,277,278,279,281,282,283,284,285,286,289,295,296,297,298,300,301,303,304,305,306,307,308,311,312,317,318,319,320,321,322,323,325,326,327,328,329,330
456,456,87
76,88,98,99,120,121,132,142,143,151,152,153,154,164,174,175,176,186,195,196,197,198,207,208,209,210,211,212,213,214,217,218,219,220,231,233,235,236,239,240,241,242,252,253,254,255,256,257,260,261,262,263,264,273,276,277,278,282,283,284,285,286,294,295,296,298,300,303,304,305,306,307,308,312,316,317,318,319,320,321,322,323,324,326,328,329,330
557,557,83
76,88,98,109,120,131,132,142,143,152,153,154,164,174,175,176,186,190,191,195,196,197,198,207,208,209,210,211,213,214,217,219,220,230,231,232,233,234,235,236,238,239,240,242,253,254,255,256,257,260,261,262,263,264,273,274,276,277,278,282,283,284,285,286,295,296,300,303,304,306,307,308,311,317,318,319,320,321,322,325,328,329,330
490,490,78
12,13,42,43,44,48,82,84,119,131,132,152,153,154,165,173,174,175,176,186,187,190,191,194,196,197,198,209,211,216,218,234,238,242,253,255,256,257,260,261,262,263,264,273,274,275,277,278,279,281,282,283,285,286,294,295,296,297,300,302,303,304,305,306,307,308,310,316,317,318,320,322,324,326,327,328,329,330
473,473,79
22,43,44,82,87,103,104,124,130,146,151,153,154,169,170,174,175,176,190,191,195,196,197,198,207,211,212,213,216,218,219,220,234,237,238,239,241,242,254,255,256,257,258,259,260,261,262,273,274,276,277,278,279,281,282,283,294,295,296,300,302,303,304,305,308,313,316,317,318,319,320,322,324,325,326,327,328,329,330
364,364,76
32,42,43,56,78,86,87,102,103,104,124,131,132,146,152,153,154,168,169,174,175,176,191,198,210,216,217,219,220,233,237,238,239,240,242,255,257,259,260,261,262,273,274,276,277,278,279,281,282,283,295,296,298,299,300,301,302,303,304,305,306,308,315,316,317,318,320,321,322,324,325,326,327,328,329,330
476,476,68
55,78,103,151,152,153,154,168,169,174,175,176,191,198,217,219,220,233,238,239,254,255,256,260,261,262,269,270,273,274,275,276,277,278,279,281,282,283,286,291,292,293,294,295,296,297,298,299,300,301,302,303,304,305,313,315,316,317,318,319,321,322,324,325,326,327,328,329
356,356,57
151,152,153,154,173,174,175,217,219,238,239,240,247,248,254,260,261,263,264,269,270,274,275,276,277,278,280,281,282,283,286,291,294,295,296,297,298,299,300,302,303,304,305,308,315,316,317,318,321,322,323,324,325,326,327,328,329
148,148,48
130,151,152,153,154,173,174,175,195,217,219,220,238,242,260,261,264,269,270,278,279,280,281,282,286,291,292,294,295,296,301,302,303,304,307,308,314,315,316,317,322,323,324,325,326,327,328,329
544,544,45
129,130,131,151,152,153,173,174,175,194,195,217,219,220,238,240,242,260,261,262,264,269,270,279,281,282,286,291,301,302,303,304,305,307,308,312,313,314,316,324,325,326,327,328,329
434,434,45
112,129,130,131,150,151,152,153,173,174,175,194,195,196,217,218,219,220,238,239,242,260,261,262,264,278,281,282,283,286,291,302,303,304,305,307,308,316,324,325,326,327,328,329,330
221,221,49
108,109,110,130,131,132,150,151,152,153,173,174,175,194,195,196,198,213,216,219,220,238,239,240,241,242,260,261,262,263,264,279,281,282,283,286,302,303,304,305,307,308,324,325,326,327,328,329,330
131,131,56
61,62,82,83,105,109,129,130,131,132,145,148,151,152,153,154,167,168,169,170,173,175,176,188,189,190,191,192,198,210,211,213,216,219,220,232,241,242,247,248,254,263,264,276,286,304,305,307,308,316,325,326,327,328,329,330
445,445,56
108,109,110,129,130,131,132,148,151,152,153,154,168,169,170,172,173,174,175,176,190,194,195,196,197,212,216,217,218,219,220,239,240,241,242,259,263,264,280,281,282,283,286,302,303,304,305,306,307,308,324,325,326,327,328,329
255,255,62
83,104,108,109,110,125,130,131,132,148,150,151,152,153,154,168,169,170,173,174,175,176,190,194,195,196,197,198,211,212,213,216,217,218,219,220,238,239,240,242,261,262,263,264,282,283,284,285,286,302,303,304,305,306,307,308,324,325,326,327,328,329
318,318,68
83,104,107,108,109,110,129,130,131,132,146,147,148,151,152,153,154,168,169,170,173,174,175,190,191,194,195,196,197,198,212,213,216,217,218,219,220,237,238,239,240,241,242,259,260,261,262,263,264,281,282,283,284,285,286,303,304,305,306,307,308,324,325,326,327,328,329,330
258,258,72
104,108,109,110,129,130,131,132,147,148,149,150,151,152,153,154,168,169,170,172,173,174,175,176,190,191,195,196,197,198,206,212,213,216,217,218,219,220,237,238,239,240,241,242,258,259,260,261,262,263,264,281,282,283,284,285,286,303,304,305,306,307,308,320,322,324,325,326,327,328,329,330
393,393,76
87,104,108,109,110,125,129,130,131,132,147,148,149,151,152,153,168,169,170,173,174,175,190,191,192,194,195,196,197,198,207,211,212,213,214,216,217,218,219,220,237,238,239,240,241,242,258,259,260,261,262,263,264,280,281,282,283,284,285,286,302,303,304,305,306,307,308,322,323,324,325,326,327,328,329,330
419,419,81
88,104,105,107,108,109,110,128,129,130,131,132,147,148,149,151,152,153,154,168,169,170,173,174,175,176,190,191,194,195,196,197,198,207,211,212,213,214,215,216,217,218,219,220,233,238,239,240,241,242,258,259,260,261,262,263,264,280,281,282,283,284,285,286,302,303,304,305,306,307,308,320,322,323,324,325,326,327,328,329,330
435,435,85
84,87,88,105,108,109,110,126,129,130,131,132,146,147,148,149,150,151,152,153,154,168,169,170,171,172,173,174,175,176,190,191,194,195,196,197,198,207,212,213,215,216,217,218,219,220,235,236,237,238,239,240,241,242,258,259,260,261,262,263,264,280,281,282,283,284,285,286,295,302,303,304,305,306,307,308,322,323,324,325,326,327,328,329,330
309,309,90
18,86,87,88,90,104,105,107,108,109,110,111,126,129,130,131,132,146,147,148,149,151,152,153,154,168,169,170,171,172,173,174,175,176,190,191,192,193,194,195,196,197,198,207,211,212,213,216,217,218,219,220,236,237,238,239,240,241,242,258,259,260,261,262,263,264,280,281,282,283,284,285,286,301,302,303,304,305,306,307,308,322,323,324,325,326,327,328,329,330
299,299,88
62,63,64,66,83,84,85,86,87,88,99,100,105,106,107,108,109,110,120,121,128,129,130,131,132,143,148,149,150,151,152,153,154,169,173,174,175,176,191,194,195,196,197,198,212,213,216,217,218,219,220,233,234,235,237,238,239,240,241,242,257,259,260,261,262,263,264,279,280,281,282,283,284,285,286,302,303,304,305,306,307,323,324,325,326,327,328,329
111,111,98
17,18,19,20,21,22,40,41,42,43,44,63,64,65,66,83,84,85,86,87,88,105,107,108,109,110,126,129,130,131,132,147,148,149,150,151,152,153,154,169,171,172,173,174,175,176,191,193,194,195,196,197,198,211,212,213,216,217,218,219,220,223,237,238,239,240,241,242,258,259,260,261,262,263,264,280,281,282,283,284,285,286,301,302,303,304,305,306,307,308,323,324,325,326,327,328,329,330
323,323,100
10,15,16,17,18,19,20,21,22,39,40,41,42,43,44,61,62,63,64,65,66,82,83,84,85,86,87,88,104,105,106,107,108,109,110,127,128,129,130,131,132,149,151,152,153,154,169,172,173,174,175,176,193,194,195,196,197,198,216,217,218,219,220,236,237,238,239,240,241,242,258,259,260,261,262,263,264,280,281,282,283,284,285,286,301,302,303,304,305,306,307,308,323,324,325,326,327,328,329,330
388,388,102
14,15,16,17,18,19,20,21,22,37,38,39,40,41,42,43,44,59,60,61,62,63,64,65,66,82,83,84,85,86,87,88,104,105,106,107,108,109,110,126,127,128,129,130,131,132,148,149,150,151,152,153,154,171,172,173,174,175,176,194,195,196,197,198,216,217,218,219,220,237,238,239,240,241,242,259,260,261,262,263,264,281,282,283,284,285,286,302,303,304,305,306,307,308,323,324,325,326,327,328,329,330
483,483,120
13,14,15,16,17,18,19,20,21,22,36,37,38,39,40,41,42,43,44,58,59,60,61,62,63,64,65,66,81,82,83,84,85,86,87,88,103,104,105,106,107,108,109,110,126,127,128,129,130,131,132,148,150,151,152,153,154,169,171,172,173,174,175,176,191,193,194,195,196,197,198,212,213,214,215,216,217,218,219,220,235,236,237,238,239,240,241,242,257,258,259,260,261,262,263,264,279,280,281,282,283,284,285,286,301,302,303,304,305,306,307,308,323,324,325,326,327,328,329,330
532,532,139
8,10,11,12,13,14,15,29,30,32,33,34,35,37,54,55,56,57,58,59,76,78,80,81,82,83,98,99,100,101,102,104,105,119,120,121,123,125,129,130,131,142,143,144,146,147,148,151,152,153,165,166,167,168,169,173,174,175,189,190,191,193,194,195,196,197,207,208,210,211,212,213,214,215,216,217,218,219,220,232,233,234,235,236,237,238,239,240,241,242,253,256,257,258,259,260,261,262,263,264,273,274,275,277,278,279,280,281,282,283,284,285,286,295,296,297,298,299,300,301,302,303,304,305,306,307,308,317,319,320,321,322,323,324,325,326,327,328,329
329,329,121
1,2,3,23,24,25,26,45,46,47,67,68,69,70,89,90,91,97,98,99,111,112,113,116,119,120,133,141,142,143,155,177,178,181,182,203,204,205,207,208,209,210,211,212,213,224,225,226,227,228,229,230,236,237,238,244,245,246,247,248,249,250,251,252,253,254,255,257,260,267,268,269,270,271,272,273,274,275,276,277,278,279,280,281,282,288,289,290,291,292,293,294,295,296,297,298,299,300,301,302,303,304,305,310,311,312,313,314,315,316,317,318,319,320,321,322,323,324,325,326,327
321,321,90
1,2,3,23,24,25,45,46,47,48,67,68,69,89,90,91,92,111,112,113,133,134,135,155,156,157,177,178,179,180,181,182,183,199,200,201,202,203,204,207,208,221,222,223,224,225,226,227,229,243,244,245,246,247,248,249,252,265,266,267,268,269,270,271,272,273,274,287,288,289,290,291,292,293,294,295,296,297,309,310,311,312,313,314,315,316,317,318,319,320
498,498,83
23,45,67,89,97,109,111,112,119,120,131,133,143,153,155,175,177,194,195,197,199,207,208,216,217,219,221,235,236,237,238,239,243,244,245,246,255,256,257,258,259,265,266,267,268,273,277,278,279,280,281,282,283,284,285,287,288,289,290,295,296,300,301,302,303,304,305,306,309,310,311,312,313,316,317,318,319,322,323,324,325,326,327
389,389,63
68,69,98,109,110,119,120,131,132,153,175,193,194,195,196,197,207,208,213,215,216,217,218,219,235,236,237,238,239,255,256,257,258,259,260,261,273,277,278,279,280,281,282,283,284,285,288,296,300,301,302,303,304,305,306,310,322,323,324,325,326,327,328
348,348,62
98,109,110,119,120,131,132,153,154,175,193,194,195,196,207,208,213,214,215,216,219,236,237,238,239,242,255,256,257,258,259,260,261,263,264,273,274,277,278,279,280,281,282,283,284,285,296,300,301,302,303,304,305,306,310,322,323,324,325,326,327,328
492,492,60
46,98,109,110,119,120,131,132,153,154,175,193,194,195,196,197,207,208,214,215,216,217,219,235,236,237,238,239,242,255,256,257,258,259,260,263,273,277,278,279,280,281,282,283,284,285,300,301,302,303,304,305,306,322,323,324,325,326,327,328
546,546,56
109,110,119,120,131,132,153,175,193,194,195,196,197,207,213,215,216,217,219,235,236,237,238,242,255,256,257,258,262,263,277,278,279,280,281,282,283,284,285,296,299,300,301,302,303,304,305,306,307,322,323,324,325,326,327,328
143,143,54
109,110,119,120,132,153,154,175,193,194,195,196,207,214,216,217,219,235,236,237,238,242,255,256,257,258,262,263,276,277,278,279,280,281,282,283,284,285,296,299,300,301,302,303,304,305,306,322,323,324,325,326,327,328
205,205,52
109,110,119,120,132,153,175,193,194,195,207,213,214,216,217,219,235,236,237,238,239,242,255,256,257,258,261,263,277,278,279,280,281,282,283,284,285,299,300,301,302,303,304,305,306,322,323,324,325,326,327,328
205,205,52
99,109,110,119,120,132,153,174,175,193,194,195,207,213,214,216,235,236,237,238,239,242,255,256,257,258,260,263,277,278,279,280,281,282,283,284,285,298,300,301,302,303,304,305,306,322,323,324,325,326,327,328
148,148,53
98,99,109,110,119,120,131,132,153,154,175,193,194,195,207,213,214,216,219,235,236,237,238,239,242,255,256,257,258,263,277,278,279,280,281,282,283,284,285,299,300,301,302,303,304,305,306,322,323,324,325,326,327
196,196,54
98,99,109,110,119,120,132,153,174,175,193,194,195,207,213,214,216,217,219,235,236,238,242,255,256,257,258,260,263,277,278,279,280,281,282,283,284,285,295,299,300,301,302,303,304,305,306,321,322,323,324,325,326,327
277,277,43
99,111,119,120,153,154,174,175,193,194,195,213,216,234,235,236,242,256,257,258,259,277,278,279,280,281,282,283,284,285,300,301,302,303,304,305,306,323,324,325,326,327,328
72,72,51
98,99,110,119,120,143,153,154,172,173,174,175,192,193,194,195,207,213,216,219,235,236,242,257,258,259,260,279,280,281,282,283,284,285,295,300,301,302,303,304,305,306,320,321,322,323,324,325,326,327,328
460,460,51
98,99,110,119,120,143,153,154,174,175,192,193,194,197,207,208,213,234,235,236,238,242,257,258,259,260,273,274,279,280,281,282,283,284,295,298,300,301,302,303,304,305,306,320,321,322,323,324,325,326,327
88,88,50
98,119,120,153,154,173,174,175,192,193,194,195,197,207,208,213,216,235,236,237,238,242,257,258,259,260,273,274,279,280,281,282,283,284,295,298,300,301,302,303,304,305,306,320,322,323,324,325,326,327
72,72,49
98,119,120,153,154,173,174,175,176,193,194,195,207,208,213,214,216,234,235,236,237,238,242,255,258,259,260,273,274,279,280,281,282,283,284,295,296,300,301,302,303,304,305,322,323,324,325,326,327
272,272,47
98,119,120,153,154,173,174,175,176,192,193,194,195,196,207,213,214,216,235,236,237,238,242,257,258,259,260,275,279,280,281,282,283,284,295,300,301,302,303,304,305,322,323,324,325,326,327
203,203,48
98,119,120,153,154,173,175,176,191,192,193,194,207,213,214,216,235,236,237,257,258,259,260,273,274,279,280,281,282,283,284,285,295,298,300,301,302,303,304,305,306,321,322,323,324,325,326,327
202,202,47
98,99,119,120,153,154,173,174,175,176,192,193,194,207,213,214,216,236,242,257,258,259,260,273,274,276,279,280,281,282,283,284,285,295,300,301,302,303,304,305,306,322,323,324,325,326,327
95,95,46
98,119,120,153,154,173,174,175,176,191,192,193,194,197,212,213,214,216,236,242,258,259,260,273,274,279,280,281,282,283,284,285,295,300,301,302,303,304,305,321,322,323,324,325,326,327
370,370,37
119,120,153,173,174,175,176,191,197,213,236,242,253,257,258,259,274,276,279,280,281,282,283,295,300,301,302,303,304,305,306,322,323,324,325,326,327
559,559,43
98,99,119,120,153,154,174,175,176,197,207,213,214,216,219,235,242,256,257,258,259,273,278,279,280,281,282,283,284,295,300,301,302,303,304,305,321,322,323,324,325,326,327
147,147,41
45,98,119,120,153,154,175,176,193,194,195,197,207,213,219,235,242,256,257,259,273,278,279,280,281,282,283,284,300,301,302,303,304,305,321,322,323,324,325,326,327
83,83,42
119,120,153,154,174,175,176,194,195,207,213,214,216,219,242,256,257,259,273,274,278,279,280,281,282,283,284,295,299,300,301,302,303,304,305,321,322,323,324,325,326,327
506,506,44
45,98,119,120,153,154,174,175,176,193,194,195,207,208,213,219,242,256,257,258,259,273,274,278,279,280,281,282,283,295,300,301,302,303,304,305,320,321,322,323,324,325,326,327
124,124,45
119,120,152,153,154,174,175,176,191,192,195,197,207,208,213,216,219,235,256,257,273,274,277,278,279,280,281,282,283,286,295,299,300,301,302,303,304,305,321,322,323,324,325,326,327
385,385,45
119,120,125,153,154,174,175,176,191,192,193,194,195,207,208,213,216,217,219,236,256,257,258,273,278,279,280,281,282,283,284,286,300,301,302,303,304,305,321,322,323,324,325,326,327
477,477,48
63,119,120,153,154,174,175,176,191,194,197,207,208,213,219,220,235,242,253,257,273,274,277,278,279,280,281,282,283,284,286,295,299,300,301,302,303,304,305,308,321,322,323,324,325,326,327,330
261,261,44
88,110,131,132,153,154,174,175,176,196,197,198,218,219,220,239,240,241,242,260,261,262,263,264,281,282,283,284,285,286,303,304,305,306,307,308,323,324,325,326,327,328,329,330
563,563,82
22,42,43,44,84,85,86,105,106,127,128,129,130,148,149,150,151,152,153,154,170,171,172,173,174,175,176,191,192,193,194,195,196,197,198,213,214,215,216,217,218,219,220,234,235,236,237,238,239,240,256,257,258,259,260,261,262,277,278,279,280,281,282,283,284,285,298,299,300,301,302,303,304,305,320,321,322,323,324,325,326,330
547,547,132
11,12,13,14,15,17,33,38,39,55,58,60,61,75,76,77,79,80,82,83,84,85,97,98,99,100,101,103,104,105,119,120,121,122,123,124,125,126,141,142,143,144,145,146,147,148,149,165,167,168,169,170,171,172,183,187,188,189,190,191,192,193,204,205,206,207,208,209,210,211,212,213,226,227,228,229,230,231,232,233,234,235,236,246,247,248,249,250,251,252,253,254,255,256,257,258,268,269,270,271,272,273,274,275,276,277,288,289,290,291,292,293,294,295,296,297,298,299,300,310,311,312,313,314,315,316,317,318,319,320,321,322
515,515,133
1,2,3,4,5,6,7,8,10,11,23,24,25,26,27,28,29,30,31,45,46,47,48,49,50,51,52,53,54,67,68,69,70,71,72,73,74,75,76,77,89,90,91,92,93,94,95,96,97,111,112,113,114,115,116,117,118,119,120,121,133,134,135,136,137,138,140,142,155,156,157,158,159,160,161,177,178,179,180,181,182,183,184,199,200,201,202,203,204,205,207,221,222,223,224,225,226,227,228,243,244,245,246,247,248,249,250,251,265,266,267,268,269,270,271,272,273,287,288,289,290,291,292,293,302,309,310,311,312,313,314,315,316
380,380,117
1,2,3,4,5,6,7,8,9,10,11,23,24,25,26,27,28,29,30,31,32,45,46,47,48,49,50,51,52,53,54,67,68,69,70,71,72,73,74,75,76,77,89,90,91,92,93,94,95,96,97,98,111,112,113,114,115,116,117,118,119,133,134,135,136,137,138,139,140,155,156,157,158,159,160,161,177,178,179,180,181,182,183,199,200,201,202,203,204,205,221,222,223,224,225,226,227,243,244,245,246,247,265,266,267,268,269,287,288,289,290,291,309,310,311,312,313
270,270,118
1,2,3,4,5,6,7,8,9,11,23,24,25,26,27,28,29,30,31,32,45,46,47,48,49,50,51,52,53,54,67,68,69,70,71,72,73,74,76,89,90,91,92,93,94,95,96,97,111,112,113,114,115,116,117,133,134,135,136,137,138,139,155,156,157,158,159,160,161,177,178,179,180,181,182,191,196,199,200,201,202,203,204,205,211,212,213,221,222,223,224,225,226,235,243,244,245,246,247,253,265,266,267,268,281,282,287,288,289,290,301,302,303,309,310,323,324,325
32,32,118
1,2,3,4,5,6,7,8,10,23,24,25,26,27,28,29,30,31,32,33,45,46,47,48,49,51,52,53,54,67,68,69,70,71,72,73,74,75,76,89,90,91,92,93,94,97,98,99,111,112,113,114,115,118,119,120,133,134,135,136,137,140,155,156,157,158,161,162,177,178,179,180,181,182,190,191,200,201,202,203,204,211,212,213,214,218,222,223,226,233,234,236,244,245,246,247,252,253,256,258,259,266,268,272,273,274,281,283,290,295,297,301,302,303,322,323,324,325
310,310,114
1,2,3,4,5,6,7,8,9,11,18,23,24,25,26,27,28,29,30,32,33,45,46,47,48,49,50,51,52,53,56,67,68,69,70,71,72,74,76,77,89,90,91,92,93,94,96,98,99,111,112,113,114,115,117,119,120,131,132,133,134,135,136,138,153,155,156,157,158,160,161,162,169,178,179,180,181,182,189,190,191,202,203,212,219,224,225,231,235,246,253,254,256,257,258,266,274,279,280,281,282,283,284,299,300,301,302,303,306,321,322,323,324,325
571,571,109
1,2,3,4,5,6,10,11,12,13,23,24,25,26,27,28,33,45,46,47,48,49,55,56,67,68,69,70,72,77,83,89,90,91,92,95,97,98,99,104,105,106,109,111,112,113,114,119,120,121,125,131,132,133,134,136,147,153,154,155,156,157,162,165,169,170,178,180,187,190,191,194,196,197,203,212,213,218,219,220,234,242,255,256,257,258,259,262,263,264,278,279,280,281,283,284,285,295,299,300,301,302,303,306,321,322,323,324,325
354,354,108
1,2,3,4,5,6,11,23,24,25,26,27,28,32,45,46,47,48,49,67,68,69,71,74,76,77,83,84,89,90,96,97,98,104,109,111,112,119,120,121,125,130,131,132,133,147,148,153,154,155,156,169,170,173,175,185,190,191,193,194,195,196,197,208,211,212,213,218,219,220,233,234,235,242,256,257,258,262,263,264,274,276,278,279,280,281,283,284,285,286,298,299,300,301,302,303,305,306,307,308,317,321,322,323,324,325,327,328
23,23,100
6,9,10,11,31,32,33,39,41,43,54,56,61,62,65,67,74,78,82,83,84,87,88,89,96,104,105,110,125,131,132,133,147,148,153,154,155,156,168,169,170,175,176,188,189,190,191,194,195,196,197,210,211,212,213,214,218,219,229,232,233,234,235,236,254,255,256,257,259,273,274,277,278,279,281,282,283,284,293,295,296,299,300,301,302,303,304,305,306,307,317,318,321,322,323,324,325,327,328,329
81,81,101
1,2,3,4,10,11,12,24,25,26,32,33,45,46,47,48,53,67,68,71,88,89,90,109,110,111,119,120,127,128,130,131,132,142,147,148,149,150,151,152,153,154,164,172,173,174,175,176,193,194,195,196,197,207,208,218,219,220,238,240,241,242,252,258,259,260,261,262,263,264,273,276,277,278,279,280,281,283,284,285,286,293,294,295,297,298,299,300,301,302,303,305,306,307,320,321,322,323,324,325,326
325,325,100
1,2,3,4,6,10,11,23,27,32,45,46,47,53,67,68,69,74,88,89,97,109,110,111,119,120,126,127,128,129,130,131,132,142,148,149,150,151,152,153,154,168,169,171,172,173,174,175,176,189,193,194,195,196,197,198,207,208,218,219,220,230,239,240,241,242,259,260,261,263,273,276,277,278,279,280,281,283,284,285,293,294,297,298,299,300,301,302,303,306,307,315,319,320,321,322,323,324,325,326
435,435,100
1,2,3,4,10,11,23,24,28,32,33,34,45,46,48,67,88,89,107,109,110,111,119,120,127,128,129,130,131,132,142,148,149,151,152,153,154,168,169,170,171,172,173,174,175,176,193,194,195,197,207,208,218,219,220,226,230,239,240,241,242,248,251,260,261,262,263,264,272,273,276,277,278,279,280,281,282,283,284,285,286,293,296,298,299,300,301,302,303,306,307,308,319,320,321,322,323,324,325,326
280,280,99
2,11,12,23,32,33,34,47,54,55,67,109,119,120,127,128,130,131,132,142,146,147,148,149,150,151,152,153,154,167,168,169,170,172,173,174,175,176,190,193,194,195,196,197,198,207,208,217,218,219,220,221,239,240,241,242,248,251,255,259,261,262,263,271,272,273,275,276,277,278,279,280,281,282,283,284,285,286,294,297,298,299,300,301,302,303,305,307,308,319,320,321,322,323,324,325,326,329,330
126,126,97
1,10,11,12,32,33,34,48,54,55,109,119,120,127,130,131,132,147,149,150,151,152,153,154,164,169,170,171,172,173,174,175,176,193,194,195,196,197,198,206,207,208,217,218,219,220,226,231,238,239,240,241,242,248,251,253,259,260,261,262,263,264,272,273,276,277,278,279,280,281,282,283,284,285,292,293,297,298,299,300,301,302,303,304,307,308,316,317,319,320,321,322,323,324,325,326,330
471,471,95
10,11,12,13,32,33,34,54,55,109,120,127,130,131,132,142,147,148,149,151,152,153,154,167,168,169,172,173,174,175,176,194,195,196,197,198,207,208,210,217,218,219,220,237,238,239,240,241,242,248,249,254,259,260,261,262,263,264,270,271,275,276,277,278,279,280,281,282,283,284,293,296,297,298,299,300,301,302,303,304,305,306,307,308,316,317,318,319,320,321,322,323,324,325,326
537,537,92
10,11,12,13,33,34,54,55,76,109,110,119,120,130,131,132,142,148,150,151,152,153,154,164,169,170,171,172,173,174,175,176,194,195,196,197,198,207,208,217,218,219,220,232,238,239,240,241,242,248,253,254,255,256,259,262,263,270,271,276,277,278,279,280,281,282,283,284,293,294,296,297,298,299,300,301,302,303,304,307,308,316,317,319,320,321,322,323,324,325,326,327
227,227,89
10,11,12,13,54,55,109,110,127,128,130,131,132,148,149,150,151,152,153,154,164,168,169,171,172,173,174,175,176,186,189,190,194,195,196,197,198,207,208,210,216,217,218,219,220,226,227,228,238,240,241,242,248,258,259,271,273,275,276,277,278,279,280,281,283,285,293,294,295,297,298,299,300,301,302,303,304,305,307,317,319,320,321,322,323,324,325,326,327
19,19,83
10,14,19,44,66,88,98,99,105,107,108,109,110,125,129,130,131,151,152,153,154,168,169,170,171,172,175,176,189,190,191,192,193,195,196,197,206,208,209,212,213,217,218,219,220,226,227,228,230,241,242,247,249,250,256,270,271,275,276,277,278,280,281,283,284,292,293,297,298,299,300,301,302,303,304,319,320,321,322,323,324,325,326
428,428,79
36,43,66,76,110,129,130,131,132,146,147,148,149,150,152,153,154,167,169,171,175,176,193,198,206,207,212,213,216,219,227,228,234,235,236,237,240,241,248,249,250,254,255,256,257,258,261,262,263,269,270,271,275,276,277,278,279,283,292,293,294,295,296,297,298,299,300,301,302,313,316,317,318,319,320,321,322,323,324
34,34,76
10,88,109,110,125,128,129,130,131,132,141,145,146,147,148,149,150,151,152,153,154,167,168,170,171,176,196,198,207,212,213,219,220,226,227,228,234,241,242,248,249,250,254,255,256,257,261,269,270,271,275,276,277,278,279,280,283,295,296,297,298,299,300,301,302,313,314,316,317,318,319,320,321,322,323,324
415,415,68
10,11,54,55,76,98,127,128,131,132,145,146,147,148,152,153,154,166,167,168,169,207,213,216,219,220,226,227,228,235,236,237,248,249,250,254,255,256,257,269,270,271,274,275,276,277,278,279,294,295,296,297,298,299,300,301,302,313,315,316,317,318,319,320,321,322,323,324
283,283,57
32,54,126,130,131,132,143,144,145,146,149,152,153,154,168,171,207,219,226,227,248,249,250,254,255,256,257,259,269,270,271,275,276,277,278,279,280,281,295,296,297,298,299,300,301,302,312,313,316,317,318,319,320,321,322,323,324
542,542,46
126,127,128,130,131,132,152,153,154,207,219,227,236,248,249,254,255,256,257,258,270,271,274,275,276,277,278,279,280,281,294,295,296,297,298,299,300,301,317,318,319,320,321,322,323,324
112,112,43
105,130,131,132,145,146,147,153,154,168,207,219,249,253,254,255,256,257,262,270,271,274,275,276,277,278,279,280,283,293,295,296,297,298,300,301,313,319,320,321,322,323,324
212,212,46
43,65,105,109,126,127,128,130,131,132,146,147,152,154,207,217,219,228,237,254,255,256,257,258,259,274,275,276,277,278,279,280,281,283,293,295,296,297,299,300,301,320,321,322,323,324
497,497,52
21,42,43,66,105,127,131,132,147,152,154,168,207,208,219,226,227,228,241,242,248,254,255,256,257,258,261,262,263,264,273,274,275,276,277,278,279,280,281,282,283,292,295,296,298,299,300,301,320,321,322,323
14,14,60
34,82,83,110,120,128,129,132,150,151,152,153,154,171,172,176,204,205,207,216,217,225,226,227,239,247,248,249,254,255,256,257,260,261,269,270,275,276,277,279,282,292,297,298,299,301,305,306,307,308,312,313,319,320,321,322,326,328,329,330
284,284,61
105,110,131,132,146,167,204,205,207,210,211,212,213,214,216,217,225,226,232,233,234,235,236,237,241,242,247,248,253,254,255,256,257,258,259,260,262,263,264,269,274,275,276,278,279,280,282,291,294,295,298,299,300,301,302,314,320,322,323,324,330
468,468,66
105,106,109,110,119,120,127,131,132,147,203,204,205,207,214,216,217,219,225,226,227,234,235,236,237,241,242,247,248,254,255,256,257,258,259,260,261,264,270,273,274,275,276,277,278,279,280,281,282,284,291,292,294,296,298,299,300,301,302,303,319,320,321,322,323,324
259,259,73
105,106,110,127,146,167,188,204,205,206,207,209,210,211,212,213,214,215,216,217,225,226,232,233,234,235,236,237,241,242,247,248,253,254,255,256,257,258,259,260,262,264,269,270,274,275,276,277,278,279,280,281,282,283,291,292,294,295,296,297,298,299,300,301,302,303,319,320,321,322,323,324,329
501,501,76
105,106,147,167,185,188,189,196,203,204,205,207,210,211,213,214,215,216,217,219,225,226,227,234,235,236,237,239,240,241,242,247,248,254,255,256,257,258,259,260,261,262,264,269,270,273,274,275,276,277,278,279,280,281,282,283,284,286,291,294,295,296,297,298,299,300,301,302,303,306,319,320,322,323,324,329
499,499,81
47,106,147,175,188,189,195,204,205,207,209,210,211,212,213,214,215,216,217,218,219,225,226,227,232,233,234,235,236,237,238,239,240,241,242,247,248,253,254,255,256,257,258,259,260,261,262,263,270,273,274,275,276,277,278,279,280,281,282,283,291,292,294,295,297,298,299,300,301,302,303,316,318,319,320,321,322,323,324,329,330
256,256,86
109,119,147,167,175,182,188,189,190,193,196,203,204,205,207,210,211,212,213,214,215,216,217,218,219,226,233,234,235,236,237,238,239,240,241,242,247,248,249,252,254,255,256,257,258,259,260,261,262,263,264,269,270,273,274,275,276,277,278,279,280,281,282,283,284,286,291,293,294,295,297,298,299,300,301,302,303,316,318,319,320,321,322,323,324,330
330,330,90
119,147,167,175,182,188,189,190,191,192,193,194,195,196,198,203,204,205,207,209,210,211,212,213,214,215,216,217,218,219,220,226,227,232,233,234,235,236,237,238,239,240,241,242,247,249,253,254,255,256,257,258,259,260,261,262,263,264,270,273,274,275,276,277,278,279,280,281,282,283,293,294,295,297,298,299,300,301,302,303,316,318,319,320,321,322,323,324,329,330
428,428,94
2,109,110,119,133,147,167,175,182,188,189,190,191,192,193,194,195,196,197,204,205,207,210,211,212,213,214,215,216,217,218,219,220,225,226,227,233,234,235,236,237,238,239,240,241,242,247,248,252,254,255,256,257,258,259,260,261,262,263,264,269,270,273,274,275,276,277,278,279,280,281,282,283,284,286,292,293,294,295,298,299,300,301,302,303,306,319,320,321,322,323,324,329,330
286,286,90
2,3,4,5,6,7,12,13,26,27,28,50,109,131,132,176,190,191,192,193,194,195,197,203,208,209,213,214,215,216,217,219,220,224,225,226,231,232,234,235,236,237,238,239,246,247,253,254,255,256,257,258,259,260,268,269,274,275,276,278,279,280,281,282,283,284,285,291,296,297,298,301,302,304,305,306,307,308,318,319,320,321,322,324,325,326,327,328,329,330
356,356,102
20,21,22,41,42,43,44,64,65,66,85,86,87,88,106,107,108,109,110,129,130,131,132,152,153,154,173,174,175,176,189,190,191,192,193,194,195,196,197,198,207,208,209,210,211,212,213,214,215,216,217,218,219,220,232,233,234,235,236,237,238,239,240,241,242,252,255,256,257,258,259,260,261,262,263,264,278,279,280,281,282,283,284,285,286,298,299,300,301,302,303,304,306,307,308,319,320,321,322,323,329,330
360,360,105
17,18,19,20,21,22,38,39,40,41,42,43,44,61,62,63,64,65,66,83,84,85,86,87,88,105,106,107,108,109,110,127,128,129,130,131,132,150,151,152,153,154,168,169,170,171,172,173,174,175,176,189,190,191,192,193,194,195,196,197,198,210,211,212,213,214,215,216,217,218,219,220,234,235,236,237,238,239,240,241,242,255,256,257,258,259,260,261,262,263,264,280,281,283,284,285,286,301,302,306,307,308,321,329,330
287,287,105
15,16,17,18,19,20,21,22,38,39,40,41,42,43,44,59,60,61,62,63,64,65,66,82,83,84,85,86,87,88,104,105,106,107,108,109,110,126,127,128,129,130,131,132,148,149,150,151,152,153,154,169,170,171,172,173,174,175,176,190,191,192,193,194,195,196,197,198,213,214,215,216,217,218,219,220,235,236,237,238,239,240,241,242,259,260,261,262,263,264,280,281,282,283,284,285,286,304,305,306,307,308,328,329,330
294,294,121
14,15,16,17,18,19,20,21,22,36,37,38,39,40,41,42,43,44,58,59,60,61,62,63,64,65,66,80,81,82,83,84,85,86,87,88,103,104,105,106,107,108,109,110,126,127,128,129,130,131,132,148,149,150,151,152,153,154,167,168,169,170,171,172,173,174,175,176,189,190,191,192,193,194,195,196,197,198,211,212,213,214,215,216,217,218,219,220,235,236,237,238,239,240,241,242,255,256,257,258,259,260,261,262,263,264,269,280,281,282,283,284,285,286,302,306,308,322,328,329,330
508,508,138
10,11,13,14,15,16,32,34,35,37,38,56,57,58,59,60,77,78,79,80,83,98,99,100,101,102,104,105,119,120,121,122,123,124,125,126,127,129,142,143,144,145,146,147,148,149,150,151,152,153,166,167,168,169,170,171,172,173,174,175,176,188,189,190,191,192,193,194,195,196,197,198,208,209,210,211,212,213,214,215,216,217,218,219,220,230,231,232,233,234,235,236,237,238,239,240,241,242,254,255,256,257,258,259,260,261,262,263,264,276,277,278,279,280,281,282,283,285,286,297,298,299,300,301,302,304,305,306,307,308,319,320,321,322,323,324,329,330
294,294,119
1,2,23,24,26,45,46,47,76,97,98,111,119,120,121,133,135,141,142,143,155,156,157,158,159,165,166,167,181,182,183,186,187,188,189,190,191,192,193,202,203,204,205,206,207,208,209,210,211,212,213,214,224,225,226,227,228,229,230,231,232,233,234,235,236,245,246,247,248,249,250,251,252,253,254,255,256,257,267,268,269,270,271,272,273,274,275,276,277,278,279,288,289,290,291,292,293,294,295,296,297,298,299,300,301,310,311,312,313,314,315,316,317,318,319,320,321,322,323
377,377,89
1,2,23,24,25,45,46,67,89,111,112,133,134,135,155,156,157,159,177,178,179,180,181,182,183,199,200,201,202,203,204,205,207,208,209,221,222,223,224,225,226,227,228,229,230,243,244,245,246,247,248,249,250,251,252,253,265,266,267,268,269,270,271,272,273,274,287,288,289,290,291,292,293,294,295,296,309,310,311,312,313,314,315,316,317,318,319,320,321
230,230,82
76,98,119,120,141,142,143,153,166,167,168,169,170,171,172,173,174,177,182,183,187,188,189,190,191,192,193,194,195,199,207,208,209,210,211,212,213,214,221,226,227,229,230,231,232,233,235,236,243,244,245,246,247,248,252,253,254,255,256,257,265,266,267,268,273,274,278,287,288,289,290,294,295,300,309,310,311,312,313,320,321,322
114,114,64
98,119,120,141,153,164,165,167,168,169,170,171,172,173,174,175,182,187,188,189,190,191,192,193,194,195,207,208,209,210,211,212,213,214,215,216,219,229,230,231,232,233,236,246,247,252,253,255,256,257,258,259,268,273,274,278,279,280,295,299,300,310,321,322
489,489,65
98,99,119,120,149,153,167,168,169,170,171,172,173,174,187,188,189,190,191,192,193,194,195,207,208,209,210,211,212,213,215,216,217,219,227,228,229,230,231,232,233,236,237,246,252,253,255,256,257,258,259,273,274,277,278,279,280,294,295,296,299,300,310,321,322
483,483,60
99,119,120,141,153,168,169,170,171,172,173,174,187,188,189,190,191,192,193,194,195,207,208,209,210,211,212,213,216,219,227,228,229,230,231,232,235,236,246,247,252,253,254,255,256,257,259,273,274,278,279,294,295,296,299,300,310,320,321,322
49,49,58
98,119,120,141,149,169,170,171,172,173,187,188,189,190,191,192,193,194,207,208,209,210,211,212,213,216,219,226,227,229,230,231,232,233,235,236,246,247,252,253,255,256,257,258,259,273,274,278,279,280,294,295,296,299,300,320,321,322
359,359,55
98,119,120,148,149,152,153,169,170,171,172,173,188,189,190,191,193,194,197,207,208,209,210,211,212,213,216,219,227,228,229,230,231,232,235,236,246,247,252,253,255,256,257,258,259,273,274,277,278,280,281,299,300,321,322
180,180,53
98,99,119,120,141,149,169,170,171,172,173,174,188,189,190,191,193,194,207,208,209,210,211,212,213,216,219,227,228,229,230,231,233,235,236,237,246,247,249,252,255,256,258,259,273,274,275,278,280,295,300,321,322
99,99,53
98,119,120,141,149,153,165,169,170,171,172,173,182,187,189,190,191,193,194,207,208,209,210,211,212,213,214,219,226,227,228,229,230,231,233,235,236,246,252,253,255,256,257,258,259,273,274,278,294,299,300,321,322
237,237,51
98,119,120,141,153,165,168,169,170,171,172,173,174,182,188,189,190,191,193,194,197,207,208,209,210,211,212,213,219,227,228,229,230,231,232,236,246,247,252,255,256,258,259,273,274,275,278,294,300,321,322
196,196,53
98,119,120,141,148,149,153,165,169,170,171,172,173,174,187,189,191,193,194,195,207,208,209,210,211,213,219,227,228,229,230,232,233,235,236,246,247,252,253,256,257,258,259,273,274,275,278,280,294,299,300,321,322
50,50,43
98,119,120,141,142,165,171,173,187,188,189,191,193,194,207,208,209,210,211,213,216,217,218,219,226,227,229,230,231,232,233,234,236,252,256,259,273,274,278,294,300,321,322
143,143,50
98,99,119,120,141,142,164,165,171,173,175,182,187,188,189,190,191,193,207,208,209,210,211,212,213,214,219,226,227,229,230,231,232,234,236,246,247,248,249,252,253,256,259,273,274,275,278,295,296,300
439,439,50
77,98,119,120,141,142,143,164,165,171,173,174,187,188,190,191,193,207,208,209,210,211,212,213,219,225,226,227,228,229,230,231,234,236,246,247,248,249,252,256,273,274,275,276,278,295,296,297,300,319
203,203,51
98,99,119,120,141,142,165,171,173,175,187,188,189,190,191,192,193,207,208,209,210,211,213,214,219,226,227,229,230,231,232,234,235,236,246,247,248,249,252,253,256,258,259,273,274,275,278,295,296,300,320
499,499,50
98,99,119,120,141,142,143,165,171,173,182,187,188,189,190,191,192,193,194,207,208,209,210,211,212,213,214,219,226,227,229,230,231,234,236,246,247,249,252,256,273,274,275,278,295,296,297,300,313,322
307,307,51
98,119,120,141,142,153,164,165,171,173,174,175,182,187,188,189,190,191,192,193,207,208,209,210,211,213,214,219,225,226,227,228,229,230,234,236,237,246,247,248,249,252,256,273,274,275,276,278,295,296,300
565,565,50
98,99,119,120,141,142,144,165,166,171,173,174,182,187,188,189,190,191,192,193,207,208,209,210,211,212,213,214,219,226,227,229,230,234,236,247,248,249,252,253,256,269,273,274,275,278,294,295,296,300
196,196,49
98,119,120,141,142,143,165,166,171,173,174,182,187,188,189,190,191,192,193,207,208,209,210,211,212,213,215,219,226,227,228,229,230,234,236,246,247,248,249,252,253,273,274,275,294,295,296,300,322
158,158,48
98,99,119,120,141,142,143,144,153,165,166,171,173,174,187,188,190,191,192,193,207,208,209,210,211,212,213,215,219,226,227,228,229,230,234,236,237,247,249,252,273,274,275,278,294,295,296,300
420,420,37
98,119,120,121,141,142,165,171,187,188,189,191,193,207,208,209,210,211,213,226,229,230,246,247,248,252,253,269,273,274,275,278,294,295,296,323,330
150,150,43
98,119,120,121,131,141,142,143,144,151,152,153,165,182,187,188,189,191,207,208,209,210,211,212,219,227,229,230,232,236,246,247,248,249,252,253,271,273,274,275,294,295,296
563,563,44
98,119,120,121,141,142,143,144,151,153,164,165,166,172,187,188,189,190,191,194,207,208,209,210,211,219,227,229,230,232,246,247,248,249,252,253,271,273,274,275,294,295,296,297
15,15,43
98,119,120,121,131,141,142,143,144,153,164,165,166,186,187,189,190,191,207,208,209,210,211,219,227,228,229,230,232,246,247,248,249,252,253,254,271,273,274,275,294,295,296
138,138,45
98,119,120,121,131,141,142,143,144,153,164,165,166,187,188,189,191,194,207,208,209,210,211,219,223,227,228,229,230,231,246,247,248,249,250,252,253,271,273,274,275,294,295,296,323
39,39,44
98,119,120,121,131,141,142,143,144,153,164,165,166,182,187,190,191,207,208,209,210,211,219,227,229,230,246,247,248,249,251,252,253,268,269,271,273,274,275,293,294,295,296,323
39,39,45
97,98,119,120,121,131,141,142,143,144,164,165,166,171,188,189,190,191,207,208,209,210,211,212,219,227,228,229,230,232,246,247,248,249,251,252,253,271,273,274,275,294,295,296,323
33,33,46
98,119,120,121,131,141,142,143,144,164,165,166,189,190,191,197,207,208,209,210,211,212,219,227,229,230,246,247,248,249,250,251,252,253,269,271,273,274,275,294,295,296,308,323,325,330
376,376,46
88,109,110,131,132,152,153,154,174,175,176,196,197,198,217,218,219,220,239,240,241,242,260,261,262,263,264,281,282,283,284,285,286,303,304,305,306,307,308,324,325,326,327,328,329,330
353,353,86
22,42,43,44,62,63,64,65,66,84,85,86,87,88,105,106,107,108,109,110,127,128,129,130,131,132,149,150,151,152,153,154,171,172,173,174,175,176,191,193,194,195,196,197,198,211,215,216,217,218,219,220,235,238,239,240,242,256,257,260,261,262,263,264,277,278,279,282,283,284,285,299,300,301,304,305,306,307,321,322,323,325,326,327,328,329
533,533,131
11,12,13,14,15,16,17,18,19,32,33,34,35,36,37,38,39,40,41,55,57,58,59,60,61,62,63,75,76,77,78,79,80,81,82,83,85,97,98,99,100,101,102,103,104,105,106,119,120,121,122,123,124,125,126,127,141,142,143,144,145,146,147,148,149,163,164,165,166,167,168,169,170,183,184,186,187,188,189,190,205,206,207,208,209,210,211,226,227,228,229,230,231,232,246,247,248,249,250,251,252,253,254,268,269,270,271,272,273,274,275,276,289,290,291,292,293,294,295,296,297,298,310,311,312,313,314,315,316,317,318
539,539,132
1,2,3,4,5,6,7,8,9,10,23,24,25,26,27,28,29,30,31,32,45,46,47,48,49,50,51,52,53,54,67,68,69,70,71,72,73,74,76,89,90,91,92,93,94,95,96,97,98,111,112,113,114,115,116,117,118,119,120,121,133,134,135,136,137,138,139,140,141,142,143,144,155,156,157,158,159,160,161,162,164,166,177,178,179,180,181,182,183,199,200,201,202,203,204,205,207,221,222,223,224,225,226,243,244,245,246,247,248,249,265,266,267,268,269,270,271,287,288,289,290,291,292,293,309,310,311,312,313,314,315,330
29,29,116
1,2,3,4,5,6,7,8,9,10,11,23,24,25,26,27,28,29,30,31,32,42,45,46,47,48,49,50,51,52,53,54,67,68,69,70,71,72,73,74,89,90,91,92,93,94,95,96,97,111,112,113,114,115,116,117,118,119,133,134,135,136,137,138,139,140,141,142,155,156,157,158,159,160,161,162,163,177,178,179,180,181,182,183,199,200,201,202,203,204,221,222,223,224,225,226,243,244,245,246,247,248,265,266,267,268,269,287,288,289,290,291,309,310,311,312
278,278,115
1,2,3,4,5,6,7,8,9,10,23,24,25,26,27,28,29,30,31,45,46,47,48,49,50,51,52,53,67,68,69,70,71,72,73,74,89,90,91,92,93,94,95,96,97,111,112,113,114,115,116,117,118,119,133,134,135,136,137,138,140,141,143,144,145,155,156,157,158,159,160,161,166,167,177,178,179,180,181,182,189,199,200,201,202,203,204,207,221,222,223,224,225,226,231,243,244,245,246,247,248,265,266,267,268,270,287,288,289,290,307,309,310,311,312
264,264,113
1,2,3,4,5,6,9,10,23,24,25,26,27,29,45,46,47,48,49,67,68,69,70,71,89,90,91,92,93,94,97,111,112,113,114,115,116,117,118,119,120,133,134,135,136,137,138,139,140,141,143,144,145,155,156,157,158,159,161,162,163,165,166,167,177,178,179,180,182,183,184,185,187,188,189,190,199,200,201,202,203,204,207,208,209,221,222,223,224,225,226,227,230,231,243,244,245,246,247,248,249,250,265,267,268,269,274,287,288,295,309,310,317
331,331,110
1,2,3,4,5,6,7,9,10,23,24,25,26,27,28,29,30,31,45,46,47,48,49,55,67,68,69,77,89,90,91,92,93,97,98,111,112,113,114,115,117,118,119,120,133,134,135,136,137,139,140,141,142,143,144,145,155,156,157,158,159,161,163,165,166,177,178,179,180,181,182,183,185,186,199,200,201,202,203,204,205,206,207,208,221,222,223,224,225,226,227,228,229,243,244,245,246,247,248,249,250,253,268,270,271,295,296,309,310,318
263,263,108
1,2,3,4,5,11,12,23,24,25,26,33,34,45,46,47,48,49,54,67,68,69,76,89,90,91,98,111,112,113,114,118,119,120,133,134,135,136,139,140,141,142,143,144,155,156,157,158,162,163,165,166,177,178,179,180,181,182,186,187,188,189,190,199,200,201,202,203,206,207,208,209,213,221,222,224,227,228,229,230,231,246,247,248,249,250,251,252,253,268,269,270,271,273,274,275,283,286,292,295,296,305,308,317,318,324,329,330
91,91,106
1,2,3,4,5,8,10,11,12,24,25,31,32,33,34,46,47,48,54,55,69,76,89,90,91,92,97,99,111,112,119,133,134,139,140,141,144,155,156,157,158,165,166,167,168,177,178,179,180,181,182,183,184,185,186,187,188,189,190,191,199,200,202,203,204,205,206,207,208,213,215,223,224,225,226,227,228,229,230,231,245,246,247,248,249,250,251,253,264,268,270,271,272,273,275,286,294,295,301,308,317,324,325,326,329,330
228,228,98
1,2,3,4,5,8,9,10,21,22,23,24,25,26,27,28,31,45,46,47,48,53,54,67,68,75,76,89,90,91,97,98,109,111,112,113,119,120,123,133,134,135,141,145,146,149,150,153,157,166,168,170,171,172,173,174,175,178,186,187,188,189,191,192,196,208,209,210,214,215,217,230,231,232,236,237,249,250,252,258,259,260,271,273,274,281,282,283,295,303,304,320,321,324,325,326,327,328
273,273,101
1,5,8,23,24,25,27,28,29,31,45,46,47,53,74,89,97,111,112,118,119,133,134,140,141,144,153,155,156,162,164,165,166,167,168,175,176,177,184,187,188,189,190,191,192,196,206,207,208,209,210,213,224,231,232,246,248,250,254,257,260,261,262,263,264,267,268,270,271,272,273,279,281,282,283,284,285,286,293,295,301,302,303,304,305,306,307,308,316,317,318,319,320,322,323,324,325,326,327,328,329
550,550,100
1,2,3,8,23,24,29,45,46,47,89,96,97,111,118,119,133,134,140,141,143,144,145,146,155,164,165,166,167,168,169,182,185,186,187,188,189,190,191,192,195,196,207,208,211,214,216,217,223,224,225,226,227,230,231,245,248,249,250,251,256,257,262,263,264,267,268,269,270,271,272,273,278,282,283,284,285,286,293,294,295,301,303,304,305,306,307,308,317,318,320,321,323,324,325,326,327,328,329,330
230,230,98
2,3,8,9,15,23,24,45,67,89,96,111,113,118,119,133,134,141,164,165,168,182,183,184,187,188,189,190,191,207,208,209,210,211,223,224,226,227,228,230,231,245,246,247,248,249,250,251,252,253,255,256,261,262,263,264,268,269,270,271,272,273,274,281,282,283,284,285,286,289,290,293,294,295,296,298,299,300,301,302,303,304,305,306,307,308,317,319,320,321,323,324,325,326,327,328,329,330
119,119,95
2,9,10,11,12,23,24,45,54,67,111,119,133,141,163,164,181,182,183,184,186,188,189,207,208,209,210,211,224,225,226,227,228,231,232,233,240,242,245,246,247,248,249,250,251,252,253,255,261,262,263,264,267,268,269,270,271,272,273,274,275,281,282,283,284,285,286,292,293,294,295,296,297,300,301,302,303,304,305,306,307,308,316,317,318,319,321,323,324,325,326,327,328,329,330
461,461,93
2,10,11,12,13,23,32,54,76,111,118,119,133,141,162,163,164,181,182,183,184,186,188,190,202,203,204,206,207,208,209,210,223,224,225,226,227,228,229,230,239,241,242,245,246,247,248,249,250,251,259,260,261,262,263,264,268,269,270,271,272,273,279,280,281,282,283,284,285,286,290,295,296,297,299,300,301,302,303,304,305,306,307,308,317,318,324,325,326,327,328,329,330
460,460,91
11,12,13,15,34,54,76,111,119,140,141,163,164,181,182,183,186,188,202,203,204,205,206,207,208,209,210,223,224,225,226,227,229,231,232,239,240,242,246,247,248,250,251,260,261,262,263,264,268,269,270,271,272,273,274,281,282,283,284,285,286,290,291,292,294,295,296,297,301,302,303,304,305,306,307,308,312,316,317,318,319,321,322,323,324,325,326,327,328,329,330
119,119,89
1,11,12,13,32,34,35,54,76,119,141,164,181,182,183,186,187,203,205,207,208,209,210,219,223,224,225,226,227,228,230,231,232,239,242,245,246,247,248,249,250,251,253,259,261,262,264,268,269,270,271,272,273,275,279,280,281,282,283,284,285,286,294,295,296,297,300,301,302,303,304,305,306,307,308,312,316,317,318,319,320,321,323,324,325,326,327,328,329
460,460,87
10,12,13,14,32,33,34,54,76,119,141,163,164,182,183,184,204,205,206,207,208,209,224,225,226,227,229,230,231,239,242,245,246,247,248,249,250,251,252,261,262,263,264,267,268,269,270,271,272,273,274,279,280,281,282,283,285,286,293,294,295,296,297,300,301,302,303,304,305,306,307,308,315,316,317,318,319,320,321,322,323,324,325,327,328,329,330
572,572,84
10,11,17,18,39,40,41,43,60,61,62,63,65,80,81,82,83,84,87,102,103,104,105,106,109,127,151,152,153,169,182,187,188,195,196,207,208,209,210,211,216,217,218,219,220,229,230,233,234,235,245,246,247,248,250,252,255,256,257,258,268,270,271,273,279,280,283,284,287,292,293,296,297,301,302,303,305,306,307,314,315,323,324,326
396,396,83
37,38,39,40,57,58,60,62,63,81,82,83,84,85,87,103,104,105,106,107,108,109,119,128,129,130,149,151,152,153,171,172,175,181,182,183,193,194,205,207,216,226,228,234,238,247,248,249,250,255,256,257,260,270,271,272,273,279,280,282,283,284,292,293,294,295,300,301,302,303,304,305,306,313,314,315,316,317,321,322,323,324,328
475,475,80
10,35,38,39,57,59,62,81,82,83,84,85,103,104,105,106,107,109,119,120,129,151,152,153,154,165,181,182,183,194,203,204,206,207,208,215,216,226,227,228,230,233,234,246,248,249,250,252,256,257,260,270,271,272,279,281,283,284,293,294,295,296,299,300,301,302,303,304,305,306,313,314,315,316,317,321,322,323,324,328
277,277,72
10,11,32,35,81,82,84,103,104,105,106,107,109,119,131,151,152,153,154,181,182,183,203,204,205,207,208,223,225,226,227,228,233,234,246,247,248,249,250,255,257,269,270,271,272,276,279,280,284,290,292,293,294,298,299,300,301,302,303,304,305,306,312,313,314,315,316,317,318,321,322,323
284,284,63
104,105,106,107,119,129,130,131,143,144,148,149,151,152,153,154,165,167,171,176,193,194,203,204,208,210,211,215,224,225,226,227,246,247,248,249,250,257,269,270,271,272,276,277,279,280,290,291,292,293,294,300,301,302,303,312,313,314,315,316,317,318,324
10,10,52
1,105,106,107,129,130,131,145,146,148,150,151,152,153,154,165,167,172,175,176,193,194,195,197,198,208,210,215,219,246,247,248,249,250,270,271,279,290,291,292,293,301,302,305,306,311,312,313,314,315,316,328
230,230,46
1,106,123,124,128,129,145,146,150,151,152,153,154,166,167,171,175,176,193,194,197,208,209,218,219,230,248,249,250,257,271,279,283,292,293,301,302,305,306,312,313,314,315,316,327,328
493,493,50
1,109,123,128,131,145,146,150,151,152,153,154,166,167,168,171,172,174,175,176,189,194,195,197,198,208,209,210,211,219,220,230,248,249,250,271,279,283,292,293,295,296,300,305,311,313,314,315,316,327
459,459,52
107,109,119,128,145,146,150,151,152,153,154,166,167,168,173,174,175,176,194,197,198,207,208,209,210,218,219,220,230,231,249,252,255,256,268,271,273,274,278,279,293,295,296,300,305,306,315,316,324,325,327,328
412,412,61
22,42,43,44,63,64,65,66,83,84,85,86,87,88,104,105,106,107,109,126,127,128,186,208,209,213,230,234,235,236,256,257,258,259,270,274,277,278,279,280,281,282,283,284,297,298,299,301,302,303,304,305,306,313,320,321,322,323,324,325,326
342,342,62
42,43,44,66,105,126,128,145,150,151,153,175,176,186,195,197,198,207,208,209,210,211,212,219,229,230,232,233,234,235,250,251,252,254,255,257,258,261,268,272,273,274,277,278,279,282,283,295,300,301,303,304,305,308,313,314,316,319,322,324,325,327
329,329,68
22,42,43,66,88,97,104,105,106,107,119,126,127,128,149,150,151,153,154,175,176,186,187,197,198,207,208,209,210,211,213,218,219,229,230,231,232,233,235,236,239,251,252,255,256,257,263,268,274,277,278,282,283,284,294,295,298,300,301,304,305,307,308,315,316,320,326,327
303,303,73
22,42,43,44,97,105,106,119,128,146,150,152,153,154,175,176,186,187,197,198,207,208,209,210,219,225,226,227,229,230,232,234,240,248,249,250,251,254,255,257,258,259,261,268,270,271,272,273,274,277,278,282,283,284,285,292,293,294,295,299,300,304,305,307,308,314,315,316,321,322,325,326,327
248,248,77
41,104,105,119,127,141,153,154,164,175,176,182,185,186,187,197,198,207,208,209,210,219,227,228,229,230,231,232,233,234,235,247,250,251,252,254,255,256,257,261,268,269,270,271,273,274,276,277,278,281,282,283,284,292,293,294,295,299,300,301,303,304,305,307,308,314,315,316,317,320,321,322,324,325,326,327,330
490,490,80
97,119,128,141,152,153,154,175,176,186,187,188,198,207,208,209,210,211,219,226,227,228,229,230,231,232,233,234,246,247,248,249,250,251,252,254,255,256,257,258,261,262,264,268,269,271,273,274,276,277,278,279,281,282,283,284,286,291,293,295,296,299,300,304,305,306,307,308,314,315,316,317,320,322,323,324,325,326,327,330
248,248,86
10,104,119,141,153,155,175,176,182,186,187,197,198,207,208,209,210,219,227,229,230,231,232,233,234,235,242,246,248,249,250,251,252,253,254,255,256,257,258,261,262,264,268,269,270,271,273,274,277,278,279,281,282,283,284,285,286,291,292,293,294,295,296,299,300,301,303,304,305,306,307,308,314,315,316,317,318,321,322,323,324,325,326,327,328,330
348,348,90
89,104,105,119,133,141,153,155,156,164,176,180,181,186,187,197,198,207,208,209,210,211,219,220,226,227,229,230,231,232,233,234,235,236,241,242,250,251,252,254,255,256,257,258,261,262,264,268,270,271,273,274,277,278,279,280,281,282,283,284,285,286,291,292,293,295,296,298,299,300,301,302,303,304,305,306,307,308,314,315,321,322,323,324,325,326,327,328,329,330
362,362,94
1,2,9,31,105,111,112,119,133,134,137,153,154,155,156,175,176,178,186,187,197,198,207,208,209,210,216,219,220,226,227,229,230,231,232,233,234,235,239,240,241,242,247,248,251,252,254,255,256,257,261,262,263,264,271,273,274,276,277,278,279,281,282,283,284,285,286,292,295,296,298,299,300,301,302,303,304,305,306,307,308,314,315,316,321,322,323,324,325,326,327,328,329,330
239,239,91
8,9,10,11,31,32,85,87,107,109,112,113,114,131,132,133,134,152,153,154,173,174,175,176,177,178,186,195,196,197,198,202,207,208,209,213,214,217,218,219,220,223,224,225,226,228,229,230,235,236,240,241,242,245,246,247,251,252,257,258,262,263,264,267,268,269,273,274,277,278,279,280,281,285,286,291,295,296,300,301,302,303,307,308,318,322,323,324,325,329,330
306,306,103
10,11,17,18,19,20,21,22,31,40,41,42,43,44,64,65,66,85,86,87,88,89,90,107,109,110,111,127,129,130,131,132,133,151,152,153,154,155,173,174,175,176,177,178,195,196,197,198,207,208,209,213,214,216,217,218,219,220,230,231,233,234,235,236,239,240,241,242,246,252,255,256,257,260,262,263,264,277,278,279,280,281,282,283,284,285,286,300,302,303,304,305,306,307,308,323,324,325,326,327,328,329,330
395,395,106
12,15,16,17,18,19,20,21,22,37,38,39,40,41,42,43,44,59,60,61,62,63,64,65,66,81,82,83,84,85,86,87,88,103,104,105,106,107,108,109,110,126,127,128,129,130,131,132,146,149,150,151,152,153,154,171,172,173,174,175,176,193,194,195,196,197,198,208,213,216,217,218,219,220,235,236,239,240,241,242,256,257,261,262,263,264,282,283,284,285,286,287,302,304,305,306,307,308,323,324,325,326,327,328,329,330
379,379,106
13,14,15,16,17,18,19,20,21,22,35,36,37,38,39,40,41,42,43,44,59,60,61,62,63,64,65,66,82,83,84,85,86,87,88,103,104,105,106,107,108,109,110,125,126,127,128,129,130,131,132,146,147,148,149,150,151,152,153,154,170,171,172,173,174,175,176,191,192,193,194,195,196,197,198,213,214,216,217,218,219,220,236,239,240,241,242,261,262,263,264,282,283,284,285,286,304,305,306,307,308,326,327,328,329,330
522,522,121
14,15,16,17,18,19,20,21,22,34,36,37,38,39,40,41,42,43,44,58,59,60,61,62,63,64,65,66,80,81,82,83,84,85,86,87,88,103,104,105,106,107,108,109,110,124,125,126,127,128,129,130,131,132,146,147,148,149,150,151,152,153,154,168,169,170,171,172,173,174,175,176,190,191,192,193,194,195,196,197,198,213,214,215,216,217,218,219,220,235,236,238,239,240,241,242,256,257,260,261,262,263,264,281,282,283,284,285,286,303,304,305,306,307,308,325,326,327,328,329,330
525,525,140
11,12,13,14,15,16,30,31,32,33,34,35,36,37,38,54,55,56,57,58,59,60,61,63,76,77,78,79,80,81,82,83,97,98,99,100,101,102,103,104,105,106,119,120,121,122,123,124,125,126,127,128,129,141,142,143,144,145,146,147,148,149,150,151,152,153,164,165,166,167,168,169,170,171,172,173,174,175,186,187,188,189,190,191,192,193,194,195,197,207,208,209,210,211,212,213,214,216,219,230,231,232,233,234,235,236,239,252,254,255,256,257,258,261,262,263,264,278,279,280,281,282,283,284,285,286,303,304,305,306,307,308,323,324,325,326,327,328,329,330
345,345,119
1,2,3,4,5,6,23,24,25,26,27,45,46,47,48,49,50,67,68,69,70,71,72,89,90,91,92,97,98,111,119,120,121,133,141,142,143,155,156,163,164,165,177,178,179,183,185,186,187,188,199,200,203,204,205,207,208,209,210,211,221,223,224,225,226,227,228,229,230,231,232,233,243,245,246,247,248,249,250,252,253,254,255,256,257,265,268,269,270,271,272,273,274,275,276,277,278,288,289,290,291,292,293,294,295,296,298,299,310,311,312,313,314,315,316,317,320,322,323
247,247,86
1,2,3,23,24,25,45,46,47,67,68,69,89,90,111,112,113,133,134,135,155,156,157,177,178,179,180,181,182,183,199,200,201,202,203,204,205,207,208,221,222,223,224,225,226,227,228,229,230,243,244,245,246,247,248,249,252,265,266,267,268,269,270,271,273,274,287,288,289,290,291,292,293,294,295,296,309,310,311,312,313,314,315,316,318,328
230,230,80
2,23,97,98,119,120,133,141,143,153,155,177,178,181,182,187,193,194,197,199,200,201,203,204,207,208,209,210,211,213,219,221,222,223,224,225,226,227,229,230,231,233,234,235,243,244,245,246,247,248,252,253,255,257,265,266,267,268,269,270,271,273,274,277,287,288,289,290,291,293,294,295,296,309,310,311,312,313,316,317
340,340,63
22,23,43,44,97,98,119,120,133,143,153,155,173,175,177,178,187,194,195,197,199,207,208,209,210,211,213,219,221,223,224,229,230,235,236,238,243,245,246,247,248,255,257,260,267,268,269,270,273,274,277,288,289,290,291,294,295,296,310,311,312,313,316
135,135,62
22,43,44,97,98,99,119,120,143,153,155,171,173,175,177,178,179,187,195,197,199,200,207,208,209,210,211,219,222,223,229,230,234,235,245,246,247,248,249,256,257,268,269,270,271,273,274,288,289,290,291,292,293,294,295,310,311,313,315,316,322,324
464,464,59
43,44,97,98,119,120,141,143,153,155,173,175,177,178,182,195,197,199,200,207,208,209,211,219,223,224,227,229,230,234,235,245,246,247,248,249,256,257,260,268,269,270,271,273,274,279,290,291,293,294,295,296,310,311,313,315,316,323,324
19,19,55
22,43,44,97,98,99,119,120,143,153,173,175,197,199,200,207,208,209,210,219,229,230,234,235,236,245,246,247,248,249,256,257,258,260,268,269,270,273,274,278,280,288,289,290,291,294,295,300,310,311,313,316,322,323,324
260,260,55
22,43,44,97,98,99,119,120,143,153,171,173,175,182,197,207,208,209,210,219,222,223,224,227,229,230,234,235,245,246,247,248,249,255,256,257,258,260,268,269,270,271,273,274,290,291,294,295,310,312,313,314,316,322,323
278,278,52
22,44,97,98,119,120,141,153,173,175,197,207,208,209,210,211,213,219,227,229,230,233,234,235,236,238,246,247,248,249,255,256,257,258,268,269,270,271,273,274,278,290,291,293,294,295,300,310,313,316,322,323
502,502,52
22,44,97,98,99,119,120,143,173,175,207,208,209,210,211,219,229,230,234,235,236,245,246,247,248,249,255,256,257,258,267,268,269,270,271,272,273,274,277,290,291,293,294,295,296,300,310,313,314,316,322,323
530,530,53
22,44,97,98,99,119,120,141,143,153,172,175,207,208,209,210,211,213,219,227,229,230,234,235,236,238,245,246,247,248,249,256,257,258,268,269,270,271,272,273,274,288,290,291,293,294,295,300,310,313,314,322,323
467,467,53
22,44,98,99,119,120,141,153,173,175,207,208,209,210,211,213,219,223,224,229,230,234,235,236,245,246,247,248,249,255,256,257,258,268,269,270,271,272,273,274,292,293,294,295,296,300,310,313,314,315,316,322,323
74,74,43
98,99,119,120,121,141,143,144,153,173,207,208,209,223,224,229,230,234,235,239,245,246,247,248,249,268,269,270,273,274,279,290,292,294,295,296,300,310,313,314,316,322,323
269,269,51
98,99,119,120,121,141,142,143,144,153,175,181,182,199,207,208,209,211,213,223,224,225,226,229,230,233,234,235,246,247,248,249,257,261,268,269,270,273,274,278,288,294,295,296,300,303,310,311,312,322,323
418,418,52
97,98,99,119,120,141,143,144,153,175,181,207,208,209,211,212,213,223,224,225,229,230,234,235,236,238,245,246,247,248,249,257,268,269,270,273,274,277,278,288,292,293,294,295,296,300,310,312,313,316,322,323
189,189,51
97,98,99,119,120,121,141,142,143,153,175,180,181,207,208,209,211,212,213,222,223,224,225,229,230,234,235,236,238,246,247,248,249,257,268,269,270,271,273,274,278,279,293,294,295,300,310,313,320,321,322
484,484,52
97,98,99,119,120,121,141,142,143,153,181,207,208,209,211,212,213,223,224,229,230,235,238,245,246,247,248,249,257,269,270,271,273,274,278,279,290,292,293,294,295,296,300,310,311,313,314,315,316,317,322,323
138,138,51
97,98,99,119,120,121,141,143,144,153,175,177,194,207,208,209,211,213,217,223,224,229,230,234,235,236,246,247,248,249,252,257,268,269,270,271,273,274,278,279,292,294,295,300,301,310,312,316,321,322,324
158,158,51
97,98,99,119,120,121,141,143,144,153,177,194,207,208,209,212,213,216,223,224,227,229,230,235,245,246,247,248,249,257,268,269,270,271,273,274,278,279,288,291,293,294,295,300,301,310,313,316,320,321,322
345,345,51
97,119,120,141,143,153,175,194,202,207,208,209,213,216,219,223,224,227,229,230,234,235,236,238,245,246,247,248,249,252,257,258,268,269,270,271,273,274,279,293,294,295,300,310,311,312,313,316,320,322,323
141,141,50
97,99,119,120,121,141,143,153,175,181,194,207,208,209,214,216,223,224,227,229,230,235,245,246,247,248,249,252,257,258,268,269,270,271,273,274,278,279,288,290,293,294,295,300,310,313,316,320,322,323
168,168,41
97,98,99,119,120,121,143,144,153,194,202,207,208,209,210,213,223,224,229,234,235,238,246,247,248,249,257,268,269,270,271,273,274,278,279,292,294,295,310,312,322
494,494,48
97,98,99,119,120,121,143,144,153,171,190,191,193,194,202,207,208,209,210,212,213,214,216,222,223,224,229,234,235,236,238,245,246,247,248,249,257,258,268,269,270,271,273,274,290,294,295,310
387,387,49
97,98,99,119,120,121,143,171,173,181,190,191,193,194,207,208,209,210,211,212,213,216,217,222,223,224,234,235,236,238,244,245,246,247,248,249,257,268,269,270,271,273,274,292,293,294,295,310,316
553,553,49
97,98,99,119,120,121,143,144,171,173,190,191,193,194,207,208,209,210,212,213,214,216,217,222,223,224,229,235,238,245,246,247,248,249,257,258,268,269,270,272,273,274,278,288,290,294,295,310,317
202,202,51
97,98,99,119,120,121,143,144,153,165,171,181,190,191,193,194,201,207,208,209,210,212,213,216,222,223,224,225,226,235,236,238,245,246,247,248,249,257,268,269,270,271,273,274,292,293,294,295,296,310,321
44,44,51
41,97,98,99,119,120,143,144,173,177,190,191,193,194,201,207,208,209,210,212,213,216,222,223,224,225,226,229,234,235,236,238,245,246,247,248,253,257,268,269,270,272,273,274,288,290,293,294,295,296,310
387,387,53
15,32,41,97,98,99,119,120,143,144,153,173,181,190,191,192,193,194,207,208,209,210,211,212,213,216,222,223,224,225,226,235,238,244,245,246,247,248,252,257,268,269,270,271,273,274,288,293,294,295,296,310,316
387,387,53
76,77,97,98,99,119,120,143,153,173,181,191,193,194,202,207,208,209,211,212,213,216,217,218,222,223,224,225,226,227,235,238,245,246,247,248,252,253,257,268,269,270,273,274,288,290,294,295,296,310,317,320,322
31,31,49
88,109,110,131,132,153,154,173,174,175,176,194,195,196,197,198,217,218,219,220,238,239,240,241,242,260,261,262,263,264,281,282,283,284,285,286,303,304,305,306,307,308,324,325,326,327,328,329,330
364,364,84
41,42,63,64,65,66,86,87,88,106,107,108,109,110,127,128,129,130,131,149,150,151,152,153,171,172,173,174,175,176,192,193,194,195,196,197,213,217,218,219,220,235,236,238,239,240,241,242,257,258,260,261,262,263,264,279,280,281,282,283,284,285,286,299,300,301,302,303,304,305,306,307,308,320,321,322,323,324,325,326,327,328,329,330
532,532,134
10,11,12,13,14,15,16,17,18,19,20,31,32,33,34,35,36,37,38,39,40,41,53,54,55,56,57,58,59,60,74,75,76,77,78,79,80,82,96,97,98,99,100,101,102,104,119,120,121,122,123,124,125,126,140,141,142,143,144,145,146,148,162,163,164,165,166,182,183,184,185,186,187,188,189,190,204,205,206,207,208,209,211,224,225,226,227,228,229,230,231,232,239,246,247,248,249,250,251,252,253,255,256,268,269,270,271,272,273,274,275,276,277,289,290,291,292,293,294,295,296,297,298,310,311,312,313,314,315,316,317,319,320,321
548,548,129
1,2,3,4,5,6,7,8,9,10,11,12,23,24,25,26,27,28,29,30,31,32,33,34,45,46,47,48,49,50,51,52,53,54,55,56,67,68,69,70,71,72,73,74,75,76,77,89,90,91,92,93,94,95,96,97,98,99,111,112,113,114,115,116,117,118,119,120,133,134,135,136,137,138,139,140,141,155,156,157,158,159,160,161,162,177,178,179,180,181,199,200,201,202,203,204,205,221,222,223,224,225,226,227,243,244,245,246,247,248,265,266,267,268,269,270,287,288,289,290,291,292,309,310,311,312,313,314,329
549,549,115
1,2,3,4,5,6,7,8,9,10,11,23,24,25,26,27,28,29,30,31,32,33,45,46,47,48,49,50,51,52,53,54,55,67,68,69,70,71,72,73,74,75,76,89,90,91,92,93,94,95,96,97,98,111,112,113,114,115,116,117,118,119,133,134,135,136,137,138,139,155,156,157,158,159,160,161,162,177,178,179,180,181,182,199,200,201,202,203,204,205,221,222,223,224,225,226,243,244,245,246,247,265,266,267,268,269,287,288,289,290,291,308,309,310,311
338,338,115
1,2,3,4,5,6,7,8,9,10,11,23,24,25,26,27,28,29,30,31,32,33,45,46,47,48,49,50,51,52,53,54,55,67,68,69,70,71,72,73,74,75,76,77,89,90,91,92,93,94,95,96,97,98,99,111,112,113,114,115,116,117,118,119,133,134,135,136,137,138,140,155,156,157,158,159,160,171,177,178,179,180,181,182,199,200,201,202,203,204,221,222,223,224,225,226,243,244,245,246,247,248,265,266,267,268,269,287,288,289,291,295,309,310,314
229,229,116
1,2,3,4,5,6,7,11,23,24,25,26,27,28,29,32,33,34,45,46,47,48,49,50,51,52,53,54,55,56,67,68,69,70,71,73,75,76,77,89,90,91,92,93,94,95,97,98,99,111,112,113,114,115,116,118,119,133,134,135,136,137,138,139,140,155,156,157,158,161,165,167,169,170,171,172,177,178,179,181,189,192,193,194,199,200,202,203,204,207,208,210,215,221,222,223,224,225,226,227,232,243,245,246,247,248,249,267,268,269,273,288,290,295,314,328
19,19,112
1,2,3,4,5,6,7,8,9,11,12,13,23,24,25,26,27,28,29,30,32,33,34,45,46,47,48,49,50,51,52,53,54,55,56,67,71,72,73,75,76,77,78,89,90,91,92,94,96,97,98,99,111,112,113,114,115,116,117,119,120,121,133,134,135,136,137,138,139,155,156,157,158,159,161,169,171,172,177,178,179,180,181,182,190,192,193,194,199,200,201,202,203,204,207,215,216,221,222,223,224,225,243,244,245,246,247,265,266,268,273,295
30,30,110
1,2,3,4,5,6,7,8,9,11,12,13,23,24,25,26,27,28,29,30,32,33,34,45,46,48,49,50,51,54,55,56,67,72,75,76,77,78,89,90,91,97,98,99,103,104,111,112,115,116,119,120,125,126,133,134,135,136,137,147,148,149,150,151,152,153,155,156,157,168,169,170,171,172,177,178,180,181,182,189,190,191,192,193,194,199,202,203,207,208,214,215,216,217,221,224,226,232,236,237,238,239,243,246,258,259,273,295,296,316
89,89,109
3,4,10,11,12,25,27,28,32,33,34,45,50,52,54,55,56,67,75,76,77,78,79,89,90,91,97,98,99,104,105,111,112,113,114,117,125,126,127,133,134,135,136,137,138,143,147,148,149,150,151,152,153,155,156,157,158,164,169,170,171,172,173,176,177,178,179,180,181,186,189,191,192,193,194,195,199,200,204,207,208,214,215,216,217,220,221,223,224,225,226,230,235,236,237,238,243,244,246,247,257,258,259,291,294,295,308,315,316
11,11,101
2,3,4,9,22,26,28,30,40,41,42,43,44,50,51,52,53,62,63,65,66,74,75,76,83,86,87,89,98,105,108,119,120,130,131,133,136,138,147,151,152,153,154,156,157,158,159,160,168,169,171,172,173,174,176,177,178,179,182,183,189,190,191,192,193,195,198,200,201,202,207,211,212,213,214,215,216,217,220,221,233,234,235,236,237,238,240,241,242,243,244,256,257,258,259,261,266,280,296,318,327
552,552,103
1,3,9,31,45,47,51,52,53,74,75,76,77,78,83,84,87,89,90,97,98,99,104,105,106,109,111,112,113,114,119,126,127,129,130,131,133,136,147,148,149,151,152,153,154,155,156,170,171,172,173,174,175,176,178,179,192,193,194,195,196,198,200,202,203,207,213,214,215,216,217,218,224,236,237,238,239,240,241,257,258,259,260,261,262,268,269,273,282,283,290,291,294,295,302,305,313,314,316,321,322,324,328
331,331,102
2,7,23,31,32,45,53,56,74,75,77,78,83,88,89,96,97,98,104,105,111,112,113,114,119,120,126,127,129,131,133,134,136,143,147,148,149,150,151,152,153,154,155,156,157,170,171,172,173,175,176,177,178,179,186,192,193,194,195,198,199,202,203,207,213,214,215,216,217,218,220,223,224,225,229,236,237,238,239,240,241,256,257,259,260,261,262,268,282,283,290,292,295,304,305,315,316,318,320,324,326,327
81,81,101
1,2,22,24,31,44,53,54,56,66,67,75,77,88,89,90,97,98,99,104,105,109,110,111,114,119,120,126,127,128,129,132,133,142,143,148,149,151,153,154,155,171,172,173,175,176,177,178,179,187,189,192,193,194,195,202,207,208,213,214,215,216,217,218,219,223,224,225,235,236,239,240,241,246,251,257,258,259,260,261,268,269,279,280,282,283,290,294,296,298,301,302,305,313,315,316,321,323,324,327,328
435,435,100
15,21,22,44,66,76,77,97,98,99,104,109,111,113,119,120,126,129,131,133,141,142,143,148,149,150,164,165,171,172,173,175,178,179,182,183,186,187,189,192,193,194,195,196,200,202,203,204,206,207,208,211,213,214,215,216,217,218,219,224,225,226,227,229,235,236,237,238,239,240,241,242,247,257,258,259,260,261,262,278,279,280,281,283,290,294,295,298,300,301,305,315,316,320,321,322,323,324,327,328
572,572,98
10,12,13,32,37,44,54,56,66,76,77,78,99,105,109,111,119,120,131,133,141,142,143,144,149,151,153,164,165,171,172,173,178,181,182,183,186,187,193,194,195,196,201,202,203,204,207,208,212,213,214,216,217,218,223,224,225,226,227,228,229,234,235,236,237,238,239,240,241,246,248,252,257,258,259,260,261,262,268,273,275,279,280,281,282,283,287,294,295,305,315,316,320,321,323,324,327,328
380,380,96
15,16,17,18,38,42,54,56,76,77,78,79,98,99,105,120,121,133,141,142,143,150,164,165,172,178,181,182,183,186,187,194,196,202,203,204,205,207,208,209,212,213,214,215,216,217,218,219,220,224,225,226,227,228,229,234,235,236,237,238,239,240,241,242,249,255,257,258,259,260,261,262,269,276,277,278,279,280,281,282,283,284,293,296,297,302,305,313,316,318,319,320,323,324,327,328
395,395,93
12,14,15,16,17,18,37,38,54,56,66,76,77,78,79,98,99,100,120,121,122,133,142,143,144,153,164,178,181,182,183,186,187,195,202,205,206,207,208,209,213,214,215,216,217,218,219,220,223,224,225,226,227,228,229,230,234,235,236,237,238,239,240,241,242,247,256,257,258,259,260,261,262,268,269,276,277,278,279,280,281,282,283,294,296,298,305,316,319,320,322,323,327
457,457,90
10,12,14,15,16,18,22,38,40,41,42,54,56,76,77,78,79,98,99,100,120,121,133,142,143,163,164,165,181,182,183,185,186,187,202,203,204,205,207,208,209,213,214,216,217,218,219,220,224,225,226,227,228,229,230,233,235,236,237,238,239,240,241,242,257,258,259,260,261,262,267,272,274,275,278,279,280,281,282,283,296,297,298,305,316,319,320,323,324,327
410,410,80
10,12,13,14,15,33,34,35,40,44,55,66,77,79,80,99,104,105,109,110,126,127,128,131,132,133,150,154,192,193,194,208,212,213,214,215,216,217,218,227,229,230,235,236,237,238,239,241,242,255,256,259,260,261,270,271,273,274,277,281,282,283,291,293,295,298,299,301,302,303,304,305,306,313,314,318,324,326,327,328
48,48,82
10,12,15,16,17,18,19,22,32,33,34,44,55,56,77,78,79,80,99,100,121,125,127,143,150,155,157,183,197,204,206,207,208,215,216,217,218,219,220,225,226,227,228,229,230,236,237,239,240,241,242,246,247,248,260,261,266,267,270,276,277,278,282,283,291,293,300,301,302,303,305,313,314,315,316,318,319,320,321,322,323,324
384,384,78
11,12,13,14,15,16,17,19,22,33,34,55,56,57,77,78,79,99,100,120,121,126,142,143,155,164,182,184,202,203,204,205,206,207,208,218,219,220,224,225,226,227,228,229,231,236,239,240,241,246,247,248,249,254,255,261,270,277,278,282,283,291,292,298,299,300,301,302,305,313,314,315,316,319,320,321,322,323
370,370,69
11,12,13,33,34,55,56,57,77,78,79,98,99,100,101,111,120,121,133,142,143,164,165,183,186,202,203,204,205,206,207,208,218,219,220,224,225,226,227,228,229,230,239,240,241,246,247,248,261,270,276,277,283,288,289,290,291,292,298,299,300,313,314,315,316,317,320,321,322
250,250,60
10,12,32,33,34,55,56,77,78,79,89,90,99,100,109,111,126,131,133,143,149,155,196,197,198,202,203,204,205,207,208,216,217,218,219,220,224,225,226,227,239,240,241,245,246,247,261,262,266,268,289,290,291,298,312,313,314,320,321,322
474,474,52
2,34,55,56,67,77,78,89,99,105,107,108,109,110,111,126,127,128,129,131,132,133,149,150,153,155,156,175,176,195,196,197,198,216,217,218,219,239,240,241,246,261,267,288,289,290,291,312,313,320,321,322
8,8,48
10,24,56,67,68,87,88,99,105,106,107,108,109,110,111,127,128,129,131,132,133,149,153,154,155,175,176,195,196,197,198,215,216,217,218,219,220,237,239,240,261,266,268,289,290,291,312,322
283,283,51
1,2,24,56,67,77,78,86,87,88,89,99,100,105,106,107,108,109,110,111,126,127,128,129,131,132,133,149,150,153,154,155,175,176,195,196,197,198,216,217,218,219,220,238,240,266,288,289,291,297,298
22,22,59
22,25,43,44,46,56,64,65,66,77,78,79,84,86,87,88,99,100,105,106,107,108,109,110,111,126,127,128,129,131,132,150,152,153,154,155,174,175,176,193,195,196,197,198,215,216,217,218,219,220,237,239,240,259,266,268,290,298,320
458,458,67
10,11,12,13,32,33,34,35,54,55,56,62,76,77,78,99,143,144,154,187,193,195,196,197,198,204,208,209,210,211,216,217,218,219,220,225,226,230,231,239,246,247,248,250,251,259,261,262,263,269,270,280,281,284,285,291,292,300,301,302,303,306,321,322,323,324,326
419,419,68
10,12,24,34,55,56,66,77,78,84,88,99,100,105,106,109,126,128,132,150,153,154,155,175,176,195,196,197,198,208,209,216,217,218,219,220,237,238,239,240,259,260,261,262,266,275,276,277,281,282,283,288,289,298,299,300,301,302,303,304,311,320,321,322,323,324,325,326
410,410,74
10,12,13,21,33,34,35,41,42,55,56,63,66,77,78,83,88,98,99,100,104,105,106,109,110,120,128,132,149,150,153,154,155,164,175,176,193,195,196,197,198,207,208,209,216,217,218,219,220,230,232,237,238,239,240,253,259,260,269,275,277,280,281,298,299,300,301,302,319,320,321,322,323,324
315,315,80
10,12,13,17,24,33,34,35,41,42,55,56,76,77,78,79,84,87,88,89,98,99,100,105,109,110,120,121,128,149,150,155,164,175,176,195,196,197,198,207,208,209,210,213,216,217,218,219,220,224,230,231,237,238,239,240,246,259,260,269,270,277,279,280,281,298,299,300,301,302,303,305,320,321,322,323,324,325,326,327
453,453,84
10,11,12,13,14,15,22,33,34,35,54,55,56,76,77,78,84,89,98,99,100,105,109,110,120,121,128,142,143,149,155,164,174,175,176,193,196,197,198,202,207,208,209,210,211,213,216,217,218,219,220,225,226,229,230,231,232,237,238,239,240,252,259,260,275,276,277,279,280,281,298,300,301,302,304,305,320,321,322,323,324,325,326,327
430,430,88
10,11,12,13,14,32,33,34,35,42,54,55,56,76,77,78,87,89,98,99,100,105,109,110,120,121,128,163,164,175,182,194,196,197,198,202,207,208,209,210,211,216,217,218,219,220,224,225,226,229,230,231,232,233,237,238,239,240,241,246,252,259,260,262,274,275,276,277,278,279,280,281,282,291,298,299,300,301,302,304,305,319,321,322,323,324,326,327
328,328,92
10,11,12,13,14,22,31,32,33,34,35,54,55,56,57,76,77,78,89,90,98,99,100,109,110,112,113,120,121,128,133,143,150,174,175,176,196,197,198,202,207,208,209,210,211,212,213,217,218,219,220,227,230,231,232,238,239,240,241,246,252,253,254,256,259,260,262,275,276,277,278,279,280,281,282,298,299,300,301,302,303,305,317,320,321,322,323,324,325,326,327,328
545,545,95
10,11,12,13,14,15,31,32,33,34,35,45,54,55,56,57,75,76,77,78,89,90,98,99,100,105,106,109,111,112,113,120,121,128,133,150,151,152,155,172,173,174,175,176,194,195,196,197,198,202,207,208,209,210,211,216,217,218,219,220,224,229,230,232,238,239,240,241,259,260,261,275,277,279,280,281,282,283,298,299,300,301,302,303,304,305,320,321,322,323,324,325,326,327,328
384,384,98
9,10,11,12,13,22,31,32,33,34,35,53,54,55,56,75,76,77,78,87,89,90,98,99,100,106,109,111,112,113,120,121,126,127,128,129,133,134,135,150,151,152,153,154,155,156,157,172,173,174,175,176,195,196,197,198,207,208,209,216,217,218,219,220,224,238,239,240,241,246,259,260,261,262,263,280,281,282,283,298,299,300,301,302,303,304,305,306,309,320,321,322,323,324,325,326,327,328
411,411,100
9,10,11,12,13,14,31,32,33,34,53,54,55,56,67,68,69,70,71,75,76,83,87,88,89,90,91,92,97,98,99,105,109,110,112,119,120,121,127,131,132,137,141,142,153,154,163,164,173,174,175,176,195,196,197,198,200,201,202,207,217,218,219,220,223,224,226,240,245,246,256,257,262,263,267,268,277,278,279,280,283,284,286,289,290,298,299,300,301,302,303,308,312,320,321,322,323,324,325,326
227,227,108
9,10,11,12,13,20,21,22,31,32,33,34,41,42,43,44,53,54,55,56,64,65,66,67,68,69,76,77,78,84,86,87,88,89,90,91,98,99,100,105,106,107,108,109,110,111,112,113,119,120,128,129,130,131,132,134,135,143,151,152,153,154,173,174,175,176,177,195,196,197,198,216,217,219,220,240,241,242,260,261,262,263,264,278,281,282,283,284,286,287,289,298,299,300,302,303,304,305,306,308,320,321,322,325,326,327,328,330
237,237,108
10,11,12,13,14,15,16,17,18,19,20,21,22,32,33,34,37,38,39,40,41,42,43,44,55,56,61,62,63,64,65,66,76,77,83,84,85,86,87,88,98,104,105,106,107,108,109,110,127,128,129,130,131,132,140,150,151,152,153,154,172,173,174,175,176,194,195,196,197,198,216,217,218,219,220,238,239,240,241,242,260,261,262,263,264,281,282,283,284,285,286,298,299,300,303,304,305,306,307,308,321,322,325,326,327,328,329,330
393,393,110
11,12,13,14,15,16,17,18,19,20,21,22,33,34,35,37,38,39,40,41,42,43,44,55,56,59,60,61,62,63,64,65,66,77,81,82,83,84,85,86,87,88,102,103,104,105,106,107,108,109,110,124,125,126,127,128,129,130,131,132,147,148,149,150,151,152,153,154,171,172,173,174,175,176,194,195,196,197,198,216,217,218,219,220,238,239,240,241,242,260,261,262,263,264,282,283,284,285,286,287,304,305,306,307,308,326,327,328,329,330
235,235,125
11,12,13,14,15,16,17,18,19,20,21,22,33,34,35,37,38,39,40,41,42,43,44,55,56,59,60,61,62,63,64,65,66,76,77,78,81,82,83,84,85,86,87,88,98,100,102,103,104,105,106,107,108,109,110,122,123,124,125,126,127,128,129,130,131,132,146,147,148,149,150,151,152,153,154,171,172,173,174,175,176,193,194,195,196,197,198,213,216,217,218,219,220,238,239,240,241,242,260,261,262,263,264,282,283,284,285,286,299,300,301,304,305,306,307,308,321,322,323,325,326,327,328,329,330
517,517,142
4,5,6,7,8,9,10,11,12,13,14,15,17,25,26,27,28,29,30,32,33,34,35,37,38,48,49,50,51,52,53,54,55,56,57,58,59,60,61,74,75,76,77,78,79,80,81,83,84,97,98,99,100,101,102,103,104,105,106,119,120,121,122,123,124,125,126,127,128,129,143,144,145,146,147,151,153,169,172,173,174,175,193,194,195,197,198,207,208,209,210,213,214,216,217,218,219,220,236,238,239,240,241,242,252,258,259,260,261,262,263,264,274,277,278,280,281,282,283,284,285,286,298,299,300,301,302,303,304,305,306,307,308,321,322,323,325,326,327,328,329,330
250,250,120
1,2,3,4,5,6,7,8,23,24,25,26,27,28,29,30,45,46,47,48,49,50,51,52,67,68,69,70,71,72,73,75,89,90,91,92,93,95,97,98,99,111,112,113,114,115,118,119,120,121,133,134,135,138,142,143,155,156,157,177,178,179,182,207,208,209,215,221,224,227,229,230,243,244,246,247,248,249,250,251,252,253,267,268,270,271,272,273,274,275,276,277,278,288,289,290,291,292,293,294,295,296,297,298,299,300,301,310,311,312,313,314,315,316,317,319,320,321,322,323
352,352,88
1,2,3,4,5,23,24,25,45,46,47,48,67,68,69,70,71,89,90,91,92,111,112,113,133,134,135,136,155,156,157,158,177,178,179,180,182,199,200,201,202,203,204,207,221,222,223,224,225,226,227,243,244,245,246,247,248,252,265,266,267,268,269,270,273,274,275,287,288,289,290,291,292,293,294,295,296,309,310,311,312,313,314,315,316,317,318,320
223,223,86
1,4,10,11,12,13,32,45,67,68,69,89,90,91,97,98,99,111,119,120,121,133,141,142,143,157,177,181,182,198,199,200,201,203,204,207,208,209,219,221,222,223,224,226,238,239,243,244,245,246,247,252,265,266,267,268,269,273,274,275,277,278,287,288,289,290,291,294,295,296,298,299,300,301,309,310,311,312,313,316,319,320,321,322,323,324
230,230,72
10,11,12,13,32,76,77,89,97,98,99,109,111,119,120,121,141,142,143,153,178,181,182,197,198,203,207,208,219,221,222,223,224,244,245,246,247,252,260,266,267,268,269,273,274,275,276,277,282,288,289,290,294,295,296,297,298,299,300,301,302,303,310,311,312,313,314,319,320,321,322,323
234,234,70
10,11,12,13,32,33,76,77,97,98,99,105,109,119,120,121,141,142,143,153,174,175,182,197,198,207,208,219,220,239,243,246,247,252,253,266,267,268,269,273,274,275,276,277,278,280,281,282,288,289,290,291,294,295,296,297,298,299,300,302,303,310,311,312,313,319,320,321,322,323
327,327,66
10,11,12,13,77,97,98,99,105,109,119,120,121,141,142,143,153,175,176,198,207,208,219,220,230,239,243,244,246,247,252,253,266,267,268,269,273,274,275,276,277,278,279,282,288,289,290,291,295,296,297,298,299,300,301,302,303,310,311,312,313,319,320,321,322,323
340,340,63
10,11,12,32,77,87,98,99,109,119,120,121,141,142,143,153,176,198,207,208,209,219,245,246,247,252,253,266,268,269,273,274,275,276,277,278,279,281,282,288,289,290,291,295,296,297,298,299,300,301,302,303,304,310,311,312,313,319,320,321,322,323,324
134,134,62
11,12,42,76,97,98,99,105,109,119,120,121,141,142,143,153,198,207,208,219,244,246,247,252,253,255,267,268,269,273,274,275,276,277,278,279,280,282,288,289,290,291,294,295,296,297,298,299,300,301,302,303,304,310,311,312,313,320,321,322,323,324
429,429,62
10,11,12,76,98,99,109,119,120,121,141,142,143,153,207,208,209,219,246,247,252,253,255,266,267,268,269,273,274,275,277,278,279,281,282,283,288,289,290,291,294,295,296,297,298,299,300,301,302,303,304,310,311,312,313,318,319,320,321,322,323,324
467,467,63
11,12,76,77,88,98,99,109,119,120,121,141,142,143,153,207,208,219,224,244,246,247,252,253,257,262,266,267,268,269,273,274,275,277,278,279,280,282,288,289,290,291,294,295,296,297,298,299,300,301,302,303,304,310,311,312,313,319,320,321,322,323,324
327,327,62
10,12,98,99,105,109,119,120,121,141,142,143,153,173,207,208,220,224,244,245,246,247,252,253,255,266,267,268,269,273,274,275,276,277,278,279,280,282,288,289,290,291,295,296,297,298,299,300,301,302,303,304,310,311,312,313,319,320,321,322,323,324
234,234,64
10,12,97,98,99,105,109,119,120,121,141,142,143,207,208,219,220,224,244,245,246,247,252,253,255,257,266,267,268,269,273,274,275,276,277,278,279,280,281,282,284,288,289,290,291,295,296,297,298,299,300,301,302,303,304,310,311,312,313,320,321,322,323,324
73,73,54
12,76,98,99,109,119,120,121,141,142,207,208,224,244,245,246,247,252,253,255,267,268,269,273,274,275,276,277,278,279,280,288,289,290,291,295,296,297,298,299,300,301,302,303,304,310,311,312,313,320,321,322,323,324
262,262,56
12,22,39,77,98,99,109,119,120,121,141,142,143,153,176,207,208,224,230,246,247,252,253,255,256,269,273,274,275,276,277,278,279,280,282,288,289,295,296,297,298,299,300,301,302,303,304,310,311,312,313,319,320,321,322,323
135,135,58
11,12,22,98,99,105,109,119,120,121,141,142,143,207,208,224,229,246,247,252,253,254,255,256,266,268,269,273,274,275,276,277,278,279,280,281,282,288,289,294,295,296,297,298,299,300,301,302,303,304,310,311,312,313,320,321,322,323
135,135,57
11,12,22,97,98,99,105,109,119,120,121,142,143,176,207,208,246,247,252,253,254,255,256,257,269,272,273,274,275,276,277,278,279,280,281,282,288,289,294,295,296,297,298,299,300,301,302,303,304,310,311,312,320,321,322,323,324
31,31,57
12,22,98,99,105,109,119,120,121,141,142,143,176,207,208,224,229,246,247,252,253,254,255,256,257,266,268,273,274,275,276,277,278,279,280,281,282,288,289,294,295,296,297,298,299,300,301,302,304,310,311,312,313,320,321,322,323
379,379,57
11,12,22,97,98,99,109,119,120,121,142,143,153,176,207,208,246,247,251,252,253,254,255,256,257,266,273,274,275,276,277,278,279,280,281,282,288,289,294,295,296,297,298,299,300,301,302,303,304,305,310,311,312,320,321,322,323
150,150,56
12,22,98,99,105,109,119,120,121,142,143,207,208,224,246,247,252,253,254,255,256,257,266,273,274,275,276,277,278,279,280,281,282,288,289,293,294,295,296,297,298,299,300,301,302,303,304,310,311,312,313,320,321,322,323,324
13,13,54
12,97,98,99,109,119,120,121,142,143,153,176,207,208,246,247,252,253,254,255,256,257,269,273,274,275,276,277,278,279,280,281,282,285,288,289,294,295,296,298,299,300,301,302,303,304,305,310,311,312,320,321,322,323
396,396,54
10,22,97,98,99,109,119,120,121,142,143,153,207,208,224,246,247,252,253,254,255,256,257,266,268,269,273,274,275,276,277,278,279,280,281,282,288,289,295,296,298,299,300,301,302,303,304,310,311,312,320,321,322,323
145,145,42
97,98,99,109,119,120,121,207,246,247,252,253,254,255,256,257,266,273,274,275,276,277,278,279,280,288,289,295,296,298,299,300,301,302,303,305,310,311,312,321,322,324
258,258,49
12,97,98,99,109,119,120,121,142,143,153,207,208,225,246,247,248,252,253,254,255,256,257,269,273,274,275,276,277,278,279,280,288,295,296,298,299,300,301,302,303,304,305,310,311,320,321,322,323
75,75,48
76,97,98,99,109,119,120,121,142,143,153,207,208,224,246,247,252,253,254,256,257,269,273,274,275,276,277,278,279,280,288,295,296,298,299,300,301,302,303,304,310,311,312,320,321,322,323,324
180,180,48
23,97,98,99,109,119,120,121,142,202,207,208,225,230,246,247,252,253,255,256,257,269,273,274,275,276,277,278,279,280,288,294,295,296,297,298,299,300,301,302,303,304,310,311,320,321,322,323
3,3,50
63,97,98,99,109,119,120,121,142,143,207,208,225,230,246,247,252,253,254,256,257,269,273,274,275,276,277,278,279,280,288,290,294,295,296,297,298,299,300,301,302,303,304,310,311,320,321,322,323,324
39,39,52
76,97,98,99,109,119,120,121,141,143,153,207,208,209,219,224,230,246,247,252,253,254,256,257,268,269,273,274,275,276,277,278,279,280,288,294,295,296,297,298,299,300,301,302,303,304,310,311,320,321,322,323
114,114,55
41,63,76,77,97,98,99,109,119,120,121,142,207,208,209,224,225,230,246,247,252,253,254,255,256,257,269,273,274,275,276,277,278,279,280,288,294,295,296,297,298,299,300,301,302,303,304,305,310,311,320,321,322,323,324
355,355,55
63,76,77,97,98,99,109,119,120,121,142,143,153,202,207,208,209,219,224,225,230,246,247,252,253,254,256,257,269,273,274,275,276,277,278,279,280,288,294,295,296,297,298,299,300,301,302,303,304,305,310,319,320,321,322
49,49,54
66,87,88,109,110,131,132,153,154,174,175,176,196,197,198,217,218,219,220,238,239,240,241,242,260,261,262,263,264,270,279,280,281,282,283,284,285,286,302,303,304,305,306,307,308,322,323,324,325,326,327,328,329,330
19,19,87
21,22,41,42,43,44,63,64,66,87,88,109,110,131,132,149,150,151,152,153,154,158,171,172,173,174,175,176,193,194,195,196,197,198,213,214,215,216,217,218,219,220,234,235,236,237,238,239,240,241,256,257,258,259,260,261,262,263,276,277,278,279,280,281,282,283,284,298,299,300,301,302,303,304,305,306,307,308,320,321,322,323,324,325,326,327,329
516,516,135
1,11,12,13,14,15,16,17,19,20,32,33,34,35,37,38,39,40,54,55,56,57,59,61,75,76,77,78,79,81,82,96,97,98,99,100,117,118,119,120,121,122,140,141,142,143,144,145,146,147,148,162,163,164,165,166,167,168,169,170,171,183,185,186,187,188,189,190,191,204,207,208,209,210,211,212,224,225,226,227,228,229,230,231,232,233,234,245,246,247,248,249,250,251,252,253,254,255,256,257,267,268,269,270,271,272,273,274,275,276,277,278,289,290,291,292,293,294,295,296,297,298,299,300,310,311,312,313,314,315,316,317,318,320,321
548,548,129
1,2,3,4,5,6,7,8,9,10,11,12,23,24,25,26,27,28,29,30,31,32,33,34,45,46,47,48,49,50,51,52,53,54,55,56,67,68,69,70,71,72,73,74,75,76,77,89,90,91,92,93,94,95,96,97,98,99,111,112,113,114,115,116,117,118,119,133,134,135,136,137,138,139,140,155,156,157,158,159,160,161,162,177,178,179,180,181,182,183,199,200,201,202,203,204,221,222,223,224,225,226,243,244,245,246,247,248,249,265,266,267,268,269,270,287,288,289,290,291,292,293,307,309,310,311,312,313,314
78,78,114
1,2,3,4,5,6,7,8,9,10,11,23,24,25,26,27,28,29,30,31,32,33,45,46,47,48,49,50,51,52,53,54,55,67,68,69,70,71,72,73,74,75,76,77,89,90,91,92,93,94,95,96,97,98,99,111,112,113,114,115,116,117,118,133,134,135,136,137,138,139,140,155,156,157,158,159,160,161,177,178,179,180,181,182,197,199,200,201,202,203,204,221,222,223,224,225,243,244,245,246,247,265,266,267,268,287,288,289,290,291,309,310,311,312
240,240,114
1,2,3,4,5,6,7,8,9,11,23,24,25,26,27,28,29,30,31,32,33,45,46,47,48,49,50,51,52,53,54,55,67,68,69,70,71,72,73,74,75,76,77,89,90,91,92,93,94,95,96,98,99,111,112,113,114,115,116,117,118,133,134,135,136,137,138,139,155,156,157,158,159,160,165,177,178,179,180,181,182,199,200,201,202,203,204,221,222,223,224,225,226,243,244,245,246,247,248,265,266,267,268,269,287,288,289,290,291,299,309,310,311,312
338,338,114
1,2,3,4,5,6,7,8,11,12,23,24,25,26,27,32,33,34,45,46,47,48,49,50,51,54,55,56,67,68,69,70,71,72,75,76,77,78,89,90,91,92,93,98,99,100,111,112,113,114,115,116,120,121,133,134,135,136,137,138,143,155,156,157,158,159,160,161,164,165,177,178,179,180,181,182,186,187,199,200,201,202,203,204,209,221,224,225,226,245,246,247,249,252,255,265,268,275,276,277,278,295,296,298,299,300,303,309,310,311,314,317,320,324
331,331,111
1,2,3,6,7,8,9,11,12,23,24,26,27,28,29,33,34,45,46,47,50,51,54,55,56,67,68,69,70,76,77,89,90,91,92,93,94,98,99,111,112,113,114,115,120,121,133,134,135,136,137,139,142,143,155,156,157,158,159,160,164,165,174,177,178,179,180,181,182,186,187,199,200,201,202,203,204,205,207,208,209,221,223,224,225,227,228,244,245,246,247,248,267,271,273,276,277,289,290,293,294,295,299,300,309,310,311,315,316,317,320
75,75,107
1,2,3,4,6,8,11,12,13,23,24,26,27,33,34,45,46,47,48,49,54,55,56,67,68,69,70,71,76,77,78,89,90,91,92,98,99,111,112,113,114,115,116,120,121,122,133,134,135,136,137,138,139,140,142,143,155,156,157,158,159,160,161,162,164,165,177,178,179,180,181,186,187,199,200,201,202,203,207,209,210,224,226,245,246,247,252,264,270,271,272,273,276,277,278,293,294,295,298,299,300,303,309,316,317,320,321
83,83,106
1,2,4,7,8,11,12,13,23,25,33,34,35,45,46,48,54,55,56,67,68,69,76,77,78,89,90,91,92,94,98,99,100,111,112,113,114,115,120,121,122,133,134,135,136,137,138,139,142,143,155,156,157,158,159,160,161,164,165,177,178,179,180,182,183,199,200,202,203,205,207,208,209,211,223,224,225,226,245,252,264,272,273,275,276,277,278,281,286,294,295,298,299,300,302,303,304,316,317,318,320,321,322,325,326,327
339,339,99
2,5,6,7,8,12,13,23,24,26,27,28,29,30,45,46,67,68,89,90,91,92,98,111,112,113,120,133,134,135,136,137,138,139,143,155,156,157,159,177,178,189,190,200,201,204,208,209,214,230,231,232,247,250,251,252,253,254,255,258,259,260,261,262,264,271,272,273,274,275,276,277,278,281,282,285,293,294,295,296,297,298,299,300,301,304,305,316,317,318,319,320,321,322,323,324,325,326,327
346,346,102
2,3,4,5,11,25,26,45,47,53,67,89,90,91,92,93,98,111,112,113,114,115,116,117,119,120,133,134,135,136,137,138,142,155,156,157,158,159,160,161,164,177,178,179,182,186,189,200,201,207,208,209,213,220,223,226,242,252,253,254,255,257,258,259,264,271,273,276,279,280,281,282,283,284,285,286,294,295,298,299,300,301,302,303,304,305,306,307,316,317,318,320,321,322,323,324,325,326,327,328,329,330
346,346,101
3,4,11,15,45,67,77,89,90,92,97,98,111,112,113,114,116,133,134,135,136,137,138,142,156,157,158,159,164,177,178,179,180,186,189,191,200,201,205,207,208,209,213,220,223,226,227,228,231,234,242,248,250,255,256,257,258,259,264,271,276,277,278,279,280,281,282,283,284,285,286,293,294,295,296,297,298,299,300,301,302,303,304,305,306,307,308,315,316,317,318,320,322,323,324,325,326,327,328,329,330
88,88,101
12,45,67,77,83,89,92,98,99,111,112,113,114,115,116,120,133,134,135,136,137,138,142,143,155,156,157,158,159,164,178,179,180,182,186,187,200,201,204,205,207,208,209,220,223,226,227,231,242,247,248,252,255,256,257,258,264,271,273,276,277,278,279,280,281,282,283,284,285,286,291,293,294,295,298,299,300,301,302,303,304,305,306,307,308,314,315,316,317,318,320,321,322,323,324,325,326,327,328,329,330
238,238,99
11,12,13,45,77,89,98,99,111,114,120,121,134,135,136,137,142,143,151,153,156,158,160,165,179,182,186,187,193,200,201,204,205,207,208,209,210,213,227,228,229,233,242,246,252,254,255,256,257,258,259,264,271,273,274,276,277,278,279,280,281,282,283,284,285,286,292,293,294,295,296,297,298,299,300,301,302,303,304,305,306,307,308,314,315,316,317,318,320,321,322,323,324,325,326,327,328,329,330
517,517,99
12,13,54,67,77,89,98,99,111,120,134,135,136,143,164,168,178,179,181,187,188,189,190,191,193,200,202,204,205,206,207,208,209,213,219,223,227,228,229,230,231,232,234,246,248,253,254,255,256,257,258,259,260,264,268,271,273,276,277,278,279,280,281,282,283,284,285,286,292,293,294,295,296,297,299,300,301,302,303,304,305,306,307,308,314,315,316,317,318,320,321,322,323,324,325,326,327,329,330
453,453,96
11,12,13,18,67,76,77,89,98,99,100,109,120,142,143,170,181,182,186,188,190,191,192,193,201,202,205,207,208,209,212,213,220,223,226,227,230,231,232,233,236,246,251,252,253,255,256,257,258,259,273,274,276,277,278,279,280,281,282,283,284,285,286,292,293,294,295,296,297,299,300,301,302,303,304,305,306,307,308,314,315,316,317,318,319,320,321,322,323,324,325,326,327,328,329,330
289,289,94
11,12,31,54,55,77,88,89,98,120,142,143,144,153,159,181,182,183,186,190,191,204,208,209,210,212,213,214,223,227,230,231,232,233,246,249,250,251,252,253,255,256,257,258,259,271,272,273,274,276,277,278,279,280,281,282,283,284,285,286,292,293,294,295,296,297,298,299,300,301,302,303,304,305,306,307,308,314,315,316,317,318,319,320,321,322,323,324,325,326,327,328,329,330
444,444,92
11,12,18,33,42,66,76,77,79,80,89,98,99,103,120,142,143,164,166,170,181,182,186,188,191,202,205,207,208,209,210,213,214,223,227,229,230,233,234,235,236,247,252,253,254,255,256,257,258,259,271,272,274,277,278,279,280,281,282,283,286,292,294,295,296,297,298,299,300,301,302,303,304,305,306,308,314,315,316,317,319,320,321,322,323,324,325,326,327,328,329,330
127,127,85
16,39,44,106,120,125,126,128,142,146,147,157,167,168,169,170,179,187,189,190,191,192,194,196,206,207,208,210,212,213,214,218,227,228,229,231,232,233,234,235,236,237,242,247,250,251,252,255,256,257,258,259,272,273,274,277,278,279,280,281,282,283,284,292,295,296,300,301,302,303,304,305,306,307,314,315,317,320,321,322,323,324,326,327,329
219,219,85
15,16,22,37,38,39,66,77,99,104,109,113,126,166,187,189,190,191,196,199,200,203,206,207,208,209,210,211,218,227,228,229,230,231,232,233,234,235,236,248,249,250,251,252,253,256,257,258,259,260,261,269,270,272,277,278,279,280,281,282,283,284,292,294,295,300,301,302,303,304,305,306,312,314,315,316,317,320,321,322,323,324,325,326,327
80,80,82
15,23,37,38,39,42,77,78,88,99,100,104,121,145,155,166,167,168,169,187,189,190,191,196,199,207,208,209,210,226,227,228,229,230,231,232,233,248,250,251,252,253,254,255,256,257,258,259,261,269,273,278,279,280,281,282,283,284,291,293,294,295,299,300,301,302,303,304,305,312,314,315,316,317,320,321,322,323,324,325,326,327
416,416,72
14,15,16,37,77,99,121,143,144,157,165,166,167,187,188,199,201,203,205,209,226,227,228,229,230,231,232,248,249,250,251,252,253,254,255,258,260,261,269,270,271,278,279,280,281,282,283,284,291,292,293,295,298,299,300,301,302,303,304,305,312,313,314,315,316,317,318,322,323,325,326,327
478,478,60
178,179,199,200,209,223,225,226,227,228,229,230,231,246,247,248,252,254,255,257,260,261,269,270,271,272,273,274,275,277,279,280,281,282,283,284,289,292,293,295,298,299,300,301,302,303,304,305,311,312,313,314,315,316,317,321,322,323,326,327
40,40,51
156,157,178,199,201,208,223,224,230,231,232,233,234,246,248,252,253,254,255,256,257,260,269,270,273,274,279,280,281,282,283,284,291,292,295,298,299,300,301,302,303,304,305,312,313,315,321,322,325,326,327
135,135,49
133,155,179,224,230,231,232,233,234,236,246,252,253,254,255,256,257,260,269,273,274,275,276,277,278,280,281,282,283,297,298,299,300,301,302,303,304,305,312,313,315,319,320,321,322,323,325,326,327
241,241,53
27,179,210,230,231,232,242,248,249,252,253,255,257,260,261,262,272,273,274,275,276,277,278,279,280,281,282,283,284,285,294,295,296,297,298,299,300,301,302,303,304,305,312,313,317,319,320,321,322,323,325,326,327
335,335,56
178,209,210,230,231,232,233,234,236,242,248,252,253,254,255,256,257,258,260,261,262,263,264,272,273,274,275,276,277,278,279,280,282,283,295,296,297,298,299,300,301,302,303,304,305,317,318,319,320,321,322,323,324,325,326,327
319,319,68
50,135,136,152,158,159,162,163,164,165,166,167,173,174,175,182,184,185,186,187,188,189,193,194,195,207,208,209,210,215,216,229,230,231,232,233,235,237,238,239,251,252,253,255,256,259,260,261,262,273,274,280,281,282,283,284,300,302,303,304,305,306,321,322,323,326,327,328
439,439,71
188,189,209,210,211,213,214,229,230,231,232,233,234,235,236,237,238,239,242,251,252,253,254,255,256,257,258,259,260,261,262,263,264,272,273,274,275,276,277,278,279,280,281,282,283,284,285,289,295,296,298,299,300,301,302,303,304,305,306,312,317,318,319,320,321,322,323,324,325,326,327
284,284,75
12,143,165,186,191,209,210,211,212,213,214,230,231,232,233,234,235,236,237,238,239,242,248,250,251,252,253,254,255,256,259,260,261,262,263,264,271,272,273,274,275,276,277,278,279,280,281,282,283,284,285,293,294,295,296,297,298,299,300,301,302,303,304,305,306,319,320,321,322,323,324,325,326,327,328
528,528,80
42,77,78,99,168,187,188,189,190,191,209,210,211,212,213,226,227,228,230,231,232,233,234,235,236,237,238,239,242,249,250,252,253,254,255,256,258,259,260,262,263,264,272,273,274,275,276,277,278,279,280,281,282,283,284,285,294,295,296,297,298,299,300,301,302,303,304,305,306,308,317,318,321,322,323,324,325,326,327,328
408,408,83
12,13,77,78,164,165,186,187,189,190,191,207,208,209,210,211,212,213,214,227,228,229,230,231,232,233,234,235,236,237,238,239,240,241,242,248,252,253,254,255,256,257,259,260,262,263,264,272,273,274,275,276,277,278,279,280,281,282,283,284,285,286,293,294,295,299,300,301,302,303,304,305,306,317,318,321,322,323,324,325,326,327,328
352,352,87
12,54,56,76,77,78,99,143,165,166,187,188,189,190,204,205,207,208,209,210,211,212,213,214,219,226,227,229,230,231,232,233,234,235,236,237,238,239,240,241,242,250,251,252,253,254,255,256,257,259,260,262,263,264,272,273,274,275,276,277,278,279,280,281,282,283,284,285,286,294,295,297,299,300,301,302,303,304,305,306,321,322,323,324,325,326,327
444,444,91
12,13,54,56,76,77,78,98,99,143,166,186,187,188,190,191,204,207,208,209,210,211,212,213,214,219,220,225,226,227,229,230,231,232,233,234,235,236,237,238,239,241,242,249,250,251,252,253,254,255,256,258,259,260,262,263,264,271,272,273,274,275,276,277,278,279,280,281,282,283,284,285,295,296,297,300,301,302,303,304,305,306,319,321,322,323,324,325,326,327,328
356,356,94
6,7,12,13,49,50,51,53,54,55,57,72,75,76,77,78,99,143,175,180,188,204,207,208,209,210,211,212,213,219,227,228,229,230,231,232,233,234,235,236,237,238,239,240,241,242,248,250,251,252,253,254,255,256,257,259,260,262,263,264,272,273,274,275,276,277,278,279,280,281,282,283,284,285,286,294,295,296,300,301,302,303,304,305,306,308,321,322,323,324,325,326,327,328
354,354,97
6,11,12,13,49,50,51,53,54,55,59,71,72,75,76,78,99,153,154,166,175,179,180,187,188,190,191,203,204,207,208,209,210,211,212,213,215,219,220,226,227,229,230,231,232,233,234,235,236,237,238,239,240,241,242,252,253,254,255,256,257,259,260,261,262,263,264,272,273,274,275,276,277,278,279,280,281,282,283,284,285,286,295,300,301,302,303,304,305,306,322,323,324,325,326,327,328
244,244,94
4,25,32,35,46,47,48,49,56,57,70,71,78,79,120,130,131,132,142,143,144,150,151,152,153,164,165,169,170,171,172,173,174,177,178,179,191,192,193,194,195,196,204,205,207,212,213,214,215,216,217,218,224,225,226,230,231,232,234,235,236,237,239,240,241,247,252,253,255,256,257,258,259,262,263,273,274,276,277,278,279,280,283,284,285,295,300,301,305,306,307,324,328,329
226,226,106
3,13,17,18,19,20,21,22,26,33,34,35,39,40,41,42,43,44,47,48,49,53,55,56,57,63,64,65,66,70,78,84,86,87,88,108,109,110,129,130,131,132,151,152,153,154,172,173,174,175,176,194,195,198,207,208,209,211,212,213,214,216,217,218,219,220,234,235,236,238,239,240,242,255,256,257,258,261,262,263,264,273,276,277,278,279,280,281,282,283,284,285,286,301,302,303,304,305,306,307,308,323,324,325,327,328
237,237,107
13,14,15,16,17,18,19,20,21,22,34,35,38,39,40,41,42,43,44,53,55,56,58,60,61,62,63,64,65,66,83,84,85,86,87,88,105,106,107,108,109,110,126,127,128,129,130,131,132,149,150,151,152,153,154,172,173,174,175,176,194,195,196,197,198,213,216,217,218,219,220,235,236,238,239,240,241,242,255,256,257,258,260,261,262,263,264,279,280,281,282,283,284,285,286,301,302,304,305,306,307,308,324,327,328,329,330
361,361,109
12,13,14,15,16,17,18,19,20,21,22,34,35,36,37,38,39,40,41,42,43,44,57,58,59,60,61,62,63,64,65,66,81,82,83,84,85,86,87,88,101,103,104,105,106,107,108,109,110,125,126,127,128,129,130,131,132,148,149,150,151,152,153,154,170,171,172,173,174,175,176,193,194,195,196,197,198,214,216,217,218,219,220,236,237,238,239,240,241,242,260,261,262,263,264,282,283,284,285,286,304,305,306,307,308,327,328,329,330
244,244,125
11,12,13,14,15,16,17,18,19,20,21,22,33,34,35,36,37,38,39,40,41,42,43,44,55,56,57,58,59,60,61,62,63,64,65,66,77,78,81,82,83,84,85,86,87,88,103,104,105,106,107,108,109,110,125,126,127,128,129,130,131,132,146,147,148,149,150,151,152,153,154,170,171,172,173,174,175,176,192,193,194,195,196,197,198,211,212,213,214,215,216,217,218,219,220,235,236,237,238,239,240,241,242,258,259,260,261,262,263,264,280,282,283,284,285,286,305,306,307,308,309,327,328,329,330
531,531,143
2,3,4,5,6,7,8,9,10,11,12,13,14,15,16,17,24,30,31,32,33,34,35,36,37,38,39,40,41,54,55,56,57,58,59,60,61,62,75,76,77,78,79,80,81,82,83,84,97,98,99,100,101,102,103,104,105,106,119,120,121,122,123,125,126,127,128,129,142,143,144,146,147,148,149,150,151,152,153,166,169,170,171,172,173,174,175,188,189,193,194,195,197,207,208,209,210,211,212,213,214,216,217,218,219,220,235,236,237,238,239,240,241,256,257,259,260,261,262,263,264,273,276,280,281,282,283,284,285,286,287,296,301,306,307,308,319,321,322,323,327,328,329
522,522,117
1,2,3,4,5,6,7,23,24,25,26,27,28,29,45,46,47,48,49,50,51,67,68,69,70,71,72,73,89,90,91,92,93,94,95,96,111,112,113,114,115,116,117,118,119,120,133,134,135,136,137,138,139,140,141,142,143,155,156,157,158,159,177,179,180,181,182,202,203,207,208,209,210,222,223,224,225,228,229,230,231,245,246,247,248,249,250,252,255,267,268,269,270,271,272,273,274,277,288,289,290,291,292,293,294,295,296,298,310,311,312,313,314,315,316,317,318
321,321,88
2,3,23,24,25,45,46,47,67,68,69,70,89,90,92,93,111,112,113,114,115,133,134,135,136,137,155,156,157,158,177,178,179,180,181,182,199,200,201,202,203,204,221,222,223,224,225,226,227,228,229,243,244,245,246,247,248,252,265,266,267,268,269,270,271,272,273,274,287,288,289,290,291,292,293,294,295,296,309,310,311,312,313,314,315,316,317,318
510,510,86
46,77,97,98,99,119,120,121,141,142,143,148,165,177,188,189,199,204,207,208,209,210,211,212,213,214,219,221,222,224,225,226,227,228,229,230,231,232,233,234,235,236,238,243,244,245,246,247,248,252,254,255,256,257,265,266,267,268,269,272,273,274,277,278,279,280,287,288,289,290,291,294,295,296,298,300,301,302,309,310,311,312,313,316,320,324
343,343,75
71,77,97,98,99,119,120,121,141,142,143,144,165,189,191,194,197,207,208,209,210,211,212,213,214,219,220,224,225,227,229,230,234,235,236,238,239,240,241,245,246,247,252,255,256,257,258,260,267,268,269,273,274,277,278,279,288,289,290,291,295,296,298,300,302,303,310,311,312,313,320,322,324,325,326
291,291,75
77,97,98,99,117,119,120,121,141,142,143,144,155,156,165,189,191,194,207,208,209,211,212,213,214,216,219,227,229,230,234,235,236,238,239,240,246,247,252,253,255,256,257,258,259,262,263,268,273,274,277,278,279,281,284,286,288,289,290,294,295,296,298,299,300,301,303,304,310,311,320,322,324,325,327
226,226,70
97,98,99,119,120,121,141,142,143,144,165,182,189,194,197,207,208,209,211,212,213,214,216,219,224,225,227,229,230,234,235,236,237,238,240,246,247,252,255,256,257,258,259,260,262,263,269,273,274,277,278,279,284,286,288,289,294,295,296,298,300,310,311,320,321,322,323,324,325,327
159,159,67
77,97,98,99,119,120,121,141,142,143,144,165,189,190,191,193,194,195,207,208,209,211,212,213,214,216,219,229,230,233,234,235,236,238,239,240,241,246,247,252,257,258,259,260,262,263,268,273,274,279,289,290,295,296,298,299,300,301,304,310,320,322,323,324,325,326,327
317,317,64
32,76,97,98,99,119,120,121,141,142,143,144,165,189,191,194,197,207,208,211,212,213,214,216,219,227,228,229,230,234,235,236,238,241,246,247,252,255,256,257,258,259,262,263,273,274,277,278,279,286,295,296,298,299,300,301,304,310,320,321,322,324,326,327
494,494,63
76,97,98,99,119,120,121,141,142,143,144,165,189,190,191,194,207,208,211,212,213,214,216,219,228,229,230,234,235,236,238,239,240,241,246,247,252,256,257,258,259,260,263,273,274,279,281,286,289,295,298,300,301,304,310,320,321,322,323,324,326,327,328
293,293,62
77,97,98,99,119,120,121,142,143,144,165,189,190,191,192,194,197,207,208,209,211,212,213,214,216,219,228,229,230,234,235,236,238,239,246,247,252,257,258,259,260,263,273,274,277,278,279,281,290,295,296,298,299,300,301,310,320,321,322,324,326,327
215,215,62
11,77,97,98,99,119,120,121,142,143,144,165,189,190,191,192,193,194,197,207,208,209,211,212,213,214,216,219,229,230,234,235,236,238,239,247,252,257,258,259,260,263,273,274,279,281,290,295,296,298,300,301,304,310,320,321,322,323,324,325,326,327
392,392,63
87,97,98,99,119,120,121,142,143,144,165,189,190,191,192,193,194,197,207,208,211,212,213,214,216,217,219,229,230,234,235,236,238,239,246,247,252,257,258,259,260,263,264,273,274,281,295,296,298,299,300,301,302,304,320,321,322,323,324,325,326,327,328
550,550,56
76,77,98,99,119,120,121,141,142,143,144,189,191,194,207,208,211,212,213,214,216,217,219,228,229,235,236,238,239,240,246,247,257,259,264,273,274,278,295,296,299,300,301,302,303,304,320,321,322,323,324,325,326,327,328,330
262,262,60
12,76,97,98,99,119,120,121,141,142,143,144,165,194,197,207,208,209,213,216,219,226,227,228,229,230,236,238,239,240,246,247,252,257,262,264,273,274,277,278,279,282,295,298,299,300,301,302,303,304,305,320,321,322,323,324,325,326,327,328
266,266,60
63,76,77,97,98,99,119,120,121,141,142,143,144,165,182,194,207,208,209,213,219,220,228,229,230,238,239,240,242,246,247,252,262,268,273,274,277,278,279,282,295,298,299,300,301,302,303,304,305,306,310,313,320,321,322,323,324,325,326,327
317,317,61
76,77,89,97,98,99,119,120,121,141,142,143,144,191,194,197,207,208,209,216,219,228,229,230,235,238,239,240,242,246,247,252,261,262,264,273,274,277,278,279,295,296,298,299,300,301,302,303,304,305,306,310,320,321,322,323,324,325,326,327,328
157,157,60
77,97,98,99,119,120,121,141,142,143,144,165,191,194,207,208,209,213,216,217,219,228,229,230,238,239,240,246,247,248,252,257,258,261,262,273,274,277,279,280,282,295,296,298,299,300,301,302,303,304,305,310,320,321,322,323,324,325,326,327
194,194,60
97,98,99,119,120,121,141,142,143,144,165,194,207,208,213,214,216,217,219,220,226,227,229,236,238,239,240,241,242,252,261,273,274,275,276,277,279,281,282,295,296,298,299,300,301,302,303,304,305,310,319,320,321,322,323,324,325,326,327,328
12,12,60
63,77,97,98,99,119,120,121,141,142,143,144,182,183,194,195,207,208,209,213,216,217,219,220,228,229,236,238,239,240,246,261,273,274,277,279,280,281,282,295,296,298,299,300,301,302,303,304,305,306,310,320,321,322,323,324,325,326,327,328
107,107,59
63,77,97,98,99,119,120,121,141,142,143,144,181,194,195,207,208,209,213,216,217,218,219,228,229,236,238,239,240,247,261,262,273,274,275,276,277,278,279,281,282,295,296,298,299,300,301,302,303,304,305,320,321,322,323,324,325,326,327
14,14,61
63,76,77,97,98,99,119,120,121,141,142,143,144,182,193,194,195,207,208,213,214,216,217,219,229,236,238,239,240,241,273,274,275,276,277,278,279,280,281,282,283,295,296,298,299,300,301,302,303,304,305,306,320,321,322,323,324,325,326,327,328
503,503,50
12,76,77,98,99,119,120,121,141,142,143,207,208,209,213,216,217,218,219,230,238,239,240,273,274,277,278,279,281,282,283,295,296,298,299,300,301,302,303,304,305,306,320,321,322,323,324,325,326,327
427,427,52
12,13,34,76,77,97,98,99,119,120,121,141,142,143,164,182,194,207,208,209,213,229,230,246,252,273,274,277,278,279,280,284,288,290,295,299,300,301,302,303,304,305,306,310,321,322,323,324,325,326,327,328
436,436,53
12,13,34,97,98,99,119,120,121,141,142,143,173,194,207,208,209,213,219,229,230,239,252,273,274,275,276,277,278,279,280,282,283,284,295,298,299,300,301,302,303,304,305,306,310,312,321,322,323,324,325,327,328
140,140,53
12,13,41,97,98,99,119,120,121,141,142,143,173,182,194,197,203,207,208,209,213,229,230,246,252,273,274,275,277,278,279,280,281,282,283,284,295,298,299,300,301,302,303,304,305,306,320,322,323,324,325,327,328
377,377,54
12,13,41,97,98,99,119,120,121,141,142,143,173,183,194,207,208,209,213,219,225,226,229,230,239,252,258,273,274,275,276,277,278,279,280,282,284,295,298,299,300,301,302,303,304,305,306,321,322,323,324,325,327,328
115,115,56
41,97,98,99,119,120,121,141,142,143,183,194,195,203,207,208,209,213,225,226,230,247,252,253,254,273,274,275,276,277,278,279,280,281,282,284,295,296,298,299,300,301,302,303,304,305,306,320,321,322,323,324,325,326,327,328
129,129,58
12,34,41,48,49,77,97,98,99,119,120,121,141,142,143,183,194,195,197,207,208,213,225,226,229,230,239,246,247,252,257,273,274,276,277,278,279,280,281,282,284,295,298,299,300,301,302,303,304,305,306,321,322,323,324,325,327,328
393,393,59
41,76,77,97,98,99,119,120,121,141,142,143,153,182,194,203,207,208,209,213,226,229,230,239,247,252,253,255,257,273,274,275,276,277,278,279,280,281,284,295,296,298,299,300,301,302,303,304,305,306,308,320,321,322,323,324,325,327,328
23,23,52
88,109,110,131,132,153,154,174,175,176,195,196,197,198,217,218,219,220,238,239,240,241,242,259,260,261,262,263,264,281,282,283,284,285,286,301,302,303,304,305,306,307,308,322,323,324,325,326,327,328,329,330
322,322,85
20,21,22,42,43,44,63,65,87,88,107,109,110,129,131,150,151,152,153,154,171,172,173,174,175,176,191,193,194,195,196,197,198,213,214,215,216,217,218,219,220,235,236,237,238,239,240,241,242,256,257,258,259,260,261,262,263,277,278,279,280,281,282,283,284,298,299,300,301,302,303,304,305,306,307,320,321,322,323,324,325,326,327,328,329
524,524,134
10,11,12,13,14,15,16,17,18,19,20,23,31,32,33,34,35,36,37,38,39,40,41,53,54,55,56,58,60,75,76,77,78,96,97,98,99,100,101,118,119,120,121,122,123,139,140,141,142,143,144,145,160,161,162,163,164,165,166,182,183,184,185,186,187,188,189,203,204,205,206,207,208,209,210,213,225,226,227,228,229,230,231,232,233,246,247,248,249,250,251,252,253,254,258,268,269,270,271,272,273,274,275,276,279,280,281,289,290,291,292,293,294,295,296,297,298,299,300,301,302,303,310,311,312,313,314,315,316,317,318,319,320,321
515,515,130
1,2,3,4,5,6,7,8,9,10,11,23,24,25,26,27,28,29,30,31,32,33,45,46,47,48,49,50,51,52,53,54,55,67,68,69,70,71,72,73,74,75,76,77,89,90,91,92,93,94,95,96,97,98,99,111,112,113,114,115,116,117,118,120,121,133,134,135,136,137,138,139,140,143,155,156,157,158,159,160,161,177,178,179,180,181,182,183,199,200,201,202,203,204,221,222,223,224,225,226,243,244,245,246,247,248,249,265,266,267,268,269,270,271,272,287,288,289,290,291,292,293,294,309,310,311,312,313,314,315
77,77,116
1,2,3,4,5,6,7,8,9,10,11,12,23,24,25,26,27,28,29,30,31,32,33,45,46,47,48,49,50,51,52,53,54,55,67,68,69,70,71,72,73,74,76,77,89,90,91,92,93,94,95,96,98,99,111,112,113,114,115,116,117,118,121,133,134,135,136,137,138,139,140,155,156,157,158,159,160,161,177,178,179,180,181,182,183,199,200,201,202,203,204,221,222,223,224,225,226,243,244,245,246,247,265,266,267,268,269,287,288,289,290,291,309,310,311,313
337,337,118
1,2,3,4,5,6,7,8,9,10,11,23,24,25,26,27,28,29,30,31,32,33,45,46,47,48,49,50,51,52,54,55,67,68,69,70,71,72,73,74,76,77,89,90,91,92,93,94,95,96,97,98,99,111,112,113,114,115,116,117,118,120,121,133,134,135,136,137,138,139,140,143,155,156,157,158,159,160,161,165,177,178,179,180,182,183,199,200,201,202,203,204,207,221,222,223,224,225,226,243,244,245,246,265,266,267,268,269,280,284,287,288,289,290,306,309,310,312
253,253,116
1,2,3,4,5,6,7,8,9,10,11,12,23,24,25,26,27,28,29,30,33,34,45,46,47,48,49,50,51,52,54,55,56,67,68,69,70,71,72,73,74,75,76,77,78,89,90,91,93,94,95,96,97,98,99,111,112,113,114,115,116,117,118,121,133,134,135,136,137,138,139,140,142,143,155,156,157,158,159,160,161,162,164,165,177,178,179,180,181,183,186,187,199,200,201,202,203,207,208,221,223,224,225,226,246,258,265,268,269,279,280,289,290,309,310,312
306,306,112
1,2,3,4,5,6,7,8,9,11,12,13,23,24,25,26,27,28,29,30,33,34,45,46,47,48,49,50,51,52,54,55,67,68,69,70,71,72,73,74,75,76,77,78,89,90,91,92,93,94,95,96,97,98,99,111,112,113,114,115,116,119,120,121,133,134,135,136,137,138,139,143,144,155,156,157,158,159,160,161,165,177,178,179,180,181,187,199,200,201,202,203,208,219,221,222,223,224,225,245,246,258,280,281,284,285,288,290,306,307,309,310
256,256,111
1,2,3,4,5,6,7,11,12,13,23,24,25,26,27,29,30,33,34,45,46,47,48,49,50,51,52,53,54,55,56,67,68,69,70,71,72,74,76,77,78,89,90,91,95,97,98,99,100,106,111,112,114,115,116,120,121,122,133,134,135,136,137,142,143,155,156,157,158,159,162,164,165,177,178,179,187,190,199,200,201,208,218,219,220,224,241,242,255,256,257,258,276,277,278,279,280,281,283,284,285,299,300,301,304,305,306,307,308,325,330
321,321,109
1,2,3,4,5,6,7,11,12,23,24,25,26,27,28,29,31,33,34,45,46,47,48,49,50,51,54,55,67,69,70,72,73,75,76,77,78,90,91,92,94,97,98,99,100,112,114,120,121,133,134,135,136,137,139,142,143,155,156,157,158,159,160,161,162,165,177,178,179,187,188,190,191,199,200,201,202,203,208,209,219,225,252,255,257,258,259,262,263,268,276,277,278,279,280,281,283,284,285,286,299,300,301,302,305,306,307,308,328
536,536,102
1,2,3,4,5,7,23,24,25,26,41,44,45,46,47,49,50,52,64,65,66,72,75,76,77,89,91,95,96,97,98,99,100,111,114,119,133,134,135,136,137,153,155,156,157,158,159,168,169,170,171,172,177,178,179,186,187,193,194,199,200,202,203,207,208,224,225,236,239,246,253,254,256,257,258,260,262,263,264,277,278,279,280,281,282,283,284,285,286,298,299,301,302,305,306,307,308,309,322,328,329,330
536,536,103
1,2,3,5,11,23,24,25,26,28,32,45,46,47,48,49,50,51,52,53,54,67,69,70,71,72,73,74,75,76,77,91,93,95,97,99,113,120,121,133,134,136,137,142,143,155,156,157,158,159,162,177,178,179,180,184,185,200,203,207,208,230,239,253,254,256,257,258,259,260,261,262,263,276,277,278,279,280,281,282,283,284,285,286,299,300,301,302,304,305,306,307,308,313,314,321,324,325,326,327,328,329,330
564,564,102
1,2,3,4,5,6,9,24,25,26,30,45,47,48,49,50,51,52,53,54,55,56,70,72,73,75,76,77,91,92,94,95,97,98,99,113,114,115,116,117,120,121,134,137,142,143,157,158,159,162,177,178,179,181,182,184,200,202,203,207,225,247,254,256,257,258,259,260,261,262,263,274,276,277,278,279,280,281,282,283,284,285,286,299,300,301,302,303,304,305,306,307,308,314,321,324,325,326,327,328,329,330
81,81,103
1,2,3,5,11,24,25,26,27,29,47,48,49,50,51,52,53,54,56,71,72,73,75,76,77,78,95,97,98,99,117,120,121,140,142,143,157,158,162,165,173,178,179,180,202,207,208,224,231,236,238,239,240,241,242,247,253,255,256,257,259,260,261,262,263,272,273,274,275,276,277,278,279,280,281,282,283,284,285,286,298,299,300,301,302,303,304,305,306,307,308,313,319,321,322,323,324,325,326,327,328,329,330
533,533,100
1,2,11,24,25,33,47,49,50,52,53,54,55,56,71,75,76,77,95,96,97,98,99,120,121,140,142,143,162,164,179,181,186,203,207,208,209,213,224,225,230,231,236,237,238,247,249,252,253,256,257,258,259,260,261,262,263,269,270,273,274,275,276,277,278,279,280,281,282,283,284,285,286,294,296,298,299,300,301,302,303,304,305,306,307,308,313,315,318,319,321,322,323,324,325,326,327,328,329,330
568,568,98
1,11,24,32,33,34,42,52,53,54,56,75,76,77,78,97,98,99,120,121,142,143,159,164,165,181,182,186,203,207,208,209,213,224,225,226,227,230,231,235,237,238,239,247,251,252,253,254,255,256,257,258,259,260,261,262,273,274,275,276,277,278,279,280,281,282,283,284,285,286,295,296,298,299,300,301,302,303,304,305,306,307,308,313,316,318,319,320,321,322,323,324,325,326,327,328,329,330
35,35,96
11,12,33,34,42,54,55,56,76,77,78,97,98,99,120,121,142,143,164,165,175,176,181,186,194,204,207,208,209,213,216,225,228,229,230,231,235,236,237,238,239,247,251,252,253,254,255,256,257,258,259,260,261,262,263,271,272,273,274,275,276,277,278,279,280,281,282,283,284,285,286,295,296,298,299,300,301,302,303,304,305,306,307,308,313,318,319,321,322,323,324,325,326,328,329,330
280,280,92
11,33,34,54,55,76,77,78,79,97,98,99,120,121,142,143,164,165,182,185,186,195,203,207,208,209,213,214,228,229,230,231,235,236,237,242,250,251,252,253,254,255,256,257,258,259,260,261,262,263,271,272,273,274,275,276,277,278,279,280,281,282,283,284,285,286,295,296,298,299,300,301,302,303,304,305,306,307,308,313,314,316,318,319,322,323,324,325,326,328,329,330
427,427,90
11,33,34,41,54,55,56,76,77,78,97,98,99,120,121,142,143,164,165,181,186,187,207,208,209,214,225,226,228,229,230,235,236,237,238,239,247,248,249,251,252,253,254,255,256,258,259,260,261,271,272,273,274,275,276,277,278,279,280,281,282,283,284,285,286,295,296,298,299,300,301,302,303,304,305,306,307,308,316,318,319,322,323,324,325,326,327,328,329,330
572,572,81
16,17,77,98,99,120,142,153,181,191,192,193,194,207,208,213,214,215,216,217,219,229,230,232,234,235,236,237,239,240,241,242,249,251,252,254,255,256,257,258,259,260,261,262,263,264,273,274,275,276,277,278,279,280,281,282,283,284,285,286,293,294,295,296,297,298,299,300,301,304,307,308,318,319,320,321,322,323,324,326,330
457,457,80
15,16,17,18,19,32,55,165,166,175,180,181,202,207,208,209,213,214,218,219,220,228,229,230,231,232,233,234,235,236,237,238,239,240,241,242,251,252,253,254,255,256,257,258,259,262,264,273,274,275,276,277,278,279,281,283,284,285,295,296,297,298,299,300,301,302,304,306,307,308,317,318,319,320,321,322,323,324,328,329
384,384,78
15,16,17,32,33,77,99,143,166,180,181,187,188,192,202,206,207,208,209,213,214,216,219,228,229,230,231,232,233,235,236,237,238,239,251,252,253,254,255,256,257,258,259,260,261,273,274,275,276,277,278,279,281,283,284,293,294,295,296,297,298,299,300,301,302,303,306,307,308,315,316,317,318,319,320,321,323,328
534,534,70
15,32,33,55,77,165,180,181,186,191,202,206,207,208,209,212,213,227,228,229,230,231,232,234,235,236,237,238,240,241,251,252,253,254,255,256,257,258,259,272,273,274,275,276,277,278,279,282,283,284,293,294,295,296,297,298,299,300,301,307,308,315,316,317,318,319,320,321,322,324
459,459,59
26,179,180,181,202,226,227,228,231,232,234,235,236,237,241,242,249,252,253,254,255,256,257,258,259,261,262,272,273,274,275,276,277,278,279,281,282,284,285,286,293,294,295,296,297,298,299,300,306,307,308,315,316,317,318,319,320,321,330
407,407,50
5,48,180,181,202,219,225,235,239,240,241,242,247,248,249,250,253,254,255,256,257,261,262,263,272,273,274,275,276,277,278,284,285,286,294,295,296,297,298,299,300,307,308,316,317,318,319,320,323,330
480,480,49
4,24,179,180,181,202,219,220,235,236,237,238,240,241,242,249,255,256,257,260,261,262,263,272,275,276,277,278,284,285,286,294,295,296,297,298,299,300,301,307,308,315,316,317,318,319,320,323,330
533,533,52
5,41,180,202,219,220,224,235,236,237,239,240,241,242,246,254,255,256,257,258,259,261,262,263,272,275,276,277,278,283,284,285,286,294,295,296,297,298,300,306,307,308,315,316,317,318,319,320,323,324,329,330
407,407,56
18,40,41,66,109,180,218,219,220,224,235,236,237,238,239,240,241,242,254,255,256,257,258,260,261,262,263,264,272,275,276,277,278,279,283,284,285,286,294,295,297,298,299,300,301,306,307,308,319,320,322,323,324,325,329,330
414,414,65
26,27,28,48,49,54,71,93,114,115,136,172,180,182,193,194,205,210,216,217,227,228,230,231,240,241,250,251,252,253,254,255,256,261,262,263,264,272,273,274,275,276,277,278,279,285,286,295,296,297,298,299,300,301,302,303,304,308,318,319,323,324,325,326,327
326,326,67
42,65,99,120,179,193,201,208,210,213,214,216,220,230,231,232,233,234,235,236,237,238,239,240,241,242,252,253,254,255,256,257,258,259,260,261,262,263,264,273,274,275,276,277,278,279,282,284,285,286,296,297,298,299,300,301,302,304,306,307,308,318,319,320,324,326,327
459,459,71
4,17,39,40,62,98,99,120,144,179,190,207,208,209,216,230,231,232,233,234,235,236,238,239,240,242,252,253,254,255,256,257,258,259,260,261,262,263,264,273,274,275,276,277,278,279,280,281,282,283,284,285,286,296,297,298,300,301,302,303,304,306,307,308,320,321,323,324,326,327,330
354,354,76
17,98,99,103,120,121,122,142,143,144,179,193,194,207,208,209,216,219,229,230,231,232,233,234,235,236,237,238,239,242,252,253,254,255,256,257,258,259,260,261,262,263,264,273,274,275,276,277,278,279,281,282,283,284,285,286,296,297,298,299,300,301,302,303,304,305,306,307,308,311,319,320,321,322,323,324
408,408,78
76,77,78,98,99,101,104,120,121,122,142,143,144,165,179,207,208,209,210,213,230,231,232,233,234,235,236,238,239,240,242,252,253,254,255,256,257,258,260,261,262,263,264,273,274,275,276,277,278,279,281,282,283,284,285,286,295,296,297,298,299,300,301,302,303,304,305,306,307,308,321,322,323,324,325,326,327,328
421,421,83
4,18,40,76,77,78,79,98,99,100,101,103,120,121,143,144,164,171,179,194,207,208,209,216,217,229,230,231,232,233,234,235,236,238,239,240,242,252,253,254,255,256,257,258,259,260,261,262,263,264,272,273,274,275,276,277,278,279,280,282,283,284,285,286,295,296,297,298,299,300,301,302,303,304,305,306,307,308,322,323,324,327,329
402,402,88
4,6,7,17,18,25,26,29,48,56,76,77,78,79,98,99,100,119,120,121,135,142,143,144,165,179,193,194,207,208,209,210,215,216,217,230,231,232,233,234,235,236,238,239,240,252,253,254,255,256,257,258,259,260,261,262,263,264,273,274,275,276,277,278,279,281,282,283,284,285,286,295,296,297,298,299,300,301,302,303,304,305,306,308,322,323,324,327
402,402,91
4,5,6,7,8,25,26,27,28,29,39,48,49,54,71,74,75,76,77,78,92,97,98,99,100,104,113,114,119,120,121,135,136,143,165,179,194,207,208,209,216,229,230,231,232,233,234,235,236,238,239,240,242,252,253,254,255,256,257,260,261,262,263,264,273,274,275,276,277,278,279,282,284,285,286,295,296,297,298,299,300,301,302,303,304,306,308,320,322,323,324
427,427,95
3,4,5,6,7,8,9,17,18,24,25,26,27,28,29,30,39,48,49,53,56,70,73,74,75,78,95,96,98,99,100,109,113,115,119,120,121,135,136,137,142,143,171,179,194,207,208,209,216,219,220,229,231,232,233,234,235,236,238,239,240,252,253,254,255,256,257,261,262,263,264,273,274,275,276,277,278,279,282,284,295,296,297,298,299,300,301,302,304,306,308,320,322,323,324
255,255,89
1,2,3,5,22,23,24,25,45,46,47,67,68,69,70,89,90,91,109,111,112,113,119,133,134,135,140,147,148,156,157,169,170,171,191,192,193,214,215,220,232,236,237,238,248,249,254,256,259,261,262,263,264,270,271,274,275,276,277,278,279,280,282,283,284,285,286,293,294,295,296,297,298,299,300,301,302,303,306,307,308,319,320,321,322,323,324,325,330
299,299,108
2,3,4,5,6,7,8,13,16,17,18,19,20,21,22,23,24,25,26,27,28,29,32,33,39,40,41,42,43,44,46,49,54,55,56,62,63,64,65,66,77,78,85,86,87,88,106,107,108,109,110,111,114,119,120,131,134,148,149,153,156,157,170,171,172,175,191,194,197,207,218,219,220,235,236,237,238,239,240,241,242,254,255,261,262,263,264,273,274,278,279,282,283,284,285,286,303,304,306,307,308,319,320,323,324,325,329,330
361,361,109
8,11,12,13,14,15,16,17,18,19,20,21,22,33,35,37,38,39,40,41,42,43,44,55,56,57,60,61,62,63,64,65,66,78,79,82,83,84,85,86,87,88,104,105,106,107,108,109,110,127,128,129,130,131,132,137,147,148,149,150,151,152,153,154,169,170,171,172,173,174,175,176,191,193,194,195,196,197,198,216,217,218,219,220,236,238,239,240,241,242,256,257,261,262,263,264,277,278,284,285,286,305,306,307,308,325,326,329,330
251,251,108
11,12,13,14,15,16,17,18,19,20,21,22,34,35,36,37,38,39,40,41,42,43,44,57,59,60,61,62,63,64,65,66,80,81,82,83,84,85,86,87,88,103,104,105,106,107,108,109,110,126,127,128,129,130,131,132,147,148,149,150,151,152,153,154,169,170,171,172,173,174,175,176,192,193,194,195,196,197,198,215,216,217,218,219,220,236,237,238,239,240,241,242,260,261,262,263,264,283,284,285,286,305,306,307,308,328,329,330
242,242,124
11,12,13,14,15,16,17,18,19,20,21,22,32,33,34,35,36,37,38,39,40,41,42,43,44,55,56,57,58,59,60,61,62,63,64,65,66,77,79,80,81,82,83,84,85,86,87,88,103,104,105,106,107,108,109,110,122,126,127,128,129,130,131,132,147,148,149,150,151,152,153,154,168,169,170,171,172,173,174,175,176,192,193,194,195,196,197,198,213,215,216,217,218,219,220,235,236,238,239,240,241,242,257,258,259,260,261,262,263,264,282,283,284,285,286,304,305,306,307,308,309,328,329,330
523,523,141
6,7,8,9,10,11,12,13,14,15,17,29,30,31,32,33,34,35,36,37,38,39,40,41,52,53,54,55,56,57,58,59,60,61,62,76,77,78,80,81,82,83,84,98,99,101,102,103,104,105,106,120,121,122,123,124,125,126,127,128,129,143,144,145,146,147,148,149,150,151,166,167,168,169,170,171,172,173,174,175,187,188,189,190,191,192,194,195,196,197,207,209,210,211,212,213,214,216,217,218,219,234,235,236,237,238,239,240,241,256,257,258,260,261,262,263,274,278,279,282,283,284,285,286,300,303,304,305,306,307,308,319,320,322,323,324,325,326,327,329,330
530,530,120
1,2,3,4,5,6,7,23,24,25,26,27,28,29,30,45,46,47,48,49,50,51,52,67,69,73,89,91,92,93,98,99,111,115,116,119,120,133,134,136,142,143,155,156,157,158,159,165,177,178,179,180,182,199,200,201,202,203,207,208,209,210,221,222,223,224,225,226,227,229,230,231,243,244,245,246,247,248,249,250,251,252,253,254,255,266,267,268,269,270,271,272,273,274,277,278,279,289,290,291,292,293,294,295,296,297,299,300,310,311,312,313,314,315,316,317,318,319,320,322
49,49,88
1,2,3,23,24,25,45,46,67,68,69,89,90,91,111,112,113,114,133,134,135,136,137,155,156,157,158,159,177,178,179,180,181,199,200,201,202,203,204,207,221,222,223,224,225,226,227,229,230,243,244,245,246,247,248,249,251,252,265,266,267,268,269,270,271,272,273,274,287,288,289,290,291,292,293,294,295,296,309,310,311,312,313,314,315,316,318,319
474,474,87
24,67,97,98,111,119,120,133,143,155,156,177,178,179,182,191,199,201,202,203,207,208,209,210,211,212,213,216,219,220,221,224,225,226,227,229,230,231,232,233,234,235,236,238,239,243,244,245,246,247,248,249,252,253,254,255,256,257,265,266,267,268,269,270,273,274,277,278,279,287,288,289,290,291,292,295,296,300,308,309,310,311,312,313,314,315,322
66,66,73
76,97,98,119,120,121,179,180,182,191,194,201,202,204,207,208,209,211,212,213,216,219,220,223,224,225,226,227,228,229,230,233,234,235,236,237,238,239,240,242,246,247,248,252,253,255,256,257,266,268,269,270,273,274,279,288,289,290,291,292,295,296,300,303,306,307,308,310,311,313,315,322,327
318,318,70
39,76,97,98,99,109,119,120,121,175,181,182,191,194,207,208,209,211,213,219,220,227,228,229,230,231,234,235,236,237,238,239,240,241,242,245,246,247,248,249,252,253,257,262,263,264,267,268,269,270,273,274,277,278,279,288,289,290,291,295,296,303,304,306,307,308,310,311,312,322
319,319,68
63,76,89,97,98,99,119,120,121,175,181,182,191,194,204,207,208,209,211,212,213,219,220,226,227,228,229,230,231,234,235,236,238,239,240,241,242,246,247,248,249,252,253,257,264,268,269,273,274,278,279,286,288,289,290,291,295,296,300,304,305,306,307,308,310,311,322,327
106,106,64
76,97,98,99,119,120,121,175,181,182,201,203,204,207,208,209,211,213,219,220,226,227,228,229,230,231,234,235,236,238,239,240,242,247,248,249,252,253,257,262,263,268,269,270,273,274,278,279,284,285,288,289,290,291,294,295,304,305,306,307,308,310,311,322
253,253,63
76,97,98,99,105,119,120,121,175,181,182,197,203,204,207,208,209,213,219,220,225,226,227,229,230,231,235,236,238,239,240,242,246,247,248,249,252,253,257,262,268,269,273,274,278,279,284,285,288,289,290,291,295,304,305,306,307,308,310,311,312,322,327
274,274,61
76,97,98,99,119,120,121,175,181,182,203,204,207,208,209,213,219,220,226,229,230,231,234,235,236,238,239,241,242,245,246,247,248,249,252,253,257,262,268,269,270,273,274,284,285,288,289,290,291,294,295,303,304,305,306,307,308,310,311,322,330
143,143,61
76,97,98,99,119,120,175,181,182,203,204,207,208,209,213,219,220,224,226,227,229,230,234,235,236,238,239,240,242,245,246,247,248,249,252,257,262,263,268,269,270,273,274,277,282,283,284,285,286,288,289,290,291,294,295,306,307,308,310,312,322
143,143,61
64,76,77,98,99,109,119,120,175,181,182,191,203,204,207,208,209,213,219,220,226,227,229,230,234,235,236,238,239,240,245,246,247,248,249,252,257,263,264,268,269,270,273,274,284,285,286,288,289,290,291,294,295,304,306,307,308,310,312,320,322
319,319,62
64,76,97,98,99,109,119,120,181,182,197,198,203,204,207,208,209,213,219,220,225,226,227,229,230,235,236,238,239,240,245,246,247,248,249,252,257,262,263,268,269,270,273,274,283,284,285,286,288,289,290,291,294,295,304,306,307,308,310,312,320,322
13,13,51
97,98,99,117,119,120,181,182,203,207,208,213,219,220,225,226,229,238,239,245,246,247,248,249,250,267,268,269,273,274,283,285,286,288,289,290,291,295,296,303,304,305,306,307,308,310,311,312,325,326,327
511,511,51
42,77,88,97,98,99,109,119,120,182,183,198,203,204,207,208,213,219,220,226,227,228,229,230,239,240,246,247,248,249,250,252,263,264,273,274,282,283,284,285,286,295,304,305,306,307,308,310,322,328,329
13,13,52
77,97,98,99,109,119,120,182,197,198,203,204,207,208,219,220,225,226,227,229,230,239,240,246,247,248,249,250,252,263,264,273,274,282,283,284,285,286,294,295,296,304,305,306,307,308,310,313,321,326,327,328
144,144,52
39,42,88,97,98,99,109,119,120,175,182,197,198,203,204,207,208,213,219,220,226,227,229,230,239,240,246,247,248,249,250,252,263,264,272,273,274,282,284,285,286,295,296,304,305,306,307,308,322,326,327,328
144,144,54
63,88,98,99,109,110,119,120,175,182,197,198,204,207,208,213,219,220,225,226,227,229,238,239,240,246,247,248,249,252,262,263,264,272,273,274,282,283,284,285,286,294,295,296,300,304,305,306,307,308,326,327,328,329
384,384,54
76,88,97,98,99,109,110,119,120,143,175,176,197,198,207,208,213,217,219,220,226,227,229,235,239,240,246,247,248,249,252,262,263,264,268,273,274,283,284,285,286,294,295,296,304,305,306,307,308,322,325,326,327,328
394,394,55
41,63,87,97,98,99,109,110,119,120,143,153,175,198,204,207,208,213,217,219,220,226,227,229,230,239,240,246,247,248,249,252,262,263,264,272,273,274,282,283,284,285,286,294,295,296,304,305,306,307,308,313,322,325,327
80,80,55
41,63,87,88,97,98,99,109,110,119,120,143,153,175,182,197,198,207,208,213,217,219,220,226,227,229,230,239,240,246,248,249,263,264,272,273,274,283,284,285,286,294,295,296,298,304,305,306,307,308,322,325,326,327,328
511,511,53
41,63,88,97,98,99,109,110,119,120,175,176,182,197,198,204,207,208,213,217,219,220,226,229,239,246,247,248,249,263,264,270,272,273,274,275,282,283,284,285,286,294,295,296,304,305,306,307,308,322,325,327,328
132,132,40
98,99,119,120,207,208,213,217,218,219,220,226,229,230,239,246,247,248,261,262,263,264,273,274,283,284,285,286,294,295,296,304,305,306,307,308,317,322,327,328
511,511,47
41,63,64,97,98,99,119,120,121,143,182,198,207,208,213,217,218,219,220,225,226,229,230,242,246,247,248,261,262,264,273,274,275,283,284,286,295,300,304,305,306,307,308,321,322,327,328
369,369,46
41,63,98,99,109,119,120,143,194,207,208,213,218,219,220,226,229,230,239,242,246,247,248,261,262,263,264,272,273,274,275,282,283,284,286,294,295,296,300,304,305,306,308,325,327,328
388,388,46
41,63,97,98,99,119,120,143,197,207,208,213,218,219,220,226,229,230,239,242,247,248,252,261,262,263,264,268,273,274,275,282,283,284,285,286,295,300,304,305,306,308,325,326,327,328
104,104,46
63,97,98,99,119,120,194,197,207,208,213,219,220,226,229,241,242,246,248,252,253,261,262,263,264,272,273,274,275,282,283,284,285,286,295,296,300,304,305,306,307,308,322,326,327,328
388,388,47
41,63,98,99,119,120,194,197,207,208,213,218,219,220,226,229,241,242,247,248,252,253,261,262,263,264,273,274,282,283,284,285,286,295,298,300,304,305,306,307,308,320,322,324,326,327,328
90,90,48
63,64,98,99,119,120,194,197,207,208,213,219,220,226,229,241,242,247,248,252,253,261,262,263,264,273,274,275,282,283,284,285,286,294,295,296,298,300,304,305,306,307,308,320,324,326,327,328
519,519,49
41,63,98,99,119,120,194,197,203,207,208,213,217,219,220,225,226,240,241,242,247,248,252,262,263,264,273,274,275,276,282,283,284,285,286,295,298,300,304,305,306,307,308,320,322,324,326,327,328
557,557,45
88,110,131,132,153,154,174,175,176,195,196,197,198,217,218,219,220,238,239,240,241,242,260,261,262,263,264,282,283,284,285,286,303,304,305,306,307,308,324,325,326,327,328,329,330
