504,594
405,405,8
1,24,47,70,93,94,116,139
569,569,28
1,2,24,25,47,48,49,70,71,72,93,94,116,117,118,119,139,140,143,145,147,162,163,165,168,169,221,270
38,38,28
1,24,26,47,53,55,70,71,73,93,96,97,101,116,119,121,124,139,142,145,146,168,169,223,293,313,318,336
9,9,23
1,3,8,24,26,27,50,70,71,73,93,94,96,97,119,120,142,145,170,174,198,223,333
59,59,15
3,7,8,9,25,26,31,50,71,77,96,97,145,146,240
443,443,16
3,26,27,32,50,70,73,76,77,93,119,123,144,145,311,333
473,473,13
3,4,24,25,27,47,50,53,76,119,144,145,223
215,215,4
3,50,70,74
53,53,3
24,47,93
429,429,29
112,113,136,159,162,163,183,184,185,187,188,203,208,211,231,234,254,256,277,279,300,302,304,323,324,325,326,329,342
411,411,10
136,184,211,283,300,303,324,327,328,329
288,288,7
113,184,211,303,324,325,328
290,290,9
114,115,137,138,234,306,324,325,326
394,394,10
138,211,236,260,302,303,324,325,326,327
426,426,10
113,138,160,302,303,323,324,325,327,329
372,372,12
2,92,159,160,165,190,257,303,323,326,329,330
433,433,17
91,111,112,114,148,160,190,213,236,257,283,303,306,325,326,329,330
331,331,18
160,165,166,167,188,190,207,213,236,279,283,302,303,323,324,325,329,330
448,448,37
19,21,36,68,84,89,90,92,112,114,138,165,184,213,228,230,234,235,236,257,258,259,280,282,283,297,301,302,303,305,322,323,324,326,327,329,330
200,200,37
66,89,91,111,112,113,114,135,159,160,182,184,206,207,230,234,235,236,253,257,258,259,275,279,280,281,282,301,303,304,305,306,322,323,324,325,330
122,122,33
43,66,67,88,112,114,159,207,228,230,234,235,253,257,258,259,275,280,282,300,301,302,304,305,306,322,323,324,325,326,328,329,330
296,296,27
43,66,67,68,111,113,159,160,207,234,235,259,282,300,301,302,303,305,306,322,323,324,325,326,328,329,330
165,165,36
43,66,67,89,91,111,113,153,159,207,228,234,235,252,257,258,259,275,279,280,282,300,301,302,303,304,305,306,323,324,325,326,327,328,329,330
342,342,33
41,44,89,111,112,113,114,130,137,207,235,252,257,258,279,280,281,282,300,301,302,303,305,306,322,323,324,325,326,329,330,336,337
83,83,35
19,21,43,66,89,111,112,113,136,137,184,207,234,235,252,258,278,279,280,282,300,301,302,303,304,305,306,322,323,324,325,326,328,329,330
497,497,39
18,20,21,43,62,66,67,75,111,112,113,134,137,227,228,230,234,235,257,258,278,279,282,300,301,302,303,305,322,323,324,325,326,327,328,329,330,331,333
188,188,34
41,42,43,64,66,89,111,207,227,228,234,257,258,278,282,300,301,302,303,304,305,316,322,323,324,325,326,327,328,329,330,331,332,333
38,38,56
18,19,39,41,42,43,65,66,67,87,88,110,111,113,134,137,158,159,180,181,184,206,227,228,230,252,253,258,274,276,278,279,280,281,282,298,300,301,302,303,304,305,312,317,322,323,324,325,326,327,328,329,330,331,332,333
189,189,35
41,42,88,108,111,138,158,205,227,277,278,279,280,281,282,298,300,301,302,303,304,305,322,323,324,325,326,327,328,329,330,331,332,333,336
43,43,35
18,20,23,41,88,89,110,228,230,251,252,276,277,278,279,280,281,300,301,302,303,304,305,306,322,323,324,325,326,327,328,329,330,331,336
194,194,31
23,44,46,67,69,88,258,277,278,279,280,281,300,301,302,303,304,305,310,322,323,324,325,327,328,329,330,331,332,333,336
129,129,31
18,22,23,42,46,65,67,69,83,87,115,277,278,280,281,300,301,302,303,304,305,306,323,324,327,328,329,330,331,332,333
51,51,26
20,67,69,230,277,278,279,280,281,300,301,302,303,304,305,306,309,322,323,324,328,329,330,331,332,333
202,202,25
22,23,44,46,67,138,230,277,278,281,300,301,302,303,304,305,306,308,323,324,328,329,330,331,332
53,53,27
22,23,45,46,69,92,184,207,230,277,278,280,281,300,301,302,303,304,305,308,312,323,324,328,329,330,331
375,375,33
22,23,45,46,67,68,69,91,138,161,184,207,230,253,255,277,278,279,280,302,303,304,305,306,308,309,312,328,329,330,332,334,335
521,521,33
231,232,254,255,256,257,258,277,278,279,280,281,282,283,288,300,301,302,303,304,305,306,307,323,324,325,326,327,328,329,330,331,332
376,376,108
93,94,95,116,117,118,119,139,140,141,142,143,144,145,146,162,163,164,165,166,167,168,169,170,171,185,186,187,188,189,190,191,192,193,194,195,196,208,209,211,212,213,214,215,216,217,218,219,220,221,231,232,233,234,235,236,237,238,239,240,241,242,243,244,245,246,259,262,263,264,265,266,267,268,269,270,271,287,288,289,290,291,292,293,294,295,296,297,312,313,314,315,316,317,318,319,320,321,336,337,338,339,340,341,342,343,344,345
515,515,149
1,2,3,4,5,6,7,8,9,10,11,12,24,25,26,27,28,29,30,31,32,33,34,35,37,48,49,50,51,52,53,54,55,56,57,58,59,60,61,70,71,72,73,74,75,76,77,78,79,80,81,82,83,84,85,88,89,90,93,94,95,96,97,98,99,100,101,102,103,104,105,106,107,108,109,110,111,112,113,114,116,118,120,121,122,123,124,125,126,127,128,129,130,131,132,133,134,135,136,137,138,145,146,149,151,152,153,154,155,156,157,158,159,160,161,166,171,172,175,176,177,178,179,180,181,182,183,184,199,200,201,202,203,204,205,206,207,222,224,226,227,228,229,230,246,249,251,252,276
517,517,140
2,3,4,5,6,7,8,9,10,11,12,13,14,15,16,17,18,19,20,21,22,23,26,27,28,29,30,31,32,33,34,35,36,37,38,39,40,41,42,43,44,45,46,49,50,51,52,53,54,55,56,57,58,59,60,61,62,63,64,65,66,67,68,69,75,77,78,79,80,81,82,83,84,85,86,87,88,89,90,91,92,100,102,103,104,105,106,107,108,109,110,111,112,113,114,115,126,127,128,129,130,131,132,133,134,135,136,137,138,151,152,153,154,155,156,157,158,159,160,161,177,178,179,180,181,182,183,184,201,203,204,205,206,207,227,228,229,230,253,300
541,541,125
1,2,3,4,5,6,7,8,9,10,11,12,13,14,15,16,17,18,19,20,21,22,23,27,28,29,30,31,32,33,34,35,36,37,38,39,40,41,42,43,44,45,46,50,51,52,53,54,55,56,57,58,59,60,61,62,63,64,65,66,67,68,69,77,78,79,80,81,82,83,84,85,86,87,88,89,90,91,92,104,105,106,107,108,109,110,111,112,113,114,115,128,129,130,131,132,133,134,135,136,137,138,151,152,153,154,155,156,157,158,159,160,161,176,177,180,181,182,183,184,201,204,205,206,207
395,395,118
1,2,3,4,5,7,8,9,10,11,12,13,14,15,16,17,18,19,20,21,22,23,26,27,28,29,30,31,32,33,34,35,36,37,38,39,40,41,42,43,44,45,46,48,49,50,51,52,56,58,59,60,61,62,63,64,65,66,67,68,69,70,71,72,81,82,83,84,85,86,87,88,89,90,91,92,96,97,98,99,104,105,106,108,109,110,111,112,113,114,115,121,122,128,133,134,135,136,137,138,144,153,158,159,160,161,167,177,179,180,181,182,183,184,201,203,206,267
339,339,102
2,3,4,5,6,7,8,9,10,11,12,13,14,15,16,17,18,19,20,21,22,23,24,25,26,27,28,31,32,33,34,35,36,37,38,39,40,41,42,43,44,45,46,50,51,57,58,59,60,61,62,63,64,65,66,67,68,69,81,82,83,84,85,86,87,88,89,90,91,92,105,106,107,108,109,110,111,112,113,114,115,130,132,133,134,135,136,137,138,156,157,158,159,160,161,180,181,182,183,206,207,238
234,234,78
1,4,5,12,13,14,15,16,17,18,19,20,21,22,23,26,27,28,35,36,37,38,39,40,41,42,43,44,45,46,51,59,60,61,62,63,64,65,66,67,68,69,83,84,85,86,87,88,90,91,92,97,107,108,109,110,114,115,120,138,167,190,191,212,213,214,215,216,235,236,237,238,239,258,259,261,282,308
511,511,61
1,3,4,5,6,16,17,18,20,21,22,23,26,27,28,30,40,44,45,46,50,51,68,69,72,74,75,92,120,167,168,169,190,191,192,213,214,215,234,235,236,237,238,239,258,259,260,261,262,282,283,288,305,306,307,311,312,325,327,328,329
288,288,47
1,2,3,4,5,17,24,25,27,28,47,66,89,136,159,183,191,192,206,207,213,214,215,216,236,237,238,239,240,247,248,249,250,258,262,263,270,271,272,286,293,294,299,309,317,328,340
542,542,37
1,5,24,47,50,51,70,73,74,75,97,98,144,145,166,167,169,190,191,192,209,213,214,215,216,234,236,237,238,239,257,258,311,312,327,329,335
470,470,31
1,2,5,24,25,47,70,73,75,120,122,144,166,167,168,190,209,217,234,238,257,258,269,271,288,311,312,313,323,327,336
561,561,26
3,5,24,27,47,50,51,98,119,120,121,144,145,167,186,190,214,234,236,239,241,257,258,312,323,325
154,154,21
5,24,47,49,70,93,97,121,144,145,167,186,209,234,257,258,288,294,311,312,336
565,565,21
3,24,28,47,70,75,93,97,98,119,120,121,128,144,152,162,191,234,257,258,311
232,232,21
3,5,47,70,74,97,98,116,121,144,214,219,234,257,258,294,311,312,335,336,340
173,173,15
4,24,47,70,74,75,97,98,121,144,241,257,258,294,317
129,129,15
47,70,74,93,97,120,121,234,257,258,271,293,311,312,335
428,428,8
1,24,47,111,134,292,304,329
423,423,15
9,24,32,51,70,71,74,93,97,119,139,163,312,313,338
418,418,15
24,51,70,74,93,95,96,97,117,120,139,186,311,313,314
254,254,11
24,50,51,73,74,75,97,139,232,312,313
95,95,12
9,10,31,51,58,73,74,97,186,209,313,314
574,574,12
9,10,24,31,51,73,74,96,97,209,314,338
417,417,17
9,10,31,47,51,74,94,95,96,97,116,120,143,186,209,313,314
44,44,16
1,24,50,70,71,73,74,95,96,97,116,120,186,258,314,332
281,281,22
1,10,47,48,50,71,73,74,95,96,97,120,143,166,209,258,310,314,327,331,332,333
378,378,22
258,259,260,279,281,282,283,284,285,286,303,307,308,309,310,319,326,327,328,332,333,335
43,43,47
155,156,161,179,180,183,184,186,202,203,204,207,226,227,228,230,232,250,251,255,275,279,280,281,284,295,297,298,299,307,308,309,315,318,320,321,322,328,329,330,331,332,334,342,343,344,345
150,150,76
111,113,114,115,135,136,137,158,159,179,182,183,203,204,206,207,224,226,227,228,229,230,243,250,251,252,253,256,267,275,276,279,280,281,282,284,286,290,294,295,298,299,302,303,307,308,309,310,311,313,314,316,318,319,320,321,322,325,326,327,330,331,332,333,334,335,336,337,338,339,340,341,342,343,344,345
133,133,101
128,137,161,181,182,183,184,203,204,205,206,207,225,226,227,228,229,230,234,242,243,245,246,247,248,250,251,252,253,256,257,263,264,267,268,269,270,271,272,273,274,275,276,280,281,284,285,286,287,288,289,290,291,292,293,294,295,296,297,298,299,302,303,304,305,308,309,310,311,313,314,315,316,317,318,319,320,321,322,323,325,326,327,328,329,330,331,332,333,334,335,336,337,338,339,340,341,342,343,344,345
115,115,115
114,137,138,159,160,161,179,180,181,182,183,184,202,203,204,205,206,207,220,221,222,223,224,225,226,227,228,229,230,240,241,242,243,244,245,246,247,248,249,250,251,252,253,261,262,263,264,265,266,267,268,269,270,271,272,273,274,275,276,284,285,286,287,288,289,290,291,292,293,294,295,296,297,298,299,302,305,306,307,308,309,310,311,312,313,314,315,316,317,318,319,320,321,322,324,325,327,328,329,330,331,332,333,334,335,336,337,338,339,340,341,342,343,344,345
259,259,134
131,132,138,154,156,158,159,160,161,176,177,178,179,180,181,182,183,184,197,198,199,200,201,205,206,207,216,217,218,219,220,221,222,223,224,225,226,227,228,229,230,237,238,239,240,241,242,243,244,245,246,247,248,249,250,251,252,253,261,262,263,264,265,266,267,268,269,270,271,272,273,274,275,276,280,281,284,285,286,287,288,289,290,291,292,293,294,295,296,297,298,299,300,301,302,303,304,307,308,309,310,311,312,313,314,315,316,317,318,319,320,321,322,323,324,325,326,327,330,331,332,333,334,335,336,337,338,339,340,341,342,343,344,345
517,517,147
45,62,68,87,88,89,90,91,92,103,104,106,109,110,111,112,113,114,115,126,127,128,129,130,133,134,135,136,137,138,144,147,148,149,150,151,152,153,157,158,159,160,161,162,163,165,166,167,168,169,170,171,172,173,174,175,176,177,181,183,184,186,187,188,189,190,191,192,193,194,195,196,197,198,199,200,201,209,210,211,212,213,214,215,216,217,218,219,220,221,222,223,224,231,232,233,234,235,236,237,238,239,240,241,242,243,244,245,246,247,254,255,256,257,258,259,260,261,262,263,264,265,266,267,268,277,278,279,280,281,282,283,284,285,286,287,300,301,302,303,307,308,309,323,324,325,326
269,269,104
1,2,3,4,5,6,7,8,9,10,11,12,15,16,17,18,24,25,26,27,28,29,30,31,32,33,34,35,38,39,40,47,48,49,50,51,52,53,54,55,56,57,58,62,70,71,72,73,74,75,76,77,78,79,80,81,82,93,94,95,96,97,98,99,100,101,102,103,104,116,117,118,119,120,121,122,123,124,125,139,140,141,142,143,144,145,146,162,163,164,165,166,167,168,185,186,187,188,189,208,209,210,232,254
255,255,62
1,2,3,4,5,6,7,8,9,10,11,12,13,14,24,25,26,27,28,29,30,31,32,33,34,35,36,47,48,49,50,51,52,53,54,55,70,71,72,73,74,75,76,77,79,93,94,95,96,97,98,101,116,117,118,119,120,139,142,162,163,186
138,138,29
1,2,3,4,5,6,7,8,24,25,26,27,28,29,47,48,49,50,51,53,74,75,77,97,118,141,168,194,216
122,122,20
1,2,3,4,5,6,25,26,27,28,29,49,51,73,74,96,97,194,240,300
402,402,14
2,3,4,5,6,25,28,29,73,97,194,216,240,278
536,536,9
5,6,24,29,74,97,216,277,300
35,35,3
273,319,339
268,268,7
116,208,273,315,317,319,340
53,53,15
130,153,155,200,202,208,209,216,247,272,293,294,315,317,340
92,92,16
130,132,179,202,208,222,245,247,256,270,271,293,294,295,315,342
428,428,35
17,18,40,84,107,130,132,152,153,176,177,200,202,208,209,223,224,232,246,247,248,256,270,288,292,293,295,303,316,317,327,329,339,340,342
371,371,52
17,18,21,40,61,84,88,107,109,130,131,132,152,153,155,156,176,177,178,179,185,186,187,200,202,209,223,224,225,235,236,246,247,248,269,270,271,282,288,292,293,294,295,303,304,317,318,319,329,339,340,341
411,411,41
18,21,61,63,130,132,153,156,176,177,178,185,186,199,200,202,208,210,222,223,224,225,235,236,247,248,269,270,271,288,292,293,294,303,304,315,317,318,339,340,341
390,390,39
15,37,64,130,131,132,153,155,176,178,179,185,193,199,200,202,213,222,223,224,225,236,246,247,258,269,270,271,279,288,292,293,294,303,317,318,339,340,341
354,354,31
17,37,106,107,130,131,132,153,154,176,178,185,200,208,222,245,246,247,248,257,270,281,292,293,294,310,315,317,329,339,340
198,198,40
14,15,17,18,21,37,130,131,152,154,155,175,176,178,185,198,199,200,208,210,212,232,233,235,236,245,246,247,257,269,270,281,282,286,292,293,308,316,317,339
198,198,38
14,17,129,152,153,155,175,177,178,185,199,201,208,213,222,223,231,233,235,236,246,255,257,266,269,270,278,279,281,282,292,293,303,304,309,315,328,329
385,385,35
72,129,131,152,154,175,177,185,198,199,212,213,222,223,233,234,235,236,245,246,257,258,269,277,279,286,287,292,308,309,315,317,329,330,339
494,494,43
15,20,21,39,129,131,151,152,154,175,177,185,186,198,200,212,222,223,224,231,233,234,235,236,245,246,256,257,261,262,263,270,278,279,280,282,284,285,286,303,304,308,309
189,189,40
20,21,114,128,130,131,152,153,154,175,177,185,186,198,200,201,210,222,223,224,231,234,245,254,256,257,262,279,284,286,293,302,303,304,305,308,309,323,328,339
187,187,60
14,15,16,20,21,22,39,40,41,46,62,63,66,67,68,85,86,89,90,108,109,112,113,128,130,131,151,154,175,177,185,186,208,209,210,211,222,223,231,232,234,245,254,257,258,261,262,284,285,286,293,303,304,308,309,310,316,325,327,339
192,192,49
14,16,20,39,41,42,61,62,66,68,85,86,88,89,90,91,113,114,128,130,131,132,137,138,154,177,185,186,210,211,223,232,234,247,255,258,261,262,277,279,284,285,286,302,303,308,309,323,339
399,399,49
14,17,23,39,41,42,43,44,61,62,66,67,68,85,90,112,113,114,130,153,154,185,208,210,211,223,231,232,245,254,256,257,261,262,277,278,279,280,284,285,286,300,303,308,309,323,326,327,339
107,107,50
14,16,17,21,23,38,39,40,42,44,45,46,61,62,66,67,90,91,112,114,130,131,132,151,153,154,175,185,186,198,208,209,210,223,231,232,257,261,262,277,278,280,284,285,286,303,308,309,323,339
550,550,39
14,17,20,21,22,23,38,42,45,46,62,66,67,90,107,112,113,114,130,151,153,154,175,209,210,223,254,261,262,277,284,285,300,303,308,309,323,325,326
173,173,46
14,15,18,20,21,22,23,38,42,44,61,62,67,68,84,88,89,91,107,113,114,127,130,135,153,155,175,176,186,209,223,238,254,260,261,277,278,279,284,285,300,301,303,308,323,326
93,93,40
14,15,16,19,20,21,22,23,39,42,61,66,68,84,89,93,112,113,114,130,135,175,178,208,231,232,254,260,261,277,278,279,284,285,300,301,308,323,325,326
87,87,50
14,16,18,19,20,21,22,23,37,38,39,42,43,44,45,48,61,62,65,66,67,68,69,80,84,88,89,107,112,113,114,130,135,137,175,178,238,244,254,260,261,275,277,278,279,284,285,299,300,323
189,189,43
14,15,16,18,19,20,21,22,23,37,38,39,42,43,46,59,61,65,66,67,68,69,84,89,106,107,112,135,137,175,176,183,198,206,260,277,278,284,285,300,302,321,323
53,53,66
13,14,15,17,19,20,21,22,23,35,36,37,38,39,40,43,44,46,58,59,61,66,67,68,69,82,83,84,88,89,90,91,102,105,106,107,112,114,126,129,130,138,148,149,152,153,160,171,173,174,175,176,198,199,238,242,254,261,262,277,278,284,300,301,323,324
55,55,47
12,13,14,15,18,19,20,21,22,23,38,42,43,44,57,59,65,66,67,68,69,80,83,89,105,106,107,112,114,129,130,152,154,173,175,197,198,199,228,240,254,261,277,278,306,309,324
573,573,46
13,14,15,19,20,21,22,23,33,36,40,42,43,44,45,46,59,65,66,67,68,69,83,84,94,103,105,106,111,112,126,129,149,152,173,175,183,195,261,262,277,306,307,309,323,324
399,399,48
13,14,15,18,19,20,22,23,34,36,38,40,42,43,44,45,46,57,68,69,82,83,85,88,89,102,103,105,106,112,126,127,128,130,149,150,152,172,175,183,221,238,254,277,284,287,306,308
551,551,43
13,14,15,18,19,20,21,22,23,38,40,43,44,45,46,48,57,60,65,67,68,69,82,83,88,92,102,103,104,105,106,126,128,135,148,150,175,219,238,240,262,268,286
135,135,35
12,13,14,15,16,18,20,21,22,23,34,35,36,43,45,46,57,60,66,68,69,82,83,89,92,103,105,129,135,148,151,160,174,199,218
92,92,37
13,14,16,18,19,20,21,22,23,36,37,40,42,43,45,46,59,60,63,65,66,67,68,69,82,83,89,105,114,126,128,148,171,238,240,262,283
26,26,44
12,13,14,15,17,18,20,21,22,23,36,37,40,42,43,45,46,59,65,67,69,80,81,82,88,89,105,114,115,126,150,151,159,171,173,174,175,184,195,197,217,238,263,283
266,266,34
13,14,15,17,20,21,22,23,35,36,37,38,39,40,43,45,46,59,63,67,68,69,81,82,87,88,89,105,114,148,172,174,218,262
270,270,30
231,232,254,255,256,257,277,278,279,280,281,282,300,301,302,303,304,305,306,307,323,324,325,326,327,328,329,330,331,332
530,530,109
93,95,116,117,118,119,139,140,141,142,143,145,162,163,164,165,166,167,168,185,186,187,188,189,190,191,192,193,208,209,210,211,212,213,214,215,216,217,219,231,232,233,234,235,236,237,238,239,240,241,242,243,256,257,258,259,260,261,262,263,264,266,267,268,280,281,282,283,284,285,286,287,288,289,290,291,292,293,294,295,303,304,305,307,308,309,313,314,315,316,317,318,319,321,326,327,328,330,333,336,337,338,339,340,341,342,343,344,345
516,516,149
1,2,3,4,5,6,7,8,9,10,11,12,24,25,26,27,28,29,30,31,32,33,34,35,36,37,38,47,48,49,50,51,52,53,54,55,56,57,58,59,60,61,62,63,70,71,72,73,74,75,76,77,78,79,80,81,82,83,84,85,86,87,88,89,93,95,96,97,98,99,100,101,102,103,104,105,106,107,108,109,110,111,112,113,120,124,125,126,127,128,129,130,131,132,133,134,135,136,137,138,149,150,151,152,153,154,155,156,157,158,159,160,161,167,168,169,175,176,177,178,179,180,181,182,183,184,191,192,200,201,202,203,204,205,206,207,223,226,227,228,229,230,251,252,253,275,276,321,322
517,517,138
1,2,3,4,5,6,7,8,9,10,11,12,13,14,15,16,17,18,19,20,21,22,23,24,25,26,27,28,29,30,31,32,33,34,35,36,37,38,39,40,41,42,43,44,45,46,48,50,51,52,53,54,55,56,57,58,59,60,61,62,63,64,65,66,67,68,69,74,75,76,77,78,79,80,81,82,83,84,85,86,87,88,89,90,91,92,101,102,104,105,106,107,108,109,110,111,112,113,114,115,127,128,129,130,131,132,133,134,135,136,137,138,153,154,155,156,157,158,159,160,161,177,178,179,180,181,182,183,184,203,204,205,206,207,228,229,230,253
377,377,123
2,3,4,5,6,7,8,9,10,11,12,13,14,15,16,17,18,19,20,21,22,23,27,28,29,30,31,32,33,34,35,36,37,38,39,40,41,42,43,44,45,46,51,52,53,54,55,56,57,58,59,60,61,62,63,64,65,66,67,68,69,76,77,78,79,80,81,83,84,85,86,87,88,89,90,91,92,100,102,103,104,105,106,107,108,109,110,111,112,113,114,115,126,127,128,130,131,132,133,134,135,136,137,138,154,155,156,157,158,159,160,161,180,182,183,184,202,205,206,207,230,252,253
306,306,115
3,4,5,6,7,8,9,10,11,12,13,14,15,16,17,18,19,20,21,22,23,28,29,30,31,32,33,34,35,36,37,38,39,40,41,42,43,44,45,46,51,52,53,54,55,56,57,58,59,60,61,62,63,64,65,66,67,68,69,74,75,77,78,79,80,81,83,84,85,86,87,88,89,90,91,92,97,98,100,104,107,108,109,110,111,112,113,114,115,128,129,133,134,135,136,137,138,140,147,152,154,156,158,159,160,161,175,178,179,183,184,205,230,252,328
364,364,97
5,6,7,8,9,10,11,12,13,14,15,16,17,18,19,20,21,22,23,28,29,30,31,32,33,34,35,37,38,39,40,41,42,43,44,45,46,52,53,54,55,56,57,58,60,61,62,63,64,65,66,67,68,69,75,77,78,79,81,83,84,85,86,87,88,89,90,91,92,100,101,107,108,109,110,111,112,113,114,115,131,132,133,134,135,136,137,138,151,156,157,158,160,161,182,183,184
133,133,77
5,6,7,8,9,10,13,14,15,16,17,18,19,20,21,22,23,29,30,31,32,36,37,38,39,40,41,42,43,44,45,46,53,54,55,56,57,59,60,61,62,63,64,65,66,67,68,69,78,79,82,83,84,87,88,89,90,91,92,103,104,112,113,114,115,134,135,136,137,138,156,180,204,206,207,253,276
43,43,60
5,6,7,8,9,11,13,15,16,17,18,19,20,21,22,23,28,30,31,34,35,36,38,42,43,44,45,46,52,54,55,56,57,61,66,67,68,69,77,79,80,81,90,91,92,94,106,113,114,115,117,126,137,138,139,140,160,162,319,323
474,474,33
12,13,28,118,123,140,141,143,145,146,163,164,166,167,168,169,189,190,191,192,193,194,195,212,213,216,217,218,235,286,309,331,332
367,367,26
2,3,4,8,10,11,27,51,74,76,94,101,122,123,142,143,144,146,166,189,263,286,320,323,324,345
530,530,21
1,33,47,48,77,100,118,122,142,143,144,166,189,211,234,285,286,297,302,323,324
130,130,15
1,3,24,25,74,95,97,98,118,142,143,249,301,320,323
470,470,14
1,10,11,73,74,142,143,188,231,234,249,299,323,324
288,288,14
1,2,3,48,50,94,142,143,188,211,253,268,323,336
277,277,15
1,24,25,47,48,77,122,142,143,188,211,256,276,323,324
281,281,16
1,4,26,47,48,141,143,165,166,211,232,233,275,295,313,323
189,189,18
1,25,47,54,134,143,200,211,229,246,256,272,274,314,317,323,324,338
138,138,13
157,158,179,180,181,191,201,202,214,215,237,250,251
565,565,17
143,144,165,166,188,189,203,213,249,250,257,270,271,272,273,293,312
178,178,18
25,139,143,165,166,167,188,189,191,213,226,227,243,247,249,250,258,272
12,12,16
120,142,143,178,188,203,213,214,227,248,249,250,272,294,299,323
145,145,17
120,156,157,179,181,201,203,204,213,225,226,227,248,249,271,272,276
175,175,17
134,143,149,156,179,180,191,214,226,227,247,253,257,271,295,313,323
173,173,16
80,95,103,126,131,191,202,214,215,224,227,248,250,280,296,323
370,370,20
1,40,103,142,152,213,236,249,250,251,267,272,273,295,298,299,319,320,322,324
461,461,17
58,95,127,131,152,153,175,205,213,214,237,250,251,265,299,309,323
287,287,32
93,109,131,132,153,154,155,156,175,176,177,178,197,198,199,200,201,220,221,222,223,224,225,242,247,248,270,271,289,293,312,316
503,503,39
206,229,230,248,252,253,271,273,274,275,276,287,289,292,293,294,295,296,297,298,299,312,313,315,316,318,320,321,322,333,336,338,339,340,341,342,343,344,345
179,179,77
182,183,184,206,207,220,224,228,229,230,236,237,247,249,250,251,252,253,259,260,262,269,270,272,273,274,275,276,282,283,284,291,293,294,295,296,297,298,299,300,301,304,305,306,307,308,309,310,311,313,314,315,316,317,318,319,320,321,322,323,329,330,331,332,333,334,335,336,337,338,339,340,341,342,343,344,345
141,141,101
159,161,177,181,182,183,184,200,201,202,203,204,205,206,207,219,222,223,224,225,226,227,228,229,230,239,242,245,246,247,248,249,250,251,252,253,260,262,265,266,267,268,269,270,271,272,273,274,275,276,283,284,285,286,288,289,290,291,292,293,294,295,296,297,298,299,306,307,308,309,310,311,312,313,314,315,316,317,318,319,320,321,322,325,327,330,331,332,333,334,335,336,337,338,339,340,341,342,343,344,345
369,369,114
138,158,159,161,179,180,181,182,183,184,202,203,204,205,206,207,220,221,222,223,224,225,226,227,228,229,230,244,245,246,247,248,249,250,251,252,253,260,261,262,263,264,265,266,267,268,269,270,271,272,273,274,275,276,282,283,284,285,286,287,288,289,290,291,292,293,294,295,296,297,298,299,304,305,306,307,308,309,310,311,312,313,314,315,316,317,318,319,320,321,322,323,324,325,326,327,328,329,330,331,332,333,334,335,336,337,338,339,340,341,342,343,344,345
530,530,131
4,137,138,158,159,160,161,178,179,180,181,182,183,184,199,201,202,203,204,205,206,207,221,222,223,224,225,226,227,228,229,230,238,241,243,244,245,246,247,248,249,250,251,252,253,258,259,260,261,262,263,264,265,266,267,268,269,270,271,272,273,274,275,276,277,278,281,282,283,284,285,286,287,288,289,290,291,292,293,294,295,296,297,298,299,300,301,302,303,304,305,306,307,308,309,310,311,312,313,314,315,316,317,318,319,320,321,322,323,324,325,326,327,328,329,330,331,332,333,334,335,336,337,338,339,340,341,342,343,344,345
531,531,147
45,49,66,67,68,69,87,88,89,90,91,92,108,109,110,111,112,113,114,115,129,130,131,132,133,134,135,136,137,138,150,151,152,153,154,155,156,157,158,159,160,161,170,171,172,173,174,175,176,177,178,179,180,181,182,183,184,187,191,192,193,194,195,196,197,198,199,200,201,202,203,204,205,206,209,210,211,212,213,214,215,216,217,218,219,220,221,222,223,224,225,226,227,232,233,234,237,238,239,240,241,242,243,244,245,246,247,248,254,255,256,257,258,259,261,262,263,264,265,266,267,268,269,277,278,279,280,281,285,286,287,288,289,290,291,300,301,302,303,304,310,311,312,323,325,326,327
549,549,110
1,2,3,4,5,6,7,8,9,10,11,12,13,14,15,16,17,18,19,24,25,26,27,28,29,30,31,32,33,34,35,36,37,38,39,40,41,47,48,49,50,51,52,53,54,55,56,57,58,59,60,61,62,70,71,72,73,74,75,76,77,78,79,80,81,82,83,90,93,94,95,96,97,98,99,100,101,102,103,104,105,116,117,118,119,120,121,122,123,124,125,126,139,140,141,142,143,144,145,146,162,163,164,165,166,167,185,186,187,188
336,336,71
1,2,3,4,5,6,7,8,9,10,11,12,13,14,15,16,24,25,26,27,28,29,30,31,32,33,34,35,36,37,47,48,49,50,51,52,53,54,55,56,57,70,71,72,73,74,75,76,77,78,79,80,93,94,95,96,97,98,99,100,116,117,118,119,139,140,141,142,162,163,164
2,2,45
1,2,3,4,5,6,9,11,17,21,24,25,26,27,28,33,42,47,48,49,50,52,70,71,72,73,77,78,80,93,94,95,96,103,109,116,117,118,140,141,155,162,163,164,212
15,15,40
1,2,3,4,5,6,8,10,24,25,26,27,29,31,33,47,48,49,50,55,63,64,70,71,72,73,74,76,81,93,94,95,96,107,140,164,185,186,273,314
439,439,36
1,2,3,4,24,25,26,47,48,70,71,72,93,95,163,177,186,187,208,209,210,224,225,227,229,233,238,241,271,273,280,314,319,337,338,342
314,314,28
1,4,6,7,24,25,28,48,57,71,73,94,132,133,187,188,201,203,209,210,213,225,250,251,265,287,292,293
552,552,22
1,3,4,5,9,24,25,31,48,94,95,155,163,186,201,208,209,232,269,280,303,345
465,465,14
1,2,3,6,24,25,54,107,162,164,185,186,188,269
126,126,4
8,80,208,232
493,493,2
23,328
304,304,6
23,46,305,327,328,329
110,110,25
23,44,46,69,75,88,105,120,134,149,161,184,194,207,254,259,282,283,300,304,305,306,327,328,329
70,70,11
23,46,69,254,277,300,304,305,327,328,329
569,569,22
21,22,23,45,46,68,69,88,91,115,182,207,254,277,278,281,282,305,306,327,328,329
296,296,22
22,23,46,69,91,134,184,200,229,230,246,259,260,280,282,283,291,305,306,327,328,329
167,167,21
20,22,23,43,45,46,69,91,92,111,115,137,149,167,207,282,304,305,327,328,329
450,450,19
20,21,22,23,45,46,69,91,110,115,230,282,303,305,306,307,327,328,329
441,441,20
20,21,22,23,43,45,46,88,92,115,134,138,170,263,291,304,305,327,328,330
17,17,23
20,21,22,23,39,43,45,46,69,75,101,115,116,138,143,207,275,283,304,305,309,327,328
383,383,33
19,21,22,23,30,44,45,46,67,88,92,115,125,138,143,144,146,200,207,264,275,276,281,282,291,305,308,322,326,327,328,329,336
142,142,39
19,20,21,22,23,26,27,42,44,45,46,51,65,68,88,98,111,134,135,144,160,207,215,237,251,253,275,277,284,299,304,306,310,312,327,329,331,333,338
518,518,30
19,20,21,22,23,42,43,45,46,51,68,88,93,121,134,135,145,230,240,253,276,277,304,309,310,327,328,331,332,337
130,130,38
19,20,21,22,23,42,44,45,46,51,68,80,105,113,114,115,121,135,136,156,160,184,194,207,209,223,240,254,264,267,282,314,327,328,329,333,334,335
357,357,38
19,20,21,22,23,41,42,44,45,46,50,51,53,65,66,67,68,69,91,92,93,111,114,135,149,161,179,188,193,207,244,251,277,285,309,327,328,332
142,142,40
6,19,20,21,22,23,36,37,41,42,44,45,46,48,50,51,68,69,91,93,100,114,115,123,124,134,157,175,182,218,230,236,267,276,277,288,289,307,310,333
177,177,38
14,20,21,22,23,29,34,37,42,44,45,46,48,50,68,69,71,72,90,91,92,93,100,123,135,174,179,182,183,184,186,192,206,221,223,230,258,280
162,162,39
13,19,20,21,22,23,26,36,42,43,44,45,46,48,50,68,69,71,77,90,91,92,93,113,139,159,171,182,186,230,235,238,239,240,244,276,277,328,341
180,180,40
14,15,19,20,21,22,23,26,37,44,45,46,48,51,61,67,68,69,83,90,91,92,97,100,123,124,159,194,202,215,238,252,253,275,276,289,308,328,331,332
184,184,42
15,16,19,20,21,22,23,40,42,44,45,46,48,49,50,59,60,66,68,69,74,80,83,88,90,91,92,111,124,134,159,179,208,239,240,253,276,279,280,286,303,319
195,195,44
19,20,21,22,23,37,40,41,42,44,45,46,49,56,61,66,67,68,69,83,90,91,92,96,98,100,111,115,133,138,148,161,179,205,227,239,251,263,275,276,308,326,331,332
566,566,49
15,16,20,21,22,23,24,25,38,41,42,43,44,45,46,48,52,56,61,67,68,69,77,91,92,111,117,134,138,140,151,153,158,175,181,186,205,206,228,230,250,253,275,276,290,299,313,331,337
559,559,38
12,19,20,21,22,23,34,42,44,45,46,48,59,67,68,69,83,90,91,92,93,96,111,135,140,157,161,184,204,205,206,207,227,228,230,253,299,329
573,573,39
9,15,19,20,21,22,23,24,34,42,44,45,46,56,67,68,69,79,90,91,92,102,112,113,115,125,138,140,159,165,181,206,210,253,263,299,313,331,337
573,573,35
19,20,21,22,23,24,29,42,43,44,45,46,62,65,66,67,68,69,70,91,92,101,111,112,115,138,159,184,206,228,230,307,311,336,338
573,573,32
19,20,21,22,23,32,42,43,44,45,46,48,54,65,67,68,69,79,91,92,111,115,124,134,175,230,237,276,310,312,330,337
35,35,36
9,19,20,21,22,23,27,42,43,44,45,46,65,67,68,69,78,85,90,91,92,93,101,114,115,137,139,153,181,194,230,314,332,336,337,338
110,110,29
19,20,21,22,23,43,44,45,46,65,67,68,69,74,91,92,114,115,153,170,180,208,230,283,313,330,333,336,337
296,296,25
19,20,21,22,23,44,45,46,67,68,69,91,92,113,115,117,133,135,139,193,289,309,314,336,337
240,240,28
231,232,254,255,256,257,277,278,279,280,281,300,301,302,303,304,305,306,323,324,325,326,327,328,329,330,331,333
538,538,111
70,93,94,96,116,117,118,119,120,139,140,141,142,143,144,145,162,163,164,165,166,167,168,169,170,184,185,186,187,188,189,190,191,192,193,194,196,208,209,210,211,212,215,216,217,218,219,220,231,232,233,234,235,236,237,239,240,241,242,243,244,245,246,254,255,256,257,258,259,262,263,264,265,266,267,268,277,278,279,280,281,282,284,286,287,288,289,290,291,292,303,304,305,310,311,312,313,314,315,321,322,326,327,333,334,335,336,337,338,344,345
532,532,149
1,2,3,4,5,6,7,8,9,10,11,12,13,14,23,24,25,26,27,28,29,30,31,32,33,34,35,36,37,38,39,50,51,52,53,54,55,56,57,58,59,60,61,62,63,73,74,75,76,77,78,79,80,81,82,83,84,85,86,87,88,98,99,100,101,102,103,104,105,106,107,108,109,110,111,112,113,114,122,124,125,126,127,128,129,130,131,132,133,134,135,136,137,138,149,150,151,152,153,154,155,156,157,158,159,160,161,175,176,177,178,179,180,181,182,183,184,195,200,201,202,203,204,205,206,207,221,223,224,225,226,227,228,229,230,247,248,249,250,251,252,253,273,274,275,276,297,299,322
508,508,139
1,2,3,4,5,6,7,8,9,10,11,12,13,14,15,16,17,18,19,20,21,22,23,26,27,28,29,30,31,32,33,34,35,36,37,38,39,40,41,42,43,44,45,46,51,52,53,54,55,56,57,58,59,60,61,62,63,64,65,66,67,68,69,76,77,78,79,80,81,82,83,84,85,86,87,88,89,90,91,92,101,102,103,105,106,107,108,109,110,111,112,113,114,115,126,128,129,130,131,132,133,134,135,136,137,138,152,153,154,155,156,157,158,159,160,161,177,178,179,180,181,182,183,184,200,201,202,204,205,206,207,225,227,228,229,230,252,253,272
89,89,125
1,2,3,4,5,6,7,8,9,10,11,12,13,14,15,16,17,18,19,20,21,22,23,25,26,27,28,29,30,31,32,33,34,35,36,37,38,39,40,41,42,43,44,45,46,51,52,53,54,55,56,57,58,59,60,61,62,63,64,65,66,67,68,69,77,79,80,81,82,83,84,85,86,87,88,89,90,91,92,103,104,105,106,107,108,109,110,111,112,113,114,115,127,130,131,132,133,134,135,136,137,138,153,154,155,156,157,158,159,160,161,175,178,179,180,181,182,183,184,203,206,207,226,230,253
344,344,120
1,2,3,4,6,7,8,9,10,11,12,13,14,15,16,17,18,19,20,21,22,23,26,27,28,29,30,31,32,33,34,35,36,37,38,39,40,41,42,43,44,45,46,51,52,53,54,56,57,58,59,60,61,62,63,64,65,66,67,68,69,79,80,81,82,84,85,86,87,88,89,90,91,92,97,102,106,107,108,109,110,111,112,113,114,115,125,128,129,130,132,133,134,135,136,137,138,153,154,155,156,157,158,159,160,161,178,180,181,182,183,184,203,206,207,227,229,247,252,303
239,239,109
2,4,5,8,9,10,11,12,13,14,15,16,17,18,19,20,21,22,23,26,27,28,29,34,35,36,37,38,39,40,41,42,43,44,45,46,52,58,59,60,61,62,63,64,65,66,67,68,69,76,82,83,84,85,86,87,88,89,90,91,92,102,103,106,107,108,109,110,112,113,114,115,121,129,130,131,132,133,134,135,136,137,138,152,153,154,155,156,157,158,159,160,161,177,180,181,182,183,184,201,202,207,230,237,243,294,295,318,319
506,506,86
5,6,7,8,9,10,11,12,13,14,15,16,17,18,19,20,21,22,23,33,34,35,36,37,38,39,40,41,42,43,44,45,46,53,57,58,60,61,62,63,64,65,66,67,68,69,75,83,84,85,86,87,88,89,90,91,92,108,109,110,111,112,113,114,115,131,132,134,136,137,138,159,160,180,213,214,237,238,261,284,285,296,319,340,341,342
550,550,67
1,2,9,10,12,13,14,15,16,17,18,20,21,22,23,25,26,27,29,36,37,39,40,41,42,43,44,45,46,61,62,65,66,67,68,69,80,87,91,103,104,110,166,190,211,212,213,214,234,235,236,237,239,258,262,279,282,284,285,304,305,306,326,328,329,333,334
464,464,44
1,2,4,9,25,31,54,61,84,94,97,98,107,142,152,153,155,177,178,189,200,212,213,236,262,263,264,285,286,287,293,307,309,310,312,313,315,316,317,330,332,333,338,339
115,115,40
1,2,4,5,6,7,8,9,24,25,26,27,29,30,31,33,34,52,96,150,151,214,235,238,239,260,261,262,284,285,286,308,309,310,316,326,327,328,331,333
296,296,33
1,2,5,6,15,26,28,56,57,94,104,126,127,142,170,194,236,238,239,261,284,285,305,306,308,310,326,327,328,329,332,333,334
121,121,29
1,2,25,27,30,97,124,142,143,145,146,174,189,190,215,235,237,238,256,261,282,283,284,305,306,310,328,329,332
188,188,26
1,6,8,26,27,30,96,97,98,142,189,213,214,233,235,237,256,259,260,281,284,305,309,327,328,333
418,418,23
2,4,7,27,32,143,166,189,190,191,212,213,214,215,235,256,261,302,303,306,310,328,329
459,459,22
1,2,3,5,6,10,24,27,97,143,188,189,191,214,215,280,281,282,283,284,306,328
282,282,23
3,4,5,6,10,26,27,32,101,116,143,166,168,192,214,215,282,283,284,302,306,328,338
129,129,23
1,4,5,6,9,10,11,31,101,143,144,168,213,214,215,261,283,284,305,306,325,329,338
380,380,22
196,218,219,220,221,241,242,243,244,264,265,266,267,302,303,304,311,318,325,326,334,340
139,139,19
1,2,3,4,5,25,27,28,31,35,47,48,70,71,93,94,124,147,317
6,6,19
1,2,5,27,28,47,70,71,93,94,197,213,222,287,288,289,295,310,317
78,78,15
1,4,5,9,10,24,27,28,47,70,71,93,94,123,312
192,192,15
27,28,47,51,70,71,93,94,122,124,213,238,244,311,333
165,165,19
1,4,5,13,28,47,50,51,70,71,93,94,123,237,238,287,289,312,335
403,403,22
12,13,28,47,70,71,74,93,94,214,239,266,267,268,288,289,290,309,312,313,334,335
43,43,22
28,93,94,244,245,265,266,267,268,286,288,289,290,291,309,311,312,313,323,333,334,335
43,43,34
215,238,239,240,241,242,244,245,262,263,264,265,266,267,268,285,286,287,288,289,290,291,300,309,310,311,312,313,314,324,332,333,334,335
189,189,47
1,24,150,151,152,153,174,175,176,196,197,200,218,225,237,238,248,249,261,262,263,271,272,290,291,292,293,294,295,296,313,314,315,316,317,318,319,320,333,335,336,337,338,339,340,341,342
436,436,63
196,218,225,226,238,241,242,246,247,248,249,250,261,263,264,265,268,269,270,271,272,273,274,285,286,287,288,289,291,292,293,294,295,296,297,310,311,312,314,315,316,317,318,319,320,321,322,325,328,329,333,334,335,336,337,338,339,340,341,342,343,344,345
121,121,82
201,215,221,222,223,224,225,226,227,230,238,243,245,246,247,248,249,250,251,252,253,261,263,265,267,268,269,270,271,272,273,274,275,276,285,286,287,288,289,290,291,292,293,294,295,296,297,298,299,308,310,311,312,313,314,315,316,317,318,319,320,321,322,323,324,325,328,329,330,333,334,335,336,337,338,339,340,341,342,343,344,345
268,268,102
160,161,178,179,181,182,183,184,200,201,202,203,204,205,206,207,220,221,222,223,224,225,226,227,228,229,230,242,243,244,245,246,247,248,249,250,251,252,253,263,264,265,266,267,268,269,270,271,272,273,274,275,276,285,286,287,288,289,290,291,292,293,294,295,296,297,298,299,307,308,309,310,311,312,313,314,315,316,317,318,319,320,321,322,328,329,330,331,332,333,334,335,336,337,338,339,340,341,342,343,344,345
550,550,114
135,158,159,160,161,178,179,180,181,182,183,184,199,200,201,202,203,204,205,206,207,221,222,223,224,225,226,227,228,229,230,243,244,245,246,247,248,249,250,251,252,253,262,264,265,266,267,268,269,270,271,272,273,274,275,276,284,285,286,287,288,289,290,291,292,293,294,295,296,297,298,299,303,304,305,306,307,308,309,310,311,312,313,314,315,316,317,318,319,320,321,322,324,325,326,327,328,329,330,331,332,333,334,335,336,337,338,339,340,341,342,343,344,345
380,380,133
1,92,112,115,131,132,134,135,136,137,138,155,156,157,158,159,160,161,178,179,180,181,182,183,184,200,201,202,203,204,205,206,207,216,222,223,224,225,226,227,228,229,230,236,239,243,245,246,247,248,249,250,251,252,253,259,260,261,263,264,265,266,267,268,269,270,271,272,273,274,275,276,279,281,282,283,284,285,286,287,288,290,291,292,293,294,295,296,297,298,299,300,301,304,305,306,307,308,309,310,311,312,313,314,315,316,317,318,319,320,321,322,323,324,327,328,329,330,331,332,333,334,335,336,337,338,339,340,341,342,343,344,345
515,515,146
21,22,23,40,41,43,44,45,46,63,65,66,67,68,69,82,83,84,85,86,87,88,89,90,91,92,104,105,106,107,108,109,110,111,112,113,114,115,124,125,126,127,128,131,132,133,134,135,136,137,138,143,145,146,147,148,149,153,154,155,156,157,158,159,160,161,165,166,167,168,170,174,175,176,177,178,179,180,181,182,183,184,187,188,189,190,204,205,206,207,208,209,210,211,212,213,215,216,218,221,231,232,233,234,235,236,237,238,239,240,254,255,256,257,258,259,260,261,262,263,277,278,279,280,281,282,283,284,285,300,301,302,303,304,305,306,307,308,309,323,324,326,328,329,330,331
538,538,110
3,4,5,6,7,8,9,10,11,12,13,14,15,16,17,18,19,26,27,28,29,30,31,32,33,34,35,36,37,38,39,40,41,47,48,49,50,51,52,53,54,55,56,57,58,59,60,61,62,70,71,72,73,74,75,76,77,78,79,80,81,82,83,93,94,95,96,97,98,99,100,101,102,103,104,105,116,117,118,119,120,121,122,123,124,125,126,139,140,141,142,143,144,145,146,147,162,163,164,165,166,185,186,187,188,208,209,210,211,231
354,354,71
1,2,3,4,5,6,7,8,9,10,11,12,13,14,24,25,26,27,28,29,30,31,32,33,34,35,36,37,47,48,49,50,51,52,53,54,55,56,57,58,59,60,70,71,72,73,74,75,76,77,78,80,81,93,94,95,96,97,98,99,100,101,116,117,118,119,120,139,141,143,165
40,40,43
1,2,9,10,11,12,13,32,34,53,54,55,56,57,59,75,76,77,80,81,82,98,99,100,104,105,119,120,121,122,124,126,127,144,145,147,148,169,170,190,192,212,215
3,3,36
9,10,11,32,34,36,50,51,52,54,55,56,57,60,75,76,77,78,80,81,96,98,104,105,128,143,144,164,166,187,188,190,192,210,325,327
468,468,29
8,9,13,35,36,51,55,56,58,59,73,76,77,78,80,81,98,99,120,144,165,166,170,190,255,278,305,325,329
10,10,19
10,12,32,33,34,55,56,57,58,80,81,82,165,215,216,259,260,282,325
301,301,7
33,37,55,56,81,120,142
265,265,2
56,81
451,451,6
1,136,182,183,204,306
513,513,15
1,20,26,41,48,71,110,112,133,136,156,159,180,182,183
560,560,22
2,5,17,20,21,27,41,44,48,64,71,89,112,113,114,133,159,160,180,181,182,203
59,59,41
2,3,17,18,20,23,25,26,27,41,44,45,46,47,64,65,67,71,89,90,91,94,111,112,113,114,133,134,135,136,137,157,158,159,160,161,179,180,183,203,204
415,415,41
1,2,3,17,18,20,21,23,25,27,41,42,43,44,45,47,48,64,66,68,71,87,89,90,91,94,110,112,119,133,135,136,137,156,158,159,160,181,182,183,203
46,46,28
2,18,21,22,23,25,27,40,41,42,44,64,71,89,90,91,111,113,116,117,133,135,158,159,160,181,182,183
525,525,22
12,20,23,25,41,42,46,49,64,87,90,94,110,111,116,133,135,136,158,160,181,182
398,398,44
1,2,3,18,21,22,23,25,40,41,42,44,45,46,47,48,49,64,68,87,88,90,91,93,94,110,111,113,116,117,129,133,134,135,136,137,138,139,158,159,160,180,181,182
503,503,42
1,2,3,18,20,21,22,23,25,41,43,44,45,48,63,65,66,67,69,90,91,93,94,110,111,112,113,115,116,133,134,135,136,138,139,158,159,160,161,180,181,182
527,527,43
2,3,18,21,22,23,25,26,41,42,44,45,46,48,49,63,65,67,69,70,71,87,89,93,94,110,111,113,114,116,133,134,135,137,138,139,157,158,159,160,180,181,182
156,156,42
1,2,3,18,19,20,21,22,23,25,26,41,43,44,45,46,48,66,69,70,88,89,93,94,110,111,112,113,114,116,135,136,137,138,139,156,158,159,160,161,181,255
117,117,48
1,2,3,18,19,20,21,22,23,25,40,41,43,44,45,46,47,48,64,65,66,67,68,69,70,71,88,89,91,92,93,94,110,111,112,114,116,134,135,136,137,138,156,157,158,159,161,228
164,164,51
18,19,20,21,22,23,25,26,40,41,42,43,44,45,46,47,48,64,65,66,67,68,69,70,71,88,89,90,91,92,93,110,111,112,113,114,115,116,133,134,135,136,137,138,156,158,160,182,212,228,230
188,188,41
18,19,20,21,22,23,25,41,42,43,44,45,46,47,48,64,65,67,68,69,70,71,88,89,91,92,93,110,112,113,114,115,116,133,134,135,136,137,138,156,158
137,137,42
18,19,20,21,22,23,24,25,41,42,43,44,45,46,47,48,65,66,67,68,69,70,71,88,89,90,91,92,93,111,112,113,114,115,116,133,134,135,136,137,138,160
99,99,43
18,19,20,21,22,23,25,42,43,44,45,46,47,48,51,66,67,68,69,70,71,88,89,91,92,93,110,111,112,113,114,116,133,134,135,136,137,138,158,160,161,206,230
313,313,39
18,19,20,21,22,23,25,43,44,45,46,47,48,66,67,68,69,70,88,89,90,91,92,93,110,111,112,113,114,115,133,134,136,137,138,158,160,182,230
332,332,42
18,20,21,22,23,25,43,44,45,46,47,48,63,64,66,67,68,69,70,88,89,90,91,92,93,110,111,112,113,114,115,134,135,136,138,158,160,161,182,205,207,230
558,558,43
19,20,21,22,23,25,41,42,43,44,45,46,47,48,64,66,67,68,69,70,87,88,89,90,91,92,93,111,112,113,114,115,134,138,159,160,161,182,183,205,207,228,274
323,323,30
20,21,22,23,25,43,44,45,46,47,65,66,67,68,69,70,89,90,91,92,93,111,112,113,114,115,138,161,183,230
71,71,41
17,20,21,22,23,25,42,43,44,45,46,47,65,66,67,68,69,70,87,88,89,90,91,92,112,113,114,115,134,135,138,158,160,161,182,184,228,230,253,335,345
5,5,52
6,16,17,18,20,21,22,23,41,42,43,44,45,46,47,65,66,67,68,69,70,87,88,89,90,91,92,111,112,113,114,115,134,135,138,144,158,159,160,161,182,183,184,204,205,226,228,229,230,298,321,345
71,71,40
17,20,21,22,23,39,42,43,44,45,46,53,62,66,67,68,69,70,90,91,92,112,113,114,115,134,135,138,158,160,161,182,183,184,230,253,298,321,322,345
133,133,38
17,20,21,22,23,41,44,45,46,47,53,66,67,68,69,76,88,90,91,92,113,114,115,135,136,138,158,159,160,161,182,183,184,253,273,321,322,344
73,73,43
17,20,21,22,23,39,42,44,45,46,47,65,66,67,68,69,90,91,92,112,114,115,124,135,138,159,160,161,181,182,183,184,205,206,207,229,230,253,298,299,320,321,322
35,35,44
7,21,22,23,30,44,45,46,67,68,69,89,90,91,92,112,113,114,115,135,136,137,138,158,159,160,161,182,183,184,205,206,207,229,230,252,253,273,276,298,299,321,322,345
84,84,29
21,22,23,44,45,46,67,68,69,91,92,115,138,159,160,161,182,183,184,205,206,207,229,230,252,253,297,298,321
94,94,29
21,22,23,44,45,46,67,68,69,91,92,115,138,159,160,161,182,183,184,205,206,207,229,230,252,253,298,299,322
88,88,36
20,21,22,23,44,45,46,67,68,69,91,92,112,115,138,158,159,160,161,181,182,183,184,205,206,207,229,230,252,253,273,297,298,299,321,322
129,129,30
21,22,23,44,45,46,67,68,69,91,92,115,137,138,158,159,160,161,182,183,184,205,206,207,229,230,274,275,276,297
245,245,31
231,254,255,256,257,277,278,279,280,281,282,283,300,301,302,303,304,305,306,307,308,323,324,325,326,327,328,329,330,331,332
295,295,105
93,94,116,117,118,120,139,140,141,142,162,163,164,165,166,167,168,169,170,185,186,187,188,189,190,191,192,193,194,195,207,208,209,210,211,212,213,214,215,216,217,218,219,231,232,233,234,235,236,237,238,239,240,241,242,243,244,246,255,256,257,258,259,260,261,262,263,264,265,266,267,268,269,270,271,277,278,279,280,283,284,285,286,287,288,289,290,291,292,293,294,307,308,311,312,313,314,315,316,332,334,336,337,338,339
523,523,147
2,3,5,8,9,10,11,12,30,31,32,33,34,35,36,37,38,54,55,56,57,58,59,60,61,62,63,70,74,75,76,77,78,79,80,81,82,83,84,85,86,87,93,94,95,96,97,98,99,100,101,102,103,104,105,106,107,108,109,110,111,116,117,118,119,120,121,122,124,125,126,127,128,129,130,131,132,133,134,135,139,140,141,143,144,145,146,147,148,149,150,151,152,153,154,155,156,157,158,168,169,170,171,172,173,174,175,176,177,178,179,180,181,190,191,193,194,195,196,197,198,199,200,201,202,203,204,218,219,220,221,222,223,224,225,226,245,246,247,248,268,269,270,271,292,293,294
243,243,140
1,2,3,4,5,7,8,9,10,11,12,13,14,15,16,17,18,19,20,21,22,23,25,26,27,29,30,31,32,33,34,35,36,37,38,39,40,41,42,43,44,45,46,48,52,53,54,55,56,57,58,59,60,61,62,63,64,65,66,67,68,69,73,74,75,76,77,78,79,80,81,82,83,84,85,86,87,88,89,90,91,92,99,100,101,102,103,104,105,106,107,108,109,110,111,112,113,115,123,124,125,126,127,128,129,130,131,132,133,134,135,138,152,153,154,155,156,157,158,159,160,178,179,180,181,182,183,184,202,203,205,207,226,229,230,249,253,276,299,321
307,307,125
1,2,3,4,5,6,7,8,9,10,11,12,13,14,15,16,17,18,19,20,21,22,23,26,28,29,30,31,32,33,34,35,36,37,38,39,40,41,42,43,44,45,46,53,54,55,56,57,58,59,60,61,62,63,64,65,66,67,68,69,76,77,78,79,80,81,82,83,84,85,86,87,88,89,90,91,92,100,101,102,103,104,105,106,107,108,109,110,111,112,113,114,115,128,131,132,133,134,135,136,137,138,147,155,156,157,158,159,160,161,180,181,182,183,184,204,205,206,207,226,228,229,230,252,253
367,367,121
1,2,3,4,5,6,7,8,9,10,11,12,13,14,15,16,17,18,19,20,21,22,23,24,25,27,29,30,31,32,33,34,35,36,37,38,39,40,41,42,43,44,45,46,51,52,53,54,55,56,57,58,59,60,61,62,63,64,65,66,67,68,69,74,75,77,78,79,80,81,82,84,85,86,87,88,89,90,91,92,98,99,100,101,102,103,104,105,106,108,109,110,111,112,113,114,115,120,121,123,124,125,127,128,130,131,132,134,135,136,137,138,155,157,159,160,161,181,182,183,184
239,239,112
1,2,3,4,5,6,7,8,9,10,11,12,14,15,16,17,18,19,20,21,22,23,24,27,28,29,30,31,32,33,34,35,37,38,39,40,41,42,43,44,45,46,51,52,53,54,55,56,57,58,60,61,62,63,64,65,66,67,68,69,74,75,76,77,78,79,80,81,84,85,86,87,88,89,90,91,92,98,99,100,101,102,105,106,109,112,113,114,115,122,123,127,128,134,135,136,137,138,146,147,152,159,160,161,182,183,184,228,230,251,253,275
249,249,93
3,4,5,6,7,8,9,10,11,14,15,16,17,18,19,20,21,22,23,25,27,28,29,30,31,32,33,38,40,41,42,43,44,45,46,51,52,53,54,55,56,57,58,63,64,66,67,68,69,74,75,76,77,78,79,80,81,82,86,87,89,90,91,92,98,99,100,101,102,104,108,110,113,114,115,122,123,124,127,136,137,138,147,150,158,159,161,182,183,184,205,230,272
333,333,78
1,3,4,5,6,7,8,9,18,19,20,21,22,23,25,27,28,29,30,31,32,33,40,41,43,44,45,46,49,50,51,52,53,54,55,56,57,58,63,67,68,69,73,74,75,76,77,78,79,80,81,90,91,92,98,99,100,101,102,103,119,121,122,123,124,140,141,142,143,144,145,146,147,160,164,165,166,182
148,148,59
4,5,6,8,9,10,11,12,13,14,15,16,17,18,19,20,21,27,29,31,32,33,35,40,41,42,43,44,45,50,52,54,63,65,66,67,68,73,89,90,112,113,124,135,136,158,159,181,182,204,227,250,272,273,295,296,318,319,341
101,101,52
1,3,4,5,6,7,8,9,10,11,12,23,25,26,27,28,29,30,31,32,33,34,35,47,49,50,51,52,53,54,55,56,57,73,78,79,80,96,98,100,101,102,117,118,119,120,121,122,128,139,140,143
8,8,48
1,2,4,5,6,7,8,9,10,12,24,28,29,30,31,32,33,34,35,47,49,50,51,52,53,54,56,57,72,73,75,76,78,79,80,97,98,99,100,101,102,116,117,120,121,140,145,162
50,50,43
1,2,3,4,5,6,7,8,9,10,11,24,27,28,29,30,31,32,33,47,50,51,52,53,54,55,56,72,73,74,77,78,79,99,100,101,102,116,117,121,122,140,210
50,50,39
1,2,3,4,5,6,7,8,9,11,24,27,28,30,31,32,33,35,47,49,50,51,52,55,56,73,74,77,78,79,94,99,100,102,117,121,122,140,188
286,286,38
1,2,3,5,6,7,8,9,10,11,24,28,29,30,31,32,33,34,36,47,49,50,51,52,55,56,72,73,74,78,79,80,99,100,116,117,121,140
559,559,35
1,2,3,4,5,6,7,8,10,11,12,28,30,31,32,33,47,49,50,51,52,53,56,57,72,73,78,79,94,99,100,116,117,121,187
72,72,34
1,2,3,5,6,7,8,9,10,11,24,26,30,31,32,33,47,49,53,54,56,72,73,78,93,94,99,100,116,117,140,150,187,210
319,319,33
1,2,3,5,6,8,9,11,12,24,28,31,34,47,49,50,53,54,56,71,72,73,74,76,78,93,94,95,97,99,100,116,117
175,175,47
5,6,8,13,22,23,35,36,45,46,58,59,68,69,78,80,82,91,92,98,99,100,102,103,115,121,122,123,126,127,128,129,134,137,139,143,144,145,154,157,160,162,183,206,228,230,344
435,435,29
1,2,3,6,24,28,32,33,47,48,51,52,53,54,72,73,74,96,97,98,117,118,120,140,143,144,162,164,166
7,7,29
1,2,3,5,6,11,24,25,28,29,33,47,50,52,53,54,71,72,73,74,75,96,99,117,118,140,143,144,166
7,7,26
1,2,5,6,24,25,47,51,53,72,73,74,75,95,96,117,118,119,120,121,143,144,148,163,185,189
543,543,26
1,2,5,6,11,24,25,29,33,47,48,53,72,73,74,95,96,117,118,119,143,144,163,185,209,237
385,385,28
1,2,5,6,7,11,24,25,31,33,47,51,52,73,80,94,95,96,117,118,121,143,144,185,189,196,214,237
385,385,32
1,2,5,9,11,24,25,30,31,32,47,51,52,53,54,57,73,74,94,95,96,117,118,140,141,143,145,149,167,172,194,213
431,431,36
1,24,29,30,31,32,33,51,52,53,54,73,79,94,95,96,117,118,121,123,141,143,145,164,249,253,276,290,299,312,322,333,334,335,344,345
558,558,39
24,30,31,49,50,51,82,123,143,145,179,180,202,203,207,225,226,230,248,249,252,253,272,275,276,289,290,298,299,311,312,321,322,333,334,335,343,344,345
409,409,68
4,5,18,19,27,40,41,42,43,48,49,63,64,65,66,67,86,87,88,89,90,103,109,110,111,112,113,124,132,133,135,136,155,156,159,160,177,178,179,182,183,200,201,202,204,205,223,224,227,228,246,247,248,250,251,268,269,270,272,273,291,292,296,313,314,319,336,337
396,396,76
5,9,10,29,30,31,48,50,51,52,62,85,108,109,131,134,154,176,177,198,199,202,204,222,224,227,243,246,247,248,249,250,251,252,266,267,269,270,271,272,273,274,276,288,289,290,291,292,294,295,296,297,298,299,310,311,312,313,314,315,318,319,320,322,333,334,335,336,337,338,339,340,341,342,344,345
511,511,94
9,10,30,31,50,52,108,135,157,168,172,176,177,179,180,182,199,200,201,202,203,205,206,218,223,224,225,226,228,229,230,242,243,244,246,247,248,249,250,251,252,253,266,267,268,269,270,271,272,273,274,275,276,287,289,290,291,292,293,294,295,296,297,298,299,310,311,312,313,314,315,316,317,318,319,320,321,322,330,331,332,333,334,335,336,337,338,339,340,341,342,343,344,345
261,261,105
117,138,158,159,161,174,176,181,182,183,196,199,202,203,204,205,206,207,220,221,222,224,225,226,227,228,229,230,239,241,242,243,244,245,246,247,248,249,250,251,252,253,262,264,265,266,267,268,270,271,272,273,274,275,276,284,285,286,287,288,289,290,291,292,293,294,295,296,297,298,299,307,308,309,310,311,312,313,314,315,316,317,318,319,320,321,322,326,327,330,331,332,333,334,335,336,337,338,339,340,341,342,343,344,345
262,262,115
138,158,159,160,161,179,180,181,182,183,184,199,200,201,202,203,204,205,206,207,219,220,221,222,223,224,225,226,227,228,229,230,238,239,242,243,244,245,246,247,248,249,250,251,252,253,260,262,263,264,265,266,267,268,269,270,271,272,273,274,275,276,284,285,286,287,288,289,290,291,292,293,294,295,296,297,298,299,306,307,308,309,310,311,312,313,314,315,316,317,318,319,320,321,322,325,326,328,329,330,331,332,333,334,335,336,337,338,339,340,341,342,343,344,345
380,380,134
47,92,115,137,138,153,156,161,175,176,180,184,194,195,196,197,198,199,201,203,204,206,207,215,218,219,220,221,222,223,224,226,227,228,229,230,238,239,240,241,242,243,244,245,247,248,249,250,251,252,253,258,259,260,261,262,263,264,265,266,267,268,269,270,271,272,273,274,275,276,280,281,282,283,284,285,286,287,288,289,290,291,292,293,294,295,296,297,298,299,300,302,303,304,305,306,307,308,309,310,311,312,313,314,315,316,317,318,319,320,321,322,323,325,326,327,328,329,330,331,332,333,334,335,336,337,338,339,340,341,342,343,344,345
547,547,143
23,46,53,54,55,76,84,85,86,106,107,108,109,127,128,129,130,131,132,133,146,148,149,150,151,152,153,154,156,157,158,162,163,164,165,166,167,168,169,170,171,172,173,174,175,176,177,180,185,186,187,188,189,190,191,192,193,194,195,196,197,198,199,200,201,208,209,210,211,212,213,214,215,216,217,218,219,220,221,222,231,232,233,234,235,236,237,238,239,240,241,242,243,244,254,255,256,257,258,259,260,261,262,263,264,265,266,277,278,279,280,281,282,283,284,285,286,287,288,289,300,301,302,303,304,305,306,307,308,309,310,311,323,324,325,326,327,328,329,330,331,332,333
549,549,113
1,2,3,4,5,6,7,8,9,10,11,12,13,14,15,16,17,24,25,27,28,29,30,31,32,33,34,35,36,37,39,40,47,48,49,50,51,52,53,54,55,56,57,58,60,61,70,71,72,73,74,75,76,77,78,79,93,94,95,96,97,98,99,100,101,102,116,117,118,119,120,121,122,123,124,126,139,140,141,142,143,144,145,146,147,148,162,163,164,165,166,167,168,169,185,186,187,188,189,190,191,208,209,210,211,212,213,231,232,233,234,254,255
246,246,70
1,2,3,4,5,6,7,8,9,10,11,12,13,14,15,24,25,26,27,28,29,30,31,32,33,34,35,47,48,49,50,51,52,53,54,55,57,58,70,71,72,73,74,75,76,77,78,79,93,94,95,96,97,98,99,116,117,118,119,120,121,139,140,141,142,143,162,163,164,185
565,565,46
1,2,3,4,5,6,7,8,9,24,25,26,27,28,29,30,31,32,47,48,49,50,51,52,53,54,70,71,72,73,74,75,76,93,94,95,96,97,116,118,120,143,144,150,163,213
370,370,44
1,2,3,4,5,6,7,8,9,24,25,26,27,28,29,30,31,32,47,48,49,50,51,52,53,71,73,76,78,93,94,98,102,126,141,144,164,166,186,195,196,213,218,239
35,35,37
1,2,3,4,5,6,7,8,9,24,25,27,28,29,30,31,32,47,48,50,51,52,53,70,71,75,93,94,97,119,125,143,144,149,166,195,218
80,80,31
1,3,4,5,6,7,8,9,28,29,30,31,47,49,51,52,53,70,73,74,93,94,117,118,119,120,139,144,145,217,240
168,168,22
1,3,4,6,7,28,29,30,31,47,48,52,70,73,93,118,119,143,144,196,216,217
71,71,17
1,4,5,6,7,8,9,29,30,31,47,48,95,119,196,216,217
325,325,13
1,3,4,5,6,7,29,30,47,48,50,73,118
458,458,4
6,7,30,47
420,420,1
51
133,133,39
8,44,66,67,69,91,92,112,114,115,135,136,137,138,157,159,160,161,180,181,182,183,184,204,205,206,207,227,228,229,230,251,253,274,297,299,322,344,345
213,213,18
50,68,69,91,114,136,138,158,161,182,183,184,205,229,230,274,322,345
480,480,22
69,91,92,113,114,115,137,138,158,160,161,181,182,183,206,227,229,252,253,274,276,345
2,2,24
1,69,91,92,113,114,115,137,138,158,159,160,161,181,182,205,206,228,229,230,253,274,276,298
226,226,22
23,69,91,92,114,137,138,159,160,161,182,183,205,206,207,227,229,230,251,253,297,298
166,166,23
69,92,114,115,137,138,160,161,181,182,183,204,205,206,227,229,230,251,252,253,274,298,345
198,198,23
68,69,92,114,115,137,138,161,182,205,207,227,228,229,230,251,252,253,274,275,276,297,298
210,210,27
26,68,69,92,114,115,137,138,161,182,183,205,206,227,228,229,230,251,252,253,274,275,276,297,298,299,345
381,381,32
23,46,68,69,91,92,114,115,138,160,161,182,183,184,203,204,205,206,207,228,229,251,252,253,274,276,297,298,299,321,322,345
211,211,42
22,23,46,66,67,68,69,71,89,90,91,92,113,114,137,138,159,160,161,181,182,183,184,204,205,206,207,228,229,230,251,252,253,274,275,276,297,298,299,321,322,345
374,374,43
22,23,44,46,67,68,69,89,91,92,112,113,114,115,136,137,138,155,159,160,161,181,182,183,184,206,207,227,228,229,230,250,251,252,253,274,275,276,297,298,299,321,322
191,191,32
44,46,68,90,91,114,137,138,159,160,161,182,183,184,206,207,227,228,229,230,250,251,252,253,274,275,276,297,298,299,321,322
125,125,38
23,44,46,68,69,90,91,92,114,115,137,138,159,160,161,181,182,183,184,205,206,207,227,228,229,230,250,251,252,253,274,275,276,297,298,299,321,322
217,217,43
22,23,45,46,67,68,69,89,90,91,92,114,115,135,136,137,138,160,161,182,183,184,202,204,206,207,227,228,229,230,250,251,252,253,274,275,276,297,298,299,321,322,345
39,39,41
23,45,46,67,68,69,90,91,92,113,114,115,136,137,138,158,159,160,161,182,183,184,204,205,206,207,227,228,229,230,250,251,252,253,274,275,276,297,298,299,322
39,39,43
22,45,46,67,68,69,90,91,92,113,115,136,137,138,158,159,160,161,182,183,184,204,205,206,207,227,228,229,230,250,251,252,253,274,275,276,297,298,299,321,322,329,345
93,93,40
22,23,45,46,67,68,69,90,91,92,113,114,115,137,138,158,159,160,161,182,183,184,207,227,228,229,230,250,251,252,253,274,275,276,297,298,299,321,322,345
84,84,44
23,46,67,68,69,90,91,92,113,114,115,135,136,137,138,158,160,161,181,182,183,184,204,206,207,227,228,229,230,250,251,252,253,273,274,275,276,296,297,298,299,321,322,344
216,216,54
18,22,23,25,44,45,46,67,68,69,71,90,91,92,113,114,115,135,136,137,138,158,159,160,161,181,182,183,184,204,205,206,207,227,228,229,230,250,251,252,253,273,274,275,276,296,297,298,299,320,321,322,344,345
92,92,41
22,23,45,46,69,91,92,113,114,115,136,137,138,159,160,161,181,182,183,184,204,205,206,207,228,229,230,251,252,253,274,275,276,297,298,299,320,321,322,344,345
35,35,42
22,45,46,68,69,91,92,113,114,115,136,137,138,158,159,160,161,182,183,184,204,205,206,207,228,229,230,251,252,253,274,275,276,296,297,298,299,320,321,322,344,345
441,441,22
46,68,69,115,136,137,158,160,161,182,184,204,206,207,230,252,253,275,276,299,321,322
382,382,39
23,46,68,69,91,92,112,113,114,115,135,136,137,138,158,159,160,161,182,183,184,205,206,207,228,229,230,251,252,253,274,275,276,297,298,299,320,321,322
551,551,32
46,68,69,90,92,112,113,135,136,137,138,160,182,183,184,205,206,207,228,229,230,250,251,252,253,274,275,276,298,299,321,322
123,123,26
23,46,68,69,90,91,92,112,114,115,137,160,161,181,182,184,205,206,207,229,230,251,252,253,276,299
265,265,28
23,45,46,68,69,90,91,112,113,114,115,134,135,137,160,161,182,184,205,206,207,228,229,230,252,253,276,298
103,103,28
23,46,68,69,90,91,92,112,113,114,115,134,135,137,138,159,160,205,206,228,229,230,253,273,275,276,298,299
536,536,32
166,231,254,255,256,257,277,278,279,280,281,282,300,301,302,303,304,305,306,307,308,323,324,325,326,327,328,329,330,331,332,333
244,244,110
93,95,116,117,118,119,120,139,140,141,142,143,144,145,159,162,163,164,165,166,167,168,185,186,187,188,189,190,191,192,193,194,195,208,209,210,211,212,213,214,215,216,217,218,219,220,232,233,234,235,236,237,238,239,240,241,242,243,245,254,255,256,257,258,259,260,261,262,263,264,265,266,267,268,269,270,279,281,282,283,284,285,286,287,288,289,290,291,292,293,303,304,305,306,307,308,309,310,311,312,313,314,315,330,332,333,334,335,336,337
516,516,147
1,2,3,4,5,6,7,8,9,10,11,12,13,14,15,22,24,25,26,27,28,29,30,31,32,33,34,35,36,37,38,39,47,48,49,50,51,52,53,54,55,56,57,58,59,60,61,62,63,70,71,72,73,74,75,76,77,78,79,80,81,82,83,84,85,86,87,88,89,93,94,95,96,97,98,99,100,101,102,103,104,105,106,107,108,109,110,111,112,113,114,116,117,118,120,121,122,123,125,126,127,128,129,130,131,132,133,134,135,136,137,138,143,144,150,152,153,154,155,156,157,158,159,160,161,177,178,179,180,181,182,183,184,201,202,203,204,205,206,207,224,225,226,227,228,229,230
507,507,139
1,2,3,4,5,6,7,8,9,10,11,12,13,14,15,16,17,18,19,20,21,22,23,24,25,26,27,28,29,30,31,32,33,34,35,36,37,38,39,40,41,42,43,44,45,46,49,50,51,52,53,54,55,56,57,58,59,60,61,62,63,64,65,66,67,68,69,72,73,74,75,76,77,78,79,80,81,82,83,84,85,86,87,88,89,90,91,92,98,99,100,101,102,103,104,106,107,108,109,110,111,112,113,114,115,124,126,127,130,131,132,133,134,135,136,137,138,155,156,157,158,159,160,161,178,179,180,181,182,183,184,202,203,205,206,207,228,229,230
509,509,125
2,3,4,5,6,7,8,9,10,11,12,13,14,15,16,17,18,19,20,21,22,23,27,28,29,30,31,32,33,34,35,36,37,38,39,40,41,42,43,44,45,46,51,52,53,54,55,56,57,58,59,60,61,62,63,64,65,66,67,68,69,73,75,77,78,79,80,81,82,83,84,85,86,87,88,89,90,91,92,99,100,101,102,103,104,105,106,107,108,109,110,111,112,113,114,115,126,127,129,130,131,132,133,134,135,136,137,138,152,154,155,156,157,158,159,160,161,179,180,181,182,184,204,229,230
306,306,120
2,4,5,6,7,8,9,10,11,12,13,14,15,16,17,18,19,20,21,22,23,27,28,29,30,31,32,33,34,35,36,37,38,39,40,41,42,43,44,45,46,49,51,52,53,54,55,56,57,58,59,60,61,62,63,64,65,66,67,68,69,73,74,75,76,77,78,79,80,82,83,84,85,86,87,88,89,90,91,92,95,96,98,99,100,101,102,103,107,108,109,110,111,112,113,114,115,119,120,123,124,125,126,127,132,134,135,136,137,138,142,143,145,147,159,160,161,171,184,230
298,298,113
5,6,7,8,9,10,11,12,13,14,15,16,17,18,19,20,21,22,23,28,29,30,31,32,33,34,35,36,37,38,39,41,42,43,44,45,46,51,52,53,54,55,56,57,58,59,60,61,62,63,64,65,66,68,69,73,74,75,76,77,78,79,81,83,85,86,87,89,90,91,92,95,97,98,99,100,101,102,103,108,109,111,112,113,114,115,123,124,125,126,127,131,134,135,136,137,144,145,147,148,149,150,159,167,171,172,180,189,192,193,194,214,238
310,310,100
7,8,9,10,11,12,13,14,15,16,17,18,19,20,21,22,23,30,31,32,33,34,35,37,40,41,42,43,45,46,52,53,54,55,56,57,59,60,64,65,66,67,68,74,75,76,77,78,79,80,82,83,84,85,88,90,91,98,99,100,101,102,103,104,106,107,108,112,113,114,115,123,124,125,126,127,128,129,130,131,135,136,138,145,147,148,149,151,152,153,154,160,167,171,190,192,251,252,253,275
319,319,89
8,9,14,18,19,20,21,30,31,32,42,43,52,53,54,55,60,73,74,75,76,77,78,80,82,83,96,97,98,99,100,101,102,103,104,106,107,119,120,121,122,123,124,125,126,127,130,131,132,139,142,145,146,147,148,149,150,151,164,165,167,168,169,170,171,172,173,187,188,189,190,192,193,212,213,214,215,236,252,253,273,274,294,295,297,318,319,342,343
148,148,67
18,19,20,30,41,42,52,53,54,74,75,76,77,82,97,99,105,106,107,119,120,123,124,125,126,127,129,130,145,146,147,149,150,152,167,168,169,170,172,174,175,179,190,191,193,194,197,212,213,215,216,250,251,294,297,298,317,318,319,320,321,322,339,340,341,342,343
67,67,59
7,9,10,11,12,14,28,29,30,31,32,51,53,54,55,57,75,76,79,97,98,99,102,103,104,119,120,122,123,124,125,126,127,128,142,146,147,148,149,150,167,168,171,189,190,191,192,193,194,212,213,214,215,216,235,236,237,257,258
483,483,51
3,7,8,11,12,14,29,30,31,52,53,55,58,75,76,79,97,98,99,101,104,120,123,125,126,127,128,146,147,148,150,168,169,170,189,190,191,192,193,194,211,212,213,214,215,216,234,235,236,258,259
483,483,49
7,11,12,13,14,29,30,31,32,51,55,57,75,76,77,79,81,96,97,99,100,101,102,103,104,147,149,150,151,168,170,171,188,189,190,191,192,193,194,211,212,213,214,216,234,235,236,259,260
288,288,44
7,11,12,14,28,30,33,51,53,55,57,58,73,74,75,76,77,78,79,80,97,98,99,100,102,103,104,118,119,120,150,167,189,211,212,213,214,216,233,234,236,257,258,259
120,120,41
7,9,11,12,14,24,29,30,34,35,37,52,55,58,76,77,79,80,81,97,99,102,103,104,118,120,123,125,139,167,194,210,211,212,214,234,235,236,258,259,281
421,421,42
7,9,10,11,12,14,29,30,33,37,49,51,52,53,54,56,57,61,74,78,79,80,82,97,99,118,120,123,125,139,149,167,170,214,234,235,236,254,257,258,259,281
443,443,39
7,11,12,14,27,29,30,31,33,34,35,37,51,53,54,56,73,74,78,79,81,97,98,118,120,125,167,191,212,213,214,234,235,236,257,258,259,281,282
439,439,39
7,9,10,11,12,14,25,26,29,30,31,37,49,50,52,53,56,57,72,74,75,76,77,78,79,81,97,98,118,120,147,167,194,212,214,235,257,258,282
178,178,46
39,59,60,81,82,83,97,100,105,106,120,123,125,126,127,128,129,144,145,146,148,149,150,151,171,173,174,185,195,196,208,209,210,211,218,231,232,233,234,255,256,295,319,340,341,342
72,72,39
6,11,25,26,27,28,29,30,48,49,50,51,53,57,60,72,74,77,83,97,98,99,100,104,125,149,169,192,215,216,231,234,235,238,254,257,259,281,283
144,144,38
5,6,11,25,26,27,28,29,48,49,50,51,52,53,54,72,73,74,75,77,79,97,98,99,100,120,125,126,140,144,145,149,167,215,238,257,258,259
73,73,35
5,25,26,27,28,29,49,50,51,52,53,54,55,73,74,77,79,96,97,98,99,100,126,145,149,169,170,171,214,215,234,235,256,260,281
175,175,33
3,26,28,29,49,50,53,55,74,77,78,79,99,100,102,120,122,123,125,126,145,147,148,149,169,171,194,214,216,234,235,261,283
402,402,32
25,26,49,50,52,54,55,57,77,79,97,100,102,123,124,125,126,147,148,149,169,170,171,234,235,237,238,257,259,261,288,305
571,571,35
31,49,50,52,59,74,77,78,79,96,97,100,119,124,125,126,147,148,149,169,170,171,172,194,215,216,217,238,239,261,262,265,285,287,288
130,130,37
31,53,54,57,77,79,98,102,119,122,124,125,126,147,148,149,168,169,170,171,172,178,194,195,215,216,217,218,261,262,263,264,283,285,288,306,320
98,98,42
77,102,124,126,127,128,129,158,169,171,180,181,194,195,203,205,216,217,218,219,228,229,230,238,239,240,251,252,253,274,275,276,296,297,298,299,319,320,321,322,342,343
571,571,45
10,104,105,107,120,121,125,127,128,129,150,152,153,162,172,173,175,176,177,186,194,195,196,197,198,199,217,218,220,221,222,241,242,243,250,263,264,265,266,267,284,285,286,287,288
150,150,69
88,106,107,108,112,130,131,135,136,137,150,151,161,173,174,175,195,196,197,198,199,216,217,218,219,220,221,238,240,241,242,243,250,252,253,260,261,262,263,264,265,266,267,273,276,282,284,285,286,287,288,289,296,297,298,299,307,308,310,313,315,320,321,322,332,342,343,344,345
400,400,85
89,107,126,130,137,138,149,150,151,159,160,161,172,173,174,182,194,195,196,199,216,217,218,219,221,222,229,230,238,239,240,241,242,245,248,250,252,253,262,263,264,265,266,270,272,273,274,275,276,284,285,286,287,288,294,295,296,297,298,299,307,308,314,316,317,318,319,320,321,322,328,330,331,333,335,336,337,338,339,340,341,342,343,344,345
379,379,103
129,136,138,157,158,159,161,173,178,179,181,182,184,195,201,204,205,206,207,218,220,222,223,224,225,226,227,228,229,230,243,244,245,246,247,248,249,250,251,252,253,263,264,265,266,267,268,269,270,271,272,273,274,275,276,285,286,287,288,289,290,291,292,293,294,295,296,297,298,299,306,307,308,309,310,311,312,313,314,315,316,317,318,319,320,321,322,330,331,332,333,334,335,336,337,338,339,340,341,342,343,344,345
510,510,113
1,135,137,138,157,158,159,160,161,179,180,181,182,183,184,200,201,202,203,204,205,206,207,218,221,222,223,224,225,226,227,228,229,230,240,242,243,244,245,246,247,248,249,250,251,252,253,263,264,265,266,267,268,269,270,271,272,273,274,275,276,284,285,286,287,288,289,290,291,292,293,294,295,296,297,298,299,305,306,307,308,309,310,311,312,313,314,315,316,317,318,319,320,321,322,328,329,330,331,332,333,334,335,336,337,338,339,340,341,342,343,344,345
554,554,132
112,113,114,115,133,134,135,137,138,155,156,157,158,159,161,177,178,179,180,181,182,195,200,201,202,203,204,206,216,217,218,219,220,222,223,224,225,226,228,229,230,237,238,239,240,242,243,244,245,246,247,248,249,250,251,252,253,261,262,263,264,265,266,267,268,269,270,271,272,273,274,275,276,280,283,284,285,286,287,288,289,290,291,292,293,294,295,296,297,298,299,303,304,305,306,307,308,309,310,311,312,313,314,315,316,317,318,319,320,321,322,325,326,327,328,329,330,331,332,333,334,335,336,337,338,339,340,341,342,343,344,345
533,533,147
22,23,44,45,46,68,69,86,87,89,91,92,105,109,110,111,112,114,115,126,127,128,132,133,135,136,145,146,149,150,154,155,156,157,158,166,167,168,169,170,171,172,173,178,179,180,181,187,188,189,190,191,192,193,194,195,196,201,202,203,210,211,212,213,214,215,216,217,218,219,223,224,225,231,232,233,234,235,236,237,238,239,240,241,242,245,246,254,255,256,257,258,259,260,261,262,263,264,265,266,267,268,277,278,279,280,281,282,283,284,285,286,287,288,289,290,291,292,300,301,302,303,304,305,306,307,308,309,310,311,312,313,314,322,323,324,325,326,327,328,329,330,331,332,333,334,335
252,252,111
1,2,3,4,5,6,7,8,9,10,11,12,13,14,15,16,17,24,25,26,27,28,29,30,31,32,33,34,35,36,37,38,39,47,48,49,50,51,52,53,54,55,56,57,58,59,60,61,70,71,72,73,74,75,76,77,78,79,80,81,82,93,94,95,96,97,98,99,100,101,102,103,104,116,117,118,119,120,121,122,123,124,125,139,140,141,142,143,144,145,146,147,162,163,164,165,166,167,168,169,185,186,187,188,189,190,208,209,210,211,231
83,83,66
1,2,3,4,5,6,7,8,9,10,11,12,13,14,15,24,25,26,27,28,29,30,31,32,33,34,35,47,48,49,50,51,52,53,54,55,56,57,59,70,71,72,73,74,75,76,77,78,93,94,95,96,97,98,99,100,116,117,118,119,120,121,139,140,142,162
467,467,34
1,2,4,5,6,7,24,28,29,31,32,34,47,49,50,51,52,54,55,56,72,73,74,75,76,97,98,99,117,119,142,165,213,258
463,463,23
6,7,8,9,28,29,32,51,52,53,55,72,74,75,76,167,239,263,264,283,310,332,335
6,6,10
32,51,52,75,240,283,288,311,330,335
302,302,4
2,26,44,160
290,290,10
2,41,45,67,68,69,107,112,188,195
551,551,24
2,3,14,22,25,26,37,38,39,41,48,68,79,88,90,91,92,111,124,126,137,151,152,161
358,358,33
2,3,4,22,25,26,38,40,41,43,60,62,63,68,82,87,90,110,124,135,138,146,147,151,152,157,158,159,160,171,176,181,322
61,61,32
3,4,13,14,15,16,23,26,37,41,42,43,46,57,63,65,66,67,68,90,103,108,114,124,127,136,137,138,147,159,174,197
422,422,55
2,3,4,14,15,19,22,25,26,36,38,39,40,41,43,44,57,60,66,67,68,69,79,81,86,88,90,91,102,103,107,108,109,111,113,115,123,124,125,135,136,137,138,146,147,149,152,153,157,159,160,172,173,174,220
358,358,71
1,2,3,4,13,16,20,24,26,35,36,37,40,43,44,45,46,48,58,60,66,67,78,79,80,81,82,85,89,90,91,92,100,101,102,103,104,105,106,112,113,114,115,124,125,126,127,128,135,136,137,138,146,147,148,150,157,159,160,169,170,171,180,196,197,199,248,249,250,271,309
141,141,71
1,2,3,4,13,14,19,22,23,24,25,26,35,36,37,38,39,42,43,44,45,46,48,57,58,59,60,61,65,66,67,69,79,80,81,82,90,91,92,101,102,103,104,107,113,114,115,124,126,129,135,136,137,138,145,146,147,149,150,151,152,157,160,170,171,172,176,180,195,197,217
542,542,36
4,13,14,25,26,36,37,38,43,44,48,58,59,61,66,80,81,82,92,100,101,102,103,104,105,107,112,114,124,136,138,146,157,159,171,335
177,177,90
1,2,3,4,13,14,15,16,19,20,22,23,25,26,34,35,36,37,38,42,43,44,45,46,48,57,58,59,60,61,62,64,65,66,67,78,79,80,81,82,84,91,92,100,101,102,103,104,105,106,108,112,113,114,115,122,123,124,125,126,127,135,136,138,146,147,149,150,151,158,168,170,171,172,175,176,177,179,193,194,195,196,197,217,220,243,247,250,265,306
154,154,83
1,2,3,4,13,15,16,19,20,21,22,23,25,26,34,35,37,38,39,40,43,44,45,46,48,56,57,58,59,60,61,62,65,66,67,81,82,84,85,90,91,92,100,101,102,103,104,105,106,112,113,114,115,122,124,125,127,130,136,137,138,146,147,148,149,152,153,168,169,170,172,175,176,193,194,197,198,217,219,239,243,265,270
482,482,68
1,2,4,13,14,19,20,21,25,26,34,35,36,37,38,39,42,43,44,45,46,48,57,60,61,62,65,66,67,80,81,82,84,85,89,92,100,101,102,103,104,105,107,114,115,122,123,124,125,126,135,137,138,146,147,148,149,153,169,170,171,176,194,195,196,199,217,219
14,14,42
2,3,13,14,20,25,36,37,38,43,44,45,46,57,58,59,60,62,67,80,81,82,92,100,102,103,112,114,115,122,124,126,138,146,147,148,149,169,171,194,195,197
333,333,86
1,2,3,4,13,14,15,20,21,22,23,25,35,36,38,39,40,42,43,44,45,46,58,59,60,61,62,64,66,67,78,81,82,85,89,90,91,92,100,101,102,103,104,105,106,107,108,112,113,115,122,123,124,125,126,129,130,135,138,144,145,146,147,148,150,152,153,168,169,170,171,172,175,192,193,194,195,196,199,216,217,219,221,239,242,243
319,319,91
1,2,3,4,13,14,20,21,22,23,25,34,35,36,37,38,39,40,43,44,45,57,58,59,60,61,62,64,66,67,68,78,79,80,81,82,83,84,85,89,90,91,100,101,102,103,104,105,106,107,108,114,115,122,123,124,125,126,129,130,131,135,136,144,145,146,147,148,149,150,151,153,168,169,170,171,172,175,176,192,193,194,195,196,197,198,199,219,220,221,241
344,344,101
1,2,3,4,13,14,15,16,19,20,21,22,23,25,33,34,35,36,37,38,39,40,42,43,44,45,46,56,57,58,59,60,62,63,65,66,67,78,79,80,81,82,83,89,90,91,92,100,101,102,103,104,105,106,111,112,113,114,115,122,123,124,125,126,128,129,130,136,137,144,145,146,147,150,151,155,157,166,167,168,169,170,171,173,175,177,192,195,197,198,200,219,228,239,240,247,248,249,251,263,338
494,494,97
1,2,3,4,13,14,20,21,22,25,33,34,35,36,37,38,39,40,42,43,44,55,56,58,59,60,62,63,65,66,67,68,69,78,79,80,82,83,89,90,91,92,100,101,102,103,106,107,109,111,112,113,114,115,122,123,124,125,126,128,135,136,137,143,144,145,146,147,149,150,151,154,166,167,168,169,170,171,172,174,176,177,192,193,195,196,197,198,199,203,216,218,219,239,240,263,265
323,323,99
1,2,3,4,13,14,16,20,21,22,23,25,34,35,36,37,39,40,42,43,44,55,57,58,59,60,62,63,65,66,67,69,77,78,79,80,81,82,83,89,90,91,92,100,101,102,103,105,107,111,112,113,114,115,122,123,124,125,126,129,130,131,135,144,145,146,147,149,150,151,152,153,166,167,168,169,170,172,173,175,177,192,193,194,196,197,198,203,216,219,221,239,241,242,243,247,248,263,265
68,68,92
1,2,4,13,14,19,20,21,22,25,33,34,35,36,37,38,39,40,42,43,44,56,58,59,60,61,62,65,66,77,78,79,80,81,82,83,84,89,90,91,92,100,101,102,103,105,107,109,110,112,113,114,115,122,123,124,125,126,129,130,135,136,145,146,147,149,150,152,153,154,166,167,168,169,170,172,173,174,175,176,192,193,195,197,198,218,219,239,240,248,263,319
345,345,72
2,13,14,20,22,25,34,35,36,37,39,43,44,55,56,59,60,62,63,66,77,79,80,82,83,89,92,99,100,101,102,103,107,111,113,115,122,123,124,125,126,135,136,143,144,145,146,147,151,153,154,157,166,168,170,172,173,174,175,177,192,193,196,197,198,200,218,240,241,242,250,265
314,314,96
1,2,4,5,13,20,21,22,25,34,35,36,37,39,42,44,55,56,57,58,59,60,62,63,65,66,67,68,69,77,79,80,82,83,84,85,89,90,91,92,99,100,101,102,103,106,110,111,112,113,115,122,123,124,125,126,128,129,130,136,143,144,145,146,147,149,150,151,152,155,166,167,168,169,170,172,173,174,176,192,193,195,196,197,198,199,200,216,219,240,241,242,247,250,265,266
294,294,104
1,2,3,4,5,12,13,14,16,19,20,21,25,33,35,36,37,39,41,42,43,44,45,57,59,60,62,65,66,67,68,69,77,78,79,80,82,89,90,92,99,100,101,102,103,105,107,111,112,113,114,115,122,123,124,125,126,129,130,144,145,146,147,150,151,152,153,154,166,168,169,170,172,173,174,175,176,177,178,180,193,195,196,197,198,199,200,203,216,218,219,220,221,223,239,240,241,242,248,249,262,263,264,265
12,12,105
1,2,3,4,5,12,13,14,20,21,22,23,25,34,35,36,37,39,43,44,55,56,57,58,59,60,62,63,65,66,68,77,78,79,80,82,83,85,86,89,90,92,100,101,102,103,105,107,111,112,113,115,122,123,124,125,126,130,131,133,135,143,144,145,146,147,149,150,151,156,166,167,168,169,170,173,174,175,176,177,180,192,193,195,196,197,198,199,200,216,218,219,220,222,223,238,240,241,242,243,247,248,262,263,264
119,119,107
1,2,4,5,12,13,15,16,19,20,21,23,25,33,34,35,36,37,38,39,42,43,44,55,56,57,58,59,60,62,65,66,67,68,77,78,79,80,81,82,89,90,91,99,100,101,102,103,105,107,110,111,112,113,115,122,123,124,125,126,131,135,143,144,145,146,147,151,152,153,154,155,156,166,169,170,172,173,174,175,177,178,192,193,195,196,197,198,199,215,216,218,219,220,221,222,240,241,242,243,244,245,248,250,262,263,264
65,65,114
4,5,13,14,15,16,17,18,19,20,26,33,34,35,36,37,38,39,40,41,55,56,57,58,59,60,61,62,66,68,77,78,79,80,81,82,83,84,85,86,89,90,99,100,101,102,103,104,105,109,110,111,112,113,121,122,123,124,125,126,130,142,143,144,145,146,147,148,149,150,152,154,156,168,169,170,171,172,173,174,175,176,177,192,193,194,195,196,197,198,199,201,202,215,216,217,218,219,220,221,225,238,239,240,241,242,243,244,249,262,263,264,265,266
3,3,109
14,15,16,17,18,19,26,33,34,35,36,37,38,39,40,55,56,57,58,59,60,62,66,68,77,78,79,80,81,82,83,86,89,90,99,100,101,102,103,104,105,106,107,111,113,121,122,123,124,125,126,130,131,142,143,144,145,146,147,148,149,151,154,167,168,169,170,171,172,173,174,175,177,178,180,181,192,193,194,195,196,197,199,201,202,203,216,217,218,219,220,221,222,223,238,239,240,241,242,243,244,245,248,261,262,263,264,265,266
555,555,72
5,15,16,36,37,38,39,55,56,57,58,59,60,61,77,78,79,80,81,82,99,100,101,102,103,104,120,121,122,123,124,125,126,132,143,144,145,146,147,148,149,169,170,171,172,173,174,175,176,193,194,195,196,198,200,201,216,217,218,219,221,225,238,240,241,242,243,244,245,261,264,266
2,2,109
4,5,14,15,16,19,33,34,35,36,37,38,39,40,55,56,57,58,59,60,61,66,77,78,79,80,81,82,83,86,89,99,100,101,102,103,104,105,108,112,120,121,122,123,124,125,126,130,131,132,142,143,144,145,146,147,148,149,150,151,152,166,167,168,169,170,171,172,173,174,175,176,178,180,181,192,193,194,195,196,197,198,200,201,202,203,215,216,217,218,219,220,221,222,238,239,240,241,242,243,244,245,246,261,262,263,264,265,266
304,304,84
14,17,19,36,37,38,39,55,56,57,58,59,60,61,77,78,79,80,81,82,99,100,101,102,103,104,105,119,120,121,122,123,124,125,126,130,142,143,144,145,146,147,148,149,166,168,169,170,171,172,173,175,176,192,193,194,195,196,197,198,200,201,203,215,216,217,218,220,221,238,239,240,241,242,243,244,245,261,262,263,264,265,266,267
222,222,99
14,15,17,19,33,34,37,38,39,40,55,56,57,58,59,60,62,77,78,79,80,81,82,83,89,99,100,101,102,103,104,109,113,119,120,121,122,123,124,125,126,130,131,132,142,143,144,145,146,147,148,149,169,170,171,172,173,174,175,176,178,191,193,194,195,196,197,198,199,200,201,203,216,217,218,219,220,221,223,224,225,226,239,240,241,242,243,244,245,246,261,262,263,264,265,266,267,269,288
109,109,79
37,38,55,56,57,58,59,60,62,77,78,79,80,81,82,99,100,101,102,103,105,109,119,120,121,122,123,124,125,126,143,144,145,146,147,148,149,154,168,169,170,172,173,175,176,180,192,193,194,195,196,197,198,199,200,203,216,217,218,220,221,223,224,239,240,241,242,243,244,245,246,248,262,263,264,265,266,267,288
468,468,118
14,15,16,19,33,34,36,37,38,39,40,55,56,57,58,59,60,62,77,78,79,80,81,82,83,89,99,100,101,102,103,104,105,119,120,121,122,123,124,125,126,130,131,132,142,143,144,145,146,147,148,149,151,152,153,155,157,166,168,169,170,171,172,173,174,175,176,177,180,181,191,192,193,194,195,196,197,198,199,201,203,215,216,217,218,219,220,221,222,223,224,225,226,238,239,240,241,242,243,244,245,246,247,248,249,252,253,261,262,263,264,265,266,267,269,276,288,303
449,449,119
14,15,18,19,34,37,38,39,41,55,56,57,58,59,60,61,62,77,78,79,80,81,82,83,84,89,99,100,101,102,103,104,105,109,119,120,121,122,123,124,125,126,131,132,142,143,144,145,146,147,148,149,153,155,158,166,167,168,169,170,171,172,173,174,175,176,177,182,190,191,192,193,194,195,196,197,198,199,200,201,203,204,205,206,215,216,217,218,219,220,221,222,223,224,225,226,238,239,240,241,242,243,244,245,246,248,253,261,262,263,264,265,266,267,269,276,288,301,311
326,326,15
277,278,279,300,301,302,303,304,323,324,325,326,327,328,329
522,522,105
93,100,116,117,118,119,139,140,141,162,163,164,165,185,186,187,188,208,209,210,211,212,213,214,215,216,218,221,231,232,233,234,235,236,237,238,239,240,241,242,243,254,257,258,259,260,261,262,263,264,267,268,269,270,279,281,282,283,284,285,286,287,288,289,290,291,292,293,294,303,304,305,306,307,308,309,310,311,312,313,314,315,316,317,318,319,320,327,328,330,331,332,333,334,335,336,337,338,339,340,341,342,343,344,345
516,516,148
1,2,7,8,9,10,11,23,24,25,27,29,30,31,32,34,35,36,47,48,49,50,51,52,53,54,55,60,70,71,72,73,74,75,76,77,78,85,86,93,94,95,96,97,98,99,100,101,109,110,111,112,113,114,116,117,118,119,120,121,122,123,124,132,133,134,135,136,137,138,141,142,143,144,145,146,147,154,155,156,157,158,159,160,161,167,168,169,170,177,178,179,180,181,182,183,184,192,193,199,200,201,202,203,204,205,206,207,217,220,221,222,223,224,225,226,227,228,229,230,242,243,244,245,246,247,248,251,252,253,268,269,270,271,272,273,274,275,276,295,296,297,298,299,321,322,344,345
525,525,136
1,2,3,4,5,6,7,8,9,10,11,12,13,14,19,20,21,22,23,24,25,26,27,28,29,30,31,32,33,34,35,36,37,42,43,44,45,46,48,49,50,51,52,53,54,55,56,57,58,59,60,65,66,67,68,69,73,74,75,76,77,78,79,80,81,83,85,86,87,88,89,90,91,92,100,101,102,104,107,108,109,110,111,112,113,114,115,124,125,129,130,131,132,133,134,135,136,137,138,152,153,154,155,156,157,158,159,160,161,175,176,177,178,179,180,181,182,183,184,199,200,201,202,203,204,205,206,207,227,228,229,230,251,252,253,325
361,361,118
3,4,5,6,7,8,9,10,11,12,13,14,15,16,17,18,19,20,21,22,23,26,27,28,29,30,31,32,33,34,35,36,37,38,39,40,41,42,43,44,45,46,52,53,54,55,56,57,58,59,60,61,62,63,64,65,66,67,68,69,78,79,80,81,82,83,84,85,86,87,88,89,90,91,92,104,105,106,107,108,109,110,111,112,113,114,115,129,130,131,132,133,134,135,136,137,138,153,154,155,156,157,158,159,160,161,177,178,179,180,181,182,183,184,206,207,230,325
239,239,110
4,5,6,7,8,9,10,11,12,13,14,15,16,17,18,19,20,21,22,23,26,27,28,29,30,31,32,33,34,35,36,37,38,39,40,41,42,43,44,45,46,53,54,56,57,58,59,60,61,62,63,64,65,66,67,68,69,79,82,83,84,85,86,87,88,89,90,91,92,106,107,108,109,110,111,112,113,114,115,128,129,130,131,132,133,134,135,136,137,138,151,153,154,155,156,157,158,159,160,161,179,180,181,182,183,184,204,206,207,276
292,292,93
5,6,7,8,9,10,11,12,13,14,15,16,17,18,19,20,21,22,23,30,31,34,35,36,37,38,39,40,41,42,43,44,45,46,52,53,57,58,59,60,61,62,63,64,65,66,67,68,69,82,84,85,86,87,88,89,90,91,92,105,107,108,109,110,111,112,113,114,115,128,129,130,131,132,133,134,135,136,137,138,151,152,153,154,155,156,159,160,161,182,183,184,197
526,526,68
5,6,7,8,9,11,12,13,14,15,16,17,18,19,20,22,23,28,29,30,31,32,35,37,38,39,40,41,42,43,44,45,46,61,62,63,64,65,66,67,68,69,80,83,84,85,86,87,88,89,90,91,92,106,107,108,109,110,111,112,113,114,128,129,131,132,133,153
293,293,51
5,6,7,8,9,11,12,16,17,18,19,20,21,22,23,29,38,39,40,41,42,43,44,45,46,61,62,63,64,65,66,67,68,69,84,85,86,87,88,89,90,91,92,106,107,108,109,110,128,129,151
247,247,32
12,14,15,16,37,38,39,60,61,69,83,84,88,89,90,91,92,105,106,110,111,112,113,114,115,128,129,132,133,134,150,151
568,568,18
8,13,36,46,59,69,82,90,91,92,113,114,115,134,135,136,156,157
221,221,3
13,113,135
149,149,7
120,121,142,143,248,270,292
96,96,20
120,121,122,123,142,143,145,165,180,225,246,247,248,250,255,269,270,271,272,293
281,281,17
101,120,121,122,142,143,165,188,249,250,255,268,269,270,271,275,293
359,359,37
101,120,121,122,142,143,144,145,146,165,167,168,169,188,189,190,193,211,212,225,228,237,246,247,248,249,255,269,270,271,275,276,292,293,315,333,334
285,285,34
101,120,121,122,123,142,143,144,145,166,168,188,189,212,225,227,228,234,237,246,247,248,249,250,269,270,271,272,275,276,292,293,315,316
271,271,39
100,101,120,121,122,124,132,143,144,145,165,166,189,190,211,212,225,227,228,234,235,237,247,248,249,250,251,255,260,270,271,272,275,276,290,292,293,315,316
393,393,8
17,18,19,35,40,41,63,85
155,155,48
73,113,114,120,124,133,143,144,156,160,165,166,179,204,207,211,212,213,217,225,226,227,228,230,234,235,247,248,249,251,257,270,271,272,278,279,282,293,294,301,302,304,305,306,323,327,328,338
238,238,59
120,123,134,138,143,144,146,156,166,167,169,179,180,189,190,192,201,204,211,212,213,215,217,225,227,228,234,235,237,247,248,249,250,251,252,256,257,270,271,272,273,275,278,279,280,281,282,293,294,298,301,303,304,305,306,324,328,332,338
514,514,46
75,125,144,166,167,179,180,188,189,190,192,211,212,213,225,226,227,228,234,235,247,248,249,250,251,255,256,257,258,262,271,272,278,279,280,281,282,293,294,295,301,304,305,325,328,332
432,432,69
123,133,138,143,148,166,167,169,179,180,188,189,190,192,204,206,210,211,212,213,217,225,226,227,228,232,233,234,235,236,237,238,247,248,249,250,251,252,253,256,257,258,261,262,271,272,273,275,278,279,280,281,282,284,285,286,287,293,294,295,298,301,303,305,315,326,327,328,332
504,504,64
71,138,143,144,145,147,166,167,168,169,179,180,188,189,190,203,204,205,210,211,212,213,225,226,227,228,233,234,235,238,247,248,249,250,251,252,253,255,256,260,261,263,271,272,274,275,276,278,281,282,283,284,287,293,294,303,304,305,324,326,327,328,332,333
336,336,58
64,123,144,145,146,158,166,167,170,179,188,189,192,203,204,211,212,225,226,227,228,229,233,234,235,237,247,248,249,250,251,252,256,257,258,260,261,270,271,272,274,278,279,280,281,282,292,294,301,303,305,306,324,326,327,328,329,330
249,249,37
123,127,143,145,146,166,167,170,188,203,205,210,211,212,226,227,228,233,235,236,248,250,251,257,258,260,271,273,274,279,280,281,282,283,284,323,335
187,187,8
143,144,145,146,210,211,233,235
404,404,50
43,64,65,66,67,87,88,89,90,110,111,112,127,133,134,150,151,161,174,182,183,184,205,206,207,214,227,228,229,230,250,251,252,280,281,303,304,305,306,307,308,326,327,328,329,330,331,332,333,335
87,87,65
21,43,44,65,66,67,89,90,91,108,109,112,113,125,131,133,134,135,157,158,171,176,180,181,195,199,202,217,219,221,222,225,242,243,245,260,261,265,266,267,270,283,284,285,288,289,290,291,294,308,309,310,311,312,313,315,316,331,332,333,334,335,336,338,339
363,363,81
21,44,66,67,89,90,111,112,113,134,157,160,176,180,198,199,200,203,206,220,221,222,224,225,226,230,244,245,246,247,248,249,250,251,252,253,266,267,268,269,270,271,272,273,274,276,288,289,290,291,292,293,294,295,298,299,310,311,312,313,314,315,316,317,318,319,321,322,333,334,335,336,337,338,339,340,341,342,343,344,345
353,353,103
65,88,89,111,112,133,135,153,154,155,156,157,158,175,176,178,179,180,184,196,198,199,200,201,202,203,207,220,221,222,223,224,225,226,230,242,243,244,245,246,247,248,249,252,253,262,263,266,267,268,269,270,271,272,274,275,276,285,286,287,288,289,290,291,292,293,294,295,296,297,298,299,309,310,311,312,313,314,315,316,317,318,319,320,321,322,329,330,331,332,333,334,335,336,337,338,339,340,341,342,343,344,345
337,337,116
111,112,135,138,177,178,179,180,181,182,183,184,196,198,199,200,201,202,203,204,205,206,207,219,220,221,222,223,224,225,226,227,228,229,230,239,242,243,244,245,246,247,248,249,250,251,252,253,261,262,263,264,265,266,267,268,269,270,271,272,273,274,275,276,285,286,287,288,289,290,291,292,293,294,295,296,297,298,299,305,307,308,309,310,311,312,313,314,315,316,317,318,319,320,321,322,326,327,328,329,330,331,332,333,334,335,336,337,338,339,340,341,342,343,344,345
549,549,135
88,89,90,110,111,112,133,134,135,137,152,153,154,155,156,157,173,174,175,176,177,178,179,180,181,196,197,198,199,200,201,202,206,207,215,216,218,219,220,221,222,223,224,225,226,228,230,236,237,238,239,240,241,242,243,244,245,246,247,248,249,250,251,253,259,261,262,263,264,265,266,267,268,269,270,271,272,273,274,275,276,285,286,287,288,289,290,291,292,293,294,295,296,297,298,299,300,308,309,310,311,312,313,314,315,316,317,318,319,320,321,322,323,324,325,326,327,328,329,330,331,332,333,334,335,336,337,338,339,340,341,342,343,344,345
515,515,146
32,33,34,35,36,37,38,40,56,57,58,59,60,61,62,63,64,65,76,79,80,81,82,83,84,85,86,87,88,89,99,100,103,104,105,106,107,108,110,111,122,123,126,127,128,129,130,134,142,143,144,145,149,150,151,152,153,155,162,163,164,165,166,167,168,172,173,174,175,176,177,178,185,186,187,188,189,190,191,192,193,194,195,196,197,198,199,200,201,208,209,210,211,212,213,214,215,218,219,220,221,222,231,232,233,234,235,236,237,238,239,240,242,243,244,254,255,256,257,258,259,260,261,262,263,264,265,268,277,278,279,281,282,283,284,285,300,301,302,304,323,324,325,326,327,345
270,270,106
1,2,3,4,5,6,7,8,9,10,11,12,13,14,18,24,25,26,27,28,29,30,31,32,33,34,35,36,37,38,40,41,47,48,49,50,51,52,53,54,55,56,57,58,59,60,61,70,71,72,73,74,75,76,77,78,79,80,81,82,83,84,93,94,95,96,97,98,99,100,102,103,104,105,106,116,117,118,119,120,121,122,127,128,139,140,141,142,143,144,145,162,163,164,165,166,167,168,185,186,187,188,189,190,208,209
286,286,56
1,2,3,4,5,6,7,8,9,10,11,13,24,25,26,27,28,29,30,31,32,33,34,36,47,48,49,50,51,52,53,54,55,56,57,70,71,72,73,74,75,76,77,79,93,94,95,96,97,98,99,116,117,118,140,166
61,61,3
1,3,24
10,10,1
184
444,444,17
92,115,138,161,184,203,218,230,249,273,282,295,296,297,322,330,342
451,451,25
65,114,115,138,160,161,184,203,228,239,260,273,274,283,296,297,298,304,319,321,322,323,324,341,342
6,6,37
92,114,115,137,138,155,160,161,184,203,204,207,216,225,227,239,252,259,271,274,282,283,296,297,298,304,309,316,319,320,321,323,324,326,339,342,345
291,291,45
114,115,136,137,138,155,157,158,160,161,179,180,183,184,190,193,204,206,207,226,239,241,257,259,274,282,283,298,300,309,310,311,316,317,318,319,320,321,322,323,324,332,338,342,343
366,366,60
92,114,115,136,137,138,158,159,160,161,180,182,183,184,201,204,206,207,215,216,230,236,239,249,250,258,259,260,272,273,274,275,279,281,282,283,284,296,297,298,300,306,308,310,316,318,319,320,321,323,324,327,328,330,331,332,333,334,341,343
150,150,66
92,114,115,136,137,138,158,160,161,180,181,182,183,184,190,204,205,206,207,212,214,215,216,229,230,249,251,252,260,261,262,271,272,274,275,282,283,284,286,296,297,298,300,301,304,305,307,308,309,310,318,319,320,321,323,324,329,330,331,333,334,335,339,341,342,344
191,191,71
52,114,115,135,136,137,138,158,159,160,161,180,181,182,183,184,191,192,193,204,205,207,212,213,216,225,227,228,229,230,238,239,240,249,250,252,253,258,259,260,262,263,272,274,275,282,283,296,297,298,300,301,305,307,308,309,310,318,319,320,321,322,323,329,332,333,334,340,341,342,343
194,194,73
138,158,159,161,181,182,183,184,202,204,205,206,207,214,216,227,229,230,231,234,236,238,239,240,245,246,250,252,253,257,258,259,260,261,262,267,271,273,274,275,276,279,281,282,283,284,285,290,293,294,297,298,299,301,302,305,306,307,308,309,319,320,321,322,324,328,329,330,332,339,340,343,344
141,141,69
138,158,160,161,181,182,183,184,204,205,206,207,213,214,216,225,227,228,229,230,236,238,239,240,248,250,251,252,253,257,259,260,261,262,263,272,273,274,275,276,278,282,283,284,286,295,297,298,299,305,306,307,308,309,310,316,317,318,319,320,321,322,329,330,331,332,343,344,345
275,275,50
19,138,159,160,161,181,182,183,184,203,204,205,206,207,214,227,228,229,230,237,238,239,240,250,251,252,253,260,261,272,276,282,283,284,285,290,297,298,299,306,319,321,322,330,331,332,334,340,344,345
183,183,70
138,160,161,181,182,183,184,204,206,207,215,216,223,227,228,229,230,237,238,239,247,250,251,252,253,256,257,258,259,260,261,262,263,267,272,273,274,275,276,279,280,281,282,283,284,285,297,298,299,306,307,309,312,313,316,317,318,319,320,321,322,329,330,332,333,338,342,343,344,345
183,183,66
138,160,161,181,182,183,184,203,204,205,206,207,216,224,229,230,236,237,238,239,241,246,250,251,252,253,257,258,259,260,261,262,263,273,274,275,276,278,280,282,283,284,289,295,296,297,298,299,301,306,307,318,319,320,321,322,327,329,330,331,332,341,342,343,344,345
192,192,77
117,138,142,160,161,181,182,183,184,190,201,204,205,206,207,216,225,228,229,230,233,234,235,236,237,238,239,240,246,249,250,251,252,253,256,257,258,259,260,261,262,263,273,274,275,276,281,282,283,284,285,296,298,299,301,303,305,306,307,318,319,320,321,322,327,328,329,330,331,332,333,335,339,342,343,344,345
192,192,75
138,141,159,183,184,204,205,206,207,216,217,224,225,227,228,229,230,233,235,236,237,238,239,240,250,251,252,253,257,258,260,261,262,263,272,274,275,276,281,283,284,285,289,290,295,296,297,298,299,305,306,307,312,317,318,319,320,321,322,324,325,327,328,329,330,331,332,333,335,340,341,342,343,344,345
9,9,78
138,142,161,183,184,203,204,206,207,210,213,214,215,216,217,228,229,230,232,235,237,238,239,240,246,251,252,253,254,257,259,260,261,262,267,272,274,275,276,278,279,280,282,283,284,285,290,296,297,298,299,300,301,302,306,307,310,312,318,319,320,321,322,324,326,328,329,330,331,333,335,336,339,341,342,343,344,345
494,494,70
40,138,141,183,184,204,206,207,215,216,225,228,229,230,231,233,234,236,237,238,239,241,246,250,251,252,253,254,256,257,259,260,261,262,274,275,276,278,279,281,282,283,284,285,290,298,299,303,306,307,308,312,319,320,321,322,324,326,328,329,330,331,333,334,336,341,342,343,344,345
527,527,70
116,162,164,165,166,167,189,190,206,207,228,229,230,232,233,237,252,253,254,255,256,257,258,259,260,261,262,263,267,268,274,277,278,279,280,281,282,283,284,285,288,289,290,297,298,302,303,304,305,306,307,308,309,310,319,320,321,324,325,326,327,328,329,330,331,333,336,342,344,345
310,310,67
40,139,141,162,167,190,207,209,228,229,230,232,237,239,240,242,248,252,253,254,255,256,257,258,259,260,261,262,263,276,277,279,280,282,283,284,285,286,287,289,297,298,299,301,302,304,305,306,307,308,310,318,321,322,325,326,327,328,329,330,331,333,334,335,342,344,345
487,487,64
44,116,139,141,163,186,189,190,207,216,228,229,230,232,236,237,238,252,253,254,255,257,260,261,262,263,274,275,276,277,278,279,280,281,282,283,284,285,287,289,297,298,299,302,304,305,306,307,308,310,319,320,321,322,325,327,328,330,331,333,335,336,342,345
302,302,61
139,162,190,207,228,229,230,232,235,237,240,248,252,253,254,255,256,257,258,259,260,261,262,263,271,276,277,278,280,282,283,284,285,286,288,289,291,299,300,301,302,304,305,306,307,310,321,322,324,327,328,329,330,331,333,334,335,336,342,344,345
209,209,67
30,51,141,189,190,207,213,230,231,232,233,234,236,237,247,248,252,254,256,257,258,259,260,261,262,265,272,274,277,281,282,283,284,285,287,288,289,291,297,298,299,302,304,305,306,307,308,309,313,320,321,322,324,325,326,327,328,329,330,331,332,333,336,342,343,344,345
199,199,67
30,162,189,190,207,213,214,229,230,231,232,234,235,236,237,247,249,252,253,254,257,258,260,261,262,264,267,271,274,276,277,278,279,280,281,282,283,284,285,286,288,298,304,305,306,307,308,309,310,313,315,321,322,325,326,327,328,329,330,331,332,333,334,336,343,344,345
324,324,48
189,213,228,229,230,233,236,248,249,252,253,254,255,257,258,259,260,261,272,274,280,282,283,284,285,291,294,299,304,305,306,307,308,309,320,321,322,325,327,328,329,330,331,333,336,337,343,345
71,71,54
30,190,207,213,214,229,230,231,232,233,234,236,237,247,252,253,254,255,257,258,260,261,271,272,273,275,277,278,279,282,283,284,285,286,299,300,302,305,306,307,308,309,321,322,325,327,328,329,330,331,333,337,344,345
67,67,64
30,189,190,207,212,229,230,231,232,236,237,238,252,253,254,255,256,257,259,260,261,262,268,269,271,272,273,274,275,277,278,279,280,281,282,283,284,285,288,293,295,296,297,298,299,301,304,305,306,307,308,309,321,322,324,325,329,330,331,332,333,337,344,345
27,27,70
4,5,117,140,186,209,215,216,237,238,254,255,257,259,260,261,262,263,264,269,277,278,279,280,281,282,283,284,285,286,287,288,292,293,300,301,303,304,305,306,307,308,309,310,312,314,315,316,318,321,322,323,324,325,326,327,328,329,330,331,332,333,335,336,337,338,339,341,343,344
6,6,69
5,29,162,185,208,212,213,229,236,237,254,256,257,258,259,260,261,262,263,264,277,278,279,280,281,282,283,284,285,286,287,288,294,300,301,304,305,306,307,308,309,310,314,315,316,317,318,319,320,321,322,323,324,325,326,328,329,330,331,332,333,335,336,337,338,339,340,341,344
7,7,64
4,29,117,147,213,237,238,239,254,256,257,259,260,261,262,265,278,279,280,281,282,283,284,285,286,287,291,292,293,294,300,301,303,304,305,306,307,311,312,314,315,316,317,319,320,322,323,324,325,326,327,328,329,330,331,332,333,334,335,338,339,341,343,344
567,567,66
4,208,232,237,238,254,255,256,257,259,260,261,277,278,279,280,281,282,283,284,285,286,287,289,291,292,300,301,302,303,304,305,306,307,308,309,310,311,314,315,316,317,318,319,320,322,323,324,325,326,327,328,329,330,331,333,334,335,336,337,338,339,340,341,342,344
45,45,49
4,221,237,254,255,259,260,261,262,277,278,279,280,281,283,284,285,286,287,300,301,304,305,306,307,308,310,311,313,315,316,318,320,321,322,323,324,325,327,328,329,330,333,334,335,338,341,343,344
4,4,44
28,237,259,260,261,262,264,277,279,280,282,283,284,285,286,287,292,300,301,302,306,307,308,309,311,314,315,316,321,322,323,324,325,326,327,328,330,331,333,334,338,340,342,344
205,205,35
237,254,260,261,277,278,279,280,283,284,288,300,301,302,305,306,307,309,312,315,316,321,322,323,324,326,327,331,333,334,336,338,343,344,345
26,26,25
134,237,260,277,278,279,280,283,284,287,291,300,306,307,308,309,311,322,324,330,331,332,336,343,345
89,89,25
3,119,237,238,260,261,279,280,283,284,285,286,287,288,291,308,310,311,313,315,327,331,332,334,345
77,77,36
231,232,233,234,254,255,256,257,258,277,278,279,280,281,282,283,300,301,302,303,304,305,306,307,310,323,324,325,326,327,328,329,330,331,332,333
533,533,121
93,94,95,117,118,119,120,139,140,141,142,143,144,163,164,165,166,167,168,169,179,185,186,187,188,190,191,192,193,194,208,209,210,211,212,214,215,216,217,218,219,231,232,233,234,235,236,240,241,242,243,244,245,246,254,255,256,257,258,259,260,265,266,267,268,269,270,277,278,279,280,281,282,283,284,285,286,289,290,291,292,293,294,295,296,297,298,300,301,303,304,305,306,309,310,314,315,316,317,318,319,320,321,322,323,324,325,326,327,328,329,335,337,338,339,340,341,342,343,344,345
507,507,147
1,2,3,4,5,6,7,8,9,10,11,12,13,14,15,16,17,18,24,25,27,28,29,30,31,32,33,34,35,36,37,38,39,40,41,42,43,44,45,47,49,51,52,53,54,55,56,57,58,59,60,61,62,63,64,65,66,67,68,70,71,72,76,77,78,79,80,81,82,83,84,85,86,87,88,89,90,91,92,93,94,95,100,101,102,103,104,105,106,107,108,109,110,111,112,113,114,115,117,118,119,125,126,127,128,129,130,131,132,133,134,135,136,137,138,144,150,151,152,153,154,155,156,157,158,159,160,161,175,176,177,178,179,180,181,182,183,184,201,204,207,243,244,267,300,315,338
532,532,137
2,3,4,5,6,7,8,9,10,11,12,13,14,15,16,17,18,19,20,21,22,23,24,26,27,28,29,30,31,32,33,34,35,36,37,38,39,40,41,42,43,44,45,46,47,48,52,53,54,55,56,57,58,59,60,61,62,63,64,65,66,67,68,69,77,78,79,80,81,82,83,84,85,86,87,88,89,90,91,92,103,104,105,106,107,108,109,110,111,112,113,114,115,127,128,129,130,131,132,133,134,135,136,137,138,152,153,154,155,156,157,158,159,160,161,177,178,179,180,181,182,183,184,201,202,203,204,205,206,207,227,228,229,230,251,252,253
119,119,123
3,4,5,6,7,8,9,10,11,12,13,14,15,16,17,18,19,20,21,22,23,24,27,28,29,30,31,32,33,34,35,36,37,38,39,40,41,42,43,44,45,46,48,54,55,56,57,58,59,60,61,62,63,64,65,66,67,68,69,77,79,80,81,82,83,84,85,86,87,88,89,90,91,92,102,103,104,105,106,107,108,109,110,111,112,113,114,115,129,130,131,132,133,134,135,136,137,138,155,156,157,158,159,160,161,176,177,178,181,182,183,184,202,203,204,205,206,207,228,229,230,252,253
82,82,118
3,4,5,6,7,8,9,10,11,12,13,14,15,16,17,18,19,20,21,22,23,27,28,29,30,31,32,33,34,35,36,37,38,39,40,41,42,43,44,45,46,54,57,58,59,60,61,62,63,64,65,66,67,68,69,78,81,82,83,84,85,86,87,88,89,90,91,92,101,103,104,105,107,108,109,110,111,112,113,114,115,123,128,129,130,131,132,133,134,135,136,137,138,151,152,153,154,155,156,157,158,159,160,161,175,177,178,179,180,181,182,183,184,203,204,205,207,249
309,309,107
5,8,9,10,11,12,13,14,15,16,17,18,19,20,21,22,23,27,28,29,33,34,35,36,37,38,39,40,42,43,44,45,46,52,57,58,59,60,61,62,63,64,66,67,68,69,77,79,82,83,84,85,86,87,88,89,90,91,92,101,102,103,104,105,106,107,108,109,110,111,112,113,114,115,127,128,129,130,131,132,133,134,138,151,152,153,154,155,156,157,159,160,161,175,177,178,179,180,183,184,201,203,204,206,226,227,228
280,280,91
4,5,10,11,12,13,15,16,18,19,20,21,22,23,28,29,34,36,37,38,39,40,41,42,43,44,45,46,51,57,59,60,61,62,64,65,66,67,68,69,83,84,85,86,88,89,90,91,101,107,108,109,110,111,112,113,115,126,127,128,129,134,137,138,151,152,153,154,155,156,159,161,176,177,178,179,180,181,182,183,184,201,204,205,206,225,226,228,229,251,252
324,324,80
5,12,13,19,20,29,36,37,38,39,44,51,53,58,62,66,76,78,84,85,99,100,101,107,112,124,125,126,127,128,146,149,150,151,152,153,154,155,171,172,174,175,176,177,178,179,182,183,184,194,195,197,198,199,200,201,202,219,220,222,223,224,225,226,227,228,229,230,248,250,251,252,253,272,273,274,275,276,297,333
227,227,75
3,27,28,51,52,74,75,76,77,99,100,101,102,120,123,124,125,126,127,144,148,149,150,151,152,153,167,168,169,174,175,176,177,178,179,180,181,192,193,194,199,200,201,202,203,204,205,206,207,216,217,218,219,224,225,226,227,228,229,230,241,242,243,247,248,253,266,267,286,289,310,311,312,313,336
123,123,69
13,14,35,37,38,50,51,59,60,61,74,75,83,84,98,99,100,101,112,122,123,124,125,126,131,139,146,147,148,149,150,151,152,159,172,173,174,175,176,177,178,198,199,200,201,202,203,204,222,223,224,225,226,227,228,229,230,241,242,247,248,249,251,265,266,267,289,290,320
143,143,67
13,33,34,35,38,59,60,74,75,83,85,89,98,99,100,122,123,124,125,126,130,132,139,146,147,148,149,150,172,173,174,175,177,194,195,198,199,200,201,202,203,204,205,223,224,225,226,227,228,229,230,241,242,246,247,248,249,250,251,252,253,265,266,271,272,297,299
150,150,63
12,13,36,59,60,74,75,82,83,87,90,98,99,121,122,123,130,139,146,147,148,149,158,170,171,172,173,174,175,197,198,199,200,201,202,221,222,223,225,226,227,228,229,241,242,244,245,246,247,248,249,250,251,252,253,267,271,272,273,275,290,291,296
316,316,64
12,35,74,79,82,85,89,98,99,108,122,123,129,130,146,147,148,159,170,171,172,173,174,184,193,194,196,197,198,199,200,221,222,223,224,225,226,227,228,242,244,245,246,247,248,249,250,251,253,265,266,267,269,270,271,272,273,275,291,295,296,297,316,321
281,281,62
11,34,36,37,60,74,84,85,89,90,98,111,122,128,139,146,147,159,168,170,171,172,173,193,194,195,196,197,198,199,200,204,221,222,223,224,225,226,242,244,245,246,247,248,252,266,267,269,270,271,272,274,275,276,289,291,294,295,296,297,298,321
158,158,58
11,12,13,34,35,81,84,85,98,122,130,146,147,170,171,172,173,184,193,195,196,197,198,199,217,218,221,222,223,224,243,245,246,247,248,249,265,266,268,269,270,271,272,273,274,275,276,289,290,293,294,295,296,297,298,299,316,322
467,467,59
8,11,12,34,36,57,66,84,85,86,87,89,90,98,107,113,121,145,146,169,170,171,173,195,196,199,200,207,216,217,218,219,221,242,243,244,246,247,267,268,269,270,271,272,273,274,275,289,290,291,293,294,295,296,297,298,318,320,322
565,565,58
8,11,12,34,35,36,56,57,59,84,85,87,89,107,112,121,122,129,130,145,146,168,170,173,194,195,199,217,221,242,245,246,264,267,268,269,270,271,272,275,289,290,291,292,293,294,295,296,297,298,299,316,317,318,319,320,321,322
134,134,56
15,16,18,19,37,38,39,42,60,62,65,72,96,97,120,121,122,142,144,145,146,168,169,170,171,192,193,194,195,196,197,217,218,219,220,221,222,223,224,225,243,244,245,246,247,248,249,250,251,252,272,273,274,275,276,299
460,460,56
16,39,42,44,55,58,60,61,65,66,79,88,89,90,107,111,114,136,145,146,169,170,192,193,194,195,201,216,217,218,219,220,221,222,243,244,245,246,247,267,268,269,270,271,273,274,276,293,294,295,297,298,299,318,319,320
466,466,54
19,42,43,44,55,56,57,58,66,67,79,88,89,90,107,109,111,112,113,130,131,132,134,136,155,160,169,192,193,198,199,201,207,217,218,220,221,222,242,243,244,245,246,247,267,268,269,270,295,299,317,318,319,341
135,135,51
13,14,16,39,43,44,55,57,58,59,65,66,67,79,86,88,89,90,107,109,110,111,112,113,130,133,134,135,136,137,153,159,176,192,193,198,199,201,202,216,217,219,220,221,240,244,316,317,318,339,344
317,317,52
13,14,15,16,17,39,41,43,44,55,57,58,65,66,67,69,79,80,87,88,89,90,110,111,112,130,133,135,136,137,153,154,176,192,193,199,216,217,219,220,221,243,268,290,299,311,315,316,341,343,344,345
254,254,53
13,14,16,17,18,19,43,44,55,58,65,66,67,69,86,88,89,90,91,110,111,113,130,134,135,136,154,160,192,199,215,216,220,221,239,240,241,242,243,267,272,273,274,299,315,316,319,336,340,341,342,343,344
180,180,54
13,14,17,18,19,36,37,42,43,44,57,58,59,65,66,67,88,89,90,110,112,134,136,137,160,192,198,216,217,220,221,223,239,240,241,267,270,271,272,273,274,275,276,295,296,297,298,299,315,316,340,341,342,343
5,5,57
12,14,15,16,17,18,35,37,38,42,43,58,61,66,67,85,88,89,92,107,110,136,137,160,192,216,220,221,239,242,248,249,267,268,269,270,271,272,273,274,275,276,295,296,297,298,299,313,314,315,316,318,322,339,340,341,343
301,301,60
13,16,17,18,39,42,44,62,65,66,88,89,215,217,218,242,244,245,246,247,248,249,250,251,266,267,268,269,270,271,272,273,274,275,276,290,291,292,293,294,295,296,297,298,299,312,313,314,315,316,317,318,322,329,338,339,340,343,344,345
386,386,61
18,19,20,65,66,67,87,88,89,90,91,109,110,111,112,113,118,132,133,134,135,136,142,143,157,158,167,191,192,215,216,239,240,241,242,263,264,265,266,267,272,288,289,290,291,292,293,294,295,296,297,298,313,314,315,316,317,318,319,330,339
275,275,66
17,19,20,40,41,42,43,63,64,65,66,67,86,87,88,89,90,91,107,109,110,111,112,113,131,132,133,134,135,154,155,156,177,178,179,248,249,250,271,272,273,274,275,276,293,294,295,296,297,298,299,318,319,320,321,322,335,337,338,339,340,341,342,343,344,345
140,140,85
19,42,65,110,133,146,155,156,176,178,179,198,199,200,201,205,206,207,222,223,224,225,226,227,228,229,230,244,245,246,247,248,249,250,251,252,253,265,266,269,270,271,272,273,274,275,276,289,290,291,292,293,294,295,296,297,298,299,309,311,312,313,314,315,316,317,318,319,320,321,322,332,333,334,335,336,337,338,339,340,341,342,343,344,345
34,34,104
87,109,110,131,132,133,155,156,160,161,176,177,178,179,180,183,184,197,199,200,202,203,204,205,206,207,222,223,224,225,226,227,228,229,230,244,245,246,247,248,249,250,251,252,253,265,266,267,268,269,270,271,272,273,274,275,276,284,286,287,288,289,290,291,292,293,294,295,296,297,298,299,307,308,309,310,311,312,313,314,315,316,317,318,319,320,321,322,330,331,332,333,334,335,336,337,338,339,340,341,342,343,344,345
120,120,117
132,137,138,155,156,157,158,159,160,161,177,178,179,181,182,183,184,199,200,201,202,203,204,205,206,207,219,220,221,222,223,224,225,226,227,228,229,230,242,243,244,245,246,247,248,249,250,251,252,253,262,263,264,265,266,267,268,269,270,271,272,273,274,275,276,284,285,286,287,288,289,290,291,292,293,294,295,296,297,298,299,305,306,307,308,309,310,311,312,313,314,315,316,317,318,319,320,321,322,328,329,330,331,332,333,334,335,336,337,338,339,340,341,342,343,344,345
549,549,132
92,115,133,134,137,138,155,156,160,161,176,177,178,179,180,181,182,183,184,197,198,199,200,201,202,203,204,205,206,207,217,218,219,220,221,222,223,224,225,226,227,228,229,230,240,241,242,243,244,245,246,247,248,249,250,251,252,253,262,263,264,265,266,267,268,269,270,271,272,273,274,275,276,282,283,286,287,288,289,290,291,292,293,294,295,296,297,298,299,303,304,305,306,307,308,309,310,311,312,313,314,315,316,317,318,319,320,321,322,323,324,325,326,327,328,329,330,331,332,333,334,335,336,337,338,339,340,341,342,343,344,345
547,547,149
91,92,114,131,132,133,134,135,136,138,147,148,150,151,152,153,155,156,157,158,159,160,161,168,169,170,171,172,173,174,175,176,177,178,179,180,181,182,183,184,190,191,192,193,194,195,196,197,198,199,200,201,202,203,204,205,206,207,214,215,216,217,218,219,220,221,222,223,224,225,226,227,228,229,230,237,238,239,240,241,242,243,244,245,246,247,248,249,250,251,252,254,255,256,257,258,261,262,263,264,265,266,267,268,269,270,271,272,277,278,279,280,282,283,284,285,286,287,289,290,291,292,293,294,300,301,302,303,304,305,306,307,308,309,310,311,312,313,315,323,324,325,326,327,330,331,332,334,335
515,515,123
1,2,3,4,5,6,7,8,9,10,11,12,13,14,15,16,17,18,19,20,21,24,25,26,27,28,29,30,31,32,33,34,35,36,37,38,39,40,41,42,43,47,48,49,50,51,52,53,54,55,56,57,58,59,60,61,62,63,70,71,72,73,74,75,76,77,78,79,80,81,82,83,84,85,93,94,95,96,97,98,99,100,101,102,103,104,105,106,107,108,116,117,118,119,120,121,122,123,124,125,126,127,128,129,139,140,141,142,143,144,145,146,147,148,163,164,165,166,168,169,170,191,192
564,564,87
1,2,3,4,5,6,7,8,9,10,11,12,13,14,15,16,17,18,19,24,25,26,27,28,29,30,31,32,33,34,35,36,37,38,39,40,41,47,48,49,50,51,52,53,54,55,56,57,58,59,60,61,70,71,72,73,74,75,76,77,78,79,80,81,82,83,93,94,95,96,97,98,99,100,101,103,104,105,116,117,118,119,120,124,125,140,164
