504,472
494,494,102
13,21,22,34,44,76,96,97,117,118,137,139,140,142,143,144,157,158,159,160,161,162,163,178,179,180,181,182,183,184,185,200,201,202,203,204,205,206,212,221,222,223,224,225,226,227,229,243,244,245,246,247,248,249,250,256,257,265,266,267,268,269,270,271,272,273,276,278,279,280,286,287,288,289,290,291,292,293,294,295,297,298,299,300,301,302,309,310,311,312,313,314,315,316,317,318,320,321,322,323,324,325
142,142,99
1,2,3,4,5,21,22,23,24,25,27,44,45,46,47,48,70,89,98,118,119,136,137,138,139,140,141,156,157,158,159,160,162,163,178,179,180,181,182,185,199,200,201,202,203,204,205,211,221,222,223,224,225,226,227,228,232,243,244,245,246,247,248,250,251,265,266,267,268,269,270,271,278,279,286,287,288,289,290,291,292,293,294,299,302,304,308,309,310,311,312,313,314,315,316,323,324,325,327
424,424,101
1,2,3,4,5,21,22,23,24,25,26,27,45,47,48,69,70,92,96,97,111,112,114,115,117,118,119,122,133,134,135,136,137,138,139,142,155,156,157,158,159,160,161,177,178,179,180,181,182,183,185,199,200,201,202,203,204,207,221,222,223,224,225,226,227,228,233,243,244,245,246,247,248,249,265,266,267,268,269,270,271,286,287,288,290,291,292,293,297,298,300,302,309,310,311,312,313,314,315,316,324
175,175,103
1,2,3,4,5,22,23,24,25,26,45,46,47,48,70,75,92,96,97,112,113,114,115,117,118,120,122,133,134,135,136,137,138,139,140,153,155,156,157,158,159,160,162,163,164,177,179,180,181,182,183,184,187,199,200,201,202,203,204,205,207,211,221,222,223,224,225,226,243,244,246,247,248,249,250,265,266,267,268,269,270,271,272,278,287,288,289,290,291,292,293,294,295,298,309,310,311,312,313,314,315,316,322
141,141,97
1,2,3,4,5,23,24,25,26,45,47,70,92,93,95,96,97,113,114,115,117,118,119,120,122,134,135,136,137,138,139,140,142,156,157,158,159,160,163,177,178,179,180,181,182,183,199,200,201,202,203,204,205,207,221,222,223,224,225,226,227,229,243,244,245,246,247,248,249,255,256,258,265,266,267,268,269,270,271,277,287,288,289,290,291,292,293,294,304,309,310,311,314,315,316,324,329
499,499,85
1,2,3,4,5,23,24,25,26,45,47,70,91,93,95,96,97,115,116,117,118,119,133,134,135,136,137,138,139,140,142,156,157,158,159,160,161,178,179,180,181,182,199,200,201,202,203,204,205,221,222,223,224,225,226,244,245,246,247,248,249,265,266,267,268,269,270,271,277,287,288,289,291,292,293,294,309,310,312,313,314,315,316,324,326
258,258,85
1,2,3,4,5,23,24,25,26,45,47,74,91,92,93,94,95,96,115,116,117,118,119,131,133,134,135,136,137,138,140,141,142,156,157,158,159,160,161,163,178,179,180,181,182,183,200,201,202,203,204,205,222,223,224,225,226,228,243,245,246,247,248,249,266,267,268,269,270,271,287,288,290,291,292,293,294,300,309,310,311,313,314,315,316
167,167,98
1,2,3,4,5,23,24,25,26,27,45,47,49,70,71,73,74,75,76,91,94,95,96,97,111,112,113,115,116,117,118,119,133,134,135,136,137,138,139,140,156,157,158,159,160,178,179,180,181,182,183,200,201,202,203,204,205,221,222,223,224,225,226,227,243,244,245,246,247,248,249,256,265,266,267,268,269,270,271,279,287,288,289,290,291,292,293,294,295,300,309,310,311,312,313,314,315,316
163,163,104
1,2,3,4,5,23,24,25,26,27,45,47,48,52,53,70,71,72,73,74,75,76,91,94,95,96,98,110,112,113,114,115,116,118,119,133,134,135,136,137,138,139,140,141,143,156,157,158,159,160,161,162,165,179,180,181,182,183,200,201,202,203,204,205,221,222,223,224,225,226,232,233,244,245,246,247,248,249,250,265,267,268,269,270,271,277,278,287,288,289,290,291,292,293,294,309,310,311,312,313,314,315,316,324
146,146,103
1,2,3,4,5,23,24,25,26,27,28,32,45,46,47,50,51,52,53,71,72,73,74,75,91,92,93,94,95,96,97,98,111,114,115,116,117,118,134,135,136,137,138,141,143,156,157,158,159,160,161,165,177,178,179,180,181,182,183,198,200,201,202,203,204,209,223,224,225,226,245,246,247,248,249,250,256,266,267,269,270,271,277,278,281,288,289,291,292,293,294,299,302,311,312,313,314,315,316,317,320,324,325
107,107,100
1,2,3,4,5,23,24,25,26,27,45,46,49,51,52,54,71,72,73,74,75,89,92,93,94,95,96,97,113,114,115,116,117,120,133,134,135,136,137,138,139,140,145,156,157,158,159,160,161,165,168,177,178,179,180,181,182,188,199,200,201,202,203,204,211,221,222,223,224,225,226,228,245,246,247,248,249,250,255,256,265,266,268,269,270,271,272,277,279,288,290,291,292,293,294,302,313,315,316,317
153,153,104
1,2,3,4,5,23,24,25,26,27,31,45,46,47,49,50,51,52,54,71,72,73,74,75,93,94,95,96,97,113,114,115,116,117,119,120,134,135,136,137,138,141,142,143,144,145,156,157,158,159,160,161,164,178,179,180,181,182,183,188,199,200,201,202,203,204,211,221,224,225,226,233,234,245,246,247,248,249,250,251,256,266,267,268,269,270,271,279,281,287,288,290,291,292,293,294,295,312,313,314,315,316,317,321
387,387,91
1,2,3,4,5,23,24,25,26,29,32,45,46,50,51,52,53,71,72,73,74,75,89,93,94,95,115,116,117,118,119,134,135,136,137,138,139,143,156,157,158,159,160,164,177,178,179,180,181,182,188,199,201,202,203,204,220,221,223,224,225,226,227,228,232,246,247,248,249,250,255,269,270,271,272,287,288,290,291,292,293,294,302,303,310,312,313,314,315,324,327
98,98,106
1,2,3,4,5,10,23,24,25,26,29,30,45,46,49,50,51,52,53,67,71,72,73,74,76,92,93,94,95,96,97,114,115,116,117,118,135,136,137,139,141,143,155,156,157,158,159,160,166,167,178,179,180,181,182,188,198,199,200,201,202,203,204,205,211,212,221,222,223,224,225,226,227,228,234,245,246,247,248,249,250,256,257,265,267,268,269,270,271,272,287,290,291,292,293,294,295,303,305,310,311,314,315,316,317,328
128,128,113
1,2,3,4,5,8,9,23,24,25,26,29,30,31,45,46,49,50,51,52,53,67,68,71,72,73,74,76,91,92,93,94,95,96,114,115,116,117,119,120,134,135,136,137,138,139,141,143,144,145,155,156,157,158,159,160,178,179,180,181,182,188,199,200,201,202,203,204,205,206,211,221,222,223,224,225,226,227,228,232,234,244,246,247,248,249,250,265,267,269,270,271,272,277,287,288,289,290,291,292,293,295,302,303,310,312,314,315,316,317,325,326,329
78,78,113
1,2,3,4,5,7,8,9,23,24,25,26,29,30,31,45,46,47,49,50,51,52,67,70,71,72,73,74,75,89,92,93,94,95,96,97,115,116,117,120,133,134,135,136,137,138,141,142,144,156,157,158,159,160,166,178,179,180,181,182,183,186,188,200,201,202,203,204,205,206,211,212,221,223,224,225,226,227,232,234,243,245,246,247,248,249,250,256,265,267,269,270,271,272,273,287,291,292,293,294,295,298,301,304,310,312,313,314,315,316,317,326,330
85,85,105
1,2,3,4,5,7,8,9,23,24,25,26,29,30,31,45,46,49,50,51,52,53,67,70,71,72,73,74,75,92,93,94,95,96,97,113,114,115,116,117,123,134,135,137,138,144,156,157,158,159,160,178,180,181,182,188,190,199,201,202,203,204,205,211,221,222,223,224,225,226,232,234,243,245,246,247,248,249,250,265,268,269,270,271,272,279,280,288,289,291,292,293,294,295,302,303,304,305,308,311,312,314,315,316,317
153,153,75
1,2,3,4,5,6,7,8,23,24,25,26,28,29,45,46,49,50,51,52,67,71,72,73,74,93,95,114,115,116,135,136,137,138,141,157,158,159,160,180,181,182,188,201,202,203,204,221,223,224,225,226,228,234,245,247,249,256,269,270,271,272,290,291,292,293,294,295,301,304,305,312,315,316,317
133,133,18
44,60,66,88,109,110,131,132,153,154,176,198,220,242,264,286,308,330
73,73,54
84,106,107,127,128,129,149,150,151,171,172,173,174,175,193,194,195,196,215,216,217,218,219,220,237,238,239,240,241,242,259,260,261,262,263,264,281,282,283,284,285,286,303,304,305,306,307,308,325,326,327,328,329,330
431,431,81
15,16,37,38,59,60,80,81,101,102,103,104,105,123,124,125,126,127,144,145,146,147,148,149,166,167,168,169,171,188,189,190,191,192,193,210,211,212,213,214,215,232,233,234,235,236,237,238,254,255,256,257,258,259,260,276,277,278,279,280,281,282,283,284,298,299,300,301,302,303,304,305,306,321,322,323,324,325,326,327,328
395,395,104
10,11,12,32,33,34,54,55,56,57,76,77,78,79,97,98,99,100,101,103,119,120,121,122,124,125,141,142,143,144,145,146,148,163,164,165,166,167,168,169,184,185,186,187,188,189,190,191,206,207,208,209,210,211,212,213,227,228,229,230,231,232,233,234,235,236,249,250,251,252,253,254,255,256,257,258,259,271,272,273,274,275,277,278,279,280,281,293,294,295,296,297,298,301,302,303,315,316,317,318,319,323,324,325
235,235,115
6,8,10,11,12,28,29,32,33,34,49,50,51,52,54,55,56,57,71,72,73,76,77,79,92,93,94,95,96,98,99,100,101,114,115,116,117,118,120,121,122,136,137,138,139,142,143,144,158,159,160,161,162,164,165,166,180,181,182,183,184,186,187,188,201,202,203,204,205,209,210,223,224,225,226,231,232,233,244,245,246,247,248,251,253,254,255,265,266,267,268,269,270,271,274,275,277,278,287,288,289,290,291,292,293,296,298,309,310,311,312,313,314,315,318
435,435,107
1,2,3,4,5,6,7,10,24,25,26,27,28,29,32,45,46,47,48,49,50,51,54,67,68,69,70,71,72,73,75,76,89,90,91,92,93,94,95,98,111,112,113,114,115,116,120,133,134,135,136,137,138,142,155,156,157,158,159,164,177,178,179,186,187,199,200,201,202,203,208,209,221,222,223,224,227,230,231,243,244,245,246,248,249,251,265,266,267,268,269,287,288,289,290,291,292,293,309,310,311,312,313,314,315,316,317
553,553,94
1,2,3,4,5,6,7,23,24,25,26,27,28,45,46,47,48,49,50,67,68,69,70,71,72,73,89,90,91,92,93,94,95,96,97,111,112,113,114,115,116,117,133,134,135,136,137,138,139,155,156,157,158,159,160,161,177,179,180,181,182,199,200,201,202,203,204,221,222,223,224,225,232,243,244,245,246,247,265,266,267,268,269,270,287,288,289,290,291,309,310,311,312,313
363,363,74
1,2,3,4,5,6,7,23,24,25,26,27,28,29,45,46,47,48,49,50,51,67,68,69,70,71,72,89,90,91,92,93,94,111,112,113,114,115,116,133,134,135,136,137,155,156,157,177,178,179,199,200,201,203,221,222,223,224,243,244,245,246,265,266,267,268,287,288,289,290,309,310,311,312
218,218,57
1,2,3,4,5,6,23,24,25,26,27,28,45,46,47,48,49,50,67,68,69,70,71,89,90,91,92,93,111,112,113,114,115,133,134,135,136,155,156,157,158,177,178,179,199,200,221,222,243,244,265,266,287,288,289,309,310
428,428,49
5,6,13,21,22,23,28,29,30,42,50,51,52,73,74,96,155,177,178,187,199,200,201,209,210,221,222,223,224,231,233,243,244,245,253,255,265,266,267,268,275,287,288,289,290,296,309,310,311
326,326,15
23,27,45,49,67,71,73,74,96,266,287,288,289,310,311
122,122,18
7,10,14,17,37,58,81,100,114,144,157,184,239,250,300,302,329,330
201,201,38
5,7,8,9,10,15,17,30,33,36,37,58,91,92,100,114,115,135,136,137,144,157,158,159,160,183,184,205,227,239,251,279,285,293,300,306,323,325
145,145,49
4,5,9,10,15,17,24,37,78,90,92,112,113,114,134,135,136,137,138,139,144,157,158,159,166,181,182,183,184,204,205,207,227,229,239,251,257,266,276,279,280,298,300,303,317,322,323,325,326
65,65,53
1,2,3,4,5,9,23,24,25,45,70,90,91,92,93,99,112,113,114,115,122,134,135,136,138,139,159,161,181,182,183,189,204,205,206,207,228,229,230,234,239,251,256,257,275,276,277,279,280,298,300,303,323
42,42,52
1,2,3,4,5,9,23,24,25,26,45,46,69,70,89,90,91,92,93,112,113,114,115,116,134,135,136,137,138,139,158,159,160,161,182,183,184,189,205,206,207,208,211,228,229,230,243,276,278,280,300,317
144,144,52
1,2,3,4,23,24,25,26,45,46,67,68,70,91,92,93,113,114,115,116,136,137,138,158,159,160,161,182,183,184,189,205,206,207,229,230,231,248,256,271,276,278,280,293,295,300,301,303,312,313,324,325
289,289,30
1,2,3,4,23,24,25,26,45,46,67,68,69,70,82,92,115,116,137,159,160,161,182,183,202,224,229,313,324,325
536,536,55
6,28,29,30,49,50,51,52,53,54,72,73,74,75,76,95,96,97,98,99,119,120,121,122,123,142,143,144,145,146,164,165,166,167,168,185,186,187,188,189,190,191,207,208,209,277,298,299,300,301,320,321,322,323,324
88,88,43
7,8,9,10,11,12,13,14,15,16,17,18,19,20,21,22,32,33,34,35,36,37,38,39,40,41,42,43,44,55,58,59,60,61,62,63,64,65,66,84,86,87,88
226,226,68
7,8,9,10,11,12,13,14,15,16,17,18,19,20,21,22,31,32,33,34,35,36,37,38,39,40,41,42,43,44,53,54,55,56,57,58,59,60,61,62,63,64,65,66,78,80,81,82,83,84,85,86,87,88,102,103,104,105,106,107,108,109,110,127,129,130,131,132
338,338,89
4,5,6,7,8,9,10,11,12,13,14,15,16,17,18,19,20,21,22,28,29,30,31,32,33,34,35,36,37,38,39,40,41,42,43,44,54,55,56,57,58,59,60,61,62,63,64,65,66,78,79,80,81,82,83,84,85,86,87,88,100,101,102,103,104,105,106,107,108,109,110,124,125,126,127,128,129,130,131,132,146,149,150,151,152,153,154,175,176
387,387,100
6,8,9,10,11,12,13,14,15,16,17,18,19,20,21,22,32,33,34,35,36,37,38,39,40,41,42,43,44,53,54,55,56,57,58,59,60,61,62,63,64,65,66,78,79,80,81,82,83,84,85,86,87,88,100,101,102,103,104,105,106,107,108,109,110,123,124,125,126,127,128,129,130,131,132,147,148,149,150,151,152,153,154,169,170,171,172,173,174,175,176,193,194,195,196,197,198,218,219,220
293,293,111
11,12,13,14,15,16,17,18,19,20,21,32,33,34,35,36,37,38,39,40,41,42,43,44,54,55,56,57,58,59,60,61,62,63,64,65,66,76,77,79,80,81,82,83,84,85,86,87,88,101,102,103,104,105,106,107,108,109,110,124,125,126,127,128,129,130,131,132,145,146,147,148,149,150,151,152,153,154,169,170,171,172,173,174,175,176,191,192,193,194,195,196,197,198,212,213,214,215,216,217,218,219,220,237,238,239,240,241,242,263,264
235,235,118
22,23,45,46,47,67,68,69,70,80,81,82,89,90,91,92,93,101,102,103,104,105,106,115,119,122,123,124,125,126,127,128,129,130,131,132,144,146,147,148,149,150,151,152,153,154,167,168,169,170,171,172,173,174,175,176,183,187,188,190,191,192,193,194,195,196,197,198,210,211,212,213,214,215,216,217,218,219,220,233,234,235,236,237,238,239,240,241,242,256,257,258,259,260,261,262,263,264,280,281,282,283,284,285,286,302,303,304,305,306,307,308,325,326,327,328,329,330
323,323,104
89,90,111,112,113,114,133,134,135,136,138,157,158,159,160,161,179,181,182,183,184,201,202,203,204,205,206,207,208,209,212,214,225,226,227,228,229,230,231,232,233,234,235,236,237,238,239,240,241,248,249,250,252,253,254,255,256,257,258,259,260,261,262,263,264,272,273,274,275,276,277,278,279,280,281,282,283,284,285,286,296,297,298,299,300,301,302,303,304,305,306,307,308,320,321,322,323,324,325,326,327,328,329,330
339,339,77
157,177,178,179,180,199,200,201,202,203,204,221,222,223,224,225,226,227,228,237,243,244,245,246,247,248,249,250,251,252,253,254,265,266,267,268,269,270,271,272,273,274,275,276,277,287,288,289,290,291,292,293,294,295,296,297,298,299,300,301,309,310,311,313,314,315,316,317,318,319,320,321,322,323,324,325,326
134,134,40
199,221,222,223,224,225,243,244,245,246,247,248,265,266,267,268,269,270,271,287,288,289,290,291,292,293,294,295,309,310,311,312,313,314,315,316,317,318,319,320
94,94,6
265,287,288,309,310,313
400,400,26
1,2,3,4,10,23,24,25,27,45,72,73,74,75,94,95,118,119,141,142,143,163,165,166,186,233
401,401,49
1,2,3,4,8,9,10,11,23,24,25,26,27,34,45,46,49,50,51,52,69,72,73,74,90,93,95,96,97,115,118,130,141,142,164,165,186,189,210,211,233,234,235,257,260,271,279,280,295
183,183,50
1,2,3,5,10,11,13,23,24,25,45,49,50,51,69,72,74,90,95,96,99,115,117,118,119,140,141,142,163,164,165,166,180,185,202,203,210,211,235,257,259,260,271,272,280,288,293,294,316,328
394,394,67
1,2,3,4,11,23,24,25,27,32,45,49,51,69,70,72,73,74,90,92,93,95,96,117,118,119,120,140,141,142,143,163,164,165,180,181,185,186,187,209,210,211,212,226,232,234,235,236,248,255,257,259,260,261,272,276,280,281,283,294,296,303,304,316,318,328,329
171,171,57
1,2,3,4,5,10,11,23,24,25,28,45,50,51,70,72,73,74,94,95,96,97,117,118,119,140,141,142,163,164,165,180,185,186,187,188,189,209,211,232,233,234,236,247,257,259,273,294,295,296,303,316,317,318,319,326,329
426,426,66
1,2,3,4,10,11,23,24,25,28,32,45,46,51,69,70,71,72,73,74,77,93,94,95,96,97,99,116,117,118,119,120,121,141,142,143,144,163,164,165,166,185,186,187,188,189,190,209,210,211,232,234,235,236,250,255,257,260,272,278,280,281,282,295,316,317
9,9,78
1,2,3,4,5,7,10,11,23,24,25,27,30,32,45,46,49,51,69,70,72,73,91,94,95,96,98,117,118,119,120,140,141,142,143,144,162,163,164,165,166,180,186,187,188,189,209,210,211,212,221,232,233,234,235,236,255,257,260,272,273,278,279,281,283,294,296,297,305,306,308,316,317,318,319,320,327,329
321,321,52
1,2,3,4,6,11,23,24,31,45,46,52,69,73,74,95,98,99,120,121,123,143,144,157,166,167,168,180,188,193,204,212,226,235,236,242,249,250,260,271,272,274,283,294,295,297,303,308,318,319,324,327
59,59,94
1,2,3,6,7,8,10,23,24,27,28,31,32,45,49,50,51,52,73,74,75,76,91,96,97,98,100,116,118,119,120,121,123,134,136,140,141,142,143,144,145,157,159,162,163,164,165,166,167,168,182,187,188,189,190,191,202,212,213,214,215,216,217,218,225,226,234,236,237,238,241,242,249,250,251,252,259,260,261,262,265,271,272,274,282,283,285,294,297,308,316,317,319,327
546,546,69
1,2,6,8,9,23,24,27,28,29,32,45,46,50,51,55,72,73,95,97,99,116,117,118,120,121,122,134,141,143,144,145,157,158,165,166,167,168,180,182,189,190,192,193,202,212,213,214,215,236,237,248,249,250,251,260,261,262,271,272,273,282,283,289,294,296,306,308,320
554,554,59
1,2,4,8,10,23,24,28,29,45,50,51,73,74,76,77,78,97,99,118,119,120,121,122,142,143,144,145,163,166,167,168,169,180,188,189,190,191,213,214,225,237,238,240,251,259,261,262,271,272,273,282,285,294,297,305,308,319,320
218,218,86
1,2,3,4,6,8,9,10,11,12,16,23,24,28,29,32,33,45,49,50,51,72,74,76,78,93,96,97,98,99,115,117,118,120,121,122,142,143,144,145,157,159,161,162,166,167,168,169,180,181,185,186,188,189,190,191,192,195,205,212,213,214,215,216,237,238,239,241,260,261,262,264,271,272,273,282,283,284,285,289,297,306,307,308,317,319
74,74,92
1,2,6,9,10,11,23,24,27,28,29,31,32,33,45,50,51,54,72,73,74,75,76,77,78,96,97,98,99,113,118,119,120,121,122,136,139,141,143,144,145,146,163,166,167,168,169,187,188,189,190,191,192,199,205,211,212,213,214,215,216,237,238,239,240,241,244,259,260,261,262,267,271,272,274,275,282,283,284,285,286,294,303,306,307,308,317,319,320,327,329,330
552,552,94
1,2,6,7,9,10,11,23,24,27,28,29,30,31,32,33,34,45,49,51,52,53,54,56,73,74,75,76,77,94,95,97,98,99,100,101,118,119,120,121,122,123,141,143,144,145,161,164,166,167,168,169,170,183,188,189,190,191,193,205,211,212,213,214,215,216,235,237,238,239,240,250,260,261,262,263,267,271,272,273,274,275,283,284,285,289,290,297,306,307,308,314,319,329
323,323,105
1,2,3,6,7,8,9,10,23,24,27,28,29,31,32,45,49,50,51,52,53,54,55,56,74,75,76,77,78,95,96,97,98,99,100,101,113,115,116,118,119,120,121,122,123,136,138,140,141,143,144,145,146,147,162,164,165,166,167,168,169,187,189,190,191,192,197,199,212,213,214,215,216,217,235,236,237,238,239,241,249,250,259,261,262,263,264,267,272,273,275,281,283,284,285,286,292,295,297,305,306,307,320,329,330
314,314,111
1,2,3,6,7,8,9,10,11,23,24,28,29,30,31,32,33,34,50,51,52,53,54,55,56,57,72,74,75,76,77,79,90,95,97,98,99,100,101,113,116,118,119,120,121,122,123,124,136,137,139,141,142,143,144,145,146,150,159,166,167,168,169,171,177,185,186,189,190,191,192,193,197,200,212,213,214,216,217,235,237,238,239,240,241,254,260,261,262,263,264,267,269,272,284,285,286,292,295,297,298,299,305,306,307,308,319,326,328,329,330
477,477,109
1,2,3,6,7,8,9,10,11,12,13,16,23,24,25,28,29,30,31,32,33,34,45,46,49,50,52,53,54,55,57,67,72,73,75,76,77,78,79,93,94,95,96,97,99,100,101,115,117,118,119,120,122,123,124,125,138,139,140,142,145,146,147,165,167,168,169,170,171,172,183,191,192,193,194,195,197,208,211,214,215,216,217,218,228,229,237,238,239,240,250,254,260,261,262,273,283,284,286,287,295,299,307,308,317,319,320,321,329
475,475,106
1,2,7,8,9,10,11,23,24,25,29,30,31,32,33,45,46,49,50,51,52,53,54,55,67,72,73,75,76,77,78,79,89,90,93,94,97,98,99,100,101,113,115,116,118,119,120,121,122,123,124,125,126,138,139,140,142,144,146,147,148,165,166,168,169,170,191,192,193,194,196,197,198,205,206,214,215,216,217,218,219,223,227,229,236,237,238,239,240,241,242,250,260,261,262,263,273,283,284,286,295,297,299,307,318,330
143,143,80
1,2,9,10,23,24,29,30,31,32,33,49,51,52,53,54,55,56,57,67,72,73,76,77,79,94,95,96,99,100,102,115,117,119,120,121,122,123,124,143,144,145,146,147,168,169,170,191,192,193,194,195,196,197,198,215,217,219,227,228,237,238,239,240,241,242,250,251,260,261,262,263,273,283,284,285,286,308,319,330
453,453,102
1,2,3,7,8,9,10,12,19,23,24,27,29,30,31,32,33,45,50,52,53,54,55,56,57,67,73,76,77,78,90,95,96,97,98,99,100,101,102,115,117,119,120,121,122,123,124,138,142,143,144,145,146,147,148,165,166,167,168,169,170,171,192,193,194,196,197,198,202,212,214,215,216,217,219,234,237,238,239,240,241,242,250,251,260,261,262,263,264,266,273,281,283,284,285,286,296,305,307,308,318,330
494,494,66
1,2,3,7,8,10,23,24,29,31,32,33,46,53,54,55,73,77,96,99,100,101,102,115,121,123,124,143,144,145,146,147,148,149,166,167,169,170,171,192,193,194,195,205,217,218,219,220,238,239,242,250,261,262,264,273,284,285,286,296,305,306,307,308,318,323
311,311,105
1,2,3,4,7,8,9,10,11,23,24,30,31,32,33,45,48,51,52,53,54,55,57,67,71,73,74,75,76,77,78,79,80,90,95,96,97,98,100,101,102,113,115,119,120,121,122,123,124,143,144,145,146,147,148,149,166,167,168,169,170,171,172,192,193,194,195,197,198,205,212,214,215,216,217,218,219,220,228,236,238,239,240,241,242,248,249,251,261,262,263,264,273,281,282,283,284,285,286,293,301,305,307,308,329
211,211,90
1,2,7,9,10,11,23,24,28,29,30,31,32,33,45,46,53,54,55,57,75,76,77,78,79,95,96,97,98,100,101,102,103,116,121,122,123,124,125,126,142,143,144,145,146,147,148,151,167,168,169,170,171,172,173,174,190,192,193,194,195,198,202,214,215,216,217,218,219,220,225,238,239,240,242,248,250,261,262,263,264,283,284,285,286,296,304,305,307,308
182,182,110
1,2,3,7,8,9,10,11,23,24,25,28,29,30,31,32,33,34,35,45,46,51,53,54,55,56,57,67,69,73,74,76,77,78,79,90,95,96,97,98,100,101,102,104,119,120,121,122,123,124,125,126,142,143,144,145,146,147,148,149,167,169,170,171,172,173,174,192,193,194,195,196,197,198,203,205,215,216,217,218,219,220,225,228,237,238,239,240,241,242,247,248,259,260,261,262,263,264,282,283,284,285,286,293,296,305,308,316,319,330
159,159,110
1,2,4,6,7,8,9,10,11,23,24,25,29,30,31,32,33,34,45,47,52,53,54,55,56,57,74,75,76,77,78,79,80,81,97,98,100,101,102,103,120,121,122,123,124,125,126,127,128,142,143,144,145,146,147,148,149,150,151,167,168,169,170,171,172,173,175,176,190,192,193,194,195,198,202,203,213,214,215,216,217,218,219,220,228,236,237,238,239,240,241,248,251,258,259,260,261,262,263,264,270,274,283,284,285,286,301,304,307,308
109,109,68
1,2,7,8,9,10,11,23,24,29,30,31,32,33,34,45,52,54,55,56,78,79,80,101,102,103,122,123,124,125,126,145,146,147,148,149,158,168,169,170,171,172,174,191,192,193,194,195,213,215,216,217,218,220,238,239,240,241,242,259,260,261,262,263,284,285,286,329
195,195,99
1,2,3,8,9,10,11,13,16,23,24,28,29,30,31,32,33,34,35,45,46,52,53,54,55,56,57,67,68,69,74,75,76,77,78,79,80,81,83,95,99,101,102,103,122,123,124,125,126,130,144,145,146,147,148,149,150,151,158,167,168,169,170,171,172,183,190,191,192,193,194,195,198,203,206,212,215,216,217,218,219,226,237,238,239,240,241,251,258,261,262,263,264,284,285,286,307,308,330
413,413,100
1,2,4,8,9,10,11,13,23,24,25,29,31,32,33,34,35,36,38,39,45,46,53,54,55,56,57,59,60,68,75,76,78,79,80,81,82,83,98,99,101,102,103,104,118,122,123,124,125,126,128,136,144,145,146,147,148,149,150,158,160,168,169,170,171,172,173,176,183,190,192,193,194,195,196,197,206,214,215,216,217,218,219,235,236,237,238,239,240,241,242,261,262,263,264,282,284,286,297,308
141,141,103
1,2,8,9,10,11,12,13,23,24,29,30,31,32,33,35,38,39,45,46,51,52,53,54,55,56,57,58,59,60,68,75,76,77,78,79,80,82,83,99,100,101,102,103,104,122,123,124,125,126,127,128,145,146,147,148,149,150,151,167,168,169,170,171,172,173,176,181,191,192,193,194,195,196,197,198,206,213,214,215,216,217,218,220,226,229,235,238,239,240,241,242,249,261,262,263,264,282,284,285,286,308,319
506,506,72
1,2,8,9,10,12,13,23,24,31,32,33,34,38,53,55,56,57,58,59,60,78,79,80,83,100,101,102,103,104,122,123,124,125,126,127,145,146,147,148,149,150,167,169,170,171,172,176,191,192,193,194,195,214,215,216,217,218,219,238,239,240,241,242,261,262,284,285,288,307,308,330
509,509,84
1,2,9,10,11,12,13,14,15,23,24,32,33,34,35,36,45,54,55,56,57,58,59,60,77,78,79,80,81,83,84,98,99,100,101,102,103,104,105,123,124,125,126,127,128,144,145,146,147,148,149,167,168,169,170,171,172,173,175,181,191,192,193,194,195,198,213,215,216,217,218,238,239,241,249,252,259,261,262,265,284,285,307,308
216,216,65
1,2,9,10,11,12,13,23,24,33,34,54,56,58,59,61,78,79,80,81,83,99,101,102,103,104,105,122,123,124,125,126,127,128,146,147,148,149,158,169,170,171,172,173,181,192,193,194,195,215,216,217,218,239,241,252,261,262,264,284,285,286,307,308,330
497,497,81
1,2,8,9,10,11,12,13,14,23,24,31,32,33,34,36,38,54,55,56,57,59,77,78,79,80,81,83,99,100,101,102,103,104,122,123,124,125,126,127,144,146,147,148,149,151,153,168,169,170,171,172,173,176,191,192,193,194,195,196,198,215,216,217,218,219,238,239,242,261,262,264,282,283,285,286,306,307,320,329,330
144,144,53
1,10,13,14,23,24,33,56,57,59,60,77,78,79,80,81,99,100,101,102,103,104,123,124,125,126,127,144,146,147,148,149,151,168,170,171,173,176,192,194,198,204,218,219,239,241,262,263,266,284,285,307,330
192,192,104
1,2,7,8,9,10,11,12,13,14,16,23,24,30,31,32,33,34,35,36,37,42,45,49,53,54,55,56,57,58,59,60,61,62,76,77,78,79,80,81,82,99,100,101,102,103,104,106,122,123,124,125,126,127,128,129,144,145,146,147,148,149,150,159,168,169,170,171,172,173,191,192,193,194,195,214,215,216,218,219,235,236,237,238,239,241,246,258,259,260,261,262,263,282,283,284,285,286,305,306,307,308,321,329
184,184,111
1,2,8,9,10,11,12,13,14,15,16,21,23,24,31,32,33,34,35,36,37,38,39,44,45,46,53,54,55,56,57,58,59,60,62,68,76,77,78,79,80,81,82,83,99,100,101,102,103,104,105,106,122,123,124,125,126,127,128,129,144,145,147,148,149,150,151,158,159,167,168,169,170,171,172,173,176,181,191,192,193,195,214,215,216,217,218,236,237,238,239,240,241,242,259,260,261,262,263,264,282,283,284,285,306,307,308,320,322,329,330
499,499,76
1,2,8,10,11,12,13,14,15,23,24,31,32,33,34,35,36,37,45,54,55,56,57,58,59,60,76,77,78,79,80,81,82,99,100,101,102,103,104,105,122,123,124,125,126,127,146,147,148,149,150,169,170,171,172,173,174,181,192,193,195,207,214,215,216,238,239,240,253,259,261,282,283,285,299,322
376,376,105
1,2,8,9,10,11,12,13,14,15,17,21,23,24,31,32,33,34,35,36,37,38,39,45,53,54,55,56,57,58,59,60,61,67,68,74,76,77,78,79,80,81,82,91,99,100,101,102,103,104,105,106,122,123,124,125,126,127,128,145,147,148,149,150,151,152,159,167,168,169,170,171,172,173,191,192,193,194,195,196,207,213,214,215,216,217,218,224,236,237,238,239,240,241,259,260,261,262,263,283,285,299,306,310,329
400,400,89
1,2,9,10,11,12,13,14,15,17,23,24,31,32,33,34,35,36,37,54,55,56,57,58,59,60,61,76,77,78,79,80,81,82,99,100,101,102,103,104,106,122,123,124,125,126,127,144,145,146,147,148,149,150,159,161,168,169,170,171,172,173,192,193,194,195,196,207,214,215,216,217,218,219,236,237,238,239,240,241,247,260,261,262,263,265,283,284,285
355,355,100
1,2,9,10,11,12,13,14,15,16,17,23,24,31,32,33,34,35,36,37,38,39,45,46,53,54,55,56,57,58,59,60,67,68,76,77,78,79,80,81,82,83,85,89,99,100,101,102,103,104,105,122,123,124,125,126,127,128,145,146,147,148,149,150,151,154,167,168,169,170,171,172,173,174,182,190,191,192,193,194,195,214,215,216,217,218,219,220,236,237,238,239,240,260,261,262,283,284,305,307
268,268,95
1,2,8,9,10,11,12,13,14,15,17,23,24,31,32,33,34,35,36,37,38,45,46,54,55,56,57,58,59,60,67,76,77,78,79,80,81,82,83,99,100,101,102,103,104,105,122,123,124,125,126,127,144,145,146,147,148,149,150,151,154,159,168,169,170,171,172,173,174,190,191,192,193,194,195,196,202,214,215,216,217,218,219,225,230,236,237,238,239,240,242,259,261,285,306
353,353,104
1,2,9,10,11,12,13,14,15,16,23,31,32,33,34,35,36,37,38,45,46,53,54,55,56,57,58,59,60,67,68,76,78,79,80,81,82,83,99,100,101,102,103,104,105,106,110,122,123,124,125,126,127,144,145,146,147,148,149,150,154,159,167,168,169,170,171,172,173,174,190,191,192,193,194,195,196,197,214,215,216,217,218,219,225,236,238,239,240,241,242,256,259,261,262,263,282,283,284,285,286,306,307,330
163,163,83
2,8,9,10,11,12,13,14,15,16,23,31,32,33,34,35,36,37,38,45,46,54,55,56,57,58,59,60,67,77,78,79,80,81,82,83,84,89,100,101,102,103,104,105,113,122,123,124,126,127,145,146,147,148,149,150,167,168,169,170,171,172,173,190,191,192,193,194,195,214,215,216,217,218,238,239,240,248,256,260,261,262,283
131,131,15
22,43,44,63,66,88,154,176,198,220,264,286,308,329,330
379,379,53
17,19,39,40,84,106,107,128,149,150,171,172,173,193,194,195,214,215,216,217,218,236,237,238,239,240,258,259,260,261,262,263,280,281,282,283,284,285,302,303,304,305,306,307,308,323,324,325,326,327,328,329,330
387,387,79
36,57,58,101,102,123,124,125,144,145,146,147,166,167,168,169,184,187,188,189,190,191,198,209,210,211,212,213,214,231,232,233,234,235,236,237,238,253,254,255,256,257,258,259,260,261,275,276,277,278,279,280,281,282,283,284,297,298,299,300,301,302,303,304,305,306,307,318,319,320,321,322,323,324,325,326,327,328,329
388,388,102
32,54,76,97,98,99,114,118,119,120,140,141,142,143,161,162,163,164,165,166,183,184,185,186,187,188,189,190,191,205,206,207,208,209,210,211,212,213,214,227,228,229,230,231,232,233,234,235,236,237,248,249,250,251,252,253,254,255,256,257,258,259,270,271,272,273,274,275,276,277,278,279,280,281,291,292,293,294,295,296,297,298,299,300,301,302,303,304,313,314,315,316,317,318,319,320,321,322,323,324,325,326
439,439,110
23,28,49,50,70,71,72,92,93,94,95,114,115,116,117,118,136,137,138,139,140,141,157,158,159,160,161,162,163,165,178,179,180,181,182,183,184,185,186,200,201,202,203,204,205,206,207,208,209,221,222,223,224,225,226,227,228,230,231,232,233,243,244,245,246,247,248,249,250,251,253,254,255,265,266,267,268,269,270,271,272,273,274,275,276,277,287,288,289,290,291,292,293,294,295,296,297,298,309,310,311,312,313,314,315,316,317,318,319,320
533,533,100
2,3,4,24,25,26,27,46,47,48,49,67,68,69,70,71,72,89,90,91,92,93,94,111,112,113,114,115,116,117,118,133,134,135,136,137,138,139,140,155,156,157,158,161,162,163,177,178,179,180,181,184,199,200,201,202,203,206,207,221,222,223,224,225,226,227,228,243,244,245,246,247,248,250,251,265,266,267,268,269,270,271,273,287,288,289,290,291,292,293,294,295,309,310,311,312,313,314,315,316
470,470,89
1,2,3,4,23,24,25,26,45,46,47,48,50,67,68,69,70,71,72,89,90,91,92,93,94,111,112,113,115,116,117,133,134,135,136,137,139,155,156,157,158,162,177,178,179,180,181,182,199,200,201,202,203,204,221,222,223,224,225,226,227,243,244,245,246,247,248,249,265,266,267,268,269,270,271,287,288,289,290,291,292,293,309,310,311,312,313,314,315
237,237,73
1,2,3,4,5,9,23,24,25,26,27,45,47,48,49,67,68,69,70,71,89,90,91,92,93,94,111,112,113,114,115,116,133,134,135,155,156,157,158,177,178,179,180,181,199,200,201,202,221,222,223,224,225,243,244,245,246,247,265,266,267,268,269,287,288,289,290,291,309,310,311,312,313
529,529,52
1,2,3,23,24,25,26,45,46,47,48,67,68,69,70,71,89,90,91,111,112,113,133,134,155,156,157,177,178,179,199,200,202,221,222,223,243,244,245,246,265,266,267,268,287,288,289,290,291,309,310,311
331,331,79
2,3,25,133,139,155,156,157,158,164,178,179,180,187,188,189,190,201,202,203,207,208,210,211,212,213,214,223,224,225,226,228,229,230,231,232,233,234,235,236,243,247,248,249,253,255,256,257,258,259,265,266,270,271,272,279,280,281,282,287,288,289,290,292,294,303,304,305,306,309,310,311,312,313,318,327,328,329,330
210,210,28
1,2,47,89,111,133,155,178,199,201,221,222,224,243,244,247,265,266,269,270,287,288,289,292,293,309,312,316
249,249,10
1,2,199,201,221,224,247,265,269,270
257,257,2
247,270
77,77,7
12,13,14,16,17,34,35
73,73,8
11,12,13,23,34,35,45,188
486,486,2
12,45
94,94,12
21,22,130,131,145,166,169,283,284,307,308,320
413,413,32
20,21,22,43,44,86,98,99,100,106,107,108,109,122,124,129,130,132,145,166,167,168,169,189,190,211,283,284,285,307,308,320
428,428,51
19,20,21,22,43,44,66,88,109,110,120,121,122,129,130,131,132,142,143,144,145,146,150,151,152,153,154,166,167,168,169,175,176,191,192,214,215,236,237,238,239,260,261,262,263,264,283,284,285,286,308
308,308,67
6,8,9,10,11,12,13,14,15,16,17,18,19,20,21,22,29,30,31,32,33,34,35,36,37,38,39,40,41,42,43,44,52,53,55,56,59,61,62,63,64,65,66,75,77,78,83,85,86,87,88,96,97,98,99,100,101,105,107,109,110,120,121,122,123,124,147
378,378,83
5,6,7,8,9,10,11,12,13,14,15,16,17,18,19,20,21,22,27,28,29,30,31,32,33,34,35,36,37,38,39,40,41,42,43,44,51,52,53,54,55,56,57,58,59,60,61,62,63,64,65,66,76,77,78,79,80,81,82,83,84,85,86,87,88,98,99,100,101,106,107,108,109,110,120,121,122,123,124,129,130,131,132
345,345,95
1,2,3,4,5,6,7,8,9,10,11,12,13,14,15,16,17,18,19,20,21,22,28,29,30,31,32,33,34,35,36,37,38,39,40,41,42,43,44,52,53,54,55,56,57,58,59,60,61,62,63,64,65,66,72,73,75,76,77,78,80,81,82,83,84,85,86,87,88,96,97,98,99,100,101,104,105,106,107,108,109,110,121,122,123,124,128,129,130,131,132,146,152,153,154
307,307,109
2,5,12,13,14,15,16,17,18,19,20,21,22,26,27,28,31,32,33,34,35,36,37,38,39,40,41,42,43,44,49,51,52,53,54,55,56,57,58,59,60,61,62,63,64,65,66,72,73,74,75,76,77,78,79,80,81,82,83,84,85,86,87,88,95,96,97,98,99,100,101,102,104,105,106,107,108,109,110,120,121,122,123,124,125,126,127,128,129,130,131,132,144,145,146,147,149,152,153,154,168,169,170,171,173,174,176,191,193
256,256,118
1,2,3,4,5,24,25,26,27,28,29,48,49,50,51,52,53,54,55,71,72,73,74,75,76,77,78,79,80,81,82,84,85,86,87,88,96,97,98,99,100,101,102,103,104,106,108,109,110,118,119,120,121,122,123,124,125,126,127,130,131,132,142,143,144,145,146,147,148,149,150,151,152,153,154,165,166,167,168,169,170,171,172,173,174,175,176,188,189,190,191,192,193,194,195,196,197,198,213,214,215,216,217,218,219,220,237,238,239,240,241,242,246,262,263,264,285,286
386,386,117
21,48,69,70,71,72,75,76,92,93,94,95,96,97,98,99,100,115,116,117,118,119,120,121,122,123,124,125,138,139,140,141,142,143,144,145,146,147,148,149,150,161,162,163,164,165,166,167,168,169,170,171,172,173,174,175,184,185,186,187,188,189,190,191,192,193,194,195,196,197,198,209,210,211,212,213,214,215,216,217,218,219,220,233,234,235,236,237,238,239,240,241,242,257,258,259,260,261,262,263,264,280,281,282,283,284,285,286,304,305,306,307,308,327,328,329,330
256,256,107
133,136,137,141,142,155,160,161,162,163,164,166,177,178,180,182,183,184,185,186,187,188,189,190,201,203,204,205,206,207,208,209,210,211,212,213,214,225,226,227,228,229,230,231,232,233,234,235,236,237,238,248,250,251,252,253,254,255,256,257,258,259,260,261,262,263,271,272,273,274,275,276,277,278,279,280,281,282,283,284,285,286,296,297,298,299,300,301,302,303,304,305,306,307,308,319,320,321,322,323,324,325,326,327,328,329,330
312,312,81
155,177,178,179,199,200,201,202,203,204,221,222,223,224,225,226,227,228,229,230,231,243,244,245,246,247,248,249,250,251,252,253,254,265,266,267,268,269,270,271,272,273,274,275,276,277,287,288,289,290,291,292,293,294,295,296,297,298,299,300,301,302,309,310,311,312,313,314,315,316,317,318,319,320,321,322,323,324,325,326,327
244,244,53
135,177,178,199,200,201,221,222,223,224,225,243,244,245,246,247,248,249,250,265,266,267,268,269,270,271,272,273,274,287,288,289,290,291,292,293,294,295,296,297,309,310,311,312,313,314,315,316,317,318,319,320,321
335,335,31
199,221,222,224,243,244,245,246,265,266,267,268,269,270,287,288,289,290,291,292,293,309,310,311,312,313,314,315,316,317,318
288,288,10
265,266,287,288,289,309,310,311,312,313
154,154,6
1,23,24,25,45,67
438,438,17
1,2,3,4,11,12,23,24,25,40,45,46,47,67,70,71,282
35,35,28
1,2,3,5,10,11,12,15,16,17,20,21,23,24,25,40,45,46,47,59,61,67,70,71,146,167,169,170
287,287,26
1,2,4,11,12,15,16,17,18,23,24,25,38,39,45,46,47,67,68,69,70,71,123,124,144,260
416,416,33
1,2,3,4,5,10,11,12,13,14,15,16,17,18,23,24,25,38,39,45,46,47,63,67,68,123,124,143,144,145,170,238,280
387,387,38
1,2,3,4,5,10,11,12,13,15,16,17,18,21,23,24,25,37,38,39,44,45,46,47,62,67,68,84,121,123,124,125,145,146,170,171,233,238
441,441,41
1,2,3,4,5,8,16,17,20,21,23,24,25,26,27,42,44,45,46,47,48,66,67,70,89,100,101,102,108,110,121,122,123,124,126,146,149,154,170,261,328
421,421,48
1,2,3,4,5,6,13,17,18,20,23,24,25,26,27,37,41,42,44,45,46,47,48,49,62,67,70,71,89,98,100,102,103,108,121,122,123,124,125,126,146,147,148,149,171,210,261,306
64,64,41
1,2,3,4,5,6,17,19,23,24,25,26,37,38,45,46,47,48,49,61,62,65,67,76,77,78,88,100,101,102,121,122,123,124,125,127,147,148,149,151,284
169,169,28
1,2,3,4,5,16,19,23,24,25,26,38,45,46,47,48,49,62,67,78,99,100,101,102,103,124,127,148
421,421,45
1,2,3,4,6,7,13,16,17,18,19,20,23,24,25,26,37,38,39,40,42,45,46,47,48,49,64,65,67,76,77,78,79,98,99,100,101,122,124,127,131,148,217,262,307
190,190,31
1,2,3,4,17,18,20,23,24,25,42,43,45,46,47,48,49,53,54,67,76,77,78,80,99,100,104,134,217,285,307
405,405,46
1,2,3,4,14,17,19,20,23,24,25,30,38,39,42,45,46,47,52,53,54,55,56,62,64,65,67,75,76,77,78,79,80,87,88,98,99,100,101,104,126,132,151,217,240,285
26,26,39
1,2,3,4,17,18,19,23,24,25,30,31,39,45,46,47,52,53,54,55,56,62,65,66,67,75,76,77,78,79,80,88,102,110,126,132,218,263,308
339,339,42
1,2,3,4,6,15,17,18,20,23,24,25,29,30,31,32,43,45,46,47,52,53,54,55,56,57,64,65,67,69,75,76,77,78,79,87,108,128,132,198,218,263
311,311,25
1,2,3,23,24,25,29,30,31,32,33,45,46,52,53,54,55,56,57,76,77,79,132,139,286
208,208,36
1,2,3,5,20,21,23,24,25,29,30,31,32,33,43,45,46,49,53,55,56,58,64,66,67,69,71,80,82,92,93,105,109,241,264,282
170,170,30
1,2,3,8,20,23,24,25,30,31,32,41,43,45,46,49,52,53,54,55,56,58,69,82,92,93,109,219,257,264
414,414,42
1,2,3,4,7,8,9,10,17,19,20,21,22,23,24,25,29,30,31,32,33,41,43,44,45,46,49,51,52,53,54,55,56,57,65,67,69,70,81,92,152,219
426,426,33
1,2,3,7,8,9,18,20,21,22,23,24,25,29,30,31,32,33,41,42,43,45,46,49,52,53,54,55,66,67,69,86,242
421,421,38
1,2,3,6,7,8,9,10,17,18,19,20,21,22,23,24,25,27,28,29,30,31,32,41,44,45,46,49,53,55,59,67,70,107,108,110,197,242
101,101,32
1,2,6,7,8,9,10,17,23,24,25,27,29,30,31,32,41,43,44,45,46,47,49,52,53,64,65,67,70,107,110,220
318,318,30
1,2,3,6,7,8,9,10,17,18,19,21,23,24,25,27,28,29,30,41,43,44,45,46,52,67,70,71,132,220
420,420,21
1,2,6,7,18,21,23,24,25,27,29,31,44,45,46,52,53,66,67,70,71
411,411,31
1,2,3,4,5,7,8,10,23,24,25,27,28,29,30,31,45,46,47,50,51,53,54,61,67,71,130,154,176,177,183
521,521,17
1,2,3,4,7,8,21,22,23,24,25,27,28,31,45,47,67
459,459,9
1,2,3,23,24,25,27,44,45
453,453,9
1,2,3,4,23,24,25,27,45
250,250,5
2,3,23,24,25
551,551,3
1,3,25
95,95,2
3,23
259,259,3
2,3,25
494,494,10
1,2,3,6,22,23,24,25,44,45
371,371,27
1,2,3,4,5,21,22,23,24,25,43,45,46,67,86,91,109,113,131,133,154,156,158,180,181,200,203
437,437,17
1,2,3,4,17,21,23,24,25,43,45,46,47,67,113,134,157
406,406,14
1,2,3,4,17,21,23,24,25,45,46,67,90,155
489,489,23
1,2,3,4,21,22,23,24,25,45,46,67,111,113,115,117,134,135,136,137,162,178,181
344,344,15
1,2,3,4,18,23,24,25,45,46,67,89,90,112,158
296,296,15
1,2,3,4,22,23,24,25,45,46,67,89,111,179,180
267,267,15
1,2,3,4,17,23,24,25,45,46,67,89,136,156,181
381,381,15
1,2,3,4,23,24,25,45,46,47,67,89,111,161,259
404,404,12
22,44,66,88,110,131,132,154,176,198,220,242
465,465,39
21,22,43,44,64,65,66,86,87,88,108,109,110,130,131,132,153,154,174,175,176,196,197,198,218,219,220,240,241,242,262,263,264,285,286,307,308,329,330
49,49,67
61,62,83,84,85,86,105,106,107,108,127,128,129,130,131,149,150,151,152,153,171,172,173,174,175,176,193,194,195,196,197,215,216,217,218,219,220,237,238,239,240,241,242,259,260,261,262,263,264,281,282,283,284,285,286,303,304,305,306,307,308,325,326,327,328,329,330
24,24,92
13,14,56,57,58,59,78,79,80,81,82,100,101,102,103,104,122,123,124,125,126,127,144,145,146,147,148,149,150,166,167,168,169,170,171,188,189,190,191,192,193,194,210,211,212,213,214,215,216,232,233,234,235,236,237,238,239,254,255,256,257,258,259,260,261,275,276,277,278,279,280,281,282,283,297,298,299,300,301,302,303,304,305,319,320,321,322,323,324,325,326,327
556,556,113
9,10,11,12,31,32,33,34,35,53,54,55,56,57,74,75,76,77,78,79,96,97,98,99,100,101,102,118,119,120,121,122,123,140,141,142,143,144,145,161,162,163,164,165,166,167,168,183,184,185,186,187,188,189,190,196,205,206,207,208,209,210,211,212,227,228,229,230,231,232,233,234,248,249,250,251,252,253,254,255,256,257,270,271,272,273,274,275,276,277,278,279,292,293,294,295,296,297,298,299,300,301,314,315,316,317,318,319,320,321,322,323,324
236,236,116
6,7,8,9,27,28,29,30,31,49,50,51,52,53,70,71,72,73,74,75,92,93,94,95,96,97,98,114,115,116,117,118,135,136,137,138,139,140,141,142,157,158,159,160,161,162,163,178,179,180,181,182,183,184,185,200,201,202,203,204,205,206,207,208,222,223,224,225,226,227,228,229,230,231,244,245,246,247,248,249,250,251,252,253,265,266,267,268,269,270,271,272,273,274,275,287,288,289,290,291,292,293,294,295,296,297,309,310,311,312,313,314,315,316,317,318
379,379,106
3,4,6,7,23,24,25,26,27,30,44,45,46,47,48,49,50,51,67,68,69,70,71,72,73,89,90,91,92,93,94,95,111,112,113,114,115,116,117,118,133,134,135,136,137,138,139,155,156,157,158,159,160,161,162,177,178,179,180,181,182,183,199,200,201,202,203,204,205,206,221,222,223,224,225,226,227,228,243,244,245,246,247,248,249,265,266,267,268,269,270,271,287,288,289,290,291,292,293,309,310,311,312,313,314,315
260,260,94
1,2,3,4,5,6,7,23,24,25,26,27,28,45,46,47,48,49,50,51,67,68,69,70,71,72,89,90,91,92,93,94,95,111,112,113,114,115,116,133,134,135,136,137,138,155,156,157,158,159,160,177,178,179,180,181,182,183,199,200,201,202,203,204,221,222,223,224,225,226,243,244,245,246,247,248,265,266,267,268,269,270,287,288,289,290,291,292,309,310,311,312,313,314
229,229,84
1,2,3,4,5,6,7,23,24,25,26,27,28,29,45,46,47,48,49,50,51,67,68,69,70,89,90,91,92,93,94,111,112,113,114,115,116,133,134,135,136,137,138,155,156,157,158,159,160,177,178,179,180,181,182,199,200,201,202,203,204,221,222,223,224,225,243,244,245,246,265,266,267,268,269,287,288,289,290,291,309,310,311,312
360,360,72
1,2,3,4,5,23,24,25,26,27,28,45,46,47,48,49,67,68,69,70,71,89,90,91,92,93,111,112,113,114,115,133,134,135,136,137,138,155,156,157,158,159,177,178,179,180,181,182,199,200,201,202,203,221,222,223,224,243,244,245,247,265,266,267,269,287,288,289,290,309,310,311
276,276,58
1,2,17,18,19,23,24,25,27,28,41,42,43,45,46,47,48,49,50,64,65,66,67,68,69,70,89,90,91,111,112,113,114,133,134,135,136,155,156,157,177,178,179,199,200,201,221,222,223,243,244,265,266,267,287,288,309,310
133,133,49
23,45,46,47,67,68,69,70,71,89,90,91,92,111,112,113,133,134,135,136,155,156,157,177,178,179,180,181,199,200,201,202,221,222,223,224,225,243,244,245,246,265,266,267,287,288,290,309,310
326,326,43
20,43,89,111,138,139,147,155,169,183,184,186,187,197,203,205,206,218,225,228,232,233,234,237,238,243,245,249,252,255,256,257,258,259,262,273,275,277,279,280,287,304,324
29,29,41
20,43,44,85,86,125,147,148,149,160,183,184,186,196,197,198,204,206,209,213,214,227,228,232,233,234,238,252,254,255,256,257,258,259,263,264,272,275,276,280,304
15,15,40
19,20,43,44,85,86,124,125,147,154,161,166,174,175,182,185,204,212,214,215,216,232,233,234,235,237,238,240,252,254,255,256,257,258,259,260,262,275,277,280
415,415,42
19,20,21,43,44,66,109,125,144,147,161,162,182,186,187,196,210,211,212,213,215,216,232,233,234,238,239,241,242,252,254,255,256,257,258,259,260,261,275,278,280,291
81,81,42
19,20,21,27,28,29,30,43,44,66,85,99,125,147,149,175,186,188,189,212,214,215,216,232,233,234,235,236,237,238,239,242,254,255,256,257,258,259,260,270,271,278
121,121,44
8,9,18,19,20,21,26,27,28,29,30,42,43,44,66,125,126,129,130,143,144,161,165,167,189,212,213,215,233,234,235,236,237,238,239,240,241,242,254,255,259,261,269,276
544,544,46
6,7,8,9,11,12,13,15,16,17,18,19,20,21,22,26,27,28,29,30,40,41,42,43,44,65,66,119,130,140,152,166,213,215,217,234,235,236,237,238,239,240,241,255,256,326
151,151,39
6,7,8,9,11,12,13,14,15,16,17,18,19,20,21,33,34,35,36,38,39,40,41,43,44,56,58,59,60,63,64,65,81,85,86,87,88,108,109
308,308,64
3,5,6,7,8,9,10,11,12,13,14,15,16,17,18,19,20,21,22,30,32,33,34,35,36,37,38,39,40,41,42,43,44,52,54,55,56,57,58,59,60,61,62,63,64,65,66,80,83,85,86,87,88,101,103,104,105,106,107,108,109,110,128,130
293,293,80
7,8,9,10,11,12,13,14,15,16,17,18,19,20,21,22,28,30,31,32,33,34,35,36,37,38,39,40,41,42,43,44,53,54,55,56,57,58,59,60,61,62,63,64,65,66,74,75,76,77,78,79,80,81,82,83,84,85,86,87,88,101,102,103,104,105,106,107,108,109,110,126,127,128,129,130,131,132,153,154
111,111,93
4,5,6,7,8,9,10,11,12,13,14,15,16,17,18,19,20,21,22,28,29,30,31,32,33,34,35,36,37,38,39,40,41,42,43,44,51,52,53,54,55,56,57,58,59,60,61,62,63,64,65,66,75,76,78,79,80,81,82,83,84,85,86,87,88,99,100,101,102,103,104,105,106,107,108,109,110,125,126,127,128,129,130,131,132,148,150,151,152,153,154,174,198
252,252,103
5,6,7,8,9,10,11,12,13,14,15,16,17,18,19,20,21,22,26,28,29,30,31,32,33,34,35,36,37,38,39,40,41,42,43,44,50,51,52,53,54,55,56,57,58,59,60,61,62,63,64,65,66,73,74,75,76,77,78,79,80,81,82,83,84,85,86,87,88,100,101,102,103,104,105,106,107,108,109,110,122,123,124,125,126,127,128,129,130,131,132,149,150,151,152,153,154,172,173,174,175,176,197
387,387,116
7,8,9,10,11,12,13,14,15,16,17,18,19,26,27,28,29,30,31,32,33,34,35,36,37,38,39,40,41,42,43,44,50,51,52,53,54,55,56,57,58,59,60,61,62,63,64,65,66,73,74,75,76,77,78,79,80,81,82,83,84,85,86,87,88,97,98,99,100,101,102,103,104,105,106,107,108,109,110,121,122,123,124,125,126,127,128,129,130,131,132,146,147,148,149,150,151,152,153,154,156,170,171,172,173,174,175,176,194,195,196,197,198,219,220,242
89,89,122
49,70,71,72,73,74,77,91,92,93,94,95,96,97,98,99,100,101,103,104,105,115,116,118,119,120,121,122,123,124,125,126,128,129,130,137,138,139,140,141,142,143,144,145,146,147,148,149,150,151,152,153,154,162,163,164,165,166,167,168,169,170,171,172,173,174,175,176,185,186,187,188,189,190,191,192,193,194,195,196,197,198,209,210,211,212,213,214,215,216,217,218,219,220,233,234,235,236,237,238,239,240,241,242,257,258,259,260,261,262,263,264,281,282,283,284,285,286,306,307,308,330
315,315,113
21,113,136,137,138,141,157,158,159,160,161,162,163,164,165,180,181,182,183,184,185,186,187,188,189,203,204,205,206,207,208,209,210,211,212,213,214,215,225,226,227,228,229,230,231,232,233,234,235,236,237,238,239,240,247,248,249,250,251,252,253,254,255,256,257,258,259,260,261,262,263,264,271,272,273,274,275,276,277,278,279,280,281,282,283,284,285,286,296,297,298,299,300,301,302,303,304,305,306,307,308,319,320,321,322,323,324,325,326,327,328,329,330
223,223,89
177,178,179,180,181,199,200,201,202,203,204,205,206,221,222,223,224,225,226,227,228,229,230,243,244,245,246,247,248,249,250,251,252,253,256,265,266,267,268,269,270,271,272,273,274,275,276,277,278,279,287,288,289,290,291,292,293,294,295,296,297,298,299,300,301,302,303,304,309,310,311,312,313,314,315,316,317,318,319,320,321,322,323,324,325,326,327,328,329
311,311,66
155,177,178,179,199,200,201,202,203,204,221,222,223,224,225,226,227,243,244,245,246,247,248,249,250,251,265,266,267,268,269,270,271,272,273,274,275,287,288,289,290,291,292,293,294,295,296,297,298,299,309,310,311,312,313,314,315,316,317,318,319,320,321,322,323,324
232,232,50
199,200,221,222,223,224,225,226,227,243,244,245,246,247,248,249,250,251,265,266,267,268,269,270,271,272,273,287,288,289,290,291,292,293,294,295,296,297,309,310,311,312,313,314,315,316,317,318,319,320
76,76,31
105,125,170,206,207,227,229,230,231,243,244,253,265,266,267,268,287,288,289,290,291,294,309,310,311,312,313,314,317,318,319
363,363,11
101,128,130,149,150,174,175,197,229,231,313
253,253,1
3
57,57,5
1,2,3,23,24
18,18,6
1,2,3,23,24,45
64,64,15
1,2,3,23,24,25,45,67,69,89,90,91,111,133,149
57,57,16
1,2,3,23,24,25,45,46,47,67,68,69,89,90,111,178
152,152,34
1,2,3,23,24,25,45,46,47,48,67,68,69,89,90,91,111,112,113,114,133,134,135,136,137,155,156,157,158,159,178,179,223,244
20,20,21
1,2,3,23,24,25,45,46,47,48,67,68,69,89,90,91,111,113,133,134,179
416,416,29
1,2,3,23,24,25,26,45,46,47,48,67,68,69,70,89,90,91,112,114,133,134,135,136,157,178,222,244,265
433,433,33
1,2,3,4,5,16,23,24,25,26,45,46,47,48,67,68,69,70,89,90,91,92,93,111,112,134,135,136,156,157,178,265,287
241,241,31
1,2,3,4,23,24,25,26,27,45,46,47,48,49,67,68,69,70,89,90,92,111,113,114,133,135,157,179,181,243,287
170,170,24
1,2,3,4,5,23,24,25,26,45,46,47,48,67,68,69,89,90,91,134,136,155,244,287
171,171,30
1,2,3,4,5,23,24,25,26,45,46,47,48,67,68,69,70,89,90,91,111,112,178,222,224,243,244,265,266,287
528,528,38
1,2,3,4,5,23,24,25,26,27,45,46,47,48,49,67,68,69,70,89,90,91,111,112,113,114,115,156,160,180,221,225,243,244,265,266,269,287
109,109,49
1,2,3,4,5,23,24,25,26,27,28,45,46,47,48,49,67,68,69,70,89,90,91,92,111,135,137,156,158,177,178,180,199,201,202,203,204,221,222,243,244,245,246,265,266,267,287,288,309
414,414,58
1,2,3,4,5,6,23,24,25,26,27,28,45,46,47,48,49,67,68,69,70,89,90,91,92,93,114,135,155,156,157,158,179,180,183,200,201,202,203,204,221,222,224,225,226,243,244,245,246,247,265,266,267,268,269,287,288,309
433,433,53
1,2,3,4,5,6,23,24,25,26,27,28,45,46,47,48,49,67,68,69,70,71,89,90,92,114,137,138,156,157,158,177,180,181,183,200,203,221,224,225,226,243,244,247,248,265,266,267,268,269,271,287,288
265,265,51
1,2,3,4,5,6,23,24,25,26,27,28,30,45,46,47,48,49,67,68,69,70,89,90,113,135,156,157,179,181,184,199,200,202,203,204,221,222,223,224,225,244,245,247,265,266,267,269,287,288,309
552,552,36
1,2,3,4,5,6,23,24,25,26,27,45,46,47,48,49,65,67,68,69,70,71,90,179,200,201,221,223,225,243,244,247,265,266,287,288
284,284,47
1,2,3,4,5,6,23,24,25,26,27,45,46,47,48,49,67,68,69,70,113,177,178,179,182,183,199,200,201,202,203,204,221,222,223,224,225,227,244,245,247,265,266,267,287,288,309
110,110,54
1,2,3,4,5,6,23,24,25,26,27,45,46,47,48,49,67,69,70,71,91,134,137,157,158,159,160,177,180,182,183,199,203,204,206,221,222,223,224,225,226,227,245,247,249,250,265,266,267,285,287,288,289,309
499,499,40
1,2,3,4,5,6,23,24,25,26,27,45,46,47,48,49,67,159,160,177,180,184,199,202,203,204,221,222,223,225,226,245,248,265,266,267,287,288,289,309
480,480,55
1,2,3,4,5,6,7,23,24,25,26,27,45,46,47,48,49,67,69,137,157,158,177,178,179,180,181,182,183,199,201,203,204,205,221,222,223,224,225,227,228,244,245,246,247,248,265,266,267,287,288,289,309,310,311
366,366,55
1,2,3,4,5,6,7,23,24,25,26,27,45,46,47,48,49,50,67,70,137,155,158,159,160,177,181,183,199,201,202,203,204,205,221,222,223,224,225,226,227,228,245,246,247,265,266,267,268,287,288,289,309,310,311
419,419,53
1,2,3,4,5,6,7,23,24,25,26,27,29,45,46,47,67,91,113,118,142,158,159,160,162,177,182,183,203,204,205,209,221,224,225,226,227,228,245,246,247,249,265,266,267,268,272,287,288,289,309,310,311
410,410,45
1,2,3,4,5,6,22,23,24,25,26,27,45,46,47,67,136,155,161,163,177,181,182,183,199,202,204,205,206,221,222,224,225,226,227,245,246,247,265,267,288,289,290,309,310
215,215,48
1,2,3,4,5,6,7,23,24,25,26,45,46,47,67,90,139,155,156,159,160,161,162,177,181,182,183,184,203,204,205,224,225,226,245,246,247,265,266,267,268,287,288,289,290,309,310,311
127,127,53
1,2,3,4,5,6,7,23,24,25,26,27,28,29,45,46,47,50,67,90,116,138,160,161,162,178,181,182,183,184,185,199,203,204,205,206,223,224,225,226,245,246,247,265,266,267,268,288,289,290,309,310,311
304,304,38
1,2,3,4,5,6,7,23,24,25,29,45,46,47,67,138,140,161,162,178,181,182,183,203,204,205,206,225,226,266,267,268,287,288,289,309,311,312
408,408,49
1,2,3,4,5,6,7,23,24,25,27,28,29,45,46,47,67,89,95,115,140,160,162,177,178,180,182,183,184,185,203,204,205,206,223,224,225,226,246,247,267,268,288,289,290,309,310,311,312
199,199,50
1,2,3,4,5,6,7,23,24,25,45,46,47,67,90,92,115,120,137,142,155,161,177,178,182,183,184,185,199,203,204,205,206,207,225,226,229,246,247,265,267,268,287,288,289,290,309,310,311,312
226,226,50
1,2,3,4,5,6,7,23,24,25,45,46,47,67,117,118,120,135,138,139,140,161,162,163,164,177,180,182,183,184,185,186,188,205,206,207,224,225,226,246,247,267,268,287,288,289,290,309,310,311
510,510,55
1,2,3,4,5,7,23,24,25,45,46,47,50,67,114,118,119,136,139,142,155,156,157,160,161,162,177,178,182,183,184,185,186,203,204,205,206,207,208,223,225,226,227,245,246,247,267,268,287,289,290,309,310,311,315
495,495,70
1,2,3,4,5,7,23,24,25,45,46,50,67,68,75,90,91,94,95,96,97,99,114,115,117,119,120,121,134,135,136,139,140,142,143,155,156,157,161,162,163,164,165,177,179,180,183,184,185,186,188,200,204,205,206,207,208,225,226,229,246,247,265,290,291,294,309,311,312,328
187,187,64
1,2,3,4,5,8,10,23,24,25,45,46,47,53,68,90,96,99,113,114,115,117,118,119,130,135,139,140,141,143,146,156,157,161,162,163,165,179,181,183,184,185,186,188,203,204,205,206,225,226,245,246,247,248,266,268,290,291,294,309,311,312,325,328
139,139,68
1,2,3,4,23,24,25,33,45,46,47,54,67,75,76,95,97,101,114,117,118,119,120,121,123,133,140,141,142,143,144,157,160,161,162,163,166,179,182,183,184,185,186,204,205,206,207,225,226,246,247,248,266,268,269,288,289,290,291,294,309,311,312,313,316,327,328,329
195,195,67
1,2,3,4,10,23,24,25,26,33,45,46,47,54,55,67,95,96,97,98,114,117,118,119,120,121,123,135,136,140,141,142,143,157,161,162,163,178,183,184,185,186,204,205,206,207,223,225,226,227,246,247,268,269,288,289,290,291,294,309,311,312,313,316,326,328,329
425,425,64
1,2,3,4,22,23,24,25,33,45,46,47,67,74,75,79,91,96,97,99,101,117,118,120,121,123,135,138,140,141,162,163,165,179,183,184,185,186,187,204,205,206,207,223,225,226,246,247,248,267,269,288,289,290,291,309,310,311,312,313,316,327,328,329
188,188,63
1,2,3,4,23,24,25,33,34,45,46,47,52,55,67,68,75,79,90,92,96,97,98,100,101,114,118,119,120,140,141,142,157,162,163,179,180,182,183,184,185,203,204,205,206,226,246,247,248,269,287,288,289,290,291,295,310,311,312,313,314,316,323
424,424,52
1,2,3,4,23,24,25,33,34,45,46,67,79,90,91,96,99,111,112,115,118,119,120,122,123,140,141,142,162,163,164,165,183,184,185,205,206,225,226,247,248,268,270,288,290,291,292,307,308,310,311,312
176,176,76
1,2,3,4,6,10,23,24,25,33,43,45,46,55,67,74,75,76,77,90,91,95,96,97,98,99,115,118,119,120,134,135,140,141,142,162,163,179,183,184,185,186,205,206,222,224,226,227,248,252,266,267,270,273,274,284,287,288,289,290,291,292,295,302,303,305,306,307,308,309,310,311,312,314,317,323
149,149,20
1,2,3,23,24,25,45,46,67,76,122,142,184,185,205,290,310,311,312,313
412,412,24
20,21,22,42,43,44,64,65,66,86,87,88,109,110,131,132,154,176,198,220,242,264,308,330
32,32,60
17,18,19,20,21,39,40,41,42,61,62,63,64,65,83,84,85,86,87,105,106,107,108,109,110,127,128,129,130,131,149,150,151,152,171,172,173,194,195,196,215,216,217,218,238,239,240,260,261,262,282,283,284,304,305,306,326,327,328,329
471,471,88
12,13,14,15,16,17,34,35,36,37,38,39,40,56,57,58,59,60,61,62,78,79,80,81,82,83,100,101,102,103,104,105,123,124,125,126,127,144,145,146,147,148,149,166,167,168,169,170,188,189,190,191,192,193,210,211,212,213,214,215,232,233,234,235,236,237,254,255,256,257,258,275,276,277,278,279,280,298,299,300,301,302,320,321,322,323,324,325
242,242,108
8,9,10,11,12,13,14,15,30,31,32,33,34,35,36,37,38,52,53,54,55,56,57,58,61,74,75,76,77,78,79,96,97,98,99,100,101,117,118,119,120,121,122,123,139,140,141,142,143,144,145,148,161,162,163,164,165,166,167,169,183,184,185,186,187,188,189,205,206,207,208,209,210,227,228,229,230,231,232,248,249,250,251,252,253,254,270,271,272,273,274,275,276,277,292,293,294,295,296,297,298,314,315,316,317,318,319,320
242,242,115
1,4,5,6,7,8,9,27,28,29,30,31,48,49,50,51,52,53,70,71,72,73,74,75,77,92,93,94,95,96,97,114,115,116,117,118,119,120,135,136,137,138,139,140,141,142,157,158,159,160,161,162,163,164,179,180,181,182,183,184,185,186,200,201,202,203,204,205,206,207,208,222,223,224,225,226,227,228,229,243,244,245,246,247,248,249,250,251,265,266,267,268,269,270,271,272,273,287,288,289,290,291,292,293,294,295,309,310,311,312,313,314,315,316,317
481,481,105
1,2,3,4,5,6,7,8,23,24,25,26,27,28,29,30,31,45,46,47,48,49,50,51,52,67,68,69,70,71,72,73,74,89,90,91,92,93,94,95,96,111,112,113,114,115,116,117,118,133,134,135,136,137,139,140,155,156,157,158,159,161,162,177,178,179,180,181,184,199,200,201,202,203,206,207,221,222,223,224,228,229,243,244,245,246,247,248,250,251,265,266,267,268,269,272,287,288,289,291,292,309,310,311,313
286,286,96
1,2,3,4,5,6,7,23,24,25,26,27,28,29,30,45,46,47,48,49,50,51,52,67,68,69,70,71,72,73,89,90,91,92,93,94,95,111,112,113,114,115,116,117,133,134,135,136,137,138,139,155,156,157,158,159,161,177,178,179,180,181,182,183,199,200,201,202,203,205,221,222,223,224,225,226,227,243,244,245,246,248,265,266,267,268,269,287,288,289,290,291,309,310,311,312
403,403,86
1,2,3,4,5,6,23,24,25,26,27,28,45,46,47,48,49,50,51,67,68,69,70,71,72,73,89,90,91,92,93,94,95,111,112,113,114,115,116,117,133,134,135,136,137,138,155,156,157,158,159,160,177,178,179,180,182,199,200,201,202,203,205,221,222,223,224,225,243,244,247,248,265,266,267,268,269,270,287,288,289,290,291,309,310,311
552,552,73
1,2,3,4,5,6,23,24,25,26,27,28,45,46,47,48,49,50,67,68,69,70,71,72,89,90,91,92,93,94,111,112,113,114,115,116,133,134,135,136,137,138,155,156,157,158,159,177,178,179,180,199,200,201,202,221,222,223,225,243,244,245,246,247,265,266,268,287,288,289,309,310,311
147,147,57
1,2,60,82,89,111,112,113,123,132,133,134,144,155,156,157,165,166,177,178,179,187,188,199,200,201,209,210,221,222,223,229,231,243,244,245,251,253,265,266,267,268,269,272,273,276,287,288,289,309,310,311,312,313,319,320,321
426,426,35
1,2,7,8,23,26,45,46,49,68,111,112,113,115,133,134,135,156,177,199,207,221,227,229,230,243,244,265,266,287,288,289,309,310,311
137,137,12
8,30,134,184,206,207,229,243,265,288,310,311
257,257,6
2,3,4,99,142,143
566,566,19
1,2,3,4,23,24,25,46,67,99,141,142,143,164,185,224,228,275,314
200,200,17
1,2,3,4,23,24,25,45,46,47,66,67,121,142,210,272,313
4,4,23
1,2,3,4,6,23,24,25,34,45,46,47,48,67,142,143,164,165,181,228,253,315,316
34,34,24
1,2,3,4,12,23,24,25,34,45,46,47,67,165,185,186,202,207,225,228,246,253,269,297
34,34,14
1,2,3,4,23,24,25,45,46,47,56,67,225,228
289,289,57
19,20,21,22,41,42,43,44,61,62,63,64,65,66,75,83,84,85,86,87,88,97,98,101,104,105,106,107,108,109,110,119,120,122,125,126,127,128,129,130,131,132,142,143,150,151,152,163,164,165,166,173,186,187,209,230,292
264,264,57
8,9,10,11,12,13,14,15,16,17,18,19,20,21,22,31,32,33,34,35,36,37,38,39,40,41,42,43,44,54,55,56,58,59,60,61,62,63,64,65,66,84,85,86,87,88,101,106,107,108,109,110,126,127,129,130,131
231,231,72
6,7,8,9,10,11,12,13,14,15,16,17,18,19,20,21,22,29,30,31,32,33,34,35,36,37,38,39,40,41,42,43,44,53,54,55,56,57,58,59,60,61,62,63,64,65,66,78,79,80,81,82,83,84,85,86,87,88,98,100,101,104,105,107,108,109,110,130,131,132,153,154
234,234,86
4,5,6,7,8,9,10,11,12,13,14,15,16,17,18,19,20,21,22,29,30,31,32,33,34,35,36,37,38,39,40,41,42,43,44,50,51,54,55,56,57,58,59,60,61,62,63,64,65,66,75,76,77,78,79,80,81,82,83,84,85,86,87,88,98,100,103,104,105,106,107,108,109,110,124,128,129,130,131,132,151,152,153,154,175,176
301,301,98
5,6,7,8,9,10,11,12,13,14,15,16,17,18,19,20,21,22,27,28,29,30,31,32,33,34,35,36,37,38,39,40,41,42,43,44,49,51,52,53,54,55,56,57,58,59,60,61,62,63,64,65,66,72,74,75,76,77,78,79,80,81,82,83,84,85,86,87,88,98,99,100,101,102,103,104,105,106,107,108,109,110,123,124,126,127,128,129,130,131,132,148,149,151,152,153,154,176
321,321,113
2,3,4,5,6,7,8,9,10,11,12,13,14,15,25,27,28,29,30,31,32,33,34,35,36,38,39,40,41,42,43,44,49,50,51,52,53,54,55,56,57,58,59,60,61,62,63,64,65,66,74,75,76,77,78,79,80,81,82,83,84,85,86,87,88,98,99,100,101,102,103,104,105,106,107,108,109,110,121,122,123,124,125,126,127,128,129,130,131,132,144,145,146,147,148,149,150,151,152,153,154,172,173,174,175,176,194,196,197,198,200,220,242
387,387,121
17,46,47,49,67,68,69,70,71,72,73,74,75,76,77,89,90,91,92,93,94,95,96,97,98,99,100,101,112,113,114,115,116,117,118,119,120,121,122,123,124,125,126,136,137,140,141,142,143,144,145,146,147,148,149,150,151,154,162,163,164,165,166,167,168,169,170,171,172,173,174,175,176,187,188,189,190,191,192,193,194,195,196,197,198,211,212,213,214,217,218,219,220,233,234,235,236,238,239,241,242,256,257,259,261,262,263,264,281,283,284,285,286,305,306,307,308,327,328,329,330
89,89,110
89,111,112,113,133,134,135,136,137,155,156,157,158,159,161,162,163,177,178,179,180,181,182,183,184,185,186,187,188,200,201,202,203,204,205,206,208,209,210,211,223,224,225,227,229,230,231,232,233,234,236,246,247,248,249,250,251,252,253,254,255,256,257,258,260,261,263,264,270,272,273,274,275,276,277,278,279,280,281,282,283,284,285,286,295,296,297,298,299,300,301,302,303,304,305,306,307,308,319,320,321,322,323,324,325,326,327,328,329,330
509,509,84
155,177,178,179,199,200,201,202,203,204,221,222,223,224,225,226,227,228,231,243,244,245,246,247,248,249,250,251,252,253,261,265,266,267,268,269,270,271,272,273,274,275,276,277,278,279,287,288,289,290,291,292,293,294,295,296,297,298,299,300,301,302,304,309,310,311,312,313,314,315,316,317,318,319,320,321,322,323,324,325,326,328,329,330
230,230,50
177,199,200,201,202,221,222,223,224,225,226,243,244,245,246,247,248,249,265,266,267,268,269,270,271,272,287,288,289,290,291,292,293,294,295,296,297,309,310,311,312,313,314,315,316,317,318,319,320,321
26,26,26
199,221,243,244,245,247,265,266,267,268,269,270,287,288,289,290,291,292,293,309,310,311,312,313,314,315
113,113,2
287,309
206,206,16
1,2,3,23,24,34,35,36,45,46,54,55,56,57,67,76
98,98,30
1,2,3,4,12,13,14,15,23,24,25,32,34,35,36,45,46,54,55,56,57,58,67,76,77,78,79,99,101,145
410,410,39
1,2,3,4,9,12,13,14,15,23,24,25,32,34,35,45,46,51,53,55,56,57,58,67,76,77,78,79,98,99,100,121,122,142,143,164,165,167,186
35,35,41
1,2,3,4,9,12,13,14,23,24,25,30,31,32,33,34,35,36,45,46,52,53,54,55,56,57,58,67,76,77,78,79,99,100,121,143,165,184,186,208,230
376,376,45
1,2,3,4,10,12,13,14,23,24,25,28,31,32,33,34,35,36,45,46,54,55,56,57,58,67,76,77,78,79,98,99,100,101,118,121,123,142,143,162,165,185,186,250,252
423,423,54
1,2,3,10,11,12,13,14,15,23,24,25,31,32,33,34,35,36,45,46,47,52,54,55,56,57,58,67,76,77,78,79,98,99,100,102,121,122,123,140,141,143,162,164,165,167,185,186,187,208,230,253,273,274
426,426,53
1,2,3,10,11,12,13,14,23,24,25,30,31,32,33,34,35,36,37,45,46,53,54,55,56,57,58,67,76,77,78,79,80,98,99,100,120,121,122,142,143,164,165,185,186,187,208,228,252,253,278,297,318
360,360,54
1,2,3,9,10,11,12,13,14,15,23,24,25,29,31,32,33,34,35,36,45,46,51,53,54,55,56,57,58,67,68,77,78,80,98,99,100,101,102,118,120,121,122,124,142,143,163,164,185,186,208,230,296,318
363,363,54
1,2,3,9,10,11,12,13,14,23,24,25,31,32,33,34,35,36,45,46,47,51,53,54,55,56,57,58,67,77,78,79,81,96,98,99,100,122,141,142,143,164,165,166,185,186,187,208,209,228,230,231,275,318
480,480,64
1,2,3,7,9,10,11,12,13,14,15,23,24,25,31,32,33,34,35,36,45,46,47,53,54,55,56,57,58,67,68,72,77,78,79,98,99,100,101,120,121,122,124,142,143,163,164,165,166,185,186,187,206,208,209,210,229,230,231,253,273,275,289,318
24,24,56
1,2,3,10,11,12,13,14,15,23,24,25,30,31,32,33,35,36,45,46,47,54,55,56,57,58,67,68,77,78,79,81,96,98,99,100,101,103,119,120,122,141,142,143,144,163,164,165,180,186,187,208,209,253,275,296
171,171,54
1,2,3,10,11,12,13,14,23,24,25,31,33,34,35,36,45,46,54,55,56,57,58,67,68,77,78,79,98,99,100,101,102,122,141,142,143,144,163,164,165,166,167,185,186,187,209,210,228,230,231,232,253,276
46,46,53
1,2,3,7,9,10,11,12,13,14,23,24,25,33,34,35,36,45,46,55,56,57,58,67,68,77,78,79,98,99,100,101,122,141,142,143,144,145,163,164,165,166,186,187,188,208,209,210,231,232,253,254,276
474,474,61
1,2,3,9,10,11,12,13,14,23,24,25,31,32,33,34,35,36,37,45,46,47,55,56,57,58,59,67,68,77,78,79,97,98,99,100,101,102,118,119,120,122,141,142,143,163,164,165,185,186,187,188,208,209,229,231,232,254,276,298,320
561,561,56
1,2,3,9,10,11,12,13,14,15,23,24,25,34,35,36,37,45,46,47,55,56,57,58,67,77,78,79,81,98,99,100,101,102,119,120,122,141,142,143,163,164,165,186,187,188,208,209,210,231,232,254,291,296,319,321
482,482,77
1,2,3,8,10,11,12,13,14,15,16,23,24,25,33,34,35,36,37,45,46,47,55,56,57,58,67,68,74,75,76,77,78,79,80,81,89,97,98,99,100,101,102,111,119,120,121,122,123,124,141,142,143,144,145,163,164,165,167,186,187,188,208,209,210,220,231,232,254,268,276,277,287,289,290,320,321
507,507,44
1,2,3,13,14,23,24,25,34,35,36,45,46,47,55,56,57,58,67,76,77,78,79,98,99,100,101,107,119,120,121,122,123,141,142,143,164,165,186,187,188,209,231,320
425,425,75
1,2,3,8,11,12,13,14,23,24,25,28,29,32,33,34,35,36,37,38,45,46,47,53,55,56,57,58,67,75,76,77,78,79,80,85,98,99,100,101,102,107,119,120,121,122,123,124,128,141,142,143,144,145,164,165,166,167,185,186,187,188,208,209,210,230,231,232,253,254,277,291,296,299,321
425,425,78
1,2,3,8,9,11,12,13,14,16,17,23,24,25,30,33,34,35,36,38,45,46,47,54,55,56,57,58,59,60,67,68,69,75,76,77,78,79,81,89,96,97,98,99,100,101,107,119,120,121,122,123,128,133,141,142,143,144,145,163,164,165,166,167,186,187,188,208,209,210,214,231,232,254,255,299,321,326
326,326,83
1,2,3,4,8,9,10,11,12,13,14,16,17,23,24,25,29,30,33,34,35,36,45,46,47,56,57,58,59,67,68,69,74,75,76,77,78,79,80,81,89,97,98,99,100,101,103,107,118,119,120,121,122,123,128,141,142,143,144,145,163,164,165,166,184,185,186,187,188,208,209,210,231,247,254,277,290,299,313,314,318,320,326
1,1,80
1,2,3,4,7,8,9,11,12,13,14,18,23,24,25,34,35,36,45,46,47,54,55,56,57,58,67,68,69,76,77,78,79,80,81,85,89,97,98,99,100,101,107,119,120,121,122,123,124,128,133,141,142,143,144,145,148,164,165,166,167,186,187,188,208,209,210,214,231,232,233,252,255,267,277,299,311,321,322,326
80,80,56
1,2,3,11,12,13,14,18,23,24,25,35,36,38,45,46,47,55,57,67,68,75,76,77,78,80,81,97,98,99,100,101,103,119,120,121,122,123,141,142,143,144,145,164,165,166,167,186,187,188,207,208,209,210,232,322
214,214,65
1,2,3,4,7,8,9,12,13,14,17,18,23,24,25,33,34,35,36,45,46,47,55,56,57,58,67,68,74,76,77,78,79,80,81,89,97,98,99,100,101,119,120,121,122,123,128,141,142,143,144,163,164,165,166,187,188,209,210,225,231,232,289,299,322
514,514,38
1,2,3,13,14,23,24,25,36,37,45,46,47,56,57,67,68,77,85,98,99,100,101,119,120,121,122,123,142,143,144,163,164,165,166,186,187,188
206,206,74
1,2,3,4,11,12,13,14,15,16,17,18,23,24,25,33,34,35,36,37,38,45,46,47,55,56,57,59,67,68,69,75,77,78,79,81,84,85,89,97,98,99,100,101,111,118,119,120,121,122,123,128,141,142,143,144,162,163,164,165,166,185,186,187,188,210,259,269,278,289,291,300,322,326
390,390,70
1,2,3,4,11,12,13,14,23,24,25,33,34,35,36,37,45,46,47,54,55,56,57,58,59,64,67,68,69,76,77,78,79,80,84,85,89,96,97,98,99,100,101,120,121,122,123,127,128,142,143,144,149,162,165,166,167,185,187,188,189,209,211,254,256,270,282,300,323,326
226,226,48
1,2,3,13,14,23,24,25,32,35,36,39,45,46,47,54,55,57,59,67,68,77,78,79,80,85,89,97,98,99,100,101,118,119,120,121,122,123,128,142,143,144,145,165,167,175,189,269
226,226,53
1,2,3,4,12,13,14,23,24,25,32,35,36,45,46,47,53,54,57,58,64,67,68,69,76,77,78,80,85,89,97,98,99,100,101,120,121,122,123,127,128,142,143,144,145,149,164,165,166,167,298,323,324
233,233,47
1,2,3,14,15,23,24,25,35,36,40,45,46,52,53,54,55,57,58,60,64,67,68,76,77,78,80,89,98,99,100,101,107,120,121,122,123,128,143,144,145,165,166,167,269,315,324
1,1,76
1,2,3,4,12,13,14,15,16,18,19,23,24,25,30,35,36,37,39,40,45,46,47,51,52,53,55,59,61,62,63,64,67,68,69,73,74,75,76,77,78,79,80,82,89,96,97,98,99,100,101,105,118,120,121,122,123,127,128,133,142,143,144,145,149,165,166,167,168,169,229,261,301,323,324,327
61,61,59
1,2,3,13,14,19,23,24,25,32,34,35,36,40,45,46,47,52,53,60,62,67,68,73,74,75,76,77,78,79,80,85,89,97,98,99,100,101,118,120,121,122,123,126,127,142,143,144,145,149,166,167,168,229,269,301,314,323,324
167,167,62
1,2,3,4,13,14,18,19,23,24,25,30,31,33,34,36,39,40,41,45,46,47,52,53,55,56,61,62,67,68,69,74,75,76,77,78,79,82,84,89,96,97,98,99,100,101,120,121,122,123,126,127,142,144,145,149,167,168,301,324,326,327
102,102,75
1,2,3,4,7,13,14,18,19,23,24,25,30,31,32,33,36,39,40,45,46,47,51,52,53,54,56,57,58,60,61,62,67,68,73,74,75,76,77,78,79,80,82,84,89,90,97,98,99,100,101,102,103,117,120,121,122,123,126,127,128,142,144,145,146,149,167,169,301,302,323,324,325,326,327
165,165,81
1,2,3,7,8,12,13,14,16,17,18,19,20,23,24,25,29,30,31,36,37,38,39,40,41,45,46,47,51,52,54,55,57,58,60,61,62,63,67,68,73,74,75,76,77,78,79,82,83,89,90,97,98,99,100,101,103,106,119,120,121,122,123,124,126,142,143,144,167,208,229,247,272,293,294,301,302,305,325,326,327
357,357,69
1,2,3,7,8,13,14,15,18,20,23,24,25,31,32,36,39,40,41,45,46,47,51,52,53,56,57,60,61,62,67,68,69,73,75,76,77,78,79,80,82,83,84,85,89,97,98,99,100,101,105,111,119,120,121,122,123,127,144,145,166,167,229,302,312,325,326,327,328
275,275,59
1,2,3,13,14,15,16,18,20,23,24,25,29,31,32,36,37,39,40,41,45,46,50,51,53,54,60,61,62,63,67,68,69,73,75,76,77,78,79,80,82,83,84,89,97,98,99,100,101,103,119,121,122,123,177,280,302,326,327
284,284,56
1,2,3,14,16,17,18,19,23,24,25,29,32,37,38,39,40,41,45,46,51,53,54,57,61,62,67,68,73,74,75,76,77,78,82,83,84,89,97,98,99,100,101,102,103,111,119,121,122,123,124,229,324,326,327,328
361,361,77
1,2,3,7,8,13,14,15,16,18,23,24,25,28,29,30,32,37,38,39,40,41,45,46,50,51,52,53,54,57,59,60,61,62,63,67,68,72,73,74,75,76,77,78,79,80,82,83,84,89,97,98,99,100,101,102,103,104,105,112,119,121,122,123,124,127,145,208,280,281,303,304,306,326,327,328,329
165,165,85
1,2,3,7,8,12,13,15,16,17,18,19,23,24,25,28,29,30,31,32,35,36,37,38,39,40,41,45,46,50,51,52,53,54,56,57,58,59,60,61,62,63,67,68,72,73,74,75,76,77,78,79,80,82,83,84,89,97,98,99,100,101,103,104,105,111,118,119,120,121,122,123,124,133,145,146,281,300,303,304,306,326,327,328,329
192,192,89
1,2,3,6,7,8,13,14,15,16,17,18,19,20,23,24,25,28,29,30,31,32,35,36,37,38,39,40,41,45,46,50,51,52,53,54,55,58,59,60,61,63,67,68,73,74,75,76,77,78,79,80,81,82,83,84,89,90,96,97,98,99,100,101,102,103,104,105,106,111,121,122,123,124,126,127,145,146,280,281,303,304,305,306,326,327,328,329,330
128,128,91
1,2,3,6,7,8,13,14,15,16,17,18,23,24,25,28,29,30,31,32,35,36,37,38,39,40,41,45,46,50,51,52,53,54,55,57,58,59,60,61,62,63,67,68,69,73,74,75,76,77,78,79,80,81,82,83,84,89,94,97,98,99,100,101,102,103,104,105,106,111,112,119,122,123,124,126,127,133,134,145,146,148,156,281,303,304,305,306,327,328,329
337,337,32
1,2,3,13,23,24,32,37,45,46,52,53,54,56,58,59,67,68,75,76,79,80,89,99,100,101,102,104,111,123,281,327
384,384,26
22,44,65,66,87,88,109,110,131,132,153,154,175,176,197,198,219,220,241,242,263,264,285,286,308,330
298,298,61
39,83,84,105,106,127,128,129,148,149,150,151,170,171,172,173,192,193,194,195,196,197,214,215,216,217,218,236,237,238,239,240,241,258,259,260,261,262,263,264,280,281,282,283,284,285,286,302,303,304,305,306,307,308,324,325,326,327,328,329,330
73,73,87
13,14,35,36,57,58,59,78,79,80,81,94,100,101,102,103,122,123,124,125,144,145,146,147,148,165,166,167,168,169,170,187,188,189,190,191,192,193,194,209,210,211,212,213,214,215,231,232,233,234,235,236,237,238,253,254,255,256,257,258,259,261,262,275,276,277,278,279,280,281,296,297,298,299,300,301,302,303,319,320,321,322,323,324,325,326,327
436,436,106
9,10,11,12,31,32,33,52,53,54,55,74,75,76,77,78,96,97,98,99,117,118,119,120,121,122,139,140,141,142,143,144,161,162,163,164,165,166,182,183,184,185,186,187,188,189,204,205,206,207,208,209,210,211,212,213,226,227,228,229,230,231,232,233,235,248,249,250,251,252,253,254,255,270,271,272,273,274,275,276,277,278,279,291,292,293,294,295,296,297,298,299,300,302,303,313,314,315,316,317,318,319,320,321,322,323
242,242,112
5,6,7,28,29,48,49,50,51,69,70,71,72,73,91,92,93,94,95,96,97,113,114,115,116,117,118,135,136,137,138,139,140,141,156,157,158,159,160,161,162,163,178,179,180,181,182,183,184,185,186,199,200,201,202,203,204,205,206,207,221,222,223,224,225,226,227,228,229,230,243,244,245,246,247,248,249,250,251,252,265,266,267,268,269,270,271,272,273,274,287,288,289,290,291,292,293,294,295,296,297,309,310,311,312,313,314,315,316,317,318,319
220,220,101
1,2,3,4,5,23,24,25,26,45,46,47,48,50,67,68,69,70,71,89,90,91,92,93,111,112,113,114,115,116,133,134,135,136,137,138,139,140,155,156,157,158,159,160,161,162,177,178,179,180,181,182,183,184,185,199,200,201,202,203,204,205,221,222,223,224,225,226,227,243,244,245,246,247,248,249,250,265,266,267,268,269,270,271,272,287,288,289,290,291,292,293,294,309,310,311,312,313,314,315,316
279,279,90
1,2,3,4,5,6,23,24,25,26,27,45,46,47,48,49,50,67,68,69,70,71,89,90,91,92,93,94,111,112,113,114,115,116,133,134,135,136,137,138,155,156,157,158,159,160,177,178,179,180,181,182,199,200,201,202,203,204,221,222,223,224,225,226,243,244,245,246,247,248,265,266,267,268,269,270,271,287,288,289,290,291,292,293,309,310,311,312,313,314
384,384,78
1,2,3,4,5,23,24,25,26,27,41,45,46,47,48,50,67,68,69,70,71,89,90,91,92,93,111,112,113,114,115,133,134,135,136,137,155,156,157,158,159,177,178,179,180,181,199,200,201,202,203,204,221,222,223,224,225,243,244,245,246,247,248,265,266,267,268,269,287,288,289,290,291,309,310,311,312,313
348,348,65
1,2,3,4,5,23,24,25,26,45,46,47,48,67,68,69,70,71,89,90,91,92,93,111,112,113,114,133,134,135,136,155,156,157,158,177,178,179,180,181,182,199,200,201,202,203,221,222,223,224,243,244,245,246,265,266,267,268,287,288,289,290,309,310,311
123,123,52
1,2,23,24,25,46,68,90,91,113,133,135,155,161,177,178,184,199,200,202,206,207,221,222,225,228,229,230,243,244,250,251,252,253,254,265,266,269,271,272,273,274,275,276,287,289,291,295,296,311,318,319
309,309,31
1,24,45,46,67,89,91,112,113,133,134,135,136,158,177,178,180,181,199,200,201,203,222,223,243,244,265,266,267,287,288
221,221,17
70,91,92,111,112,113,133,136,155,177,180,181,203,222,243,244,265
497,497,8
203,273,275,306,307,321,322,330
176,176,1
322
91,91,1
258
147,147,3
1,45,322
246,246,1
283
519,519,11
22,44,151,195,283,307,308,320,321,323,326
248,248,34
11,20,21,39,42,43,63,65,66,86,87,160,203,215,216,217,228,240,243,248,254,255,256,257,258,265,271,272,298,299,321,322,324,328
50,50,52
5,10,11,12,13,14,15,16,17,18,19,20,21,22,33,37,38,39,40,41,42,43,44,59,60,61,62,63,64,65,66,82,85,86,87,88,106,107,108,109,110,127,128,129,130,132,150,151,152,154,172,176
256,256,72
6,8,9,10,11,12,13,14,15,16,17,18,19,20,21,22,29,30,31,32,33,34,35,36,37,38,39,40,41,42,43,44,56,58,59,60,61,62,63,64,65,66,81,82,83,84,85,86,87,88,104,106,107,108,109,110,126,129,130,131,132,149,150,151,152,153,154,171,174,175,195,198
375,375,86
3,4,5,6,7,8,9,10,11,12,13,14,15,16,17,18,19,20,21,22,27,28,29,30,31,32,33,34,35,36,37,38,39,40,41,42,43,44,52,53,54,55,56,57,58,59,60,61,62,63,64,65,66,78,79,80,81,82,83,84,85,86,87,88,103,104,105,106,107,108,109,110,126,128,129,130,131,132,149,150,151,152,153,154,171,266
328,328,98
4,5,6,7,8,9,10,11,12,13,14,15,16,17,18,19,20,21,22,26,27,28,29,30,31,32,33,34,35,36,37,38,39,40,41,42,43,44,51,52,53,54,55,56,57,58,59,60,61,62,63,64,65,66,74,75,76,77,78,79,80,81,82,83,84,85,86,87,88,101,102,103,104,105,106,107,108,109,110,124,125,126,127,128,129,130,131,132,149,150,151,152,153,154,173,176,197,198
323,323,112
1,2,3,4,5,6,7,8,9,25,26,27,28,29,30,31,32,33,34,35,36,37,38,39,48,49,50,51,52,53,54,55,56,57,58,59,60,61,62,63,64,65,66,73,74,75,76,77,78,79,80,81,82,83,84,85,86,87,88,94,99,100,101,102,103,104,105,106,107,108,109,110,120,121,122,123,124,125,126,127,128,129,130,131,132,146,147,148,149,150,151,152,153,154,169,170,171,172,173,174,175,176,194,195,196,197,198,218,219,220,241,242
379,379,119
43,45,46,48,70,71,72,91,92,93,95,96,99,114,115,116,117,118,119,120,122,123,124,126,137,138,140,141,142,143,144,145,146,147,148,149,150,151,152,161,163,164,165,166,167,168,169,170,171,172,173,174,175,176,183,184,186,187,188,189,190,191,192,193,194,195,196,197,198,209,211,212,213,214,215,216,217,218,219,220,233,234,235,236,237,238,239,240,241,242,255,256,257,258,259,260,261,262,263,264,279,280,281,282,283,284,285,286,302,303,304,305,306,307,308,327,328,329,330
315,315,107
117,134,135,136,138,155,156,157,159,160,161,162,178,179,180,182,183,184,185,186,187,188,201,202,203,204,205,206,207,208,209,210,211,212,213,223,224,225,228,229,230,231,232,233,234,235,236,237,238,239,246,247,250,251,252,253,254,255,256,257,258,259,260,261,262,263,264,274,275,276,277,278,279,280,281,282,283,284,285,286,295,296,297,298,299,300,301,302,303,304,305,306,307,308,318,319,320,321,322,323,324,325,326,327,328,329,330
239,239,84
21,155,177,178,179,199,200,201,202,203,221,222,223,224,225,226,227,243,244,245,246,247,248,249,250,251,252,265,266,267,268,269,270,271,272,273,274,275,276,277,278,279,280,281,287,288,289,290,291,292,293,294,295,296,297,298,299,300,301,302,303,304,309,310,311,312,313,314,315,316,317,318,319,320,321,322,323,324,325,326,327,328,329,330
327,327,53
177,199,200,201,202,221,222,223,224,225,243,244,245,246,247,248,249,265,266,267,268,269,270,271,272,273,274,287,288,289,290,291,292,293,294,295,296,297,298,309,310,311,312,313,314,315,316,317,318,319,320,321,322
141,141,28
199,221,225,243,244,245,246,265,266,267,268,269,270,287,288,289,290,291,292,293,295,309,310,311,312,313,314,315
130,130,3
288,309,310
213,213,10
1,2,7,23,24,45,46,67,68,89
450,450,24
1,2,3,6,7,8,10,23,24,29,31,34,45,46,47,50,55,67,68,75,89,96,98,133
19,19,31
1,2,3,6,7,8,9,23,24,25,28,29,30,32,33,34,45,46,47,50,53,54,55,67,68,75,76,89,98,111,133
403,403,42
1,2,3,4,6,7,9,10,15,19,23,24,25,26,28,30,31,32,33,34,45,46,47,50,54,55,67,68,72,73,75,76,77,89,90,93,98,111,119,133,134,178
376,376,46
1,2,3,4,6,7,8,9,10,15,16,19,23,24,25,28,29,31,32,33,34,45,46,47,50,54,55,67,68,72,73,75,76,89,90,93,98,111,112,119,120,133,204,205,243,251
79,79,41
1,2,3,4,5,6,7,8,9,10,13,14,23,24,25,28,31,32,45,46,47,51,52,54,55,67,68,72,73,75,89,90,96,98,111,112,119,120,133,243,250
282,282,52
1,2,3,4,5,6,7,8,9,10,13,16,23,24,25,26,28,29,31,32,44,45,46,47,49,50,51,52,53,54,55,67,68,69,72,73,74,75,76,82,89,96,98,111,112,119,141,221,227,235,250,251
55,55,45
1,2,3,4,5,6,7,8,9,10,13,17,19,20,23,24,25,26,27,28,30,37,45,46,47,49,52,53,54,67,68,72,75,81,89,90,96,98,111,112,116,119,133,156,221
537,537,46
1,2,3,4,5,6,7,8,9,13,16,17,23,24,25,27,28,30,31,45,46,47,49,51,53,54,67,68,70,71,72,74,75,89,90,94,96,97,98,111,112,116,133,250,288,299
345,345,58
1,2,3,4,5,6,7,8,9,10,17,19,23,24,25,27,28,29,30,31,39,45,46,47,49,50,51,52,53,67,68,70,71,72,74,75,89,90,94,96,97,98,106,111,112,116,117,120,159,163,185,221,228,250,265,288,304,309
49,49,50
1,2,3,5,6,7,8,9,10,13,17,23,24,25,27,29,30,31,39,45,46,47,49,51,53,67,68,71,72,73,74,75,82,89,90,94,96,111,112,116,117,119,120,133,140,208,221,228,257,265
174,174,58
1,2,3,5,6,7,8,10,11,13,17,23,24,25,26,27,29,30,31,39,45,46,47,49,51,52,53,67,68,71,72,73,74,75,81,89,90,93,94,96,97,111,112,116,117,118,133,140,141,157,159,162,163,185,208,221,288,300
64,64,58
1,2,3,5,6,7,8,9,10,12,13,17,20,23,24,25,26,29,31,39,45,46,47,49,50,51,52,53,67,68,70,72,73,74,81,89,90,92,93,94,95,96,97,111,112,115,116,119,133,140,162,163,185,208,228,288,310,321
328,328,65
1,2,3,5,6,7,8,9,10,11,12,17,18,21,23,24,25,26,27,28,29,30,38,39,45,46,47,49,50,51,52,53,60,67,68,72,73,74,81,82,89,90,93,94,95,96,107,111,112,116,117,119,133,140,159,162,163,185,208,228,250,273,288,310,321
425,425,67
1,2,3,5,6,7,8,9,10,17,23,24,25,26,27,28,29,38,39,45,46,47,48,49,50,51,52,59,60,67,68,69,70,72,73,74,75,81,82,89,90,92,93,94,95,96,111,112,116,117,118,119,133,139,140,141,159,162,185,204,228,251,273,288,296,313,324
241,241,71
1,2,3,4,5,6,7,8,9,10,11,13,16,17,18,21,23,24,25,26,27,28,29,37,38,39,45,46,47,48,49,50,51,52,59,60,65,67,68,72,73,74,80,81,82,89,90,93,94,95,96,104,111,112,115,116,117,118,119,133,140,159,182,208,221,228,251,257,274,301,323
490,490,75
1,2,3,4,5,6,7,8,9,10,11,13,17,18,19,21,22,23,24,26,27,28,29,38,39,41,43,45,46,47,48,49,50,51,59,60,61,62,66,67,68,70,71,72,73,82,88,89,90,94,95,96,97,103,111,112,115,116,117,118,133,139,140,141,156,158,185,204,205,208,227,228,251,311,323
203,203,41
1,2,3,4,5,6,7,8,17,18,21,23,24,27,28,38,39,44,45,46,47,48,49,50,51,66,67,68,71,72,82,89,94,95,111,112,115,116,117,133,228
464,464,79
1,2,3,5,6,7,8,9,10,11,14,16,17,18,21,23,24,26,27,28,29,30,38,39,40,41,45,46,47,48,49,50,51,59,60,62,66,67,68,69,70,71,72,73,74,81,82,89,90,92,93,94,95,111,112,114,115,116,117,133,137,138,139,140,156,159,163,175,185,216,217,227,228,229,236,237,251,273,320
507,507,51
1,2,3,5,6,7,8,9,10,11,12,17,18,19,21,23,24,26,27,28,30,38,45,46,47,48,49,50,60,67,68,69,70,71,72,73,81,89,92,93,94,111,115,116,126,133,139,195,204,228,251
207,207,80
1,2,3,4,5,6,7,8,9,10,13,16,17,18,19,20,21,22,23,24,25,26,27,28,30,31,38,39,40,42,44,45,46,47,48,49,59,60,65,66,67,68,69,70,71,72,80,81,88,89,90,92,93,95,102,103,104,111,115,116,117,133,136,137,139,156,159,162,175,183,195,204,205,208,227,228,251,254,323,326
233,233,66
1,2,3,4,5,6,7,8,9,10,11,12,13,17,18,21,23,24,25,27,28,38,39,44,45,46,47,48,49,50,60,66,67,68,69,70,71,72,80,81,89,90,92,93,94,95,102,103,111,112,115,116,117,133,137,139,159,160,183,204,208,227,228,237,251,279
351,351,72
1,2,3,4,5,6,7,8,9,10,11,16,17,18,19,21,22,23,24,25,26,27,28,29,30,31,38,39,42,44,45,46,47,48,49,59,60,67,68,69,70,71,72,80,81,89,90,92,93,101,103,111,115,116,123,124,125,133,138,139,160,175,182,205,227,228,242,250,251,279,323,326
213,213,70
1,2,3,4,5,6,7,8,9,10,11,16,17,18,20,21,22,23,24,25,26,27,28,29,30,38,39,42,44,45,46,47,49,59,60,66,67,68,69,70,71,72,80,81,88,89,90,92,93,101,103,111,115,116,117,136,139,160,162,175,204,205,216,217,227,228,250,251,323,324
493,493,73
1,2,3,5,6,7,8,9,10,11,13,16,17,18,20,21,22,23,24,25,27,28,29,30,31,37,38,39,40,42,44,45,46,47,49,50,59,60,66,67,68,69,70,81,82,89,90,92,102,103,111,115,116,133,137,138,154,160,175,183,204,205,216,217,227,228,251,281,303,307,313,324,326
438,438,56
1,2,3,4,5,6,7,8,9,11,17,18,19,21,22,23,24,25,28,30,33,38,39,42,44,45,46,47,48,49,50,60,65,66,67,68,69,70,81,82,89,90,92,93,111,115,116,133,137,139,195,204,205,221,228,318
211,211,69
1,2,3,4,5,6,7,8,9,10,16,17,18,19,20,21,22,23,24,25,26,27,28,29,38,39,42,43,44,45,46,47,48,49,50,60,67,68,69,70,82,89,90,92,93,103,111,114,115,116,123,125,133,136,137,138,175,182,204,205,221,227,228,229,251,281,305,319,326
430,430,65
1,2,3,4,6,7,8,9,11,17,18,20,21,23,24,27,28,29,32,33,36,38,39,40,43,44,45,46,47,48,50,60,65,67,68,69,70,71,81,82,86,87,89,90,92,93,103,111,114,115,116,124,125,133,134,137,138,175,182,221,228,251,281,283,303
359,359,62
1,2,3,6,7,8,9,16,17,18,19,20,21,23,24,25,27,28,30,31,33,38,39,43,44,45,46,47,48,49,60,61,64,65,67,68,69,70,71,82,87,89,90,92,93,103,111,114,115,124,137,138,175,182,204,205,227,251,281,304,319,326
517,517,40
1,2,3,6,7,8,9,16,17,18,20,21,22,23,24,25,28,30,38,39,43,44,45,46,59,60,67,68,69,70,89,90,92,93,111,159,175,182,228,281
199,199,69
1,2,3,6,7,8,9,10,16,17,18,19,20,21,22,23,24,25,26,27,28,29,30,31,38,39,43,44,45,46,47,49,51,60,61,64,67,68,69,70,82,87,89,90,92,93,103,111,113,114,116,124,136,138,145,146,153,159,175,181,182,193,204,205,227,228,251,304,328
496,496,72
1,2,3,4,6,7,8,9,16,17,18,20,21,22,23,24,26,27,28,29,30,37,38,39,42,43,44,45,46,47,49,59,60,61,67,68,69,70,71,81,82,86,87,89,90,92,93,103,111,115,123,144,145,146,175,181,182,196,204,205,221,228,250,251,274,275,297,304,306,325,326,328
351,351,73
1,2,3,4,6,7,8,9,10,16,17,18,19,20,21,22,23,24,26,27,28,29,37,38,39,42,43,44,45,46,47,59,60,61,64,65,67,68,69,70,71,82,85,89,90,92,103,111,113,115,124,125,136,137,144,145,159,181,182,205,221,227,228,251,281,284,303,304,319,320,324,326,329
182,182,88
1,2,3,6,7,8,9,13,14,15,16,17,18,19,20,21,22,23,24,26,27,28,29,30,37,38,39,41,42,43,44,45,46,47,50,51,59,60,61,63,64,65,66,67,68,69,70,71,82,85,89,90,91,93,103,107,111,113,115,123,124,125,133,136,138,145,146,159,175,181,182,196,205,228,251,276,281,282,284,297,301,304,305,320,324,325,326,328
173,173,86
1,2,3,4,5,6,7,8,9,15,16,17,18,19,20,21,22,23,24,25,26,27,28,29,36,37,38,39,41,42,43,44,45,46,47,50,51,58,59,60,61,64,65,66,67,68,69,70,79,82,85,87,89,90,91,93,103,107,111,113,115,124,125,133,135,136,138,145,159,181,182,221,227,251,275,282,283,298,304,305,306,320,324,326,327,329
191,191,76
1,2,3,5,6,7,8,9,15,16,17,18,19,20,21,22,23,24,26,27,28,29,30,31,37,38,39,40,42,43,44,45,46,47,50,51,59,60,61,63,64,65,66,67,68,82,85,87,89,90,91,93,103,107,109,111,113,115,124,125,133,135,137,145,158,181,205,221,227,273,303,304,319,320,324,325
180,180,85
1,2,3,5,6,7,8,9,15,16,17,18,19,20,21,22,23,24,26,27,28,29,30,31,37,38,39,40,42,43,44,45,46,47,48,49,50,51,59,60,61,63,64,65,66,67,68,73,81,82,86,87,89,90,91,93,103,107,109,111,113,124,125,133,136,137,147,158,159,166,183,221,276,283,284,285,304,306,307,320,321,324,326,328,329
184,184,94
1,2,3,4,5,6,7,8,9,10,13,14,15,16,17,18,19,20,21,22,23,24,26,27,28,29,30,31,36,37,38,39,40,41,42,43,44,45,46,47,48,49,50,51,59,60,61,64,65,66,67,68,71,72,81,82,85,87,89,90,103,107,111,113,124,125,133,135,136,137,147,166,167,181,183,204,205,221,275,283,285,297,304,305,306,307,311,320,321,324,325,326,328,329
121,121,87
1,2,3,4,5,6,7,8,9,10,15,16,17,18,19,20,21,22,23,24,26,27,28,29,30,34,37,38,39,40,41,42,43,44,45,46,47,48,49,50,59,60,61,63,64,65,66,67,68,72,73,81,82,85,86,87,88,89,90,93,103,107,111,112,123,124,125,135,136,137,158,181,204,236,252,275,276,283,285,297,306,319,320,321,325,326,329
137,137,90
1,2,3,4,5,6,7,8,9,10,12,13,15,16,17,18,19,20,21,22,23,24,26,27,28,29,30,31,36,37,38,39,40,41,42,43,44,45,46,47,48,49,50,51,59,60,61,63,64,65,67,68,72,73,81,82,85,86,87,89,100,103,109,112,122,124,135,137,158,167,204,221,222,250,275,283,284,285,299,305,306,307,320,321,323,325,326,327,328,329
129,129,89
1,2,3,4,5,6,7,8,9,13,14,15,16,17,18,19,20,21,22,23,24,26,27,28,29,30,31,34,36,37,38,39,40,41,42,43,44,45,46,48,49,50,51,52,59,60,61,63,64,65,67,68,71,73,81,82,85,86,89,103,107,108,109,111,112,122,124,130,133,135,137,167,181,228,252,261,276,282,285,299,306,307,320,321,322,323,325,326,327
491,491,41
1,2,3,4,5,6,7,8,9,14,15,16,17,23,24,27,28,29,30,31,37,38,39,45,46,48,49,59,60,67,68,71,72,81,82,89,90,103,321,322,326
276,276,29
22,44,65,66,87,88,109,110,131,132,153,154,175,176,197,198,219,220,241,242,262,263,264,285,286,307,308,329,330
11,11,63
61,62,84,105,106,107,127,128,129,149,150,151,170,171,172,173,174,175,192,193,194,195,196,214,215,216,217,218,219,236,237,238,239,240,241,258,259,260,261,262,263,264,280,281,282,283,284,285,286,302,303,304,305,306,307,308,324,325,326,327,328,329,330
421,421,90
12,13,14,34,35,36,56,57,58,78,79,80,100,101,102,103,104,122,123,124,144,145,146,147,148,149,165,166,167,168,169,170,171,187,188,189,190,191,192,209,210,211,212,213,214,215,231,232,233,234,235,236,237,238,253,254,255,256,257,258,259,260,274,275,276,277,278,279,280,281,282,296,297,298,299,300,301,302,303,318,319,320,321,322,323,324,325,326,327,328
436,436,109
8,9,10,30,31,32,33,52,53,54,55,73,74,75,76,77,96,97,98,99,100,117,118,119,120,121,138,139,140,141,142,143,144,160,161,162,163,164,165,166,167,182,183,184,185,186,187,188,189,191,204,205,206,207,208,209,210,226,227,228,229,230,231,232,233,234,247,248,249,250,251,252,253,254,255,256,257,269,270,271,272,273,274,275,276,277,278,291,292,293,294,295,296,297,298,299,300,301,313,314,315,316,317,318,319,320,321,322,323
563,563,112
5,6,26,27,28,29,30,48,49,50,51,69,70,71,72,73,91,92,93,94,95,96,113,114,115,116,117,118,119,134,135,136,137,138,139,140,141,156,157,158,159,160,161,162,163,178,179,180,181,182,183,184,185,186,199,200,201,202,203,204,205,206,207,208,221,222,223,224,225,226,227,228,229,230,231,243,244,245,246,247,248,249,250,251,252,265,266,267,268,269,270,271,272,287,288,289,290,291,292,293,294,295,309,310,311,312,313,314,315,316,317,318
553,553,102
1,2,3,4,5,23,24,25,26,45,46,47,48,60,67,68,69,70,71,89,90,91,92,93,94,95,111,112,113,114,115,116,117,118,133,134,135,136,137,138,139,140,155,156,157,158,159,160,161,162,177,178,179,180,181,182,183,199,200,201,202,203,204,205,206,221,222,223,224,225,226,227,228,243,244,245,246,247,248,249,265,266,267,268,269,270,271,287,288,289,290,291,292,293,309,310,311,312,313,314,315,316
380,380,93
1,2,3,4,6,22,23,24,25,26,28,45,46,47,48,49,50,51,67,68,69,70,71,89,90,91,92,93,94,111,112,113,114,115,116,133,134,135,136,137,138,155,156,157,158,159,160,161,177,178,179,180,181,182,183,199,200,201,202,203,204,205,206,221,222,223,224,225,243,244,245,246,247,248,265,266,267,268,270,271,287,288,289,290,291,292,309,310,311,312,313,314,315
218,218,84
1,2,3,4,5,6,23,24,25,26,27,45,46,47,48,49,67,68,69,70,71,89,90,91,92,93,94,95,111,112,113,114,115,116,133,134,135,136,137,138,139,155,156,157,158,160,177,178,179,180,181,182,199,200,201,202,204,205,221,222,223,224,243,244,245,246,247,265,266,267,268,269,287,288,289,290,291,292,309,310,311,312,313,314
354,354,71
1,2,3,4,5,6,23,24,25,26,27,45,46,47,48,49,67,68,69,70,71,89,90,91,92,95,111,112,113,114,115,116,133,134,135,136,137,138,155,156,157,158,160,177,178,179,180,181,199,200,201,202,221,222,223,224,243,244,245,246,247,265,266,267,268,287,288,289,309,310,311
476,476,56
1,2,3,4,5,23,24,25,26,45,46,47,48,49,67,68,69,71,72,89,90,91,92,95,111,112,114,133,134,138,155,156,178,179,181,201,202,203,221,223,224,225,239,243,244,245,246,247,248,265,266,268,271,287,288,309
422,422,27
1,5,23,45,48,69,90,112,133,134,135,155,156,157,177,178,199,200,201,222,223,244,265,287,288,309,310
106,106,13
4,5,132,175,178,219,242,247,271,272,293,294,295
76,76,2
2,29
205,205,8
1,2,3,4,21,23,24,46
147,147,9
1,2,3,4,23,24,25,46,67
423,423,12
1,2,3,4,15,23,24,25,27,45,46,67
423,423,12
1,2,3,4,23,24,25,26,27,45,46,67
87,87,3
1,4,45
365,365,21
132,140,152,153,154,168,170,171,198,236,237,238,259,260,261,262,263,281,282,285,286
318,318,40
7,8,12,13,14,15,16,17,18,19,20,21,22,27,34,35,36,37,38,42,43,44,55,56,57,58,59,66,78,79,80,81,82,101,102,103,104,127,170,198
493,493,64
5,6,7,10,11,12,13,14,15,16,17,18,19,20,21,22,27,28,33,34,35,36,37,38,39,40,41,42,43,44,56,57,58,59,60,62,63,64,65,66,80,81,82,83,84,85,86,87,88,103,104,106,107,109,110,125,127,128,129,131,132,149,150,172
352,352,83
4,5,6,7,8,9,10,11,12,13,14,15,16,17,18,19,20,21,22,27,30,31,33,34,35,36,37,38,39,40,41,42,43,44,52,54,55,56,57,58,59,60,61,62,63,64,65,66,78,79,80,81,82,83,84,85,86,87,88,101,102,103,104,105,106,107,108,109,110,124,126,127,128,129,130,131,132,149,150,151,152,153,154
388,388,97
2,3,4,5,8,9,10,11,12,13,14,15,16,17,18,19,20,21,22,27,28,29,30,31,32,33,34,35,36,37,38,39,40,41,42,43,44,49,52,54,55,56,57,58,59,60,61,62,63,64,65,66,74,76,77,78,79,80,81,82,83,84,85,86,87,88,100,101,102,103,104,105,106,107,108,109,110,125,126,127,128,129,130,131,132,149,150,151,152,153,154,172,173,174,175,176,198
322,322,112
2,3,4,5,7,8,26,27,28,29,30,31,32,33,34,35,36,37,38,39,50,51,52,53,54,55,56,57,58,59,60,61,62,63,64,65,66,74,75,76,77,78,79,80,81,82,83,84,85,86,87,88,96,97,98,99,100,101,102,103,104,105,106,107,108,109,110,121,123,124,125,126,127,128,129,130,131,132,144,145,146,147,148,149,150,151,152,153,154,167,168,169,170,171,172,173,174,175,176,193,194,195,196,197,198,216,218,219,220,241,242,287
306,306,116
68,69,70,71,92,93,95,97,98,99,114,115,116,118,119,120,121,122,123,124,138,139,140,141,142,143,144,145,146,147,148,149,150,151,152,160,161,162,163,165,166,167,168,169,170,171,172,173,174,175,176,184,185,186,187,188,189,190,191,192,193,194,195,196,197,198,207,208,209,210,211,212,213,214,215,216,217,218,219,220,231,232,233,234,235,236,237,238,239,240,241,242,257,258,259,260,261,262,263,264,280,281,283,284,285,286,303,304,305,306,307,308,327,328,329,330
331,331,106
112,134,136,137,155,156,157,158,159,160,161,162,163,179,181,182,183,184,185,186,187,189,202,204,205,206,207,208,209,210,211,212,213,214,224,226,227,228,229,230,231,232,233,234,235,236,237,238,249,250,251,252,253,254,255,256,257,258,259,260,261,262,263,264,271,272,274,275,276,277,278,279,280,281,282,283,284,285,286,295,296,297,298,299,300,301,302,303,304,305,306,307,308,318,319,320,321,322,323,324,325,326,327,328,329,330
364,364,80
156,177,178,179,180,199,200,201,202,203,221,222,223,224,225,226,227,228,243,244,245,246,247,248,249,250,251,252,253,254,265,266,267,268,269,270,271,272,273,274,275,276,277,278,287,288,289,290,291,292,293,294,295,296,297,298,299,300,301,302,303,309,310,311,312,313,314,315,316,317,318,319,320,321,322,323,324,325,326,327
352,352,49
199,201,221,222,223,224,225,226,243,244,245,246,247,248,249,265,266,267,268,269,270,271,272,273,274,287,288,289,290,291,292,293,294,295,296,297,309,310,311,312,313,314,315,316,317,318,319,320,321
108,108,23
199,243,244,245,265,266,267,268,269,287,288,289,290,291,292,293,309,310,311,312,313,314,315
33,33,10
1,2,3,4,7,8,23,24,60,239
569,569,38
1,2,3,4,5,6,7,8,16,17,19,23,24,25,26,27,28,29,35,38,39,41,42,45,46,49,60,61,62,64,67,82,83,85,106,264,283,286
10,10,42
1,2,3,4,5,6,7,8,9,10,16,17,18,23,24,25,26,27,28,29,35,38,39,40,41,45,46,49,50,53,60,61,64,67,70,81,82,103,105,106,286,308
562,562,51
1,2,3,4,5,6,7,8,9,10,16,17,23,24,25,26,27,28,29,30,31,32,38,39,40,41,45,46,49,50,59,60,61,62,63,64,67,70,82,83,84,86,105,108,259,263,281,283,284,285,286
279,279,67
1,2,3,4,5,6,7,8,9,10,12,14,16,17,18,19,23,24,25,26,27,28,29,30,35,37,38,39,40,41,45,46,48,49,50,57,60,61,62,63,67,70,82,83,84,85,86,89,103,104,105,107,108,127,133,146,217,259,262,281,282,283,284,285,286,326,330
575,575,64
1,2,3,4,5,6,7,8,9,15,16,17,18,22,23,24,25,26,27,28,29,30,35,38,39,40,41,45,46,49,50,51,60,61,62,63,67,68,71,72,82,83,84,85,89,95,104,105,107,124,125,127,262,282,283,284,285,286,304,305,306,308,326,330
63,63,63
1,2,3,4,5,6,7,8,9,10,14,15,16,17,18,23,24,25,26,27,28,29,30,31,32,35,37,38,39,40,41,45,46,49,50,51,60,61,62,63,67,70,71,72,82,83,86,89,104,106,107,125,127,264,267,282,283,284,285,304,307,308,330
95,95,62
1,2,3,4,5,6,7,8,9,16,17,18,23,24,25,26,27,28,29,30,31,35,38,39,40,41,45,46,47,48,49,50,51,61,67,68,70,71,72,81,82,83,85,89,104,105,106,107,108,126,127,282,283,284,285,286,305,306,307,308,328,330
182,182,76
1,2,3,4,5,6,7,8,9,11,15,16,17,18,23,24,25,26,27,28,29,30,31,32,33,35,38,39,40,41,45,46,47,48,49,50,51,60,61,62,63,67,68,70,71,72,73,82,83,84,85,89,93,94,104,105,106,108,111,126,127,128,130,152,199,283,284,285,286,305,306,308,321,328,329,330
504,504,77
1,2,3,4,5,6,7,8,9,10,11,15,16,17,18,23,24,25,26,27,28,29,30,31,32,36,38,39,40,45,46,47,48,49,50,51,57,60,61,62,67,68,70,71,72,73,82,83,84,85,89,93,94,95,96,104,105,106,111,126,127,128,173,180,283,284,285,286,300,305,306,307,308,327,328,329,330
47,47,69
1,2,3,4,5,6,7,8,9,10,11,16,17,18,23,24,25,26,27,28,29,30,32,37,38,39,40,45,46,47,48,49,50,52,53,54,58,61,62,67,68,70,71,72,73,74,82,83,84,85,89,92,93,94,104,105,106,126,127,128,172,282,283,285,306,308,327,328,329
182,182,78
1,2,3,4,5,6,7,8,9,10,11,13,15,16,17,18,23,24,25,26,27,28,29,30,31,32,33,38,39,40,45,46,47,48,49,50,51,52,60,61,62,67,68,70,71,72,73,82,83,84,85,89,92,93,94,104,105,106,111,126,127,128,148,149,150,172,272,283,284,285,286,303,308,319,321,328,329,330
82,82,71
1,2,3,4,5,6,7,8,9,10,11,14,16,17,18,23,24,25,26,27,28,29,30,31,38,39,40,41,45,46,47,48,49,50,51,52,53,61,62,67,68,70,71,72,73,74,83,84,89,92,93,94,104,105,107,116,126,127,129,148,149,157,286,295,306,307,308,327,328,329,330
367,367,86
1,2,3,4,5,6,7,8,9,10,11,15,16,17,18,23,24,25,26,27,28,29,30,31,32,33,36,38,39,40,44,45,46,47,48,49,50,51,52,53,54,58,60,61,67,68,70,71,72,73,74,83,84,85,89,92,93,94,95,104,105,106,107,111,116,126,127,128,129,149,150,153,170,171,172,174,198,272,286,297,306,307,308,323,328,329
48,48,88
1,2,3,4,5,6,7,8,9,10,11,13,14,15,16,17,18,22,23,24,25,26,27,28,29,30,31,32,38,39,40,44,45,46,47,48,49,50,51,52,53,54,60,61,62,67,68,70,71,72,73,74,81,82,83,84,89,92,93,94,95,104,105,106,111,116,127,128,129,149,150,153,157,170,171,172,174,195,197,198,272,295,306,307,308,328,329,330
92,92,77
1,2,3,4,5,6,7,8,9,10,13,16,17,18,23,24,25,26,27,28,29,30,31,32,38,39,40,45,46,47,48,49,50,51,52,53,54,60,61,62,67,68,70,71,72,73,74,75,83,84,89,92,93,94,95,104,105,106,107,111,115,118,126,127,128,149,150,171,172,191,297,306,307,308,323,329,330
212,212,98
1,2,3,4,5,6,7,8,9,11,14,16,17,18,22,23,24,25,26,27,28,29,30,31,32,33,38,39,40,45,46,47,48,49,50,51,52,53,54,60,61,62,67,68,70,71,72,73,74,75,76,83,84,89,92,93,94,95,96,99,104,105,106,107,111,115,116,118,127,128,139,149,150,151,157,171,173,174,175,192,193,194,195,196,198,222,236,243,266,283,295,308,319,321,322,323,327,330
483,483,85
1,2,3,4,5,6,7,8,9,10,11,16,17,18,22,23,24,25,26,27,28,29,30,31,32,38,39,45,46,47,48,49,50,51,52,53,54,60,61,62,67,68,69,70,71,72,73,74,75,76,83,84,89,92,93,94,95,96,97,104,105,106,107,111,115,116,118,127,128,149,150,171,172,174,175,193,194,195,283,295,307,308,322,326,329
307,307,102
1,2,3,4,5,6,7,8,9,10,11,14,15,16,17,18,22,23,24,25,26,27,28,29,30,31,32,33,36,38,39,40,44,45,46,47,48,49,50,51,52,53,54,58,60,61,62,66,67,68,69,70,71,72,73,74,76,82,83,84,89,92,93,94,95,96,97,104,105,106,107,111,115,118,119,127,128,129,149,150,151,152,171,172,174,175,193,194,196,197,198,219,266,289,295,307,308,318,319,323,329,330
520,520,97
1,2,3,4,5,6,7,8,9,10,11,16,17,18,22,23,24,25,26,27,28,29,30,31,32,38,39,40,44,45,46,47,48,49,50,51,52,53,54,60,61,66,67,68,69,70,71,72,73,74,75,76,81,82,83,84,89,92,93,94,95,96,97,105,106,107,111,115,118,127,128,129,145,149,150,151,152,171,172,174,192,193,194,195,216,218,231,242,288,295,308,319,326,327,328,329,330
513,513,95
1,2,3,4,5,6,7,8,9,10,15,16,17,22,23,24,25,26,27,28,29,30,31,32,38,39,44,45,46,47,48,49,50,51,52,53,54,60,61,62,66,67,68,69,70,71,72,73,74,75,83,84,89,92,93,94,95,96,97,105,106,111,115,116,119,127,128,129,150,151,152,172,173,174,193,194,195,196,197,217,218,242,244,266,289,295,299,306,307,308,319,320,321,329,330
455,455,76
1,2,3,4,5,6,7,8,9,16,17,23,24,25,26,27,28,29,30,31,32,38,39,44,45,46,47,48,49,50,51,52,53,54,60,61,67,68,70,71,72,73,75,76,82,83,84,89,92,93,94,95,96,97,105,106,111,115,116,119,127,128,150,152,172,173,174,194,215,218,220,242,306,319,329,330
191,191,102
1,2,3,4,5,6,7,8,9,10,11,15,16,17,18,22,23,24,25,26,27,28,29,30,31,32,33,38,39,44,45,46,47,48,49,50,51,52,53,54,60,61,62,67,68,70,71,72,73,74,75,76,82,83,84,89,92,93,94,95,96,97,104,105,106,107,111,115,116,118,119,127,128,129,140,150,151,152,172,173,174,175,194,195,196,198,215,217,218,219,240,242,266,290,295,298,306,308,319,326,329,330
241,241,85
1,2,3,4,5,6,7,8,9,10,16,17,18,23,24,25,26,27,28,29,30,31,32,36,38,39,43,45,46,47,48,49,50,51,52,53,54,55,60,61,67,68,70,71,72,73,74,75,76,82,83,84,89,92,93,94,95,96,97,105,106,111,116,118,127,128,150,151,152,172,173,174,194,195,197,200,217,218,220,295,306,308,319,321,327
135,135,95
1,2,3,4,5,6,7,8,9,10,11,15,16,17,18,23,24,25,26,27,28,29,30,31,32,33,38,39,40,45,46,47,48,49,50,51,52,53,54,60,61,67,68,70,71,72,73,74,75,76,82,83,84,89,90,93,94,95,96,97,104,105,106,111,118,127,128,129,135,149,150,151,152,172,173,174,195,196,200,216,217,218,220,222,242,244,245,259,266,272,295,319,320,321,330
428,428,89
1,2,3,4,5,6,7,8,9,10,11,16,17,23,24,25,26,27,28,29,30,31,32,38,39,40,44,45,46,47,48,49,50,51,52,53,54,60,61,62,67,68,70,71,72,73,74,75,76,82,83,84,89,93,94,95,96,97,98,105,106,118,120,127,128,142,150,151,172,173,174,188,195,196,197,200,217,218,220,239,240,242,244,267,272,295,319,320,322
424,424,95
1,2,3,4,5,6,7,8,9,10,11,16,17,18,23,24,25,26,27,28,29,30,31,32,33,38,39,40,45,46,47,48,49,50,51,52,53,54,60,61,62,67,68,69,70,71,72,73,74,75,82,83,84,89,90,93,94,95,96,97,98,105,106,111,115,116,118,119,127,128,150,151,172,173,174,195,196,197,198,200,217,218,219,220,221,234,240,241,242,243,244,319,320,321,330
258,258,74
1,2,3,4,5,6,7,8,9,10,16,17,18,23,24,25,26,27,28,29,30,31,32,33,38,39,45,46,47,48,49,50,51,52,53,54,55,60,61,67,68,71,72,73,74,83,89,95,96,106,111,115,118,128,150,173,174,195,196,197,217,218,219,220,240,241,242,243,257,266,279,319,320,321
390,390,99
1,2,3,4,5,6,7,8,9,10,11,16,17,18,23,24,25,26,27,28,29,30,31,32,33,38,39,44,45,46,47,48,49,50,51,52,53,54,55,60,61,67,68,69,70,71,72,73,74,75,76,83,89,94,95,96,97,105,106,111,117,118,119,120,128,142,150,151,152,172,173,174,195,196,197,198,199,217,218,219,220,239,240,241,242,243,244,262,263,266,267,279,296,298,310,319,320,321,322
191,191,90
1,2,3,4,5,6,7,8,9,10,11,15,16,17,18,23,24,25,26,27,28,29,30,31,32,33,38,39,45,46,47,48,49,50,51,52,53,54,60,61,62,67,68,69,71,72,73,74,75,76,82,83,89,94,96,97,98,105,106,111,118,119,120,128,142,143,150,151,172,173,174,195,196,197,217,218,219,220,239,240,241,242,244,262,263,266,279,312,319,320
375,375,90
1,2,3,4,5,6,7,8,9,10,11,16,17,23,24,25,26,27,28,29,30,31,32,33,38,39,40,45,46,47,48,49,50,51,52,53,54,55,60,61,62,67,68,71,72,73,74,75,76,77,83,84,89,94,95,96,97,98,105,106,111,118,119,120,121,128,143,150,151,172,173,174,195,196,198,217,218,219,220,239,240,241,255,262,263,266,296,319,320,321
140,140,92
1,2,3,4,5,6,7,8,9,11,16,17,23,24,25,26,27,28,29,30,31,32,33,38,39,45,46,47,48,49,50,51,52,53,54,55,60,61,62,67,68,69,70,71,72,73,74,75,76,77,83,89,90,93,95,96,97,98,105,106,111,117,118,119,120,128,133,142,143,150,151,173,174,181,195,196,197,218,219,220,223,239,240,241,242,257,262,263,296,319,320,322
166,166,93
1,2,3,4,5,6,7,8,9,10,11,15,16,17,23,24,25,26,27,28,30,31,32,33,38,39,45,46,47,48,49,50,51,52,53,54,55,60,61,62,67,68,69,71,72,73,74,75,76,82,83,84,89,94,95,96,97,98,106,116,117,119,120,121,128,139,150,151,172,173,174,195,196,197,218,219,220,240,241,242,244,246,261,262,263,264,283,284,296,301,319,320,323
418,418,67
1,2,3,4,5,6,7,8,10,15,16,23,24,25,26,27,28,29,30,31,32,33,38,45,46,47,48,49,50,51,53,54,55,60,61,67,71,72,73,74,75,76,83,89,90,94,95,97,106,121,128,150,151,173,174,195,196,197,218,219,220,240,241,242,263,264,320
209,209,90
1,2,3,4,5,6,7,8,9,10,16,17,23,24,25,26,27,28,29,30,31,32,33,37,38,39,45,46,47,48,49,50,51,52,53,54,55,60,61,62,67,68,69,71,72,73,74,75,76,77,83,89,90,94,95,96,97,98,99,106,111,116,119,120,121,128,136,142,151,173,178,196,197,218,219,220,223,230,241,242,263,264,273,296,297,303,304,312,320,330
448,448,89
1,2,3,4,5,6,7,8,9,10,11,15,16,17,23,24,25,26,27,28,29,30,31,32,33,38,39,40,45,46,47,48,49,50,51,52,53,54,55,60,61,67,68,69,71,72,73,74,75,76,77,83,84,89,94,95,97,98,99,105,106,111,117,119,120,128,136,142,143,150,173,174,178,195,196,197,218,219,220,223,242,248,263,264,269,286,303,304,320
287,287,97
1,2,3,4,5,6,7,8,9,10,11,15,16,17,21,23,24,25,26,27,28,29,30,31,32,33,37,38,39,40,45,46,47,48,49,50,51,52,53,54,55,60,61,62,67,68,69,71,72,73,74,75,76,77,82,83,84,89,90,94,95,96,97,98,99,105,106,111,116,119,120,121,128,136,142,143,150,151,173,195,196,197,201,218,219,220,222,241,242,263,264,285,286,303,305,308,320
267,267,80
1,2,3,4,5,6,7,8,9,10,11,15,16,17,23,24,25,26,27,28,29,30,31,32,33,38,39,45,46,47,48,49,50,51,52,53,54,55,60,61,62,67,71,72,73,74,75,76,83,84,89,90,94,95,96,98,106,111,115,117,119,120,121,128,143,150,151,173,196,218,219,220,223,241,242,245,264,286,306,321
38,38,47
1,2,3,4,5,6,7,8,9,10,16,23,24,25,26,27,28,29,30,31,32,45,46,47,49,50,51,52,53,54,67,71,72,73,74,75,76,83,89,94,95,96,98,196,219,220,242
276,276,69
1,2,3,4,5,6,7,8,9,10,15,16,17,23,24,25,26,27,28,29,30,31,32,38,39,45,46,47,49,50,51,52,53,54,55,60,61,67,69,71,72,73,74,75,76,77,83,84,89,94,95,96,98,105,106,119,128,159,173,196,205,218,219,220,242,264,286,308,321
128,128,100
1,2,3,4,5,6,7,8,9,10,15,16,17,23,24,25,26,27,28,29,30,31,32,33,38,39,45,46,47,48,49,50,51,52,53,54,55,56,60,61,67,68,69,70,72,73,74,75,76,77,83,84,89,90,94,95,96,97,98,99,100,105,106,117,118,119,120,121,127,128,142,143,144,150,151,156,159,165,166,173,175,182,192,196,197,218,219,220,241,242,268,269,286,297,308,321,326,327,329,330
224,224,94
1,2,3,4,5,6,7,8,9,10,15,16,17,18,23,24,25,26,27,28,29,30,31,32,33,37,38,39,45,46,47,49,50,51,52,53,54,55,60,61,62,67,68,71,72,73,74,75,76,77,83,84,89,94,95,96,97,98,99,105,106,117,118,119,120,121,122,128,143,150,151,166,173,174,182,189,196,205,218,219,220,241,242,268,297,299,307,308,320,321,327,328,329,330
132,132,43
1,2,3,4,5,6,7,8,10,23,24,25,26,27,28,29,30,31,45,46,47,49,50,51,52,53,54,67,68,72,73,74,75,76,77,83,85,89,94,95,96,119,166
227,227,28
20,21,43,44,65,66,87,88,109,110,132,153,154,175,176,198,219,220,241,242,263,264,285,286,307,308,329,330
229,229,65
39,61,82,83,84,105,106,126,127,128,148,149,150,151,170,171,172,173,192,193,194,195,196,213,214,215,216,217,218,236,237,238,239,240,241,257,258,259,260,261,262,263,264,280,281,282,283,284,285,286,301,302,303,304,305,306,307,308,324,325,326,327,328,329,330
245,245,90
13,14,35,36,56,57,58,78,79,80,100,101,102,103,121,122,123,124,125,126,143,144,145,146,147,148,165,166,167,168,169,170,187,188,189,190,191,192,193,209,210,211,212,213,214,215,231,232,233,234,235,236,237,238,253,254,255,256,257,258,259,260,261,274,275,276,277,278,279,280,281,282,296,297,298,299,300,301,302,303,304,305,318,319,320,321,322,323,324,325
88,88,110
8,9,10,30,31,32,52,53,54,55,56,73,74,75,76,77,95,96,97,98,99,100,101,117,118,119,120,121,122,123,139,140,141,142,143,144,145,161,162,163,164,165,166,167,168,169,183,184,185,186,187,189,190,204,205,206,207,208,209,210,211,212,213,226,227,228,229,230,231,232,233,234,248,249,250,251,252,253,254,256,270,271,272,273,274,275,276,277,278,291,292,293,294,295,296,297,298,299,300,301,313,314,315,316,317,318,319,320,321,322
428,428,115
4,5,6,7,26,27,28,29,30,48,49,50,51,52,54,70,71,72,73,74,91,92,93,94,95,96,113,114,115,116,117,118,119,120,135,136,137,138,139,140,141,142,157,158,159,160,161,162,163,164,178,179,180,181,182,183,184,185,200,201,202,203,204,205,206,207,208,222,223,224,225,226,227,228,230,243,244,245,246,247,248,249,250,251,252,265,266,267,268,269,270,271,272,273,274,287,288,289,290,291,292,293,294,295,296,309,310,311,312,313,314,315,316,317,318
392,392,104
1,2,3,4,23,24,25,26,27,28,45,46,47,48,49,50,51,52,67,68,69,70,71,72,73,74,89,90,91,92,93,94,95,96,111,112,113,114,115,116,117,118,133,134,135,136,137,138,140,155,156,157,158,159,160,162,177,178,179,180,181,182,183,199,200,201,202,203,204,205,221,222,223,224,226,227,243,244,245,246,247,248,249,265,266,267,268,269,270,271,287,288,289,290,291,292,293,309,310,311,312,313,314,315
465,465,94
1,2,3,4,6,7,23,24,25,26,27,28,29,45,46,47,48,49,50,51,67,68,69,70,71,72,73,89,90,91,92,93,94,111,112,113,114,115,116,133,134,135,136,137,138,155,156,157,158,159,160,169,177,178,179,180,181,182,199,200,201,202,203,204,221,222,223,224,225,226,243,244,245,246,247,265,266,267,268,269,270,287,288,289,290,291,292,293,309,310,311,312,313,314
218,218,78
1,2,3,4,5,6,23,24,25,26,27,28,46,47,49,50,67,68,69,70,71,72,89,90,91,92,93,111,112,113,114,115,133,134,135,136,137,138,155,156,157,158,159,160,177,178,179,180,181,199,200,201,202,203,221,222,223,224,225,243,244,245,246,247,265,266,267,268,269,287,288,289,290,291,309,310,311,313
500,500,62
1,2,3,4,5,23,24,25,26,27,45,46,47,48,49,67,68,69,70,71,89,90,91,92,111,112,113,114,115,133,134,135,136,137,155,156,157,158,159,177,178,179,180,181,199,200,201,203,221,222,223,243,244,245,246,265,266,267,287,288,309,310
492,492,30
1,2,7,8,11,23,28,33,34,45,56,57,67,80,81,90,111,112,118,133,134,138,155,160,265,287,288,309,310,311
502,502,16
115,133,137,155,160,177,181,182,183,204,205,227,248,270,292,311
204,204,5
7,14,38,47,83
67,67,16
2,3,4,7,23,25,29,30,45,47,52,70,83,89,99,219
178,178,31
1,2,3,4,7,8,14,15,23,24,25,29,30,38,45,46,47,51,52,60,67,69,74,82,83,89,96,97,105,118,120
50,50,38
1,2,3,4,6,7,8,9,14,15,23,24,25,26,29,30,31,38,45,46,47,51,52,67,69,74,75,76,83,89,96,97,98,105,119,120,121,297
304,304,34
1,2,3,4,6,7,8,9,15,23,24,25,26,28,29,30,45,46,47,51,52,60,67,68,69,73,74,75,89,90,96,97,119,142
101,101,41
1,2,3,4,5,6,7,8,9,23,24,25,26,28,29,30,31,32,45,46,47,48,51,52,53,60,67,68,69,74,75,89,90,96,97,98,119,120,121,142,188
503,503,30
1,2,3,4,6,7,8,9,23,24,25,26,28,29,30,45,46,47,48,51,52,53,67,69,70,89,90,96,119,142
104,104,3
205,227,271
317,317,23
12,13,14,15,16,17,18,19,20,21,22,33,34,36,37,42,43,44,59,63,64,66,109
241,241,56
9,10,11,12,13,14,15,16,17,18,19,20,21,22,33,34,35,36,37,38,39,40,41,42,43,44,56,57,58,59,60,61,62,63,64,65,66,78,79,80,81,82,84,85,86,87,88,102,103,104,107,108,109,110,128,132
111,111,83
4,5,6,7,8,9,10,11,12,13,14,15,16,17,18,19,20,21,22,30,31,32,33,34,35,36,37,38,39,40,41,42,43,44,54,55,56,57,58,59,60,61,62,63,64,65,66,78,79,80,81,82,83,84,85,86,87,88,100,101,102,103,104,105,106,107,108,109,110,125,126,127,128,129,130,131,132,150,151,152,153,154,174
368,368,96
4,6,7,8,9,10,11,12,13,14,15,16,17,18,19,20,21,22,29,30,31,32,33,34,35,36,37,38,39,40,41,42,43,44,52,53,54,55,56,57,58,59,60,61,62,63,64,65,66,76,77,78,79,80,81,82,83,84,85,86,87,88,100,101,102,103,104,105,106,107,108,109,110,124,125,126,127,128,129,130,131,132,146,147,148,149,150,151,152,153,154,172,173,174,176,197
514,514,111
1,2,4,5,6,7,8,9,10,11,12,27,28,29,30,31,32,33,34,35,36,37,38,39,51,52,53,54,55,56,57,58,59,60,61,62,63,64,65,74,75,76,77,78,79,80,81,82,83,84,85,86,87,88,97,98,99,100,101,102,103,104,105,106,107,108,109,110,122,123,124,125,126,127,128,129,130,131,132,144,145,146,147,148,149,150,151,152,153,154,168,169,170,171,172,173,174,175,176,192,193,194,195,196,197,198,217,218,219,220,265
295,295,118
47,50,51,71,72,73,74,75,77,95,96,97,98,99,100,101,102,103,118,119,120,121,122,123,124,125,126,127,141,142,143,144,145,146,147,148,149,150,151,163,164,165,166,167,168,169,170,171,172,173,174,175,176,184,186,187,188,189,190,191,192,193,194,195,196,197,198,209,210,211,212,213,214,215,216,217,218,219,220,231,232,233,234,235,236,237,238,239,240,241,242,255,256,257,258,259,260,261,262,263,264,278,280,281,282,283,284,285,286,302,304,305,306,307,308,328,329,330
322,322,108
89,90,111,112,113,133,134,135,136,155,157,158,159,160,161,162,163,164,165,177,180,181,182,183,184,185,186,187,188,189,201,205,206,207,208,209,210,211,212,213,214,229,230,231,232,233,234,235,236,237,238,239,250,252,253,254,255,256,257,258,259,260,261,262,263,264,273,274,275,276,277,278,279,280,281,282,283,284,285,286,295,296,297,298,299,300,301,302,303,304,305,306,307,308,317,318,319,320,321,322,323,324,325,326,327,328,329,330
526,526,82
155,177,178,179,199,200,201,202,203,204,221,222,223,224,225,226,227,228,243,244,245,246,247,248,249,250,251,252,253,254,255,265,266,267,268,269,270,271,272,273,274,275,276,277,278,287,288,289,290,291,292,293,294,295,296,297,298,299,300,301,302,303,309,310,311,312,313,314,315,316,317,318,319,320,321,322,323,324,325,326,327,328
108,108,51
157,179,199,200,201,221,222,223,224,225,243,244,245,246,247,248,249,250,265,266,267,268,269,270,271,272,287,288,289,290,291,292,293,294,295,296,298,309,310,311,312,313,314,315,316,317,318,319,320,321,322
219,219,25
221,222,223,243,244,245,246,265,266,267,268,287,288,289,290,291,294,309,310,311,312,313,314,315,316
218,218,1
310
530,530,18
1,2,3,4,5,8,9,10,13,24,25,31,32,33,46,54,55,76
269,269,46
1,2,3,4,5,8,9,10,11,12,13,14,23,24,25,30,31,32,33,34,35,45,46,47,53,54,55,56,58,75,76,77,78,79,98,99,100,106,120,124,143,144,152,166,174,220
52,52,53
1,2,3,4,7,8,9,10,11,12,13,14,23,24,25,27,30,31,32,33,34,36,45,46,47,53,54,55,56,67,75,76,77,78,79,80,89,98,99,100,102,120,121,122,123,124,143,144,166,167,174,220,244
416,416,62
1,2,3,4,7,8,9,10,11,12,13,23,24,25,26,29,30,31,32,33,34,35,36,39,45,46,52,53,54,55,56,57,58,67,74,75,76,77,78,79,80,89,98,99,100,101,102,120,121,122,123,124,144,145,152,166,167,174,189,197,198,220
161,161,56
1,2,3,4,7,8,9,10,11,12,13,23,24,25,29,31,32,33,34,35,36,45,46,47,52,53,54,55,56,57,58,75,76,77,78,79,89,98,99,100,102,123,124,143,144,145,146,147,152,166,174,175,186,197,198,278
561,561,65
1,2,3,4,5,8,9,10,11,12,13,23,24,25,29,31,32,33,34,35,37,39,45,46,52,53,54,55,56,57,61,67,68,75,76,77,78,79,80,84,89,98,99,100,101,102,107,120,121,123,124,129,144,146,147,151,152,174,189,192,197,198,212,220,278
373,373,80
1,2,3,4,8,9,10,11,12,13,14,23,24,25,30,31,32,33,34,35,36,45,46,54,55,56,57,58,62,67,68,69,75,76,77,78,79,81,84,89,98,99,100,101,102,107,120,121,122,123,124,129,142,144,145,146,147,151,152,167,168,169,170,174,175,189,190,191,192,198,209,212,213,215,232,255,261,278,279,302
571,571,49
1,2,3,4,8,9,10,11,12,13,24,31,32,33,34,35,45,46,53,54,55,56,57,67,68,75,76,77,78,79,89,92,100,101,102,107,120,121,122,123,129,144,152,167,168,189,192,279,302
545,545,59
1,2,3,4,8,9,10,11,12,13,23,24,25,31,32,33,34,45,46,53,54,55,56,57,67,68,75,76,77,78,79,84,89,98,99,100,101,102,107,121,122,123,129,141,144,146,147,151,152,167,168,175,198,261,279,302,303,304,305
496,496,74
1,2,3,4,9,10,11,12,13,14,23,24,25,30,31,32,33,34,36,40,45,46,53,54,55,56,57,59,67,68,75,76,77,78,79,81,84,89,98,99,100,101,102,106,107,120,121,122,123,124,129,130,144,145,146,147,151,152,167,168,169,175,190,191,197,198,214,236,256,278,302,303,304,305
71,71,74
1,2,3,4,7,8,9,10,11,12,13,23,24,25,32,33,34,36,45,46,53,54,55,56,57,62,67,76,77,78,79,80,84,87,89,98,99,100,101,102,106,107,120,121,122,123,124,125,129,130,143,144,145,146,147,152,167,168,169,170,175,190,191,192,197,198,214,233,237,256,261,303,304,305
288,288,39
1,2,3,4,9,10,11,12,23,24,32,33,34,45,46,53,54,55,56,62,67,76,77,79,89,100,101,106,107,122,123,124,146,168,169,190,214,305,327
10,10,78
1,2,3,9,10,11,12,13,16,17,23,24,25,32,33,34,35,45,46,47,53,54,55,56,57,62,67,76,77,78,79,80,84,85,89,98,99,100,101,102,103,106,107,121,122,123,124,125,130,143,145,146,147,148,151,152,167,168,169,170,171,174,175,189,190,192,193,198,211,233,236,257,280,303,304,305,327,328
470,470,77
1,2,3,9,10,11,12,13,16,17,23,24,25,31,32,33,34,35,37,40,45,46,47,53,54,55,56,57,59,62,67,68,77,78,79,80,85,89,100,101,102,107,110,122,123,124,125,129,130,145,146,147,152,168,169,170,174,175,176,189,190,191,192,193,198,213,214,216,233,260,261,280,282,283,303,304,305
221,221,85
1,2,3,9,10,11,12,13,15,17,23,24,25,31,32,33,34,35,36,37,45,46,47,53,54,55,56,57,58,62,67,68,77,78,79,80,81,84,89,98,99,100,101,102,103,107,120,121,122,123,124,125,130,144,145,147,148,152,167,168,169,170,175,176,189,190,191,192,198,211,214,215,216,236,238,257,260,279,280,282,283,303,304,305,327
160,160,86
1,2,3,9,10,11,12,13,14,15,23,24,25,31,32,33,34,35,36,38,41,43,45,46,47,53,54,55,56,57,58,59,62,63,67,68,76,77,78,79,80,89,99,100,101,102,103,106,107,121,122,123,124,125,130,145,146,147,148,168,169,170,175,191,192,193,213,214,215,216,236,239,257,261,262,280,282,284,294,305,307,308,313,328,329,330
160,160,85
1,2,3,9,10,11,12,13,14,15,16,17,23,24,25,31,32,33,34,35,37,45,46,47,49,53,54,55,56,57,58,62,67,76,78,79,80,84,85,89,99,100,101,102,103,106,107,108,121,122,123,124,125,129,130,145,146,147,152,167,168,170,175,191,192,193,198,214,215,216,234,236,237,238,239,258,260,281,284,291,304,307,313,329,330
439,439,95
1,2,3,7,9,10,11,12,13,14,15,16,23,24,25,31,32,33,34,35,36,37,45,46,47,53,54,55,56,57,58,59,61,62,63,67,76,77,78,79,80,81,84,85,89,99,100,101,102,103,107,121,122,124,125,126,129,130,143,145,146,147,148,152,153,167,168,169,170,171,175,176,189,191,192,193,197,198,213,214,215,216,236,238,258,259,260,281,282,291,304,306,307,314,329
451,451,88
1,2,3,9,10,11,12,13,14,15,23,24,25,31,32,33,34,35,37,39,42,45,46,47,53,54,55,56,57,58,59,62,63,67,76,77,78,79,80,81,82,85,89,99,101,102,103,107,122,123,124,125,126,128,129,130,144,145,147,148,152,153,168,169,170,171,175,191,192,193,197,198,212,214,216,235,236,238,239,258,259,260,282,291,305,306,307,314
206,206,96
1,2,3,9,10,11,12,13,14,15,17,20,22,23,24,25,31,32,33,34,35,36,37,38,39,40,41,42,45,46,47,54,55,56,57,58,59,62,63,67,77,78,79,80,81,85,89,99,100,101,102,103,107,108,122,123,124,125,130,143,144,145,146,147,148,152,153,168,169,170,171,175,176,190,191,192,193,197,198,214,215,216,236,238,239,257,258,259,260,262,282,284,292,307,313,314
199,199,95
1,2,3,9,10,11,12,13,14,15,16,21,22,23,24,25,32,33,34,35,36,37,38,41,42,45,46,47,54,55,56,57,58,59,60,61,62,63,67,77,78,79,80,82,85,86,89,99,100,101,102,103,107,108,121,122,123,124,125,126,130,144,146,147,148,149,153,168,169,170,171,175,176,191,192,193,194,198,215,216,235,237,238,239,258,260,281,282,284,286,291,292,307,314,315
424,424,92
1,2,3,9,10,11,12,13,14,15,16,17,22,23,24,25,31,32,33,34,35,36,37,40,41,42,45,46,47,51,54,55,56,57,58,59,62,63,67,77,78,79,80,81,82,85,86,89,90,99,100,101,102,103,104,107,108,122,123,124,125,126,129,130,144,145,146,147,148,149,153,167,169,170,171,176,192,193,198,214,216,217,238,239,240,257,258,259,307,312,313,315
197,197,86
2,3,9,10,11,12,13,14,15,16,17,22,23,24,25,32,33,34,35,36,37,38,39,41,42,45,46,47,54,55,56,57,58,59,60,62,63,67,78,79,80,81,82,85,89,100,101,102,103,107,108,122,123,124,125,126,130,144,146,147,148,149,153,168,169,170,171,176,191,192,193,194,198,214,216,217,239,258,260,261,291,292,308,312,313,314
163,163,45
1,2,3,9,10,11,13,14,15,16,24,25,32,33,34,35,36,38,42,45,46,47,56,57,58,62,67,78,79,80,81,89,101,102,104,125,130,147,148,149,153,176,192,239,315
