504,547
320,320,50
20,22,42,57,61,65,72,73,79,83,85,86,95,96,100,101,105,111,113,117,118,119,120,121,122,123,139,140,141,142,143,144,145,157,163,165,166,188,192,193,209,210,215,227,230,231,232,248,253,270
54,54,66
15,17,39,41,59,60,61,62,63,64,65,66,80,81,82,83,84,85,86,87,93,105,106,107,108,118,125,127,129,130,149,151,152,153,154,170,173,174,175,176,192,193,196,197,198,212,215,217,218,219,220,239,240,242,260,261,262,263,264,284,286,306,307,328,329,330
213,213,62
17,18,19,37,38,39,40,41,42,59,60,61,62,63,64,66,80,81,82,83,84,85,86,97,105,106,107,108,126,127,130,137,149,152,153,154,170,174,175,176,193,196,197,198,215,217,218,219,239,240,241,260,261,262,263,264,284,286,307,308,329,330
207,207,68
19,40,41,42,59,62,63,64,65,66,71,72,81,82,83,84,85,86,88,95,96,105,106,107,108,115,126,127,129,130,132,137,149,151,152,153,173,174,175,176,192,193,196,197,198,215,217,218,219,220,239,240,241,242,260,261,262,263,264,284,285,286,306,307,308,328,329,330
365,365,62
18,19,40,41,42,59,62,63,64,65,76,81,82,83,84,85,86,88,94,95,96,105,106,107,108,110,116,127,130,132,137,149,152,153,174,175,176,192,193,196,197,198,215,217,218,219,220,239,240,242,261,262,264,284,285,286,306,307,308,328,329,330
285,285,42
40,41,62,63,64,66,84,85,86,88,94,105,106,107,108,116,130,152,153,174,175,176,196,197,198,215,217,218,219,239,240,242,260,261,262,284,285,286,306,307,329,330
317,317,8
64,86,152,174,198,218,240,262
551,551,17
31,32,183,205,226,229,265,280,287,288,292,293,294,295,296,309,323
280,280,41
11,31,32,50,51,52,162,181,182,183,204,205,207,226,227,228,232,248,250,265,270,271,272,273,281,287,288,290,291,292,293,294,295,309,310,313,314,315,316,317,324
560,560,42
4,5,6,15,23,113,115,116,117,125,135,147,156,157,169,177,191,199,221,243,247,251,252,259,266,267,268,269,270,271,274,288,289,290,291,292,296,310,311,312,313,318
45,45,89
13,30,52,155,156,177,192,210,211,213,214,215,222,229,230,232,235,236,237,238,244,249,250,251,252,253,254,256,257,258,259,260,265,266,267,268,269,270,271,272,273,274,275,276,279,280,281,282,287,288,289,290,291,292,293,294,295,296,297,299,300,301,302,303,304,305,306,309,310,311,312,313,314,315,316,317,318,319,320,321,322,323,324,325,326,327,328,329,330
89,89,104
52,192,198,208,211,212,213,214,215,216,218,219,220,230,231,233,234,235,236,237,238,239,240,241,242,245,246,251,252,253,254,255,256,257,258,259,260,261,262,263,264,266,267,268,271,272,273,274,275,276,277,278,279,280,281,282,283,284,285,286,287,288,289,290,291,292,293,294,295,296,297,298,299,300,301,302,303,304,305,306,307,308,309,310,311,312,313,314,315,316,317,318,319,320,321,322,323,324,325,326,327,328,329,330
338,338,115
147,170,176,191,192,193,195,196,197,198,210,211,212,213,214,215,216,217,218,219,220,230,231,232,233,234,235,236,237,238,239,240,241,242,245,248,249,250,251,252,253,254,255,256,257,258,259,260,261,262,263,264,267,268,270,271,272,273,274,275,276,277,278,279,280,281,282,283,284,285,286,287,288,289,290,291,292,293,294,295,296,297,298,299,300,301,302,303,304,305,306,307,308,309,310,311,312,313,314,315,316,317,318,319,320,321,322,323,324,325,326,327,328,329,330
236,236,134
21,38,42,43,44,60,61,63,64,65,66,81,82,83,84,85,86,87,88,103,104,105,106,107,108,109,110,125,126,127,128,129,130,131,132,146,147,148,149,150,151,152,153,154,168,169,170,171,172,173,174,175,176,178,191,192,193,194,195,196,197,198,201,203,206,209,211,212,213,214,215,216,217,218,219,220,222,223,224,226,230,231,232,234,235,237,238,239,240,241,242,245,246,248,252,253,254,256,257,258,259,260,261,262,263,264,266,273,275,279,280,281,282,283,284,285,286,294,296,297,302,303,304,305,306,307,308,324,325,326,327,328,329,330
229,229,110
1,2,3,4,5,9,10,11,12,13,14,15,16,17,18,19,20,21,22,24,25,26,27,29,30,31,32,33,34,36,37,38,39,40,41,42,43,44,45,46,47,48,49,50,51,52,53,54,55,57,58,59,60,61,62,63,64,65,66,67,68,69,70,71,72,73,74,75,76,81,82,83,84,85,86,87,88,89,90,91,92,93,94,95,96,97,104,105,106,107,108,109,110,111,112,114,126,127,128,129,130,131,133,134,135,149,154,155,156,179
280,280,68
1,2,3,4,5,6,7,8,9,10,11,12,13,14,15,16,23,24,25,26,27,28,29,30,31,32,33,34,35,37,45,46,47,48,49,50,51,52,53,54,57,67,68,69,70,71,72,73,75,89,90,91,92,93,94,111,112,113,117,133,136,137,155,157,159,178,183,185
399,399,2
1,2
200,200,52
44,51,66,86,87,129,131,145,154,178,190,196,197,198,199,212,213,218,219,220,228,234,235,238,240,241,242,255,256,257,260,262,263,264,274,278,284,285,286,305,306,308,315,316,317,318,321,326,327,328,329,330
185,185,72
3,15,22,32,42,54,75,81,86,87,88,96,101,109,110,115,119,123,126,131,132,139,141,145,148,151,153,156,158,162,167,168,169,173,174,175,190,191,196,198,199,211,218,219,220,222,238,240,241,242,256,257,260,262,263,264,274,284,285,286,301,304,305,306,307,308,309,310,315,328,329,330
78,78,81
5,19,32,39,42,43,44,47,48,54,62,75,80,81,88,95,99,101,102,106,107,109,110,117,119,121,123,129,132,134,139,140,149,151,153,154,156,157,168,169,173,175,176,178,189,190,196,197,198,199,200,211,212,218,219,220,238,240,242,244,255,256,257,263,264,267,284,285,286,288,305,306,308,310,319,325,326,327,328,329,330
541,541,56
3,22,39,54,66,75,81,88,102,103,132,134,144,151,154,156,168,169,174,175,176,189,190,191,196,198,200,212,218,219,220,222,235,238,240,241,242,243,244,255,257,262,263,264,283,284,285,286,305,306,308,309,327,328,329,330
258,258,82
10,20,44,47,50,66,69,80,81,87,88,102,103,105,109,110,112,124,125,126,131,134,135,141,147,148,153,154,156,160,167,169,173,175,176,177,178,189,191,196,197,198,199,200,202,211,218,219,220,221,232,233,238,240,241,242,244,245,256,257,260,261,262,263,264,283,284,285,286,287,304,305,306,307,308,310,320,325,326,328,329,330
60,60,104
20,22,43,49,58,63,65,66,69,79,80,81,85,86,87,88,99,101,102,105,106,108,109,110,112,118,120,123,124,126,127,131,134,135,136,145,146,147,148,151,153,154,156,157,158,162,168,169,173,174,175,176,177,178,189,191,195,196,197,198,199,200,202,210,211,212,213,216,218,219,220,221,222,233,235,236,238,239,240,241,242,243,244,256,260,262,263,264,283,284,285,286,304,305,306,307,308,310,319,321,327,328,329,330
36,36,100
20,42,43,48,49,50,65,66,69,80,81,85,86,87,88,102,105,106,108,109,110,112,113,117,118,124,125,126,127,129,130,131,132,134,139,145,146,147,151,153,154,156,167,168,169,173,174,175,176,177,178,188,189,190,191,195,196,197,198,199,200,211,213,216,217,218,219,220,221,222,233,234,238,239,240,241,242,244,260,261,262,263,264,283,284,285,286,304,305,306,307,308,320,322,325,326,327,328,329,330
51,51,110
11,12,19,20,21,22,26,32,42,43,44,47,50,51,64,65,66,69,70,73,81,83,85,86,87,88,100,101,102,103,107,108,109,110,112,118,123,124,126,127,129,130,131,132,134,140,145,146,151,153,154,156,167,168,169,172,173,174,175,176,177,178,180,189,190,191,194,196,197,198,199,200,211,212,213,217,218,219,220,221,222,238,239,240,241,242,243,256,257,260,261,262,263,264,283,284,285,286,305,306,307,308,309,321,325,326,327,328,329,330
254,254,116
7,10,11,15,20,21,27,34,39,42,43,44,47,48,64,65,66,73,80,83,84,85,86,87,88,91,100,101,102,103,105,106,107,108,109,110,118,121,125,127,129,130,131,132,134,135,141,142,145,146,151,152,153,154,156,157,160,167,168,171,172,173,174,175,176,177,178,179,185,188,190,191,194,195,196,197,198,199,213,217,218,219,220,221,222,233,236,238,239,240,241,242,243,244,260,261,262,263,264,283,284,285,286,288,305,306,307,308,309,310,325,326,327,328,329,330
2,2,71
20,22,27,42,43,44,47,64,65,66,69,77,80,84,85,86,87,88,101,102,107,108,109,110,127,130,131,132,134,141,153,154,155,168,173,174,175,176,177,178,179,194,195,196,197,198,200,212,218,219,220,221,239,240,241,242,261,262,263,264,283,284,285,286,305,306,307,308,310,327,329
88,88,104
11,15,17,20,21,27,32,33,39,41,42,43,44,47,48,50,60,63,64,65,69,74,80,81,83,84,85,86,87,88,101,102,104,106,107,108,109,110,112,124,127,130,131,132,134,141,145,146,148,150,151,152,153,154,156,168,171,173,174,175,176,177,178,188,190,194,196,197,198,200,212,214,215,216,217,218,219,220,221,238,239,240,241,242,244,260,261,262,263,264,283,284,285,286,304,305,306,307,308,310,327,328,329,330
296,296,115
11,15,17,27,32,36,37,40,41,42,43,44,47,55,58,60,62,63,64,65,66,69,70,73,74,75,77,81,84,85,86,87,88,91,95,96,98,99,101,102,103,105,106,107,108,109,110,112,114,117,125,127,128,129,130,131,132,134,135,146,147,148,150,152,153,154,155,156,168,171,173,174,175,176,177,178,190,191,196,197,198,199,200,216,218,219,220,221,222,239,240,241,242,260,261,262,263,264,283,284,285,286,304,305,306,307,308,318,321,325,326,327,328,329,330
49,49,112
11,19,20,21,26,37,40,41,42,43,47,48,58,62,63,64,65,66,69,74,75,79,80,81,83,84,85,86,87,88,91,93,95,96,101,102,107,108,109,110,112,124,125,126,127,128,129,130,131,132,134,141,145,146,151,153,154,155,156,159,170,171,172,173,174,175,176,177,178,189,190,191,192,193,194,195,196,197,198,199,200,212,213,216,218,219,220,221,222,240,241,242,243,261,262,263,264,283,284,285,286,305,306,307,308,318,325,326,327,328,329,330
150,150,111
11,15,17,20,21,22,38,41,42,43,44,47,52,58,59,61,62,64,65,66,69,73,75,79,81,83,84,85,86,87,88,91,96,97,98,101,103,104,107,108,109,110,112,119,123,124,126,127,129,130,131,132,134,141,145,146,151,152,153,154,155,156,168,170,171,172,173,174,175,176,177,178,190,191,192,196,197,198,199,200,213,215,218,219,220,221,222,238,239,240,241,242,244,260,261,262,263,264,283,284,285,286,305,306,307,308,326,327,328,329,330
17,17,111
11,18,20,26,40,41,42,43,44,47,57,58,59,60,62,64,65,66,69,74,78,80,83,84,85,86,87,88,91,96,97,101,102,103,104,106,107,108,109,110,112,117,119,120,124,125,126,127,130,131,132,134,141,145,146,148,150,151,152,153,154,155,156,168,169,173,174,175,176,177,178,192,196,197,198,199,200,213,214,215,216,218,219,220,221,222,238,240,241,242,243,244,260,261,262,263,264,283,284,285,286,305,306,307,308,325,326,327,328,329,330
282,282,102
20,21,26,40,41,42,43,47,49,57,59,60,64,65,66,69,73,74,80,81,84,85,86,87,88,95,98,102,103,105,106,108,109,110,112,123,127,129,130,131,132,134,146,148,150,151,152,153,154,155,156,170,173,174,175,176,177,178,190,191,194,195,196,197,198,199,200,215,216,218,219,220,221,222,238,239,240,241,242,243,244,260,261,262,263,264,283,284,285,286,301,305,306,307,308,323,325,326,327,328,329,330
476,476,110
21,40,41,42,43,44,47,51,59,60,62,64,65,66,69,72,74,80,81,83,84,85,86,87,88,91,96,102,103,105,106,107,108,109,110,112,118,123,126,127,128,130,131,132,134,141,145,146,147,148,150,151,152,153,154,155,156,168,171,172,174,175,176,177,178,179,189,190,191,192,194,195,196,197,198,199,200,213,214,216,217,218,219,220,221,222,238,240,241,242,243,244,260,261,262,263,264,283,284,285,286,305,306,307,308,321,327,328,329,330
175,175,69
7,20,21,42,43,47,64,65,66,69,84,85,86,87,88,90,106,108,109,110,112,130,131,132,133,134,152,153,154,155,156,173,174,175,176,177,178,196,197,198,199,200,216,218,219,220,222,238,239,240,241,242,243,244,262,263,264,284,285,286,305,306,307,308,326,327,328,329,330
133,133,72
21,38,42,43,44,47,60,64,65,69,83,84,85,86,87,90,91,105,106,107,108,109,110,112,128,130,131,132,133,134,151,152,153,154,155,156,174,175,176,177,178,196,197,198,199,200,216,218,219,220,222,238,239,240,241,242,244,261,262,263,264,284,285,286,305,306,307,308,327,328,329,330
461,461,96
20,21,22,26,38,41,42,43,44,47,49,50,53,54,55,60,64,65,66,69,74,75,84,85,86,87,88,90,91,104,105,106,108,109,110,112,126,130,131,132,133,134,146,152,153,154,155,156,168,170,174,175,176,177,178,190,196,197,198,199,200,218,219,220,221,222,236,238,239,240,241,242,243,254,260,261,262,263,264,278,282,283,284,285,286,300,305,306,307,308,321,326,327,328,329,330
147,147,102
18,19,20,22,26,33,42,43,44,47,51,54,55,59,60,61,63,64,65,66,69,70,73,74,75,81,82,83,84,85,86,87,88,89,90,91,95,106,108,109,110,112,114,127,130,131,132,133,134,146,152,153,154,155,156,168,171,172,173,174,175,176,177,178,188,196,197,198,199,200,218,219,220,221,222,238,239,240,241,242,243,244,260,261,262,263,264,265,283,284,285,286,300,306,307,308,325,326,327,328,329,330
165,165,77
5,11,20,21,33,41,43,44,47,60,64,66,69,83,84,85,86,87,88,90,91,108,109,110,112,125,130,131,132,133,134,146,152,153,154,155,156,168,170,174,175,176,177,178,196,197,198,199,200,217,219,220,222,238,239,240,241,242,261,262,263,264,283,284,285,286,301,306,307,308,321,322,326,327,328,329,330
113,113,102
5,9,20,22,27,33,34,37,38,41,42,43,44,47,49,50,54,59,60,62,64,65,66,69,75,83,84,85,86,87,88,90,91,93,95,97,106,108,109,110,112,114,124,125,126,127,129,130,131,132,133,134,146,147,152,153,154,155,156,168,169,172,174,175,176,177,178,196,197,198,199,200,217,218,219,220,221,222,238,239,240,241,242,243,254,261,262,263,264,283,284,285,286,305,306,307,308,326,327,328,329,330
416,416,109
15,18,19,20,22,26,27,33,37,41,42,43,44,47,49,50,55,59,60,64,65,66,69,72,73,75,83,84,85,86,87,88,90,91,92,96,97,102,108,109,110,112,114,125,130,131,132,133,134,141,146,147,151,152,153,154,155,156,168,169,170,172,174,175,176,177,178,196,197,198,199,200,215,216,217,218,219,220,222,238,239,240,241,242,243,244,245,254,260,261,262,263,264,273,283,284,285,286,299,305,306,307,308,321,326,327,328,329,330
424,424,107
5,18,19,20,21,22,26,33,37,39,41,42,43,44,47,49,50,51,59,60,61,64,65,66,69,72,74,75,79,81,83,84,85,86,87,88,90,91,92,96,97,102,108,109,110,111,112,114,126,130,131,132,133,134,141,145,146,147,152,153,154,155,156,168,169,172,174,175,176,177,178,196,197,198,199,200,217,219,220,222,239,240,241,242,243,244,245,260,261,262,263,264,265,284,285,286,300,305,306,307,308,321,326,327,328,329,330
172,172,71
20,21,22,42,43,44,47,60,64,65,66,69,83,84,85,86,87,88,90,91,108,109,110,112,130,131,132,133,134,152,153,154,155,156,174,175,176,177,178,196,197,198,200,217,218,219,220,222,239,240,241,242,243,244,261,262,263,264,283,284,285,286,305,306,307,308,326,327,328,329,330
6,6,107
4,11,13,14,15,19,20,21,27,28,33,35,38,39,41,42,43,44,47,49,50,51,54,55,59,60,64,65,66,69,83,84,85,86,87,88,90,91,92,93,96,97,105,108,109,110,111,112,130,131,132,133,134,152,153,154,155,156,168,169,171,172,173,174,175,176,177,178,195,196,197,198,199,200,217,218,219,220,221,222,239,240,241,242,243,244,261,262,263,264,279,283,284,285,286,304,305,306,307,308,321,325,326,327,328,329,330
177,177,108
15,19,20,21,22,26,33,35,37,42,43,44,47,48,49,54,59,60,64,65,66,69,70,83,84,85,86,87,88,90,91,92,93,102,103,106,107,108,109,110,111,112,114,122,124,128,130,131,132,133,134,146,147,150,151,152,153,154,155,156,168,169,171,172,173,174,175,176,177,178,193,194,196,197,198,199,200,218,219,220,222,238,239,240,241,242,243,244,245,260,261,262,263,264,283,284,285,286,305,306,307,308,325,326,327,328,329,330
152,152,113
4,13,14,18,19,20,21,22,25,26,27,31,33,35,41,42,43,44,47,48,49,50,54,59,60,61,63,64,65,66,69,70,72,73,74,83,84,85,86,87,88,90,91,92,93,105,106,108,109,110,111,112,125,126,130,131,132,133,134,147,151,152,153,154,155,156,173,174,175,176,177,178,195,196,197,198,199,200,217,218,219,220,221,222,238,239,240,241,242,243,244,245,260,261,262,263,264,266,278,279,283,284,285,286,298,305,306,307,308,327,328,329,330
287,287,110
4,5,10,11,13,15,19,20,21,22,25,26,33,40,41,42,43,44,47,49,50,51,59,61,64,65,66,69,73,74,75,83,84,85,86,87,88,90,91,92,104,106,108,109,110,111,112,125,126,128,129,130,131,132,133,134,140,147,148,151,152,153,154,155,156,169,170,173,174,175,176,177,178,194,195,196,197,198,199,200,216,218,219,220,221,222,238,239,240,241,242,245,261,262,263,264,278,279,283,284,285,286,305,306,307,308,327,328,329,330
372,372,48
199,221,222,224,226,243,244,245,246,247,248,265,266,267,268,269,270,271,272,287,288,289,290,291,292,293,294,295,296,297,300,301,309,310,311,312,313,314,315,316,317,318,319,320,321,322,323,324
242,242,128
2,3,23,24,25,26,27,45,46,47,48,49,50,59,67,68,69,70,71,72,73,90,91,92,93,94,95,96,113,114,115,116,121,136,138,139,154,159,160,161,172,173,174,175,176,182,183,193,194,195,196,197,198,205,209,211,212,213,214,216,217,218,219,220,232,234,235,236,237,238,239,240,241,242,255,256,257,258,259,260,261,262,263,264,274,275,276,277,278,279,280,281,282,283,284,285,286,293,294,295,296,297,299,300,301,302,303,304,305,306,307,308,309,311,317,318,319,320,321,322,323,324,325,326,327,328,329,330
541,541,135
1,2,3,4,5,6,7,8,16,17,18,19,20,21,22,23,24,25,26,27,28,29,30,39,40,41,42,43,44,47,48,49,50,51,53,54,61,62,63,64,65,66,68,69,70,71,72,73,74,75,78,79,84,85,86,87,88,91,92,93,94,95,99,100,102,106,107,108,109,110,112,114,115,116,117,118,121,128,129,130,131,132,135,137,138,139,141,142,150,151,152,153,154,160,167,172,173,174,175,176,184,194,195,196,197,198,214,215,216,217,218,219,220,234,236,237,238,239,240,241,242,259,260,261,262,263,264,282,283,284,285,286,306,308,327
320,320,122
1,2,3,4,5,6,7,8,9,10,11,12,13,14,15,16,17,18,19,20,21,22,25,26,27,28,29,30,31,32,33,34,35,36,37,38,39,40,41,42,43,44,47,48,49,50,51,52,53,54,55,56,57,58,59,60,61,62,63,64,65,66,73,74,75,76,77,78,79,80,81,82,83,84,85,86,87,88,96,97,98,99,100,101,102,103,104,105,106,107,108,109,110,121,122,123,125,126,127,128,129,130,131,132,144,145,146,148,149,150,151,152,153,154,172,173,174,175,176,194,195,216
331,331,116
1,3,4,5,6,7,8,9,10,11,12,13,14,15,16,17,18,19,20,21,22,23,28,29,30,31,32,33,34,35,36,37,38,39,40,41,42,43,44,53,54,55,56,57,58,59,60,61,62,63,64,65,66,67,75,76,77,78,79,80,81,82,83,84,85,86,87,88,99,100,101,102,103,104,105,106,107,108,109,110,121,122,123,124,125,126,127,128,129,130,131,132,139,144,145,146,147,148,149,150,151,152,153,154,161,163,169,170,171,172,173,174,176,193,236,237
297,297,111
1,2,3,4,5,6,7,8,9,10,12,13,14,15,16,17,18,19,20,21,22,23,24,25,29,34,35,36,37,38,39,40,42,43,44,45,46,56,57,58,59,60,61,62,65,67,74,75,76,77,78,79,80,81,82,83,84,92,95,96,99,100,101,102,103,104,105,106,107,112,114,115,118,119,122,123,124,125,126,127,128,134,135,136,137,138,139,145,146,147,148,149,150,151,157,158,159,160,162,169,170,171,172,181,182,184,194,215,236,261,270
290,290,95
1,2,7,8,9,10,12,13,14,15,16,17,18,23,24,31,32,33,34,35,36,37,38,39,40,45,46,47,53,56,57,58,59,60,61,67,75,76,78,79,80,81,82,83,84,97,99,100,101,102,103,104,105,106,107,113,114,117,118,119,120,121,122,123,124,125,126,127,128,129,136,140,141,143,144,145,146,147,148,149,150,151,159,160,161,169,170,171,172,182,191,192,214,235,236
392,392,48
24,40,46,74,75,96,97,144,145,146,147,148,165,166,167,168,169,170,171,172,187,188,189,190,191,192,193,207,208,213,214,215,224,225,226,245,246,247,265,266,267,268,287,288,289,309,310,320
103,103,62
1,2,11,13,14,15,16,17,23,24,35,36,37,39,46,53,57,58,59,74,75,76,78,83,96,97,98,99,100,101,102,117,118,119,124,138,142,143,148,159,160,161,187,191,193,205,207,212,213,214,229,247,248,251,268,269,270,271,272,292,298,314
104,104,48
1,2,13,14,15,16,17,23,24,32,35,38,39,46,54,56,58,59,75,80,81,96,97,98,99,117,118,120,121,122,139,140,143,165,207,211,213,234,247,248,249,268,269,270,271,272,276,291
108,108,26
1,13,14,24,45,75,97,118,119,139,140,161,169,184,191,193,207,229,234,248,249,268,269,270,271,292
369,369,6
74,75,140,193,269,270
185,185,11
27,66,86,216,219,220,239,241,242,307,327
190,190,22
47,62,64,71,86,106,109,131,153,154,216,219,220,239,241,242,284,305,306,307,327,328
451,451,38
5,19,25,26,29,41,43,44,47,51,62,64,66,69,71,86,88,95,153,154,198,219,220,239,241,261,279,280,281,284,301,305,306,308,319,327,328,329
171,171,38
5,6,7,8,19,21,22,26,30,31,40,41,42,44,48,50,62,64,66,71,86,87,88,95,105,109,110,132,153,154,216,219,220,239,284,301,306,309
441,441,30
7,20,41,42,43,44,48,50,62,63,64,65,66,70,84,85,86,88,107,108,110,152,154,176,216,280,302,308,323,329
453,453,51
2,5,7,19,20,21,26,28,30,41,42,43,44,47,48,49,62,63,64,65,66,70,72,84,85,86,87,88,107,108,110,116,131,151,152,153,154,175,176,194,197,216,220,280,301,308,324,325,327,328,329
450,450,53
2,4,7,8,19,20,21,22,25,26,30,40,41,42,43,44,48,62,63,65,66,71,84,85,86,87,88,107,108,150,152,153,154,163,174,175,176,194,217,220,240,241,264,279,280,297,302,307,308,324,327,328,330
314,314,71
2,4,5,7,18,19,20,21,22,25,30,40,41,42,44,47,48,49,50,61,62,63,64,65,66,70,71,84,85,86,87,88,94,106,107,108,110,115,130,131,132,151,152,153,154,172,174,175,176,194,197,198,217,220,237,240,241,261,264,276,279,280,297,301,302,306,323,324,327,328,329
335,335,70
2,7,8,9,18,19,20,21,22,25,26,40,41,42,43,44,47,48,49,50,61,62,63,64,65,66,68,71,72,84,85,86,87,88,91,94,107,109,110,116,127,129,150,151,153,154,174,175,176,194,195,197,198,219,220,239,241,264,275,279,280,302,303,307,308,322,323,324,325,329
499,499,57
2,4,5,7,8,18,19,20,21,22,25,40,41,42,43,44,48,61,62,63,64,66,69,71,72,83,84,85,86,87,88,106,107,108,131,150,151,152,173,175,176,194,197,219,220,264,277,279,280,286,300,301,321,323,324,329,330
436,436,64
2,4,5,7,18,19,20,21,25,28,30,40,41,42,43,44,49,61,62,63,64,65,66,68,71,83,84,85,86,87,88,95,106,107,110,116,127,150,151,152,153,154,172,173,175,176,194,195,198,219,242,259,264,275,276,280,297,302,308,322,323,327,329,330
492,492,72
2,5,7,8,9,10,19,20,21,26,28,40,41,42,43,44,47,48,49,61,62,63,65,66,68,69,71,83,84,85,86,87,88,94,95,106,107,108,109,116,127,131,132,150,151,152,153,154,172,173,174,175,176,194,198,201,216,220,235,239,241,264,276,279,280,297,300,307,308,321,323,327
296,296,72
2,4,5,7,8,18,19,20,21,25,26,27,30,31,40,41,42,44,47,49,61,62,63,64,65,68,69,83,84,85,86,87,88,92,106,108,110,127,129,130,131,135,151,152,153,154,172,174,175,176,194,196,197,198,216,217,239,241,242,259,262,264,279,280,306,307,308,321,322,323,324,329
295,295,63
4,5,7,8,9,10,18,19,20,21,26,27,28,29,30,31,40,41,43,44,49,50,52,62,63,64,65,66,69,71,84,86,87,88,92,132,150,151,171,172,173,175,191,197,198,215,220,233,236,237,239,242,257,258,259,276,279,280,302,304,308,323,325
191,191,77
4,5,7,8,9,10,11,18,19,21,27,28,29,30,41,43,44,47,49,52,62,63,65,66,69,70,71,72,84,85,86,93,105,109,110,128,149,150,153,154,170,171,172,174,175,176,193,194,196,197,198,215,219,236,237,242,257,258,259,260,276,279,280,281,285,286,297,298,299,302,303,307,308,319,320,323,330
191,191,71
3,4,5,6,7,8,9,10,18,19,27,29,30,31,33,42,43,50,51,62,63,65,66,70,71,84,85,86,88,92,101,105,106,109,110,127,130,132,149,150,151,153,154,172,173,174,175,176,197,198,215,219,220,236,237,239,242,256,257,258,259,275,278,279,280,284,285,297,302,307,323
403,403,72
1,5,6,7,8,9,10,21,26,27,29,30,42,43,44,62,63,65,66,70,71,84,85,86,88,105,109,110,127,128,130,131,132,149,150,152,153,170,171,172,173,174,175,176,190,191,193,198,215,217,220,232,236,237,242,256,257,258,260,275,276,278,280,281,282,297,301,302,304,308,321,330
118,118,73
1,3,4,5,6,7,8,10,21,22,25,26,27,29,30,41,42,44,50,51,62,63,64,65,71,83,84,85,88,105,106,107,108,109,110,127,128,130,132,149,151,152,154,172,173,174,175,176,190,193,197,198,215,218,219,220,236,237,239,242,256,257,258,262,275,276,278,279,280,281,282,285,297
55,55,43
3,4,5,6,7,8,9,21,24,28,30,42,43,51,62,63,64,66,71,84,85,86,88,105,110,127,131,132,152,153,154,175,193,215,236,237,247,257,258,259,278,280,282
106,106,2
5,7
290,290,30
82,117,158,179,184,191,192,200,201,206,221,222,247,248,249,267,268,269,270,271,289,290,291,304,310,311,312,325,326,327
220,220,59
102,136,145,159,166,186,187,188,191,200,201,203,205,209,210,213,221,222,223,225,226,227,229,234,246,247,248,249,250,251,267,268,269,270,271,281,282,283,284,289,290,291,292,293,302,303,304,305,306,309,310,311,312,313,324,325,326,327,328
446,446,52
2,3,24,25,46,47,48,67,68,69,70,71,72,89,91,92,93,114,115,144,160,172,173,180,181,182,193,195,202,203,204,223,224,225,239,240,241,244,245,246,260,261,262,263,264,265,266,267,285,286,287,288
325,325,92
123,167,168,169,188,193,194,206,207,212,213,214,215,216,217,218,219,220,223,224,225,226,227,229,230,234,236,237,238,239,240,241,242,244,245,246,248,249,250,251,256,258,259,260,261,262,263,264,266,267,269,270,271,278,279,280,281,282,283,284,285,286,287,288,289,290,291,292,299,301,302,303,304,305,306,307,308,309,310,311,313,319,321,322,323,324,325,326,327,328,329,330
444,444,101
174,175,176,190,193,194,195,196,197,198,213,214,215,216,217,218,219,220,235,236,237,238,239,240,241,242,246,247,249,250,252,253,254,255,256,257,258,259,260,261,262,263,264,270,271,273,274,275,276,277,278,279,280,281,282,283,284,285,286,288,289,291,292,293,294,295,296,297,298,299,300,301,302,303,304,305,306,307,308,309,310,311,312,313,314,315,316,317,318,319,320,321,322,323,324,325,326,327,328,329,330
228,228,115
132,152,153,154,173,174,175,176,189,190,192,193,194,195,196,197,198,211,212,213,214,215,216,217,218,219,220,229,232,233,234,235,236,237,238,239,240,241,242,247,249,251,253,255,256,257,258,259,260,261,262,263,264,267,269,270,271,272,273,274,275,276,277,278,279,280,281,282,283,284,285,286,287,288,289,291,292,293,294,295,296,297,298,299,300,301,302,303,304,305,306,307,308,309,310,311,312,313,314,315,316,317,318,319,320,321,322,323,324,325,326,327,328,329,330
22,22,131
22,42,43,44,60,64,65,66,86,87,88,105,106,107,108,109,110,126,127,128,129,130,131,132,146,148,149,150,151,152,153,154,166,167,168,169,170,171,172,173,174,175,176,188,189,190,191,192,193,194,195,196,197,198,209,210,211,212,213,214,215,216,217,218,219,220,226,228,230,231,232,233,234,235,236,237,238,239,240,241,242,243,244,249,250,251,252,253,254,255,256,257,258,259,260,265,270,271,272,273,274,275,276,277,278,279,280,281,291,292,293,294,295,296,297,298,299,300,301,302,310,312,313,314,315,316,317,318,319,323,324
302,302,111
1,2,3,4,5,6,7,8,9,10,11,12,13,14,15,16,17,18,19,20,21,22,23,24,25,26,27,28,29,30,31,32,33,34,35,36,37,38,39,40,41,42,43,44,45,46,47,48,49,50,51,52,53,54,57,58,59,60,61,62,63,64,65,66,68,69,70,71,72,73,74,75,80,82,83,84,85,86,87,88,93,94,95,96,104,105,106,107,108,109,110,115,116,117,118,119,120,127,128,129,130,138,139,140,149,151,160,161,168,169,170
295,295,67
1,2,3,4,5,6,7,8,9,10,11,12,13,14,15,16,23,24,25,26,27,28,29,30,31,32,33,34,45,46,47,48,49,50,51,52,53,54,67,68,69,70,71,72,73,74,75,76,89,90,91,92,93,95,111,112,113,115,117,120,133,134,138,139,140,142,161
441,441,1
326
254,254,48
44,131,152,153,154,160,173,176,177,196,198,209,217,235,239,242,255,262,263,264,270,273,277,281,282,283,284,285,286,287,292,296,301,302,304,305,306,307,308,314,315,316,317,323,326,328,329,330
85,85,74
8,16,18,25,37,38,42,43,46,64,66,67,68,69,70,71,87,88,91,100,109,110,111,131,132,149,153,154,169,170,171,172,175,176,177,195,197,200,219,220,221,235,241,242,243,263,264,265,278,281,282,283,284,285,286,287,294,300,301,305,306,307,308,309,310,314,315,316,323,325,326,327,329,330
317,317,67
3,8,24,25,44,46,47,54,64,67,68,69,71,77,86,87,88,100,109,110,111,131,133,149,153,154,155,171,175,176,177,199,209,219,220,221,222,235,238,239,242,245,253,260,262,264,278,281,282,283,284,285,287,300,301,305,306,307,308,310,315,316,317,326,327,329,330
329,329,89
3,18,21,24,25,35,36,45,46,47,58,65,68,69,76,87,99,101,108,109,110,111,112,130,131,132,133,153,155,171,172,173,176,177,178,194,196,197,198,199,200,215,216,217,218,219,220,221,222,234,235,238,239,240,241,242,243,250,256,261,262,263,269,274,278,281,282,283,284,285,287,294,295,300,301,302,304,305,306,310,314,315,317,322,323,326,327,329,330
45,45,103
2,3,18,21,24,25,36,37,45,46,58,59,65,66,67,68,69,78,79,86,87,88,101,102,108,109,110,111,122,130,131,132,133,143,150,155,171,172,176,177,178,194,195,196,197,198,199,215,216,217,218,219,220,221,222,234,236,237,239,240,241,242,243,253,256,259,261,262,263,264,268,273,278,281,282,283,284,285,286,287,288,295,300,301,302,304,305,306,307,308,309,310,315,316,317,322,323,325,326,327,328,329,330
254,254,99
2,3,18,20,22,24,25,26,36,37,42,44,45,46,47,64,65,66,67,68,69,80,81,86,87,88,99,108,109,110,111,112,117,130,131,132,133,149,153,155,156,173,176,177,178,195,196,197,198,199,217,218,219,220,221,222,228,234,235,239,240,241,242,243,244,256,257,259,261,262,264,269,273,279,282,283,284,285,286,287,300,301,302,304,305,306,308,309,310,315,317,322,323,325,326,327,328,329,330
82,82,103
2,3,4,20,21,22,24,25,36,42,44,45,46,47,57,64,65,66,67,68,69,76,80,86,87,88,101,103,108,109,110,111,112,130,131,132,133,153,155,166,167,173,174,175,176,177,178,186,195,196,197,198,199,200,216,217,218,219,220,221,222,224,235,238,239,240,241,242,243,261,262,263,265,273,278,279,281,282,283,284,285,286,287,292,295,300,301,302,304,305,306,307,308,315,316,322,323,324,326,327,328,329,330
323,323,93
2,3,14,21,22,24,25,42,43,45,46,47,64,65,66,67,68,69,76,85,86,87,88,99,101,108,109,110,112,121,122,129,130,131,132,133,134,153,154,155,156,174,175,176,177,178,194,195,196,197,198,199,200,216,217,218,219,220,221,222,239,240,241,242,243,261,262,263,264,278,282,283,284,285,286,287,300,301,302,305,306,307,308,310,316,317,323,324,326,327,328,329,330
306,306,108
2,3,4,14,19,21,22,24,25,36,37,40,42,44,45,46,47,57,58,64,65,66,67,70,85,86,87,88,101,106,108,109,110,111,112,123,129,131,132,133,152,153,154,155,156,173,174,175,176,177,178,194,195,196,197,198,199,200,216,217,218,219,220,221,222,238,239,240,241,242,243,244,258,261,262,263,264,265,267,278,279,280,282,283,284,285,286,291,295,300,301,302,304,305,306,307,308,309,310,314,315,316,325,326,327,328,329,330
511,511,106
2,3,14,20,21,22,24,25,26,36,42,43,44,45,46,47,57,58,65,66,67,69,70,79,80,86,87,88,89,99,100,101,106,108,109,110,111,117,130,131,132,133,134,144,152,153,154,155,156,165,171,173,174,175,176,177,178,194,195,196,197,198,200,216,217,218,219,220,221,222,236,239,240,241,242,243,244,261,262,263,264,265,267,278,282,283,284,285,286,287,302,303,304,305,306,307,308,309,310,315,322,326,327,328,329,330
456,456,82
2,3,4,21,22,24,25,26,36,44,45,47,64,65,66,69,80,85,86,87,88,89,109,110,111,112,131,132,133,134,153,154,155,156,173,174,175,176,177,178,194,195,196,197,198,199,200,219,221,222,235,236,239,240,241,243,258,261,262,263,264,265,278,282,283,285,286,287,300,303,304,305,306,307,308,309,310,316,317,326,327,329
3,3,109
2,3,4,18,21,22,23,24,25,43,44,45,46,47,51,58,64,65,66,69,78,79,85,86,87,88,89,101,108,109,110,111,112,121,123,129,130,131,132,133,134,152,153,154,155,156,173,174,175,176,177,178,186,192,194,195,196,197,198,199,200,216,218,219,221,222,235,236,238,239,240,241,243,244,245,257,258,259,260,261,262,263,264,265,266,278,279,280,281,282,283,284,285,286,287,288,300,304,305,307,308,309,310,314,315,326,327,328,329
556,556,93
2,3,4,18,21,22,23,24,25,43,44,45,46,47,58,64,65,66,69,77,78,86,87,88,108,109,110,111,112,121,129,130,131,132,133,134,144,152,153,154,155,156,172,173,174,175,176,177,178,186,194,195,196,198,199,200,216,217,218,221,222,235,237,239,240,241,243,245,261,262,264,265,266,278,280,281,283,284,285,286,288,297,303,305,306,307,308,309,324,327,328,329,330
183,183,112
2,3,4,5,18,21,22,23,24,25,26,37,38,40,43,44,45,46,47,62,64,65,66,69,70,78,85,86,87,88,89,92,100,101,108,109,110,111,112,121,129,130,131,132,133,144,149,152,153,154,155,156,173,174,175,176,177,178,185,194,195,196,197,198,200,215,216,217,218,219,221,222,225,236,238,239,240,241,242,243,245,258,259,261,262,263,264,265,266,269,276,278,279,282,283,284,285,286,287,288,291,304,306,307,308,309,310,317,327,328,329,330
40,40,118
2,3,4,9,18,21,22,23,24,25,26,30,36,37,38,40,41,43,44,45,46,47,59,62,64,65,66,69,78,79,85,86,87,88,100,108,109,110,111,112,129,130,131,132,133,134,143,144,152,153,154,155,156,170,173,174,175,176,177,178,185,194,195,196,197,198,199,200,215,216,217,218,219,221,222,234,235,236,238,239,240,241,242,243,245,258,259,261,262,263,264,265,266,267,268,276,282,284,285,286,288,301,302,303,304,306,307,308,309,310,314,316,317,326,327,328,329,330
24,24,112
2,3,4,5,15,18,21,22,23,24,25,43,44,45,46,47,62,63,64,65,66,69,78,85,86,87,88,89,91,108,109,110,111,112,129,130,131,132,133,143,149,152,153,154,155,156,173,174,175,176,177,178,186,194,195,196,197,198,199,200,215,216,217,218,219,221,222,235,236,238,239,240,241,242,243,244,245,246,252,258,259,261,262,263,264,265,266,267,269,278,279,282,283,284,285,286,288,300,304,305,306,307,308,309,311,313,314,326,327,328,329,330
167,167,85
2,3,4,21,22,23,24,25,26,40,43,44,45,47,62,65,66,85,86,87,88,108,109,110,111,112,130,131,132,133,149,152,153,154,155,156,173,174,175,176,177,178,186,195,197,199,200,216,217,218,219,221,222,236,238,239,240,241,242,243,258,261,262,264,265,266,278,282,283,284,286,287,288,303,304,305,306,307,308,314,324,327,328,329,330
457,457,114
1,2,3,4,18,19,21,22,23,24,25,26,36,40,42,43,44,45,46,47,62,64,65,66,69,74,77,78,79,85,87,88,89,91,100,108,109,110,111,112,129,130,131,132,133,134,143,151,152,153,154,155,156,170,172,174,175,176,177,178,186,192,194,195,196,197,198,199,200,216,217,218,219,221,222,223,224,235,238,239,240,241,242,243,261,262,263,264,265,266,267,282,284,285,286,287,288,289,301,302,303,304,306,307,308,309,313,314,324,326,327,328,329,330
0,0,106
1,2,3,4,10,18,21,22,23,24,25,36,38,40,42,43,44,45,46,47,62,64,65,66,79,84,85,87,88,89,108,109,110,111,112,130,131,132,133,134,152,153,154,155,156,170,172,173,174,175,176,177,178,185,186,194,195,196,197,198,199,200,216,217,218,219,221,222,238,239,240,241,242,243,244,258,262,263,264,265,267,268,278,279,284,285,286,287,300,302,303,304,305,306,307,308,310,313,314,324,325,326,327,328,329,330
450,450,106
1,2,6,14,15,16,17,18,21,22,23,24,25,31,36,37,40,41,42,43,44,45,46,58,62,63,64,65,66,68,69,85,87,88,89,90,91,100,104,109,110,111,112,120,131,132,133,134,143,149,153,154,155,156,172,175,176,177,178,186,194,196,197,199,200,215,216,217,218,219,220,221,222,223,226,238,240,241,243,244,246,259,264,267,268,283,284,285,286,287,288,303,306,307,308,309,310,313,314,315,316,325,327,328,329,330
470,470,106
1,2,3,4,6,10,16,18,21,22,23,24,25,28,36,37,38,40,41,43,44,45,46,57,58,60,61,62,63,64,65,66,68,69,84,85,86,87,88,89,90,91,104,109,110,111,112,121,130,131,132,133,134,146,149,153,154,155,156,171,172,174,175,176,177,178,184,185,192,194,196,197,199,200,217,218,219,221,222,234,238,240,241,243,244,245,246,259,263,264,265,266,278,283,284,286,287,302,303,306,308,309,315,324,329,330
449,449,109
1,2,6,7,16,18,19,21,22,23,24,34,36,37,40,41,42,43,44,45,46,53,56,58,60,61,62,63,64,65,66,68,69,73,83,84,85,86,87,88,89,90,91,105,109,110,111,112,121,131,133,134,144,149,153,154,155,156,171,172,174,176,177,178,185,186,194,195,196,197,199,200,218,219,221,222,224,238,240,241,243,244,245,246,258,259,260,261,262,265,278,279,283,284,285,286,287,303,304,306,307,308,309,313,314,327,328,329,330
575,575,107
1,2,3,5,9,15,16,18,19,21,22,23,24,25,28,29,30,32,33,40,41,43,44,45,46,47,54,58,62,64,65,66,67,68,69,82,84,85,86,87,88,89,90,91,109,110,111,112,124,131,132,133,134,146,149,153,154,155,156,167,175,176,177,178,185,199,200,202,217,218,219,220,221,222,224,238,239,240,242,243,244,245,246,258,259,262,265,266,278,279,280,283,284,285,286,287,288,304,306,307,309,314,315,317,321,325,330
131,131,68
1,2,9,21,22,23,24,25,41,42,43,44,45,46,62,64,65,66,69,85,86,87,88,89,90,91,109,110,111,112,131,132,133,134,153,154,155,156,175,176,177,178,197,199,200,221,222,223,240,241,243,244,245,246,259,265,278,279,280,285,286,287,304,306,307,308,309,321
112,112,98
1,2,3,6,15,16,21,22,23,24,25,30,32,40,41,42,43,44,45,46,62,63,64,65,66,69,84,85,86,87,88,89,90,108,109,110,111,112,122,127,131,132,133,134,153,154,155,156,175,176,177,178,182,196,199,200,216,217,219,221,222,223,234,240,241,243,244,245,246,257,258,259,261,262,264,265,272,278,280,282,283,285,286,304,305,306,307,308,309,314,316,318,320,321,326,328,329,330
432,432,110
1,2,6,14,16,18,19,20,21,22,23,24,25,29,30,40,41,43,44,45,46,57,59,63,64,65,66,69,85,86,87,88,89,90,95,103,108,109,110,111,112,131,132,133,134,146,151,153,154,155,156,168,175,176,177,178,185,198,199,200,204,216,217,218,220,221,222,223,228,234,237,238,240,241,243,244,246,249,257,259,260,261,262,263,265,278,281,282,283,284,285,286,287,295,303,305,306,307,309,314,316,317,318,321,322,326,327,328,329,330
152,152,107
1,2,3,6,7,8,16,18,19,20,21,22,23,24,25,30,31,36,37,41,42,43,44,45,46,56,63,64,65,66,68,69,79,85,86,87,89,90,91,99,109,110,111,112,125,128,130,131,132,133,134,153,154,155,156,175,176,177,178,185,197,198,199,200,214,217,218,221,222,238,239,240,243,244,246,250,259,260,261,264,265,278,279,283,284,285,286,287,295,299,303,305,306,307,308,309,314,316,317,318,319,320,325,326,327,328,330
213,213,82
1,2,6,19,20,21,22,23,24,25,41,42,43,44,45,46,58,64,65,66,68,69,85,86,87,88,89,90,109,110,111,112,131,132,133,134,153,154,155,156,168,176,177,178,196,198,199,200,215,216,217,218,219,221,222,239,240,242,243,244,258,259,261,262,263,280,283,284,285,286,287,303,304,305,306,307,308,309,314,328,329,330
14,14,109
1,2,3,6,13,15,19,21,22,23,24,25,37,41,42,43,44,45,46,47,59,64,65,66,67,68,69,71,85,86,87,88,89,90,91,108,109,110,111,112,129,131,132,133,134,149,153,154,155,156,175,176,177,178,196,197,198,199,200,201,207,218,219,220,221,222,225,228,239,240,241,242,243,244,245,246,248,249,250,251,260,261,262,263,264,265,273,282,283,284,285,286,287,291,293,296,305,306,307,308,309,313,314,318,324,327,328,329,330
402,402,102
1,2,3,5,13,14,15,18,20,21,22,23,24,25,41,42,43,44,45,46,47,62,64,65,66,67,68,69,78,82,85,86,87,88,89,90,91,109,110,111,112,131,132,133,134,153,154,155,156,173,175,176,177,178,181,184,193,196,197,198,199,200,201,204,206,218,219,220,221,222,223,224,228,239,240,241,242,243,244,246,250,261,262,263,264,272,274,283,284,285,286,295,303,304,305,306,307,308,327,328,329,330
473,473,50
199,221,222,223,224,243,244,245,246,247,248,249,265,266,267,268,269,270,271,272,273,278,287,288,289,290,291,292,293,294,295,297,298,300,309,310,311,312,313,314,315,316,317,318,319,320,321,322,323,324
310,310,127
74,75,96,97,118,119,120,122,133,139,140,141,142,143,144,146,151,152,153,155,162,163,164,165,171,172,173,174,175,176,177,185,192,193,194,195,196,197,198,199,200,203,213,214,215,216,217,218,219,220,221,223,224,225,234,235,236,237,238,239,240,241,242,243,244,245,247,250,253,256,257,258,259,260,261,262,263,264,265,268,269,272,274,275,276,277,278,279,280,281,282,283,284,285,286,289,290,291,292,296,297,298,299,300,301,302,303,304,305,306,307,308,311,312,318,319,320,321,322,323,324,325,326,327,328,329,330
507,507,135
17,18,19,20,21,22,31,32,33,39,40,41,42,43,44,51,52,53,54,56,61,62,63,64,65,66,74,75,76,80,82,83,84,85,86,87,88,90,91,96,97,98,99,100,101,103,104,105,106,107,108,109,110,118,119,120,121,122,123,126,127,128,129,130,131,132,141,142,143,144,145,147,148,149,150,151,152,153,154,171,172,173,174,175,176,191,192,193,194,195,196,197,198,208,213,214,215,216,217,218,219,220,232,235,236,237,238,239,240,241,242,255,256,257,258,260,261,262,263,264,278,280,281,282,283,284,285,286,303,304,306,307,308,326,329
301,301,122
6,7,8,9,10,11,12,13,14,15,16,17,18,19,20,21,22,28,29,30,31,32,33,34,35,36,37,38,39,40,41,42,43,44,50,51,52,53,54,55,56,57,58,59,60,61,62,63,64,65,66,72,73,74,75,76,77,78,79,80,81,82,83,84,85,86,87,88,98,99,100,101,102,103,104,105,106,107,108,109,110,120,121,122,124,125,126,127,128,129,130,131,132,143,144,147,148,149,150,151,152,153,154,167,170,171,172,173,174,175,176,192,194,195,196,197,198,218,219,220,241,309
235,235,114
1,6,7,8,9,10,11,12,13,14,15,16,17,18,19,20,21,22,28,30,31,32,33,34,35,36,37,38,39,40,41,42,43,44,51,52,53,54,55,56,57,58,59,60,61,62,63,64,65,66,74,75,76,77,78,79,80,81,82,83,84,85,86,87,88,91,96,99,100,101,102,103,104,105,106,107,108,109,110,121,122,123,124,125,126,127,128,129,130,131,132,143,144,146,148,149,150,151,152,153,154,167,171,172,173,174,175,176,191,196,197,198,219,220
292,292,107
2,3,4,6,7,8,9,10,11,12,13,14,15,16,17,18,19,20,21,22,28,29,30,31,32,33,34,35,36,37,38,39,40,41,42,43,44,45,46,50,51,52,53,54,55,56,57,58,59,60,61,62,64,65,66,68,70,73,74,75,76,77,78,79,80,81,82,83,86,87,88,91,92,94,99,100,101,102,103,104,113,121,122,123,124,125,126,127,135,136,138,143,144,145,146,147,148,149,165,166,167,168,169,171,189,190,220
326,326,94
1,3,7,8,9,10,11,12,13,14,15,16,17,18,20,21,22,23,24,28,29,30,31,32,33,34,35,36,37,38,39,40,42,43,44,45,46,47,51,52,53,54,55,56,57,58,59,60,64,65,66,67,71,72,73,74,75,77,78,79,80,81,82,87,88,92,100,101,102,103,104,113,114,121,122,123,124,125,126,127,134,142,143,144,145,146,147,149,166,167,168,175,190,191
551,551,63
1,2,3,4,5,20,21,22,23,24,25,26,30,38,43,44,45,46,47,48,53,54,55,56,57,65,66,67,68,69,89,90,93,94,104,112,113,114,115,134,135,136,137,144,145,156,157,158,159,165,166,167,168,188,189,190,191,192,210,211,212,213,234
461,461,55
5,6,7,8,9,10,14,15,25,29,30,31,32,33,35,36,37,52,53,54,55,56,57,58,59,60,70,74,75,77,78,79,81,100,101,102,103,104,105,119,120,126,127,142,143,144,145,146,167,168,169,190,196,235,311
436,436,36
12,13,14,15,30,31,32,33,34,35,36,37,49,53,55,56,57,58,59,75,77,78,79,80,81,82,99,100,101,102,124,143,144,145,167,190
105,105,17
13,34,35,37,56,57,59,75,79,81,99,102,103,143,144,145,166
485,485,13
87,131,132,152,153,175,178,240,262,286,308,329,330
410,410,29
65,87,88,89,109,111,128,129,130,131,133,150,151,152,153,172,174,177,228,239,242,262,263,293,295,307,308,316,329
209,209,48
18,19,40,62,65,66,87,89,91,111,126,128,130,131,132,133,148,150,151,152,156,157,170,171,172,178,185,192,194,197,206,217,221,222,240,249,261,263,264,285,295,296,298,308,320,321,329,330
374,374,72
18,19,40,62,63,64,65,66,83,89,93,96,107,109,111,113,114,115,128,129,130,131,133,135,136,137,143,148,149,152,153,155,156,157,159,161,170,171,173,174,175,177,178,183,185,192,197,199,200,205,206,217,240,242,261,262,263,273,282,283,286,292,296,298,308,315,317,320,322,328,329,330
222,222,72
1,18,19,40,41,61,62,63,65,67,71,86,87,88,89,91,92,96,109,110,111,114,126,128,129,130,131,133,135,138,148,150,151,152,153,155,156,170,174,175,177,178,179,180,184,185,193,194,195,197,200,217,218,219,221,239,241,261,262,263,264,282,295,296,304,307,308,319,320,321,328,329
373,373,51
18,40,41,42,62,63,65,66,85,89,102,107,108,109,110,111,118,131,137,149,151,152,153,154,156,159,165,172,174,175,176,177,195,199,261,283,286,296,297,301,303,304,308,318,319,320,323,324,326,329,330
568,568,87
7,8,17,18,19,21,25,29,40,41,42,52,62,64,65,66,68,84,85,86,88,89,91,96,97,101,105,106,107,109,110,111,113,115,118,126,127,128,129,130,131,132,137,149,152,153,155,159,171,172,173,174,175,176,178,185,195,196,199,206,207,234,240,242,262,264,282,295,296,297,298,299,301,304,305,307,308,318,319,320,321,323,324,325,326,329,330
448,448,85
2,3,6,7,8,18,19,21,30,39,40,41,52,62,64,65,66,84,85,86,89,91,96,97,105,107,108,109,110,111,127,128,129,130,131,132,136,147,150,151,152,153,154,155,157,158,171,172,174,175,176,178,193,195,200,218,220,233,234,240,242,262,263,264,283,284,285,286,296,297,298,299,303,304,305,308,318,319,320,323,324,325,326,329,330
465,465,99
3,8,18,19,20,21,30,32,40,41,42,43,52,61,62,64,65,66,67,68,78,84,85,88,92,96,97,102,104,105,106,107,109,110,111,115,118,127,128,129,130,131,132,133,135,137,150,151,152,153,154,155,156,157,167,172,173,174,175,185,186,195,196,197,217,218,220,239,240,241,242,261,262,263,264,282,283,284,285,296,297,298,299,301,303,304,305,308,317,318,319,320,321,323,324,325,326,329,330
445,445,94
3,8,18,19,40,41,42,43,62,63,64,65,73,83,84,85,86,92,96,97,104,105,106,107,108,109,110,111,114,124,126,127,128,129,130,131,132,135,137,150,151,152,153,154,156,163,172,173,174,175,176,178,183,185,186,195,196,198,218,220,233,234,240,241,242,261,262,263,264,282,283,284,285,286,296,297,298,299,301,303,304,305,306,308,318,319,320,321,323,325,326,327,329,330
440,440,103
3,7,11,13,18,19,21,40,41,42,43,58,61,63,64,65,66,78,80,82,83,84,85,88,89,96,97,104,105,106,107,108,109,110,111,113,115,126,127,128,129,130,131,132,133,135,137,149,150,151,152,155,156,171,172,173,174,175,176,178,185,193,195,196,199,212,217,218,219,220,234,239,240,241,242,261,262,263,264,282,283,284,285,296,297,298,299,301,303,304,305,306,317,318,319,320,321,323,325,326,327,329,330
241,241,91
8,17,18,19,21,41,42,43,52,56,58,61,63,67,78,83,84,85,88,92,96,102,104,105,106,107,108,109,110,111,124,126,127,128,130,131,132,150,151,152,153,154,156,163,171,172,173,174,175,185,195,196,197,198,199,207,217,218,220,233,234,240,241,242,261,262,263,264,283,284,285,296,297,298,299,303,304,305,306,307,308,317,318,319,320,324,325,326,327,329,330
429,429,87
2,18,19,35,36,39,41,58,62,63,65,80,82,83,84,85,86,88,89,92,96,97,104,105,106,107,108,109,110,114,115,118,126,127,128,129,130,131,132,149,150,151,152,153,154,170,171,172,174,175,176,185,186,195,196,198,217,218,219,220,234,239,240,241,242,262,264,283,284,285,296,297,298,304,305,306,307,308,318,319,320,321,324,325,326,329,330
191,191,100
7,14,17,18,19,21,40,41,42,43,62,63,64,66,67,80,83,84,85,86,88,89,91,92,93,95,96,104,105,106,107,108,109,110,111,115,117,118,126,127,128,129,130,131,132,150,151,152,153,154,156,163,167,171,172,173,174,175,176,185,186,191,195,196,198,207,218,219,220,234,240,241,242,260,262,263,264,283,284,285,286,296,297,298,299,303,304,305,306,307,308,318,319,320,321,324,326,328,329,330
498,498,60
18,19,21,22,65,74,75,82,85,86,87,88,95,96,106,107,108,109,110,128,129,130,131,132,150,152,153,154,172,173,174,175,176,195,196,197,198,208,212,213,216,217,218,239,240,262,263,264,282,283,285,289,297,299,300,303,318,321,326,327
258,258,68
18,19,21,22,35,37,41,58,74,75,82,83,84,85,87,88,89,91,92,93,95,96,97,106,107,108,109,110,114,130,137,149,150,152,153,154,175,194,195,197,198,212,216,217,218,219,239,240,241,242,262,263,264,281,282,283,284,297,298,304,305,306,318,319,320,326,327,330
480,480,87
18,19,20,21,22,40,41,56,57,61,67,74,75,78,82,84,85,87,88,92,93,95,96,97,106,107,108,109,110,111,115,118,129,130,131,132,133,137,140,150,151,152,153,154,159,172,173,174,176,194,195,196,197,198,212,216,217,218,219,239,240,242,262,263,264,281,282,283,284,285,286,297,298,299,304,305,306,308,318,319,320,321,323,326,327,329,330
288,288,92
18,19,21,22,39,40,41,42,43,44,52,56,58,60,61,62,63,64,65,66,67,74,75,78,85,87,88,89,92,93,95,96,97,106,107,109,110,114,127,128,129,130,131,132,134,137,146,150,151,152,153,154,172,174,175,176,194,195,196,197,212,213,216,217,219,220,233,239,240,241,260,262,263,264,281,282,283,284,285,297,298,299,304,305,306,308,318,319,320,326,327,329
151,151,95
2,17,18,19,20,21,40,41,43,44,45,60,61,62,63,64,65,67,73,74,75,84,85,86,87,88,89,92,93,96,97,106,107,108,109,110,111,114,115,118,124,129,130,131,132,137,150,151,152,153,154,156,172,174,175,176,194,195,196,197,198,216,217,218,219,220,233,239,240,241,242,262,263,264,266,281,282,283,284,285,286,298,299,302,305,306,308,318,319,320,321,326,327,328,330
203,203,81
17,18,19,21,22,39,40,41,42,43,44,52,62,63,64,65,67,73,75,85,86,87,88,89,96,97,106,107,108,109,110,111,113,115,118,129,130,131,132,137,150,151,152,153,154,155,156,172,173,174,175,176,194,195,196,197,216,217,218,219,220,239,240,241,242,262,263,264,282,283,284,285,304,305,306,319,320,326,327,328,330
137,137,19
18,43,86,107,132,158,175,195,198,216,217,218,240,262,263,264,284,285,306
97,97,6
82,84,104,105,202,254
279,279,38
8,28,59,63,78,79,80,81,82,83,84,104,105,166,167,200,201,202,213,223,224,243,257,266,271,272,273,279,287,292,293,294,295,313,314,315,318,324
557,557,27
8,9,16,17,18,19,20,21,82,83,84,170,185,186,192,204,205,206,207,208,225,228,229,230,246,247,268
570,570,88
7,21,38,42,43,60,125,144,145,147,158,159,172,179,181,192,207,213,214,215,228,229,232,233,235,236,237,244,248,249,251,252,253,254,255,256,257,258,259,260,265,267,270,271,272,273,274,275,279,280,281,284,286,290,291,292,293,294,295,296,300,301,302,303,304,305,306,307,308,311,312,313,314,315,316,317,318,319,321,322,323,324,325,326,327,328,329,330
444,444,102
125,145,146,148,168,170,171,172,190,191,192,193,194,198,210,212,213,214,215,216,217,218,219,220,232,233,234,235,236,237,238,239,240,241,242,253,254,255,256,257,258,259,260,261,262,263,264,270,271,272,273,274,275,276,277,278,279,280,281,282,283,284,285,286,291,292,293,294,295,296,297,298,299,300,301,302,303,304,305,306,307,308,311,312,313,314,315,316,317,318,319,320,321,322,323,324,325,326,327,328,329,330
245,245,115
126,148,149,150,154,170,171,172,173,175,176,191,192,193,194,195,196,197,198,211,212,213,214,215,216,217,218,219,220,229,230,231,232,233,234,235,236,237,238,239,240,241,242,248,251,252,253,254,255,256,257,258,259,260,261,262,263,264,270,271,272,273,274,275,276,277,278,279,280,281,282,283,284,285,286,290,291,292,293,294,295,296,297,298,299,300,301,302,303,304,305,306,307,308,310,311,312,313,314,315,316,317,318,319,320,321,322,323,324,325,326,327,328,329,330
556,556,131
2,22,44,64,65,66,83,84,85,86,87,88,104,105,106,107,108,109,110,126,127,128,129,130,131,132,147,148,149,150,151,152,153,154,169,170,171,172,173,174,175,176,189,190,191,192,193,194,195,196,197,198,211,212,213,214,215,216,217,218,219,220,232,233,234,235,236,237,238,239,240,241,242,254,255,256,257,258,259,260,261,262,263,264,271,272,273,274,275,276,277,278,279,280,281,282,283,284,285,286,292,293,294,295,296,297,298,299,300,301,302,303,304,305,306,307,308,315,316,317,318,319,320,323,324,325,326,327,328,329,330
24,24,109
1,2,3,4,5,6,7,8,9,10,11,12,13,14,15,22,23,24,25,26,27,28,29,30,31,32,33,34,35,36,37,38,44,45,46,47,48,49,50,51,52,53,54,55,56,57,58,59,60,65,66,67,68,69,70,71,72,73,74,75,76,77,78,79,80,81,82,85,86,87,88,89,90,91,92,93,94,95,96,97,98,99,106,107,108,109,110,111,112,113,114,115,116,117,118,119,129,130,133,134,135,139,140,155,156,157,167,177,284
221,221,65
1,2,3,4,5,6,7,8,9,10,11,12,13,14,15,16,23,24,25,26,27,28,29,30,31,32,33,34,35,36,45,46,47,48,49,50,51,52,53,54,55,56,57,67,68,69,70,71,72,73,74,89,90,91,96,111,112,113,120,121,133,142,144,145,146
486,486,10
102,242,260,262,263,264,304,306,327,328
188,188,58
84,99,107,108,110,130,131,132,148,152,153,154,171,173,174,175,176,194,195,196,197,198,215,217,218,219,220,238,239,240,241,242,250,261,262,263,268,269,278,280,281,284,285,286,298,300,304,306,307,312,321,324,325,326,327,328,329,330
492,492,54
2,50,67,68,84,85,87,88,107,108,109,129,130,131,132,150,151,152,153,154,171,173,175,176,194,196,197,198,211,217,218,219,220,233,237,239,240,241,242,247,250,261,262,263,267,284,285,294,303,311,312,316,324,329
330,330,81
1,2,17,18,21,23,24,45,64,67,68,84,85,86,88,89,107,109,110,115,128,130,131,150,152,153,168,175,176,182,184,187,190,195,196,197,198,203,204,208,211,213,216,218,219,220,225,237,240,241,242,244,245,247,250,261,263,264,267,272,285,286,289,293,294,295,298,299,304,306,307,308,309,310,311,313,315,316,324,329,330
63,63,102
1,2,3,10,17,18,21,22,23,24,45,66,67,82,83,84,85,86,105,106,107,108,109,110,129,130,132,150,152,153,154,169,170,173,174,175,176,186,194,196,197,198,208,211,213,214,217,218,220,224,226,230,231,235,237,240,241,242,244,247,253,259,262,263,264,266,267,274,278,280,281,282,284,285,286,288,289,291,293,294,296,297,298,304,306,307,309,310,311,313,314,315,316,321,322,323,324,325,326,327,328,329
329,329,103
1,2,3,18,19,23,24,45,46,47,63,66,68,84,85,86,87,88,89,103,106,107,108,109,110,129,131,132,149,151,152,153,154,159,160,175,176,181,183,184,186,187,192,193,194,196,197,202,205,208,211,212,213,214,218,220,222,230,231,234,235,236,237,239,241,247,250,259,262,263,264,267,269,277,278,281,282,283,284,285,286,287,288,289,294,295,297,299,304,307,308,309,311,313,315,316,317,318,321,322,327,329,330
266,266,110
1,2,15,19,22,23,24,35,43,45,47,61,64,66,67,68,69,82,84,85,86,87,88,89,103,105,106,107,108,109,110,127,128,129,130,131,132,148,150,151,152,153,154,162,173,174,175,176,192,193,194,195,196,197,198,202,204,211,212,213,214,216,218,219,220,222,226,230,234,236,237,238,239,240,242,250,255,256,262,263,264,265,276,283,284,285,286,287,288,289,291,293,294,295,299,304,306,307,308,309,310,311,315,316,320,321,326,327,329,330
328,328,116
1,2,3,15,18,20,21,22,23,24,25,43,44,45,46,64,65,66,67,68,69,83,84,85,86,87,88,89,100,103,106,107,108,109,110,130,131,132,148,151,152,153,154,161,162,169,170,172,173,174,175,176,182,184,187,191,192,193,194,195,196,197,198,204,211,212,213,214,217,218,219,220,225,226,234,236,237,239,240,241,242,244,256,261,262,263,264,265,267,271,276,278,284,285,286,287,288,291,294,299,306,307,308,309,310,311,314,315,316,320,321,322,327,328,329,330
89,89,113
1,2,3,15,18,21,22,23,24,25,41,43,44,45,46,60,63,64,65,66,67,68,69,84,85,86,87,88,89,104,105,106,107,108,109,110,126,129,130,131,132,151,152,153,154,161,162,170,173,174,175,176,181,182,183,187,190,192,194,195,196,197,198,206,208,211,212,213,216,218,219,220,221,226,227,233,234,236,237,240,241,242,244,250,256,258,261,262,263,264,265,266,267,271,277,278,284,285,287,288,295,304,306,307,308,309,311,316,320,321,328,329,330
313,313,118
1,2,3,18,21,23,24,25,37,41,43,44,45,46,47,63,64,65,66,67,68,69,84,85,86,87,88,89,90,104,105,106,107,108,109,110,126,127,129,130,131,132,151,152,153,154,160,162,170,173,174,175,176,182,185,186,187,191,192,193,195,196,197,198,202,204,207,209,212,213,214,216,218,219,220,223,231,235,236,237,239,240,241,242,250,256,261,262,263,264,265,266,267,277,278,283,284,285,286,287,288,289,293,295,299,304,306,307,308,310,311,316,321,322,327,328,329,330
56,56,90
1,2,3,21,23,24,25,42,45,46,47,61,63,64,65,66,67,68,69,83,84,85,86,87,88,89,90,105,106,107,108,109,110,126,129,130,131,132,151,152,153,154,160,162,170,174,175,176,185,192,194,195,196,197,198,202,204,212,213,214,216,217,218,219,220,238,240,241,242,244,261,262,263,264,278,284,285,286,287,288,306,307,308,310,311,326,327,328,329,330
563,563,96
1,2,3,17,20,21,23,24,25,37,38,40,42,43,44,45,46,47,60,63,64,65,66,67,68,84,85,86,87,88,89,90,104,106,107,108,109,110,127,129,130,131,132,150,151,152,153,154,160,162,170,173,174,175,176,186,192,193,195,196,197,198,205,216,217,218,219,220,226,228,240,241,243,244,245,250,261,262,263,264,267,272,282,284,286,288,289,294,307,308,311,326,327,328,329,330
72,72,116
1,2,3,17,20,21,22,23,24,25,37,40,42,43,44,45,46,47,50,61,62,63,64,65,66,67,68,82,83,84,85,86,87,88,89,90,104,105,106,107,108,109,110,123,126,129,130,131,132,148,149,150,152,153,154,160,162,164,170,173,174,175,176,182,184,186,188,192,194,195,196,197,205,214,217,218,219,227,228,230,232,237,239,240,241,242,243,244,245,250,257,261,262,263,264,265,267,281,285,286,287,288,289,294,304,305,306,307,308,309,310,311,327,328,329,330
101,101,114
1,2,3,17,19,20,21,22,23,24,25,37,40,41,42,43,44,45,46,60,62,63,64,65,66,67,68,83,84,85,86,87,88,90,103,104,105,106,107,108,109,110,126,127,129,130,131,132,148,151,152,153,162,164,170,172,173,174,175,176,181,184,186,187,192,193,195,196,197,198,205,208,212,215,216,217,218,219,220,225,227,228,239,240,241,242,243,244,245,249,254,261,263,264,265,267,272,282,283,285,286,288,289,304,305,306,307,308,311,326,327,328,329,330
17,17,119
1,2,3,15,16,17,18,20,22,23,24,25,37,40,41,42,43,44,45,46,61,62,63,64,65,66,67,68,83,84,85,86,87,88,103,104,105,106,107,108,109,110,127,129,130,131,132,150,151,152,153,154,160,161,162,164,170,172,173,174,175,176,181,182,183,184,186,192,194,196,197,204,205,208,215,216,218,219,227,228,232,236,237,240,241,242,243,244,249,250,257,260,261,262,263,264,265,266,267,272,283,284,285,286,287,288,289,294,295,305,306,307,308,309,326,327,328,329,330
183,183,121
1,2,3,15,17,18,19,20,21,22,23,24,25,37,40,41,42,43,44,45,46,47,61,62,63,64,65,66,67,68,83,84,85,86,87,88,90,104,105,106,107,108,109,110,126,127,128,129,130,131,132,149,150,151,152,153,154,160,162,169,170,172,174,175,176,184,186,189,192,193,194,196,197,198,205,211,212,213,215,216,217,218,219,228,237,239,240,241,242,244,245,249,250,257,261,262,263,264,265,266,267,272,283,284,286,287,288,289,294,303,304,305,306,307,308,310,326,327,328,329,330
467,467,121
1,2,3,15,18,19,20,21,22,23,24,25,37,40,41,42,43,44,45,46,47,62,63,64,65,66,67,68,69,82,83,84,85,86,87,88,89,90,104,106,107,108,109,110,113,116,129,130,131,132,150,151,152,153,154,160,162,164,169,170,172,173,174,175,176,182,184,186,187,192,193,195,196,197,198,204,205,216,217,218,219,220,237,239,240,241,242,243,244,250,257,261,263,264,265,266,267,272,276,278,282,284,285,286,287,288,289,293,294,304,305,306,307,308,309,310,311,327,328,329,330
468,468,116
1,2,3,9,15,18,19,20,21,22,23,24,25,37,39,41,42,43,44,45,46,47,60,62,63,64,65,66,67,68,82,83,84,85,86,87,88,103,104,106,107,108,109,110,127,129,130,131,132,149,150,151,152,153,154,158,162,169,170,173,174,175,176,179,184,186,187,192,196,197,198,205,214,216,217,218,219,220,237,239,240,241,242,243,245,251,261,262,263,264,265,266,267,272,276,282,283,284,285,286,288,289,293,294,303,305,306,307,308,310,311,326,327,328,329,330
132,132,104
1,2,3,15,18,19,20,21,22,23,24,37,40,41,42,43,44,45,46,60,61,62,63,64,65,66,67,68,82,83,84,85,86,87,88,89,90,104,107,108,109,110,127,129,130,131,132,148,150,151,152,153,154,162,173,174,175,176,184,192,195,196,197,198,216,217,218,219,220,237,239,240,241,242,243,244,261,262,263,264,266,267,272,278,283,284,285,286,287,288,294,303,304,305,306,307,308,310,311,326,327,328,329,330
454,454,82
1,2,3,18,19,20,21,22,23,24,25,37,40,41,42,43,44,45,64,65,66,67,68,82,84,85,86,87,88,89,90,107,108,109,110,129,130,131,132,151,152,153,154,162,169,170,173,174,175,176,184,196,197,198,218,219,220,240,241,242,243,244,250,261,262,264,267,284,285,286,287,305,306,307,308,310,311,326,327,328,329,330
554,554,106
1,2,3,15,17,18,19,20,21,22,23,24,25,34,37,38,39,40,41,42,43,44,45,46,47,60,61,62,63,64,65,66,68,83,84,85,86,87,88,89,106,107,108,109,110,130,131,132,140,151,152,153,154,162,163,170,174,175,184,186,187,192,196,197,198,217,218,219,220,222,227,228,239,240,241,242,243,244,249,250,261,262,263,264,265,266,267,272,284,285,286,287,288,289,303,304,305,306,307,308,309,310,327,328,329,330
546,546,92
1,2,3,15,18,19,20,21,22,23,24,25,41,43,44,45,46,60,61,62,63,64,65,66,67,68,83,84,85,86,87,88,90,106,107,108,109,110,114,129,130,131,149,151,152,153,154,162,163,172,173,174,175,176,184,186,196,197,198,218,219,220,222,239,240,241,242,243,244,250,261,262,264,265,266,267,284,285,286,289,304,305,306,307,308,310,325,326,327,328,329,330
277,277,102
1,2,3,11,15,18,19,20,21,22,23,24,25,42,43,44,45,46,47,62,63,64,65,66,67,68,83,84,85,86,87,88,90,106,107,108,109,110,126,127,128,129,130,131,151,152,153,154,161,162,163,172,173,174,175,176,184,186,187,192,196,197,198,199,208,217,218,219,220,221,239,240,241,242,243,246,250,261,262,263,264,266,272,283,284,285,286,287,288,289,303,305,306,307,308,310,311,326,327,328,329,330
156,156,91
1,2,3,18,19,21,22,23,24,25,40,41,43,44,45,46,47,61,62,63,64,65,66,67,68,77,83,84,85,86,87,88,101,106,107,108,109,110,129,130,131,132,152,153,154,158,162,163,173,174,175,176,179,184,187,196,197,198,200,218,219,220,222,235,240,241,242,243,244,250,261,262,263,264,267,278,284,285,286,287,305,306,307,308,310,311,326,327,328,329,330
455,455,118
1,2,3,12,17,18,19,20,21,22,23,24,25,40,41,42,43,44,45,46,47,60,61,62,63,64,65,66,67,68,69,83,84,85,86,87,88,89,90,99,106,107,108,109,110,113,118,122,127,129,130,131,132,149,151,152,153,154,161,162,163,174,175,176,183,184,185,186,192,194,195,196,197,198,199,200,214,215,216,217,218,219,220,221,222,227,229,238,240,241,242,244,245,250,261,262,263,264,266,267,278,284,285,286,288,289,304,305,306,307,308,311,325,326,327,328,329,330
172,172,93
1,2,3,18,19,20,21,22,23,24,41,42,44,45,46,47,56,62,63,64,65,66,67,68,83,84,85,86,87,88,90,100,106,107,108,109,110,122,129,130,131,132,150,151,152,153,154,162,170,173,174,175,176,184,186,196,197,198,200,216,217,218,219,220,222,239,240,241,242,244,261,262,263,264,267,283,284,285,286,287,288,289,305,306,307,308,310,325,326,327,328,329,330
438,438,125
1,2,3,12,18,19,20,21,22,23,24,25,38,39,40,41,42,43,44,45,46,47,61,63,64,65,66,67,68,69,82,83,84,85,86,87,88,89,90,100,103,107,108,109,110,118,126,127,128,129,130,131,132,148,149,150,151,152,153,154,157,162,163,164,170,171,172,173,174,175,176,180,184,186,192,196,197,198,208,216,217,218,219,220,222,238,239,240,241,242,244,245,246,253,261,262,263,264,266,267,268,272,275,278,282,284,285,286,287,288,289,299,303,304,305,306,307,308,310,325,326,327,328,329,330
7,7,122
1,2,3,12,17,18,19,20,21,22,23,24,38,40,41,42,43,44,45,46,63,64,65,66,67,68,69,78,82,83,84,85,86,87,88,89,99,100,103,106,107,108,109,110,127,128,129,130,131,132,139,148,149,150,151,152,153,154,157,160,161,162,163,164,171,172,173,174,176,178,184,185,186,187,195,196,197,198,200,207,210,215,216,217,218,219,220,222,237,238,239,240,241,242,244,249,261,262,263,264,266,267,268,284,285,286,288,289,303,304,305,306,307,308,310,311,325,326,327,328,329,330
565,565,116
1,2,3,11,18,19,20,21,22,23,24,25,34,40,42,43,44,45,46,61,63,64,65,66,67,68,69,83,84,85,86,87,88,89,90,98,103,107,108,109,110,116,118,127,128,129,130,131,132,148,151,152,153,154,158,160,161,162,163,164,172,174,175,176,184,186,187,188,196,197,198,200,207,210,216,217,218,219,220,222,232,239,240,241,242,244,245,261,262,263,264,266,267,268,272,275,278,283,284,285,286,287,288,289,304,305,306,307,308,310,325,326,327,328,329,330
112,112,112
1,2,17,18,19,20,21,22,23,24,25,32,42,43,44,45,46,47,63,64,65,66,67,68,69,75,83,84,85,86,87,88,89,91,98,106,107,108,109,110,116,128,130,131,132,148,151,152,153,154,158,161,162,163,164,174,175,176,181,185,186,187,189,192,195,196,197,198,216,217,218,219,220,222,235,238,239,240,241,242,244,245,249,250,261,262,263,264,266,267,268,272,283,284,285,286,287,288,289,290,304,305,306,307,308,313,325,326,327,328,329,330
185,185,120
2,3,10,15,18,19,20,21,22,23,24,25,34,40,42,43,44,45,47,56,57,63,64,65,66,67,68,69,83,84,85,86,87,88,91,97,98,102,106,107,108,109,110,116,118,120,128,129,130,131,132,137,139,140,141,144,148,151,153,154,158,159,160,161,162,163,173,174,175,176,185,186,189,195,196,197,198,203,206,207,208,216,217,218,219,220,222,223,224,234,238,239,240,241,242,244,245,250,258,261,262,263,264,275,283,284,285,286,303,304,305,306,307,308,325,326,327,328,329,330
499,499,50
199,221,243,244,245,246,247,248,249,250,251,265,266,267,268,269,270,271,272,273,274,282,287,288,289,290,291,292,293,294,295,296,297,298,299,309,310,311,312,313,314,315,316,317,318,319,320,321,322,324
119,119,126
1,2,21,23,125,139,140,162,167,169,170,173,174,175,176,183,184,188,189,190,191,192,193,194,195,196,197,198,205,206,207,208,209,210,211,212,213,214,215,216,217,218,219,220,226,227,228,229,230,231,232,233,234,235,236,237,238,239,240,241,242,246,247,248,249,250,251,253,254,255,256,257,258,259,260,261,262,263,264,269,270,271,272,273,274,275,276,277,278,279,280,281,282,283,284,285,286,291,292,294,295,296,297,298,299,300,301,302,303,304,305,306,307,308,313,314,315,320,323,324,325,326,327,328,329,330
251,251,137
1,2,3,4,5,6,7,8,18,19,20,21,22,23,24,27,28,29,30,31,40,41,42,43,44,45,50,51,52,53,59,60,61,62,63,64,65,66,71,72,73,74,75,76,81,82,83,84,85,86,87,88,95,96,100,101,102,103,104,105,106,107,108,109,110,118,119,124,125,126,129,130,131,132,140,146,147,149,150,151,152,153,154,162,166,168,169,170,171,172,173,174,175,176,189,190,191,192,193,194,195,196,197,198,211,212,213,214,215,216,217,218,219,220,233,235,236,237,238,239,240,241,242,258,259,260,261,262,263,264,280,281,282,283,284,285,305
320,320,121
2,3,4,5,6,7,8,9,10,11,12,13,14,15,16,17,18,19,20,21,22,23,24,25,26,27,28,29,30,31,32,33,34,35,36,37,38,39,40,41,42,43,44,45,46,47,48,49,50,51,52,53,54,55,56,57,58,59,60,61,62,63,64,65,66,72,73,74,75,76,78,79,80,81,82,83,84,85,86,87,88,98,99,100,101,102,103,104,105,106,107,108,109,110,123,124,125,126,127,128,129,130,131,132,145,146,147,148,149,150,151,152,153,154,169,170,171,172,175,176,310
303,303,112
2,3,4,5,6,7,8,9,10,11,12,13,14,15,16,17,18,19,20,21,22,24,25,26,27,28,29,30,31,32,33,34,35,36,37,38,39,40,41,42,43,44,45,47,50,51,52,53,54,55,56,57,58,59,60,61,62,63,64,65,66,67,74,75,76,77,78,79,80,81,82,83,84,85,86,87,88,98,100,101,102,103,104,105,106,107,108,109,110,122,123,124,125,126,127,128,129,130,131,132,145,146,147,148,149,150,152,153,154,171,175,176
333,333,106
3,4,5,6,7,8,9,10,11,12,13,14,15,16,17,18,19,20,21,22,24,25,26,27,28,29,31,32,33,34,35,36,37,38,39,40,42,43,45,46,47,48,49,50,51,52,53,54,55,56,57,58,59,60,61,64,65,66,67,68,69,70,71,76,77,78,79,80,81,82,86,87,88,89,90,93,95,99,100,101,102,103,104,105,106,107,112,121,122,123,124,125,126,128,129,132,134,145,146,147,148,149,150,170,178,199
82,82,91
3,4,5,6,7,8,9,10,11,12,13,14,15,16,17,24,25,26,27,28,29,31,32,33,34,35,36,37,38,42,45,46,47,48,49,50,51,53,54,55,56,57,58,59,60,61,64,67,68,70,71,72,73,77,78,79,80,81,82,87,94,99,100,101,102,103,104,105,106,107,121,123,124,125,126,127,128,143,144,145,146,147,148,149,152,168,170,177,191,199,237
42,42,49
8,9,10,11,13,27,28,31,32,33,34,35,46,47,48,49,50,55,56,57,67,68,69,70,71,79,80,83,105,106,115,125,126,127,128,142,146,147,148,149,150,160,164,169,170,181,287,309,320
240,240,55
3,4,7,8,9,10,11,12,13,14,16,30,31,32,33,34,36,37,48,49,55,56,57,58,59,60,69,78,79,80,81,89,90,102,103,104,111,112,113,114,122,123,124,125,126,133,134,135,136,155,156,177,178,199,212
13,13,41
7,11,13,14,15,30,31,32,34,35,36,37,56,57,58,59,69,73,74,79,80,81,89,91,100,101,104,111,112,113,114,123,133,134,155,156,157,167,177,178,199
175,175,22
14,27,36,58,59,73,89,90,91,111,113,114,133,134,135,136,155,156,166,177,179,199
364,364,3
185,241,264
63,63,24
19,62,109,151,152,153,173,185,195,196,197,198,218,219,236,241,263,264,285,286,303,305,329,330
10,10,41
17,19,22,40,41,62,63,65,109,131,142,150,152,154,157,172,173,174,175,183,184,185,194,195,196,197,198,214,218,219,241,242,264,281,285,303,307,321,325,328,330
467,467,57
17,18,19,22,39,40,41,62,63,85,106,131,132,151,152,153,154,163,164,172,173,174,175,176,183,185,194,195,196,197,198,206,214,216,219,236,240,241,242,260,262,263,264,281,282,284,285,286,304,306,307,322,325,327,328,329,330
358,358,74
17,18,19,22,40,41,43,44,47,62,63,65,66,84,85,87,106,109,110,117,130,131,132,150,151,152,153,154,163,172,173,174,175,185,194,195,196,197,198,206,208,214,216,217,218,219,220,230,236,238,240,241,242,260,261,263,264,281,283,284,285,286,303,304,305,306,307,308,322,325,326,328,329,330
402,402,55
18,19,22,39,40,41,62,98,107,110,128,129,130,142,150,151,152,153,172,173,174,175,176,185,192,193,195,196,197,219,220,240,241,242,249,261,262,264,282,283,284,285,286,300,303,304,305,307,308,321,324,325,327,329,330
568,568,86
17,18,19,22,39,40,41,61,62,63,84,85,87,88,93,106,107,110,122,127,128,129,130,131,132,148,149,150,151,152,153,154,171,172,173,174,175,176,185,194,195,196,197,198,214,216,217,218,219,220,227,236,239,240,241,242,248,250,260,261,262,263,264,273,281,282,283,284,285,286,293,299,300,303,304,305,306,307,308,321,322,325,326,328,329,330
215,215,87
8,14,18,19,21,22,39,40,41,42,62,63,83,84,85,87,88,106,107,108,109,110,120,128,129,130,132,140,142,148,149,150,151,152,153,164,172,173,174,175,176,194,195,196,197,198,216,217,218,219,220,236,238,239,240,241,242,252,260,261,262,263,264,273,281,282,283,284,285,286,294,298,303,304,305,307,308,321,322,323,324,325,326,327,328,329,330
240,240,64
15,17,18,19,22,39,40,41,61,62,63,88,106,107,109,110,128,129,130,131,149,150,151,152,154,172,173,174,175,176,194,195,196,197,217,218,219,220,238,239,240,241,242,261,263,264,281,282,283,284,285,286,300,303,305,306,307,308,323,325,327,328,329,330
440,440,99
3,8,15,17,18,19,20,21,22,24,39,40,41,42,44,46,62,63,65,68,69,84,85,87,88,93,99,106,107,108,109,110,113,128,129,130,131,132,142,149,150,151,152,153,154,170,172,173,174,175,176,187,192,194,195,196,197,198,214,217,218,219,220,228,238,239,240,241,242,250,252,261,262,263,264,272,273,281,282,283,284,285,286,298,300,303,304,305,306,307,308,320,322,324,326,327,328,329,330
290,290,94
14,15,17,18,19,20,25,38,39,40,41,42,46,47,61,62,63,65,66,68,83,84,85,87,88,93,106,107,109,110,120,127,128,129,130,131,132,149,150,151,152,153,154,164,172,173,174,175,176,192,194,195,196,197,198,200,214,216,218,219,220,239,240,241,242,260,261,262,263,264,273,274,277,281,282,283,284,285,286,301,303,304,305,306,307,308,321,322,324,325,327,328,329,330
198,198,96
14,15,17,18,19,20,22,24,25,39,40,41,42,44,46,47,61,62,84,85,87,88,92,106,107,108,109,110,111,120,127,128,129,130,131,132,140,142,149,150,151,152,153,154,170,172,173,174,175,176,193,195,196,198,200,208,217,218,219,220,239,240,241,242,250,260,261,262,263,264,273,281,282,283,284,285,286,296,298,303,304,305,306,307,308,320,321,322,323,324,325,326,327,328,329,330
156,156,50
15,18,22,33,40,41,62,66,87,106,107,108,110,129,150,151,152,153,154,172,173,174,175,176,195,196,198,214,218,219,240,241,242,261,263,264,281,284,285,286,301,305,306,307,308,325,326,327,328,329
60,60,89
3,14,17,18,19,20,21,22,24,36,39,40,41,42,44,47,62,63,65,66,69,85,87,91,98,104,107,108,113,114,128,129,130,131,132,140,142,151,152,153,154,157,171,172,173,174,175,176,195,196,197,198,214,216,217,218,220,239,240,241,242,260,261,262,263,264,272,273,281,283,284,285,286,298,303,304,305,307,308,320,321,322,323,324,326,327,328,329,330
288,288,84
17,18,19,21,31,36,39,40,41,44,61,62,63,65,66,83,84,85,87,88,106,107,108,109,110,128,129,130,131,132,135,140,149,150,151,152,153,154,157,172,173,174,175,176,196,214,219,220,234,236,239,240,241,242,257,260,261,262,263,264,277,281,283,284,285,286,299,300,301,303,304,305,306,307,320,321,322,323,324,325,326,328,329,330
494,494,89
2,3,17,18,19,22,25,26,30,31,37,39,40,41,43,44,47,61,62,63,64,66,78,79,84,85,86,87,88,106,107,108,109,110,113,127,128,129,130,132,140,149,150,151,152,153,154,165,171,173,174,175,176,196,198,218,219,220,238,239,240,241,242,255,256,257,261,262,263,264,281,283,284,285,286,292,303,304,305,306,307,308,321,323,324,325,326,329,330
60,60,90
3,18,19,20,22,25,40,41,42,43,44,47,59,61,62,63,66,83,84,85,87,88,106,107,108,110,120,124,127,128,129,130,132,149,150,151,152,153,154,172,173,174,175,176,184,196,198,211,214,217,218,219,220,227,236,238,239,240,241,242,257,260,261,262,263,264,277,281,283,284,285,286,299,300,301,303,304,306,307,308,321,322,323,324,325,326,327,328,329,330
258,258,86
2,3,17,18,19,22,24,25,31,39,40,41,43,44,62,63,64,65,66,78,81,84,85,86,87,88,102,105,106,107,108,109,110,127,128,129,130,131,132,150,151,152,153,154,173,174,175,176,189,196,214,217,218,219,220,238,239,240,241,242,257,260,261,262,263,264,281,282,283,284,285,286,299,300,303,304,306,307,308,323,325,326,327,328,329,330
190,190,87
13,17,18,19,21,22,24,25,30,31,34,36,37,40,41,43,44,62,63,65,66,84,85,87,88,102,106,107,108,109,110,119,120,128,129,130,131,132,150,151,152,153,154,164,172,173,174,175,176,194,197,198,214,217,218,219,220,239,240,241,242,248,257,260,261,262,263,264,281,283,284,285,286,301,303,304,305,306,307,308,322,323,324,325,326,329,330
195,195,85
2,13,15,17,18,20,21,22,25,32,34,37,39,40,41,42,43,44,62,63,64,65,66,84,85,86,87,88,106,107,110,120,124,127,128,129,130,150,151,152,153,154,164,173,174,175,176,192,197,198,205,216,217,218,219,220,239,240,241,242,260,261,262,263,264,281,282,283,284,285,286,303,304,305,306,307,308,310,323,325,326,327,328,329,330
450,450,53
18,22,31,40,41,44,62,63,84,85,87,88,106,107,108,109,110,128,129,130,150,151,152,153,172,173,174,176,196,218,219,220,239,240,241,242,244,262,263,264,283,284,285,303,304,305,306,307,308,325,328,329,330
455,455,7
62,63,107,128,219,241,263
520,520,28
135,177,182,203,204,225,232,233,243,244,245,246,247,252,253,254,266,287,294,295,296,300,309,311,314,315,317,323
356,356,35
72,93,94,95,116,117,118,138,139,140,160,161,162,163,164,183,184,205,226,227,247,248,268,269,270,290,291,292,309,310,311,312,313,314,315
262,262,84
137,157,158,177,193,199,215,221,222,231,236,237,238,242,243,244,251,252,253,254,255,256,258,259,260,261,264,266,271,273,274,275,276,277,278,279,280,281,282,283,284,285,287,288,289,291,292,293,294,295,296,297,298,299,300,301,302,303,304,305,306,307,308,309,310,311,313,314,315,316,317,318,319,320,321,322,323,324,325,326,327,328,329,330
471,471,99
170,191,192,193,198,210,211,212,213,214,215,216,217,219,220,230,231,232,233,234,235,236,237,238,239,240,241,242,251,252,253,254,255,256,257,258,259,260,261,262,263,264,270,271,272,273,274,275,276,277,278,279,280,281,282,283,284,285,286,287,291,292,293,294,295,296,297,298,299,300,301,302,303,304,305,306,307,308,309,310,312,313,314,315,316,317,318,319,320,321,322,323,324,325,326,327,328,329,330
294,294,115
61,148,153,170,171,173,174,175,176,190,191,192,193,194,195,196,197,198,211,212,213,214,215,216,217,218,219,220,230,231,232,233,234,235,236,237,238,239,240,241,242,250,251,252,253,254,255,256,257,258,259,260,261,262,263,264,270,271,272,273,274,275,276,277,278,279,280,281,282,283,284,285,286,287,288,289,290,292,293,294,295,296,297,298,299,300,301,302,303,304,305,306,307,308,309,310,311,313,314,315,316,317,318,319,320,321,322,323,324,325,326,327,328,329,330
256,256,132
22,39,42,43,44,61,63,64,65,66,82,83,84,85,86,87,88,104,105,106,107,108,109,110,126,127,128,129,130,131,132,148,149,150,151,152,153,154,169,170,171,172,173,174,175,176,191,192,193,194,195,196,197,198,212,213,214,215,216,217,218,219,220,231,232,233,234,235,236,237,238,239,240,241,242,251,252,253,254,255,256,257,258,259,260,261,262,263,264,266,271,272,273,274,275,276,277,278,279,280,281,282,283,284,285,286,293,294,295,296,297,298,299,300,302,303,304,305,306,307,308,309,316,317,318,319,320,324,325,328,329,330
295,295,110
1,2,3,4,5,6,7,8,9,10,11,12,13,14,15,16,17,18,19,20,21,22,23,24,25,26,27,28,29,30,31,32,33,34,35,36,37,38,39,40,41,42,43,44,45,46,47,48,49,50,51,52,53,54,55,56,57,58,59,60,61,62,63,64,65,66,67,68,69,70,71,72,73,74,75,76,77,78,81,83,84,85,86,87,88,89,90,91,92,96,97,98,103,104,105,106,107,108,109,111,112,113,127,128,129,130,133,134,155,306
465,465,64
1,2,3,4,5,6,7,8,9,10,11,12,13,14,15,23,24,25,26,27,28,29,30,31,32,33,34,35,45,46,47,48,49,50,51,52,53,54,55,67,68,69,70,71,72,73,89,90,91,92,93,94,104,111,112,113,114,133,135,138,156,177,199,228
415,415,19
242,261,262,264,283,284,285,286,300,301,304,306,307,308,321,324,327,329,330
185,185,71
19,22,42,43,64,65,66,85,86,88,98,99,109,110,127,130,131,132,139,144,145,150,164,165,172,174,175,176,194,196,197,198,200,207,216,217,218,219,238,239,240,241,242,255,256,257,258,261,262,264,272,273,278,279,281,282,283,284,285,286,300,306,308,316,318,321,323,326,327,329,330
206,206,67
22,32,34,42,43,44,53,60,64,65,66,76,85,87,88,97,100,102,107,108,109,110,120,128,130,131,132,142,145,151,152,153,154,164,165,176,185,186,188,196,197,198,207,208,214,239,240,241,242,244,249,252,261,262,269,271,272,273,274,277,281,294,305,317,324,325,327
180,180,83
3,6,7,9,15,22,31,32,43,52,56,64,65,66,73,79,80,81,85,86,87,95,96,100,101,102,106,108,110,119,120,123,129,130,140,141,142,145,146,149,154,163,164,165,169,185,186,187,188,194,195,196,197,198,208,215,226,233,235,236,239,240,242,244,249,253,256,262,264,272,273,274,277,278,280,281,290,293,294,299,305,317,325
54,54,105
10,14,19,20,21,22,38,43,47,56,58,59,63,64,65,66,74,76,77,78,81,84,85,86,87,88,96,101,103,107,108,109,110,120,121,122,123,124,127,132,141,143,145,146,148,151,154,164,166,167,168,173,176,184,186,187,188,189,194,196,198,203,204,211,215,216,217,219,230,231,232,233,235,236,239,241,250,257,258,261,262,263,264,272,274,278,282,283,284,285,286,290,293,294,295,303,304,305,314,321,322,323,324,325,326
316,316,102
7,10,11,12,14,19,22,25,29,30,47,53,64,65,66,76,77,78,79,81,84,85,86,87,88,96,99,100,107,108,110,120,122,127,129,132,141,142,143,144,145,147,153,154,162,163,164,165,166,167,168,169,170,171,175,176,187,192,195,196,197,204,207,214,216,217,232,233,234,239,240,241,253,256,257,258,261,262,263,272,273,279,282,283,285,286,289,290,294,295,299,300,304,305,308,317,318,321,322,325,326,327
73,73,71
7,9,10,19,21,24,29,34,42,44,47,54,57,59,64,65,66,75,76,84,85,86,88,99,100,101,105,108,110,117,119,122,153,165,167,169,172,174,176,186,187,196,197,215,218,219,230,231,232,239,240,241,262,263,272,273,278,279,282,283,284,285,286,304,305,308,323,326,327,328,330
318,318,96
3,7,8,9,10,14,19,21,22,25,29,34,43,44,54,57,59,64,65,66,69,76,83,84,85,86,87,88,98,102,107,108,109,110,118,119,124,127,128,130,131,132,140,144,146,152,163,164,165,166,167,168,172,175,176,188,196,197,209,215,218,219,220,232,233,240,242,256,261,262,263,264,271,272,273,274,278,280,282,283,284,285,286,294,295,301,302,304,305,306,307,308,325,326,327,328
89,89,114
2,3,7,9,10,11,12,14,18,20,21,22,25,30,31,34,35,41,44,45,47,53,54,56,57,58,59,63,64,65,66,69,76,77,78,80,84,85,86,87,88,91,97,98,102,105,107,108,109,110,118,119,120,122,124,128,129,130,132,140,144,146,151,152,154,167,168,170,172,173,174,175,186,187,196,197,198,211,215,217,218,219,223,230,231,232,233,239,244,256,261,262,263,272,273,280,282,283,284,285,286,293,300,301,302,304,305,306,308,324,325,327,328,329
472,472,89
2,3,7,10,11,12,14,20,21,22,25,34,42,43,44,47,56,58,63,64,65,66,84,85,86,87,88,95,96,99,102,105,106,107,108,109,110,119,124,129,130,131,132,143,151,152,154,162,163,166,167,168,173,174,176,185,196,197,215,218,219,222,233,239,240,257,261,262,270,278,281,282,283,284,285,286,293,300,301,302,304,305,307,317,323,325,326,327,328
111,111,122
2,3,5,9,10,11,12,13,14,15,18,20,21,22,25,31,32,34,37,38,42,43,44,47,51,55,57,59,60,62,63,64,65,66,67,78,82,84,85,86,87,88,97,100,102,105,106,107,109,110,115,119,120,121,123,124,127,128,129,130,131,132,144,145,151,152,153,154,162,164,167,168,171,172,174,175,176,187,196,197,198,203,208,214,219,220,224,231,237,239,240,241,257,260,261,262,270,281,282,283,284,285,286,299,300,301,303,304,305,306,307,308,316,317,322,324,325,326,327,328,329,330
563,563,93
7,9,10,12,13,14,18,20,21,22,25,30,31,32,34,38,42,43,44,47,51,54,57,63,64,65,66,78,82,84,85,86,87,88,102,105,106,107,108,109,110,119,121,123,124,130,131,132,145,146,152,153,154,164,174,176,186,188,197,214,215,218,219,220,233,240,241,249,252,254,255,257,261,262,269,270,272,282,284,286,301,304,305,306,307,308,317,325,326,327,328,329,330
519,519,116
3,7,8,9,10,11,14,18,19,20,21,22,25,30,31,34,35,38,42,43,44,47,56,60,64,65,66,76,78,82,84,85,86,87,88,97,100,101,102,103,105,106,107,108,109,110,118,119,123,124,130,131,132,140,142,143,144,145,146,152,153,154,163,164,165,166,167,174,176,186,196,197,198,207,209,214,215,218,219,220,231,233,239,240,241,242,256,257,260,261,262,264,272,273,274,278,279,282,283,284,285,286,303,304,305,306,307,308,318,323,325,326,327,328,329,330
305,305,113
3,6,7,9,10,11,12,13,14,18,19,20,21,22,25,32,34,42,43,44,47,54,55,64,65,66,82,84,85,86,87,88,95,97,99,100,102,106,107,108,109,110,117,119,123,129,130,131,132,137,142,145,152,153,154,163,164,165,166,167,169,174,175,176,186,189,196,197,198,208,215,218,219,220,227,228,231,239,240,241,242,249,257,261,262,263,264,272,273,274,278,280,281,282,283,285,290,291,292,296,303,304,305,306,307,308,313,314,326,327,328,329,330
215,215,114
3,5,7,9,10,11,12,18,21,22,25,30,31,32,33,34,35,42,43,44,47,55,56,60,63,64,65,66,67,76,77,84,85,86,87,88,96,97,100,102,107,108,109,110,117,120,122,123,127,130,131,132,143,144,145,152,153,154,162,165,167,170,174,175,176,186,188,196,197,198,207,211,214,218,219,220,225,227,232,236,239,240,241,242,246,252,257,261,262,263,264,273,274,278,280,284,285,286,290,296,301,302,303,304,305,306,307,308,325,326,327,328,329,330
469,469,88
3,9,10,20,21,22,25,32,34,43,44,47,64,65,66,68,77,85,86,87,88,107,108,109,110,119,120,130,131,132,152,153,154,164,166,174,175,176,182,185,196,197,198,208,218,219,220,225,236,237,239,240,241,242,244,247,248,252,253,255,257,261,263,264,269,273,274,278,282,283,284,285,286,299,301,303,304,305,306,307,308,318,325,326,327,328,329,330
166,166,113
3,9,10,12,20,21,22,25,30,32,34,42,43,44,47,54,56,60,64,65,66,76,77,82,84,85,86,87,88,90,96,97,99,102,103,108,109,110,117,118,120,122,124,127,130,131,132,140,143,144,145,146,152,153,154,165,166,174,175,176,182,185,186,196,197,198,210,218,219,220,225,226,229,233,239,240,241,242,247,248,255,256,261,262,263,264,269,270,273,274,278,282,283,284,285,286,291,295,296,297,301,303,304,305,306,307,308,325,326,327,328,329,330
542,542,118
3,6,7,9,10,12,14,18,20,21,22,25,30,31,33,34,42,43,44,47,60,64,65,66,77,82,85,86,87,88,100,102,106,107,108,109,110,117,119,121,122,123,124,129,130,131,132,143,145,152,153,154,165,166,167,174,175,176,182,186,196,197,198,206,207,208,209,211,215,218,219,220,226,227,230,231,237,239,240,241,242,247,248,249,250,251,253,257,260,261,262,263,264,274,278,280,281,282,283,284,285,286,301,303,304,305,306,307,308,310,317,318,324,325,327,328,329,330
206,206,108
3,5,7,8,9,10,12,18,19,20,21,22,25,29,30,31,34,38,40,42,43,44,47,63,64,65,66,77,81,84,85,86,87,88,102,108,109,110,118,119,121,122,123,124,129,130,131,132,139,144,145,152,153,154,167,174,175,176,186,196,197,198,205,206,208,214,217,218,220,226,227,229,231,236,239,240,241,242,247,248,249,251,257,261,262,263,264,278,281,282,283,284,285,286,298,300,304,305,306,307,308,317,318,325,327,328,329,330
441,441,122
3,4,6,8,10,12,18,19,20,21,22,25,29,31,33,34,35,38,41,42,43,44,47,51,55,60,63,64,65,66,77,82,84,85,86,87,88,96,102,107,108,109,110,117,119,120,124,129,130,131,132,145,152,153,154,167,174,175,176,186,188,189,196,197,205,206,208,209,217,218,219,220,226,227,239,240,241,242,244,247,248,249,250,251,252,253,254,257,261,262,263,264,271,272,275,276,278,280,281,282,283,284,285,286,299,300,301,303,304,305,306,307,308,309,321,322,325,326,327,328,329,330
214,214,122
3,6,8,10,13,18,21,22,25,27,32,35,40,42,43,44,47,56,62,63,64,65,66,76,82,84,85,86,87,88,91,95,107,108,109,110,118,120,122,129,130,131,132,134,135,143,144,145,151,152,153,154,162,164,165,167,174,175,176,184,185,186,196,197,198,203,206,208,211,214,218,219,220,225,226,227,230,239,240,241,242,248,249,251,252,253,257,260,261,263,264,268,269,270,273,275,277,278,281,283,284,285,286,291,296,297,299,300,301,303,304,306,307,308,321,323,324,325,326,328,329,330
443,443,117
3,5,7,9,10,11,12,15,18,20,21,22,25,27,33,34,35,41,42,43,44,47,55,60,63,64,65,66,76,77,78,84,85,86,87,88,98,99,100,104,107,108,109,110,118,119,122,123,124,129,130,131,132,143,144,145,146,151,152,153,154,164,174,175,176,187,189,196,197,198,203,206,208,211,213,214,218,219,220,225,226,228,230,239,240,241,242,246,247,249,255,257,261,262,263,264,270,278,281,283,284,285,286,291,301,303,304,306,307,308,314,325,326,327,328,329,330
447,447,83
3,9,10,18,20,21,22,25,33,34,42,43,44,47,55,63,64,65,66,77,85,86,87,88,95,100,108,109,110,118,123,124,129,130,131,132,145,151,152,153,154,174,175,176,185,186,187,188,196,197,198,206,208,218,219,220,239,240,241,242,251,252,257,262,263,264,278,282,283,285,286,299,303,304,305,307,308,325,326,327,328,329,330
419,419,101
2,3,6,11,18,19,20,21,22,25,31,33,41,42,43,44,47,55,62,63,64,65,66,76,84,85,86,87,88,95,99,100,101,107,108,109,110,122,124,129,130,131,132,145,146,151,152,153,154,164,165,166,167,174,175,176,185,186,196,197,198,208,209,215,218,219,220,230,239,240,241,242,250,257,261,262,263,264,270,271,273,278,282,283,284,285,286,293,294,301,304,305,306,307,308,325,326,327,328,329,330
113,113,110
2,3,5,6,7,9,10,18,19,20,21,22,25,28,31,32,33,34,36,41,42,43,44,47,63,64,65,66,82,84,85,86,87,88,95,100,107,108,109,110,115,117,121,122,123,130,131,132,135,142,143,144,145,151,152,153,154,164,165,166,169,174,175,176,185,186,189,196,197,198,218,219,220,222,225,239,240,241,242,252,257,261,262,263,264,270,271,272,273,274,276,278,281,282,283,284,285,286,301,303,304,305,306,307,308,315,326,328,329,330
262,262,116
7,8,9,12,15,18,19,20,21,22,25,34,35,41,42,43,44,47,56,58,63,64,65,66,69,83,84,85,86,87,88,95,99,100,107,108,109,110,115,121,122,123,130,131,132,134,144,145,148,152,153,154,164,165,169,174,175,176,182,186,187,196,197,198,205,207,208,210,218,219,220,226,227,229,230,233,236,239,240,241,242,249,250,252,256,257,261,262,263,264,270,271,272,273,278,282,283,284,285,286,294,297,300,303,304,305,306,307,308,314,319,323,325,326,329,330
138,138,110
1,4,9,15,18,20,21,22,27,28,31,33,34,41,42,43,44,47,49,56,60,63,64,65,66,69,77,84,85,86,88,97,99,100,107,108,109,110,120,121,122,123,129,130,131,132,143,146,151,152,153,154,165,174,175,176,182,186,190,196,197,198,205,207,208,209,211,218,219,220,222,227,229,230,239,240,241,242,250,252,253,257,261,262,263,264,269,271,274,278,282,283,284,285,286,294,304,305,306,307,308,313,314,320,325,326,327,328,329,330
178,178,110
5,6,9,13,18,19,20,21,22,27,29,30,35,36,41,42,43,44,47,56,63,64,65,66,69,84,85,86,87,88,99,100,101,107,108,109,110,120,121,123,124,130,131,132,140,142,143,145,152,153,154,164,165,166,174,175,176,182,185,186,196,197,198,205,208,209,210,215,218,219,220,227,228,230,233,239,240,241,242,249,252,253,254,257,261,262,263,264,273,274,278,281,282,283,284,285,286,290,293,304,305,307,308,313,314,325,326,327,328,330
154,154,97
8,9,14,18,19,20,21,22,32,33,34,41,42,43,44,47,56,63,64,65,66,83,84,85,86,87,91,98,99,100,101,106,107,108,109,110,122,123,129,130,131,132,142,143,152,153,154,165,167,169,175,176,186,196,197,198,203,205,208,209,217,218,219,220,222,226,227,230,239,240,241,242,249,251,252,254,258,261,262,263,264,273,278,281,282,284,285,286,304,305,306,307,308,326,327,329,330
263,263,122
5,6,8,10,12,13,14,16,18,19,20,21,22,27,33,40,41,42,43,44,47,56,58,63,64,65,66,69,71,72,77,84,85,86,87,88,99,100,101,107,108,109,110,122,123,124,130,131,132,142,143,144,152,153,154,164,165,167,169,174,175,176,181,182,186,196,197,198,204,208,213,218,219,220,227,228,230,232,233,239,240,241,242,248,249,250,251,252,254,256,257,260,261,262,263,264,270,271,273,274,278,280,281,282,283,284,285,286,292,304,305,306,307,308,313,314,325,326,327,328,329,330
529,529,122
4,6,8,10,14,18,19,20,21,22,32,33,35,38,41,42,43,44,47,56,62,63,64,65,66,69,77,78,80,85,86,87,88,91,95,98,99,100,101,106,107,108,109,110,118,122,123,130,131,132,144,145,148,152,153,154,165,166,167,174,175,176,180,181,182,186,187,190,196,197,198,204,205,207,208,213,215,218,219,220,225,228,230,233,239,240,241,242,248,249,250,251,257,260,261,262,263,264,270,271,277,278,281,282,283,284,285,286,293,303,304,305,306,307,308,324,325,326,327,328,329,330
325,325,46
221,222,243,244,245,246,265,266,267,268,269,270,287,288,289,290,291,292,293,294,295,296,297,298,299,300,309,310,311,312,313,314,315,316,317,318,319,320,321,322,323,324,325,326,327,328
548,548,124
1,2,3,4,5,15,23,24,25,26,27,45,46,47,48,49,67,68,69,70,89,90,91,111,147,148,149,150,151,152,153,168,169,170,171,172,173,174,175,176,192,193,194,195,196,197,198,199,211,212,213,214,215,216,217,218,219,220,234,235,236,237,238,239,240,241,242,243,245,255,256,257,258,259,260,261,262,263,264,265,266,267,276,277,278,279,280,281,282,283,284,285,286,287,288,289,297,298,299,300,301,302,303,304,305,306,307,308,309,310,311,318,319,320,321,322,323,324,325,326,327,328,329,330
541,541,135
1,2,3,4,5,6,7,8,9,13,14,15,16,17,18,19,20,21,22,23,24,25,26,27,28,29,30,31,35,36,39,40,41,42,43,44,45,46,47,48,49,50,51,52,53,55,56,57,59,60,61,62,63,64,65,66,68,69,70,71,72,74,77,78,81,83,84,85,86,87,88,91,103,104,105,106,107,108,109,110,125,126,127,128,129,130,131,132,147,148,149,150,151,152,153,154,169,170,171,172,173,174,175,176,192,193,194,195,196,197,198,213,214,215,216,217,218,219,220,236,237,238,239,240,241,242,256,257,258,259,260,261,263,264,285
297,297,121
1,2,3,4,5,6,7,8,9,10,11,12,13,14,15,16,17,18,19,20,21,22,25,27,28,29,30,31,32,33,34,35,36,37,38,39,40,41,42,43,44,49,50,51,52,53,54,55,56,57,58,59,60,61,62,63,64,65,66,71,72,73,74,75,76,77,78,79,80,81,82,83,84,85,86,87,88,95,97,98,99,102,103,104,105,106,107,108,109,110,125,126,127,128,129,130,131,132,146,147,148,149,150,151,152,153,154,169,170,171,172,173,174,175,176,192,193,194,195,197,198
227,227,113
2,3,4,6,7,8,9,10,11,12,13,14,15,16,17,18,19,20,21,22,28,29,30,31,32,33,34,35,36,37,38,39,40,41,42,43,44,50,51,52,53,54,55,56,57,58,59,60,61,62,63,64,65,66,73,75,76,77,78,79,80,81,82,83,84,85,86,87,88,90,93,96,97,101,102,103,104,105,106,107,108,109,110,111,112,114,115,118,125,126,127,128,129,130,131,132,136,138,147,148,149,150,151,152,153,154,162,164,171,176,196,197,208
205,205,103
7,8,9,10,11,13,14,15,16,17,18,19,20,21,22,28,29,30,31,32,33,35,36,37,38,39,40,41,42,43,44,50,51,52,53,54,57,58,59,60,61,64,65,66,74,80,81,82,83,94,95,97,99,100,102,103,104,105,111,115,117,118,120,125,126,127,133,134,137,138,140,141,145,146,147,148,149,157,160,161,162,164,167,168,169,170,171,185,186,188,190,191,208,209,210,230,231,232,233,234,252,254,255
317,317,88
8,9,10,11,12,13,14,15,16,17,19,20,21,30,31,32,34,35,36,37,38,39,40,43,44,50,51,52,53,57,58,59,60,61,62,71,74,75,80,81,82,83,91,92,93,101,103,104,105,106,111,113,115,116,117,118,119,120,121,125,126,127,133,138,139,141,143,146,147,148,149,161,163,165,166,168,169,170,171,188,189,190,191,211,212,213,231,233
72,72,36
10,11,12,160,177,181,182,183,192,201,204,208,230,244,247,252,268,269,270,272,273,274,289,290,291,293,294,295,296,297,311,312,313,316,317,318
204,204,49
1,2,9,10,13,15,16,19,29,33,34,36,37,38,51,54,57,58,59,60,69,71,72,77,79,81,82,90,91,93,94,95,98,102,103,111,112,116,117,133,148,191,203,211,213,223,224,234,299
196,196,34
1,2,15,23,28,36,38,49,58,59,78,79,80,81,82,90,91,94,95,101,102,103,111,112,113,114,116,125,126,133,155,168,190,233
456,456,10
1,2,23,58,59,111,113,116,133,137
179,179,8
44,66,132,154,218,219,239,261
575,575,29
20,21,42,44,64,66,88,109,110,131,132,152,153,197,198,217,219,220,238,239,258,260,261,263,283,304,306,326,327
190,190,44
19,21,22,41,42,43,44,65,66,85,87,88,100,108,109,110,130,131,132,153,174,175,176,194,195,197,217,218,219,220,238,239,240,241,258,264,270,271,303,304,307,325,326,328
320,320,66
19,20,21,22,40,41,42,44,64,65,66,86,87,88,108,109,110,124,130,131,132,152,153,154,173,174,175,176,193,194,196,197,198,216,217,218,219,220,236,237,238,239,240,241,242,256,258,260,261,263,264,270,271,279,283,284,285,286,304,306,307,308,325,326,327,328
312,312,83
19,20,21,22,40,41,42,43,44,62,63,64,65,66,70,85,86,87,88,98,107,108,109,110,129,130,131,132,152,153,154,171,173,174,175,176,193,194,196,197,198,215,216,217,218,219,220,235,237,238,239,240,241,247,254,257,258,260,261,262,263,264,270,271,280,282,283,284,285,286,302,304,305,306,307,308,323,325,326,327,328,329,330
221,221,46
19,21,22,41,42,43,44,63,65,66,85,86,87,88,108,109,110,129,130,131,132,152,153,154,173,174,175,176,194,195,215,216,217,218,219,220,238,239,241,242,261,262,286,303,307,326
483,483,93
7,8,19,20,21,22,40,41,42,43,44,46,52,62,63,64,65,66,83,85,86,87,88,97,98,105,107,108,109,110,116,120,129,130,131,132,133,138,151,152,153,154,173,174,175,176,195,196,197,213,214,216,217,218,219,220,228,234,235,236,237,238,239,240,241,242,250,253,254,258,260,261,262,263,264,279,282,283,284,286,302,303,304,305,306,307,308,325,326,327,328,329,330
316,316,95
4,7,8,9,11,19,20,21,22,28,40,41,42,43,44,62,63,64,65,66,77,78,83,84,85,86,87,88,97,98,105,107,108,109,110,116,129,130,131,132,151,152,153,154,171,173,174,175,176,192,193,194,195,196,197,198,214,215,216,217,218,219,220,234,235,238,239,240,241,242,255,258,260,261,262,263,264,279,281,282,284,286,302,303,304,305,306,307,308,325,326,327,328,329,330
459,459,98
4,6,8,19,20,21,22,28,40,41,42,43,44,47,62,63,64,65,66,77,78,83,85,86,87,88,96,97,98,99,102,107,108,109,110,129,130,131,132,151,152,153,154,171,173,174,175,176,191,192,193,194,195,196,197,198,213,214,215,217,218,219,220,234,235,236,238,239,240,241,242,250,258,260,261,262,263,264,270,271,282,284,286,293,302,303,304,305,306,307,308,315,325,326,327,328,329,330
300,300,104
4,5,7,8,9,11,19,20,21,22,29,37,40,41,42,43,44,51,62,63,64,65,66,73,75,78,79,83,84,85,86,87,88,97,98,105,107,108,109,110,120,123,129,130,131,132,151,152,153,154,173,174,175,176,181,190,191,193,195,196,197,198,213,214,215,216,217,218,219,220,232,234,236,238,239,240,241,242,250,258,260,261,262,263,264,281,282,283,284,285,286,302,303,304,305,306,307,308,325,326,327,328,329,330
512,512,98
5,7,8,10,15,19,20,21,22,40,41,42,43,44,47,48,55,56,61,62,63,64,65,66,77,79,85,86,87,88,97,98,107,108,109,110,120,127,129,131,132,151,152,153,154,169,170,173,174,175,176,191,193,194,195,196,197,198,211,213,214,215,216,217,218,219,220,231,232,233,238,239,240,241,242,258,260,261,262,263,264,282,283,284,285,286,303,304,305,306,307,308,324,325,326,327,328,330
448,448,107
5,6,7,8,9,10,19,20,21,22,23,29,30,32,40,41,42,43,44,56,59,62,63,64,65,66,76,78,81,83,85,86,87,88,97,98,99,102,107,108,109,110,121,123,131,132,142,151,152,153,154,171,173,174,175,176,188,193,195,196,197,198,210,213,214,215,216,217,218,219,220,229,231,232,234,235,236,238,239,240,241,242,250,258,261,262,263,264,280,281,282,283,284,285,286,293,301,303,304,306,308,325,326,327,328,329,330
241,241,80
5,7,11,19,20,21,22,29,30,41,42,43,44,62,63,64,66,78,79,83,85,86,87,88,97,98,102,108,109,110,131,132,152,153,154,168,169,170,171,174,175,176,191,197,198,213,214,215,217,218,219,220,231,232,233,236,238,239,240,241,242,257,258,260,261,262,263,264,282,284,285,286,303,304,308,325,326,327,329,330
432,432,107
5,7,8,9,10,11,14,16,19,20,21,22,30,40,41,42,43,44,47,48,50,62,63,64,65,66,76,78,79,83,85,86,88,97,98,105,107,108,109,110,111,116,123,126,129,130,131,132,148,149,152,153,154,167,169,171,174,175,176,192,193,195,196,197,211,214,215,216,217,218,219,220,231,232,234,235,236,237,238,239,240,241,242,250,252,255,260,261,262,263,264,273,282,283,285,286,302,303,304,306,307,308,325,326,327,329,330
283,283,42
19,20,21,42,43,44,63,66,85,86,87,108,109,110,131,152,153,154,175,176,195,198,217,218,220,236,238,239,240,241,242,260,261,262,264,282,283,285,287,303,308,330
167,167,99
7,9,14,15,16,19,20,21,22,25,29,37,40,41,42,43,44,47,56,58,62,63,64,65,66,78,85,86,87,88,92,94,98,99,102,103,107,108,109,110,125,126,131,132,152,153,154,170,173,174,175,176,194,195,196,197,198,213,214,215,217,218,219,220,236,238,239,240,241,242,250,256,257,258,259,260,261,262,263,264,276,280,281,282,283,285,286,302,303,304,305,306,307,308,326,327,328,329,330
494,494,82
1,5,7,8,9,19,20,21,22,37,41,42,43,44,62,63,64,65,66,85,86,87,88,92,102,107,108,109,110,129,130,131,132,151,152,153,154,173,174,175,176,195,196,197,198,213,215,216,217,218,219,220,234,236,238,239,240,241,242,257,258,259,260,261,262,263,264,272,282,283,284,285,286,304,305,306,307,326,327,328,329,330
198,198,87
6,8,9,10,16,18,19,20,22,37,40,41,42,43,44,62,63,65,66,85,86,87,88,95,103,105,107,109,110,129,130,131,132,151,152,153,154,174,175,176,194,195,196,197,198,213,214,215,217,218,219,220,239,240,241,242,255,256,257,259,260,261,262,263,264,272,279,280,281,282,283,284,285,286,302,303,304,305,306,307,308,325,326,327,328,329,330
189,189,78
5,8,9,10,16,19,20,22,36,40,41,42,43,44,62,63,66,85,86,87,99,108,109,110,129,130,131,132,152,153,154,160,171,172,173,174,175,176,195,197,198,213,217,218,219,220,235,236,238,239,240,241,242,255,258,260,261,262,263,264,273,282,283,284,285,286,302,303,304,305,306,307,308,325,326,328,329,330
422,422,68
9,10,16,19,20,21,22,40,41,42,43,44,62,63,64,65,66,85,86,87,107,108,109,110,130,131,132,152,153,154,173,175,176,195,197,198,215,217,218,219,220,235,236,240,241,242,259,260,261,262,263,264,280,282,283,284,285,286,302,303,304,306,307,308,326,327,329,330
56,56,23
63,66,85,107,108,110,131,152,153,174,197,198,217,218,219,240,241,242,260,261,263,282,284
454,454,16
127,190,193,210,211,212,213,214,230,231,232,298,317,318,320,321
457,457,39
126,127,148,149,169,171,172,189,190,191,192,193,194,209,210,211,212,213,214,215,230,231,232,233,235,252,275,295,296,297,298,299,316,317,318,319,320,321,322
542,542,62
8,9,10,11,12,13,14,15,17,18,19,33,34,39,40,41,61,62,63,84,85,86,105,106,107,108,127,128,129,130,150,151,152,173,192,193,233,234,254,255,256,257,258,265,266,267,268,275,276,277,278,279,289,290,299,300,301,302,321,322,323,324
572,572,91
97,104,109,130,131,150,151,152,153,169,170,171,172,173,174,175,187,191,192,193,194,195,196,210,211,212,213,214,215,230,231,232,233,234,235,236,252,253,254,255,256,257,258,259,264,269,271,272,273,274,275,276,277,278,279,280,281,283,285,286,291,294,295,296,297,298,299,300,301,302,303,304,306,307,308,315,316,317,318,319,320,321,322,323,324,325,326,327,328,329,330
322,322,101
153,171,172,173,174,175,190,192,194,195,196,210,211,212,213,214,215,216,217,218,219,220,229,230,231,232,233,234,235,236,237,238,239,240,241,242,251,252,253,254,255,256,257,258,259,260,261,262,263,264,271,272,273,274,275,276,277,278,279,280,281,282,283,284,285,286,293,294,295,296,297,298,299,300,301,302,303,304,305,306,307,308,312,313,314,315,316,317,318,319,320,321,322,323,324,325,326,327,328,329,330
353,353,114
1,110,131,132,152,153,154,169,171,172,173,174,175,176,188,190,191,192,193,194,195,196,197,198,209,210,211,212,213,214,215,216,217,218,219,220,230,231,232,233,234,235,236,237,238,239,240,241,242,250,252,253,254,255,256,257,258,259,260,261,262,263,264,272,273,274,275,276,277,278,279,280,281,282,283,284,285,286,289,292,293,294,295,296,297,298,299,300,301,302,303,304,305,306,307,308,311,314,315,316,317,318,319,320,321,322,323,324,325,326,327,328,329,330
229,229,129
21,22,42,43,44,64,65,66,86,87,88,97,106,108,109,110,130,131,132,143,147,149,150,151,152,153,154,170,171,172,173,174,175,176,185,188,189,190,191,192,193,194,195,196,197,198,207,208,209,210,211,212,213,214,215,216,217,218,219,220,224,225,227,228,229,230,231,232,233,234,235,236,237,238,239,240,241,242,243,246,248,249,250,251,252,253,254,257,258,259,260,261,262,263,264,270,271,272,273,274,275,280,281,282,283,284,285,286,293,294,295,296,297,298,303,304,305,306,307,308,316,317,318,325,326,327,328,329,330
439,439,111
1,2,3,4,5,6,7,8,9,10,12,13,14,15,16,17,18,19,20,21,22,23,24,25,26,27,28,29,30,31,32,33,35,36,42,43,44,45,46,47,48,49,50,51,52,53,56,57,65,67,68,69,70,71,72,73,77,89,90,91,92,93,94,95,96,97,98,99,100,111,112,113,114,115,116,117,118,119,120,121,133,134,135,136,137,138,139,140,141,142,155,156,157,158,159,160,161,163,177,179,180,183,199,201,202,203,204,221,222,245,304
396,396,64
1,2,3,4,5,6,7,8,9,10,11,12,13,14,23,24,25,26,27,28,29,30,31,32,33,34,35,45,46,47,48,49,50,51,52,53,67,68,69,70,71,72,73,89,90,91,92,93,96,97,101,111,112,113,114,115,133,134,135,157,166,179,199,201
103,103,17
242,260,261,262,263,264,281,282,283,284,286,304,324,325,327,328,330
79,79,61
21,22,42,43,44,64,65,66,86,88,108,109,110,129,131,132,152,153,154,173,174,175,176,197,198,218,219,220,237,239,240,241,242,258,259,260,261,262,263,264,278,280,281,283,284,286,298,303,304,306,308,316,317,320,324,325,326,327,328,329,330
288,288,69
18,20,21,22,31,37,39,42,43,44,52,57,60,61,64,65,66,72,82,83,86,87,88,108,109,110,127,130,131,132,151,153,154,164,173,174,176,197,198,211,213,220,235,238,241,242,247,254,255,259,260,262,263,264,280,281,282,283,285,303,304,306,307,308,313,325,328,329,330
542,542,69
10,16,18,19,20,21,22,42,43,44,64,65,66,81,83,86,87,88,108,109,110,131,148,149,154,173,174,176,190,195,196,197,198,210,215,218,219,220,222,234,237,238,241,242,247,260,262,263,264,268,269,281,283,284,285,286,290,303,304,307,308,313,317,324,326,327,328,329,330
7,7,98
8,10,12,15,20,21,22,37,42,43,44,51,58,63,64,65,66,73,80,84,85,86,87,88,99,106,107,108,109,110,118,127,128,131,132,147,148,149,152,153,154,173,174,175,176,197,210,211,215,216,217,219,220,233,237,238,240,241,242,250,252,258,259,260,261,262,263,264,266,270,273,276,279,281,282,283,284,291,292,300,301,302,303,304,305,306,307,308,313,314,315,324,325,326,327,328,329,330
261,261,95
6,10,15,20,21,22,37,40,41,42,43,44,50,61,63,64,65,66,69,80,85,86,87,88,97,99,104,106,108,109,110,127,128,130,131,132,142,147,148,153,154,169,171,174,176,189,190,192,197,198,210,212,216,217,218,220,224,234,238,239,241,242,252,254,257,259,260,261,262,263,264,281,283,284,285,286,301,302,304,305,306,307,308,313,315,316,319,323,324,325,326,327,328,329,330
67,67,101
7,9,10,12,15,16,17,19,20,21,22,39,40,41,42,43,44,53,57,61,63,64,65,66,80,82,86,87,88,93,96,97,104,106,109,110,127,128,131,132,147,148,153,154,168,174,175,176,188,197,198,211,213,215,216,217,218,220,235,237,238,239,240,241,242,246,247,253,254,255,259,260,261,262,263,264,280,281,282,283,284,285,286,302,303,304,305,306,307,308,315,316,319,323,324,325,326,327,328,329,330
564,564,75
15,18,19,20,21,22,42,43,44,52,63,64,65,66,87,88,103,108,109,110,127,131,153,154,167,169,173,174,175,176,179,188,195,196,197,198,216,217,218,219,220,234,237,238,239,240,241,242,247,256,257,259,260,261,262,263,264,281,282,283,284,285,286,303,304,305,306,307,308,325,326,327,328,329,330
3,3,80
10,18,19,20,21,22,37,40,41,42,43,44,61,64,65,66,81,83,86,87,88,102,109,110,125,128,131,132,151,153,154,169,173,176,195,196,197,198,214,217,218,219,220,237,238,239,240,241,242,247,256,259,260,261,262,263,264,278,280,282,283,284,285,286,288,301,303,304,305,306,307,308,315,323,325,326,327,328,329,330
300,300,111
7,8,10,15,16,17,18,20,21,22,34,35,38,40,41,42,43,44,52,54,58,59,62,64,65,66,71,78,83,84,86,87,88,93,100,102,107,108,109,110,125,127,128,130,131,132,134,147,150,151,153,154,168,169,173,174,175,176,181,183,188,195,196,197,198,213,214,216,217,218,219,220,225,234,235,237,238,239,240,241,242,247,256,259,260,261,262,263,264,281,282,283,284,285,286,302,303,304,305,306,307,308,319,320,324,325,326,327,328,329,330
308,308,103
6,10,11,14,15,17,18,19,20,21,22,37,38,39,40,41,42,43,44,50,52,60,63,64,65,66,79,82,83,85,86,87,88,93,106,107,108,109,110,128,131,132,151,153,154,169,172,173,174,175,176,181,188,193,194,195,196,197,198,214,215,216,217,218,219,220,235,237,238,239,240,241,242,247,257,259,260,261,262,263,264,278,280,281,282,283,284,285,286,303,304,305,306,307,308,319,320,325,326,327,328,329,330
563,563,98
8,10,16,17,18,19,20,21,22,36,39,40,41,42,43,44,60,62,65,66,79,82,83,84,85,86,87,88,102,107,108,109,110,125,129,130,131,132,150,151,152,153,154,167,170,173,174,175,176,190,194,195,196,197,198,212,216,217,218,219,220,235,237,238,239,240,241,242,247,258,259,260,261,262,263,264,278,280,281,282,283,284,285,286,303,304,305,306,307,308,309,324,325,326,327,328,329,330
72,72,114
8,10,13,17,18,19,20,21,22,25,39,40,41,42,43,44,63,64,65,66,80,83,84,85,86,87,88,102,107,108,109,110,113,123,124,125,128,129,130,131,132,146,147,149,150,151,152,153,154,169,170,171,173,174,175,176,191,192,193,194,195,196,197,198,212,214,215,216,217,218,219,220,232,235,236,237,238,239,240,241,242,257,259,260,261,262,263,264,277,278,280,281,282,283,284,285,286,291,301,302,303,304,305,306,307,308,323,324,325,326,327,328,329,330
292,292,103
11,17,18,20,21,22,35,39,40,41,42,43,44,56,57,62,63,64,65,66,82,83,84,85,86,87,88,105,107,108,109,110,124,127,130,131,132,150,151,152,153,154,167,169,171,172,173,174,175,176,191,195,196,197,198,211,212,214,216,217,218,219,220,231,232,236,237,238,239,240,241,242,256,257,259,260,261,262,263,264,277,278,280,281,282,283,284,285,286,303,304,305,306,307,308,323,324,325,326,327,328,329,330
109,109,112
11,12,17,18,19,20,21,22,35,39,40,42,43,44,57,62,64,65,66,81,83,84,85,86,87,88,101,104,106,107,108,109,110,121,124,125,127,128,129,130,131,132,145,152,153,154,167,169,170,172,173,174,175,176,188,191,194,195,196,197,198,216,217,218,219,220,225,232,233,234,235,237,238,239,240,241,242,256,257,258,259,260,261,262,263,264,277,278,279,280,281,282,283,284,285,286,301,302,303,304,305,306,307,308,315,323,325,326,327,328,329,330
100,100,111
13,17,18,20,21,22,35,39,40,41,42,43,44,60,61,62,63,64,65,66,82,83,84,85,86,87,88,106,107,108,109,110,125,126,127,128,130,131,132,137,147,148,151,152,153,154,169,170,172,173,174,175,176,194,195,196,197,198,211,212,214,215,216,217,218,219,220,234,235,237,238,239,240,241,242,256,257,258,259,260,261,262,263,264,277,278,280,281,282,283,284,285,286,291,298,301,303,304,305,306,307,308,319,323,324,325,326,327,328,329,330
126,126,92
10,17,18,19,20,21,22,40,42,43,44,58,62,64,65,66,80,83,85,86,87,88,103,106,108,109,110,124,125,127,129,130,131,132,150,151,152,153,154,157,169,171,172,173,174,175,176,190,195,196,197,198,216,217,218,219,220,234,237,238,239,240,241,242,256,259,260,261,262,263,264,278,281,282,283,284,285,286,303,304,305,306,307,308,319,324,325,326,327,328,329,330
555,555,102
13,16,18,19,20,21,22,25,31,35,40,41,42,43,44,58,64,65,66,83,84,85,86,87,88,105,107,108,109,110,124,128,130,131,132,135,146,148,150,151,152,153,154,169,172,173,174,175,176,194,195,196,197,198,212,214,216,217,218,219,220,235,236,237,238,239,240,241,242,256,258,259,260,261,262,263,264,278,280,281,282,283,284,285,286,291,301,302,303,304,305,306,307,308,323,324,325,326,327,328,329,330
276,276,107
13,17,18,19,20,21,22,35,36,40,41,42,43,44,53,60,62,64,65,66,81,85,86,87,88,104,105,106,107,108,109,110,128,129,130,131,132,146,150,151,152,153,154,167,169,170,171,173,174,175,176,189,192,194,195,196,197,198,212,216,217,218,219,220,234,235,236,237,238,239,240,241,242,245,256,257,259,260,261,262,263,264,278,279,281,282,283,284,285,286,291,302,303,304,305,306,307,308,310,323,324,325,326,327,328,329,330
277,277,101
10,14,17,18,19,20,21,22,39,40,41,42,43,44,58,61,64,65,66,79,82,84,85,86,87,88,107,108,109,110,128,130,131,132,137,148,150,151,152,153,154,172,173,174,175,176,181,191,192,194,195,196,197,198,216,217,218,219,220,234,235,236,237,238,239,240,241,242,245,255,256,257,258,259,260,261,262,263,264,278,281,282,283,284,285,286,302,303,304,305,306,307,308,323,324,325,326,327,328,329,330
542,542,99
17,18,19,20,21,22,36,39,40,42,43,44,57,58,61,62,63,64,65,66,80,83,84,85,86,87,88,103,107,108,109,110,130,131,132,150,151,152,153,154,169,172,173,174,175,176,190,194,195,196,197,198,216,217,218,219,220,234,236,237,238,239,240,241,242,244,245,257,258,259,260,261,262,263,264,278,279,280,281,282,283,284,285,286,291,303,304,305,306,307,308,310,324,325,326,327,328,329,330
546,546,95
14,17,19,20,21,39,40,41,42,43,44,60,62,64,65,66,67,77,80,83,85,86,87,88,106,107,108,109,110,129,130,131,132,150,151,152,153,154,169,172,173,174,175,176,190,191,194,195,196,197,198,216,217,218,219,220,235,236,237,238,239,240,241,242,243,258,259,260,261,262,263,264,278,280,281,282,283,284,285,286,291,303,304,305,306,307,308,323,324,325,326,327,328,329,330
97,97,112
14,17,18,19,20,21,37,39,40,41,42,43,44,54,57,62,64,65,66,83,84,85,86,87,88,104,106,107,108,109,110,122,124,125,129,130,131,132,137,145,148,151,152,153,154,168,169,170,171,173,174,175,176,189,191,192,194,195,196,197,198,212,214,216,217,218,219,220,234,235,237,238,239,240,241,242,243,246,257,258,259,260,261,262,263,264,278,280,281,282,283,284,285,286,301,303,304,305,306,307,308,310,313,320,323,324,325,326,327,328,329,330
105,105,108
17,18,19,20,21,22,36,37,39,40,41,42,43,44,54,62,64,65,66,82,83,84,85,86,87,88,101,103,104,107,108,109,110,127,129,130,131,132,151,152,153,154,159,168,169,170,173,174,175,176,182,191,194,195,196,197,198,212,213,214,216,217,218,219,220,233,236,237,238,239,240,241,242,245,246,257,259,260,261,262,263,264,269,278,280,281,282,283,284,285,286,303,304,305,306,307,308,310,313,314,323,324,325,326,327,328,329,330
146,146,108
6,12,13,14,15,17,18,19,20,21,22,39,40,42,43,44,54,57,58,61,62,64,65,66,79,82,83,84,85,86,87,88,101,103,106,107,108,109,110,126,127,129,130,131,132,148,151,152,153,154,173,174,175,176,194,195,196,197,198,213,214,215,216,217,218,219,220,235,236,237,238,239,240,241,242,246,257,258,259,260,261,262,263,264,278,281,282,283,284,285,286,301,303,304,305,306,307,308,313,314,322,323,325,326,327,328,329,330
566,566,114
6,12,15,17,18,19,20,21,22,40,41,42,43,44,54,61,62,64,65,66,82,83,84,85,86,87,88,101,102,103,104,106,107,108,109,110,123,126,127,128,129,130,131,132,147,148,151,152,153,154,171,173,174,175,176,181,190,191,192,193,194,195,196,197,198,213,214,215,216,217,218,219,220,234,235,236,237,238,239,240,241,242,246,259,260,261,262,263,264,268,278,280,281,282,283,284,285,286,301,303,304,305,306,307,308,313,314,323,325,326,327,328,329,330
138,138,112
12,15,16,17,18,19,20,21,22,33,39,41,42,43,44,57,60,61,62,63,64,65,66,80,81,82,83,84,85,86,87,88,101,103,105,108,109,110,123,125,129,130,131,132,148,149,151,152,153,154,167,171,172,173,174,175,176,181,191,194,195,196,197,198,212,213,215,216,217,218,219,220,237,238,239,240,241,242,246,247,258,259,260,261,262,263,264,268,278,280,281,282,283,284,285,286,303,304,305,306,307,308,313,314,320,323,325,326,327,328,329,330
439,439,122
16,17,18,19,20,21,22,38,39,40,41,42,43,44,50,57,60,61,62,63,64,65,66,78,80,81,83,84,85,86,87,88,90,101,102,103,108,109,110,112,123,125,126,127,129,130,131,132,147,148,151,152,153,154,159,170,172,173,174,175,176,181,188,190,191,192,194,195,196,197,198,208,212,214,215,216,217,218,219,220,235,237,238,239,240,241,242,245,246,256,258,259,260,261,262,263,264,268,278,279,280,281,282,283,284,285,286,287,301,303,304,305,306,307,308,314,325,326,327,328,329,330
15,15,117
6,12,15,17,18,19,20,21,22,36,39,40,41,42,43,44,47,60,62,63,64,65,66,72,78,81,82,83,84,85,86,87,88,93,94,101,103,104,107,108,109,110,126,129,130,131,132,151,152,153,154,159,167,172,173,174,175,176,188,193,194,195,196,197,198,200,214,216,217,218,219,220,234,235,236,237,238,239,240,241,242,243,245,246,256,257,259,260,261,262,263,264,269,278,279,280,281,282,283,284,285,286,291,303,304,305,306,307,308,314,324,325,326,327,328,329,330
529,529,116
12,13,18,19,20,21,22,34,36,38,42,43,44,57,62,64,65,66,69,70,82,83,84,85,86,87,88,92,94,95,103,108,109,110,125,126,130,131,132,138,147,152,153,154,167,168,169,172,173,174,175,176,189,190,191,194,195,196,197,198,205,213,216,217,218,219,220,221,235,237,238,239,240,241,242,243,245,246,247,254,257,259,260,261,262,263,264,265,278,279,280,281,282,283,284,285,286,294,302,303,304,305,306,307,308,310,316,321,322,324,325,326,327,328,329,330
271,271,117
4,15,16,17,18,19,20,21,22,38,39,43,44,50,52,57,60,61,62,64,65,66,77,83,84,85,86,87,88,93,94,102,104,108,109,110,124,125,126,130,131,132,144,148,150,151,152,153,154,168,171,172,173,174,175,176,181,183,190,191,192,194,195,196,197,198,200,201,215,216,217,218,219,220,235,236,237,238,239,240,241,242,246,247,249,257,258,259,260,261,262,263,264,269,270,278,279,281,282,283,284,285,286,302,303,304,305,306,307,308,320,325,326,327,328,329,330
151,151,43
199,221,222,223,243,244,245,246,265,266,267,268,269,270,271,272,273,287,288,289,290,291,292,293,294,295,296,297,298,309,310,311,312,313,314,315,316,317,318,319,320,321,322
549,549,125
1,2,23,50,51,72,73,74,89,97,98,99,100,113,114,115,120,121,122,123,124,125,137,143,144,145,146,147,148,160,161,163,164,165,166,167,168,169,170,176,185,186,187,188,189,190,191,192,193,194,195,196,197,198,207,209,210,211,212,213,214,215,216,217,218,219,220,232,233,234,235,236,237,238,239,240,241,242,254,255,256,257,258,259,260,261,262,263,264,265,276,277,278,280,282,283,284,285,286,287,288,297,298,299,302,303,304,305,306,307,308,310,318,319,320,321,322,323,324,325,326,327,328,329,330
242,242,134
1,2,3,4,5,6,7,8,10,17,19,22,23,24,28,29,30,31,32,33,42,43,44,45,46,48,50,51,52,53,54,55,64,65,66,67,68,73,74,75,76,85,86,87,88,96,97,98,101,103,104,105,106,107,108,109,110,116,120,122,123,124,125,126,127,129,130,131,132,141,142,144,145,146,147,148,150,152,153,154,165,166,167,168,170,175,176,186,187,188,189,190,191,192,193,194,195,196,197,198,210,211,212,213,214,215,216,217,218,219,220,232,234,235,236,238,239,240,241,242,260,261,262,263,264,282,283,284,285,286,306,307,308,328
127,127,121
1,2,3,4,5,6,7,8,9,10,11,12,13,14,15,16,17,18,19,20,21,22,24,25,26,27,28,29,30,31,32,33,34,35,36,37,38,39,40,41,42,43,44,45,47,49,51,52,53,54,55,56,57,58,59,60,61,62,63,64,65,66,73,74,75,76,77,78,80,81,82,83,84,85,86,87,88,97,98,101,102,103,104,105,106,107,108,109,110,120,123,124,125,126,127,128,129,130,131,132,144,145,146,147,148,149,150,151,152,153,154,166,170,173,174,175,176,195,198,220,242
240,240,113
1,2,3,4,5,6,7,8,9,10,11,12,13,14,15,16,17,18,19,20,21,22,24,25,26,27,28,29,30,31,32,33,34,35,36,37,38,39,40,41,42,43,44,46,47,49,50,51,52,53,54,55,56,57,58,59,60,61,62,63,64,65,66,68,69,70,73,74,75,76,77,78,79,80,81,82,83,84,85,86,87,88,101,102,104,105,106,107,108,109,110,123,124,125,126,127,128,129,130,131,132,146,148,150,151,152,153,154,164,165,171,173,194
227,227,110
1,2,3,4,5,6,7,8,9,10,11,12,13,14,15,16,17,18,20,21,22,24,25,26,27,28,29,32,33,34,35,36,37,38,39,42,43,44,45,46,47,48,49,50,51,52,53,54,55,56,57,58,59,60,61,64,65,66,67,68,69,70,72,73,74,75,76,77,78,79,81,82,97,99,101,104,107,110,118,119,120,122,123,127,128,129,130,131,132,138,139,142,143,144,145,148,149,150,151,152,153,166,188,209,210,231,232,236,252,253
463,463,96
2,3,4,5,6,7,11,12,13,14,15,16,17,20,21,24,25,26,27,28,29,30,32,33,34,35,36,37,38,40,42,43,44,46,47,48,49,50,51,52,54,55,56,57,58,59,60,61,64,69,70,71,72,74,76,77,78,79,80,81,82,86,95,96,97,98,99,101,119,121,122,123,127,128,129,130,131,138,140,142,143,149,150,151,152,153,167,168,171,172,208,209,210,233,236,237
104,104,53
7,17,18,19,20,21,36,37,39,41,42,58,59,60,61,62,63,79,80,81,82,83,84,101,102,104,105,125,127,148,149,170,171,172,173,174,193,194,275,279,280,281,298,299,300,301,302,303,304,320,321,322,326
439,439,54
2,3,7,8,9,10,11,12,13,14,15,16,17,20,24,27,30,31,33,34,37,38,39,40,48,49,53,56,75,98,99,107,108,109,110,128,129,130,150,165,166,187,188,207,211,214,215,216,235,236,237,255,256,266
395,395,36
1,2,3,5,10,11,12,13,16,24,26,28,31,33,34,38,39,48,53,54,74,76,77,98,99,108,109,128,129,130,165,207,208,215,235,236
188,188,13
2,12,13,26,28,33,34,54,74,98,99,128,236
521,521,12
43,65,196,218,240,241,242,263,285,307,328,329
442,442,30
22,42,43,44,65,87,88,154,183,196,197,218,240,241,242,247,262,264,270,283,284,285,286,305,306,307,327,328,329,330
55,55,38
21,22,42,43,44,65,66,86,87,152,154,155,173,174,195,196,197,217,218,221,239,241,242,261,263,264,269,270,283,284,285,286,305,306,308,327,328,329
504,504,63
20,21,22,42,43,44,63,64,65,66,82,84,85,86,87,88,103,125,132,152,153,154,172,173,174,175,176,194,195,196,197,198,217,218,219,220,238,239,240,241,242,248,260,261,262,264,269,283,284,285,286,292,305,306,307,308,309,321,326,327,328,329,330
454,454,73
16,20,21,22,42,43,44,62,63,64,65,66,83,84,85,87,88,108,109,110,126,127,129,130,132,150,151,153,154,155,172,173,174,175,176,178,194,195,196,197,198,217,218,219,220,228,239,240,241,242,260,261,262,263,264,265,269,282,283,284,285,286,304,305,306,307,308,309,326,327,328,329,330
249,249,43
18,20,22,41,42,43,44,62,64,65,66,84,85,87,88,105,106,154,158,172,173,174,175,196,197,217,218,219,220,239,241,242,261,262,263,284,285,286,304,305,308,322,328
315,315,89
18,20,22,37,40,41,42,43,44,59,61,62,63,64,65,66,75,81,82,83,84,85,86,87,88,105,106,107,108,109,110,127,128,130,132,133,147,149,150,151,152,153,154,155,159,172,173,174,180,194,195,196,197,199,214,216,217,218,219,220,225,238,239,240,241,242,261,262,263,264,265,270,282,283,284,285,286,293,300,304,305,306,307,308,314,320,322,328,329
306,306,92
18,19,20,21,22,40,41,42,43,44,59,61,62,63,64,65,66,81,83,84,85,86,87,88,90,105,106,107,108,109,127,128,130,132,134,147,152,153,154,155,156,157,168,172,173,174,175,176,178,180,181,194,196,197,198,199,217,218,219,220,238,239,240,241,242,243,260,262,263,264,265,270,281,282,283,284,285,286,293,300,304,305,306,307,308,314,322,325,326,327,328,329
297,297,99
18,19,20,21,22,40,41,42,43,44,49,59,62,63,64,65,66,70,81,82,83,84,85,86,87,88,105,106,107,108,109,110,111,127,128,129,130,131,132,133,134,149,150,151,152,153,154,155,157,158,172,173,174,175,176,180,194,195,196,197,198,199,216,217,218,219,220,221,239,240,241,242,260,261,262,263,264,265,282,283,284,285,286,300,303,304,305,306,307,308,314,320,322,325,326,327,328,329,330
198,198,100
17,18,19,20,21,22,37,39,40,41,42,43,44,49,59,61,62,63,64,65,66,70,82,83,84,85,86,87,88,97,106,107,108,109,111,127,128,129,130,131,132,134,135,149,150,151,152,153,154,155,156,157,158,172,173,174,175,176,180,181,194,195,196,197,198,216,217,218,219,220,234,238,239,240,241,242,243,260,261,262,263,264,265,281,282,283,284,285,286,300,304,305,306,307,308,322,326,327,328,329
290,290,96
15,18,19,20,21,40,41,42,43,44,54,61,62,63,64,65,66,69,70,82,83,84,85,86,87,88,106,107,108,109,110,111,128,129,130,131,132,133,149,150,151,153,154,155,156,157,158,172,173,174,175,176,179,180,181,194,195,196,197,198,215,216,217,218,219,220,238,239,240,241,242,260,261,262,263,264,265,282,283,284,285,286,287,293,300,304,305,306,307,320,322,325,326,327,328,330
197,197,96
18,19,20,21,22,36,37,39,40,41,42,43,44,61,62,63,64,65,66,81,83,84,85,86,87,88,106,107,108,109,110,112,127,128,129,130,132,135,136,140,150,151,152,153,154,155,157,158,168,172,174,175,176,181,194,195,196,197,198,215,216,217,218,219,220,238,239,240,241,242,243,256,260,261,262,263,264,265,278,282,283,284,285,286,287,300,304,305,306,307,308,322,326,327,328,329
521,521,62
19,20,40,41,42,43,44,63,64,65,66,82,83,84,85,86,87,88,106,107,108,109,110,118,129,130,136,150,151,153,154,172,174,175,176,194,195,198,216,217,218,219,238,239,241,242,260,261,262,263,265,283,284,285,286,287,300,305,306,308,327,328
493,493,86
18,19,20,22,36,37,39,40,41,42,43,61,62,63,64,65,66,76,77,82,83,84,85,86,87,88,90,105,106,107,109,110,127,128,129,130,131,132,133,135,136,150,151,153,156,157,158,173,174,175,193,194,195,197,216,217,218,219,220,224,238,239,240,241,260,261,262,263,265,281,282,283,284,285,286,287,300,304,305,306,307,308,322,327,328,330
222,222,50
19,21,22,40,41,42,43,44,62,63,64,65,66,81,84,85,105,111,129,133,134,135,142,150,152,153,154,155,157,158,175,176,194,196,197,198,218,219,220,240,241,262,263,283,285,295,314,322,326,328
158,158,107
18,19,20,21,22,39,40,41,42,43,44,49,54,58,60,61,62,63,64,65,66,76,77,81,82,83,84,85,86,87,88,91,100,101,103,104,106,107,110,111,112,124,125,126,128,129,130,132,133,134,135,136,146,148,150,151,152,153,154,155,156,157,158,159,174,175,181,182,195,196,197,198,212,218,219,220,229,234,239,240,241,242,254,261,262,263,264,276,278,283,284,285,286,293,299,300,304,305,306,308,314,318,321,322,326,329,330
182,182,98
18,19,20,21,36,40,41,42,43,44,45,48,54,60,61,62,63,64,65,66,75,76,77,80,82,84,85,88,91,103,105,106,107,110,111,112,114,124,126,128,129,132,133,134,135,136,146,148,149,151,152,153,154,156,157,158,159,174,175,176,196,197,198,218,219,220,233,239,240,241,242,261,262,263,264,277,278,283,284,285,286,299,300,303,304,305,306,307,308,314,318,321,322,326,327,328,329,330
429,429,61
19,20,21,22,40,41,42,43,62,63,64,65,66,81,84,85,87,88,103,106,107,109,110,127,130,132,133,134,135,136,150,152,153,154,158,169,174,175,176,196,197,198,218,219,220,240,241,262,263,264,283,285,299,300,301,305,308,320,321,322,326
410,410,86
10,18,19,20,21,22,40,41,42,43,44,60,61,62,63,64,65,66,67,68,81,83,84,85,86,87,88,90,103,106,107,109,111,112,124,125,128,129,130,131,132,133,134,135,136,150,152,153,154,157,172,174,175,176,196,197,198,217,218,220,240,241,242,257,261,263,264,268,277,283,284,285,286,298,300,304,305,306,308,317,320,321,322,326,328,329
195,195,73
18,19,20,21,22,39,40,41,42,43,44,60,61,62,63,64,65,66,67,84,85,86,87,88,90,103,105,106,107,114,128,129,130,131,132,134,135,136,146,147,149,150,151,152,153,154,172,175,176,196,197,198,218,219,220,240,241,242,263,278,282,283,284,285,286,300,301,305,307,321,322,326,328
292,292,34
18,21,41,42,62,63,64,65,66,84,85,103,106,107,124,129,130,131,132,152,153,154,175,176,198,218,219,241,242,263,278,300,301,322
2,2,5
88,174,195,214,216
468,468,33
14,35,78,88,108,109,110,173,174,188,189,194,195,196,209,210,212,214,215,216,229,230,231,234,235,236,237,247,248,250,251,252,296
96,96,28
13,14,23,31,44,45,53,67,72,74,75,100,108,109,120,127,128,129,130,148,149,150,151,152,169,170,171,214
227,227,87
13,65,66,78,86,87,88,101,130,131,149,151,152,153,167,171,172,173,174,175,188,190,191,192,193,194,195,205,209,210,211,212,213,214,215,216,231,232,233,239,241,242,252,253,254,259,260,261,262,263,264,270,271,273,274,275,276,281,282,283,284,285,286,294,295,297,298,299,303,304,305,306,307,308,309,319,320,321,322,323,324,325,326,327,328,329,330
12,12,100
19,153,174,175,190,191,193,194,195,196,197,198,210,211,212,213,214,215,216,217,218,219,220,231,232,233,235,236,237,238,239,240,241,242,252,253,254,255,256,257,258,259,260,261,262,263,264,271,273,274,275,276,277,278,279,280,281,282,283,284,285,286,291,292,293,294,295,296,297,298,299,300,301,302,303,304,305,306,307,308,311,312,313,314,315,316,317,318,319,320,321,322,323,324,325,326,327,328,329,330
245,245,113
88,131,132,153,154,173,174,175,176,189,191,192,193,194,195,196,197,198,209,210,211,212,213,214,215,216,217,218,219,220,230,231,232,233,234,235,236,237,238,239,240,241,242,248,251,252,253,254,255,256,257,258,259,260,261,262,263,264,271,272,273,274,275,276,277,278,279,280,281,282,283,284,285,286,290,292,293,294,295,296,297,298,299,300,301,302,303,304,305,306,307,308,309,311,312,313,314,315,316,317,318,319,320,321,322,323,324,325,326,327,328,329,330
429,429,128
21,22,42,58,59,64,79,80,81,82,85,86,87,88,102,103,104,105,106,107,108,109,110,124,125,127,128,129,131,132,146,147,153,154,167,168,169,174,175,176,188,189,190,191,194,195,196,197,198,209,210,211,212,213,214,215,216,217,218,219,220,230,231,232,233,234,235,236,237,238,239,240,241,242,251,252,253,254,255,256,257,258,259,260,261,262,263,264,270,271,273,274,275,276,277,278,279,280,281,282,283,284,285,286,291,297,298,299,300,301,302,303,304,305,306,307,308,320,321,322,323,324,325,326,327,328,329,330
436,436,112
1,2,3,4,5,6,7,8,9,10,11,12,13,14,15,16,17,18,19,20,21,22,23,24,25,26,27,28,29,30,31,34,35,36,37,38,39,40,41,42,43,44,45,46,47,48,49,50,51,52,53,56,57,58,59,60,61,62,63,64,65,67,68,69,70,71,72,73,74,75,78,79,80,81,82,83,84,85,86,88,89,91,95,96,101,102,103,104,105,106,107,108,109,110,111,117,118,119,123,124,125,128,133,140,146,157,167,168,190,210,211,216
465,465,67
1,2,3,4,5,6,7,8,9,10,11,12,13,14,15,23,24,25,26,27,28,29,30,31,32,33,34,35,45,46,47,48,49,50,51,52,53,54,56,67,68,69,70,71,72,73,75,76,89,90,91,92,93,94,98,99,111,112,133,140,155,156,158,177,178,199,246
58,58,15
152,153,263,278,279,286,301,306,307,308,320,321,324,326,329
527,527,64
20,21,39,44,60,65,66,79,81,82,85,87,88,103,109,122,131,132,152,153,154,169,170,176,179,197,198,217,219,235,237,239,241,252,259,262,263,264,268,272,273,279,280,281,285,292,295,296,300,301,302,304,306,307,318,319,320,321,322,323,324,326,328,330
165,165,64
18,21,22,39,43,57,60,64,65,66,69,79,81,88,103,107,108,109,110,113,125,127,130,131,132,152,153,154,166,174,176,193,198,218,219,220,222,238,240,242,262,263,264,281,284,285,286,288,292,300,301,302,304,308,311,315,319,321,322,323,324,328,329,330
224,224,79
10,11,18,19,20,21,22,35,39,43,44,58,61,65,66,69,79,85,87,103,109,110,113,125,129,130,131,132,144,149,152,153,154,166,170,175,176,190,197,198,218,219,220,222,237,239,241,242,245,257,262,263,264,280,282,283,284,285,286,300,301,304,306,307,308,310,311,317,319,321,322,323,324,325,326,327,328,329,330
160,160,94
13,18,19,21,22,40,43,44,56,63,64,65,66,69,81,82,84,85,87,88,101,103,108,109,110,115,116,130,131,132,141,144,149,152,153,154,162,174,175,176,186,187,190,192,196,197,198,212,214,215,217,218,219,220,222,230,238,239,240,241,242,257,260,262,263,264,280,281,282,283,284,285,286,295,298,300,301,302,303,304,305,306,307,308,310,322,323,324,325,326,327,328,329,330
248,248,108
18,19,20,21,22,40,41,42,43,44,47,61,62,63,65,66,69,71,80,81,82,83,84,85,87,88,95,101,102,103,109,110,116,123,124,125,126,127,129,130,131,132,141,147,152,153,154,155,162,165,166,174,175,176,180,187,190,195,196,197,198,214,216,217,218,219,220,222,239,240,241,242,244,260,262,263,264,265,270,280,283,284,285,286,287,290,291,296,299,300,302,304,305,306,307,308,315,316,321,322,323,324,325,326,327,328,329,330
6,6,113
2,18,19,20,21,22,39,40,41,42,43,44,46,52,55,57,59,61,62,63,64,65,66,69,70,71,78,79,80,81,83,84,85,87,88,92,95,100,101,103,105,106,108,109,116,125,126,131,132,141,145,147,152,153,154,173,175,176,180,183,190,195,196,197,198,210,212,217,218,219,220,222,238,239,240,241,242,260,261,262,263,264,272,276,278,280,282,283,284,285,286,287,288,300,301,302,303,304,305,306,307,308,320,321,322,323,324,325,326,327,328,329,330
59,59,113
1,7,17,18,19,20,21,22,35,41,42,43,44,47,50,51,52,58,60,61,62,63,65,66,68,69,70,71,73,80,83,84,85,86,87,88,92,93,98,101,104,109,116,119,122,125,129,130,131,132,137,147,152,154,168,173,174,175,176,180,190,195,196,197,198,212,216,217,218,219,220,222,235,238,239,240,241,242,260,261,262,263,264,265,269,278,280,281,282,283,284,285,286,287,288,291,298,302,303,304,305,306,307,308,322,323,324,325,326,327,328,329,330
518,518,109
5,7,15,17,18,19,20,21,22,26,29,39,41,42,43,44,46,47,51,59,62,63,64,65,66,68,69,71,73,78,81,82,83,84,85,86,87,88,94,98,103,107,108,109,110,116,118,119,122,125,130,131,132,146,152,153,154,165,167,173,174,175,176,180,195,196,197,198,217,218,219,220,222,239,240,241,242,245,261,262,263,264,274,278,281,282,283,284,285,286,287,288,290,291,300,303,304,305,306,307,308,323,324,325,326,327,328,329,330
281,281,94
15,17,18,19,20,21,22,40,41,42,43,44,47,49,58,59,62,63,64,65,66,67,69,71,84,85,86,87,88,92,101,104,107,109,110,118,125,130,131,132,144,151,152,153,154,171,173,174,175,176,195,196,197,198,217,218,219,220,238,239,240,241,242,243,260,261,262,263,264,272,278,280,282,283,284,285,286,287,288,302,303,304,305,306,307,308,323,324,325,326,327,328,329,330
572,572,108
15,18,19,20,21,22,39,40,42,43,44,46,47,48,50,59,62,63,64,65,66,67,68,69,70,71,72,74,80,83,84,85,86,87,88,91,92,94,96,98,104,105,108,109,110,126,128,129,130,131,132,152,153,154,167,171,174,175,176,194,195,196,197,198,214,216,217,218,219,220,222,238,239,240,241,242,243,260,261,262,263,264,265,278,280,282,283,284,285,286,287,301,302,303,304,305,306,307,308,322,323,324,325,326,327,328,329,330
274,274,114
15,18,19,20,21,22,23,38,39,40,41,42,43,44,47,48,57,59,61,62,63,64,65,66,67,68,69,70,71,74,75,81,83,84,85,86,87,88,93,94,96,104,106,108,109,110,113,125,126,129,130,131,132,150,151,152,153,154,165,166,167,168,172,173,174,175,176,186,195,196,197,198,212,216,217,218,219,220,238,239,240,241,242,260,261,262,263,264,265,266,267,273,278,282,283,284,285,286,301,302,303,304,305,306,307,308,323,324,325,326,327,328,329,330
41,41,114
2,7,14,15,17,18,19,20,21,22,25,38,40,42,43,44,47,48,61,62,63,64,65,66,68,69,70,71,74,75,83,84,85,86,87,88,94,99,104,106,108,109,110,113,122,125,126,129,130,131,132,144,145,150,152,153,154,158,161,167,168,174,175,176,190,192,194,195,196,197,198,212,216,217,218,219,220,238,239,240,241,242,243,248,259,260,261,262,263,264,273,278,280,282,283,284,285,286,288,302,303,305,306,307,308,310,323,324,325,326,327,328,329,330
56,56,118
1,7,15,17,18,19,20,21,22,25,40,41,42,43,44,46,47,48,59,61,62,63,64,65,66,68,69,71,74,81,82,83,84,85,86,87,88,90,102,104,108,109,110,122,125,126,129,131,132,136,145,147,150,151,152,153,154,157,158,166,169,171,172,174,175,176,194,195,196,197,198,215,216,217,218,219,220,238,239,240,241,242,247,248,257,260,261,262,263,264,265,278,279,280,281,282,283,284,285,286,288,300,302,303,304,305,306,307,308,311,322,324,325,326,327,328,329,330
290,290,122
1,14,15,17,18,19,20,21,22,23,30,40,41,42,43,44,47,48,52,59,60,61,62,63,64,65,66,68,69,71,72,74,81,83,84,85,86,87,88,92,93,103,104,108,109,110,125,126,130,131,132,136,147,148,150,151,152,153,154,157,166,167,169,171,173,174,175,176,188,191,194,195,196,197,198,213,214,216,217,218,219,220,228,238,239,240,241,242,248,250,259,260,261,262,263,264,278,279,280,281,282,283,284,285,286,288,302,303,304,305,306,307,308,311,323,324,325,326,327,328,329,330
151,151,116
14,15,17,18,19,20,21,22,23,25,38,40,42,43,44,45,46,47,48,52,58,59,60,62,63,64,65,66,67,68,69,72,74,81,82,83,84,85,86,87,88,91,93,103,104,107,108,109,110,126,127,129,130,131,132,143,149,151,152,153,154,157,167,171,174,175,176,194,195,196,197,198,213,216,217,218,219,220,238,239,240,241,242,257,259,260,261,262,263,264,267,278,279,280,281,282,283,284,285,286,300,302,303,304,305,306,307,308,323,324,325,326,327,328,329,330
460,460,105
15,17,18,19,20,21,22,23,38,39,40,42,43,44,46,47,48,52,57,62,63,64,65,66,68,69,70,72,74,82,83,84,85,86,87,88,90,91,92,108,109,110,126,130,131,132,151,152,153,154,167,168,174,175,176,188,190,191,192,194,195,196,197,198,216,217,218,219,220,238,239,240,241,242,243,248,259,260,261,262,263,264,278,279,280,281,282,283,284,285,286,302,303,304,305,306,307,308,324,325,326,327,328,329,330
468,468,118
1,17,18,19,20,21,22,30,37,38,39,40,41,42,43,44,46,47,48,50,51,52,59,60,62,63,64,65,66,68,69,74,82,83,84,85,86,87,88,90,91,92,104,108,109,110,125,129,130,131,132,145,146,149,152,153,154,166,168,171,172,173,174,175,176,192,194,195,196,197,198,213,214,215,216,217,218,219,220,238,239,240,241,242,248,252,260,261,262,263,264,272,274,278,279,280,281,282,283,284,285,286,288,302,304,305,306,307,308,311,323,324,325,326,327,328,329,330
157,157,110
1,16,18,19,20,21,22,25,37,40,41,42,43,44,46,47,61,62,63,64,65,66,68,69,74,80,81,82,83,84,85,86,87,88,90,103,108,109,110,125,126,129,130,131,132,149,150,151,152,153,154,166,172,173,174,175,176,192,194,195,196,197,198,214,216,217,218,219,220,223,238,239,240,241,242,243,250,257,260,261,262,263,264,278,279,280,281,282,283,284,285,286,288,290,295,302,303,304,305,306,307,308,323,324,325,326,327,328,329,330
470,470,121
16,17,18,19,20,21,22,25,35,40,41,42,43,44,46,47,51,52,58,60,62,63,64,65,66,68,69,70,72,74,82,83,84,85,86,87,88,90,103,104,108,109,110,126,129,130,131,132,145,146,150,151,152,153,154,155,166,171,172,173,174,175,176,190,194,195,196,197,198,216,217,218,219,220,221,227,228,236,238,239,240,241,242,243,247,249,251,252,259,260,261,262,263,264,277,278,279,280,281,282,283,284,285,286,290,302,303,304,305,306,307,308,314,323,324,325,326,327,328,329,330
426,426,91
19,20,21,22,25,37,38,42,43,44,46,47,63,64,65,66,68,69,72,83,84,85,86,87,88,92,98,109,110,126,130,131,132,152,153,154,170,174,175,176,191,192,194,195,196,197,198,216,217,218,219,220,227,228,238,239,240,241,242,248,251,259,260,261,262,263,264,278,279,280,281,282,283,284,285,286,302,303,304,305,306,307,308,311,324,325,326,327,328,329,330
106,106,109
1,15,16,18,19,20,21,22,25,38,40,42,43,44,46,47,50,60,62,63,64,65,66,68,69,82,83,84,85,86,87,88,91,104,109,110,112,116,119,126,127,129,130,131,132,135,150,151,152,153,154,171,174,175,176,190,194,195,196,197,198,216,217,218,219,220,227,236,238,239,240,241,242,250,259,260,261,262,263,264,266,277,278,279,280,281,282,283,284,285,286,288,295,302,303,304,305,306,307,308,311,322,324,325,326,327,328,329,330
444,444,115
14,15,16,17,18,19,20,21,22,25,37,38,39,40,42,43,44,46,47,50,57,60,62,64,65,66,69,74,75,82,83,84,85,86,87,88,93,106,108,109,110,118,126,127,129,130,131,132,146,147,151,152,153,154,174,175,176,190,195,196,197,198,206,214,215,216,217,218,219,220,227,235,236,237,238,239,240,241,242,250,251,255,256,260,261,262,263,264,266,278,280,281,282,283,284,285,286,288,294,300,302,303,304,305,306,307,308,311,324,325,326,327,328,329,330
536,536,94
1,6,19,20,21,22,23,25,31,38,40,42,43,44,46,47,50,51,60,64,65,66,68,69,74,83,84,85,87,88,91,109,110,126,129,131,132,151,152,153,154,173,174,175,176,194,195,196,197,198,206,213,216,217,218,219,220,227,236,238,239,240,241,242,249,259,260,261,262,263,264,266,278,279,280,281,282,283,284,285,286,303,304,305,306,307,308,324,325,326,327,328,329,330
171,171,109
11,16,18,19,20,21,22,24,25,38,39,40,42,43,44,46,47,60,61,63,64,65,66,68,69,74,82,83,84,85,86,87,88,92,109,112,119,126,129,130,131,132,146,148,151,152,153,154,172,173,174,175,176,191,194,195,196,197,198,206,216,217,218,219,220,227,228,238,239,240,241,242,249,250,256,257,260,261,262,263,264,266,275,278,279,280,281,282,283,284,285,286,288,302,303,304,305,306,307,308,310,315,323,324,325,327,328,329,330
179,179,113
1,16,18,19,20,21,22,25,37,38,39,40,41,42,43,44,46,47,60,61,62,63,64,65,66,68,69,74,82,83,84,85,86,87,88,92,107,109,110,126,129,130,131,132,136,146,151,152,153,154,158,164,172,174,175,176,185,190,194,195,196,197,198,203,206,216,217,218,219,220,227,228,238,239,240,241,242,250,256,260,261,262,263,264,266,277,278,279,280,281,282,283,284,285,286,290,294,302,303,304,305,306,307,308,317,323,324,325,326,327,328,329,330
270,270,111
17,19,20,21,22,25,38,39,40,41,42,43,44,46,47,58,60,62,63,64,65,66,68,69,72,74,82,83,84,85,86,87,88,91,92,105,109,110,112,126,128,130,131,132,151,152,153,154,159,168,173,174,175,176,192,194,195,196,197,198,206,213,216,217,218,219,220,227,228,229,238,239,240,241,242,249,251,257,259,260,261,262,263,264,272,278,279,280,281,282,283,284,285,286,288,302,303,304,305,306,307,308,310,323,324,325,326,327,328,329,330
537,537,120
1,6,16,18,19,20,21,22,25,37,38,40,41,42,43,44,46,47,58,60,62,63,64,65,66,69,72,82,83,84,85,86,87,88,92,107,109,110,119,126,130,131,132,151,152,153,154,158,159,173,174,175,176,184,190,192,194,195,196,197,198,203,204,206,213,216,217,218,219,220,225,227,228,236,237,238,239,240,241,242,243,247,248,249,251,256,259,260,261,262,263,264,277,278,279,280,281,282,283,284,285,286,288,300,302,303,304,305,306,307,308,311,318,324,325,326,327,328,329,330
386,386,94
6,16,18,19,20,21,22,38,39,40,41,42,43,44,46,47,60,61,62,63,64,65,66,69,82,83,84,85,86,87,88,107,109,110,112,126,130,131,132,151,152,153,154,173,174,175,176,194,195,196,197,198,200,216,217,218,219,220,228,238,239,240,241,242,260,261,262,263,264,278,279,280,281,282,283,284,285,286,294,302,303,304,305,306,307,308,323,324,325,326,327,328,329,330
112,112,110
1,2,4,16,18,19,20,21,22,25,38,40,41,42,43,44,47,60,62,63,64,65,66,69,74,83,84,85,86,87,88,106,107,108,109,110,126,127,129,130,131,132,151,152,153,154,157,173,174,175,176,178,190,194,195,196,197,198,200,203,213,216,217,218,219,220,222,225,227,228,238,239,240,241,242,243,244,260,261,262,263,264,267,272,277,278,279,280,281,282,283,284,285,286,291,294,295,302,303,304,305,306,307,308,325,326,327,328,329,330
385,385,123
1,18,19,20,21,22,25,38,39,40,42,43,44,46,51,60,61,62,63,64,65,66,69,70,74,82,83,84,85,86,87,88,91,100,105,106,108,109,110,126,127,129,130,131,132,151,152,153,154,157,168,171,172,173,174,175,176,178,181,190,191,193,194,195,196,197,198,200,203,204,206,212,215,216,217,218,219,220,222,225,227,228,232,235,238,239,240,241,242,251,259,260,261,262,263,264,270,273,277,278,279,280,281,282,283,284,285,286,294,295,303,304,305,306,307,308,324,325,326,327,328,329,330
347,347,49
199,221,222,223,243,244,245,246,247,252,265,266,267,268,269,270,271,272,273,274,275,287,288,289,290,291,292,293,294,295,296,297,298,309,310,311,312,313,314,315,316,317,318,319,320,321,322,325,326
242,242,127
101,102,121,122,123,124,125,126,139,143,144,145,146,147,148,149,150,161,162,163,164,165,166,167,168,169,170,171,172,173,174,175,183,184,186,187,188,189,190,191,192,193,194,195,196,197,198,201,207,208,209,210,211,212,213,214,215,216,217,218,219,220,227,229,230,231,232,233,234,235,236,237,238,239,240,241,242,245,251,252,253,254,255,256,257,259,260,261,262,263,264,269,271,272,273,274,275,276,277,281,282,283,284,285,286,294,295,296,297,301,302,303,304,305,306,307,308,315,316,317,324,325,326,327,328,329,330
525,525,135
12,13,14,15,17,18,19,20,21,22,34,35,36,37,38,39,40,41,42,43,44,56,57,58,59,60,61,62,63,64,65,66,77,78,79,80,81,82,83,84,85,86,87,88,99,100,101,102,103,104,105,106,107,108,109,110,121,122,123,124,125,126,127,128,129,130,131,132,140,141,142,143,144,145,146,147,148,149,150,151,152,153,154,162,165,166,167,168,169,170,171,172,173,174,175,176,187,188,189,190,191,192,193,194,195,196,197,198,208,209,210,211,213,214,215,216,217,218,219,220,235,236,237,238,239,240,241,242,255,259,260,261,262,263,264
310,310,121
2,3,4,5,7,8,9,10,11,12,13,14,15,16,17,18,19,20,21,22,23,25,26,27,28,29,30,31,32,33,34,35,36,37,38,39,40,41,42,43,44,49,50,51,52,53,54,55,56,57,58,59,60,61,62,63,64,65,66,72,73,74,75,76,77,78,79,80,81,82,83,84,85,86,87,88,94,95,97,98,99,100,101,102,103,104,105,106,107,108,109,110,120,121,122,123,124,125,126,127,128,129,130,131,132,145,146,147,148,149,150,151,152,153,154,171,174,175,176,197,198
292,292,113
1,2,3,4,5,6,7,8,9,10,11,12,13,14,15,16,17,18,19,20,21,22,26,27,28,29,30,31,32,33,34,35,36,37,38,39,40,41,42,43,44,50,51,52,53,54,55,56,57,58,59,60,61,62,63,64,65,66,71,73,74,75,76,77,78,79,80,81,82,83,84,85,86,87,88,93,95,98,99,100,101,102,103,105,106,107,108,109,110,116,118,119,120,122,124,125,126,128,129,130,131,132,139,140,141,142,146,150,152,153,162,163,164
249,249,103
1,2,3,4,5,7,8,9,10,11,12,13,14,15,16,17,18,19,20,21,22,23,24,25,26,27,28,29,30,31,32,33,34,35,42,43,44,45,46,47,48,49,50,51,52,53,54,55,56,57,58,64,66,67,68,69,70,71,72,73,74,75,76,77,78,90,91,92,93,94,95,96,99,112,113,115,118,119,133,135,136,159,161,162,181,183,184,256,257,258,276,277,278,279,280,297,298,299,300,301,319,320,321
56,56,80
1,2,3,4,5,6,8,9,10,11,12,13,14,16,17,20,23,24,25,26,27,29,30,31,32,33,34,45,46,47,48,49,50,51,52,53,54,55,56,67,68,69,70,71,72,73,74,75,76,77,78,90,91,93,94,106,113,114,115,118,119,120,133,135,137,141,162,181,183,185,227,257,277,278,279,298,299,309,319,320
400,400,53
4,5,6,7,8,9,24,27,28,29,30,32,33,47,48,54,55,68,70,71,75,76,77,89,90,92,93,96,97,98,111,112,113,114,115,133,134,135,136,137,155,156,157,158,178,279,280,299,300,301,320,321,322
156,156,34
1,2,3,5,10,11,23,24,25,26,27,31,45,46,47,48,52,53,68,69,70,72,90,92,111,112,114,116,133,137,139,182,287,309
96,96,22
1,2,3,5,6,9,10,23,24,25,26,31,46,47,48,49,70,90,112,133,134,157
450,450,4
1,23,24,47
82,82,16
41,82,85,110,154,175,176,197,198,216,220,241,242,263,264,329
468,468,41
18,19,22,39,40,41,62,66,85,129,132,151,154,170,175,176,194,195,197,215,216,220,237,238,239,240,241,242,258,260,262,263,282,283,284,285,286,307,308,329,330
475,475,58
18,19,20,21,39,40,41,62,63,64,83,84,85,105,106,107,108,126,128,129,130,150,151,152,153,154,173,175,193,194,195,196,197,198,215,216,217,218,220,237,238,239,240,241,242,259,260,262,263,264,282,285,286,307,308,326,327,329
357,357,65
15,16,17,18,19,20,37,38,39,40,41,62,63,65,66,82,83,84,85,86,104,106,107,127,129,144,150,151,153,154,165,169,173,174,175,176,185,186,194,195,197,198,216,217,218,219,237,238,239,240,241,242,260,261,263,264,280,281,285,286,307,308,327,329,330
455,455,80
15,16,18,19,20,21,22,39,40,41,42,51,62,63,66,81,83,84,85,86,88,104,105,106,107,109,122,128,129,148,149,150,151,152,153,154,164,167,170,172,173,174,176,185,186,193,194,195,196,198,215,216,217,219,220,235,237,238,239,240,241,242,252,257,259,260,262,263,264,282,283,285,286,304,306,307,308,327,329,330
58,58,45
14,17,18,19,39,40,62,63,64,83,84,85,106,107,108,126,128,132,144,165,172,174,175,176,179,186,192,193,195,216,217,237,238,240,241,259,260,281,295,304,307,308,326,327,329
213,213,90
15,16,17,18,19,20,21,22,35,37,40,42,43,58,62,63,65,80,82,83,84,85,86,101,104,105,106,107,108,109,122,125,126,127,129,130,132,148,153,154,165,166,169,171,172,174,175,184,185,186,192,193,194,195,197,198,207,214,215,216,217,218,220,231,236,237,238,239,240,250,257,258,260,261,264,272,281,282,283,285,303,304,305,307,308,318,326,327,329,330
448,448,102
14,15,16,17,18,19,20,21,35,36,38,39,40,41,57,59,61,62,63,65,78,81,82,83,84,85,86,87,88,100,101,102,103,104,105,106,107,108,109,122,126,127,128,129,131,132,144,145,147,148,149,150,151,154,166,169,171,172,173,175,176,185,186,192,193,194,195,197,215,216,217,218,219,220,236,237,238,239,240,241,242,250,258,259,260,261,262,267,280,281,282,285,303,304,305,307,308,325,326,327,329,330
439,439,101
16,17,18,19,20,21,22,35,36,37,38,39,40,41,42,44,56,58,60,61,62,63,64,80,82,83,84,85,86,100,102,103,104,105,106,107,108,109,123,125,126,129,130,131,132,144,145,148,149,150,151,153,154,163,167,169,171,172,173,174,175,186,191,192,193,194,195,196,197,198,210,215,216,217,218,219,236,237,238,240,242,258,260,261,263,264,280,281,283,285,286,294,303,304,305,306,307,308,326,327,329
248,248,74
15,16,17,18,19,20,21,22,35,36,37,38,39,40,41,42,44,57,61,62,63,82,84,85,86,107,108,109,123,124,125,129,130,131,144,150,164,165,166,170,176,186,192,193,194,195,197,208,216,218,219,235,236,237,238,240,241,258,259,260,262,263,264,282,286,289,304,305,308,326,327,328,329,330
289,289,106
13,14,15,16,17,18,19,22,35,36,37,39,40,41,42,56,59,60,62,63,64,80,82,83,84,85,86,87,100,101,102,103,104,106,107,108,109,110,122,123,124,126,127,129,130,131,132,144,148,149,150,151,152,153,166,169,171,172,173,184,185,186,187,188,192,195,196,197,198,215,216,218,220,235,236,237,238,239,240,241,257,258,259,260,262,263,264,280,281,282,283,284,285,286,304,305,306,307,308,318,325,326,327,328,329,330
190,190,99
15,16,18,19,20,21,22,35,36,37,38,40,41,43,44,57,58,59,61,62,63,65,78,82,84,85,86,87,101,102,103,105,106,107,108,109,110,122,124,125,127,128,129,130,131,140,144,145,146,147,148,149,150,154,169,170,171,172,173,175,192,194,195,196,197,214,215,216,219,237,238,240,241,258,259,260,262,263,264,267,277,281,282,285,300,301,304,305,306,307,308,317,323,324,325,327,328,329,330
264,264,69
15,16,17,18,19,21,38,39,40,41,58,62,63,79,80,83,84,85,86,102,103,105,107,108,123,124,125,126,127,130,144,150,170,171,173,175,188,192,196,198,214,216,219,220,237,238,240,241,242,257,258,259,260,261,262,263,279,280,282,283,285,304,305,307,308,325,327,328,329
196,196,89
13,14,15,16,18,19,21,22,34,35,38,39,40,41,42,56,58,62,63,77,79,80,81,82,83,84,85,86,100,101,103,107,108,109,123,125,126,128,130,131,132,140,144,147,149,150,151,154,163,170,172,173,175,176,192,194,197,198,214,216,218,219,234,237,238,240,241,243,257,259,260,263,264,267,277,279,282,283,284,285,286,303,305,307,308,326,327,328,329
434,434,89
2,13,14,15,16,17,18,19,21,34,35,36,37,38,40,41,58,59,61,62,63,64,78,79,81,82,83,84,85,88,101,102,103,107,108,109,126,127,128,131,132,144,146,149,151,153,154,164,170,172,173,175,186,188,193,194,195,196,197,198,213,214,215,217,218,219,220,236,237,238,240,241,242,250,258,259,260,263,282,286,301,304,305,306,308,325,326,327,330
158,158,110
11,14,15,16,17,18,19,20,21,35,37,38,39,40,41,43,56,57,58,59,60,61,62,63,78,80,81,83,84,85,86,88,101,103,104,106,107,108,124,125,126,128,130,131,132,140,144,149,150,151,154,165,169,170,171,172,173,175,176,185,193,194,195,196,197,198,212,214,215,216,218,219,220,223,227,237,238,239,240,241,242,250,258,259,261,263,264,274,277,278,279,281,282,283,286,295,300,301,303,304,305,306,308,322,323,325,326,327,328,330
218,218,77
13,14,15,17,18,19,21,32,34,35,39,40,41,56,58,59,60,61,62,63,79,81,83,84,85,86,106,123,126,127,128,130,144,149,150,153,154,170,172,173,174,186,193,194,195,196,197,198,214,215,216,218,219,220,237,238,239,241,242,250,258,259,264,279,280,282,283,286,301,302,303,304,308,326,327,328,330
258,258,81
15,17,18,19,34,35,36,37,38,39,40,41,42,56,57,58,59,60,62,63,79,81,83,84,85,86,88,101,104,106,108,110,123,128,129,130,132,143,144,147,149,150,151,153,154,169,170,171,172,174,175,185,193,194,196,197,215,216,218,219,236,237,238,241,242,258,263,264,273,278,279,281,283,286,301,303,304,306,307,326,330
166,166,103
13,14,16,17,18,19,21,33,35,36,37,38,39,40,41,43,56,57,58,61,62,63,79,80,82,83,84,85,88,101,102,103,104,106,108,110,123,124,127,128,129,130,144,145,148,149,150,151,153,154,165,169,170,171,172,173,174,175,186,192,193,194,195,196,197,198,215,216,217,218,220,237,238,239,240,241,242,245,250,254,258,259,262,263,264,279,280,281,282,286,291,296,300,301,303,304,305,306,308,325,326,328,330
503,503,98
13,15,18,19,33,34,35,36,37,38,39,40,41,42,56,57,61,62,63,78,79,80,81,82,83,84,85,87,100,101,103,104,106,108,110,122,123,124,125,127,128,129,130,131,132,141,144,148,149,150,153,154,170,171,172,173,174,175,176,192,193,194,195,196,197,198,208,215,216,218,219,220,228,237,239,241,242,246,259,261,263,264,273,279,280,286,301,302,303,305,306,307,308,324,325,326,327,330
509,509,76
2,15,18,19,21,34,36,37,38,40,41,42,56,57,59,60,61,62,63,64,66,78,81,83,84,88,104,106,108,110,127,128,129,130,150,151,153,154,170,171,172,173,174,175,176,192,193,194,196,198,215,216,219,236,237,238,239,241,242,250,259,260,262,264,280,281,283,286,296,305,306,307,308,324,327,330
258,258,64
14,15,18,19,35,36,40,41,42,58,61,62,63,64,78,79,80,81,84,85,101,104,105,108,110,128,129,131,149,150,151,154,170,172,173,174,175,176,187,193,195,196,197,215,216,218,219,228,237,238,241,242,259,264,281,282,283,284,286,304,305,320,328,330
71,71,24
32,37,40,41,46,59,62,63,106,108,150,151,153,154,173,175,195,197,215,217,219,220,241,286
214,214,5
102,123,124,279,280
570,570,81
2,23,24,45,82,102,103,123,124,145,146,159,167,177,178,199,232,235,236,237,241,244,246,247,248,249,256,257,258,259,260,264,266,268,269,270,271,273,275,277,278,279,280,281,282,283,284,290,292,293,294,295,298,299,300,301,302,303,304,305,306,307,308,312,313,314,315,316,317,319,320,321,322,323,324,325,326,327,328,329,330
12,12,103
168,196,197,198,211,212,213,218,219,220,232,233,234,235,236,237,238,239,240,241,242,243,244,245,246,252,253,254,255,256,257,258,259,260,261,262,263,264,265,266,267,268,269,270,271,272,273,274,275,276,277,278,279,280,281,282,283,284,285,286,288,289,290,291,292,293,294,295,296,297,298,299,300,301,302,303,304,305,306,307,308,309,310,311,312,313,314,315,316,317,318,319,320,321,322,323,324,325,326,327,328,329,330
298,298,117
57,147,167,168,190,192,195,196,197,198,211,212,213,214,215,216,217,218,219,220,230,231,232,233,234,235,236,237,238,239,240,241,242,245,246,247,248,249,250,251,252,253,254,255,256,257,258,259,260,261,262,263,264,267,268,269,270,271,272,273,274,275,276,277,278,279,280,281,282,283,284,285,286,287,288,289,290,291,292,293,294,295,296,297,298,299,300,301,302,303,304,305,306,307,308,309,310,311,312,313,314,315,316,317,318,319,320,321,322,323,324,325,326,327,328,329,330
538,538,137
95,107,108,109,110,128,129,130,131,132,148,149,150,151,152,153,154,166,169,170,171,172,173,174,175,176,185,186,189,190,191,192,193,194,195,196,197,198,204,205,206,207,208,209,211,212,213,214,215,216,217,218,219,220,226,227,228,229,230,231,232,233,234,236,237,238,239,240,241,242,248,249,250,251,252,253,254,255,259,260,261,262,263,264,267,272,273,274,275,276,277,278,281,282,283,284,285,286,287,290,291,292,293,294,295,296,297,298,299,300,303,304,305,306,307,308,309,310,311,312,313,314,315,316,317,318,319,320,321,322,323,324,325,326,327,328,329
445,445,115
3,4,5,6,7,8,9,10,11,12,13,14,15,16,17,18,19,20,21,22,25,26,27,28,29,30,31,32,33,34,35,36,37,38,39,40,41,42,43,44,46,47,48,49,50,51,52,53,54,55,56,57,58,60,62,63,64,65,66,67,68,69,70,71,72,73,74,75,76,77,83,84,85,86,87,88,90,91,92,94,95,96,97,98,99,105,106,107,108,112,113,115,116,117,118,119,120,121,126,127,135,136,138,139,140,141,142,143,160,161,162,163,164,182,183
529,529,65
1,2,3,4,5,6,7,8,9,10,11,12,13,14,15,16,23,24,25,26,27,28,29,30,31,32,33,34,35,36,45,46,47,48,49,50,51,52,53,54,55,67,68,69,70,71,72,73,74,89,90,91,92,93,94,111,112,113,114,116,134,135,140,156,157
397,397,14
261,283,284,285,286,303,304,306,307,308,321,322,326,330
330,330,50
28,44,84,85,108,109,110,128,129,130,131,132,150,151,152,153,154,173,174,175,193,194,195,196,198,216,217,218,219,239,240,241,242,260,261,262,263,271,278,283,284,285,286,305,306,307,326,327,328,330
424,424,67
21,22,43,44,51,66,85,87,88,106,107,108,109,110,127,128,129,130,131,132,148,150,151,152,153,154,173,174,175,193,194,195,196,198,206,216,217,218,220,228,239,240,241,260,261,262,263,264,271,276,278,281,282,283,284,285,286,305,306,307,308,325,326,327,328,329,330
551,551,79
18,19,21,43,44,48,62,64,65,66,75,85,86,87,88,107,108,109,110,128,129,130,132,142,149,150,151,152,154,158,169,171,173,174,176,192,193,194,195,196,197,198,211,213,214,216,217,218,219,220,228,239,240,241,242,255,260,261,262,263,264,278,283,284,285,286,295,301,304,305,306,307,308,325,326,327,328,329,330
208,208,89
18,19,20,21,22,40,43,44,62,64,65,83,86,87,88,106,107,108,109,110,115,120,128,129,132,147,150,151,152,154,158,173,174,175,176,178,190,194,195,196,197,198,211,212,215,216,217,218,219,220,226,228,232,235,239,240,241,242,249,260,261,262,263,264,271,272,278,280,282,283,284,285,286,297,300,301,303,304,305,306,307,308,321,325,326,327,328,329,330
68,68,93
18,19,21,22,40,43,44,63,64,65,66,74,85,86,88,96,105,106,107,108,109,110,125,128,129,130,131,132,134,149,150,151,152,153,154,158,171,172,173,174,175,176,178,179,193,195,196,197,198,212,213,216,217,218,219,220,238,239,240,241,242,255,260,261,262,263,264,271,278,279,280,281,282,283,284,285,286,294,298,303,304,305,306,307,308,318,324,325,326,327,328,329,330
161,161,105
18,19,20,21,22,40,43,44,52,55,61,63,64,65,66,74,79,83,84,85,86,87,88,96,106,107,108,109,110,116,117,125,128,129,130,131,132,138,150,151,152,153,154,158,165,167,172,173,174,175,176,179,181,182,194,195,196,197,198,203,215,216,217,218,219,220,224,235,237,239,240,241,242,260,261,262,263,264,271,278,279,280,281,282,283,284,285,286,290,293,294,301,304,305,306,307,308,313,314,324,326,327,328,329,330
82,82,101
18,19,20,21,22,40,43,44,62,64,65,66,74,75,84,85,86,87,88,97,98,105,106,107,108,109,110,115,125,128,129,130,131,132,149,150,151,152,153,154,168,173,174,175,176,192,194,195,196,197,198,203,205,206,210,215,216,217,218,219,220,230,235,236,237,238,239,240,241,242,245,247,260,261,262,263,264,271,278,280,281,282,283,284,285,286,287,288,291,303,304,305,306,307,308,324,325,327,328,329,330
320,320,113
7,15,18,19,20,21,22,30,34,40,42,43,44,52,56,57,62,63,64,65,66,73,74,76,84,85,86,87,88,96,106,107,108,109,110,118,121,128,129,130,131,132,137,150,151,152,153,154,160,166,169,173,174,175,176,182,193,194,195,196,197,198,202,205,212,213,214,215,216,217,218,219,220,234,235,236,237,238,239,240,241,242,246,247,260,261,262,263,264,278,280,282,283,284,285,286,287,288,292,300,303,304,305,306,307,308,323,324,326,327,328,329,330
35,35,108
7,15,18,19,20,21,22,30,31,32,40,41,42,43,44,52,53,55,63,64,65,66,74,75,76,83,84,85,86,87,88,99,105,106,107,108,109,110,126,128,129,130,131,132,137,149,150,151,152,153,154,168,172,173,174,175,176,178,186,193,194,195,196,197,198,215,216,217,218,219,220,234,236,238,239,240,241,242,245,259,260,261,262,263,264,269,278,282,283,284,285,286,291,292,300,303,304,305,306,307,308,316,324,326,327,328,329,330
4,4,111
15,18,19,20,21,22,30,32,38,40,41,42,43,44,52,53,54,58,61,62,63,64,65,66,74,75,83,84,85,86,87,88,89,93,106,107,108,109,110,116,119,121,128,129,130,131,132,137,145,146,150,151,152,153,154,155,169,170,172,173,174,175,176,177,178,179,192,193,194,195,196,197,198,212,214,215,216,217,218,219,220,237,238,239,240,241,242,260,261,262,263,264,280,281,282,283,284,285,286,291,304,305,306,307,308,314,326,327,328,329,330
526,526,107
8,14,15,17,18,19,21,22,30,34,35,40,42,43,44,50,52,53,55,56,61,62,63,64,65,66,74,75,76,83,84,85,86,87,88,105,106,107,108,109,110,119,125,128,129,130,131,132,133,137,141,149,150,151,152,153,154,159,168,169,171,173,174,175,176,195,196,198,205,215,216,217,218,219,220,223,237,239,240,241,242,249,261,262,263,264,281,282,283,284,285,286,287,288,291,292,304,305,306,307,308,324,326,327,328,329,330
306,306,93
7,18,19,20,21,22,40,41,42,43,44,52,55,56,61,64,65,66,75,76,77,83,84,85,86,87,88,97,105,106,107,109,110,115,125,128,129,130,131,132,150,151,152,153,154,169,170,171,172,173,174,175,176,194,195,196,197,198,213,215,217,218,219,220,223,239,240,241,242,259,260,261,262,263,264,278,282,283,284,285,286,292,303,305,306,307,308,324,326,327,328,329,330
472,472,119
7,8,11,14,15,18,19,20,21,22,30,32,33,34,40,41,42,43,44,52,53,54,55,56,57,61,63,64,65,66,72,74,75,76,83,84,85,86,87,88,105,106,107,108,109,110,128,129,130,131,132,137,138,144,145,149,150,151,152,153,154,156,158,159,167,169,171,173,174,175,176,179,189,191,193,194,195,196,197,198,213,216,217,218,219,220,222,223,236,237,239,240,241,242,261,262,263,264,269,278,281,282,283,284,285,286,292,293,296,303,304,305,306,307,326,327,328,329,330
25,25,118
8,15,17,18,19,20,21,22,30,32,34,40,41,42,43,44,52,54,62,63,64,65,66,75,78,83,84,85,86,87,88,93,96,104,105,106,107,108,109,110,124,125,128,129,130,131,132,137,143,148,149,150,151,152,153,154,167,169,170,171,172,173,174,175,176,181,184,192,193,194,195,196,197,198,201,212,214,215,216,217,218,219,220,223,233,236,238,239,240,241,242,246,247,260,261,262,263,264,278,282,283,284,285,286,293,303,304,305,306,316,318,324,325,326,327,328,329,330
40,40,118
8,14,15,18,19,20,21,22,30,32,33,34,38,40,41,42,43,44,50,52,53,57,61,63,64,65,66,67,75,80,82,83,84,85,86,87,88,102,105,106,107,108,109,110,125,127,128,129,130,131,132,138,145,148,149,150,151,152,153,154,159,166,167,170,171,172,173,174,175,176,178,192,193,194,195,196,197,198,200,201,216,217,218,219,220,234,237,238,239,240,241,242,260,261,262,263,264,266,278,282,283,284,285,286,288,291,303,304,305,306,315,319,325,326,327,328,329,330
32,32,111
8,13,14,18,20,21,22,31,32,33,34,40,41,43,44,52,53,59,61,62,63,64,65,66,74,75,76,83,84,85,86,87,88,105,106,107,108,109,110,125,127,128,129,130,131,132,145,149,150,151,152,153,154,166,170,172,173,174,175,176,191,192,194,195,196,197,198,213,215,216,217,218,219,220,233,234,238,239,240,241,242,246,259,260,261,262,263,264,271,278,281,282,283,284,285,292,293,300,303,304,305,306,313,314,318,324,325,326,327,328,329
157,157,100
8,11,14,15,16,17,18,20,21,22,33,34,40,41,42,43,44,53,54,55,62,63,64,65,66,74,75,76,84,85,86,87,88,89,105,106,107,108,109,110,127,128,129,130,131,132,149,150,151,152,153,154,169,170,171,172,173,174,175,176,194,195,196,197,198,214,217,218,219,220,233,239,240,241,242,260,261,262,263,264,278,281,282,283,284,288,292,293,303,304,305,306,314,318,324,325,326,327,328,330
283,283,102
8,9,11,12,14,17,18,19,20,21,22,23,31,33,34,42,43,44,53,58,61,62,63,64,65,66,75,83,84,85,86,87,88,103,105,106,107,108,109,110,127,128,129,130,131,132,145,147,149,150,151,152,153,154,160,170,171,172,173,174,175,176,179,193,194,196,197,198,217,218,219,220,223,233,236,237,239,240,241,242,244,260,261,262,263,264,269,277,278,281,282,283,284,293,303,304,305,306,324,326,327,328
207,207,69
1,10,20,22,33,43,44,61,63,64,65,66,83,84,85,86,87,88,105,106,107,108,109,110,128,129,130,131,132,149,150,151,152,153,154,170,171,172,173,174,175,176,193,194,196,197,198,215,217,218,219,220,239,240,241,242,261,262,263,264,278,282,283,304,305,306,326,327,328
554,554,100
8,10,12,18,19,20,21,22,33,34,40,41,42,43,44,52,53,61,62,63,64,65,66,75,76,83,84,85,86,87,88,105,106,107,108,109,110,128,129,130,131,132,134,150,151,152,153,154,170,172,173,174,175,176,179,181,194,195,196,197,198,199,213,215,217,218,219,220,224,237,239,240,241,242,251,252,259,260,261,262,263,270,273,278,282,283,289,292,293,303,304,305,306,311,312,317,325,326,327,328
549,549,99
8,9,10,11,12,18,20,21,22,31,33,34,40,41,42,43,44,55,60,61,62,63,64,65,66,75,76,83,84,85,86,87,88,105,106,107,108,109,110,127,128,129,130,131,132,134,149,150,151,152,153,154,170,171,172,173,174,175,176,192,193,194,195,196,197,198,201,216,217,218,219,220,223,224,238,239,240,241,242,244,247,260,261,262,269,278,281,282,283,288,292,300,303,305,306,324,326,327,328
206,206,86
8,10,12,18,19,21,22,31,33,34,38,41,42,43,44,61,63,64,65,66,83,84,85,86,87,88,106,107,108,109,110,128,130,131,132,148,150,151,152,153,154,171,173,174,175,176,179,194,195,196,197,198,202,216,217,218,219,220,224,237,238,239,240,241,242,244,259,260,261,262,268,270,281,282,283,288,304,305,306,313,314,317,323,326,327,328
434,434,113
8,9,10,11,12,13,17,19,20,21,22,31,34,39,40,41,42,43,44,50,61,62,63,64,65,66,75,76,82,83,84,85,86,87,88,106,107,108,109,110,127,128,129,130,131,132,147,148,149,150,151,152,153,154,170,171,172,173,174,175,176,193,195,196,197,198,201,202,213,217,218,219,220,224,229,233,234,238,239,240,241,242,246,251,259,260,261,262,267,270,273,278,281,282,283,291,292,296,303,304,305,306,309,313,314,315,318,320,323,324,326,327,328
435,435,113
8,9,10,12,19,20,21,22,31,33,34,35,40,41,42,43,44,53,54,56,60,61,62,63,64,65,66,75,77,83,84,85,86,87,88,105,106,107,108,109,110,122,127,128,129,130,131,132,148,149,150,151,152,153,154,168,172,173,174,175,176,179,193,194,195,196,197,198,201,202,215,216,217,218,219,220,224,234,239,240,241,242,244,245,246,248,251,260,261,262,267,268,269,270,273,277,278,281,282,283,290,291,294,296,303,304,305,306,311,313,326,327,328
455,455,113
8,9,10,11,12,13,17,19,20,21,22,31,33,34,40,41,42,43,44,53,54,55,56,60,61,62,63,64,65,66,76,82,83,84,85,86,87,88,89,105,106,107,108,109,110,122,127,128,129,130,131,132,148,149,150,151,152,153,154,161,172,173,174,175,176,192,193,194,195,196,197,198,199,202,215,217,218,219,220,223,224,233,240,241,246,247,251,252,260,261,262,268,272,273,278,281,282,283,288,289,290,292,294,303,305,306,312,313,314,324,326,327,328
574,574,107
8,10,12,17,20,21,22,31,33,34,35,36,39,40,41,42,43,44,54,56,60,61,62,63,64,65,66,76,79,80,81,82,83,84,85,86,87,88,91,105,106,107,108,109,110,122,127,128,129,130,131,132,148,149,150,151,152,153,154,155,169,171,174,175,176,185,189,194,196,197,198,217,218,219,220,223,224,239,240,241,244,245,246,247,260,261,262,268,269,270,278,281,282,283,289,291,294,305,306,311,312,313,314,319,326,327,328
169,169,114
8,9,10,13,17,19,20,21,22,25,31,32,33,34,39,40,41,42,43,44,53,58,60,61,63,64,65,66,79,81,82,83,84,85,86,87,88,105,106,107,108,109,110,128,129,130,131,132,134,147,149,150,151,152,153,154,155,169,170,172,173,174,175,176,179,182,185,193,194,195,196,197,198,205,216,217,218,219,220,224,238,239,240,245,246,247,254,255,259,260,261,262,268,269,270,277,278,281,282,284,291,294,295,296,301,303,305,306,313,314,319,326,327,328
439,439,113
8,9,10,12,13,17,19,20,21,22,31,33,34,39,40,41,42,43,44,54,60,61,63,64,65,66,78,82,83,84,85,86,87,88,95,100,103,105,106,107,108,109,110,125,127,128,129,130,131,132,136,147,149,150,151,152,153,154,155,163,171,172,173,174,175,176,179,193,194,195,196,197,198,201,215,216,217,218,219,220,224,226,233,234,238,239,240,244,246,247,260,262,268,269,270,278,282,283,284,290,291,292,304,305,306,312,313,315,318,325,326,327,328
6,6,115
8,9,10,12,18,19,20,21,22,31,33,34,39,40,41,42,43,44,53,54,60,61,63,64,65,66,73,75,77,78,80,82,83,84,85,86,87,88,91,96,100,105,106,107,108,109,110,111,112,113,126,128,129,130,131,132,139,149,150,151,152,153,154,170,172,173,174,175,176,181,193,194,195,196,197,198,202,208,216,217,218,219,220,222,233,234,238,239,240,246,260,261,262,268,269,270,273,277,278,282,283,284,287,288,290,293,304,305,306,309,315,320,326,327,328
422,422,114
8,9,10,12,13,18,19,20,21,22,31,33,34,39,40,42,43,44,51,54,59,60,61,62,63,64,65,66,70,76,78,79,82,83,84,85,86,87,88,91,94,105,106,107,108,109,110,125,127,128,129,130,131,132,135,139,144,147,148,149,150,151,152,153,154,161,169,170,172,173,174,175,176,181,186,193,194,195,196,197,198,201,203,211,216,217,218,219,220,226,234,237,238,239,240,251,260,261,262,274,277,280,281,282,283,284,303,304,305,306,314,323,326,327
72,72,47
177,199,200,201,202,208,221,222,223,224,225,243,244,245,246,247,248,265,266,267,268,269,270,271,272,287,288,289,290,291,292,293,294,295,296,309,310,311,312,313,314,315,316,317,318,319,320
517,517,129
68,89,90,91,111,112,113,114,133,134,135,136,137,155,156,157,158,159,160,177,178,179,180,181,182,188,194,195,196,199,200,201,202,203,204,205,210,216,217,218,219,220,221,222,223,224,225,226,227,228,231,232,233,237,238,239,240,241,242,243,244,245,246,247,248,249,250,251,253,259,260,261,262,263,264,267,268,269,270,271,272,273,274,275,276,277,278,279,280,281,282,283,284,285,286,291,292,294,295,296,297,298,299,300,301,302,303,304,305,306,307,308,313,314,315,317,318,319,320,321,322,323,324,325,326,327,328,329,330
541,541,139
1,2,3,4,5,6,7,16,17,18,19,20,21,22,23,24,25,26,29,32,33,34,37,38,39,40,41,42,43,44,45,46,48,49,50,52,53,55,59,60,61,62,63,64,65,66,67,68,69,70,71,72,73,74,75,76,77,81,83,84,85,86,87,88,92,94,95,96,97,98,99,103,104,105,106,107,108,109,110,114,115,116,117,119,120,121,122,126,127,128,129,130,131,132,138,140,142,143,144,148,149,150,151,152,153,154,160,164,166,167,168,170,171,172,173,174,175,176,186,187,188,191,193,194,195,196,197,198,209,211,215,216,217,219,220,237,241,242,264
252,252,120
1,2,3,4,5,6,7,8,9,10,11,12,13,14,15,16,17,18,19,20,21,22,23,24,25,26,27,28,29,30,31,32,33,34,35,36,37,38,39,40,41,42,43,44,46,47,48,49,50,51,52,53,54,55,56,57,58,59,60,61,62,63,64,65,66,71,73,74,75,76,77,78,79,80,81,82,83,84,85,86,87,88,93,98,99,100,101,102,103,104,105,106,107,108,109,110,120,121,122,123,124,125,126,127,128,129,130,131,132,147,148,149,150,151,153,154,170,171,172,175
526,526,111
1,2,3,4,5,6,7,8,9,10,11,12,13,14,15,16,17,18,19,20,21,22,23,24,25,26,27,28,29,30,31,32,33,34,35,36,37,38,39,40,41,42,43,44,45,46,47,49,50,51,52,53,54,55,56,57,58,59,60,61,62,63,64,65,66,71,72,74,75,76,77,78,79,80,81,82,83,84,85,86,87,88,94,96,99,100,101,102,103,104,105,106,107,108,109,110,118,119,124,125,126,127,128,129,130,146,148,149,150,152,294
289,289,95
1,2,3,4,5,6,7,8,9,10,11,12,13,14,15,16,17,19,20,21,22,23,24,25,26,27,28,29,30,31,32,33,34,35,36,37,38,39,42,43,44,45,46,47,48,49,50,51,52,53,54,55,56,57,58,59,60,61,65,66,67,71,74,75,76,77,78,79,80,81,82,83,100,101,102,103,104,105,117,118,119,123,124,125,126,139,140,141,142,146,147,148,162,163,170
113,113,74
1,2,3,4,5,6,7,8,9,10,11,12,13,14,15,16,23,24,25,26,27,29,30,31,32,33,34,35,36,37,38,45,46,47,48,49,50,51,52,53,54,55,56,57,58,59,60,61,70,71,77,78,79,80,81,82,93,100,101,102,103,104,108,120,123,124,125,126,139,140,141,148,168,170
499,499,41
1,2,3,4,5,15,23,24,25,26,27,30,33,38,45,46,47,48,49,53,54,60,69,70,90,100,101,102,103,104,115,120,121,122,124,161,213,235,236,257,279
29,29,39
2,3,4,5,9,12,13,14,24,25,26,27,30,35,36,37,46,48,49,50,56,57,58,61,71,72,73,78,79,81,82,95,103,104,126,140,145,146,213
147,147,26
2,3,4,5,9,12,13,14,23,24,25,27,34,35,36,46,49,56,57,58,60,72,79,80,81,147
28,28,11
2,3,4,24,25,27,35,36,57,58,79
102,102,5
42,64,87,109,330
3,3,18
20,22,42,43,64,85,86,99,102,109,131,132,198,261,305,308,326,330
374,374,36
19,20,21,39,40,41,42,43,44,62,63,64,65,66,85,86,87,88,108,109,110,130,131,132,152,154,174,175,217,242,265,284,286,305,308,330
451,451,38
19,20,21,40,41,43,62,63,65,66,86,87,108,109,110,130,131,132,152,153,172,174,175,198,207,220,239,242,261,262,264,282,283,284,286,308,326,330
226,226,40
19,20,21,39,40,42,43,44,62,63,64,65,66,84,85,86,87,88,108,109,110,130,131,132,152,154,173,174,178,198,217,238,242,264,283,286,304,308,326,330
507,507,35
18,19,20,21,22,39,40,41,43,44,62,63,64,65,66,84,86,87,88,109,110,131,154,173,176,216,264,283,286,308,318,326,327,329,330
257,257,65
18,19,20,21,22,39,40,41,42,43,44,61,62,63,64,65,66,84,85,87,88,105,108,109,110,129,131,132,150,154,166,173,174,182,183,194,198,220,242,249,251,260,261,264,272,274,278,280,282,283,284,286,292,296,304,308,314,316,317,318,325,326,327,329,330
46,46,66
18,19,20,21,22,23,40,41,42,43,44,62,63,65,66,83,84,85,86,87,88,105,107,108,109,110,119,129,130,132,150,151,153,154,173,176,183,194,198,205,216,220,238,242,250,259,260,264,271,272,273,281,282,283,288,290,298,303,304,305,308,325,326,327,329,330
432,432,83
18,19,20,21,22,23,28,39,40,41,42,43,44,62,63,64,65,66,83,84,85,87,88,105,106,107,108,109,110,129,130,131,132,151,153,154,171,173,176,182,198,205,207,217,220,242,249,251,258,260,261,262,263,264,266,269,272,273,274,281,282,283,285,286,288,290,293,294,295,297,299,300,304,305,308,316,317,318,325,326,327,329,330
309,309,88
18,19,20,21,22,23,40,41,42,43,44,62,63,64,65,66,78,83,84,85,86,87,88,105,106,107,108,109,110,116,127,129,131,132,137,138,149,150,151,154,160,171,172,176,184,194,198,205,215,220,228,238,239,251,259,260,261,263,264,266,272,273,274,275,279,281,282,283,285,286,287,297,298,301,302,303,305,307,308,310,314,316,317,318,319,326,329,330
425,425,91
18,19,20,21,22,23,40,41,42,43,44,61,62,63,64,65,66,67,83,84,85,86,87,88,92,105,106,107,108,110,117,129,131,132,133,138,149,150,151,154,159,160,171,172,176,177,194,198,206,215,216,220,227,237,238,239,242,250,257,259,260,264,266,273,274,279,280,281,285,286,294,295,296,303,304,305,307,308,312,313,314,317,319,320,323,324,325,326,327,329,330
319,319,94
18,19,20,21,23,40,41,43,44,45,62,63,64,65,66,78,83,84,85,86,87,105,106,107,108,109,110,116,119,127,128,129,130,131,132,150,151,154,155,170,171,172,176,177,181,194,205,213,215,216,217,220,227,235,238,241,242,248,249,250,251,260,261,263,264,272,274,275,279,280,281,283,285,286,289,292,296,297,298,305,307,308,312,314,316,317,318,319,320,325,326,327,329,330
433,433,100
17,18,19,20,21,22,23,30,39,40,41,42,43,44,62,63,64,65,66,84,85,86,87,88,100,105,106,107,108,109,110,114,115,116,127,129,130,131,132,137,139,149,150,151,161,176,183,194,204,205,212,215,216,220,228,229,233,238,241,242,249,250,251,259,260,261,263,264,270,273,274,275,276,280,281,282,283,285,286,289,290,295,296,297,303,305,307,308,312,314,315,316,317,318,319,320,326,327,329,330
506,506,70
1,3,17,18,19,20,21,22,23,39,40,41,42,43,44,62,63,64,65,83,84,85,87,88,106,107,108,110,115,116,123,129,132,137,159,160,161,176,177,184,194,198,204,206,227,229,236,237,238,242,247,251,261,264,269,273,274,285,286,296,305,307,313,315,317,318,325,326,329,330
