504,526
436,436,122
5,12,13,14,20,21,22,28,42,43,44,52,53,54,63,64,65,66,74,75,76,77,85,86,87,88,95,96,97,98,99,100,107,108,109,110,116,117,118,119,120,121,123,125,129,130,131,132,137,138,139,140,141,142,143,144,145,146,147,148,149,150,151,153,154,158,159,160,161,162,163,167,168,169,171,175,176,177,178,179,180,182,190,191,192,193,198,201,202,203,214,215,216,219,220,236,237,241,258,259,261,262,279,280,281,282,292,298,301,302,303,304,309,310,311,312,313,315,316,317,319,325
435,435,128
7,8,11,12,13,14,15,17,18,19,20,22,34,35,36,37,38,39,40,41,42,43,44,53,57,61,62,63,64,65,66,78,82,83,84,86,87,88,90,100,103,105,106,107,108,109,110,123,124,125,127,128,129,130,131,132,140,141,142,147,148,149,150,151,152,153,154,158,159,160,161,164,170,172,173,174,175,176,177,180,187,192,193,194,195,196,198,201,202,214,215,216,219,220,222,223,237,242,247,248,249,261,265,266,267,268,269,271,279,281,287,288,289,290,291,292,301,302,303,309,310,311,312,313,316,317,318,319
171,171,116
7,8,9,10,11,12,13,14,15,16,17,18,21,22,32,33,34,35,36,37,38,40,42,43,44,56,57,59,60,61,62,63,64,65,66,67,75,82,84,85,86,87,88,96,101,102,103,104,105,106,107,108,109,110,119,121,125,126,127,128,129,130,131,132,137,138,139,140,141,142,147,148,149,150,151,152,153,154,155,158,159,160,161,164,168,169,170,171,172,173,175,176,192,193,194,197,198,213,214,220,237,243,249,259,271,287,288,289,290,291,303,304,309,312,324,326
201,201,121
7,8,9,10,11,12,13,14,15,16,18,19,20,21,22,33,34,35,36,37,38,39,40,41,42,43,44,56,57,58,59,60,61,62,63,64,65,66,75,76,78,82,83,84,85,86,87,88,95,102,103,104,105,106,107,108,109,110,121,126,127,128,129,130,131,132,137,138,139,140,142,149,150,151,152,153,154,155,156,158,161,167,168,169,170,171,172,175,176,177,178,180,181,192,193,194,197,198,199,202,203,214,219,220,222,223,224,248,249,269,287,288,290,296,309,310,311,312,314,324,326
282,282,127
7,8,9,10,11,12,13,14,15,16,18,21,22,32,33,34,35,36,37,39,42,43,44,53,56,57,58,59,60,62,64,65,66,74,75,76,78,79,81,82,84,85,86,87,88,96,97,101,102,103,104,105,106,107,108,109,110,118,121,125,126,127,128,129,130,131,132,138,139,140,142,147,150,151,152,153,154,155,156,159,162,167,168,169,170,171,172,173,174,175,176,177,178,179,180,191,192,193,194,196,197,198,199,201,202,203,213,214,215,220,225,226,227,255,259,262,271,291,293,303,310,311,312,313,314,325,326
209,209,127
7,8,9,10,11,12,13,14,15,16,18,20,21,22,33,34,35,36,37,38,39,41,42,43,44,53,56,57,58,59,60,61,62,63,64,65,66,74,81,82,83,84,85,86,87,88,101,102,103,104,105,106,107,108,109,110,111,121,127,128,129,130,131,132,137,139,140,142,148,149,150,151,152,153,154,155,156,158,159,162,167,169,170,171,173,174,175,176,178,179,180,181,191,193,194,196,197,198,199,200,201,202,203,214,215,221,224,225,226,227,237,243,267,269,270,271,287,288,289,292,293,303,311,312,313,314,326
100,100,125
7,8,9,10,11,12,13,14,15,16,18,19,20,21,22,24,34,35,36,37,38,39,41,42,43,44,56,57,58,59,60,61,64,65,66,74,76,78,79,80,81,82,83,84,85,86,87,88,101,102,103,106,107,108,109,110,116,121,125,126,127,128,129,130,131,132,139,140,142,147,149,150,151,152,153,154,156,159,160,161,162,163,169,170,172,173,174,175,176,178,179,180,191,192,193,195,196,198,199,201,202,203,214,215,216,222,223,224,225,226,227,238,270,287,288,292,303,309,310,311,312,313,314,325,326
169,169,122
7,8,9,10,11,12,13,14,15,16,18,19,20,21,22,33,34,35,36,37,38,40,41,42,43,44,56,57,58,59,60,61,62,63,64,65,66,74,76,78,79,80,81,82,83,84,85,86,87,88,101,102,103,104,105,106,107,108,109,110,116,118,120,121,124,127,128,129,130,131,132,137,139,140,142,149,150,151,152,153,154,155,160,161,162,169,170,172,173,174,175,176,178,179,180,181,182,183,192,194,197,198,199,200,201,202,203,214,215,216,220,225,226,227,238,259,292,310,311,312,314,326
489,489,124
3,7,8,9,10,11,12,13,14,15,16,18,19,21,22,32,33,34,35,36,37,38,40,42,43,44,56,57,58,59,61,63,64,65,66,76,79,80,81,82,84,85,86,87,88,101,102,103,104,106,107,108,109,110,116,119,121,125,127,128,129,130,131,132,138,140,142,143,148,150,151,152,153,154,155,156,159,160,161,162,163,169,170,172,173,174,175,176,178,179,180,182,183,184,191,192,193,195,196,197,198,199,200,201,202,203,204,214,215,216,220,226,227,259,261,282,283,303,304,311,312,313,314,326
94,94,124
7,8,9,10,11,12,13,14,15,16,17,18,19,20,21,22,32,33,34,35,36,37,38,39,40,41,42,43,44,52,55,56,57,58,60,61,62,63,65,66,71,74,75,76,78,79,80,82,84,85,86,87,88,99,101,102,103,104,106,107,108,109,110,118,124,125,126,127,128,129,130,131,132,137,144,149,150,151,152,153,154,159,162,163,168,169,170,172,173,174,175,176,177,178,179,180,182,191,192,193,194,195,196,197,198,199,200,201,202,203,204,207,210,211,215,216,220,223,225,226,228,284,313,322
224,224,127
7,8,9,10,11,12,13,14,15,16,18,19,20,21,22,31,32,33,34,35,36,37,38,39,40,41,42,43,44,52,53,55,56,57,58,59,60,61,62,63,64,65,66,74,75,76,78,80,81,82,84,85,86,87,88,97,98,99,101,102,103,104,105,106,107,108,109,110,116,124,125,126,127,128,129,130,131,132,138,139,150,151,152,153,154,156,161,169,170,172,173,174,175,176,177,178,182,183,184,185,195,197,198,199,200,201,202,203,204,205,206,207,210,215,216,221,222,223,224,225,226,238,239,243,261,284,325
408,408,124
4,7,8,9,10,11,12,13,14,15,16,17,18,19,20,21,22,32,33,34,35,36,37,38,39,40,41,42,43,44,52,54,55,56,57,58,59,60,61,62,63,64,65,66,74,75,79,80,81,82,83,84,85,86,87,88,97,98,99,100,101,102,103,104,105,106,107,108,109,110,116,121,123,124,126,127,128,129,130,131,132,144,145,150,151,152,153,154,155,158,159,162,169,170,172,173,174,175,176,177,178,179,184,195,196,197,198,199,200,201,202,203,206,207,210,216,221,223,239,262,280,283,312,326
224,224,126
5,7,8,9,10,11,12,13,14,15,16,17,18,19,20,21,22,32,33,34,35,36,37,38,39,40,41,42,43,44,52,54,55,56,57,58,59,60,61,62,63,64,65,66,75,77,79,80,81,82,83,84,85,86,87,88,96,98,99,100,101,102,103,104,105,106,107,108,109,110,116,124,125,126,127,128,129,130,131,132,138,139,140,142,146,150,151,152,153,154,155,159,160,162,169,170,172,173,174,175,176,177,178,180,184,191,193,195,196,197,198,200,201,202,206,215,221,222,223,238,239,243,281,284,312,327
78,78,124
7,8,9,10,11,12,13,14,15,16,17,18,19,20,21,22,32,33,34,35,36,37,38,39,40,41,42,43,44,52,55,56,57,58,59,60,61,62,63,64,65,66,74,75,79,80,81,82,83,84,85,86,87,88,96,98,100,101,102,103,104,105,106,107,108,109,110,116,121,124,125,126,127,128,129,130,131,132,137,138,143,146,150,151,152,153,154,159,160,162,163,165,169,170,172,173,174,175,176,177,178,182,183,184,189,195,197,199,200,201,202,203,206,216,217,221,222,223,239,240,261,283,305,312
363,363,125
7,8,9,10,11,12,13,14,15,16,17,18,19,20,21,22,25,32,33,34,35,36,37,38,39,40,41,42,43,44,54,55,56,57,58,59,60,61,62,63,64,65,66,74,75,79,80,81,82,83,84,85,86,87,88,98,99,101,102,103,104,105,106,107,108,109,110,121,123,124,125,126,127,128,129,130,131,132,138,139,146,150,151,152,153,154,155,158,159,160,161,163,166,168,169,170,172,173,174,175,176,177,178,180,182,184,189,191,195,198,200,201,205,207,216,217,221,222,223,243,261,284,312,316,327
542,542,122
4,7,8,9,10,11,12,13,14,15,16,17,18,19,20,21,22,31,32,33,34,35,36,37,38,39,40,41,42,43,44,55,56,57,58,59,60,61,62,63,64,65,66,74,79,80,81,82,83,84,85,86,87,88,98,99,100,101,102,103,104,105,106,107,108,109,110,116,124,125,126,127,128,129,130,131,132,137,138,139,150,152,153,154,155,159,160,161,162,168,169,170,171,173,174,175,176,177,178,180,183,189,193,198,199,200,201,202,203,205,207,210,221,222,223,224,225,239,259,262,283,305
15,15,120
5,7,8,9,10,11,12,13,14,15,16,17,18,19,20,21,22,31,32,33,34,35,36,37,38,39,41,42,43,44,55,56,57,58,59,60,61,64,65,66,74,79,80,81,82,83,86,87,88,96,98,99,101,102,103,104,105,106,107,108,109,110,116,118,121,124,125,126,127,128,129,130,131,132,138,139,150,151,152,153,154,155,158,159,160,161,169,170,172,173,174,175,176,177,178,180,181,182,183,188,191,195,198,199,200,201,203,205,207,211,221,222,224,225,239,243,244,245,284,328
349,349,111
7,8,9,10,11,12,13,14,15,16,17,18,19,20,21,22,31,32,33,34,35,36,37,38,39,40,41,42,43,44,55,56,57,58,59,60,61,62,63,64,65,66,74,79,80,81,82,83,85,86,87,88,95,98,99,101,102,103,104,105,106,107,108,109,110,124,125,126,127,128,129,130,131,132,143,150,151,153,154,155,159,160,161,170,171,173,174,175,176,177,178,180,182,193,198,201,202,203,204,205,206,207,216,217,221,222,225,241,258,306,328
271,271,132
4,5,7,8,9,10,11,12,13,14,15,16,17,18,19,20,21,22,31,32,33,34,35,36,37,38,39,40,41,42,43,44,52,53,54,55,56,57,58,59,60,61,62,63,64,65,66,74,78,79,80,81,82,83,86,87,88,89,98,101,102,103,104,105,106,107,108,109,110,116,118,124,125,126,127,130,131,132,138,139,145,150,151,152,153,154,160,161,162,167,168,169,170,171,172,173,174,175,176,182,183,184,191,193,195,196,198,199,200,201,202,203,204,205,206,207,209,211,216,217,218,221,222,223,224,225,226,243,244,245,328,330
83,83,118
5,7,8,9,10,11,12,13,14,15,16,17,18,19,20,21,22,31,32,33,34,35,36,37,38,39,40,41,42,43,44,53,55,56,57,58,59,60,61,63,64,65,66,78,79,81,82,83,84,85,86,87,88,96,98,101,102,103,104,105,106,107,108,109,110,116,117,118,124,125,126,127,128,129,130,131,132,138,139,150,151,152,153,154,160,162,169,170,171,172,173,174,175,176,177,182,190,193,196,198,199,200,202,203,204,205,206,207,218,221,222,223,224,225,226,227,243,244
74,74,101
7,8,9,10,11,12,13,14,15,16,17,18,19,20,21,22,32,33,34,35,36,37,38,39,40,41,42,43,44,53,55,56,57,58,59,60,61,62,63,64,65,66,78,79,80,81,82,83,84,86,87,88,101,102,103,104,105,106,107,108,109,110,124,125,126,127,128,129,130,131,132,138,139,150,151,152,153,154,170,172,173,174,175,176,183,184,193,195,196,198,199,200,207,221,222,223,224,225,226,245,312
265,265,131
5,7,8,9,10,11,12,13,14,15,16,17,18,19,20,21,22,30,31,32,33,34,35,36,37,38,39,40,41,42,43,44,53,54,55,56,57,58,59,60,61,62,63,64,65,66,74,78,79,80,81,82,83,84,85,86,87,88,96,101,102,103,104,105,106,107,108,109,110,116,117,118,119,122,124,125,126,127,128,129,130,131,132,133,138,139,145,147,150,151,152,153,154,160,162,164,169,170,171,172,173,174,175,176,182,183,184,191,193,194,195,196,198,199,200,201,202,204,205,206,207,221,222,223,224,225,226,227,243,244,287
573,573,119
6,7,8,9,10,11,12,13,14,15,16,17,18,19,20,21,22,31,32,33,34,35,36,37,38,39,40,41,42,43,44,53,54,55,56,57,58,59,60,61,62,63,64,65,66,78,79,80,81,82,83,84,85,86,87,88,101,102,103,104,105,106,107,108,109,110,118,124,125,126,127,128,129,130,131,132,138,139,146,148,149,150,151,152,161,162,167,169,170,171,172,173,174,175,176,182,183,184,188,189,193,196,199,200,201,202,217,218,221,222,223,224,225,226,243,244,245,283,287
502,502,128
6,7,8,9,10,11,12,13,14,15,16,17,18,19,20,21,22,31,32,33,34,35,36,37,38,39,40,41,42,43,44,53,54,55,56,57,58,59,60,61,62,63,64,65,66,78,79,80,81,82,83,84,85,86,87,88,101,102,103,104,105,106,107,108,109,110,116,117,121,122,123,124,125,126,127,128,129,130,131,132,137,139,142,144,146,150,151,152,153,154,160,162,167,169,170,171,172,173,174,175,176,177,182,184,188,190,191,193,196,199,200,201,202,203,206,217,221,222,223,224,225,226,227,243,244,287,305,310
302,302,128
6,7,8,9,10,11,12,13,14,15,16,17,18,19,20,21,22,30,31,32,33,34,35,36,37,38,39,40,41,42,43,44,53,55,56,57,58,59,60,61,62,63,64,65,66,74,78,79,80,81,82,83,84,86,87,88,101,102,103,104,105,106,107,108,109,110,116,123,124,125,126,127,128,129,130,131,132,138,139,146,148,149,150,151,152,154,160,161,162,169,170,171,172,173,174,175,176,177,182,183,184,190,191,193,199,200,201,202,203,205,206,208,210,217,221,222,223,224,225,226,227,240,241,243,244,245,287,314
273,273,131
6,7,8,9,10,11,12,13,14,15,16,17,18,19,20,21,22,30,31,32,33,34,35,36,37,38,39,40,41,42,43,44,53,54,55,56,57,58,59,60,61,62,63,64,65,66,77,78,79,80,81,82,83,84,85,86,87,88,101,102,103,104,105,106,107,108,109,110,116,117,118,121,122,124,125,126,127,128,129,130,131,132,137,138,139,144,145,149,150,151,152,153,154,160,161,162,163,165,167,169,170,172,173,174,175,176,177,182,184,188,193,196,199,200,202,203,204,205,217,222,223,224,225,226,227,229,243,244,283,287,329
10,10,117
6,7,8,9,10,11,12,13,14,15,16,17,18,19,20,21,22,30,31,32,33,34,35,36,37,38,39,40,41,42,43,44,53,54,55,56,57,58,59,60,61,62,63,64,65,66,78,79,80,81,82,83,84,85,86,87,88,101,102,103,104,105,106,107,108,109,110,124,125,126,127,128,129,130,131,132,137,138,144,149,150,151,152,160,161,162,166,167,169,172,173,174,175,176,182,183,184,191,196,198,199,200,202,203,205,221,222,223,224,225,226,227,233,234,243,244,287
294,294,126
6,7,8,9,10,11,12,13,14,15,16,17,18,19,20,21,22,25,30,31,32,33,34,35,36,37,38,39,40,41,42,43,44,51,53,55,56,57,58,59,60,61,62,63,64,65,66,75,77,78,79,80,81,82,83,85,86,87,88,90,96,101,102,103,104,105,106,107,108,109,110,116,117,124,125,126,127,128,129,130,131,132,137,138,147,149,150,151,152,153,154,159,161,162,163,167,172,175,176,177,185,186,192,193,194,195,196,204,205,206,207,208,221,223,224,225,226,227,228,229,233,234,235,243,244,245
563,563,121
6,7,8,9,10,11,12,13,14,15,16,17,18,19,20,21,22,30,31,32,33,34,35,36,37,38,39,40,41,42,43,44,55,56,57,58,59,60,61,62,63,64,65,66,76,77,78,79,80,81,82,83,85,86,88,98,101,102,103,104,105,106,107,108,109,110,116,122,123,124,125,126,127,128,129,130,131,132,138,140,149,151,152,153,154,156,160,161,165,168,172,173,174,175,176,190,191,193,194,195,196,203,204,205,206,210,221,222,223,224,225,226,227,228,229,231,243,244,245,246,310
304,304,141
6,7,8,9,10,11,12,13,14,15,16,17,18,19,20,21,22,29,30,31,32,33,34,35,36,37,38,39,40,41,42,43,44,52,53,54,55,56,57,58,59,60,61,62,63,64,65,66,77,78,79,80,81,82,83,84,85,86,87,88,90,97,98,100,101,102,103,104,105,106,107,108,109,110,116,122,124,125,126,127,128,129,130,131,132,133,137,138,140,144,145,146,147,149,150,151,152,153,154,158,159,160,161,163,168,172,173,174,175,176,177,183,189,191,193,194,195,196,200,204,205,221,222,223,224,225,226,227,228,229,231,243,244,245,246,265,267,287,291,309,310
72,72,96
6,7,8,9,10,11,12,13,14,15,16,17,18,19,20,21,22,30,31,32,33,34,35,36,37,38,39,40,41,42,43,44,52,55,56,57,58,59,60,61,62,63,64,65,66,78,79,80,81,82,83,84,85,86,87,88,100,101,102,103,104,105,106,108,109,110,125,126,127,128,130,131,132,143,149,150,151,153,154,160,161,174,175,193,194,222,224,225,226,227,228,243,244,245,246,287
90,90,20
242,263,264,283,284,285,286,303,304,305,306,307,308,324,325,326,327,328,329,330
310,310,72
118,153,154,172,173,174,175,176,192,193,194,195,196,197,198,213,214,215,216,217,218,219,220,233,234,235,236,237,238,239,240,253,254,255,256,257,258,259,260,271,272,273,274,275,276,277,278,279,280,281,291,292,293,294,295,296,297,298,299,300,301,311,312,313,314,315,316,317,318,319,320,321
483,483,109
84,85,86,87,88,102,103,104,105,106,107,108,109,110,122,123,124,125,126,127,128,129,130,131,141,142,143,144,145,146,147,148,149,150,152,161,162,163,164,165,166,167,168,169,170,171,172,180,181,182,183,184,185,186,187,188,189,190,191,200,201,202,203,204,205,206,207,208,209,210,213,221,222,223,224,225,226,227,228,229,230,243,244,245,246,247,248,249,250,252,265,266,267,268,269,270,271,272,287,288,289,290,291,292,293,309,310,311,312
530,530,127
2,16,17,18,19,20,21,34,35,36,37,38,39,40,41,42,43,51,52,53,54,55,56,57,58,59,60,61,62,64,69,70,71,72,73,74,75,76,77,78,79,80,81,82,83,84,85,90,91,92,93,94,95,96,97,98,99,100,101,102,103,104,105,106,107,111,112,113,114,115,116,117,118,119,120,121,122,123,124,125,126,133,134,135,136,137,138,139,140,141,142,143,144,155,156,157,158,159,160,161,162,163,164,166,177,178,179,180,181,182,183,184,185,199,200,201,202,203,204,205,221,222,223,224,243,244,265
278,278,116
1,2,3,4,5,6,7,8,9,10,11,12,13,14,15,16,17,18,23,24,25,26,27,28,29,30,31,32,33,34,35,36,37,38,39,45,46,47,48,49,50,51,52,53,54,55,56,57,58,59,60,67,68,69,70,71,72,73,74,75,76,77,78,79,80,81,89,90,91,92,93,94,95,96,97,98,99,100,101,102,103,111,112,113,114,115,116,117,118,119,120,121,122,124,133,134,135,136,137,138,140,141,142,155,156,157,158,160,177,178,179,180,181,199,200,201
387,387,104
1,2,3,4,5,6,7,8,9,10,11,12,13,14,15,16,17,18,19,22,23,24,25,26,27,28,29,30,31,32,33,34,35,36,37,38,39,40,45,46,47,48,49,50,51,52,53,54,55,56,57,58,59,60,61,67,68,69,70,71,72,73,74,75,76,77,78,79,80,81,89,90,91,92,93,94,95,96,97,98,99,100,111,112,113,114,115,116,117,118,119,120,121,122,133,134,135,136,137,138,155,156,157,177
514,514,95
1,2,3,4,5,6,7,8,9,10,11,12,13,14,15,16,17,18,19,20,23,24,25,26,27,28,29,30,31,32,33,34,35,36,37,38,39,40,45,46,47,48,49,50,51,52,53,54,55,56,57,58,59,60,67,68,69,70,71,72,73,74,75,76,77,78,79,89,90,91,92,93,94,95,96,97,98,111,112,113,114,115,116,117,118,119,133,134,135,136,155,156,157,177,179
347,347,80
1,2,3,4,5,6,7,8,9,10,11,12,13,14,15,16,17,18,23,24,25,26,27,28,29,30,31,32,33,34,35,36,37,38,39,45,46,47,48,49,50,51,52,53,54,55,56,57,67,68,69,70,71,72,73,74,75,76,77,89,90,91,92,93,94,95,96,97,111,112,113,114,115,116,117,133,134,135,136,155
528,528,60
1,2,3,4,5,6,7,8,9,10,11,12,13,14,15,23,24,25,26,27,28,29,30,31,33,45,46,47,48,49,50,51,53,54,67,68,69,70,71,72,73,74,89,90,91,92,93,94,95,96,111,112,113,114,133,134,135,137,157,168
225,225,24
1,2,3,4,5,6,9,10,23,24,25,26,27,29,30,31,32,33,47,49,70,71,94,95
561,561,17
44,62,66,87,88,104,109,110,126,132,154,173,174,175,176,194,195
560,560,34
19,20,38,44,57,58,59,64,65,66,85,86,87,88,103,104,106,109,110,124,125,126,127,131,132,153,154,173,174,175,176,194,196,210
184,184,67
18,19,20,21,22,36,37,38,39,40,42,43,44,57,58,59,60,61,62,63,64,65,66,80,81,82,83,84,85,86,87,88,101,102,103,104,105,106,108,109,110,124,125,126,127,128,130,131,132,149,150,151,152,153,154,173,174,175,176,194,195,196,197,198,217,218,237
284,284,72
14,15,17,18,19,20,21,22,35,36,37,38,39,40,41,42,43,44,51,57,58,59,60,61,62,63,64,65,66,78,79,80,81,82,83,84,85,86,87,88,101,102,103,104,105,106,107,108,109,110,124,125,126,127,128,132,149,150,151,152,153,154,173,174,175,176,194,195,196,197,198,283
273,273,16
17,22,44,57,59,60,66,79,80,81,82,87,104,108,124,240
439,439,63
6,7,8,9,10,15,16,17,18,19,20,32,33,34,35,36,37,38,39,40,41,42,43,44,56,57,58,59,60,61,62,63,64,65,66,78,79,80,81,82,83,84,85,86,87,88,101,102,103,104,105,106,108,109,110,124,125,126,127,128,132,148,149
56,56,58
6,7,8,9,11,12,14,15,16,17,18,22,32,34,35,36,37,38,39,43,44,55,56,57,58,59,60,61,62,63,64,65,66,78,79,80,81,82,85,86,87,100,101,102,103,104,105,106,107,108,124,125,126,127,143,148,149,199
190,190,25
6,15,16,17,35,36,37,38,39,56,57,58,60,79,80,101,102,103,104,105,106,124,125,126,127
270,270,9
22,88,154,176,198,220,241,242,330
135,135,43
19,20,21,22,42,43,44,64,65,66,85,86,87,88,108,109,110,130,131,132,151,152,153,154,174,175,176,197,198,219,220,240,241,242,263,264,285,286,306,307,308,329,330
75,75,67
17,18,19,20,21,22,40,41,42,43,44,62,63,64,65,66,84,85,86,87,88,107,108,109,110,128,129,130,131,132,150,151,152,153,154,172,173,174,175,176,195,196,197,198,217,218,219,220,239,240,241,242,261,262,263,264,283,284,285,286,305,306,307,308,328,329,330
109,109,84
17,18,19,20,21,22,39,40,41,42,43,44,60,61,62,63,64,65,66,82,83,84,85,86,87,88,105,106,107,108,109,110,127,128,129,130,131,132,149,150,151,152,153,154,171,172,173,174,175,176,193,194,195,196,197,198,216,217,218,219,220,238,239,240,241,242,260,261,262,263,264,283,284,285,286,304,305,306,307,308,327,328,329,330
295,295,99
15,16,36,37,38,39,40,41,59,60,61,62,63,81,82,83,84,85,86,103,104,105,106,107,108,125,126,127,128,129,130,146,147,148,149,150,151,152,153,169,170,171,172,173,174,175,191,192,193,194,195,196,197,198,213,214,215,216,217,218,219,220,236,237,238,239,240,241,242,258,259,260,261,262,263,264,279,280,281,282,283,284,285,286,301,302,303,304,305,306,307,308,324,325,326,327,328,329,330
116,116,107
12,13,14,33,34,35,36,37,56,57,58,59,77,78,79,80,81,99,100,101,102,103,104,121,122,123,124,125,126,143,144,145,146,147,148,149,165,166,167,168,169,170,171,172,187,188,189,190,191,192,193,194,209,210,211,212,213,214,215,216,231,232,233,234,235,236,237,238,239,254,255,256,257,258,259,260,261,275,276,277,278,279,280,281,282,283,284,297,298,299,300,301,302,303,304,305,318,319,320,321,322,323,324,325,326,327,328
315,315,104
9,10,11,30,31,32,33,51,52,53,54,55,73,74,75,76,77,78,95,96,97,98,99,100,117,118,119,120,121,122,123,139,140,141,142,143,144,145,161,162,163,164,165,166,167,183,184,185,186,187,188,189,205,206,207,208,209,210,211,227,228,229,230,231,232,233,234,249,250,251,252,253,254,255,256,270,271,272,273,274,275,276,277,278,292,293,294,295,296,297,298,299,300,301,314,315,316,317,318,319,320,321,322,323
109,109,85
29,48,49,50,51,52,69,70,71,72,73,74,91,92,93,94,95,96,113,114,115,116,117,118,135,136,137,138,139,140,141,157,158,159,160,161,162,179,180,181,182,183,184,201,202,203,204,205,206,224,225,226,227,228,229,245,246,247,248,249,250,251,267,268,269,270,271,272,273,288,289,290,291,292,293,294,295,310,311,312,313,314,315,316,317
557,557,59
1,2,3,4,23,24,25,26,45,46,47,67,68,69,89,90,91,92,111,112,113,114,134,135,136,155,156,157,158,177,178,179,180,199,200,201,202,221,222,223,224,243,244,245,246,247,265,266,267,268,269,287,288,289,290,309,310,311,312
279,279,33
1,2,23,24,26,45,46,47,67,68,69,89,90,91,111,112,113,133,134,155,177,178,199,200,221,223,243,244,274,287,288,309,310
433,433,22
17,19,21,22,41,42,43,44,63,64,65,66,87,88,110,129,172,176,195,196,197,198
46,46,84
11,12,13,14,15,16,17,18,19,20,21,22,33,36,37,38,39,40,41,42,43,44,57,58,59,60,61,62,63,64,65,66,78,80,81,82,83,84,85,86,87,88,101,102,103,104,105,106,107,108,109,110,124,125,126,127,128,129,130,131,132,147,148,149,150,151,152,153,154,169,172,174,175,176,192,195,196,197,198,218,237,238,262,264
553,553,74
12,13,14,15,16,17,18,19,20,21,22,35,36,37,38,39,40,41,42,43,44,57,58,59,60,61,62,63,64,65,66,80,81,82,83,84,85,86,87,88,103,104,105,106,107,108,109,110,125,126,127,128,129,130,131,132,147,148,149,150,151,152,153,154,172,174,175,176,195,196,197,198,218,310
212,212,105
8,9,10,11,12,13,14,15,16,17,18,19,20,21,22,32,33,34,35,36,37,38,39,40,41,42,43,44,55,56,57,58,59,60,61,62,63,64,65,66,78,79,80,81,82,83,84,85,86,87,88,99,101,102,103,104,105,106,107,108,109,110,124,125,126,127,128,129,130,131,132,145,146,147,148,149,150,151,152,153,154,167,168,169,171,172,173,174,175,176,188,194,195,196,197,198,214,215,216,218,233,237,238,257,264
199,199,121
6,7,8,9,10,11,12,13,14,15,16,17,18,19,20,21,22,30,31,32,33,34,35,36,37,38,39,40,41,42,43,44,55,56,57,58,59,60,61,62,63,64,65,66,78,79,80,81,82,83,84,85,86,87,88,101,102,103,104,105,106,107,108,109,110,121,122,123,124,125,126,127,128,129,130,131,132,145,146,147,148,149,150,151,152,153,154,167,168,169,171,172,173,174,175,176,188,189,190,191,192,194,195,196,197,198,208,212,214,217,218,235,239,242,253,254,257,261,262,264,286
289,289,121
6,7,8,9,10,11,12,13,14,15,16,17,18,19,20,21,22,30,32,33,34,35,36,37,38,39,40,41,42,43,44,55,56,57,58,59,60,61,62,63,64,65,66,77,78,79,80,81,82,83,84,85,86,87,88,101,102,103,104,105,106,107,108,109,110,121,123,124,125,126,127,128,129,130,131,132,145,146,147,148,149,150,151,152,153,154,168,169,171,172,173,174,175,176,189,190,191,192,193,195,196,197,198,212,213,216,217,218,236,237,238,239,254,256,257,258,260,262,264,292,293
48,48,120
6,7,8,9,10,11,12,13,14,15,16,17,18,19,20,21,22,26,29,30,32,33,34,35,36,37,38,39,40,41,42,43,44,55,56,57,58,59,60,61,62,63,64,65,66,78,79,80,81,82,83,84,85,86,87,88,101,102,103,104,105,106,107,108,109,110,124,125,126,127,128,129,130,131,132,144,145,146,147,148,149,150,151,152,153,154,168,169,170,171,172,173,174,175,176,191,192,193,194,195,196,197,198,212,213,217,218,235,237,238,239,255,257,258,260,262,286,292,293,310
292,292,124
6,7,8,9,10,11,12,13,14,15,16,17,18,19,20,21,22,25,29,30,32,33,34,35,36,37,38,39,40,41,42,43,44,55,56,57,58,59,60,61,62,63,64,65,66,78,79,80,81,82,83,84,85,86,87,88,101,102,103,104,105,106,107,108,109,110,124,125,126,127,128,129,130,131,132,144,145,146,147,148,150,151,152,153,154,168,169,170,172,173,174,175,176,190,191,192,193,195,196,197,198,212,213,214,216,217,218,233,235,237,238,239,242,251,253,257,258,259,261,262,278,292,313,314
462,462,113
6,7,8,9,10,11,12,13,14,15,16,17,18,19,20,21,22,30,32,33,34,35,36,37,38,39,40,41,42,43,44,55,56,57,58,59,60,61,62,63,64,65,66,78,79,80,81,82,83,84,85,86,87,88,100,101,102,103,104,105,106,107,108,109,110,124,125,126,127,128,129,130,131,132,147,148,149,150,151,152,153,154,168,169,170,171,172,173,174,175,176,192,193,194,195,196,197,198,212,217,218,236,237,238,239,256,257,259,260,280,292,313,314
459,459,129
6,7,8,9,10,11,12,13,14,15,16,17,18,19,20,21,22,29,30,32,33,34,35,36,37,38,39,40,41,42,43,44,55,56,57,58,59,60,61,62,63,64,65,66,78,79,80,81,82,83,84,85,86,87,88,101,102,103,104,105,106,107,108,109,110,123,124,125,126,127,128,129,130,131,132,144,145,147,148,149,150,151,152,153,154,168,169,170,171,172,173,174,175,176,189,191,192,193,194,195,196,197,198,212,213,218,220,228,235,238,243,247,255,256,257,258,261,262,265,274,276,277,278,279,281,283,309,313,314
158,158,125
6,7,8,9,10,11,12,13,14,15,16,17,18,19,20,21,22,30,32,33,34,35,36,37,38,39,40,41,42,43,44,55,56,57,58,59,60,61,62,63,64,65,66,78,79,80,81,82,83,84,85,86,87,88,101,102,103,104,105,106,107,108,109,110,123,124,125,126,127,128,129,130,131,132,146,147,148,149,150,151,152,153,154,168,169,170,171,172,173,174,175,176,189,191,192,193,194,195,196,197,198,204,208,213,214,215,218,232,233,234,235,254,255,256,258,261,274,277,281,282,286,313,314,315,323
513,513,126
6,7,8,9,10,11,12,13,14,15,16,17,18,19,20,21,22,30,32,33,34,35,36,37,38,39,40,41,42,43,44,55,56,57,58,59,60,61,62,63,64,65,66,78,79,80,81,82,83,84,85,86,87,88,100,101,102,103,104,105,106,107,108,109,110,124,125,126,127,128,129,130,131,132,145,146,147,148,149,150,151,152,153,154,168,170,172,173,174,175,176,189,192,194,195,196,197,198,207,212,214,218,231,233,237,238,242,243,256,257,258,259,261,264,267,272,274,275,276,279,281,283,302,309,310,314
281,281,119
6,7,8,9,10,11,12,13,14,15,16,17,18,19,20,21,22,28,32,33,34,35,36,37,38,39,40,41,42,43,44,55,56,57,58,59,60,61,62,63,64,65,66,78,79,80,81,82,83,84,85,86,87,88,100,101,102,103,104,105,106,107,108,109,110,124,125,126,127,128,129,130,131,132,145,146,147,148,149,150,151,152,153,154,169,170,172,173,174,175,176,189,190,191,192,194,195,196,197,198,202,204,217,218,230,242,255,256,273,274,276,277,278,279,282,289,310,313,323
202,202,124
6,7,8,9,10,11,12,13,14,15,16,17,18,19,20,21,22,29,32,33,34,35,36,37,38,39,40,41,42,43,44,55,56,57,58,59,60,61,62,63,64,65,66,78,79,80,81,82,83,84,85,86,87,88,101,102,103,104,105,106,107,108,109,110,124,125,126,127,128,129,130,131,132,145,146,147,148,149,150,151,152,153,154,168,170,171,172,173,174,175,176,189,190,191,192,193,194,195,196,197,198,199,204,213,214,215,218,224,230,255,256,257,259,260,275,276,277,279,280,281,282,309,310,313
511,511,104
6,7,8,9,10,11,12,13,14,15,16,17,18,19,20,21,22,28,29,32,33,34,35,36,37,38,39,40,41,42,43,44,55,56,57,58,59,60,61,62,63,64,65,66,78,79,80,81,82,83,84,85,86,87,88,101,102,103,104,105,106,107,108,109,110,124,125,126,127,128,129,130,131,132,147,148,149,150,151,152,153,154,170,172,173,174,175,176,194,195,197,214,218,237,256,258,259,261,279,281,309,310,313,314
148,148,118
6,7,8,9,10,11,12,13,14,15,16,17,18,19,20,21,22,28,29,30,32,33,34,35,36,37,38,39,40,41,42,43,44,55,56,57,58,59,60,61,62,63,64,65,66,78,79,80,81,82,83,84,85,86,87,88,101,102,103,104,105,106,107,108,109,110,124,125,126,127,128,129,130,131,132,145,147,148,149,150,151,152,153,154,168,170,172,173,174,175,176,189,190,194,195,196,197,198,213,214,215,217,218,235,245,257,258,261,276,279,282,283,302,309,310,312,313,314
407,407,127
7,8,9,10,11,12,13,14,15,16,17,18,19,20,21,22,28,29,30,32,33,34,35,36,37,38,39,40,41,42,43,44,55,56,57,58,59,60,61,62,63,64,65,66,78,79,80,81,82,83,84,85,86,87,88,101,102,103,104,105,106,107,108,109,110,124,125,126,127,128,129,130,131,132,146,147,148,149,150,151,152,153,154,167,168,169,170,172,173,174,175,176,189,190,191,192,194,195,196,197,198,204,213,214,215,218,234,236,237,239,248,249,255,257,261,275,276,277,278,279,282,283,309,310,311,312,313
406,406,126
6,7,8,9,10,11,12,13,14,15,16,17,18,19,20,21,22,28,29,30,32,33,34,35,36,37,38,39,40,41,42,43,44,55,56,57,58,59,60,61,62,63,64,65,66,78,79,80,81,82,83,84,85,86,87,88,101,102,103,104,105,106,107,108,109,110,124,125,126,127,128,129,130,131,132,145,146,147,148,149,150,151,152,153,154,167,168,170,172,173,174,175,176,189,190,191,192,194,195,196,197,198,212,213,214,215,218,226,234,238,245,247,249,251,257,260,261,277,279,280,281,282,309,310,311,312
407,407,119
6,7,8,9,10,11,12,13,14,15,16,17,18,19,20,21,22,28,29,30,32,33,34,35,36,37,38,39,40,41,42,43,44,55,56,57,58,59,60,61,62,63,64,65,66,78,79,80,81,82,83,84,85,86,87,88,101,102,103,104,105,106,107,108,109,110,124,125,126,127,128,129,130,131,132,145,147,148,149,150,151,152,153,154,168,170,172,173,174,175,176,190,191,193,194,195,196,197,198,212,213,214,215,216,218,220,227,238,245,249,251,258,261,282,295,300,301,303,309
283,283,126
6,7,8,9,10,11,12,13,14,15,16,17,18,19,20,21,22,28,29,30,32,33,34,35,36,37,38,39,40,41,42,43,44,55,56,57,58,59,60,61,62,63,64,65,66,78,79,80,81,82,83,84,85,86,87,88,101,102,103,104,105,106,107,108,109,110,124,125,126,127,128,129,130,131,132,147,148,149,150,151,152,153,154,168,170,171,172,173,174,175,176,189,190,191,192,194,195,196,197,198,204,212,213,214,215,218,236,242,243,244,245,247,249,258,270,279,280,295,300,301,302,304,309,310,311,312
115,115,117
6,7,8,9,10,11,12,13,14,15,16,17,18,19,20,21,22,28,29,32,33,34,35,36,37,38,39,40,41,42,43,44,55,56,57,58,59,60,61,62,63,64,65,66,78,79,80,81,82,83,84,85,86,87,88,101,102,103,104,105,106,107,108,109,110,124,125,126,127,128,129,130,131,132,147,148,149,150,151,152,153,154,167,168,170,172,173,174,175,176,190,191,192,194,195,196,197,198,212,213,214,218,221,234,235,247,249,258,270,271,294,295,300,305,309,310,311
402,402,123
6,7,8,9,10,11,12,13,14,15,16,17,18,19,20,21,22,28,29,30,32,33,34,35,36,37,38,39,40,41,42,43,44,55,56,57,58,59,60,61,62,63,64,65,66,78,79,80,81,82,83,84,85,86,87,88,101,102,103,104,105,106,107,108,109,110,124,125,126,127,128,129,130,131,132,146,147,148,149,150,151,152,153,154,168,170,172,173,174,175,176,189,190,191,194,195,196,197,198,202,212,213,215,216,217,218,221,238,249,250,259,264,270,271,272,274,280,281,294,296,309,310,311
481,481,135
6,7,8,9,10,11,12,13,14,15,16,17,18,19,20,21,22,28,29,30,32,33,34,35,36,37,38,39,40,41,42,43,44,55,56,57,58,59,60,61,62,63,64,65,66,78,79,80,81,82,83,84,85,86,87,88,100,101,102,103,104,105,106,107,108,109,110,123,124,125,126,127,128,129,130,131,132,146,147,148,149,150,151,152,153,154,167,168,171,172,173,174,175,176,190,191,192,193,194,195,196,197,198,199,212,213,214,215,222,225,234,235,236,237,238,240,243,248,258,266,270,272,280,282,283,292,297,300,301,303,304,309,310,311,318
367,367,131
6,7,8,9,10,11,12,13,14,15,16,17,18,19,20,21,22,28,29,30,32,33,34,35,36,37,38,39,40,41,42,43,44,55,56,57,58,59,60,61,62,63,64,65,66,78,79,80,81,82,83,84,85,86,87,88,101,102,103,104,105,106,107,108,109,110,124,125,126,127,128,129,130,131,132,146,147,148,149,150,151,152,153,154,168,169,172,173,174,175,176,190,191,192,193,194,195,196,197,198,212,213,214,220,233,235,236,240,242,246,250,257,258,259,265,269,270,271,273,278,279,280,281,291,295,299,300,303,304,311,328
366,366,132
6,7,8,9,10,11,12,13,14,15,16,17,18,19,20,21,22,28,29,30,32,33,34,35,36,37,38,39,40,41,42,43,44,55,56,57,58,59,60,61,62,63,64,65,66,78,79,80,81,82,83,84,85,86,87,88,101,102,103,104,105,106,107,108,109,110,123,124,125,126,127,128,129,130,131,132,146,147,148,149,150,151,152,153,154,169,170,171,172,173,174,175,176,185,191,192,193,194,195,196,197,198,212,213,214,215,216,220,221,224,233,235,236,237,238,240,255,257,260,262,271,272,278,279,280,291,295,299,300,304,309,310
379,379,132
6,7,8,9,10,11,12,13,14,15,16,17,18,19,20,21,22,28,29,30,32,33,34,35,36,37,38,39,40,41,42,43,44,55,56,57,58,59,60,61,62,63,64,65,66,78,79,80,81,82,83,84,85,86,87,88,101,102,103,104,105,106,107,108,109,110,124,125,126,127,128,129,130,131,132,138,147,148,149,150,151,152,153,154,167,172,173,174,175,176,191,192,194,195,196,197,198,199,212,213,214,215,221,234,235,236,237,238,239,243,245,255,256,258,259,267,271,278,279,291,292,294,295,296,299,302,303,304,316,321,322,325
92,92,109
6,7,8,9,10,11,12,13,14,15,16,17,18,19,20,21,22,28,29,32,33,34,35,36,37,38,39,40,41,42,43,44,55,56,57,58,59,60,61,62,63,64,65,66,78,79,80,81,82,83,84,85,86,87,88,101,102,103,104,105,106,107,108,109,110,124,125,126,127,128,129,130,131,132,147,148,149,150,151,152,153,154,171,172,173,174,175,176,192,194,195,196,197,198,215,216,217,220,235,236,239,243,256,258,260,271,272,281,292
363,363,128
5,6,7,8,9,10,11,12,13,14,15,16,17,18,19,20,21,22,28,29,32,33,34,35,36,37,38,39,40,41,42,43,44,55,56,57,58,59,60,61,62,63,64,65,66,78,79,80,81,82,83,84,85,86,87,88,101,102,103,104,105,106,107,108,109,110,124,125,126,127,128,129,130,131,132,147,148,149,150,151,152,153,154,171,172,173,174,175,176,191,192,194,195,196,197,198,212,213,214,215,216,217,235,236,237,238,239,243,244,245,246,256,257,258,259,261,262,265,270,288,292,295,296,298,306,319,321,323
96,96,126
5,6,7,8,9,10,11,12,13,14,15,16,17,18,19,20,21,22,28,29,32,33,34,35,36,37,38,39,40,41,42,43,44,55,56,57,58,59,60,61,62,63,64,65,66,78,79,80,81,82,83,84,85,86,87,88,101,102,103,104,105,106,107,108,109,110,123,124,125,126,127,128,129,130,131,132,146,147,148,149,150,151,152,153,154,169,171,172,173,174,175,176,191,192,193,194,195,196,197,198,213,214,215,216,217,220,221,235,236,237,239,243,244,245,257,258,259,261,265,280,288,291,297,313,317,322
348,348,121
5,6,7,8,9,10,11,12,13,14,15,16,17,18,19,20,21,22,28,29,32,33,34,35,36,37,38,39,40,41,42,43,44,55,56,57,58,59,60,61,62,63,64,65,66,78,79,80,81,82,83,84,85,86,87,88,101,102,103,104,105,106,107,108,109,110,124,125,126,127,128,129,130,131,132,145,147,148,149,150,151,152,153,154,172,173,174,175,176,191,192,193,194,195,196,197,198,213,214,215,216,235,236,237,239,240,243,244,245,247,258,260,288,291,295,303,304,312,313,320,322
349,349,107
6,7,8,9,10,11,12,13,14,15,16,17,18,19,20,21,22,28,29,32,33,34,35,36,37,38,39,40,41,42,43,44,55,56,57,58,59,60,61,62,63,64,65,66,78,79,80,81,82,83,84,85,86,87,88,101,102,103,104,105,106,107,108,109,110,124,125,126,127,128,129,130,131,132,147,148,149,150,151,152,153,154,172,173,174,175,176,191,192,193,194,195,196,197,198,213,216,220,235,236,237,238,257,311,312,313,323
347,347,123
2,5,6,7,8,9,10,11,12,13,14,15,16,17,18,19,20,21,22,28,29,32,33,34,35,36,37,38,39,40,41,42,43,44,55,56,57,58,59,60,61,62,63,64,65,66,78,79,80,81,82,83,84,85,86,87,88,101,102,103,104,105,106,107,108,109,110,124,125,126,127,128,129,130,131,132,147,148,149,150,151,152,153,154,168,172,173,174,175,176,191,193,194,195,196,197,198,213,214,215,216,217,235,236,237,243,244,258,259,260,265,266,287,290,292,309,311,312,313,314,321,322,324
60,60,117
6,7,8,9,10,11,12,13,14,15,16,17,18,19,20,21,22,28,29,32,33,34,35,36,37,38,39,40,41,42,43,44,55,56,57,58,59,60,61,62,63,64,65,66,78,79,80,81,82,83,84,85,86,87,88,101,102,103,104,105,106,107,108,109,110,124,125,126,127,128,129,130,131,132,147,148,149,150,151,152,153,154,168,172,173,174,175,176,192,193,194,195,196,197,198,213,215,217,220,235,236,239,243,265,266,279,281,282,287,288,301,303,310,311,312,313,321
75,75,111
5,6,7,8,9,10,11,12,13,14,15,16,17,18,19,20,21,22,28,29,32,33,34,35,36,37,38,39,40,41,42,43,44,55,56,57,58,59,60,61,62,63,64,65,66,78,79,80,81,82,83,84,85,86,87,88,101,102,103,104,105,106,107,108,109,110,124,125,126,127,128,129,130,131,132,147,148,149,150,151,152,153,154,168,172,173,174,175,176,191,194,195,196,197,198,213,220,234,236,237,259,266,281,288,292,299,303,310,311,312,313
13,13,114
6,7,8,9,10,11,12,13,14,15,16,17,18,19,20,21,22,28,29,32,33,34,35,36,37,38,39,40,41,42,43,44,49,55,56,57,58,59,60,61,62,63,64,65,66,78,79,80,81,82,83,84,85,86,87,88,101,102,103,104,105,106,107,108,109,110,124,125,126,127,128,129,130,131,132,146,147,148,149,150,151,152,153,154,172,173,174,175,176,191,194,195,196,197,198,213,217,220,236,237,238,258,266,281,283,287,288,291,301,303,309,310,311,312
272,272,107
6,7,8,9,10,11,12,13,14,15,16,17,18,19,20,21,22,28,29,32,33,34,35,36,37,38,39,40,41,42,43,44,55,56,57,58,59,60,61,62,63,64,65,66,78,79,80,81,82,83,84,85,86,87,88,101,102,103,104,105,106,107,108,109,110,124,125,126,127,128,129,130,131,132,147,148,149,150,151,152,153,154,172,173,174,175,176,191,193,194,195,196,197,198,217,220,236,238,258,265,272,283,287,309,310,312,324
43,43,113
6,7,8,9,10,11,12,13,14,15,16,17,18,19,20,21,22,28,29,32,33,34,35,36,37,38,39,40,41,42,43,44,55,56,57,58,59,60,61,62,63,64,65,66,78,79,80,81,82,83,84,85,86,87,88,101,102,103,104,105,106,107,108,109,110,124,125,126,127,128,129,130,131,132,147,148,149,150,151,152,153,154,161,172,173,174,175,176,191,193,194,195,196,197,198,214,215,217,220,236,237,238,258,261,265,266,281,282,287,288,310,311,312
321,321,122
6,7,8,9,10,11,12,13,14,15,16,17,18,19,20,21,22,28,29,32,33,34,35,36,37,38,39,40,41,42,43,44,55,56,57,58,59,60,61,62,63,64,65,66,78,79,80,81,82,83,84,85,86,87,88,101,102,103,104,105,106,107,108,109,110,124,125,126,127,128,129,130,131,132,147,148,149,150,151,152,153,154,172,173,174,175,176,190,191,194,195,196,197,198,213,214,215,217,220,235,236,237,238,258,259,260,261,265,266,280,281,282,283,287,288,309,310,311,312,313,324,327
315,315,117
6,7,8,9,10,11,12,13,14,15,16,17,18,19,20,21,22,28,29,32,33,34,35,36,37,38,39,40,41,42,43,44,55,56,57,58,59,60,61,62,63,64,65,66,78,79,80,81,82,83,84,85,86,87,88,101,102,103,104,105,106,107,108,109,110,124,125,126,127,128,129,130,131,132,147,148,149,150,151,152,153,154,168,172,173,174,175,176,190,191,193,194,195,196,197,198,213,214,215,217,220,236,237,238,260,261,265,266,280,281,283,287,309,310,311,312,313
65,65,119
6,7,8,9,10,11,12,13,14,15,16,17,18,19,20,21,22,28,29,32,33,34,35,36,37,38,39,40,41,42,43,44,55,56,57,58,59,60,61,62,63,64,65,66,78,79,80,81,82,83,84,85,86,87,88,101,102,103,104,105,106,107,108,109,110,124,125,126,127,128,129,130,131,132,145,146,147,148,149,150,151,152,153,154,172,173,174,175,176,190,191,193,194,195,196,197,198,214,215,216,217,220,236,237,238,259,260,265,281,282,283,287,288,289,299,309,310,311,312
299,299,126
6,7,8,9,10,11,12,13,14,15,16,17,18,19,20,21,22,28,29,30,32,33,34,35,36,37,38,39,40,41,42,43,44,55,56,57,58,59,60,61,62,63,64,65,66,78,79,80,81,82,83,84,85,86,87,88,101,102,103,104,105,106,107,108,109,110,124,125,126,127,128,129,130,131,132,134,145,146,147,148,149,150,151,152,153,154,168,171,172,173,174,175,176,190,191,193,194,195,196,197,198,213,214,215,217,220,236,237,238,257,261,279,280,281,282,283,287,288,289,290,301,304,309,310,311,312
291,291,129
6,7,8,9,10,11,12,13,14,15,16,17,18,19,20,21,22,27,28,29,32,33,34,35,36,37,38,39,40,41,42,43,44,55,56,57,58,59,60,61,62,63,64,65,66,78,79,80,81,82,83,84,85,86,87,88,101,102,103,104,105,106,107,108,109,110,124,125,126,127,128,129,130,131,132,147,148,149,150,151,152,153,154,170,171,172,173,174,175,176,190,191,192,194,195,196,197,198,213,214,215,217,220,234,236,237,238,258,259,260,264,279,280,281,282,286,287,288,293,301,302,303,304,309,310,311,312,313,326
275,275,119
6,7,8,9,10,11,12,13,14,15,16,17,18,19,20,21,22,28,29,32,33,34,35,36,37,38,39,40,41,42,43,44,55,56,57,58,59,60,61,62,63,64,65,66,78,79,80,81,82,83,84,85,86,87,88,101,102,103,104,105,106,107,108,109,110,124,125,126,127,128,129,130,131,132,147,148,149,150,151,152,153,154,168,170,171,172,173,174,175,176,190,191,192,194,195,196,197,198,213,214,215,220,234,236,239,256,258,259,260,261,281,282,287,288,303,309,310,311,312
198,198,61
10,13,14,15,16,17,18,19,20,21,22,36,37,38,39,40,41,42,43,44,55,58,59,60,61,62,63,64,65,66,79,80,81,82,83,84,85,86,87,88,103,104,105,106,107,124,126,127,128,129,130,131,132,147,150,151,152,153,170,172,194
389,389,30
241,242,261,262,263,264,281,282,283,284,285,286,301,302,303,304,305,306,307,308,317,321,322,323,324,325,326,327,328,329
354,354,76
153,154,172,173,174,175,176,192,193,194,195,196,211,212,213,214,215,216,217,218,231,232,233,234,235,236,237,238,239,240,251,252,253,254,255,256,257,258,259,260,261,270,271,272,273,274,275,276,277,278,279,280,281,291,292,293,294,295,296,297,298,299,300,301,302,312,313,314,315,316,317,318,319,320,321,322
409,409,113
86,88,103,104,105,106,107,108,109,110,122,123,124,125,126,127,128,129,130,141,142,143,144,145,146,147,148,149,150,160,161,162,163,164,165,166,167,168,169,170,171,172,180,181,182,183,184,185,186,187,188,189,190,191,192,199,200,201,202,203,204,205,206,207,208,209,210,211,212,213,215,221,222,223,224,225,226,227,228,229,230,231,232,243,244,245,246,247,248,249,250,251,252,253,265,266,267,268,269,270,271,272,273,274,287,288,289,290,291,292,293,294,295
251,251,128
35,36,37,38,39,51,52,53,54,55,56,57,58,59,60,61,62,70,71,72,73,74,75,76,77,78,79,80,81,82,83,84,85,89,90,91,92,93,94,95,96,97,98,99,100,101,102,103,104,105,106,111,112,113,114,115,116,117,118,119,120,121,122,123,124,125,126,127,128,133,134,135,136,137,138,139,140,141,142,143,145,146,155,156,157,158,159,160,161,162,163,164,165,166,168,177,178,179,180,181,182,183,184,185,186,187,188,199,200,201,202,203,204,205,206,208,221,222,223,224,225,226,228,243,244,246,247,248
271,271,116
1,2,3,4,5,6,7,8,9,10,11,12,13,14,15,16,23,24,25,26,27,28,29,30,31,32,33,34,35,36,37,38,39,45,46,47,48,49,50,51,52,53,54,55,56,57,58,59,60,61,62,67,68,69,70,71,72,73,74,75,76,77,78,79,80,81,82,89,90,91,92,93,94,95,96,97,98,99,100,101,102,111,112,113,114,115,116,117,118,119,120,121,122,123,133,134,135,136,137,138,139,140,141,155,156,157,158,159,160,161,177,178,179,180,182,200
301,301,99
1,2,3,4,5,6,7,8,9,10,11,23,24,25,26,27,28,29,30,31,32,33,45,46,47,48,49,50,51,52,53,54,55,56,57,67,68,69,70,71,72,73,74,75,76,77,78,79,89,90,91,92,93,94,95,96,97,98,99,100,101,102,111,112,113,114,115,116,117,118,119,120,121,122,123,133,134,135,136,137,138,139,140,141,142,155,156,157,158,159,160,161,177,178,179,183,184,200,307
372,372,93
1,2,3,4,5,6,7,8,9,10,11,12,13,14,15,16,17,18,23,24,25,26,27,28,29,30,31,32,33,34,35,36,37,38,39,45,46,47,48,49,50,51,52,53,54,55,56,57,58,59,60,67,68,69,70,71,72,73,74,75,76,77,78,79,80,81,89,90,91,92,93,94,95,96,97,98,99,111,112,113,114,115,116,117,133,134,135,136,155,156,157,177,178
360,360,80
1,2,3,4,5,6,7,8,9,10,11,12,13,14,15,16,17,18,19,23,24,25,26,27,28,29,30,31,32,33,34,35,36,37,38,39,40,45,46,47,48,49,50,51,52,53,54,55,56,57,58,59,67,68,69,70,71,72,73,74,75,76,80,89,90,91,92,93,94,95,96,97,111,112,113,114,115,116,133,155
526,526,60
1,2,3,4,5,6,7,8,9,10,11,12,13,14,15,23,24,25,26,27,28,29,30,31,32,33,45,46,47,48,49,50,53,54,56,57,58,67,68,69,70,71,72,74,80,89,91,93,111,112,113,114,136,137,155,156,157,158,177,179
481,481,32
1,2,3,4,5,6,7,8,9,10,11,23,24,26,27,30,31,32,33,34,35,45,46,55,56,57,58,67,68,79,89,103
27,27,10
1,7,8,9,10,31,32,56,80,135
30,30,15
147,148,152,153,154,172,173,174,175,176,194,195,196,197,198
197,197,23
18,19,21,22,44,64,88,151,152,153,154,170,171,172,173,174,175,176,194,195,196,197,198
269,269,48
16,17,18,19,20,21,22,39,40,41,42,43,44,63,64,65,66,85,86,87,88,102,124,125,146,147,148,149,150,151,152,153,154,169,170,171,172,173,174,175,176,194,195,196,197,198,313,328
93,93,14
5,29,30,53,54,76,77,78,100,101,124,146,147,169
285,285,64
8,10,20,22,28,29,31,32,42,43,44,55,61,62,64,65,66,79,82,83,84,85,86,87,88,101,102,104,105,106,107,108,109,110,124,125,127,128,129,131,132,146,147,149,150,151,152,153,154,169,170,171,172,173,174,175,176,193,195,196,197,198,218,220
437,437,67
6,7,8,18,19,22,28,29,30,31,32,42,43,61,64,65,66,78,83,84,85,86,88,101,102,103,104,105,107,108,109,110,124,125,127,128,129,130,131,132,146,147,148,149,150,151,152,153,154,169,170,171,172,173,174,175,176,193,194,195,196,197,198,218,219,220,309
284,284,56
6,7,8,28,29,30,31,40,41,42,63,65,78,84,86,100,101,102,103,106,107,108,109,110,124,125,126,127,128,129,130,131,132,146,147,148,149,150,151,152,153,154,169,170,171,172,173,174,175,176,193,194,195,196,197,198
33,33,21
6,7,17,28,29,30,49,50,51,52,100,101,123,124,125,145,146,147,170,172,173
150,150,32
20,21,22,42,43,44,65,66,88,109,110,132,176,198,220,240,241,242,262,263,264,283,284,285,286,305,306,307,308,328,329,330
542,542,63
18,19,20,21,22,40,41,42,43,44,62,63,64,65,66,84,85,86,87,88,107,108,109,110,130,131,132,152,153,154,173,174,175,176,196,197,198,216,217,218,219,220,239,240,241,242,261,262,263,264,283,284,285,286,304,305,306,307,308,327,328,329,330
82,82,83
17,18,19,20,21,22,38,39,40,41,42,43,44,60,61,63,64,65,66,83,85,86,87,88,106,107,108,109,110,127,128,129,130,131,132,150,151,152,153,154,171,172,173,174,175,176,195,196,197,198,216,217,218,219,220,238,239,240,241,242,259,260,261,262,263,264,282,283,284,285,286,303,304,305,306,307,308,325,326,327,328,329,330
126,126,99
15,16,17,18,19,37,38,39,40,59,60,61,63,82,83,84,85,104,105,106,107,108,126,127,128,129,130,148,149,150,151,152,169,170,171,172,173,174,175,192,193,194,195,196,197,212,213,214,215,216,217,218,219,220,234,235,236,237,238,239,240,241,242,256,257,258,259,260,261,262,263,264,278,279,280,281,282,283,284,285,286,300,301,302,303,304,305,306,307,308,322,323,324,325,326,327,328,329,330
324,324,106
12,13,14,15,22,35,36,37,38,58,59,103,123,124,125,126,141,142,143,144,145,146,147,148,163,164,165,166,167,168,169,170,171,185,186,187,188,189,190,191,192,193,208,209,210,211,212,213,214,215,216,229,230,231,232,233,234,235,236,237,238,251,252,253,254,255,256,257,258,259,260,261,273,274,275,276,277,278,279,280,281,282,283,295,296,297,298,299,300,301,302,303,304,305,306,318,319,320,321,322,323,324,325,326,327,328
297,297,104
8,29,30,31,32,51,52,53,54,56,73,74,75,76,77,78,95,96,97,98,99,100,117,118,119,120,121,122,139,140,141,142,143,144,145,161,162,163,164,165,166,167,182,183,184,185,186,187,188,189,204,205,206,207,208,209,210,211,226,227,228,229,230,231,232,233,248,249,250,251,252,253,254,255,263,270,271,272,273,274,275,276,277,278,291,292,293,294,295,296,297,298,299,300,313,314,315,316,317,318,319,320,321,322
256,256,85
5,6,7,26,27,28,29,49,50,52,71,72,73,74,94,96,112,118,134,135,137,138,140,156,157,158,159,160,161,162,178,179,180,181,182,183,184,200,201,202,203,204,205,206,207,221,222,223,224,225,226,227,228,229,243,244,245,246,247,248,249,250,251,265,266,267,268,269,270,271,272,273,289,290,291,292,293,294,295,312,313,314,315,316,317
278,278,59
1,2,3,4,23,24,25,26,45,46,47,48,67,68,89,90,91,92,111,112,113,114,133,134,135,136,155,156,157,158,177,178,179,180,199,200,201,202,203,221,222,223,224,243,244,245,246,265,266,267,268,287,288,289,290,309,310,311,312
558,558,33
1,2,23,24,45,46,67,68,89,90,111,112,113,133,135,155,177,178,179,199,200,201,207,221,222,223,243,244,266,287,288,309,310
528,528,12
20,21,41,42,44,65,86,87,88,110,132,154
497,497,66
14,15,16,17,18,19,20,21,22,35,36,38,39,40,41,42,43,44,59,61,62,63,64,65,66,83,84,85,86,87,88,102,104,106,107,108,109,110,125,126,127,128,129,130,131,132,149,150,151,152,153,154,171,172,173,174,175,176,193,195,196,197,198,218,219,220
56,56,91
9,10,11,12,13,14,15,16,17,18,19,20,21,22,33,35,36,37,38,39,40,41,42,43,44,56,57,58,59,60,61,62,63,64,65,66,78,79,80,81,82,83,84,85,86,87,88,102,103,104,105,106,107,108,109,110,124,125,126,127,128,129,130,131,132,146,147,148,149,150,151,152,153,154,170,171,172,173,174,175,176,193,194,195,196,197,198,218,219,220,240
463,463,104
7,8,9,10,11,12,13,14,15,16,17,18,19,20,21,22,28,29,30,31,32,33,34,35,36,37,38,39,40,41,42,43,44,55,56,57,58,59,60,61,62,63,64,65,66,78,79,80,81,82,83,84,85,86,87,88,101,102,103,104,105,106,107,108,109,110,124,125,126,127,128,129,130,131,132,146,147,148,149,150,151,152,153,154,170,171,172,173,174,175,176,193,194,195,196,197,198,217,218,219,220,240,282,303
91,91,99
7,8,9,10,11,12,13,14,15,16,17,18,19,20,21,22,23,29,30,33,34,35,36,37,38,39,40,41,42,43,44,55,56,57,58,59,60,61,62,63,64,65,66,78,79,80,81,82,83,84,85,86,87,88,101,102,103,104,105,106,107,108,109,110,124,125,126,127,128,129,130,131,132,146,147,148,149,150,151,152,153,154,170,171,172,173,174,175,176,193,194,195,196,197,198,219,220,301,304
199,199,115
1,6,7,8,9,10,11,12,13,14,15,16,17,18,19,20,21,22,28,29,30,31,32,33,34,35,36,37,38,39,40,41,42,43,44,55,56,57,58,59,60,61,62,63,64,65,66,77,78,79,80,81,82,83,84,85,86,87,88,101,102,103,104,105,106,107,108,109,110,124,125,126,127,128,129,130,131,132,146,147,148,149,150,151,152,153,154,169,170,171,172,173,174,175,176,193,194,195,196,197,198,215,216,217,218,219,220,237,239,241,242,262,303,304,325
198,198,112
6,7,8,9,10,11,12,13,14,15,16,17,18,19,20,21,22,28,29,30,31,32,33,34,35,36,37,38,39,40,41,42,43,44,45,53,55,56,57,58,59,60,61,62,63,64,65,66,77,78,79,80,81,82,83,84,85,86,87,88,100,101,102,103,104,105,106,107,108,109,110,124,125,126,127,128,129,130,131,132,146,147,148,149,150,151,152,153,154,169,170,171,172,173,174,175,176,193,194,195,196,197,198,215,218,219,220,237,241,242,263,303
473,473,115
6,7,8,9,10,11,12,13,14,15,16,17,18,19,20,21,22,28,29,30,31,32,33,34,35,36,37,38,39,40,41,42,43,44,53,55,56,57,58,59,60,61,62,63,64,65,66,77,78,79,80,81,82,83,84,85,86,87,88,100,101,102,103,104,105,106,107,108,109,110,123,124,125,126,127,128,129,130,131,132,146,147,148,149,150,151,152,153,154,169,170,171,172,173,174,175,176,178,193,194,195,196,197,198,216,217,218,219,220,237,241,242,263,264,325
485,485,108
6,7,8,9,10,11,12,13,14,15,16,17,18,19,20,21,22,28,29,30,31,32,33,34,35,36,37,38,39,40,41,42,43,44,52,53,54,55,56,57,58,59,60,61,62,63,64,65,66,77,78,79,80,81,82,83,84,85,86,87,88,100,101,102,103,104,105,106,107,108,109,110,123,124,125,126,127,128,129,130,131,132,146,147,148,149,150,151,152,153,154,170,171,172,173,174,175,176,193,194,195,196,197,198,218,219,220,241
294,294,122
6,7,8,9,10,11,12,13,14,15,16,17,18,19,20,21,22,28,29,30,31,32,33,34,35,36,37,38,39,40,41,42,43,44,50,51,52,53,54,55,56,57,58,59,60,61,62,63,64,65,66,73,77,78,79,80,81,82,83,84,85,86,87,88,93,98,99,100,101,102,103,104,105,106,107,108,109,110,123,124,125,126,127,128,129,130,131,132,146,147,148,149,150,151,152,153,154,169,170,171,172,173,174,175,176,193,194,195,196,197,198,215,217,218,219,220,240,242,264,287,292,301
486,486,114
6,7,8,9,10,11,12,13,14,15,16,17,18,19,20,21,22,27,28,29,30,31,32,33,34,35,36,37,38,39,40,41,42,43,44,50,51,52,53,54,55,56,57,58,59,60,61,62,63,64,65,66,72,78,79,80,81,82,83,84,85,86,87,88,99,100,101,102,103,104,105,106,107,108,109,110,121,123,124,125,126,127,128,129,130,131,132,146,147,148,149,150,151,152,153,154,169,170,171,172,173,174,175,176,193,194,195,196,197,198,218,219,220,241
265,265,111
6,7,8,9,10,11,12,13,14,15,16,17,18,19,20,21,22,28,29,30,31,32,33,34,35,36,37,38,39,40,41,42,43,44,51,52,55,56,57,58,59,60,61,62,63,64,65,66,77,78,79,80,81,82,83,84,85,86,87,88,99,100,101,102,103,104,105,106,107,108,109,110,119,121,123,124,125,126,127,128,129,130,131,132,146,147,148,149,150,151,152,153,154,170,171,172,173,174,175,176,193,194,195,196,197,198,218,219,220,279,310
436,436,107
6,7,8,9,10,11,12,13,14,15,16,17,18,19,20,21,22,28,29,30,31,32,33,34,35,36,37,38,39,40,41,42,43,44,55,56,57,58,59,60,61,62,63,64,65,66,77,78,79,80,81,82,83,84,85,86,87,88,99,100,101,102,103,104,105,106,107,108,109,110,123,124,125,126,127,128,129,130,131,132,146,147,148,149,150,151,152,153,154,170,171,172,173,174,175,176,192,193,194,195,196,197,198,218,219,220,303
210,210,110
5,6,7,8,9,10,11,14,15,16,17,18,19,20,21,22,27,28,29,30,31,32,33,34,35,36,37,38,39,40,41,42,43,44,51,52,53,54,55,56,57,58,59,60,61,62,63,64,65,66,77,78,79,80,81,82,83,84,85,86,87,88,99,100,101,102,103,104,105,106,107,108,109,110,123,124,125,126,127,128,129,130,131,132,146,147,148,149,150,151,152,153,154,169,170,171,172,173,174,175,176,194,195,196,197,198,215,219,220,284
155,155,86
7,8,9,10,14,15,16,17,18,19,20,21,22,29,30,34,35,36,37,38,39,40,41,42,43,44,57,58,59,60,61,62,63,64,65,66,78,79,80,81,82,83,84,85,86,87,88,100,101,102,103,104,105,106,107,108,109,110,126,127,128,129,130,131,132,147,148,149,150,151,152,153,154,171,172,173,174,175,176,195,196,197,198,219,220,304
102,102,115
5,6,7,8,9,10,11,12,13,14,15,16,17,18,19,20,21,22,27,28,29,30,31,32,33,34,35,36,37,38,39,40,41,42,43,44,52,54,55,56,57,58,59,60,61,62,63,64,65,66,77,78,79,80,81,82,83,84,85,86,87,88,97,98,99,100,101,102,103,104,105,106,107,108,109,110,122,123,124,125,126,127,128,129,130,131,132,146,147,148,149,150,151,152,153,154,169,170,171,172,173,174,175,176,193,194,195,196,197,198,215,218,219,220,304
148,148,115
5,6,7,8,9,10,11,12,13,14,15,16,17,18,19,20,21,22,28,29,30,31,32,33,34,35,36,37,38,39,40,41,42,43,44,52,55,56,57,58,59,60,61,62,63,64,65,66,77,78,79,80,81,82,83,84,85,86,87,88,96,97,98,99,100,101,102,103,104,105,106,107,108,109,110,119,121,123,124,125,126,127,128,129,130,131,132,145,146,147,148,149,150,151,152,153,154,169,170,171,172,173,174,175,176,192,194,195,196,197,198,215,218,219,220
283,283,104
5,6,7,8,9,10,11,12,13,14,15,16,17,18,19,20,21,22,28,29,30,31,32,33,34,35,36,37,38,39,40,41,42,43,44,55,56,57,58,59,60,61,62,63,64,65,66,78,79,80,81,82,83,84,85,86,87,88,97,100,101,102,103,104,105,106,107,108,109,110,124,125,126,127,128,129,130,131,132,146,147,148,149,150,151,152,153,154,170,171,172,173,174,175,176,194,195,196,197,198,215,219,220,283
511,511,118
5,6,7,8,9,10,11,12,13,14,15,16,17,18,19,20,21,22,28,29,30,31,32,33,34,35,36,37,38,39,40,41,42,43,44,50,51,52,54,55,56,57,58,59,60,61,62,63,64,65,66,76,77,78,79,80,81,82,83,84,85,86,87,88,97,98,99,100,101,102,103,104,105,106,107,108,109,110,121,122,123,124,125,126,127,128,129,130,131,132,146,147,148,149,150,151,152,153,154,169,170,171,172,173,174,175,176,192,193,194,195,196,197,198,215,218,219,220
390,390,119
5,6,7,8,9,10,11,12,13,14,15,16,17,18,19,20,21,22,28,29,30,31,32,33,34,35,36,37,38,39,40,41,42,43,44,50,51,52,53,54,55,56,57,58,59,60,61,62,63,64,65,66,77,78,79,80,81,82,83,84,85,86,87,88,96,98,99,100,101,102,103,104,105,106,107,108,109,110,121,122,123,124,125,126,127,128,129,130,131,132,145,146,147,148,149,150,151,152,153,154,169,170,171,172,173,174,175,176,192,193,194,195,196,197,198,215,218,219,220
396,396,111
5,6,7,8,9,10,11,12,13,14,15,16,17,18,19,20,21,22,28,29,30,31,32,33,34,35,36,37,38,39,40,41,42,43,44,51,52,53,55,56,57,58,59,60,61,62,63,64,65,66,73,78,79,80,81,82,83,84,85,86,87,88,96,98,100,101,102,103,104,105,106,107,108,109,110,121,122,123,124,125,126,127,128,129,130,131,132,146,147,148,149,150,151,152,153,154,170,171,172,173,174,175,176,194,195,196,197,198,215,219,220
432,432,95
6,7,8,9,10,11,12,13,15,16,17,18,19,20,21,22,29,30,33,34,35,36,37,38,39,40,41,42,43,44,56,57,58,59,60,61,62,63,64,65,66,78,79,80,81,82,83,84,85,86,87,88,100,101,102,103,104,105,106,107,108,109,110,125,126,127,128,129,130,131,132,146,147,148,149,150,151,152,153,154,170,171,172,173,174,175,176,194,195,196,197,198,215,219,220
490,490,116
5,6,7,8,9,10,11,12,13,14,15,16,17,18,19,20,21,22,26,28,29,30,31,32,33,34,35,37,38,39,40,41,42,43,44,50,51,52,57,58,59,60,61,62,63,64,65,66,78,79,80,81,82,83,84,85,86,87,88,97,98,100,101,102,103,104,105,106,107,108,109,110,119,120,121,122,123,124,125,126,127,128,129,130,131,132,146,147,148,149,150,151,152,153,154,169,170,171,172,173,174,175,176,190,192,193,194,195,196,197,198,215,218,219,220,306
386,386,116
5,6,7,8,9,10,11,12,13,14,15,16,17,18,19,20,21,22,28,29,30,31,32,33,34,35,36,37,38,39,40,41,42,43,44,49,51,55,56,57,58,59,60,61,62,63,64,65,66,78,79,80,81,82,83,84,85,86,87,88,96,97,100,101,102,103,104,105,106,107,108,109,110,118,121,122,123,124,125,126,127,128,129,130,131,132,145,146,147,148,149,150,151,152,153,154,167,170,171,172,173,174,175,176,190,192,193,194,195,196,197,198,215,219,220,282
160,160,123
5,6,7,8,9,10,11,12,13,14,15,16,17,18,19,20,21,22,28,29,30,31,32,33,34,35,36,37,38,39,40,41,42,43,44,49,50,51,55,56,57,58,59,60,61,62,63,64,65,66,77,78,79,80,81,82,83,84,85,86,87,88,97,98,100,101,102,103,104,105,106,107,108,109,110,117,119,120,121,122,123,124,125,126,127,128,129,130,131,132,140,142,145,146,147,148,149,150,151,152,153,154,167,169,170,171,172,173,174,175,176,193,194,195,196,197,198,215,218,219,220,224,310
113,113,117
5,6,7,8,9,10,11,12,13,14,15,16,17,18,19,20,21,22,26,28,29,30,31,32,33,34,35,36,37,38,39,40,41,42,43,44,51,52,55,56,57,58,59,60,61,62,63,64,65,66,78,79,80,81,82,83,84,85,86,87,88,96,97,98,100,101,102,103,104,105,106,107,108,109,110,121,122,123,124,125,126,127,128,129,130,131,132,142,145,146,147,148,149,150,151,152,153,154,169,170,171,172,173,174,175,176,192,193,194,195,196,197,198,215,218,219,220
105,105,122
5,6,7,8,9,10,11,12,13,14,15,16,17,18,19,20,21,22,28,29,30,31,32,33,34,35,36,37,38,39,40,41,42,43,44,50,51,55,56,57,58,59,60,61,62,63,64,65,66,78,79,80,81,82,83,84,85,86,87,88,96,97,100,101,102,103,104,105,106,107,108,109,110,117,120,121,122,123,124,125,126,127,128,129,130,131,132,137,140,141,142,145,146,147,148,149,150,151,152,153,154,169,170,171,172,173,174,175,176,192,193,194,195,196,197,198,215,217,218,219,220,310
356,356,113
5,6,7,8,9,10,11,12,13,14,15,16,17,18,19,20,21,22,28,29,30,31,32,33,34,35,36,37,38,39,40,41,42,43,44,51,55,56,57,58,59,60,61,62,63,64,65,66,78,79,80,81,82,83,84,85,86,87,88,100,101,102,103,104,105,106,107,108,109,110,122,123,124,125,126,127,128,129,130,131,132,139,141,145,146,147,148,149,150,151,152,153,154,162,169,170,171,172,173,174,175,176,193,194,195,196,197,198,215,218,219,220,283
364,364,92
6,7,8,9,10,11,12,14,15,16,17,18,19,20,21,22,29,30,33,34,35,36,37,38,39,40,41,42,43,44,56,58,59,60,61,62,63,64,65,66,78,79,80,81,82,83,84,85,86,87,88,100,101,102,103,104,105,106,107,108,109,110,125,126,127,128,129,130,131,132,147,148,149,150,151,152,153,154,171,172,173,174,175,176,194,195,196,197,198,215,219,220
96,96,125
5,6,7,8,9,10,11,12,13,14,15,16,17,18,19,20,21,22,28,29,30,31,32,33,34,35,36,37,38,39,40,41,42,43,44,51,52,55,56,57,58,59,60,61,62,63,64,65,66,77,78,79,80,81,82,83,84,85,86,87,88,100,101,102,103,104,105,106,107,108,109,110,116,117,119,120,121,122,123,124,125,126,127,128,129,130,131,132,138,139,140,141,142,143,146,147,148,149,150,151,152,153,154,161,162,169,170,171,172,173,174,175,176,190,192,193,194,195,196,197,198,215,218,219,220
493,493,103
5,6,7,8,9,10,11,12,13,14,15,16,17,18,19,20,21,22,28,29,30,32,33,34,35,36,37,38,39,40,41,42,43,44,56,57,58,59,60,61,62,63,64,65,66,78,79,80,81,82,83,84,85,86,87,88,100,101,102,103,104,105,106,107,108,109,110,121,122,124,125,126,127,128,129,130,131,132,146,147,148,149,150,151,152,153,154,170,171,172,173,174,175,176,194,195,196,197,198,215,219,220,253
346,346,122
5,6,7,8,9,10,11,12,13,14,15,16,17,18,19,20,21,22,27,28,29,30,31,32,33,34,35,36,37,38,39,40,41,42,43,44,50,55,56,57,58,59,60,61,62,63,64,65,66,70,78,79,80,81,82,83,84,85,86,87,88,100,101,102,103,104,105,106,107,108,109,110,116,121,124,125,126,127,128,129,130,131,132,138,139,140,141,142,143,146,147,148,149,150,151,152,153,154,161,162,169,170,171,172,173,174,175,176,184,192,193,194,195,196,197,198,214,215,218,219,220,309
82,82,92
5,6,7,8,9,10,11,13,14,15,16,17,18,19,20,21,22,29,30,33,34,35,36,37,38,39,40,41,42,43,44,56,57,58,59,60,61,62,63,64,65,66,78,80,81,82,83,84,85,86,87,88,101,102,103,104,105,106,107,108,109,110,125,126,127,128,129,130,131,132,147,148,149,150,151,152,153,154,171,172,173,174,175,176,194,195,196,197,198,215,219,220
344,344,121
5,6,7,8,9,10,11,12,13,14,15,16,17,18,19,20,21,22,27,28,29,30,31,32,33,34,35,36,37,38,39,40,41,42,43,44,50,55,56,57,58,59,60,61,62,63,64,65,66,70,78,79,80,81,82,83,84,85,86,87,88,101,102,103,104,105,106,107,108,109,110,116,122,123,124,125,126,127,128,129,130,131,132,137,138,139,140,146,147,148,149,150,151,152,153,154,161,162,169,170,171,172,173,174,175,176,183,192,193,194,195,196,197,198,214,215,218,219,220,265,268
35,35,84
6,7,8,9,11,14,15,16,17,18,19,20,21,22,30,33,35,37,38,39,40,41,42,43,44,56,57,58,59,60,61,62,63,64,65,66,80,81,82,83,84,85,86,87,88,102,103,104,105,106,107,108,109,110,125,126,127,128,129,130,131,132,147,148,149,150,151,152,153,154,171,172,173,174,175,176,194,195,196,197,198,215,219,220
331,331,106
5,6,7,8,9,10,11,12,13,14,15,16,17,18,19,20,21,22,27,28,29,30,31,32,33,34,35,36,37,38,39,40,41,42,43,44,56,57,58,59,60,61,62,63,64,65,66,70,78,79,80,81,82,83,84,85,86,87,88,101,102,103,104,105,106,107,108,109,110,124,125,126,127,128,129,130,131,132,140,147,148,149,150,151,152,153,154,162,169,170,171,172,173,174,175,176,194,195,196,197,198,215,219,220,291,307
74,74,110
5,6,7,8,9,10,11,12,13,14,15,16,17,18,19,20,21,22,28,29,30,31,32,33,34,35,36,37,38,39,40,41,42,43,44,49,55,56,57,58,59,60,61,62,63,64,65,66,78,79,80,81,82,83,84,85,86,87,88,100,101,102,103,104,105,106,107,108,109,110,116,124,125,126,127,128,129,130,131,132,137,138,141,146,147,148,149,150,151,152,153,154,161,169,170,171,172,173,174,175,176,183,194,195,196,197,198,215,219,220
494,494,93
5,6,7,8,9,10,11,12,13,14,15,16,17,18,19,20,21,22,29,30,33,34,35,36,37,38,39,40,41,42,43,44,56,57,58,59,60,61,62,63,64,65,66,78,80,81,82,83,84,85,86,87,88,102,103,104,105,106,107,108,109,110,125,126,127,128,129,130,131,132,147,148,149,150,151,152,153,154,171,172,173,174,175,176,194,195,196,197,198,215,219,220,327
281,281,91
5,6,7,8,9,10,11,12,13,14,15,16,17,18,19,20,21,22,29,30,33,34,36,37,38,39,40,41,42,43,44,56,57,58,59,60,61,62,63,64,65,66,80,81,82,83,84,85,86,87,88,102,103,104,105,106,107,108,109,110,125,126,127,128,129,130,131,132,147,148,149,150,151,152,153,154,171,172,173,174,175,176,193,194,195,196,197,198,215,219,220
487,487,101
5,6,7,8,9,10,11,12,13,14,15,16,17,18,19,20,21,22,28,29,30,32,33,34,35,36,37,38,39,40,41,42,43,44,56,57,58,59,60,61,62,63,64,65,66,78,80,81,82,83,84,85,86,87,88,101,102,103,104,105,106,107,108,109,110,125,126,127,128,129,130,131,132,137,147,148,149,150,151,152,153,154,161,170,171,172,173,174,175,176,193,194,195,196,197,198,215,218,219,220,327
3,3,115
5,6,7,8,9,10,11,12,13,14,15,16,17,18,19,20,21,22,28,29,30,31,32,33,34,35,36,37,38,39,40,41,42,43,44,50,51,53,54,55,56,57,58,59,60,61,62,63,64,65,66,70,77,78,79,80,81,82,83,84,85,86,87,88,91,93,100,102,103,104,105,106,107,108,109,110,124,125,126,127,128,129,130,131,132,137,146,147,148,149,150,151,152,153,154,169,170,171,172,173,174,175,176,192,193,194,195,196,197,198,215,218,219,220,328
275,275,117
5,6,7,8,9,10,11,12,13,14,15,16,17,18,19,20,21,22,27,28,29,30,31,32,33,34,35,36,37,38,39,40,41,42,43,44,52,53,54,55,56,57,58,59,60,61,62,63,64,65,66,77,78,79,80,81,82,83,84,85,86,87,88,90,91,93,99,100,101,102,103,104,105,106,107,108,109,110,124,125,126,127,128,129,130,131,132,146,147,148,149,150,151,152,153,154,160,169,170,171,172,173,174,175,176,192,193,194,195,196,197,198,215,218,219,220,329
159,159,114
5,6,7,8,9,10,11,12,13,14,15,16,17,18,19,20,21,22,28,29,30,31,32,33,34,35,36,37,38,39,40,41,42,43,44,51,54,55,56,57,58,59,60,61,62,63,64,65,66,69,77,78,79,80,81,82,83,84,85,86,87,88,90,92,93,99,100,101,102,103,104,105,106,107,108,109,110,124,125,126,127,128,129,130,131,132,146,147,148,149,150,151,152,153,154,169,170,171,172,173,174,175,176,192,193,194,195,196,197,198,215,218,219,220
50,50,55
15,16,17,18,19,20,21,22,37,38,39,40,41,42,43,44,59,60,61,62,63,64,65,66,81,82,83,84,85,86,87,88,103,104,105,106,107,108,110,125,126,127,128,129,130,132,147,149,150,151,152,153,173,174,194
90,90,30
241,242,260,261,262,263,264,281,282,283,284,285,286,301,302,303,304,305,306,307,308,321,322,323,324,325,326,327,328,330
372,372,77
139,172,173,174,191,192,193,194,211,212,213,214,215,216,217,231,232,233,234,235,236,237,238,239,240,250,251,252,253,254,255,256,257,258,259,260,261,270,271,272,273,274,275,276,277,278,279,280,281,283,290,291,292,293,294,295,296,297,298,299,300,301,302,310,311,312,313,314,315,316,317,318,319,320,321,322,323
236,236,112
54,105,108,122,123,124,127,129,130,142,143,144,145,146,147,148,149,150,152,161,162,163,164,165,166,167,168,169,179,180,181,182,183,184,185,186,187,188,189,190,191,192,199,200,201,202,203,204,205,206,207,208,209,210,211,212,213,214,221,222,223,224,225,226,227,228,229,230,231,232,233,234,235,243,244,245,246,247,248,249,250,251,252,253,254,265,266,267,268,269,270,271,272,273,274,287,288,289,290,291,292,293,294,295,309,310,311,312,313,314,315,316
533,533,129
18,19,37,39,40,41,55,56,57,58,59,60,61,62,63,72,73,75,76,77,78,79,80,81,82,83,84,89,90,91,92,93,94,95,96,97,98,99,100,101,102,103,108,111,112,113,114,115,116,117,118,119,120,121,122,123,124,128,133,134,135,136,137,138,139,140,141,142,143,144,145,155,156,157,158,159,160,161,162,163,164,165,166,167,177,178,179,180,181,182,183,184,185,186,187,188,189,190,199,200,201,202,203,204,205,206,207,208,209,221,222,223,224,225,226,227,228,243,244,245,246,247,248,265,266,267,268,287,288
236,236,120
1,2,3,4,5,6,7,8,9,10,11,12,13,14,15,18,19,23,24,25,26,27,28,29,30,31,32,33,34,35,36,38,39,40,41,42,45,46,47,48,49,50,51,52,53,56,57,59,60,61,67,68,69,70,71,72,73,75,77,78,79,80,81,82,89,90,91,92,93,94,95,96,97,98,99,100,101,102,111,112,113,114,115,116,117,118,119,120,121,122,123,133,134,135,136,137,138,139,140,141,142,144,155,156,157,158,159,160,161,162,177,178,179,180,181,182,199,200,201,231
371,371,106
1,2,3,4,5,6,7,8,9,10,11,12,13,14,15,16,17,21,22,23,24,25,26,27,28,29,30,31,32,33,34,35,36,37,38,42,43,44,45,46,47,48,49,50,51,52,53,54,55,56,57,58,59,64,65,66,67,68,69,70,71,72,75,76,77,78,79,84,85,86,87,89,90,91,92,93,94,104,105,111,112,113,114,115,116,125,126,127,133,134,135,136,137,138,146,147,155,156,157,158,177,178,179,199,200,201
419,419,99
1,2,3,4,5,6,7,8,9,10,11,12,13,14,15,16,17,18,19,20,21,22,23,24,25,26,27,28,29,30,31,32,33,34,35,36,37,38,39,40,42,43,45,46,47,48,49,50,51,52,53,54,55,56,57,58,59,67,68,69,70,71,72,73,74,75,76,77,78,80,89,90,91,92,93,94,95,96,97,98,111,112,113,114,115,116,117,118,121,123,133,134,135,137,139,140,141,155,177
256,256,85
1,2,3,4,5,6,7,8,9,10,11,12,13,14,15,16,17,18,19,20,21,23,24,25,26,27,28,29,30,31,32,33,34,35,36,37,38,39,40,41,42,45,46,47,48,49,50,51,52,53,54,55,56,57,58,59,67,68,69,70,71,72,73,74,75,76,80,89,90,91,92,93,94,95,96,97,111,112,113,114,115,117,118,133,134
257,257,64
1,2,3,4,5,6,7,8,9,10,11,12,13,14,16,23,24,25,26,27,28,29,30,31,34,35,45,46,47,48,49,50,51,52,67,68,69,70,71,72,73,74,89,90,91,92,93,94,95,111,113,115,116,117,118,119,120,122,134,139,140,141,142,143
322,322,41
1,2,3,4,5,7,8,23,24,25,26,29,30,45,46,47,48,49,50,67,68,69,70,71,72,73,89,93,94,95,96,97,116,117,118,119,120,122,140,141,142
474,474,5
72,94,95,117,118
149,149,16
66,85,86,87,88,129,131,132,151,152,153,173,174,194,195,215
453,453,44
14,15,20,36,37,40,42,59,60,65,66,87,88,103,106,107,108,109,110,117,124,125,126,129,130,131,132,151,152,153,154,171,172,173,174,175,192,193,194,195,196,198,215,220
455,455,58
14,15,16,19,20,21,22,35,36,37,39,40,41,42,43,44,57,58,59,60,63,65,66,81,85,86,88,102,107,109,110,124,125,130,131,132,146,147,150,151,152,153,154,171,172,173,174,175,176,192,193,194,195,196,197,198,215,218
249,249,11
43,85,132,150,151,153,154,171,173,174,176
568,568,68
14,15,16,17,18,19,20,21,37,38,39,40,41,42,43,44,58,59,60,61,62,63,64,66,80,81,82,83,84,85,86,87,88,103,104,105,106,107,110,125,126,127,128,129,130,131,132,147,149,150,151,152,153,154,170,171,172,173,174,175,176,193,194,195,196,197,198,220
442,442,65
6,8,15,16,17,18,19,20,21,34,37,38,39,40,41,42,43,58,59,60,61,63,64,80,81,82,83,84,85,86,87,88,100,103,105,106,107,108,109,110,124,125,126,128,129,130,131,132,146,147,151,152,153,154,171,172,173,174,175,176,193,195,196,198,218
283,283,53
6,7,8,11,13,15,16,17,18,19,34,36,37,38,39,40,41,58,59,60,61,78,80,81,82,83,85,100,101,102,103,104,105,106,107,124,125,126,127,128,129,150,170,171,172,173,174,192,193,194,195,196,218
105,105,15
6,8,9,11,28,33,34,35,57,59,81,82,102,124,146
350,350,32
20,21,22,42,43,44,64,65,66,87,88,109,110,131,132,152,153,154,175,176,198,220,241,242,264,285,286,307,308,328,329,330
151,151,61
18,19,20,21,22,40,41,42,43,44,62,63,64,65,66,85,86,87,88,107,108,109,110,129,130,131,132,151,152,153,154,173,174,175,176,195,196,197,198,218,219,220,239,240,241,242,261,262,263,264,283,284,285,286,306,307,308,327,328,329,330
550,550,81
17,18,19,20,21,22,39,40,41,42,43,44,61,62,63,64,65,66,83,84,85,86,87,88,105,106,107,108,109,110,127,128,129,130,131,132,149,150,151,152,153,154,172,173,174,175,176,194,195,196,197,198,216,217,218,219,220,238,239,240,241,242,261,262,263,264,282,283,284,285,286,304,305,306,307,308,326,327,328,329,330
556,556,97
15,16,17,37,38,39,59,60,61,62,81,82,83,84,85,103,104,105,106,107,108,125,126,127,128,129,130,131,147,148,149,150,151,152,153,170,171,172,173,174,175,176,191,192,193,194,195,196,197,213,214,215,216,217,218,219,220,235,236,237,238,239,240,241,242,257,258,259,260,261,262,263,264,279,280,281,282,283,284,285,286,301,302,303,304,305,306,307,308,323,324,325,326,327,328,329,330
114,114,108
12,13,14,33,34,35,36,37,56,57,58,59,60,78,79,80,81,82,99,100,101,102,103,104,105,121,122,123,124,125,126,127,143,144,145,146,147,148,149,165,166,167,168,169,170,171,187,188,189,190,191,192,193,194,209,210,211,212,213,214,215,216,231,232,233,234,235,236,237,238,239,253,254,255,256,257,258,259,260,261,275,276,277,278,279,280,281,282,283,297,298,299,300,301,302,303,304,305,319,320,321,322,323,324,325,326,327,328
266,266,105
8,9,10,11,30,31,32,33,52,53,54,55,73,74,75,76,77,95,96,97,98,99,100,101,117,118,119,120,121,122,123,139,140,141,142,143,144,145,161,162,163,164,165,166,167,183,184,185,186,187,188,189,205,206,207,208,209,210,211,212,227,228,229,230,231,232,233,234,249,250,251,252,253,254,255,256,271,272,273,274,275,276,277,278,279,292,293,294,295,296,297,298,299,300,301,314,315,316,317,318,319,320,321,322,323
549,549,87
4,5,7,25,26,27,28,48,49,50,51,69,70,71,72,73,74,91,92,93,94,95,114,115,116,117,118,120,137,138,139,140,160,161,162,181,182,183,184,185,203,204,205,206,207,224,225,226,227,228,229,243,244,246,247,248,249,250,251,266,267,268,269,270,271,272,273,287,288,289,290,291,292,293,294,295,296,309,310,311,312,313,314,315,316,317,318
291,291,59
1,2,3,23,24,25,45,46,47,48,67,68,69,70,89,90,91,92,111,112,113,133,134,135,155,156,157,158,177,178,179,180,199,200,201,202,203,221,222,223,224,243,244,245,246,265,266,267,268,287,288,289,290,291,309,310,311,312,313
134,134,33
1,2,23,24,45,67,68,89,90,91,111,112,133,135,155,156,157,177,178,179,199,200,201,221,222,243,244,265,266,287,288,309,310
570,570,16
20,21,22,41,42,43,44,65,66,86,109,110,154,176,198,219
390,390,72
17,18,19,20,21,22,37,38,40,41,42,43,44,59,60,61,62,63,64,65,66,81,82,83,84,85,86,87,88,102,103,105,106,107,108,109,110,125,126,127,128,129,130,131,132,146,147,148,149,150,151,152,153,154,170,171,172,173,174,175,176,192,193,194,195,196,197,198,215,218,219,220
59,59,75
14,15,16,17,18,19,20,21,22,36,37,38,39,40,41,42,43,44,61,62,63,64,65,66,80,81,82,83,85,86,87,88,103,105,106,107,108,109,110,124,126,127,128,129,130,131,132,146,147,148,149,150,151,152,153,154,170,171,172,173,174,175,176,192,193,194,195,196,197,198,215,218,219,220,233
81,81,102
8,10,11,12,13,14,15,16,17,18,19,20,21,22,32,35,36,37,38,39,40,41,42,43,44,55,56,57,58,59,60,61,62,63,64,65,66,77,78,79,80,81,82,83,84,85,86,87,88,99,100,101,102,103,104,105,106,107,108,109,110,111,124,125,126,127,128,129,130,131,132,146,147,148,149,150,151,152,153,154,170,171,172,173,174,175,176,192,193,194,195,196,197,198,214,215,217,218,219,220,240,242
477,477,110
7,12,13,14,15,16,17,18,19,20,21,22,28,29,31,32,34,35,36,37,38,39,40,41,42,43,44,54,55,56,57,58,59,60,61,62,63,64,65,66,77,78,79,80,81,82,83,84,85,86,87,88,100,101,102,103,104,105,106,107,108,109,110,123,124,125,126,127,128,129,130,131,132,145,146,147,148,149,150,151,152,153,154,169,170,171,172,173,174,175,176,191,192,193,194,195,196,197,198,214,215,216,217,218,219,220,239,240,241,242
89,89,115
6,7,8,9,10,11,12,13,14,15,16,17,18,19,20,21,22,28,29,31,32,33,34,35,36,37,38,39,40,41,42,43,44,46,54,55,56,57,58,59,60,61,62,63,64,65,66,77,78,79,80,81,82,83,84,85,86,87,88,99,100,101,102,103,104,105,106,107,108,109,110,124,125,126,127,128,129,130,131,132,146,147,148,149,150,151,152,153,154,168,169,170,171,172,173,174,175,176,192,193,194,195,196,197,198,213,214,215,216,217,218,219,220,238,242
143,143,83
11,13,14,15,16,17,18,19,20,21,22,35,36,37,38,39,40,41,42,43,44,56,58,59,60,61,62,63,64,65,66,80,81,83,84,85,86,87,88,102,103,104,106,107,108,109,110,124,125,126,127,128,129,130,131,132,146,147,148,149,150,151,152,153,154,170,171,172,173,174,175,176,192,193,194,195,196,197,198,215,218,219,220
528,528,115
6,7,8,9,10,11,12,13,14,15,16,17,18,19,20,21,22,28,29,30,31,32,33,34,35,36,37,38,39,40,41,42,43,44,52,55,56,57,58,59,60,61,62,63,64,65,66,76,77,78,79,80,81,82,83,84,85,86,87,88,99,100,101,102,103,104,105,106,107,108,109,110,124,125,126,127,128,129,130,131,132,146,147,148,149,150,151,152,153,154,168,169,170,171,172,173,174,175,176,190,192,193,194,195,196,197,198,214,215,216,217,218,219,220,237
272,272,115
6,7,8,9,10,11,12,13,14,15,16,17,18,19,20,21,22,28,29,30,32,33,34,35,36,37,38,39,40,41,42,43,44,54,55,56,57,58,59,60,61,62,63,64,65,66,77,78,79,80,81,82,83,84,85,86,87,88,89,98,100,101,102,103,104,105,106,107,108,109,110,124,125,126,127,128,129,130,131,132,146,147,148,149,150,151,152,153,154,166,168,169,170,171,172,173,174,175,176,192,193,194,195,196,197,198,214,215,216,217,218,219,220,237,242
500,500,115
7,8,9,10,11,12,13,14,15,16,17,18,19,20,21,22,28,29,30,31,32,33,34,35,36,37,38,39,40,41,42,43,44,51,53,54,55,56,57,58,59,60,61,62,63,64,65,66,77,78,79,80,81,82,83,84,85,86,87,88,99,100,101,102,103,104,105,106,107,108,109,110,124,125,126,127,128,129,130,131,132,146,147,148,149,150,151,152,153,154,170,171,172,173,174,175,176,190,192,193,194,195,196,197,198,211,213,214,215,216,217,218,219,220,242
295,295,124
6,7,8,9,10,11,12,13,14,15,16,17,18,19,20,21,22,28,29,30,32,33,34,35,36,37,38,39,40,41,42,43,44,51,53,54,55,56,57,58,59,60,61,62,63,64,65,66,75,76,77,78,79,80,81,82,83,84,85,86,87,88,99,100,101,102,103,104,105,106,107,108,109,110,123,124,125,126,127,128,129,130,131,132,146,147,148,149,150,151,152,153,154,169,170,171,172,173,174,175,176,190,191,192,193,194,195,196,197,198,211,213,214,215,216,217,218,219,220,235,239,242,256,315
272,272,99
7,8,10,11,12,13,14,15,16,17,18,19,20,21,22,29,34,35,36,37,38,39,40,41,42,43,44,55,56,57,58,59,60,61,62,63,64,65,66,78,79,80,81,82,83,84,85,86,87,88,100,101,102,103,104,105,106,107,108,109,110,124,125,126,127,128,129,130,131,132,146,147,148,149,150,151,152,153,154,160,170,171,172,173,174,175,176,192,193,194,195,196,197,198,214,215,218,219,220
180,180,111
7,8,9,11,12,13,14,15,16,17,18,19,20,21,22,28,29,30,31,32,33,34,35,36,37,38,39,40,41,42,43,44,55,56,57,58,59,60,61,62,63,64,65,66,77,78,79,80,81,82,83,84,85,86,87,88,99,100,101,102,103,104,105,106,107,108,109,110,122,124,125,126,127,128,129,130,131,132,146,147,148,149,150,151,152,153,154,169,170,171,172,173,174,175,176,192,193,194,195,196,197,198,214,215,216,217,218,219,220,239,313
457,457,109
7,9,11,12,13,14,15,16,17,18,19,20,21,22,29,32,33,34,35,36,37,38,39,40,41,42,43,44,54,55,56,57,58,59,60,61,62,63,64,65,66,77,78,79,80,81,82,83,84,85,86,87,88,100,101,102,103,104,105,106,107,108,109,110,123,124,125,126,127,128,129,130,131,132,146,147,148,149,150,151,152,153,154,169,170,171,172,173,174,175,176,192,193,194,195,196,197,198,211,213,214,215,216,217,218,219,220,239,290
110,110,121
6,7,8,9,11,12,13,14,15,16,17,18,19,20,21,22,29,30,32,33,34,35,36,37,38,39,40,41,42,43,44,54,55,56,57,58,59,60,61,62,63,64,65,66,76,77,78,79,80,81,82,83,84,85,86,87,88,98,100,101,102,103,104,105,106,107,108,109,110,124,125,126,127,128,129,130,131,132,145,146,147,148,149,150,151,152,153,154,169,170,171,172,173,174,175,176,190,191,192,193,194,195,196,197,198,211,213,214,215,216,217,218,219,220,235,236,238,239,241,242,279
509,509,113
7,8,9,10,11,12,13,14,15,16,17,18,19,20,21,22,30,33,34,35,36,37,38,39,40,41,42,43,44,50,54,55,56,57,58,59,60,61,62,63,64,65,66,76,78,79,80,81,82,83,84,85,86,87,88,98,100,101,102,103,104,105,106,107,108,109,110,124,125,126,127,128,129,130,131,132,146,147,148,149,150,151,152,153,154,164,169,170,171,172,173,174,175,176,190,192,193,194,195,196,197,198,211,213,214,215,216,217,218,219,220,242,279
422,422,113
7,8,11,12,13,14,15,16,17,18,19,20,21,22,29,30,33,34,35,36,37,38,39,40,41,42,43,44,54,55,56,57,58,59,60,61,62,63,64,65,66,76,77,78,79,80,81,82,83,84,85,86,87,88,98,100,101,102,103,104,105,106,107,108,109,110,124,125,126,127,128,129,130,131,132,146,147,148,149,150,151,152,153,154,169,170,171,172,173,174,175,176,190,192,193,194,195,196,197,198,211,212,213,214,215,216,217,218,219,220,239,242,279
178,178,110
7,8,11,12,13,14,15,16,17,18,19,20,21,22,29,30,33,34,35,36,37,38,39,40,41,42,43,44,55,56,57,58,59,60,61,62,63,64,65,66,76,78,79,80,81,82,83,84,85,86,87,88,97,98,100,101,102,103,104,105,106,107,108,109,110,124,125,126,127,128,129,130,131,132,146,147,148,149,150,151,152,153,154,169,170,171,172,173,174,175,176,192,193,194,195,196,197,198,211,212,213,214,215,216,217,218,219,220,242,272
192,192,89
7,8,12,13,14,15,16,17,18,19,20,21,22,30,34,35,36,37,38,39,40,41,42,43,44,56,58,59,60,61,62,63,64,65,66,78,80,81,82,83,84,85,86,87,88,101,103,104,105,106,107,108,109,110,125,126,127,128,129,130,131,132,146,147,148,149,150,151,152,153,154,170,171,172,173,174,175,176,192,193,194,195,196,197,198,215,216,219,220
162,162,117
7,8,9,10,11,12,13,14,15,16,17,18,19,20,21,22,28,29,30,33,34,35,36,37,38,39,40,41,42,43,44,50,51,54,55,56,57,58,59,60,61,62,63,64,65,66,75,76,78,79,80,81,82,83,84,85,86,87,88,97,98,100,101,102,103,104,105,106,107,108,109,110,124,125,126,127,128,129,130,131,132,146,147,148,149,150,151,152,153,154,169,170,171,172,173,174,175,176,191,192,193,194,195,196,197,198,212,213,214,215,216,217,218,219,220,242,314
409,409,118
7,8,9,11,12,13,14,15,16,17,18,19,20,21,22,28,29,30,33,34,35,36,37,38,39,40,41,42,43,44,50,51,54,55,56,57,58,59,60,61,62,63,64,65,66,76,78,79,80,81,82,83,84,85,86,87,88,100,101,102,103,104,105,106,107,108,109,110,124,125,126,127,128,129,130,131,132,146,147,148,149,150,151,152,153,154,169,170,171,172,173,174,175,176,191,192,193,194,195,196,197,198,212,213,214,215,216,217,218,219,220,235,236,237,239,242,257,279
284,284,116
7,8,9,11,12,13,14,15,16,17,18,19,20,21,22,29,30,33,34,35,36,37,38,39,40,41,42,43,44,50,55,56,57,58,59,60,61,62,63,64,65,66,78,79,80,81,82,83,84,85,86,87,88,97,98,99,100,101,102,103,104,105,106,107,108,109,110,120,124,125,126,127,128,129,130,131,132,146,147,148,149,150,151,152,153,154,169,170,171,172,173,174,175,176,191,192,193,194,195,196,197,198,211,213,214,215,216,217,218,219,220,234,235,236,242,258
145,145,121
7,8,9,10,11,12,13,14,15,16,17,18,19,20,21,22,29,30,33,34,35,36,37,38,39,40,41,42,43,44,56,57,58,59,60,61,62,63,64,65,66,76,78,79,80,81,82,83,84,85,86,87,88,99,100,101,102,103,104,105,106,107,108,109,110,118,120,122,124,125,126,127,128,129,130,131,132,146,147,148,149,150,151,152,153,154,169,170,171,172,173,174,175,176,191,192,193,194,195,196,197,198,211,212,213,214,215,216,217,218,219,220,233,234,235,236,241,242,257,279,316
97,97,91
12,13,14,15,16,17,18,19,20,21,22,30,34,35,36,38,39,40,41,42,43,44,56,57,58,59,60,61,62,63,64,65,66,78,79,80,81,82,83,84,85,86,87,88,101,102,103,104,105,106,107,108,109,110,125,126,127,128,129,130,131,132,147,148,149,150,151,152,153,154,170,171,172,173,174,175,176,192,193,194,195,196,197,198,213,215,216,217,219,220,317
98,98,121
7,8,9,10,12,13,14,15,16,17,18,19,20,21,22,29,30,33,34,35,36,37,38,39,40,41,42,43,44,56,57,58,59,60,61,62,63,64,65,66,78,79,80,81,82,83,84,85,86,87,88,100,101,102,103,104,105,106,107,108,109,110,122,123,124,125,126,127,128,129,130,131,132,142,143,146,147,148,149,150,151,152,153,154,166,167,169,170,171,172,173,174,175,176,191,192,193,194,195,196,197,198,211,213,214,215,216,217,218,219,220,233,234,235,236,238,242,257,258,279,283
374,374,112
7,8,9,12,13,14,15,16,17,18,19,20,21,22,29,30,34,35,36,37,38,39,40,41,42,43,44,56,57,58,59,60,61,62,63,64,65,66,78,79,80,81,82,83,84,85,86,87,88,98,101,102,103,104,105,106,107,108,109,110,122,123,124,125,126,127,128,129,130,131,132,142,143,144,146,147,148,149,150,151,152,153,154,166,170,171,172,173,174,175,176,192,193,194,195,196,197,198,211,213,214,215,216,217,218,219,220,233,234,235,242,258
120,120,121
7,8,10,12,13,14,15,16,17,18,19,20,21,22,29,30,34,35,36,37,38,39,40,41,42,43,44,56,57,58,59,60,61,62,63,64,65,66,78,79,80,81,82,83,84,85,86,87,88,101,102,103,104,105,106,107,108,109,110,120,122,123,125,126,127,128,129,130,131,132,141,142,143,144,146,147,148,149,150,151,152,153,154,166,169,170,171,172,173,174,175,176,192,193,194,195,196,197,198,211,213,214,215,216,217,218,219,220,233,234,235,236,238,239,241,242,256,258,259,282,283
575,575,98
12,13,14,15,16,17,18,19,20,21,22,29,30,34,35,36,37,38,39,40,41,42,43,44,56,57,58,59,60,61,62,63,64,65,66,78,79,80,81,82,83,84,85,86,87,88,102,103,104,105,106,107,108,109,110,124,125,126,127,128,129,130,131,132,144,147,148,149,150,151,152,153,154,164,165,168,170,171,172,173,174,175,176,192,193,194,195,196,197,198,215,216,217,218,219,220,236,290
31,31,116
7,8,9,10,11,12,13,14,15,16,17,18,19,20,21,22,29,30,34,35,36,37,38,39,40,41,42,43,44,56,57,58,59,60,61,62,63,64,65,66,78,79,80,81,82,83,84,85,86,87,88,101,102,103,104,105,106,107,108,109,110,120,121,123,124,125,126,127,128,129,130,131,132,143,144,146,147,148,149,150,151,152,153,154,164,165,166,168,169,170,171,172,173,174,175,176,192,193,194,195,196,197,198,215,216,217,218,219,220,234,235,238,242,257,258,282
350,350,115
8,9,10,11,12,13,14,15,16,17,18,19,20,21,22,29,30,34,35,36,37,38,39,40,41,42,43,44,56,57,58,60,61,62,63,64,65,66,78,79,80,81,82,83,84,85,86,87,88,100,101,102,103,104,105,106,107,108,109,110,117,120,122,123,124,125,126,127,128,129,130,131,132,142,143,144,146,147,148,149,150,151,152,153,154,164,166,170,171,172,173,174,175,176,192,193,194,195,196,197,198,211,213,215,216,217,219,220,234,235,242,258,259,283,304
279,279,125
8,9,10,11,12,13,14,15,16,17,18,19,20,21,22,29,30,34,35,36,37,38,39,40,41,42,43,44,51,56,57,58,59,60,61,62,63,64,65,66,78,79,80,81,82,83,84,85,86,87,88,100,101,102,103,104,105,106,107,108,109,110,120,121,122,123,124,125,126,127,128,129,130,131,132,142,143,144,146,147,148,149,150,151,152,153,154,164,165,166,169,170,171,172,173,174,175,176,192,193,194,195,196,197,198,211,213,215,216,217,218,219,220,233,234,235,236,238,242,257,258,279,283,284,304
347,347,125
7,8,9,10,11,12,13,14,15,16,17,18,19,20,21,22,29,30,35,36,37,38,39,40,41,42,43,44,56,57,58,59,60,61,62,63,64,65,66,78,79,80,81,82,83,84,85,86,87,88,101,102,103,104,105,106,107,108,109,110,119,120,121,122,123,124,125,126,127,128,129,130,131,132,141,142,143,144,146,147,148,149,150,151,152,153,154,163,164,165,166,169,170,171,172,173,174,175,176,183,192,193,194,195,196,197,198,212,214,215,216,217,218,219,220,234,235,236,242,255,257,258,259,282,283
346,346,129
6,7,8,9,10,11,12,13,14,15,16,17,18,19,20,21,22,29,30,34,35,36,37,38,39,40,41,42,43,44,56,57,58,59,60,61,62,63,64,65,66,78,79,80,81,82,83,84,85,86,87,88,100,101,102,103,104,105,106,107,108,109,110,121,122,123,124,125,126,127,128,129,130,131,132,141,142,143,144,147,148,149,150,151,152,153,154,159,161,163,164,165,166,169,170,171,172,173,174,175,176,192,193,194,195,196,197,198,204,212,215,216,217,218,219,220,234,235,240,241,255,256,283,284,304,308,312,328,329
352,352,133
6,7,8,9,10,11,12,13,14,15,16,17,18,19,20,21,22,29,30,34,35,36,37,38,39,40,41,42,43,44,56,57,58,59,60,61,62,63,64,65,66,78,79,80,81,82,83,84,85,86,87,88,99,101,102,103,104,105,106,107,108,109,110,121,122,123,124,125,126,127,128,129,130,131,132,142,143,144,146,147,148,149,150,151,152,153,154,162,163,164,165,166,167,169,170,171,172,173,174,175,176,185,186,191,192,193,194,195,196,197,198,213,214,215,216,217,218,219,220,234,235,242,254,255,256,257,281,306,307,308,310,328,329
486,486,118
7,8,9,10,11,12,13,14,15,16,17,18,19,20,21,22,29,30,34,35,36,37,38,39,40,41,42,43,44,56,57,58,59,60,61,62,63,64,65,66,78,79,80,81,82,83,84,85,86,87,88,100,101,102,103,104,105,106,107,108,109,110,123,125,126,127,128,129,130,131,132,142,143,144,147,148,149,150,151,152,153,154,164,165,166,167,170,171,172,173,174,175,176,183,185,186,187,192,193,194,195,196,197,198,215,216,217,218,219,220,233,234,235,240,242,254,255,256
5,5,113
7,8,9,10,11,12,13,14,15,16,17,18,19,20,21,22,29,30,34,35,36,37,38,39,40,41,42,43,44,56,57,58,59,60,61,62,63,64,65,66,78,79,80,81,82,83,84,85,86,87,88,101,102,103,104,105,106,107,108,109,110,124,125,126,127,128,129,130,131,132,142,143,144,146,147,148,149,150,151,152,153,154,159,163,164,165,166,169,170,171,172,173,174,175,176,183,192,193,194,195,196,197,198,214,215,216,217,218,219,220,235,242,328
486,486,108
6,7,8,9,10,11,12,13,14,15,16,17,18,19,20,21,22,29,30,35,36,37,38,39,40,41,42,43,44,56,57,58,59,60,61,62,63,64,65,66,78,79,80,81,82,83,84,85,86,87,88,100,101,102,103,104,105,106,107,108,109,110,123,124,125,126,127,128,129,130,131,132,142,144,147,148,149,150,151,152,153,154,163,164,166,170,171,172,173,174,175,176,186,192,193,194,195,196,197,198,214,215,216,217,218,219,220,234
315,315,130
6,7,8,9,10,11,12,13,14,15,16,17,18,19,20,21,22,27,29,30,34,35,36,37,38,39,40,41,42,43,44,56,57,58,59,60,61,62,63,64,65,66,78,79,80,81,82,83,84,85,86,87,88,100,101,102,103,104,105,106,107,108,109,110,123,124,125,126,127,128,129,130,131,132,142,143,144,146,147,148,149,150,151,152,153,154,162,163,164,165,166,167,169,170,171,172,173,174,175,176,182,183,185,186,192,193,194,195,196,197,198,213,214,215,216,217,218,219,220,232,233,234,235,236,242,255,303,308,329,330
19,19,116
6,7,8,9,10,11,12,13,14,15,16,17,18,19,20,21,22,29,30,34,35,36,37,38,39,40,41,42,43,44,56,57,58,59,60,61,62,63,64,65,66,78,79,80,81,82,83,84,85,86,87,88,100,101,102,103,104,105,106,107,108,109,110,123,124,125,126,127,128,129,130,131,132,142,144,146,147,148,149,150,151,152,153,154,163,164,165,166,170,171,172,173,174,175,176,183,192,193,194,195,196,197,198,212,213,215,216,217,218,219,220,232,233,235,242,330
34,34,114
6,7,8,9,10,11,12,13,14,15,16,17,18,19,20,21,22,24,30,34,35,36,37,38,39,40,41,42,43,44,56,57,58,59,60,61,62,63,64,65,66,78,79,80,81,82,83,84,85,86,87,88,101,102,103,104,105,106,107,108,109,110,121,123,124,125,126,127,128,129,130,131,132,142,144,146,147,148,149,150,151,152,153,154,164,165,166,170,171,172,173,174,175,176,186,187,192,193,194,195,196,197,198,213,214,215,216,217,218,219,220,232,234,309
320,320,131
7,8,9,11,12,13,14,15,16,17,18,19,20,21,22,29,30,31,33,34,35,36,37,38,39,40,41,42,43,44,56,57,58,59,60,61,62,63,64,65,66,78,79,80,81,82,83,84,85,86,87,88,101,102,103,104,105,106,107,108,109,110,122,123,124,125,126,127,128,129,130,131,132,142,143,144,145,146,147,148,149,150,151,152,153,154,159,163,164,165,166,167,169,170,171,172,173,174,175,176,182,183,184,185,186,187,189,191,192,193,194,195,196,197,198,213,214,215,216,217,218,219,220,232,233,234,236,240,241,242,330
110,110,126
5,6,7,8,9,10,11,12,13,14,15,16,17,18,19,20,21,22,28,29,30,33,34,35,36,37,38,39,40,41,42,43,44,50,56,57,58,59,60,61,62,63,64,65,66,78,79,80,81,82,83,84,85,86,87,88,101,102,103,104,105,106,107,108,109,110,121,123,124,125,126,127,128,129,130,131,132,144,147,148,149,150,151,152,153,154,164,165,166,167,170,171,172,173,174,175,176,182,183,185,186,187,191,192,193,194,195,196,197,198,212,213,214,215,216,217,218,219,220,232,233,236,239,240,242,323
25,25,121
6,7,8,9,10,12,13,14,15,16,17,18,19,20,21,22,28,29,30,33,34,35,36,37,38,39,40,41,42,43,44,47,50,56,57,58,59,60,61,62,63,64,65,66,78,79,80,81,82,83,84,85,86,87,88,101,102,103,104,105,106,107,108,109,110,123,124,125,126,127,128,129,130,131,132,142,143,144,146,147,148,149,150,151,152,153,154,164,165,166,167,168,169,170,171,172,173,174,175,176,184,185,188,191,192,193,194,195,196,197,198,212,213,214,215,216,217,218,219,220,236
156,156,60
14,15,16,17,18,19,20,21,22,30,36,37,41,42,43,44,56,62,63,64,65,66,78,83,84,85,86,87,88,103,106,107,108,109,110,125,126,127,128,129,130,131,132,147,148,149,150,151,152,153,154,170,171,172,173,174,193,194,215,299
309,309,30
220,241,242,261,262,263,264,281,282,283,284,285,286,300,301,302,303,304,305,306,307,308,321,322,323,324,325,326,327,328
337,337,77
77,154,173,174,175,176,193,194,195,196,198,212,213,214,215,216,217,231,232,233,234,235,236,237,238,239,250,251,252,253,254,255,256,257,258,259,270,271,272,273,274,275,276,277,278,279,280,281,282,290,291,292,293,294,295,296,297,298,299,300,301,302,309,310,311,312,313,314,315,316,317,318,319,320,321,322,323
251,251,112
86,87,88,105,107,108,109,123,124,125,126,127,128,129,130,131,142,143,144,145,146,147,148,149,150,161,162,163,164,165,166,167,168,169,170,180,181,182,183,184,185,186,187,188,189,190,191,199,200,201,202,203,204,205,206,207,208,209,210,211,212,213,214,221,222,223,224,225,226,227,228,229,230,233,243,244,245,246,247,248,249,250,251,252,254,265,266,267,268,269,270,271,272,273,274,275,276,287,288,289,290,291,292,293,294,309,310,311,312,313,314,315
533,533,130
19,37,38,39,40,42,43,44,54,55,56,57,58,59,60,61,62,63,64,65,71,72,73,74,75,76,77,78,79,80,81,82,83,84,85,87,90,91,92,93,94,95,96,97,98,99,100,101,102,103,104,111,112,113,114,115,116,117,118,119,120,121,122,123,124,125,126,129,133,134,135,136,137,138,139,140,141,142,143,145,146,147,155,156,157,158,159,160,161,162,163,164,165,166,167,177,178,179,180,181,182,183,184,185,186,199,200,201,202,203,205,207,208,209,210,221,222,223,224,225,226,227,243,244,245,246,265,266,267,287
377,377,118
1,2,3,4,5,6,7,8,9,10,11,12,13,14,15,16,17,18,19,20,21,23,24,25,26,27,28,29,30,31,32,33,34,35,36,37,38,39,40,42,44,45,46,47,48,49,50,51,52,53,54,55,56,57,58,59,60,61,62,63,67,68,69,70,71,72,73,74,75,76,77,78,79,80,81,82,83,89,90,91,92,93,94,95,96,97,98,99,100,101,102,103,111,112,113,114,115,116,117,118,119,120,121,122,133,134,135,136,137,140,141,155,156,157,158,177,178,292
279,279,104
1,2,3,4,5,6,7,8,9,10,11,12,13,14,15,16,17,18,19,20,21,22,23,24,25,26,27,28,29,30,31,32,33,34,35,36,37,38,39,40,41,42,43,44,45,46,47,48,49,50,51,52,53,54,55,56,57,58,59,60,61,62,63,64,67,68,69,70,71,72,73,74,75,76,77,78,79,80,81,82,89,90,91,92,93,94,95,96,97,98,99,100,111,112,113,114,115,116,117,118,133,134,135,136
339,339,93
1,2,3,4,5,6,7,8,9,10,11,12,13,14,15,16,17,18,19,20,21,22,23,24,25,26,27,28,29,30,31,32,33,34,35,36,37,38,39,40,41,45,46,47,48,49,50,51,52,53,54,55,56,57,58,59,60,67,68,69,70,71,72,73,74,75,76,77,78,79,89,90,91,92,93,94,95,96,97,98,100,111,112,113,114,115,116,117,118,133,134,135,136
393,393,77
1,2,3,4,5,6,7,8,9,10,11,12,13,14,15,16,17,18,19,20,21,22,23,24,25,26,27,28,29,30,31,32,33,34,35,36,37,38,39,40,45,46,47,48,49,50,51,52,53,54,55,67,68,69,70,71,72,73,74,76,89,90,91,92,93,94,95,96,111,112,113,114,115,117,134,135,310
291,291,52
1,2,3,4,5,6,7,8,9,10,11,12,13,14,15,16,18,22,23,24,25,26,27,28,29,30,31,32,33,34,35,45,46,47,48,49,50,51,52,53,54,55,67,68,69,70,75,89,90,92,93,111
67,67,21
1,2,3,4,5,6,8,9,10,12,13,25,26,27,30,31,32,45,46,47,48
70,70,4
193,195,196,216
398,398,30
86,106,108,127,128,129,130,131,132,147,148,149,150,152,153,154,171,172,173,174,193,194,195,196,197,213,216,217,218,219
475,475,42
43,44,62,63,65,83,84,85,86,89,106,107,108,126,127,128,129,130,131,132,147,148,149,150,151,152,154,170,171,172,173,174,193,194,195,196,197,215,219,254,260,284
285,285,59
7,8,9,15,21,36,40,43,44,61,62,63,64,65,66,81,84,85,86,88,103,105,106,107,108,109,110,125,126,127,128,129,130,131,132,147,148,149,150,151,152,153,154,170,171,172,173,174,194,195,196,197,216,217,218,219,220,239,242
172,172,47
21,22,43,44,65,66,85,86,87,88,107,108,109,110,129,130,131,132,150,151,152,153,154,170,171,172,173,174,175,176,193,194,195,196,197,198,213,215,216,217,218,219,220,239,254,261,283
172,172,49
7,11,12,13,19,20,21,33,34,37,41,42,43,64,65,66,84,85,86,87,88,106,107,108,109,127,128,129,130,131,132,148,150,151,152,170,171,172,173,193,194,195,196,197,216,217,218,219,220
569,569,54
7,8,9,11,12,13,18,29,33,34,36,40,62,63,74,83,84,85,86,103,104,105,106,107,108,109,127,128,129,130,131,149,150,151,152,154,171,172,173,175,176,193,194,195,196,197,198,216,217,218,219,220,237,283
439,439,18
7,8,9,10,11,12,15,29,31,33,36,150,171,172,194,195,216,217
559,559,21
21,22,41,42,43,44,62,64,65,66,86,87,88,110,132,154,175,176,197,242,330
237,237,48
18,19,20,21,22,41,42,43,44,63,64,65,66,84,85,86,87,88,107,108,109,110,130,131,132,151,152,153,154,174,175,176,196,197,198,218,219,220,241,242,263,264,285,286,306,307,308,330
550,550,66
17,18,19,20,21,22,40,41,42,43,44,62,63,64,65,66,83,84,85,86,87,88,106,107,108,109,110,129,130,131,132,150,151,152,153,154,173,174,175,176,195,196,197,198,217,218,219,220,239,240,241,242,261,262,263,264,284,285,286,306,307,308,327,328,329,330
312,312,84
16,17,18,19,20,21,22,39,40,41,42,43,44,61,62,63,64,65,66,82,83,84,85,86,87,88,105,106,107,108,109,110,127,128,129,130,131,132,149,150,151,152,153,154,172,173,174,175,176,194,195,196,197,198,216,217,218,219,220,238,239,240,241,242,260,261,262,263,264,282,283,284,285,286,304,305,306,307,308,326,327,328,329,330
292,292,100
15,16,17,18,37,38,39,40,41,59,60,61,62,63,81,82,83,84,85,86,103,104,105,106,107,108,125,126,127,128,129,130,131,147,148,149,150,151,152,153,169,170,171,172,173,174,175,176,192,193,194,195,196,197,198,214,215,216,217,218,219,220,235,236,237,238,239,240,241,242,257,258,259,260,261,262,263,264,279,280,281,282,283,284,285,286,302,303,304,305,306,307,308,324,325,326,327,328,329,330
309,309,108
12,13,14,15,16,34,35,36,37,38,55,56,57,58,59,60,77,78,79,80,81,82,99,100,101,102,103,104,121,122,123,124,125,126,127,143,144,145,146,147,148,149,165,166,167,168,169,170,171,187,188,189,190,191,192,193,194,209,210,211,212,213,214,215,216,231,232,233,234,235,236,237,238,253,254,255,256,257,258,259,260,276,277,278,279,280,281,282,283,298,299,300,301,302,303,304,305,306,319,320,321,322,323,324,325,326,327,328
289,289,104
8,9,10,11,12,29,30,31,32,33,51,52,53,54,55,73,74,75,76,77,95,96,97,98,99,100,117,118,119,120,121,122,139,140,141,142,143,144,145,161,162,163,164,165,166,167,183,184,185,186,187,188,189,190,205,206,207,208,209,210,211,212,227,228,229,230,231,232,233,234,249,250,251,252,253,254,255,256,271,272,273,274,275,276,277,278,293,294,295,296,297,298,299,300,314,315,316,317,318,319,320,321,322,323
493,493,87
7,8,28,29,30,49,50,51,52,70,71,72,73,74,92,93,94,95,96,114,115,116,117,118,135,136,137,138,139,140,157,158,159,160,161,162,163,179,180,181,182,183,184,185,202,203,204,205,206,207,223,225,226,227,228,229,245,247,248,249,250,251,267,268,269,270,271,272,273,288,289,290,291,292,293,294,295,296,310,311,312,313,314,315,316,317,318
151,151,62
25,27,47,48,49,67,68,69,70,71,89,90,91,92,93,111,112,113,114,133,134,135,136,137,155,156,157,158,177,178,179,180,181,199,200,201,202,209,221,222,223,224,243,244,245,246,247,265,266,267,268,269,287,288,289,290,291,309,310,311,312,313
563,563,35
1,2,23,24,25,45,46,47,67,68,69,89,90,111,112,113,133,134,155,156,177,178,199,200,221,222,243,244,265,266,287,288,309,310,317
456,456,3
45,67,177
399,399,62
17,18,20,21,22,37,38,39,40,43,44,57,58,59,64,65,66,80,81,82,83,85,86,87,88,103,110,125,126,127,129,130,131,132,147,148,149,150,151,152,153,154,171,172,173,174,175,176,193,194,195,196,197,198,215,216,217,218,219,220,236,282
440,440,86
15,18,19,20,21,22,35,36,38,39,40,41,42,43,44,54,56,57,58,59,60,61,62,63,64,65,66,74,80,81,82,83,85,86,87,88,103,104,105,109,110,124,125,126,128,129,130,131,132,147,148,149,150,151,152,153,154,170,171,172,173,174,175,176,193,194,195,196,197,198,215,216,217,218,219,220,235,237,241,242,259,264,280,281,282,283
64,64,106
13,14,15,16,17,19,20,21,22,35,36,37,39,40,41,42,43,44,56,57,58,59,60,61,62,65,66,74,75,76,77,80,81,82,83,84,85,86,87,88,97,99,102,103,104,105,106,107,108,109,110,117,119,124,125,126,128,129,130,131,132,147,148,149,150,151,152,153,154,170,171,172,173,174,175,176,191,193,194,195,196,197,198,215,216,217,218,219,220,236,237,238,239,241,242,256,257,258,259,279,280,282,283,304,305,312
8,8,80
8,9,13,14,15,19,20,21,22,35,36,37,38,39,40,42,43,44,57,58,59,60,61,62,66,76,77,82,83,88,102,105,106,110,124,125,126,127,128,131,132,143,147,148,149,150,151,152,153,154,171,172,173,174,175,176,193,194,195,196,197,198,215,216,217,218,219,220,237,238,241,242,259,260,279,280,281,282,303,304
205,205,103
6,10,12,13,14,15,16,17,19,20,21,22,34,35,36,37,42,43,44,56,57,58,59,60,64,65,66,76,77,78,80,81,82,83,85,86,87,88,97,98,101,102,103,105,107,108,109,110,118,119,120,123,124,125,127,128,130,131,132,140,145,147,148,149,150,151,152,153,154,171,172,173,174,175,176,193,194,195,196,197,198,215,216,217,218,219,220,237,238,239,241,242,258,261,262,278,280,281,282,283,302,303,305
143,143,83
6,13,14,15,16,19,20,21,22,34,35,36,37,39,40,41,42,43,44,57,58,59,62,63,64,65,66,76,79,80,83,86,87,88,97,105,106,107,109,110,124,125,127,131,132,147,148,149,150,151,152,153,154,171,172,173,174,175,176,193,194,195,196,197,198,216,217,218,219,220,236,237,238,241,242,257,260,261,262,283,304,305,310
56,56,108
6,7,9,10,11,13,14,15,16,19,20,21,22,34,35,36,37,38,39,40,41,42,43,44,57,58,59,60,62,64,66,76,77,78,79,80,81,82,83,84,85,86,87,88,96,97,98,99,100,101,103,104,106,108,109,110,115,117,118,121,124,125,126,128,129,131,132,141,147,148,149,150,151,152,153,154,170,171,172,173,174,175,176,193,194,195,196,197,198,216,217,218,219,220,237,238,241,259,260,261,262,279,283,301,302,304,305,316
182,182,120
6,7,8,9,10,11,13,14,15,16,17,18,20,21,22,34,35,36,37,38,40,42,43,44,55,56,57,58,59,60,61,62,63,64,65,66,77,78,79,80,81,82,83,84,85,86,87,88,96,97,98,99,100,101,102,103,105,106,107,108,109,110,112,116,117,119,120,121,122,124,125,126,127,128,129,131,132,138,139,141,143,145,146,147,148,149,150,151,152,153,154,171,172,173,174,175,176,193,194,195,196,197,198,216,217,218,219,220,237,238,240,242,258,259,261,262,282,302,304,312
280,280,117
6,7,8,10,14,15,16,17,18,19,20,21,22,33,34,35,36,37,38,39,40,41,42,43,44,57,58,59,60,61,63,64,66,77,78,79,80,81,82,83,85,88,91,98,99,101,103,104,105,106,108,109,110,111,112,115,116,117,118,120,122,123,124,125,126,127,128,129,131,132,134,135,139,141,143,145,146,147,148,149,150,151,152,153,154,164,171,172,173,174,175,176,187,189,193,194,195,196,197,198,216,217,218,219,220,238,240,242,257,261,262,264,282,301,302,304,305
127,127,114
6,7,8,11,12,14,15,16,18,20,21,22,24,33,34,35,36,37,38,40,41,42,43,44,47,57,58,59,60,61,62,63,64,65,66,78,79,80,81,82,84,85,86,87,88,91,99,100,101,102,103,105,106,107,108,109,112,115,118,119,120,121,122,124,125,126,128,130,131,132,134,135,139,140,141,143,145,147,148,149,150,151,152,153,154,157,171,172,173,174,175,176,193,194,195,196,197,198,215,216,219,220,237,238,240,242,259,262,264,279,280,281,282,304
450,450,115
6,7,8,9,10,11,12,13,14,15,16,20,21,22,33,34,35,36,37,38,39,40,41,42,43,44,57,58,59,60,61,62,63,64,65,66,78,80,81,82,83,84,85,87,90,91,98,99,100,101,102,103,104,105,106,112,113,115,116,117,118,119,121,123,124,125,126,127,128,129,131,132,134,135,138,139,140,143,146,147,148,149,150,151,152,153,154,156,157,171,172,173,174,175,176,193,194,195,196,197,198,216,218,219,220,238,240,242,261,262,283,284,301,304,305
103,103,118
1,6,7,8,9,11,12,13,14,15,16,17,18,21,22,33,34,35,36,37,38,39,40,41,42,43,44,57,58,59,60,62,63,64,65,66,77,80,81,82,83,84,85,87,88,91,97,99,100,101,102,103,104,105,106,107,109,110,111,112,115,116,117,119,120,121,122,123,125,126,128,129,130,131,132,133,134,135,137,139,140,141,142,143,144,145,148,149,150,151,152,153,154,157,160,163,167,171,172,173,174,175,176,187,193,194,195,196,197,198,216,218,219,220,224,283,304,305
118,118,117
6,7,10,11,12,13,14,15,16,17,18,20,21,22,33,34,35,36,37,38,39,40,42,43,44,50,57,58,59,60,61,64,65,66,80,81,83,84,86,87,90,91,100,102,103,106,108,109,110,111,112,113,120,121,122,123,124,125,126,127,128,130,131,135,136,137,139,140,142,143,144,145,146,147,148,149,150,151,153,154,157,161,163,165,171,172,173,174,175,176,184,185,193,194,195,196,197,198,216,218,219,220,242,262,264,280,281,282,283,284,301,302,303,304,305,313,324
133,133,110
5,6,7,8,9,10,11,12,13,14,15,16,17,19,20,21,22,33,34,35,36,37,38,39,41,42,43,44,57,58,59,60,61,63,64,65,66,68,80,81,82,84,87,88,89,91,100,102,103,104,105,106,107,108,109,111,112,113,118,119,121,122,123,124,125,126,127,128,129,130,131,132,133,134,135,136,141,142,145,148,149,150,151,153,154,157,158,164,166,171,172,173,174,175,176,184,185,193,194,195,196,197,198,205,216,219,220,262,264,325
147,147,96
6,7,8,9,10,11,12,13,14,15,16,17,19,20,21,22,33,34,35,36,37,38,39,40,42,43,44,57,58,59,60,61,62,63,64,65,66,80,81,82,84,85,86,87,88,89,91,94,102,103,108,109,110,120,121,122,123,124,125,127,128,130,132,133,135,136,141,142,143,146,148,149,150,151,152,154,157,158,163,167,171,172,173,174,175,176,193,194,195,196,197,198,216,219,220,264
504,504,108
6,7,8,9,10,11,12,13,14,15,16,17,18,19,20,21,22,33,34,35,36,37,38,39,40,41,42,43,44,57,58,59,60,61,62,63,64,65,66,80,81,82,83,85,86,87,88,89,91,102,103,104,105,109,110,121,122,123,124,125,126,127,128,132,133,134,135,136,137,140,142,144,145,146,147,148,149,150,151,152,154,156,157,158,159,163,165,167,171,172,173,174,175,176,179,187,189,193,194,195,196,197,198,216,219,220,318,326
274,274,119
6,7,8,9,10,11,12,13,14,15,16,17,18,19,20,21,22,33,34,35,36,37,38,39,40,41,42,43,44,57,59,60,61,62,63,64,65,66,68,80,81,82,83,84,86,87,88,90,91,102,103,104,105,108,109,121,122,123,124,125,126,127,129,130,131,132,133,135,136,137,138,142,144,145,148,149,150,151,152,153,154,155,156,157,158,159,160,161,162,163,164,165,167,169,172,173,174,175,176,179,183,185,187,189,193,194,195,196,197,198,205,216,219,220,242,264,303,304,326
496,496,113
5,7,8,9,10,11,12,13,14,15,16,17,18,19,20,21,22,33,34,35,36,37,38,39,40,41,42,43,44,57,58,59,60,61,63,64,65,66,68,71,80,81,82,83,84,85,86,87,88,90,91,92,102,103,104,105,106,107,108,109,113,121,123,124,125,126,127,128,129,130,131,132,133,135,136,137,143,144,145,146,148,149,150,151,157,158,159,161,162,164,167,169,174,175,176,179,185,187,189,193,194,195,196,197,198,216,219,220,226,243,264,303,326
404,404,116
7,8,9,10,11,12,13,14,15,16,17,18,19,20,21,22,33,34,35,36,37,38,39,40,41,42,43,44,57,59,60,61,62,63,64,65,66,79,81,82,83,84,85,86,88,91,92,101,102,103,104,105,106,107,108,109,110,113,121,123,125,126,127,128,129,130,131,132,133,134,135,136,137,138,140,142,143,146,148,149,150,151,152,153,155,156,157,158,159,160,161,163,164,165,166,167,168,170,172,173,175,179,185,189,194,195,196,197,198,216,219,220,264,303,324,326
518,518,125
5,7,8,9,10,11,12,13,14,15,16,17,18,19,20,21,22,32,33,34,35,36,37,38,39,40,41,42,43,44,56,57,59,60,61,62,63,64,65,66,79,80,81,82,83,84,85,86,88,90,91,92,99,101,102,103,104,105,106,107,108,109,110,113,123,124,125,126,127,128,129,133,134,135,136,137,140,141,142,143,144,148,149,150,151,152,153,154,155,157,158,159,160,161,162,163,164,165,166,167,172,173,174,175,177,179,182,185,187,188,189,194,195,196,197,198,201,202,203,216,219,220,226,244,264
481,481,123
6,7,8,9,10,11,12,13,14,15,16,17,18,19,20,21,22,26,32,33,34,35,36,37,38,39,40,41,42,43,44,57,58,59,60,61,62,63,64,65,66,79,80,81,82,83,84,85,86,87,88,89,92,101,102,103,104,105,106,107,109,110,111,113,122,123,124,125,126,127,128,129,130,131,134,135,136,147,148,149,150,151,152,153,154,155,156,157,158,159,160,161,163,164,165,167,168,173,174,175,177,178,179,180,186,187,188,189,191,194,195,196,197,198,201,202,203,216,219,220,226,254,264
375,375,132
6,7,8,9,10,11,12,13,14,15,16,17,18,19,20,21,22,28,33,34,35,36,37,38,39,40,41,42,43,44,56,57,58,59,60,61,62,63,64,65,66,79,80,81,82,83,84,85,86,87,88,89,90,91,101,102,103,104,105,106,107,108,109,110,112,123,124,125,126,127,128,132,133,134,135,136,141,143,144,146,147,148,149,150,151,152,153,155,156,157,158,159,161,162,163,164,166,167,168,172,173,174,178,179,180,182,185,186,187,189,194,195,196,198,201,202,204,205,216,219,220,226,228,229,305,306,307,308,325,326,327,330
224,224,115
6,7,8,9,10,11,12,13,14,15,16,17,18,19,20,21,22,28,33,34,35,36,37,38,39,40,41,42,43,44,56,57,58,59,60,61,62,63,64,65,66,80,81,82,83,84,85,86,87,88,102,103,104,105,106,108,109,110,124,125,126,127,128,129,130,132,134,135,143,147,148,149,150,151,152,153,157,158,159,160,161,162,163,164,166,167,168,169,172,173,174,175,176,177,178,179,180,181,182,185,186,194,195,196,197,198,202,204,205,209,216,219,220,225,226
366,366,129
6,7,8,9,10,11,12,13,14,15,16,17,18,19,20,21,22,28,32,33,34,35,36,37,38,39,40,41,42,43,44,56,57,60,61,62,63,64,65,66,79,81,82,83,84,85,86,87,88,91,102,103,104,105,106,107,108,109,113,124,125,126,127,128,129,130,131,132,133,134,135,143,145,146,147,148,149,150,151,152,153,154,155,157,158,159,160,161,163,164,165,166,167,168,171,172,173,174,175,176,177,178,179,180,181,182,185,187,188,189,190,191,195,196,197,198,201,202,205,206,209,212,216,219,220,225,247,307,327
374,374,118
4,7,8,9,10,11,12,13,14,15,16,17,18,19,20,21,22,33,34,35,37,38,39,40,41,42,43,44,48,56,57,58,59,60,61,62,63,64,65,66,81,82,83,84,85,86,87,88,89,101,102,103,104,105,106,107,108,109,110,113,124,125,127,128,129,130,131,132,133,134,135,143,147,148,149,150,151,152,153,154,155,157,158,159,164,166,167,168,171,172,173,174,175,176,178,179,180,181,182,185,186,187,188,189,192,195,196,197,198,201,205,206,211,212,216,219,220,326
55,55,125
6,7,8,9,10,11,12,13,14,15,16,17,18,19,20,21,22,33,34,35,36,37,38,39,40,41,42,43,44,57,58,59,60,61,62,63,64,65,66,79,81,82,83,84,85,87,88,101,102,103,104,105,106,107,108,109,110,112,114,124,125,126,127,128,129,130,131,132,134,135,146,147,148,149,150,151,152,153,154,155,156,157,158,159,161,163,164,166,167,168,170,171,172,173,174,175,176,177,178,179,180,182,183,184,185,187,188,189,192,195,196,197,198,202,204,205,209,211,216,219,220,224,225,226,263
363,363,126
5,7,8,9,10,11,12,13,14,15,16,17,18,19,20,21,22,33,34,35,36,37,38,39,40,41,42,43,44,56,57,58,59,60,61,62,63,64,65,66,79,81,82,83,84,85,86,87,88,89,91,101,102,103,105,106,107,109,110,111,112,123,124,125,126,127,128,129,130,131,132,133,134,135,147,148,149,150,151,152,153,154,155,156,157,158,159,164,165,166,167,168,170,171,172,173,174,175,176,177,178,179,180,181,182,183,184,185,186,187,188,191,192,195,196,197,198,199,200,201,216,219,220,223,224,225
542,542,119
5,6,7,8,9,10,11,12,13,14,15,16,17,18,19,20,21,22,33,34,35,36,37,38,39,40,41,42,43,44,56,57,58,59,60,61,62,63,64,65,66,79,81,82,83,84,85,87,88,101,102,103,105,106,107,108,109,110,111,113,123,124,125,126,127,128,129,131,132,134,135,147,148,149,150,151,152,153,154,155,156,157,158,159,165,166,167,168,170,171,172,173,174,175,176,178,179,180,181,182,185,186,187,189,190,192,194,195,196,197,198,201,204,205,216,219,220,224,267
484,484,124
5,7,8,9,10,11,12,13,14,15,16,17,18,19,20,21,22,33,34,35,36,37,38,39,40,41,42,43,44,56,58,59,60,61,62,63,64,65,66,79,80,81,82,83,84,85,86,87,88,89,101,102,103,106,108,109,110,111,112,113,123,124,125,126,127,128,129,130,131,132,134,135,136,147,148,149,150,151,152,153,154,155,156,157,158,159,164,165,167,170,171,172,173,174,175,176,177,178,179,182,183,184,185,187,188,189,190,191,192,194,195,196,197,198,204,205,206,207,214,216,219,220,245,247
349,349,111
5,6,7,8,9,10,11,12,13,14,15,16,17,18,19,20,21,22,27,33,34,35,36,37,38,39,40,41,42,43,44,56,59,61,62,63,64,65,66,79,80,81,82,83,84,85,87,88,106,107,108,109,110,123,124,125,126,128,129,130,131,132,134,135,147,148,149,152,153,154,155,157,158,164,167,170,171,172,173,174,175,176,177,178,179,180,181,182,183,184,186,187,188,189,190,191,192,194,195,196,197,198,202,205,206,208,214,219,220,227,245
257,257,126
5,7,8,9,10,11,12,13,14,15,16,17,18,19,20,21,22,27,33,34,35,36,37,38,39,40,41,42,43,44,48,49,54,56,57,58,59,60,61,62,63,64,65,66,79,80,81,82,83,84,85,86,87,88,92,101,102,103,104,105,106,109,110,111,112,114,123,124,125,126,127,128,129,131,132,134,135,147,148,149,150,152,153,154,155,156,157,158,168,171,172,173,174,175,176,177,178,179,180,181,185,189,190,191,192,194,195,196,197,198,199,200,201,202,203,206,207,209,212,215,219,220,222,224,227,247
257,257,126
5,7,8,9,10,11,12,13,14,15,16,17,18,19,20,21,22,27,33,34,35,36,37,38,39,40,41,42,43,44,54,56,58,59,60,61,62,63,64,65,66,70,79,80,81,82,83,84,85,87,88,92,101,102,103,104,105,106,107,108,109,110,111,112,114,121,124,125,126,127,128,130,131,132,135,136,142,147,148,149,150,152,153,154,156,157,158,168,171,172,173,174,175,176,177,178,179,180,181,182,185,186,188,190,191,192,194,195,196,197,198,200,201,202,203,206,207,208,211,214,215,216,219,220,224,247
333,333,117
7,8,9,10,11,12,13,14,15,16,17,18,19,20,21,22,27,28,33,34,35,36,37,38,39,40,41,42,43,44,49,54,56,57,58,59,60,61,62,63,64,65,66,70,79,80,81,82,84,85,86,87,88,91,101,102,103,106,107,108,109,110,113,114,124,125,126,127,128,129,131,132,135,141,147,149,150,152,153,154,157,158,172,173,174,175,176,177,178,179,180,181,182,188,190,194,195,196,197,198,199,202,203,207,211,213,214,217,218,219,220,224,226,227,228,230,306
345,345,117
7,8,9,10,11,12,13,14,15,16,17,18,19,20,21,22,27,28,33,34,35,36,37,38,39,40,41,42,43,44,49,54,56,57,58,59,60,61,62,63,64,65,66,70,79,80,81,82,83,87,88,101,102,106,107,108,109,110,112,113,114,124,125,127,128,129,130,131,132,134,136,140,141,147,148,149,151,153,154,156,158,166,167,168,171,172,173,175,176,179,180,181,182,187,190,191,192,193,194,195,196,197,198,200,201,202,203,206,208,212,214,216,219,220,226,233,286
4,4,103
7,8,9,10,11,12,13,14,15,16,17,18,19,20,21,22,27,28,33,34,35,36,37,38,39,40,41,42,43,44,56,57,58,59,60,61,62,63,64,65,66,79,80,82,83,87,88,91,92,99,101,102,103,107,109,110,111,113,114,124,129,131,132,134,135,141,147,149,150,152,153,154,166,167,171,172,174,176,177,179,180,181,187,188,189,190,191,194,195,196,197,198,201,202,208,211,213,216,219,220,230,245,305
322,322,124
1,7,8,9,10,11,12,13,14,15,16,17,18,19,20,21,22,27,28,32,33,34,35,36,37,38,39,40,41,42,43,44,56,57,58,59,60,61,62,63,64,65,66,70,79,80,82,83,84,85,87,88,91,92,101,102,107,109,110,112,113,114,124,125,132,133,134,135,140,141,147,148,149,152,153,154,156,158,171,172,173,174,175,176,177,180,181,182,188,189,190,191,193,194,195,196,197,198,201,202,205,206,207,208,210,211,212,213,214,215,216,217,218,219,220,222,223,224,228,229,230,247,248,294
315,315,132
1,6,7,8,9,10,11,12,13,14,15,16,17,18,19,20,21,22,27,28,33,34,35,36,37,38,39,40,41,42,43,44,49,56,57,58,59,60,61,62,63,64,65,66,70,71,76,79,80,81,82,83,84,85,86,87,88,91,92,93,98,101,102,103,108,109,110,111,112,113,114,123,124,129,130,131,132,133,134,135,136,147,148,149,150,152,153,154,156,157,158,171,172,173,174,175,176,177,179,180,181,188,189,190,191,192,194,195,196,197,198,201,202,205,206,208,210,212,213,214,215,216,219,220,226,227,228,229,230,247,296,304
72,72,106
1,6,9,10,11,12,13,14,15,16,17,18,19,20,21,22,33,34,35,36,37,38,39,40,41,42,43,44,56,57,58,59,60,61,62,63,64,65,66,76,79,80,81,83,84,86,87,88,91,92,101,102,103,109,110,111,114,123,124,125,131,132,133,134,147,148,149,150,152,153,154,156,157,158,171,172,173,175,176,180,181,187,188,189,191,194,195,196,197,198,201,202,205,207,209,215,216,219,220,224,230,232,248,251,294,297
103,103,135
1,7,8,9,10,11,12,13,14,15,16,17,18,19,20,21,22,33,34,35,36,37,38,39,40,41,42,43,44,57,58,59,60,61,62,63,64,65,66,70,76,79,80,81,82,83,84,85,86,87,88,91,92,93,100,101,102,103,104,105,106,109,110,111,113,114,123,124,125,130,131,132,134,136,148,149,150,153,154,156,157,158,162,164,166,171,172,173,174,175,176,178,179,180,181,188,189,190,191,192,194,195,196,197,198,199,201,202,206,207,208,209,210,211,212,213,214,216,218,219,220,222,223,224,226,229,230,233,247,248,249,275,276,292,294
300,300,127
6,7,8,9,10,11,12,13,14,15,16,17,18,19,20,21,22,28,33,34,35,36,37,38,39,40,41,42,43,44,49,54,56,57,58,59,60,61,62,63,64,65,66,70,71,72,76,79,80,81,82,83,84,85,86,87,88,91,92,93,100,101,102,108,109,110,112,113,115,123,124,125,128,130,131,132,134,136,137,139,147,148,149,150,152,153,154,156,166,171,172,173,175,176,178,180,181,191,192,194,195,196,198,201,202,207,208,214,215,216,217,218,219,220,222,223,224,229,230,233,239,247,248,250,251,262,263
293,293,116
2,6,7,8,9,10,11,12,13,14,15,16,17,18,19,20,21,22,28,33,34,35,36,37,38,39,40,41,42,43,44,56,57,58,59,60,61,62,63,64,65,66,67,71,79,80,81,82,83,84,85,86,87,88,92,93,98,101,102,103,105,106,108,109,110,123,124,125,128,130,131,132,134,140,147,148,149,150,151,152,153,154,156,162,164,171,172,173,174,175,176,178,189,194,195,196,197,198,199,201,202,208,209,215,217,219,222,223,227,228,229,230,237,247,251,305
457,457,121
1,2,6,7,8,9,10,11,12,13,14,15,16,17,18,19,20,21,22,24,28,33,34,35,36,37,38,39,40,41,42,43,44,45,57,58,59,60,61,62,63,64,65,66,67,76,79,80,81,82,83,84,85,86,87,88,92,93,98,101,102,103,104,105,108,109,110,112,113,114,120,123,124,125,126,128,129,130,131,132,134,140,141,147,148,150,151,152,153,154,162,164,166,171,172,173,175,176,187,188,194,195,196,197,198,201,208,209,215,216,217,220,223,235,237,245,247,249,250,251,252
80,80,78
6,7,10,11,12,13,14,15,16,17,18,19,20,21,22,33,34,35,36,37,38,39,40,41,42,43,44,56,57,58,59,61,62,63,64,65,66,72,80,81,82,83,84,85,86,87,88,92,98,102,103,104,107,108,109,110,123,124,125,127,128,129,131,132,134,147,148,150,151,164,166,171,172,173,191,210,246,252
113,113,25
242,262,263,264,282,283,284,285,286,301,302,303,304,305,306,307,308,321,322,323,324,325,326,327,328
360,360,75
132,152,153,154,172,173,174,175,176,192,193,194,195,196,197,198,212,213,214,215,216,217,218,220,233,234,235,236,237,238,239,240,254,255,256,257,258,259,260,261,271,272,273,274,275,276,277,278,279,280,290,291,292,293,294,295,296,297,298,299,301,302,310,311,312,313,314,315,316,317,318,319,320,321,323
369,369,112
44,64,65,66,83,84,85,86,87,88,90,102,103,104,105,106,107,108,109,110,124,125,126,127,128,129,130,131,132,144,145,146,147,148,149,150,151,153,161,163,164,165,166,167,168,169,170,171,172,180,181,182,183,184,185,186,187,188,189,190,191,194,200,201,202,203,204,205,206,207,208,209,221,222,223,224,225,226,227,228,229,230,243,244,245,246,247,248,249,250,265,266,267,268,269,270,271,272,273,287,288,289,290,291,292,293,294,309,310,311,312,313
270,270,127
15,16,17,18,19,20,21,22,34,35,36,37,38,39,40,41,42,43,54,55,56,57,58,59,60,61,62,63,64,74,75,76,77,78,79,80,81,82,83,84,85,86,87,91,92,93,94,95,96,97,98,99,100,101,102,103,104,105,106,107,108,111,112,113,114,115,116,117,118,119,120,121,122,123,124,125,127,128,133,134,135,136,137,138,139,140,141,144,146,147,155,156,157,158,159,160,161,162,169,177,178,179,180,181,182,183,185,199,200,201,202,203,204,205,206,221,222,223,224,243,244,245,246,247,265,266,287
429,429,117
1,2,3,4,5,6,7,8,9,10,11,12,13,14,15,16,17,18,19,20,21,22,23,24,25,26,27,28,29,30,31,32,33,34,35,36,37,38,39,40,41,42,43,44,45,46,47,48,49,50,51,52,53,54,55,56,57,58,59,60,61,62,63,64,65,66,67,68,69,70,71,72,74,75,77,78,79,80,81,82,83,84,85,86,89,90,91,92,93,94,99,100,101,102,103,104,106,111,112,123,133,134,135,136,137,138,139,155,156,157,158,159,161,178,179,180,200
396,396,106
1,2,3,4,5,6,7,8,9,10,11,12,13,14,15,16,17,18,19,20,21,22,23,24,25,26,27,28,29,30,31,32,33,34,35,36,37,38,39,40,41,42,43,44,45,46,47,48,49,50,51,52,53,54,55,56,57,58,59,62,63,64,65,66,67,68,69,70,71,72,73,74,75,76,77,78,79,80,89,90,91,92,93,94,95,96,97,101,104,111,113,114,115,116,121,122,136,140,141,142,143,144,158,177,179,199
228,228,94
1,2,3,4,5,6,7,8,9,10,11,12,13,14,15,16,17,18,19,20,21,22,23,24,25,26,27,28,29,30,31,32,33,34,35,36,37,38,39,40,41,45,46,47,48,49,50,51,52,53,54,55,56,57,58,59,67,68,69,70,71,72,73,74,75,76,77,78,89,90,91,92,93,94,96,97,99,111,112,113,114,115,116,117,118,119,120,133,134,135,136,137,139,155
21,21,75
1,2,3,4,5,6,7,8,9,10,11,12,13,14,15,16,17,18,19,20,21,23,24,25,26,27,28,29,30,31,32,33,34,35,36,37,45,46,47,48,49,50,51,52,53,54,55,56,57,67,68,69,70,71,72,75,76,77,78,89,90,91,92,93,94,95,100,111,112,113,114,115,119,134,135
350,350,50
1,2,3,4,5,6,7,8,9,10,11,12,13,14,21,23,24,25,26,27,28,29,30,31,32,33,35,45,46,47,48,49,50,51,52,67,68,69,71,72,89,91,99,112,113,114,119,135,155,190
70,70,19
1,4,5,6,7,8,9,14,23,24,25,27,28,29,45,46,67,89,91
462,462,16
42,64,65,84,85,102,107,131,132,151,152,154,173,176,198,220
40,40,54
16,22,33,37,38,42,43,59,64,65,66,80,83,84,85,86,87,88,102,103,104,105,106,107,109,110,122,123,124,125,128,129,130,131,132,147,149,150,151,152,153,154,171,172,173,174,175,176,195,197,198,214,220,256
39,39,72
9,10,16,19,20,21,22,37,38,39,41,42,43,59,60,61,62,63,64,65,66,74,80,81,82,83,84,85,86,87,88,102,103,104,105,106,107,108,109,110,123,125,126,127,128,129,130,131,132,147,148,149,150,151,152,153,154,171,172,173,174,175,176,194,195,196,197,198,216,219,220,235
5,5,74
9,10,11,12,13,15,16,17,19,20,21,22,28,33,34,35,37,38,39,40,41,42,43,44,59,60,61,62,64,65,66,80,81,82,83,84,85,86,87,88,102,103,104,105,106,107,108,109,110,123,125,126,127,128,129,130,131,132,147,148,150,151,152,153,154,171,195,196,197,198,216,219,220,316
475,475,38
15,19,20,21,22,37,41,42,43,59,63,64,65,66,79,80,81,84,85,86,87,88,101,102,108,109,110,123,130,131,132,152,153,154,174,175,198,220
192,192,91
7,8,9,10,11,12,13,14,15,16,17,18,19,20,21,22,33,34,35,36,37,38,39,40,41,42,43,44,47,57,58,59,60,61,62,63,64,65,66,73,74,79,80,81,82,83,84,85,86,87,88,95,101,102,103,104,106,107,108,109,110,123,124,125,126,127,128,129,130,131,132,146,147,148,149,150,151,152,153,154,171,174,175,176,182,196,197,198,219,220,288
60,60,84
6,7,8,9,10,11,12,13,14,15,16,18,19,20,21,25,28,29,32,33,34,35,36,37,38,41,42,43,52,56,57,58,59,60,61,62,64,65,71,74,79,80,81,83,84,85,86,87,88,96,101,102,103,106,107,108,109,110,115,123,124,125,128,129,130,131,132,138,146,150,151,152,153,154,171,173,174,175,183,194,196,197,220,315
547,547,39
3,7,8,9,10,11,12,13,14,15,28,29,31,33,34,35,36,37,48,57,58,59,73,74,75,79,80,81,84,96,100,101,102,103,123,124,125,146,147
110,110,5
20,21,22,44,66
436,436,39
20,21,22,43,44,65,66,86,87,88,108,109,110,130,131,132,153,154,175,176,197,198,218,219,220,240,241,242,263,264,284,285,286,306,307,308,328,329,330
215,215,63
18,19,20,21,22,40,41,42,43,44,62,63,64,65,66,84,85,86,87,88,107,108,109,110,129,130,131,132,151,152,153,154,173,174,175,176,196,197,198,217,218,219,220,239,240,241,242,261,262,263,264,282,284,285,286,304,305,306,307,308,328,329,330
280,280,81
17,18,19,20,21,22,39,40,41,42,43,44,62,63,64,65,66,83,84,85,86,87,88,105,106,107,108,109,110,127,128,129,130,131,132,150,151,152,153,154,172,173,174,175,176,194,195,196,197,198,216,217,218,219,220,238,239,240,241,242,260,261,262,263,264,282,283,284,285,286,303,304,305,306,307,308,326,327,328,329,330
308,308,94
17,18,19,38,39,40,41,42,60,61,62,63,64,82,83,84,85,86,87,104,105,106,107,108,109,126,127,128,129,130,131,148,149,150,151,152,153,154,170,171,172,173,174,175,176,192,193,194,195,196,197,198,214,215,216,217,218,219,220,236,237,238,239,240,241,242,258,259,260,261,262,263,264,280,281,282,283,284,285,286,302,303,304,305,306,307,308,324,325,326,327,328,329,330
290,290,104
16,36,37,38,56,57,58,59,60,61,78,79,80,81,82,83,101,102,103,104,105,123,124,125,126,127,144,145,146,147,148,149,150,166,167,168,169,170,171,172,188,189,190,191,192,193,194,195,210,211,212,213,214,215,216,217,232,233,234,235,236,237,238,239,240,254,255,256,257,258,259,260,261,262,276,277,278,279,280,281,282,283,284,298,299,300,301,302,303,304,305,306,307,319,320,321,322,323,324,325,326,327,328,329
252,252,104
10,11,30,31,32,33,52,53,54,55,56,74,75,76,77,78,96,97,98,99,100,101,102,118,119,120,121,122,123,124,140,141,142,143,144,145,146,162,163,164,165,166,167,168,183,184,185,186,187,188,189,190,205,206,207,208,209,210,211,212,228,229,230,231,232,233,234,235,250,251,252,253,254,255,256,257,271,272,273,274,275,276,277,278,279,293,294,295,296,297,298,299,300,301,315,316,317,318,319,320,321,322,323,324
472,472,84
5,8,27,28,29,30,31,49,50,51,52,71,72,73,74,92,93,94,95,96,97,116,117,118,119,138,139,140,141,161,162,163,182,183,184,185,186,203,204,205,206,207,208,223,224,225,226,227,228,229,230,245,246,247,248,249,250,251,252,266,267,268,269,270,271,272,273,274,289,290,291,292,293,294,295,310,311,312,313,314,315,316,317,318
151,151,59
2,3,4,23,24,26,27,46,47,48,49,50,68,69,70,90,91,92,111,112,113,133,155,156,157,177,178,179,180,199,200,201,202,203,221,222,223,224,225,243,244,245,246,247,265,266,267,268,269,287,288,289,290,291,309,310,311,312,313
203,203,31
1,2,3,23,24,45,46,67,68,89,90,111,112,133,134,155,156,177,178,199,200,221,222,243,244,265,266,287,288,309,310
53,53,22
18,21,41,42,44,61,62,85,87,88,107,108,110,127,128,130,131,132,153,154,175,176
440,440,86
12,14,15,16,17,18,19,20,21,22,35,37,38,39,40,41,42,43,44,58,60,61,62,63,64,65,66,76,79,80,82,83,84,85,86,87,88,104,105,106,107,108,109,110,124,125,126,127,128,129,130,131,132,147,148,149,150,151,152,153,154,169,170,171,172,173,174,175,176,191,193,194,195,196,197,198,214,216,218,219,220,242,261,281,284,286
342,342,117
10,11,13,14,16,17,18,19,20,21,22,34,35,36,37,38,39,40,41,42,43,44,57,58,59,60,61,62,63,64,65,66,76,80,81,82,83,84,85,86,87,88,95,98,101,103,104,105,106,107,108,109,110,119,124,125,126,127,128,129,130,131,132,140,147,148,149,150,151,152,153,154,169,170,171,172,173,174,175,176,191,192,193,194,195,196,197,198,213,214,215,218,219,220,233,234,236,237,238,239,241,242,258,259,261,262,264,280,281,282,283,284,285,286,301,304,307
306,306,112
9,10,11,13,14,15,16,17,18,19,20,21,22,34,35,36,37,38,39,40,41,42,43,44,57,59,60,61,62,63,64,65,66,76,80,81,82,83,84,85,86,87,88,95,102,104,105,106,107,108,109,110,121,124,125,126,127,128,129,130,131,132,140,142,147,148,149,150,151,152,153,154,169,170,171,172,173,174,175,176,191,192,193,194,195,196,197,198,212,213,215,216,218,219,220,234,235,237,238,239,242,258,259,261,264,277,281,282,284,285,301,305
544,544,120
8,9,10,11,12,13,14,15,16,17,18,19,20,21,22,33,34,35,36,37,38,39,40,41,42,43,44,57,59,60,61,62,63,64,65,66,74,79,81,82,83,84,85,86,87,88,96,101,102,103,104,105,107,108,109,110,115,117,118,120,123,124,125,126,127,128,129,130,131,132,140,148,149,150,151,152,153,154,161,171,172,173,174,175,176,191,192,193,194,195,196,197,198,212,213,214,215,216,218,219,220,234,237,238,239,240,241,242,256,257,259,261,280,283,284,285,303,304,306,325
248,248,122
9,11,12,13,14,15,16,17,18,19,20,21,22,33,34,35,36,37,38,39,40,41,42,43,44,57,58,59,60,61,62,63,64,65,66,72,79,80,81,82,83,84,85,86,87,88,92,101,102,104,105,106,107,108,109,110,117,121,123,125,126,127,128,129,130,131,132,139,141,147,148,149,150,151,152,153,154,155,156,161,171,172,173,174,175,176,191,192,193,194,195,196,197,198,212,213,214,215,216,218,219,220,233,234,235,236,237,238,242,254,257,258,259,264,279,282,283,284,285,301,303,307
536,536,128
8,9,10,11,12,13,14,15,16,17,18,19,20,21,29,33,34,35,36,37,38,39,40,41,42,43,44,57,58,59,60,61,62,63,64,65,66,71,73,76,79,80,81,82,83,84,85,86,87,88,92,93,95,101,102,103,104,105,106,107,108,109,110,117,121,123,124,125,126,127,128,129,130,131,132,137,138,139,140,141,143,147,148,149,150,151,152,153,154,156,161,171,172,173,174,175,176,191,192,193,194,195,196,197,198,212,213,214,215,216,218,219,220,232,233,234,235,238,242,246,257,258,261,282,283,284,303,307
476,476,121
8,11,12,13,14,15,16,17,18,19,20,21,22,33,34,35,36,37,38,39,40,41,42,43,44,57,58,59,60,61,62,63,64,65,66,71,72,75,80,81,82,83,84,85,86,87,88,92,95,96,101,102,104,105,106,107,108,109,110,111,116,117,118,120,126,127,128,129,130,131,132,138,140,141,142,147,148,149,150,151,152,153,154,155,157,161,171,172,173,174,175,176,191,192,193,194,195,196,197,198,199,212,213,214,215,216,218,219,220,234,235,236,238,241,242,259,261,280,283,284,303
447,447,136
8,9,10,11,12,13,14,15,16,17,18,19,20,21,22,33,34,35,36,37,38,39,40,41,42,43,44,57,58,59,60,61,62,63,64,65,66,71,72,73,79,80,81,82,83,84,85,86,87,88,90,92,93,95,96,101,102,103,104,105,106,107,108,109,110,111,117,120,125,126,127,128,129,130,131,132,134,136,138,139,140,142,143,148,149,150,151,152,153,154,155,156,161,171,172,173,174,175,176,191,192,193,194,195,196,197,198,199,213,214,215,216,217,218,219,220,222,232,233,235,236,237,238,242,255,257,258,260,261,263,275,283,285,291,315,330
446,446,132
8,9,10,11,12,13,14,15,16,17,18,19,20,21,22,33,34,35,36,37,38,39,40,41,42,43,44,57,58,59,60,61,62,63,64,65,66,70,71,72,79,80,81,82,83,84,85,86,87,88,89,90,92,93,95,97,101,102,104,105,106,107,108,109,110,111,115,117,123,126,127,128,129,130,131,132,133,134,136,137,139,140,141,142,143,148,149,150,151,152,153,154,157,164,171,172,173,174,175,176,178,179,191,192,193,194,195,196,197,198,199,200,206,213,214,215,216,217,218,219,220,222,234,235,236,241,242,258,259,260,261,283
272,272,129
9,12,13,14,15,16,17,18,19,20,21,22,34,35,36,37,38,39,40,42,43,44,50,57,58,59,60,61,62,63,64,65,66,68,71,72,73,79,80,81,82,83,84,86,87,88,89,90,91,92,93,94,95,96,101,102,103,104,105,106,107,108,109,110,111,113,115,117,118,123,126,127,128,129,130,131,132,134,140,143,145,148,149,150,151,152,153,154,155,158,161,164,171,172,173,174,175,176,178,179,191,192,193,194,195,196,197,198,200,213,214,215,216,217,218,219,220,222,235,236,237,238,241,242,257,258,259,260,261
164,164,110
7,12,13,14,15,16,17,18,20,22,33,34,35,36,37,38,39,40,41,42,43,44,57,58,59,60,61,62,63,64,65,66,71,72,73,80,81,82,83,84,85,86,87,88,90,92,94,95,96,101,102,103,104,105,106,108,109,110,111,113,115,126,127,128,129,130,131,132,134,139,140,143,148,149,150,151,152,153,154,157,164,171,172,173,174,175,176,179,192,193,194,195,196,197,198,213,214,215,216,218,219,220,234,235,236,257,258,259,261,283
126,126,123
12,13,14,15,17,18,19,20,33,34,35,36,37,38,39,40,41,42,43,50,57,58,59,60,61,62,63,64,65,66,69,71,72,73,74,80,81,82,83,84,85,86,87,90,91,92,94,95,96,101,102,103,104,105,106,107,108,109,110,111,112,113,115,116,118,123,124,127,128,129,130,131,132,137,139,141,142,143,148,149,150,151,152,153,154,157,165,171,172,173,174,175,176,178,179,192,193,194,195,196,197,198,213,214,215,216,218,219,220,222,234,235,236,238,242,255,257,258,259,260,283,294,295
148,148,121
12,14,15,16,17,22,33,34,35,36,37,38,40,41,52,57,58,59,60,61,62,63,74,80,81,82,84,88,91,92,95,96,97,98,101,102,103,104,105,106,107,110,111,113,117,118,119,125,126,127,128,129,130,131,132,134,136,139,140,142,143,148,149,150,151,152,153,154,155,157,158,159,161,162,163,164,165,171,172,173,174,175,176,178,179,180,182,184,193,194,195,196,197,198,200,201,216,218,219,220,223,235,238,239,242,257,259,260,261,263,264,265,268,269,282,285,304,305,306,307,319
102,102,129
7,13,14,15,16,17,18,19,20,22,33,34,35,36,37,38,39,40,41,42,58,59,60,61,62,63,64,66,73,80,81,82,83,84,85,87,88,92,94,95,96,101,102,103,104,105,106,107,109,110,112,113,115,125,126,127,128,129,131,132,134,135,137,139,141,142,144,148,149,150,151,152,153,154,155,156,159,160,162,163,164,171,172,173,174,175,176,177,178,179,180,193,194,195,196,197,198,201,213,214,216,217,218,219,220,222,235,236,237,238,239,240,241,247,257,260,261,262,268,270,283,284,285,286,291,294,305,315,329
442,442,119
10,13,14,15,17,18,19,20,21,22,33,34,35,36,37,38,39,40,41,42,44,58,59,60,61,62,63,66,73,79,80,81,82,83,84,85,88,92,94,96,97,101,102,103,104,105,106,107,109,110,113,124,125,126,127,128,129,131,132,134,135,137,138,140,141,142,143,144,148,149,150,151,152,153,154,156,157,158,160,171,172,173,174,175,176,177,180,183,184,193,194,195,196,197,198,213,214,216,217,219,220,224,235,236,237,238,246,247,257,259,260,261,262,269,270,283,291,305,306
108,108,110
12,13,14,15,16,17,18,19,20,22,24,34,35,36,37,38,39,40,41,42,44,58,59,60,61,62,63,66,73,80,81,82,83,84,85,87,88,101,102,103,104,105,106,107,109,110,122,125,126,127,128,129,131,132,134,138,144,145,148,149,150,151,152,153,154,155,156,157,158,159,160,163,165,170,171,172,173,174,175,176,177,178,183,184,193,194,195,196,197,198,200,201,214,216,217,219,220,223,234,235,236,237,238,257,260,262,270,291,305,307
170,170,119
10,11,14,15,16,18,19,20,22,24,33,35,36,37,38,39,40,41,58,59,60,61,62,63,66,69,73,80,81,82,83,84,85,87,88,94,95,96,101,102,103,104,105,106,107,109,110,111,112,117,124,125,126,127,128,129,131,132,134,135,137,138,145,148,149,150,151,152,153,154,155,157,158,160,163,164,165,171,172,173,174,175,176,179,193,194,195,196,197,198,200,201,213,216,217,219,220,222,223,224,235,236,237,238,240,248,257,260,263,268,269,270,283,291,301,306,307,308,317
407,407,128
11,12,14,15,16,17,18,19,20,22,34,35,36,37,38,39,40,41,42,44,57,58,59,60,61,62,63,66,70,73,76,80,81,82,83,84,85,86,87,88,92,94,95,96,101,102,103,104,105,106,107,109,110,117,123,124,125,126,127,128,129,131,132,134,137,138,139,143,144,145,148,149,150,151,152,153,154,156,157,158,159,160,163,165,166,171,172,173,174,175,176,178,179,180,183,193,194,195,196,197,198,200,201,213,216,217,218,219,220,223,225,235,236,237,238,239,248,260,262,263,268,270,282,283,291,301,306,326
177,177,124
11,13,14,15,16,17,18,19,20,33,34,35,37,38,39,40,41,42,58,59,60,61,62,63,66,70,73,80,81,82,83,84,85,86,87,88,92,95,101,102,103,104,105,106,107,108,109,110,117,124,125,126,127,128,129,131,132,134,139,148,149,150,151,152,153,154,156,157,160,161,163,164,165,166,170,171,172,173,174,175,176,178,179,182,183,193,194,195,196,197,198,201,213,216,217,218,219,220,223,224,235,236,237,239,241,246,247,248,257,262,263,268,270,282,285,291,292,301,305,306,307,308,316,317
410,410,133
11,12,13,14,15,16,17,18,19,20,25,33,34,35,36,37,38,39,40,41,42,45,58,59,60,61,62,63,70,73,80,81,82,83,84,85,86,87,93,95,102,103,104,105,106,107,108,109,110,115,116,117,124,125,126,127,128,129,130,131,132,134,135,137,138,139,140,143,145,148,149,150,151,152,153,154,156,157,158,159,160,161,163,164,165,166,171,172,173,174,175,176,179,180,182,185,193,194,195,196,198,200,201,213,216,217,218,219,220,222,223,224,235,237,238,239,246,248,263,268,280,282,285,295,302,305,306,307,308,315,316,317,329
153,153,130
10,11,12,13,15,16,17,18,19,20,33,34,35,36,37,38,39,40,41,42,58,59,60,61,62,63,73,80,81,82,83,84,85,86,87,93,95,96,102,103,104,105,106,107,109,110,114,115,117,122,124,125,126,127,128,129,130,131,132,134,135,138,139,144,145,148,149,150,151,152,153,156,157,158,160,162,163,164,165,166,167,170,171,172,173,174,175,176,180,182,183,185,193,194,195,196,197,198,200,201,213,216,217,218,219,220,222,223,224,235,237,238,239,246,247,248,262,268,269,280,292,301,302,305,306,307,308,314,315,317
390,390,137
5,7,11,12,16,17,18,19,20,21,33,34,35,36,37,38,39,40,41,42,58,59,60,61,62,63,73,80,81,82,83,84,85,86,87,93,95,96,97,101,102,103,104,105,106,107,108,114,115,117,119,122,123,124,125,126,127,128,129,130,132,134,142,144,146,147,148,149,150,151,152,153,154,155,156,157,160,162,164,165,166,171,172,173,174,175,176,177,178,179,180,182,183,184,192,193,194,195,196,197,198,199,200,202,207,208,216,218,219,220,221,222,223,224,237,239,240,241,243,244,246,247,248,263,269,270,275,280,285,286,291,292,306,307,308,314,329
86,86,118
10,11,12,16,17,18,19,20,33,36,37,38,39,40,41,42,58,59,60,61,62,63,73,74,75,80,81,82,83,84,85,86,92,95,96,97,98,101,102,103,104,105,106,107,108,111,116,117,123,124,125,126,127,128,129,130,131,132,134,144,145,146,147,148,149,150,151,152,153,156,157,163,164,165,166,171,172,173,174,175,176,178,179,180,183,184,185,186,194,195,196,197,198,200,202,207,216,218,219,220,221,222,223,233,238,242,245,246,247,248,263,264,268,291,292,307,308,315
367,367,144
7,8,11,12,16,17,18,19,20,23,24,34,35,36,37,38,39,40,41,42,43,45,58,59,60,61,62,63,64,65,67,73,74,78,80,81,82,83,84,85,86,87,92,93,95,96,97,98,101,102,103,104,105,106,107,108,110,113,114,115,117,122,123,124,125,126,127,128,129,130,131,132,135,143,144,146,147,148,149,150,151,152,153,154,156,160,163,164,165,166,170,171,172,173,174,175,176,178,180,183,185,186,193,194,195,196,197,198,200,201,202,207,208,216,217,218,219,220,221,222,223,225,226,233,237,238,239,241,245,246,248,264,268,269,284,285,286,291,292,307,314,315,325,330
392,392,141
4,9,10,11,12,15,16,17,18,19,20,21,25,33,34,35,36,37,38,39,40,41,42,43,45,58,59,60,61,62,63,65,74,75,76,80,81,82,83,84,85,86,87,93,94,96,97,101,102,103,104,105,106,107,108,109,110,115,116,120,124,125,126,127,128,129,130,131,132,137,144,147,148,149,150,151,152,153,154,157,158,160,163,164,165,166,167,171,172,173,174,175,176,178,179,182,183,184,185,186,187,193,194,195,196,197,198,200,204,205,207,208,216,217,218,219,220,222,223,225,233,237,238,239,241,245,246,247,264,269,275,283,286,291,292,296,306,307,308,314,315
372,372,130
3,7,8,11,12,15,16,17,18,19,20,21,34,35,36,37,38,39,40,41,42,43,58,59,60,61,62,63,65,67,73,79,80,81,82,83,84,85,86,87,92,95,96,101,102,103,104,105,106,107,108,109,110,114,122,124,125,126,127,128,129,130,131,132,137,138,144,147,148,149,150,151,152,153,154,157,160,161,162,163,164,166,167,171,172,173,174,175,176,179,180,182,184,185,186,187,193,194,195,196,197,198,200,201,207,208,216,217,218,219,220,222,223,225,237,239,241,245,246,247,264,268,269,285,286,291,307,314,315,326
358,358,136
9,10,11,12,14,16,17,18,19,20,21,23,25,33,34,35,36,37,38,39,40,41,42,43,45,57,58,59,60,61,62,63,64,67,73,74,80,81,82,83,84,85,86,87,92,96,97,101,102,103,104,106,107,108,110,114,115,116,124,126,127,128,129,130,132,137,138,143,144,147,148,149,150,151,152,153,154,157,160,161,162,163,164,165,166,168,171,172,173,174,175,176,179,184,185,186,193,194,195,196,197,198,200,201,202,204,206,208,216,217,218,219,220,222,223,224,225,229,233,237,239,241,245,246,263,268,270,282,283,291,295,307,308,314,315,326
356,356,132
2,8,10,11,12,13,14,15,16,17,18,19,20,21,25,33,34,35,36,37,38,39,40,41,42,43,58,59,60,61,62,63,64,67,74,79,80,81,82,83,84,85,86,87,92,94,96,97,102,103,104,105,106,107,108,109,113,114,115,116,117,125,126,127,128,129,130,131,132,138,143,144,148,149,150,151,152,153,154,160,162,163,164,165,166,171,172,173,174,175,176,179,180,184,185,186,187,193,194,195,196,197,198,200,201,204,207,208,216,217,218,219,220,222,223,225,233,238,239,240,241,242,245,246,263,283,286,296,307,308,314,326
68,68,111
9,10,11,12,14,15,16,17,18,19,20,21,33,34,35,36,38,39,40,41,42,43,57,59,60,61,62,63,73,74,79,80,81,82,83,84,85,87,89,95,96,97,102,103,105,106,107,108,114,116,124,126,127,128,129,130,132,144,147,148,149,150,151,152,153,154,159,160,162,164,165,166,171,172,173,174,175,176,179,181,185,186,187,193,194,195,196,197,198,207,218,219,220,223,225,237,238,239,240,241,263,286,291,292,302,306,308,314,315,317,326
60,60,116
9,10,11,12,14,15,16,17,18,19,20,21,34,35,37,38,39,42,43,45,57,58,59,61,62,63,64,74,80,81,82,83,84,85,86,87,89,93,94,96,101,102,103,104,105,106,107,108,113,114,115,116,124,126,127,128,129,130,131,138,144,148,149,150,151,152,153,154,163,164,165,171,172,173,174,175,176,179,181,182,184,185,186,187,193,194,195,196,197,198,200,202,206,207,208,214,217,218,219,220,223,230,239,240,245,246,247,263,286,291,292,304,305,306,326,330
327,327,134
3,5,6,9,10,11,12,13,14,15,16,17,18,19,20,24,26,33,34,35,36,39,41,42,45,57,58,61,62,63,64,67,68,73,74,80,81,82,83,84,85,86,87,89,93,94,96,97,102,103,104,105,106,107,108,110,111,116,117,125,126,127,128,129,130,131,138,143,144,147,148,149,150,151,152,153,154,161,167,169,171,172,173,174,175,176,179,181,182,183,184,185,186,187,193,194,195,196,197,198,200,202,203,205,207,214,216,218,219,220,223,224,227,239,240,241,242,245,246,247,249,263,268,270,286,292,295,296,314,315,317,326,329,330
352,352,134
3,7,8,9,10,11,12,14,15,16,17,18,19,20,23,34,37,38,39,40,41,42,45,57,58,59,60,61,62,63,64,65,67,68,74,80,81,82,83,84,85,86,87,88,89,90,93,96,97,101,102,103,104,105,106,107,108,109,110,111,115,116,117,118,124,125,126,127,128,129,130,131,132,133,138,139,143,144,145,146,147,148,149,150,151,152,153,154,160,162,164,166,167,170,171,172,173,174,175,176,179,181,182,183,184,185,186,187,194,195,196,197,198,201,202,203,206,207,218,219,220,223,224,227,240,241,242,245,249,263,286,307,316,325
325,325,125
4,5,6,9,10,11,12,13,14,15,16,17,18,19,20,21,22,24,34,35,36,37,38,39,40,41,42,44,45,57,58,59,60,61,62,63,64,65,68,69,73,80,81,82,83,84,85,86,87,89,94,97,102,103,104,105,106,107,108,109,110,111,115,119,125,126,127,128,129,130,131,138,143,144,148,149,150,151,152,153,154,160,161,162,163,169,170,171,172,173,174,175,176,180,182,183,186,193,194,195,196,197,198,202,203,206,207,208,209,219,220,224,225,240,241,242,263,264,286,293,303,304,315,316,318
319,319,125
5,7,8,9,10,11,12,13,14,15,16,17,18,19,20,21,34,35,36,37,38,39,40,41,42,45,47,57,58,59,61,62,63,64,65,69,73,74,80,81,82,83,84,85,86,87,88,89,90,93,94,95,96,97,101,102,103,104,105,106,107,108,109,110,111,115,117,125,126,127,128,129,130,131,133,138,143,144,147,148,149,150,151,152,153,154,160,161,165,171,172,173,174,175,176,181,182,183,185,186,194,195,196,197,198,201,202,203,204,206,207,218,219,220,224,240,241,247,263,272,296,304,306,315,326
27,27,109
6,9,10,11,12,13,14,15,16,17,18,19,20,21,33,34,35,36,38,39,40,41,42,45,53,57,58,59,61,62,63,64,66,69,73,77,81,82,83,84,85,86,87,88,89,97,102,103,105,106,107,108,109,110,111,112,114,126,127,128,129,130,131,138,148,149,150,151,152,153,154,162,165,171,172,173,174,175,176,182,183,184,185,186,193,194,195,196,197,198,202,206,207,219,220,225,241,245,247,253,264,286,294,306,307,315,316,318,326
255,255,138
9,10,11,12,13,14,15,16,17,18,19,20,21,33,34,35,36,37,38,39,40,41,42,43,45,48,52,57,58,59,60,61,62,63,64,65,72,73,75,77,80,81,82,83,84,85,86,87,88,89,90,94,96,97,102,103,104,105,106,107,108,109,110,111,114,117,126,127,128,129,130,131,132,143,144,148,149,150,151,152,153,154,160,163,164,165,166,171,172,173,174,175,176,180,181,183,184,185,186,190,194,195,196,197,198,202,203,206,207,208,209,211,216,218,219,220,225,227,240,241,242,245,246,247,249,262,263,267,268,285,286,306,315,316,325,326,327,329
329,329,133
5,6,7,8,9,10,11,12,13,14,15,16,17,18,19,20,21,22,33,34,35,36,37,38,39,40,41,42,43,45,52,57,58,59,60,61,62,63,64,67,69,73,74,80,81,82,83,84,85,86,87,88,89,90,94,95,96,97,102,103,104,105,106,107,108,110,111,115,116,125,126,127,128,129,130,131,138,139,144,149,150,151,152,153,154,159,162,163,165,171,172,173,174,175,176,180,183,185,186,193,194,195,196,197,198,202,206,207,209,212,216,219,220,223,224,225,226,227,228,229,240,241,244,245,246,248,249,269,286,304,306,307,315
309,309,122
5,9,10,11,12,13,14,15,16,17,18,19,20,33,34,35,36,37,38,39,40,41,42,43,45,46,57,58,59,61,62,63,64,67,69,72,73,74,77,80,81,82,83,84,85,86,87,88,89,95,102,103,104,105,106,107,108,109,115,117,126,127,128,129,130,131,132,133,138,140,144,149,150,151,152,153,154,161,163,164,166,171,172,173,174,175,176,181,183,184,185,186,194,195,196,197,198,202,203,206,207,208,212,216,219,220,224,225,227,241,242,246,263,286,304,305,307,315,321,326,328,329
313,313,139
6,7,8,9,10,11,12,13,14,15,16,17,18,19,20,21,33,34,35,36,38,39,40,41,42,43,45,57,58,59,60,61,62,63,64,65,67,69,73,74,81,82,83,84,85,86,87,88,95,96,97,102,103,104,105,106,107,108,109,110,111,115,117,125,126,127,128,129,130,131,132,133,134,138,147,148,150,151,152,153,154,155,161,163,164,165,166,170,171,172,173,174,175,176,180,181,182,184,186,190,192,193,194,195,196,197,198,202,203,206,207,208,209,210,212,219,220,224,225,227,228,240,241,242,245,247,263,264,269,286,305,315,316,318,319,326,328,329,330
571,571,129
4,5,6,9,10,11,12,13,14,15,16,17,18,19,20,21,33,34,35,36,38,39,40,41,42,43,52,57,58,59,60,61,62,65,67,69,72,73,75,80,81,82,85,86,87,91,94,95,96,97,102,103,107,108,109,110,111,112,116,119,127,129,130,131,132,133,138,139,141,148,149,150,151,152,155,161,162,163,164,165,166,170,171,172,173,174,182,183,184,185,186,189,190,191,192,193,194,195,197,198,203,205,206,207,208,212,214,219,220,223,226,227,228,229,230,232,241,242,245,262,263,267,268,286,288,292,307,308,329
292,292,135
5,6,7,8,9,10,11,12,13,14,15,16,17,18,19,20,21,24,25,33,34,35,36,37,38,39,40,41,42,43,52,57,58,59,61,62,63,64,65,66,67,69,75,80,86,87,88,90,91,95,96,97,102,103,106,107,108,109,110,111,112,113,114,116,125,126,127,128,129,130,131,132,133,134,138,147,148,149,150,151,152,153,154,155,160,161,162,164,165,166,169,171,172,173,174,175,176,182,183,184,185,186,189,190,192,193,194,195,196,197,198,205,207,208,217,219,220,228,229,230,234,241,242,245,247,263,269,291,293,306,307,308,318,327,329
110,110,139
4,5,6,7,9,10,11,12,13,14,15,16,17,18,19,20,21,22,24,25,26,33,34,35,36,37,38,39,40,41,42,43,45,49,51,52,57,58,59,60,61,62,63,64,65,67,69,73,75,85,86,87,88,91,94,95,96,97,101,102,103,104,105,107,108,109,110,111,112,113,114,116,118,119,123,125,126,127,128,129,130,131,132,134,137,138,147,148,149,150,151,152,153,154,155,159,160,161,162,163,164,165,169,171,172,173,174,175,176,177,181,182,183,184,186,190,193,194,195,196,197,198,204,206,207,208,216,219,220,227,229,230,242,247,250,267,285,296,318
133,133,79
5,6,7,8,9,10,11,12,13,14,15,16,18,19,20,21,22,24,25,33,34,35,36,37,38,39,40,41,42,43,45,57,60,62,64,65,67,69,75,81,84,85,86,87,88,95,102,107,108,109,110,116,123,126,127,128,129,130,131,132,133,138,148,149,150,151,152,153,160,172,173,181,182,183,184,193,207,229,234
348,348,24
264,281,282,283,284,285,286,301,302,303,304,305,306,307,321,322,323,324,325,326,327,328,329,330
485,485,73
152,153,171,172,173,174,175,176,191,192,193,194,195,196,211,212,213,214,215,216,217,218,231,232,233,234,235,236,237,239,252,253,254,255,256,257,258,272,273,274,275,276,277,278,279,280,281,290,291,292,293,294,295,296,297,298,299,300,301,302,310,311,312,313,314,315,316,317,318,319,320,321,322
228,228,111
85,86,87,88,102,103,104,105,106,107,108,109,110,122,123,124,125,126,127,128,129,130,141,142,143,144,145,146,147,148,149,150,151,152,153,161,162,163,164,165,166,167,168,169,170,171,172,181,182,183,184,185,186,187,188,189,190,192,193,194,195,199,200,201,202,203,204,205,206,208,209,210,214,221,222,223,224,225,226,227,228,229,230,231,232,243,244,245,246,247,248,250,252,265,266,267,268,269,270,272,287,288,289,290,294,296,309,310,311,312,316
509,509,125
16,17,18,19,20,21,22,30,31,32,34,35,36,37,38,39,40,41,42,44,50,51,52,53,54,55,56,57,58,59,60,61,62,69,70,71,72,73,74,75,76,77,78,79,80,81,82,83,84,85,86,87,89,90,91,92,93,94,95,96,97,98,99,100,101,102,103,104,105,106,107,108,111,112,113,114,115,116,117,118,119,120,121,122,123,124,125,126,127,128,129,130,133,134,135,136,137,138,139,140,141,142,143,144,145,146,148,155,156,157,158,159,160,161,162,163,177,178,179,180,181,199,200,201,221
250,250,115
1,2,3,4,5,6,7,8,9,10,11,12,13,14,15,16,19,20,21,22,23,24,25,26,27,28,29,30,31,32,33,34,35,36,37,40,41,42,43,45,46,47,48,49,50,51,52,53,54,55,56,57,58,60,67,68,69,70,71,72,73,74,75,76,77,78,79,80,81,82,83,84,85,86,87,89,90,91,92,93,94,95,96,97,98,99,100,101,102,103,104,105,111,112,113,114,118,119,120,121,122,123,133,134,135,136,141,142,155,156,157,177,178,180,199
331,331,101
1,2,3,4,5,6,7,8,9,10,11,12,13,14,15,16,17,18,19,20,21,22,23,24,25,26,27,28,29,30,31,35,36,37,38,39,40,41,42,43,44,45,46,47,48,49,50,51,52,53,54,61,63,67,68,69,70,71,72,73,74,75,76,89,90,91,92,93,94,95,96,97,98,99,100,101,111,112,113,114,115,116,117,120,133,134,135,136,137,138,139,140,155,156,157,158,159,178,179,199,328
90,90,92
1,2,3,4,5,6,7,8,9,10,11,12,13,14,15,16,17,18,19,20,21,23,24,25,26,27,28,29,30,31,32,33,34,35,36,37,38,39,40,41,45,46,47,48,49,50,51,52,53,54,55,56,57,58,59,60,62,67,68,69,70,71,72,73,74,76,77,78,79,80,81,82,89,90,91,92,93,94,98,99,100,101,102,103,111,112,113,114,115,116,133,135
356,356,77
1,2,3,4,5,6,7,8,9,10,11,12,13,14,15,16,17,18,19,20,21,23,24,25,26,27,28,29,30,31,32,33,34,35,36,37,38,39,40,45,46,47,48,49,50,51,52,53,54,55,56,57,67,68,69,70,71,72,73,74,75,76,77,78,79,89,90,91,92,93,95,100,111,112,113,114,133
340,340,54
1,2,3,4,5,6,7,8,9,10,11,12,13,14,23,24,25,26,27,28,29,30,31,32,33,45,46,47,48,49,50,52,53,54,55,56,67,68,69,70,71,76,77,78,81,89,90,91,101,102,103,111,114,133
4,4,19
1,2,3,4,8,11,23,24,25,28,30,31,32,45,53,55,56,77,78
564,564,24
66,86,125,130,131,132,148,149,150,151,153,154,171,172,173,176,193,194,198,214,216,219,220,275
573,573,55
9,18,20,21,22,35,41,42,60,63,64,66,83,84,85,86,87,88,106,107,109,110,125,126,127,128,129,130,131,132,148,149,150,151,152,153,154,171,172,176,188,193,194,195,198,210,213,215,216,217,218,219,220,276,330
168,168,81
7,8,18,19,20,21,22,33,34,35,36,38,41,42,43,44,57,58,59,60,61,62,63,64,65,66,81,82,83,84,85,86,87,88,103,104,105,106,107,108,109,110,125,126,127,128,129,130,131,132,148,149,150,151,152,153,154,164,171,172,173,174,175,176,193,194,195,196,197,198,210,214,215,216,219,220,236,254,256,275,276
432,432,96
6,8,10,11,12,14,15,16,17,18,19,20,21,33,34,35,36,37,38,39,40,41,42,44,47,57,58,59,60,61,62,63,64,65,66,80,81,83,84,85,86,87,88,97,102,103,107,108,109,110,112,125,126,127,128,129,130,131,132,140,143,148,149,150,151,152,153,154,163,164,170,171,172,173,174,175,176,193,194,195,196,197,198,203,209,210,213,214,215,216,219,220,226,232,235,236
86,86,1
18
392,392,87
5,6,7,9,10,11,12,15,16,17,18,33,35,36,37,39,40,42,46,52,56,57,58,59,60,61,62,63,74,78,79,80,81,82,83,88,95,102,103,104,106,107,108,109,110,116,117,118,124,127,128,130,131,138,139,140,141,148,149,160,161,163,164,180,182,183,185,186,187,198,203,209,210,216,219,220,224,227,232,233,235,240,256,257,278,279,298
440,440,91
5,6,7,8,9,10,13,14,15,16,17,18,19,32,33,36,37,39,40,41,42,43,47,52,53,56,57,58,59,62,63,77,79,80,81,84,95,101,102,103,106,107,116,117,118,119,124,125,126,127,128,129,130,139,140,141,142,143,146,148,149,160,161,162,163,164,181,182,183,185,186,203,205,207,209,211,216,219,220,228,232,233,234,235,245,255,256,258,271,279,280
1,1,59
5,6,7,8,9,10,15,16,17,18,31,32,40,46,47,52,53,56,59,76,77,79,80,101,116,117,118,119,124,125,135,136,138,139,140,141,142,148,149,160,161,162,163,164,181,182,183,185,186,202,207,211,224,225,226,229,245,256,279
225,225,4
22,44,66,88
113,113,38
20,21,22,42,43,44,64,65,66,86,87,88,108,109,110,131,132,152,153,154,174,175,176,196,197,198,218,219,220,241,242,264,284,286,307,308,329,330
493,493,60
18,19,20,21,22,40,41,42,43,44,63,64,65,66,84,85,86,87,88,106,107,108,109,110,128,129,130,131,132,151,152,153,154,173,174,175,176,195,196,197,198,217,218,219,220,239,241,242,263,264,284,285,286,305,306,307,308,328,329,330
124,124,79
17,18,19,20,21,22,38,39,40,41,42,43,44,60,61,62,63,64,65,66,82,83,84,85,86,87,88,105,106,107,108,109,110,128,129,130,131,132,150,151,152,153,154,172,173,174,175,176,194,195,196,197,198,216,217,218,219,220,239,240,241,242,255,261,262,263,264,283,284,285,286,305,306,307,308,327,328,329,330
552,552,94
15,16,17,18,19,20,37,38,39,40,41,42,60,61,62,63,64,82,83,84,85,86,87,105,106,107,108,109,128,129,130,131,132,150,151,152,153,154,169,170,171,172,173,174,175,176,192,193,194,195,196,197,198,214,215,216,217,218,219,220,236,237,238,239,240,241,242,258,259,260,261,262,263,264,281,282,283,284,285,286,302,303,304,305,306,307,308,324,325,326,327,328,329,330
335,335,103
13,14,15,16,35,36,37,38,39,58,59,60,61,80,81,82,83,103,104,105,122,123,124,125,126,143,144,145,146,147,148,149,150,166,167,168,169,170,171,172,188,189,190,191,192,193,194,195,211,212,213,214,215,216,217,233,234,235,236,237,238,239,240,255,256,257,258,259,260,261,262,263,264,277,278,279,280,281,282,283,284,285,299,300,301,302,303,304,305,306,307,308,319,321,322,323,324,325,326,327,328,329,330
309,309,106
8,9,10,11,12,13,31,32,33,34,35,52,53,54,55,56,57,58,74,75,76,77,78,79,96,97,98,99,100,101,118,119,120,121,122,140,141,142,143,145,162,163,164,165,166,167,184,185,186,187,188,189,190,205,206,207,208,209,210,211,212,213,228,229,230,231,232,233,234,235,236,249,250,251,252,253,254,255,256,271,272,273,274,275,276,277,278,293,294,295,296,297,298,299,300,301,314,315,316,317,318,319,320,321,322,323
335,335,86
2,5,6,7,27,28,29,30,31,49,50,51,52,53,71,72,73,74,92,93,94,95,96,114,115,116,117,118,136,137,138,139,140,158,159,160,161,162,179,180,181,182,183,184,185,201,202,203,204,205,206,207,223,224,225,226,227,228,229,245,246,247,248,249,250,251,267,268,269,270,271,272,289,290,291,292,293,294,295,311,312,313,314,315,316,317
420,420,60
2,3,4,24,25,26,46,47,48,67,68,69,70,89,90,91,92,111,112,113,114,115,133,134,135,136,155,156,157,158,164,177,178,179,180,199,200,201,202,221,222,223,224,243,244,245,265,266,267,268,269,287,288,289,291,309,310,311,312,313
107,107,31
1,2,3,23,24,25,45,46,67,68,89,90,111,112,113,133,134,155,156,177,178,199,200,221,222,243,244,265,287,288,309
71,71,17
16,18,19,20,21,22,41,42,43,60,63,82,88,176,197,198,216
90,90,82
10,11,12,14,15,16,17,18,19,20,21,22,34,36,37,38,39,40,41,42,43,44,55,57,58,59,60,61,62,63,64,65,66,79,80,81,82,83,85,86,87,88,102,103,104,105,106,109,110,122,126,127,128,129,132,148,149,150,151,152,153,154,171,172,173,174,175,176,194,195,196,197,198,215,216,219,220,281,286,304,308,326
323,323,110
7,9,10,11,12,14,15,16,17,18,19,20,21,22,31,32,33,34,35,36,37,38,39,40,41,42,43,44,55,56,57,58,59,60,61,62,63,64,65,66,75,78,79,80,81,82,83,84,85,86,87,88,101,102,103,104,105,106,108,109,110,122,126,127,128,129,131,132,145,148,149,150,151,152,153,154,171,172,173,174,175,176,194,195,196,197,198,215,216,218,219,220,232,236,252,254,262,277,280,281,282,286,296,299,301,303,326,328,329,330
90,90,108
8,9,10,11,13,14,15,16,17,18,19,20,21,22,31,32,33,34,35,36,37,38,39,40,41,42,43,44,55,56,57,58,59,60,61,62,63,64,65,66,78,79,80,81,82,83,84,85,86,88,101,102,103,104,105,106,108,109,110,122,126,127,128,129,130,131,132,148,149,150,151,152,153,154,171,172,173,174,175,176,194,195,196,197,198,216,218,220,232,236,252,254,262,273,281,282,285,286,295,296,297,299,308,324,326,328,329,330
74,74,103
8,9,10,11,12,13,14,15,16,17,18,19,20,21,22,33,34,35,36,37,38,39,40,41,42,43,44,55,56,57,58,59,60,61,62,64,65,78,79,80,82,83,84,85,86,88,102,103,104,105,107,108,109,110,125,126,127,128,131,148,149,150,151,152,153,154,171,172,173,174,175,176,194,195,196,197,198,206,215,216,217,218,219,220,229,230,231,252,254,270,275,278,281,282,286,297,299,300,322,324,325,326,329
289,289,125
6,7,8,9,10,11,12,13,14,15,16,17,18,19,20,21,22,32,33,34,35,36,37,38,39,40,41,42,43,44,48,55,56,57,58,59,60,61,62,63,64,65,66,78,79,80,81,82,83,84,85,86,87,88,98,101,102,103,104,106,107,108,109,110,124,125,126,127,128,129,130,131,132,135,148,149,150,151,152,153,154,171,172,173,174,175,176,184,186,189,194,195,196,197,198,208,210,215,216,218,219,220,229,230,231,232,252,253,254,261,275,276,277,278,294,297,298,299,300,315,316,320,322,326,329
204,204,123
7,8,9,10,11,12,13,14,15,16,17,18,19,20,21,22,32,33,34,35,36,37,38,39,40,41,42,43,44,55,56,57,58,59,60,61,62,63,64,65,66,75,78,79,80,81,82,83,84,85,86,87,88,101,102,103,104,105,106,107,108,109,110,124,125,126,127,128,130,131,132,135,148,149,150,151,152,153,162,171,172,173,174,175,176,179,187,194,195,196,197,198,216,218,219,220,230,249,250,252,261,271,272,274,276,277,278,281,282,294,297,298,300,305,306,315,316,320,322,324,325,326,327
493,493,109
7,8,9,10,11,12,13,14,15,16,17,18,19,20,21,22,32,33,34,35,36,37,38,39,40,41,42,43,44,47,52,55,56,57,58,59,60,61,62,63,64,65,66,78,79,80,81,83,84,85,86,87,88,100,101,102,103,104,105,106,107,108,109,110,125,126,127,130,131,144,148,149,150,162,171,172,173,174,175,176,180,186,194,195,196,197,198,216,219,220,230,232,252,254,274,275,276,277,294,297,298,299,300,304,305,315,316,320,321
462,462,121
7,8,9,10,11,12,13,14,15,16,17,18,19,20,21,22,32,33,34,35,36,37,38,39,40,41,42,43,44,52,55,56,57,58,59,60,61,62,63,64,65,66,78,79,80,81,82,83,84,85,86,87,88,101,102,103,104,105,106,107,108,109,110,123,124,125,126,127,128,129,130,131,136,148,149,150,154,163,171,172,173,174,175,176,180,184,185,186,194,195,196,197,198,208,209,216,218,219,220,230,232,251,261,270,274,275,276,282,291,293,294,297,298,299,300,305,315,316,320,321,322
493,493,123
6,7,8,9,10,11,12,13,14,15,16,17,18,19,20,21,22,32,33,34,35,36,37,38,39,40,41,42,43,44,47,52,55,56,57,58,59,60,61,62,63,64,65,66,68,78,79,80,81,82,83,84,85,86,87,88,101,102,103,104,105,106,107,108,109,110,113,124,125,126,127,129,130,131,148,149,150,154,162,163,171,172,173,174,175,176,178,179,184,194,195,196,197,198,201,209,216,219,220,228,229,230,232,251,252,253,270,274,275,276,281,291,292,294,297,298,299,300,315,316,318,320,322
173,173,126
7,8,9,10,12,14,15,16,17,18,19,20,21,22,32,33,35,36,37,38,39,40,41,42,43,44,55,56,57,58,59,60,61,62,63,64,65,66,68,78,79,80,81,82,83,84,85,86,88,90,101,102,103,104,105,106,107,108,109,110,124,125,126,127,129,130,131,148,149,150,152,153,156,162,163,171,172,173,174,175,176,177,178,179,180,184,194,195,196,197,198,201,206,209,216,219,220,228,230,232,248,251,252,253,269,270,274,275,276,281,282,293,294,297,298,299,300,305,315,316,318,319,320,321,322,326
280,280,129
7,8,9,10,11,12,13,14,15,16,17,18,19,20,21,22,32,33,34,35,36,37,38,39,40,41,42,43,44,51,55,56,57,58,59,60,61,62,63,64,65,66,68,78,79,80,81,82,83,84,85,86,87,88,101,102,103,104,105,106,107,108,109,110,123,124,125,126,127,128,129,130,131,148,149,150,153,154,157,163,171,172,173,174,175,176,178,179,180,184,186,194,195,196,197,198,200,204,207,209,216,219,220,228,229,230,232,250,251,252,261,270,274,275,276,282,293,299,300,313,315,316,318,319,320,321,322,326,327
456,456,135
6,7,8,9,10,12,13,14,15,16,17,18,19,20,21,22,32,33,35,36,37,38,39,40,41,42,43,44,55,56,57,58,59,60,61,62,63,64,65,66,68,78,79,80,81,82,83,84,85,86,87,88,90,101,102,103,104,105,106,107,108,110,123,124,125,126,127,128,129,130,132,147,148,149,150,152,153,156,157,162,163,168,171,172,173,175,176,179,180,184,185,186,194,195,196,197,198,206,207,208,209,216,219,220,228,232,251,252,253,261,270,274,275,276,277,281,282,293,294,295,296,297,299,300,305,313,315,316,319,320,321,322,324,325,326
436,436,126
6,7,8,9,10,11,12,13,16,17,18,19,20,21,22,32,33,34,35,38,39,40,41,42,43,44,46,51,55,56,57,59,60,62,63,64,65,66,68,78,79,81,82,83,85,86,87,88,90,100,101,102,105,106,107,108,110,116,123,124,125,128,129,130,132,147,148,152,153,162,171,172,173,175,176,177,183,184,185,194,195,196,197,200,201,204,205,206,219,220,226,227,228,229,232,248,249,250,251,252,261,263,269,270,271,273,274,275,290,292,293,294,295,296,297,298,312,314,315,316,318,319,320,321,322,326
156,156,121
6,7,8,9,10,13,15,16,17,18,19,20,21,22,25,28,32,33,35,37,39,40,41,42,43,44,55,56,59,61,62,63,64,65,66,78,79,82,85,86,87,88,90,100,101,102,104,105,106,108,109,110,123,124,125,128,146,147,148,152,153,154,162,170,171,172,174,175,176,179,183,184,185,193,194,195,196,197,204,205,206,216,218,219,220,226,227,228,229,230,248,249,250,251,252,268,269,270,271,272,273,274,275,282,285,291,292,293,296,297,298,299,314,315,316,317,318,319,320,321,322
442,442,114
6,7,9,10,11,12,15,16,17,18,19,20,21,22,28,32,33,34,35,37,38,39,40,41,42,43,44,46,55,56,59,61,62,63,64,65,66,78,79,82,84,85,86,87,88,89,90,100,101,102,104,105,106,107,108,109,110,122,123,124,131,133,146,147,148,151,152,162,170,171,174,175,176,179,183,193,194,195,196,197,198,200,201,220,227,228,247,248,249,250,251,252,268,270,271,272,273,274,291,292,293,295,296,297,298,312,313,314,316,317,319,320,321,322
282,282,127
6,7,8,9,13,14,15,16,17,18,19,20,21,22,28,32,33,36,37,38,39,40,41,42,43,44,46,55,56,59,60,61,62,63,64,65,66,68,78,79,81,82,83,84,85,86,87,88,90,100,101,104,105,106,107,109,110,112,121,122,123,124,125,127,128,130,131,132,133,146,147,148,158,162,170,171,175,176,177,180,183,184,193,194,195,197,198,200,201,205,206,216,219,220,226,227,228,229,247,248,249,250,251,261,270,271,272,273,274,275,290,291,292,293,295,296,297,312,313,314,315,316,317,318,319,320,321
147,147,125
6,7,8,9,10,11,12,14,15,16,17,18,19,20,21,22,28,32,33,34,37,38,39,40,41,42,43,44,55,56,59,60,61,62,63,64,65,66,68,69,78,83,84,85,86,87,88,90,100,101,104,105,106,107,108,109,110,112,122,123,124,128,129,130,131,132,146,147,152,153,154,162,170,171,174,175,179,180,183,184,185,193,194,195,197,198,200,201,204,205,206,207,216,219,220,227,228,249,250,251,252,268,269,271,273,274,275,290,291,292,294,295,296,297,298,312,314,315,316,317,318,319,320,321,322
201,201,124
6,7,8,9,10,13,14,15,16,17,18,19,20,21,22,28,32,36,37,38,39,40,41,42,43,44,55,56,59,60,61,62,63,64,65,66,68,78,81,83,84,85,86,87,88,90,100,104,105,106,107,108,109,110,112,122,123,124,127,128,129,130,131,132,133,135,142,146,147,153,154,156,157,158,170,171,174,175,178,179,180,183,184,193,194,197,198,200,204,216,219,220,226,227,228,229,230,243,248,249,250,251,268,270,271,272,273,274,290,291,292,293,295,296,297,298,312,314,315,317,318,319,320,321
153,153,109
7,9,10,11,12,13,15,16,17,18,19,20,21,22,28,32,33,37,38,39,40,41,42,43,44,55,56,59,60,61,62,63,64,65,66,69,78,82,83,84,85,86,87,88,100,104,105,106,107,108,109,110,112,122,123,124,127,129,130,131,132,136,146,147,152,153,157,162,170,174,175,178,179,180,183,193,194,197,198,201,207,216,219,220,227,228,229,248,249,250,271,272,273,274,292,293,295,296,297,298,312,313,315,317,318,319,320,321,322
410,410,132
6,7,8,9,13,14,15,16,17,18,19,20,21,22,27,28,32,33,35,36,37,38,39,40,41,42,43,44,46,55,56,57,58,59,60,61,62,63,64,65,66,67,78,81,82,83,84,85,86,87,88,90,100,101,105,106,107,108,109,110,112,113,122,123,126,127,128,129,130,131,132,135,136,146,150,151,152,153,154,158,161,162,165,170,179,183,184,185,193,194,195,197,198,200,201,204,205,206,207,216,219,220,226,227,228,229,230,248,249,250,252,271,272,273,274,275,292,293,294,295,296,297,312,313,314,315,316,317,319,320,321,322
129,129,114
6,7,8,9,11,12,13,14,15,16,17,18,19,20,21,22,28,32,33,35,36,37,38,39,40,41,42,43,44,46,55,56,58,59,60,61,62,63,64,65,66,68,82,83,84,85,86,87,88,90,103,105,106,107,108,109,110,112,122,123,126,127,128,129,130,131,132,146,150,152,153,154,157,158,161,162,170,176,177,179,184,193,194,197,198,200,201,205,216,218,219,220,227,229,248,249,251,271,272,273,274,292,295,296,297,298,313,314,315,317,318,319,320,321
216,216,137
5,8,9,10,11,12,13,14,15,16,17,18,19,20,21,22,25,32,34,35,36,37,38,39,40,41,42,43,44,45,50,56,58,59,60,61,62,63,64,65,66,68,78,81,82,83,84,85,86,87,88,90,100,103,104,105,106,107,108,109,110,112,122,123,126,127,128,129,130,131,132,146,149,150,151,152,153,154,161,162,173,174,178,179,183,184,193,197,198,200,201,202,204,205,206,207,212,217,219,220,226,227,228,229,243,244,247,248,249,250,269,270,271,272,273,275,284,286,290,291,292,293,294,295,296,297,298,313,314,315,316,317,318,319,320,321,322
216,216,132
1,3,5,6,7,8,9,10,11,12,14,15,16,17,18,19,20,21,22,25,27,32,33,34,35,36,37,38,39,40,41,42,43,44,46,55,57,58,59,60,61,62,63,64,65,66,68,80,81,82,83,84,85,86,87,88,90,104,105,106,107,108,109,110,123,126,127,128,129,130,131,132,135,136,146,149,150,151,152,153,154,173,174,175,178,179,183,192,193,196,197,198,201,204,205,207,215,219,220,227,229,242,247,248,249,250,251,269,270,271,272,273,274,284,286,290,291,292,293,294,295,297,312,314,315,316,317,318,319,320,321,322
400,400,140
5,6,7,8,9,10,12,13,14,15,16,17,18,19,20,21,22,25,27,32,33,34,35,36,37,38,39,40,41,42,43,44,46,57,58,59,60,61,62,63,64,65,66,80,81,82,83,84,85,86,87,88,90,103,104,105,106,107,108,109,110,112,113,122,123,126,127,128,129,130,131,132,135,136,148,149,150,151,152,153,154,156,157,158,173,175,176,178,179,181,183,192,196,197,198,200,201,202,204,205,206,215,219,220,227,228,235,248,249,250,251,255,269,270,271,272,273,274,277,287,288,290,291,293,294,295,296,297,298,303,304,312,313,314,315,316,317,318,319,320
63,63,134
7,8,9,10,11,12,13,14,15,16,17,18,19,20,21,22,25,27,32,33,34,35,36,37,38,39,40,41,42,43,44,46,55,57,58,59,60,61,62,63,64,65,66,68,78,80,81,82,83,84,85,86,87,88,90,103,104,105,106,107,108,109,110,122,125,126,127,128,129,130,131,132,135,148,149,150,151,152,153,154,156,157,158,159,173,174,175,176,178,179,192,196,197,198,200,201,204,205,206,208,212,215,218,219,220,227,228,244,247,248,249,250,251,269,270,271,272,273,287,289,290,291,293,294,295,296,297,311,314,315,316,317,318,319
358,358,141
7,8,9,10,12,13,14,15,16,17,18,19,20,21,22,25,26,27,29,32,34,35,36,37,38,39,40,41,42,43,44,46,55,56,57,58,59,60,61,62,63,64,65,66,67,79,80,81,82,83,84,85,86,87,88,100,103,104,105,106,107,108,109,110,112,113,122,125,126,127,128,129,130,131,132,135,137,148,149,151,152,153,154,157,158,171,172,173,174,175,176,178,179,181,183,192,195,196,200,201,202,204,205,207,211,215,219,222,226,227,228,244,247,248,249,250,251,265,269,270,271,272,273,274,282,290,292,293,294,295,296,297,311,312,314,315,316,317,318,319,320
7,7,113
8,9,10,11,13,14,15,16,17,18,19,20,21,22,25,26,29,32,33,35,36,37,38,39,40,41,42,43,44,46,55,57,58,59,60,61,62,63,64,65,66,67,80,81,82,83,84,85,86,87,88,103,104,105,106,107,108,109,110,113,125,126,127,128,129,130,131,132,148,149,150,151,152,153,154,156,171,172,173,174,175,176,178,179,181,183,196,200,204,215,229,249,250,251,265,266,270,271,272,273,274,292,293,294,295,296,312,314,315,316,317,318,320
363,363,131
6,7,8,9,10,12,13,14,15,16,17,18,19,20,21,22,25,29,32,35,36,37,38,39,40,41,42,43,44,46,47,48,55,56,57,58,59,60,61,62,63,64,65,66,67,79,81,82,83,84,85,86,87,88,102,103,104,105,106,107,108,109,110,113,122,126,127,128,129,130,131,132,135,148,149,150,151,152,153,154,156,158,171,172,173,174,175,176,178,179,181,182,183,195,196,198,200,201,202,203,207,215,219,220,227,229,244,246,247,249,250,251,253,265,266,270,271,272,273,293,294,295,296,297,310,313,315,316,317,318,320
355,355,133
7,8,9,10,11,12,13,14,15,16,17,18,19,20,21,22,23,25,29,32,33,35,36,37,38,39,40,41,42,43,44,47,50,55,57,58,59,60,61,62,63,64,65,66,67,79,80,81,82,83,84,85,86,87,88,90,91,102,103,104,105,106,107,108,109,110,113,125,126,127,128,129,130,131,132,149,150,151,152,153,154,156,158,171,172,173,174,175,176,178,179,182,183,184,195,196,197,198,200,201,202,203,204,205,206,207,219,227,228,229,246,247,249,250,251,266,271,272,273,276,289,291,293,294,295,312,314,315,316,317,318,319,320
341,341,132
6,7,8,9,10,11,12,13,14,15,16,17,18,19,20,21,22,29,32,34,35,36,37,38,39,40,41,42,43,44,47,48,57,58,59,60,61,62,63,64,65,66,79,80,81,82,83,84,85,86,87,88,91,101,102,103,104,105,106,107,108,109,110,113,124,125,126,127,128,129,130,131,132,147,149,150,151,152,153,154,156,158,170,171,172,173,174,175,176,179,181,196,197,198,201,202,203,204,205,207,220,222,225,228,229,230,242,246,248,250,251,253,266,270,271,272,273,274,288,289,291,292,295,296,312,313,314,316,317,318,319,320
21,21,113
7,8,10,11,12,13,14,15,16,17,18,19,20,21,22,23,25,27,32,33,35,36,37,38,39,40,41,42,43,44,47,48,57,59,60,61,62,63,64,65,66,67,79,80,81,82,83,84,85,86,87,88,102,103,104,105,106,107,108,109,110,124,125,126,127,128,129,130,131,132,136,147,148,149,150,151,152,153,154,156,170,171,172,173,174,175,176,179,194,198,201,202,203,204,207,212,218,230,231,242,244,252,271,272,273,274,293,294,295,313,315,316,318
352,352,136
4,6,8,10,11,12,13,14,15,16,17,18,19,20,21,22,23,26,27,34,35,36,37,38,39,40,41,42,43,44,45,47,48,49,57,58,59,60,61,62,63,64,65,66,67,69,72,79,80,81,82,83,84,85,86,87,88,101,102,103,104,105,106,107,108,109,110,117,122,123,124,125,126,127,128,129,130,131,132,137,145,146,147,148,149,150,151,152,153,154,158,159,162,170,171,172,173,174,175,176,179,180,181,185,193,194,195,196,197,198,201,202,216,218,219,220,228,230,233,242,250,252,271,272,273,287,288,293,294,295,313,314,316,317,318,319
51,51,102
8,10,11,12,13,14,15,16,17,18,19,20,21,22,32,35,36,37,38,39,40,41,42,43,44,45,49,50,55,57,58,59,60,61,62,63,64,65,66,67,79,80,81,82,83,84,85,86,87,88,101,102,103,104,105,106,107,108,109,110,123,124,125,126,127,128,129,130,131,132,146,147,148,149,150,151,152,153,154,170,171,172,173,174,175,176,195,196,197,198,207,271,272,273,293,294,295,314,315,316,317,318
36,36,120
6,10,11,12,13,14,15,16,17,18,19,20,21,22,27,32,33,34,35,36,37,38,39,40,41,42,43,44,45,49,56,57,58,59,60,61,62,63,64,65,66,79,80,81,82,83,84,85,86,87,88,89,101,102,103,104,105,106,107,108,109,110,116,122,123,124,125,126,127,128,129,130,131,132,145,146,147,148,149,150,151,152,153,154,156,170,171,172,173,174,175,176,178,193,194,195,196,197,198,202,217,218,219,220,224,240,252,253,266,271,272,273,293,294,295,314,315,316,317,318
51,51,119
6,8,10,11,12,13,14,15,16,17,18,19,20,21,22,27,32,34,35,36,37,38,39,40,41,42,43,44,45,49,50,55,56,57,58,59,60,61,62,63,64,65,66,79,80,81,82,83,84,85,86,87,88,91,94,101,102,103,104,105,106,107,108,109,110,123,124,125,126,127,128,129,130,131,132,146,147,148,149,150,151,152,153,154,158,170,171,172,173,174,175,176,179,193,194,195,196,197,198,202,207,218,219,220,252,266,271,272,273,293,294,295,296,313,315,316,317,318,320
316,316,132
8,10,11,12,13,14,15,16,17,18,19,20,21,22,23,27,32,33,34,35,36,37,38,39,40,41,42,43,44,45,49,56,57,58,59,60,61,62,63,64,65,66,69,70,79,80,81,82,83,84,85,86,87,88,91,101,102,103,104,105,106,107,108,109,110,122,123,124,125,126,127,128,129,130,131,132,144,146,147,148,149,150,151,152,153,154,158,168,169,170,171,172,173,174,175,176,178,179,180,181,192,193,194,195,196,197,198,201,202,204,217,218,219,220,224,246,250,252,266,271,272,273,293,294,295,296,314,315,316,317,318,319
302,302,129
3,9,10,11,12,13,14,15,16,17,18,19,20,21,22,32,33,34,35,36,37,38,39,40,41,42,43,44,45,47,49,55,56,57,58,59,60,61,62,63,64,65,66,70,72,78,79,80,81,82,83,84,85,86,87,88,91,100,101,102,103,104,105,106,107,108,109,110,123,124,125,126,127,128,129,130,131,132,144,145,146,147,148,149,150,151,152,153,154,158,170,171,172,173,174,175,176,178,179,180,192,193,194,195,196,197,198,202,218,219,220,224,239,250,252,271,272,273,292,293,294,295,298,313,315,316,317,318,319
314,314,132
4,8,10,11,12,13,14,15,16,17,18,19,20,21,22,27,32,33,34,35,36,37,38,39,40,41,42,43,44,49,55,56,57,58,59,60,61,62,63,64,65,66,71,79,80,81,82,83,84,85,86,87,88,94,100,101,102,103,104,105,106,107,108,109,110,111,116,122,123,124,125,126,127,128,129,130,131,132,137,145,146,147,148,149,150,151,152,153,154,156,170,171,172,173,174,175,176,179,180,181,192,193,194,195,196,197,198,203,217,218,219,220,231,239,242,250,252,263,271,272,273,274,292,293,294,295,313,314,315,316,317,318
26,26,124
4,6,8,10,11,12,13,14,15,16,17,18,19,20,21,22,25,27,32,33,34,35,36,37,38,39,40,41,42,43,44,45,47,56,57,58,59,60,61,62,63,64,65,66,69,71,79,80,81,82,83,84,85,86,87,88,101,102,103,104,105,106,107,108,109,110,123,124,125,126,127,128,129,130,131,132,145,146,147,148,149,150,151,152,153,154,156,170,171,172,173,174,175,176,180,185,190,192,193,194,195,196,197,198,202,215,218,219,220,241,246,267,271,273,274,288,292,293,294,295,314,315,316,317
48,48,122
3,6,8,10,11,12,13,14,15,16,17,18,19,20,21,22,27,32,33,34,35,36,37,38,39,40,41,42,43,44,48,49,55,56,57,58,59,60,61,62,63,64,65,66,78,80,81,82,83,84,85,86,87,88,91,94,101,102,103,104,105,106,107,108,109,110,114,125,126,127,128,129,130,131,132,136,146,147,148,149,150,151,152,153,154,155,157,170,171,172,173,174,175,176,179,180,192,193,194,195,196,197,198,206,215,217,218,219,220,222,224,228,239,240,242,273,274,277,293,297,314,316
111,111,136
2,6,10,11,12,13,14,15,16,17,18,19,20,21,22,32,33,34,35,36,37,38,39,40,41,42,43,44,45,46,47,49,50,56,57,58,59,60,61,62,63,64,65,66,69,72,78,79,80,81,82,83,84,85,86,87,88,94,100,101,102,103,104,105,106,107,108,109,110,114,116,122,123,124,125,126,127,128,129,130,131,132,136,137,145,146,147,148,149,150,151,152,153,154,156,157,158,167,170,171,172,173,174,175,176,179,180,192,193,194,195,196,197,198,201,215,217,218,219,220,222,226,240,242,263,268,270,271,273,293,294,295,314,315,316,317
304,304,142
6,8,10,11,12,13,14,15,16,17,18,19,20,21,22,23,27,32,33,34,35,36,37,38,39,40,41,42,43,44,45,46,49,50,55,56,57,58,59,60,61,62,63,64,65,66,68,69,71,72,78,79,80,81,82,83,84,85,86,87,88,91,92,100,101,102,103,104,105,106,107,108,109,110,114,116,122,123,124,125,126,127,128,129,130,131,132,145,146,147,148,149,150,151,152,153,154,156,157,158,169,170,171,172,173,174,175,176,178,179,180,181,184,192,193,194,195,196,197,198,202,212,216,217,218,219,220,221,240,241,242,248,266,270,273,288,293,310,314,315,316,330
38,38,80
8,10,11,12,14,15,16,17,18,19,20,21,22,32,33,34,35,36,37,38,39,40,41,42,43,44,56,57,58,59,60,61,62,63,64,65,66,78,79,80,81,82,83,84,85,86,87,88,101,102,103,104,105,106,107,108,109,110,122,123,124,125,126,127,128,129,130,131,132,146,147,148,149,150,151,152,170,171,172,231
285,285,29
220,240,241,242,257,260,261,262,263,264,281,282,283,284,285,286,301,303,304,305,306,308,321,323,324,325,326,327,328
364,364,79
132,152,153,154,170,171,172,173,174,175,191,192,193,194,195,196,197,211,212,213,214,215,216,217,230,231,232,233,234,235,236,237,238,249,250,251,252,253,254,255,256,257,258,259,270,271,272,273,274,275,276,277,278,279,281,289,290,291,292,293,294,295,296,297,298,299,300,309,310,311,312,313,314,315,316,317,318,319,320
392,392,116
65,83,84,85,86,87,88,102,103,104,105,106,107,108,109,110,121,122,123,124,125,126,127,128,129,130,131,132,140,141,142,143,144,145,146,147,148,149,150,152,158,159,160,161,162,163,164,165,166,167,168,169,171,179,180,181,182,183,184,185,186,187,188,189,190,191,192,199,200,201,202,203,204,205,206,207,208,209,210,221,222,223,224,225,226,227,228,229,230,231,243,244,245,246,247,248,249,250,251,252,253,265,266,267,268,269,271,272,287,288,289,290,291,309,310,311
278,278,126
14,15,16,17,18,19,20,31,32,33,34,35,36,37,38,39,40,41,43,49,50,51,52,53,54,55,56,57,58,59,60,61,62,63,68,69,70,71,72,73,74,75,76,77,78,79,80,81,82,83,84,85,89,90,91,92,93,94,95,96,97,98,99,100,101,102,103,104,105,106,111,112,113,114,115,116,117,118,119,120,121,122,125,126,133,134,135,136,137,138,139,140,141,142,143,155,156,157,158,159,160,161,162,163,164,177,178,179,180,181,182,184,185,199,200,201,202,203,206,207,222,223,224,226,244,245
287,287,112
1,2,3,4,5,6,7,8,9,10,11,12,13,14,15,16,17,18,19,20,21,22,23,24,25,26,27,28,29,30,31,32,33,34,35,36,37,38,39,40,41,42,43,44,45,46,47,48,49,50,51,52,53,54,55,56,57,58,59,60,61,62,64,67,68,69,70,71,72,73,74,75,76,77,78,79,80,81,89,90,91,92,93,94,95,96,97,98,99,102,111,112,113,114,115,116,117,118,133,134,135,136,137,138,139,140,155,156,157,158,159,177
371,371,100
1,2,3,4,5,6,7,8,9,10,11,12,13,14,15,16,17,18,19,20,21,22,23,24,25,26,27,28,29,30,31,32,33,34,35,36,37,38,39,40,41,42,45,46,47,48,49,50,51,52,53,54,55,56,57,58,59,60,61,67,68,69,70,71,72,73,74,75,76,77,78,79,81,89,90,91,92,93,94,95,96,97,98,99,100,101,111,112,113,114,115,116,117,119,120,121,122,133,134,155
329,329,91
1,2,3,4,5,6,7,8,9,10,11,12,13,14,15,16,17,18,19,20,21,22,23,24,25,26,27,28,29,30,31,32,33,34,35,36,37,38,39,40,41,45,46,47,48,49,50,51,52,53,54,55,56,57,58,59,60,67,68,69,70,71,72,73,74,75,76,77,78,89,90,91,92,93,94,95,96,97,98,111,112,113,114,117,118,120,133,134,140,155,177
342,342,71
1,2,3,4,5,6,7,8,9,10,11,12,13,14,15,16,17,18,19,23,24,25,26,27,28,29,30,31,32,33,34,35,36,37,45,46,47,48,49,50,51,52,53,54,55,56,67,68,69,70,71,72,73,74,75,76,89,90,91,92,93,94,95,96,97,111,112,113,114,118,133
69,69,48
1,2,3,4,5,6,7,8,9,10,11,12,13,23,24,25,26,27,28,29,30,31,32,45,46,47,49,50,51,52,53,67,68,69,70,73,74,75,89,94,95,97,111,115,117,119,141,206
220,220,15
1,2,4,5,7,8,9,10,23,24,25,27,28,31,47
504,504,27
21,40,41,42,43,44,63,87,88,109,110,130,150,153,170,171,172,174,176,192,196,197,198,215,218,219,220
5,5,58
21,40,41,42,43,44,61,62,63,64,65,66,81,84,85,86,87,88,102,103,107,108,109,110,126,127,128,129,130,131,132,147,148,149,150,151,152,153,154,170,171,172,173,174,175,176,192,193,194,195,196,197,198,215,218,219,220,302
559,559,74
18,19,20,21,22,33,39,40,41,42,43,44,58,60,61,62,63,64,65,66,77,80,81,82,83,84,85,86,87,88,101,102,103,104,107,108,109,110,124,125,126,127,128,130,131,132,146,147,148,149,150,151,152,153,170,171,172,173,174,175,176,192,193,194,195,196,197,198,215,216,218,219,220,314
447,447,94
6,12,15,16,17,18,19,20,21,22,33,34,35,36,37,39,40,41,42,43,44,55,56,57,58,59,60,61,62,63,64,65,66,77,78,79,80,81,82,83,84,85,86,87,88,100,101,102,103,104,105,107,108,109,110,122,123,124,125,126,127,128,129,130,131,132,146,147,148,149,150,151,152,153,154,170,171,172,173,174,175,176,192,193,194,195,196,197,198,215,218,219,220,314
188,188,32
18,37,39,41,60,61,62,63,64,65,66,83,84,85,86,87,88,107,108,109,110,129,130,131,132,153,154,171,175,176,198,270
60,60,80
12,15,16,17,18,19,20,21,22,34,35,37,38,39,40,41,42,43,44,56,57,58,60,61,62,63,64,65,66,78,79,80,81,82,83,84,85,86,87,88,101,102,103,105,106,107,108,109,110,112,123,124,125,127,128,129,130,131,132,146,150,152,153,154,171,172,173,174,175,176,192,193,194,195,196,197,198,215,218,233
96,96,86
11,12,15,16,17,18,19,20,21,22,30,33,34,35,38,39,40,41,42,43,55,56,57,58,60,61,62,63,64,65,66,78,79,80,81,82,83,84,85,86,87,88,100,101,102,103,104,105,106,107,108,109,110,123,124,125,126,127,128,129,130,131,132,146,147,148,150,151,153,154,170,171,172,173,174,175,176,192,193,195,196,197,198,218,220,243
451,451,60
11,12,14,15,16,17,18,19,29,33,34,35,36,38,39,40,41,42,55,56,57,58,59,60,61,62,63,64,78,79,80,81,82,83,84,85,100,101,102,103,104,105,106,107,108,122,123,124,127,128,129,130,146,148,151,153,173,192,243,264
181,181,5
37,57,81,82,264
89,89,34
20,21,22,43,44,64,65,66,86,87,88,108,109,110,131,132,153,154,175,176,197,198,219,220,241,242,263,264,284,285,286,307,308,330
460,460,59
18,19,20,21,22,41,42,43,44,63,64,65,66,85,86,87,88,107,108,109,110,129,130,131,132,151,152,153,154,174,175,176,196,197,198,218,219,220,239,240,241,242,260,261,262,263,264,283,284,285,286,305,306,307,308,327,328,329,330
487,487,80
5,17,18,19,20,21,22,39,40,41,42,43,44,61,62,63,64,65,66,83,84,85,86,87,88,105,106,107,108,109,110,127,128,129,130,131,132,150,151,152,153,154,172,173,174,175,176,194,195,196,197,198,216,217,218,219,220,238,239,240,241,242,261,262,263,264,282,283,284,285,286,305,306,307,308,326,327,328,329,330
556,556,94
15,16,17,18,38,39,40,41,59,60,61,62,63,64,82,83,84,85,86,104,105,106,107,108,109,126,127,128,129,130,131,148,149,150,151,152,153,154,170,171,172,173,174,175,176,192,193,194,195,196,197,198,214,215,216,217,218,219,220,236,237,238,239,240,241,242,258,259,260,261,262,263,264,280,281,282,283,284,285,286,302,303,304,305,306,307,308,324,325,326,327,328,329,330
126,126,104
12,13,14,15,16,34,35,36,37,38,56,57,58,59,60,78,79,80,81,82,101,102,103,104,105,122,123,124,125,126,127,144,145,146,147,148,149,150,166,167,168,169,170,171,172,188,189,190,191,192,193,194,195,211,212,213,214,215,216,217,234,235,236,237,238,239,240,257,258,259,260,261,262,263,277,278,279,280,281,282,283,284,285,298,299,300,301,302,303,304,305,306,307,320,321,322,323,324,325,326,327,328,329,330
299,299,105
8,9,10,11,12,30,31,32,33,34,52,53,54,55,56,57,74,75,76,77,78,79,96,97,98,99,100,101,118,119,120,121,122,123,140,141,142,143,144,145,162,163,164,165,166,167,168,171,184,185,186,187,188,189,190,191,206,207,208,209,210,211,212,213,228,229,230,231,232,233,234,235,251,252,253,254,255,256,257,258,272,273,274,275,276,277,278,279,294,295,296,297,298,299,300,301,302,316,317,318,319,320,321,322,323
228,228,88
7,8,28,29,30,49,50,51,52,53,71,72,73,74,75,92,93,94,95,96,97,103,114,115,116,117,118,119,136,137,138,139,140,141,158,159,160,161,162,180,181,182,183,184,185,202,203,204,205,206,207,208,224,225,226,227,228,229,230,246,247,248,249,250,251,252,268,269,270,271,272,273,274,290,291,292,293,294,295,296,311,312,314,315,316,317,318,319
500,500,62
2,3,4,5,24,25,26,45,46,47,48,67,68,69,70,89,90,91,92,93,111,112,113,114,133,134,135,136,137,155,156,157,158,159,178,179,180,181,200,201,202,203,223,224,225,244,245,246,247,266,267,268,269,287,288,289,290,291,310,311,312,313
150,150,33
1,2,3,23,24,25,45,46,47,67,68,69,89,90,91,111,112,113,133,134,135,155,156,157,177,178,199,200,221,243,265,287,309
391,391,18
19,20,21,22,40,44,63,64,85,87,88,107,108,129,131,132,175,176
329,329,71
12,16,17,18,19,20,21,22,35,38,39,40,41,42,43,44,61,62,63,64,65,66,79,80,83,84,85,86,87,88,100,103,104,105,106,107,108,109,110,123,125,126,127,128,129,130,131,132,148,149,150,151,152,153,154,171,172,173,174,175,176,193,194,195,196,197,198,217,218,219,220
482,482,97
9,11,12,13,14,15,16,17,18,19,20,21,22,35,36,37,38,39,40,41,42,43,44,55,56,57,59,60,61,62,63,64,65,66,78,79,80,81,82,83,84,85,86,87,88,100,101,102,103,104,105,106,107,108,109,110,112,122,123,124,125,126,127,128,129,130,131,132,146,147,148,149,150,151,152,153,154,170,171,172,173,174,175,176,192,193,194,195,196,197,198,215,216,217,218,219,220
529,529,103
9,11,12,13,14,15,16,17,18,19,20,21,22,33,34,35,36,37,38,39,40,41,42,43,44,55,56,57,58,59,60,61,62,63,64,65,66,77,78,79,80,81,82,83,84,85,86,87,88,100,101,102,103,104,105,106,107,108,109,110,122,123,124,125,126,127,128,129,130,131,132,146,147,148,149,150,151,152,153,154,170,171,172,173,174,175,176,192,193,194,195,196,197,198,203,215,216,217,218,219,220,227,249
552,552,121
7,8,9,10,11,12,13,14,15,16,17,18,19,20,21,22,26,27,30,32,33,34,35,36,37,38,39,40,41,42,43,44,55,56,57,58,59,60,61,62,63,64,65,66,77,78,79,80,81,82,83,84,85,86,87,88,100,101,102,103,104,105,106,107,108,109,110,122,123,124,125,126,127,128,129,130,131,132,140,146,147,148,149,150,151,152,153,154,159,163,170,171,172,173,174,175,176,186,192,193,194,195,196,197,198,201,204,215,216,217,218,219,220,224,225,247,252,254,266,276,330
248,248,126
8,9,10,11,12,13,14,15,16,17,18,19,20,21,22,30,32,33,34,35,36,37,38,39,40,41,42,43,44,55,56,57,58,59,60,61,62,63,64,65,66,77,78,79,80,81,82,83,84,85,86,87,88,96,99,100,101,102,103,104,105,106,107,108,109,110,117,122,123,124,125,126,127,128,129,130,131,132,146,147,148,149,150,151,152,153,154,159,170,171,172,173,174,175,176,192,193,194,195,196,197,198,201,215,216,217,218,219,220,224,225,242,246,247,248,249,264,266,267,288,291,293,313,314,315,316
455,455,124
8,9,10,11,12,13,14,15,16,17,18,19,20,21,22,26,32,33,34,35,36,37,38,39,40,41,42,43,44,55,56,57,58,59,60,61,62,63,64,65,66,69,77,78,79,80,81,82,83,84,85,86,87,88,100,101,102,103,104,105,106,107,108,109,110,122,123,124,125,126,127,128,129,130,131,132,146,147,148,149,150,151,152,153,154,159,162,163,170,171,172,173,174,175,176,182,192,193,194,195,196,197,198,202,215,216,217,218,219,220,224,225,244,246,247,249,266,269,287,288,291,293,304,313
190,190,131
7,9,10,11,12,13,14,15,16,17,18,19,20,21,22,26,32,33,34,35,36,37,38,39,40,41,42,43,44,55,56,57,58,59,60,61,62,63,64,65,66,69,70,77,78,79,80,81,82,83,84,85,86,87,88,100,101,102,103,104,105,106,107,108,109,110,114,122,123,124,125,126,127,128,129,130,131,132,140,146,147,148,149,150,151,152,153,154,162,163,170,171,172,173,174,175,176,192,193,194,195,196,197,198,202,215,216,217,218,219,220,224,225,226,243,244,246,247,248,249,266,268,269,287,288,290,291,297,298,304,309
500,500,116
7,8,9,10,11,12,13,14,15,16,17,18,19,20,21,22,26,32,33,34,35,36,37,38,39,40,41,42,43,44,55,56,57,58,59,60,61,62,63,64,65,66,77,78,79,80,81,82,83,84,85,86,87,88,100,101,102,103,104,105,106,107,108,109,110,122,123,124,125,126,127,128,129,130,131,132,140,146,147,148,149,150,151,152,153,154,170,171,172,173,174,175,176,192,193,194,195,196,197,198,215,216,217,218,219,220,224,225,243,246,247,248,267,288,290,312
461,461,115
8,9,10,11,12,13,14,15,16,17,18,19,20,21,22,26,32,33,34,35,36,37,38,39,40,41,42,43,44,55,56,57,58,59,60,61,62,63,64,65,66,77,78,79,80,81,82,83,84,85,86,87,88,100,101,102,103,104,105,106,107,108,109,110,122,123,124,125,126,127,128,129,130,131,132,146,147,148,149,150,151,152,153,154,170,171,172,173,174,175,176,179,192,193,194,195,196,197,198,215,216,217,218,219,220,224,225,243,246,247,248,288,309,310,311
464,464,128
7,8,9,10,11,12,13,14,15,16,17,18,19,20,21,22,26,32,33,34,35,36,37,38,39,40,41,42,43,44,55,56,57,58,59,60,61,62,63,64,65,66,77,78,79,80,81,82,83,84,85,86,87,88,100,101,102,103,104,105,106,107,108,109,110,122,123,124,125,126,127,128,129,130,131,132,146,147,148,149,150,151,152,153,154,158,170,171,172,173,174,175,176,177,181,184,192,193,194,195,196,197,198,215,216,217,218,219,220,221,223,224,228,243,244,246,247,265,274,287,288,289,290,309,310,311,312,313
465,465,126
8,9,10,11,12,13,14,15,16,17,18,19,20,21,22,26,32,33,34,35,36,37,38,39,40,41,42,43,44,45,48,55,56,57,58,59,60,61,62,63,64,65,66,68,70,77,78,79,80,81,82,83,84,85,86,87,88,100,101,102,103,104,105,106,107,108,109,110,122,123,124,125,126,127,128,129,130,131,132,146,147,148,149,150,151,152,153,154,162,170,171,172,173,174,175,176,192,193,194,195,196,197,198,214,215,216,217,218,219,220,221,223,224,225,243,245,246,265,266,269,287,288,289,291,309,311
443,443,125
8,9,10,11,12,13,14,15,16,17,18,19,20,21,22,26,32,33,34,35,36,37,38,39,40,41,42,43,44,45,48,55,56,57,58,59,60,61,62,63,64,65,66,69,70,77,78,79,80,81,82,83,84,85,86,87,88,100,101,102,103,104,105,106,107,108,109,110,122,123,124,125,126,127,128,129,130,131,132,146,147,148,149,150,151,152,153,154,170,171,172,173,174,175,176,179,192,193,194,195,196,197,198,214,215,216,217,218,219,220,221,224,243,246,265,266,268,287,288,289,290,309,310,311,312
