504,477
282,282,71
4,11,12,13,14,15,16,17,18,19,20,21,22,32,33,34,35,36,37,38,39,40,41,42,43,44,54,55,56,57,58,59,60,61,62,63,64,66,105,128,130,149,150,151,152,153,172,173,174,175,177,194,195,196,197,198,199,201,216,217,218,219,221,222,223,243,244,245,265,266,267
383,383,64
2,3,4,5,6,7,11,12,13,14,15,16,17,18,19,20,21,22,24,27,30,31,32,33,34,35,36,37,38,39,40,41,42,43,44,48,50,51,54,55,57,59,63,64,65,66,74,87,88,108,109,110,148,149,150,151,154,156,172,175,176,177,198,243
357,357,60
2,3,4,5,6,7,12,13,14,15,17,18,19,20,21,22,26,27,28,29,30,31,32,33,34,35,36,37,40,42,43,44,48,50,53,54,55,63,64,65,66,74,76,87,88,105,109,110,149,150,153,154,157,171,176,183,191,222,243,244
430,430,42
2,3,4,5,6,7,12,13,14,15,16,17,18,19,21,22,25,27,28,32,33,34,35,36,37,41,43,44,48,50,53,54,64,65,66,85,88,149,150,216,243,288
492,492,45
2,3,4,5,6,7,12,13,14,15,16,17,18,19,21,22,25,26,28,29,32,33,34,35,36,37,38,41,42,43,44,48,53,54,65,66,73,74,86,88,132,149,150,170,244
289,289,41
1,2,3,4,5,6,7,12,13,14,15,16,17,19,20,21,22,26,27,28,29,34,35,36,37,41,42,43,44,47,53,54,64,65,66,74,86,88,149,150,243
422,422,52
2,3,4,5,6,7,8,11,12,13,14,15,17,18,19,20,21,22,23,25,26,27,28,33,34,35,36,40,41,42,43,44,57,59,64,65,66,74,88,94,110,119,127,132,134,149,150,180,222,243,244,306
507,507,31
1,2,3,4,5,6,7,11,14,15,20,21,22,24,25,26,27,28,34,35,42,43,44,64,65,66,88,149,150,173,243
496,496,55
1,2,3,4,5,6,7,11,13,14,15,16,18,19,20,21,22,23,24,25,26,27,28,33,34,35,37,41,42,43,44,45,47,48,49,57,63,65,66,69,74,85,86,88,95,110,135,140,149,150,151,175,222,243,244
175,175,57
1,2,3,4,5,6,7,11,12,13,14,15,16,17,18,19,20,21,22,23,24,25,26,27,28,30,33,34,37,41,42,43,44,45,46,47,48,49,53,56,57,65,66,68,69,88,94,95,97,110,132,140,149,150,231,243,244
498,498,48
1,2,3,4,5,6,7,8,11,12,13,14,15,16,19,21,22,23,24,25,26,27,28,38,41,43,44,45,46,47,48,49,51,65,66,68,69,70,88,92,95,149,150,151,198,222,243,322
497,497,69
1,2,3,4,5,6,7,8,11,12,13,14,15,16,18,19,20,21,22,23,24,25,26,27,28,32,33,35,41,42,43,44,45,46,47,48,49,51,56,63,65,66,67,68,69,70,71,72,75,87,88,90,91,92,95,110,140,149,150,159,179,207,220,221,222,243,265,292,300
202,202,72
1,2,3,4,5,6,7,11,12,13,14,15,16,19,20,21,22,23,24,25,26,27,28,29,32,33,34,37,38,39,40,41,43,44,45,46,47,48,49,50,54,56,65,66,67,68,69,70,71,74,82,87,88,89,91,92,95,96,110,142,148,149,150,158,159,205,220,243,265,269,270,287
375,375,75
1,2,3,4,5,6,7,11,12,13,14,15,16,18,20,21,22,23,24,25,26,27,28,29,31,32,33,34,35,36,38,40,41,42,43,44,45,46,47,48,49,51,56,65,66,67,68,69,70,71,74,87,88,89,90,91,92,95,96,113,127,135,143,149,150,170,215,217,225,229,243,248,265,266,270
489,489,75
1,2,3,4,5,6,7,11,12,13,15,16,17,20,21,22,23,24,25,26,27,28,29,31,33,34,35,36,38,40,41,42,43,44,45,46,47,48,49,51,55,63,64,65,66,67,68,69,70,71,88,89,90,91,92,94,95,110,132,142,149,150,158,176,181,195,201,205,206,243,246,265,266,287,315
113,113,71
1,3,4,5,6,7,11,12,13,14,15,16,20,21,22,23,24,25,26,27,28,29,31,32,33,34,35,40,41,42,43,44,45,46,47,48,49,50,51,54,65,66,67,68,69,70,71,72,87,88,89,90,91,92,96,105,111,112,148,149,150,160,170,171,200,201,226,243,264,265,287
94,94,78
2,3,4,5,6,7,11,12,13,14,15,16,19,20,21,22,23,24,25,26,27,28,29,32,33,34,35,36,37,38,41,42,43,44,45,46,47,48,49,50,51,55,62,63,67,68,69,70,71,72,73,77,89,90,91,92,93,111,112,113,114,127,149,150,156,158,172,178,181,201,208,216,223,225,226,265,270,315
129,129,76
3,4,5,6,7,11,12,13,14,15,16,20,21,22,23,24,25,26,27,28,29,32,33,34,35,36,37,38,41,42,43,45,46,47,48,49,50,51,52,57,63,67,68,69,70,71,72,87,88,89,90,91,92,93,96,111,112,113,114,134,149,150,151,154,156,158,181,182,183,223,225,247,248,265,301,309
153,153,69
1,2,3,4,5,6,7,12,13,20,21,22,23,24,25,26,27,28,32,33,34,43,44,45,46,47,48,49,50,51,52,54,67,68,69,70,71,72,89,90,91,92,93,95,96,105,111,112,113,114,115,128,133,134,149,150,156,160,195,226,239,241,254,264,265,269,287,299,309
265,265,41
1,3,4,5,6,7,22,24,25,26,27,32,45,46,47,48,50,54,67,68,69,70,71,72,89,90,91,92,93,111,112,113,114,117,126,133,135,149,150,246,248
144,144,83
3,4,5,6,7,12,13,14,15,18,20,21,22,23,24,25,26,27,28,29,32,33,34,35,42,43,44,45,46,47,48,49,50,52,54,55,65,67,68,69,70,71,72,73,75,89,90,91,92,93,96,97,111,112,113,114,115,128,133,134,135,136,149,150,151,159,195,200,218,225,226,240,247,248,249,267,271,293,294,295,314,318,325
94,94,48
1,4,7,11,12,13,24,25,26,27,34,45,46,47,48,49,50,54,67,68,69,70,71,72,89,90,91,92,93,96,111,112,113,114,117,118,133,134,135,136,148,149,150,156,157,248,267,270
234,234,32
88,110,132,153,154,175,176,197,198,218,219,220,240,241,242,261,262,263,264,283,284,285,286,305,306,307,308,326,327,328,329,330
18,18,71
19,20,21,41,42,43,63,64,65,84,85,86,87,106,107,108,109,127,128,129,130,131,149,150,151,152,153,171,172,173,174,192,193,194,195,196,213,214,215,216,217,218,235,236,237,238,239,240,257,258,259,260,261,278,279,280,281,282,300,301,302,303,304,305,321,322,323,324,325,326,327
32,32,106
14,15,16,17,18,19,35,36,37,38,39,40,57,58,59,60,61,63,79,80,81,82,83,100,101,102,103,104,121,122,123,124,125,126,127,143,144,145,146,147,148,164,165,166,167,168,169,170,171,186,187,188,189,190,191,192,207,208,209,210,211,212,213,214,229,230,231,232,233,234,235,236,237,250,251,252,253,254,255,256,271,272,273,274,275,276,277,278,279,292,293,294,295,296,297,298,299,300,314,315,316,317,318,319,320,321
530,530,125
9,10,11,12,13,14,15,30,31,32,33,34,35,36,37,51,52,53,54,55,56,57,58,73,74,75,76,77,78,94,95,96,97,98,99,100,115,116,117,118,119,120,122,136,137,138,139,140,141,142,143,158,159,160,161,162,163,164,165,179,180,181,182,183,184,185,186,200,201,202,203,204,205,206,207,208,221,222,223,224,225,226,227,228,229,230,231,243,244,245,246,247,248,249,250,251,252,265,266,267,268,269,270,271,272,273,287,288,289,290,291,292,293,294,295,302,309,310,311,312,313,314,315,316,317
522,522,115
2,3,4,5,6,7,8,9,23,24,25,26,27,28,29,30,31,34,41,45,46,47,48,49,50,51,52,53,55,67,68,69,70,71,72,73,74,75,76,89,90,91,92,93,94,95,96,97,111,112,113,114,115,116,117,118,133,134,135,136,137,138,139,140,155,156,157,158,159,160,161,162,177,178,179,180,181,182,183,199,200,201,202,203,204,221,222,223,224,225,243,244,245,246,247,248,265,266,267,268,269,270,271,287,288,289,290,291,292,309,310,311,312,313,314
461,461,99
1,2,3,4,5,6,7,8,9,23,24,25,26,27,28,29,30,31,45,46,47,48,49,50,51,52,67,68,69,70,71,72,73,74,89,90,91,92,93,94,95,111,112,113,114,115,116,117,118,119,133,134,135,136,137,138,139,140,141,155,156,157,158,159,160,161,162,177,178,179,180,181,182,183,199,200,201,202,203,204,221,222,223,224,225,243,244,245,246,265,266,267,268,287,288,289,309,310,311
553,553,91
1,2,3,4,5,6,7,8,9,10,23,24,25,26,27,28,29,30,31,45,46,47,48,49,50,51,52,67,68,69,70,71,72,73,74,89,90,91,92,93,94,95,96,111,112,113,114,115,116,117,118,133,134,135,136,137,138,139,155,156,157,158,159,160,177,178,179,180,181,199,200,201,202,203,221,222,223,224,243,244,245,246,265,266,267,287,288,289,290,309,310
356,356,82
1,2,3,4,5,6,7,8,23,24,25,26,27,28,29,30,31,45,46,47,48,49,50,51,67,68,69,70,71,72,73,74,75,89,90,91,92,93,94,95,96,111,112,113,114,115,116,117,118,133,134,135,136,137,138,155,156,157,158,159,177,178,179,180,181,199,200,201,202,203,221,222,223,224,244,245,265,266,287,288,289,309
499,499,72
1,2,3,4,5,6,7,23,24,25,26,27,29,30,45,46,47,48,50,51,52,67,68,69,70,71,72,73,89,90,91,92,93,94,95,96,111,112,114,115,116,117,118,133,134,135,136,137,138,146,155,156,157,159,178,181,199,202,203,221,222,244,252,265,266,289,290,291,294,313,314,315
529,529,58
1,2,3,4,5,7,23,24,25,26,27,28,45,46,47,48,50,51,52,67,68,69,72,73,75,89,93,94,95,96,97,111,114,115,116,117,118,135,136,137,138,156,157,159,178,199,202,222,223,243,251,252,272,273,293,294,314,315
303,303,38
1,2,3,4,23,24,25,45,46,55,56,67,72,73,74,75,77,93,94,95,96,97,115,116,117,118,135,138,236,237,251,252,258,272,273,293,294,314
121,121,18
55,73,95,96,116,117,236,237,251,252,260,272,273,282,292,293,294,314
204,204,5
117,251,272,273,293
12,12,2
28,113
120,120,32
9,10,11,15,30,31,32,36,52,53,57,73,74,78,96,206,207,208,209,227,228,229,230,235,238,249,250,257,295,296,316,317
27,27,13
28,49,69,90,111,123,134,135,136,141,155,164,187
565,565,16
11,50,94,101,115,122,136,137,142,149,156,157,158,164,178,186
53,53,16
28,71,92,114,115,122,135,136,149,156,157,158,163,178,179,186
494,494,10
7,29,91,93,135,136,137,178,185,186
271,271,6
20,22,41,42,43,44
218,218,30
18,19,20,21,22,39,40,41,42,43,44,62,63,64,65,66,83,84,85,86,87,88,107,108,109,110,130,131,132,154
233,233,51
11,12,13,14,15,16,17,18,19,20,21,22,36,37,38,39,40,41,42,43,44,60,61,62,63,64,65,66,82,83,84,85,86,87,88,105,106,107,108,109,110,128,129,130,131,132,151,152,153,154,176
247,247,74
10,11,12,13,14,15,16,17,18,19,20,21,22,32,34,35,36,37,38,39,40,41,42,43,44,59,60,61,62,63,64,65,66,80,81,82,83,84,85,86,87,88,103,104,105,106,107,108,109,110,127,128,129,130,131,132,150,151,152,153,154,172,173,174,175,176,196,197,198,218,219,220,241,242
364,364,88
8,9,10,12,14,15,16,17,18,19,20,21,22,33,34,36,37,38,39,40,41,42,43,44,57,58,59,60,61,62,63,64,65,66,80,81,82,83,84,85,86,87,88,101,102,103,104,105,106,107,108,109,110,123,124,125,126,127,128,129,130,131,132,147,148,150,151,152,153,154,171,172,173,174,175,176,195,196,197,198,217,218,219,220,241,242,263,264
235,235,106
8,9,10,11,12,13,14,15,16,17,18,19,20,21,22,30,32,33,34,35,36,37,38,39,40,41,42,43,44,55,56,57,58,59,60,61,62,63,64,65,66,76,78,79,80,81,82,83,84,85,86,87,88,103,104,105,106,107,108,109,110,125,126,127,128,129,130,131,132,148,149,150,151,152,153,154,170,171,172,173,174,175,176,192,193,194,195,196,197,198,215,217,218,219,220,239,240,241,242,262,263,264,285,286,307,308
323,323,119
5,6,7,8,9,10,11,12,13,28,29,30,31,32,33,34,35,36,51,52,53,54,55,56,57,58,74,75,76,77,78,79,80,81,82,97,98,99,100,101,102,103,104,105,106,107,122,123,124,125,127,128,129,130,131,146,147,148,149,150,151,152,153,154,169,170,171,172,173,174,175,176,189,190,191,192,193,194,195,196,197,198,212,213,214,215,216,217,218,219,220,235,236,238,239,240,241,242,258,259,260,261,262,263,264,282,283,284,285,286,304,305,306,307,308,327,328,329,330
340,340,119
4,5,25,26,27,28,47,48,49,50,51,52,69,70,71,72,73,74,75,91,92,93,94,95,96,97,98,114,115,116,117,118,119,120,121,138,139,140,141,142,143,144,161,162,163,164,165,184,185,186,187,188,189,191,192,207,208,209,210,211,212,213,214,215,216,229,230,231,232,233,234,235,236,237,238,252,253,254,255,256,257,258,259,260,261,262,274,275,276,277,278,279,280,281,282,283,284,285,297,298,299,300,301,302,303,304,305,306,307,308,322,323,324,325,326,327,328,329,330
272,272,98
23,45,46,67,68,69,89,90,91,92,111,112,113,114,116,133,134,135,136,137,138,139,155,156,157,158,159,160,161,178,179,180,181,182,183,184,185,199,200,202,203,204,205,206,223,224,225,226,227,228,229,230,231,245,246,247,248,249,250,251,252,253,254,268,269,270,271,272,273,274,275,276,277,278,290,291,292,293,294,295,296,297,298,299,300,310,312,313,314,315,316,317,318,319,320,321,322,323
506,506,66
67,89,111,112,113,133,134,135,136,155,156,157,158,177,178,179,180,199,200,201,202,203,204,221,222,223,224,225,226,227,243,244,245,246,247,248,249,250,265,266,267,268,269,270,271,272,273,287,288,289,290,291,292,293,294,295,309,310,311,312,313,314,315,316,317,318
131,131,41
89,111,112,133,134,155,156,177,178,179,199,200,201,202,221,222,223,224,243,244,245,246,265,266,267,268,269,270,287,288,289,290,291,292,309,310,311,312,313,314,315
17,17,13
199,221,243,244,265,266,287,288,289,309,310,311,312
107,107,11
16,17,33,39,58,150,151,172,181,250,271
213,213,28
16,17,18,38,39,40,59,129,146,148,150,172,183,194,203,204,205,206,216,226,243,248,271,272,292,293,305,316
575,575,33
4,16,17,18,38,39,59,98,100,139,148,150,171,172,204,206,207,226,227,228,247,248,249,250,270,271,272,293,294,305,306,315,316
535,535,45
7,16,17,18,38,39,50,52,59,61,98,100,148,149,163,173,196,199,204,205,225,226,227,228,229,248,249,269,270,271,272,273,292,293,294,295,296,304,305,306,313,315,316,317,328
36,36,44
5,16,17,33,38,40,58,59,60,61,62,80,120,121,122,141,148,150,151,172,205,206,216,226,227,228,247,248,249,250,251,270,271,272,292,293,294,295,296,304,305,315,316,318
562,562,32
17,38,39,59,61,83,132,150,184,185,207,208,219,226,227,229,248,249,251,270,271,272,273,293,294,295,296,304,305,315,316,317
152,152,48
5,6,15,16,17,37,39,40,41,43,62,67,83,91,132,143,150,165,184,185,206,217,226,227,228,229,230,244,248,249,250,270,271,272,273,292,293,294,295,296,304,305,314,315,316,317,318,327
383,383,70
1,4,5,12,17,18,25,28,31,37,39,40,57,59,62,64,66,67,74,75,90,115,124,143,144,149,150,163,171,184,185,194,196,204,205,206,208,211,216,218,226,227,228,229,230,248,249,250,251,268,270,271,272,273,274,283,291,292,293,294,295,296,304,305,313,316,317,318,320,328
481,481,68
4,6,7,17,18,20,25,29,37,39,40,41,43,48,54,55,58,61,62,69,70,81,83,97,101,106,141,143,144,149,150,158,166,185,199,206,207,208,225,226,227,228,230,232,248,249,250,251,252,255,270,271,272,273,274,282,283,291,293,294,295,296,304,305,316,317,318,328
197,197,35
7,17,19,25,28,39,49,52,59,62,67,74,79,101,128,139,150,184,226,228,230,250,251,252,271,272,273,274,294,295,296,305,316,317,318
312,312,89
4,6,16,17,18,19,28,29,30,31,38,40,41,42,45,56,60,62,63,64,72,74,75,79,80,83,84,85,86,96,97,98,107,112,118,120,123,143,150,162,163,165,185,186,188,189,199,207,209,210,211,215,219,227,228,230,231,248,249,250,251,252,253,258,269,270,271,272,273,274,275,278,279,281,291,292,294,295,296,297,305,314,316,317,318,319,320,322,328
62,62,68
4,5,6,7,16,18,19,20,28,40,41,42,45,47,50,56,57,59,62,63,64,84,85,90,107,111,134,135,139,149,150,156,159,164,165,187,188,194,206,207,208,211,227,232,248,249,253,254,259,260,271,272,273,274,275,292,295,296,297,302,304,316,317,318,319,320,327,329
432,432,79
5,10,18,19,20,22,23,27,29,30,40,41,42,45,46,51,62,63,65,73,75,79,80,84,85,89,92,93,96,99,100,101,107,112,122,135,156,161,162,166,178,185,188,194,202,205,208,209,211,231,233,234,249,250,251,252,253,254,260,271,272,273,274,275,277,279,292,294,295,296,297,311,316,317,318,319,320,329,330
215,215,83
4,5,6,7,18,19,20,28,29,30,37,38,40,41,42,46,51,57,59,62,63,65,67,69,76,77,79,80,85,86,87,90,91,96,97,111,122,129,134,139,140,149,150,156,158,162,164,166,167,178,182,186,188,202,207,224,227,232,234,235,252,253,255,256,272,273,274,275,276,283,293,294,295,296,297,298,305,306,316,317,318,319,321
103,103,36
17,19,27,41,42,63,73,75,78,85,91,101,112,113,129,135,160,179,189,208,209,231,255,256,272,273,274,275,276,305,306,316,317,318,321,330
205,205,71
1,2,5,6,18,19,20,23,29,30,42,47,64,65,66,69,90,91,93,94,109,113,114,122,129,130,135,136,143,155,156,158,159,162,177,180,182,188,189,201,208,210,213,229,231,232,233,234,235,236,246,256,271,272,274,275,276,277,279,280,293,295,296,297,299,306,317,318,320,321,330
316,316,69
18,19,20,23,25,28,29,42,48,50,62,63,64,68,69,88,90,92,94,96,100,102,108,113,114,122,126,138,140,141,143,145,148,155,160,161,164,181,184,190,191,202,208,211,213,225,231,233,234,247,252,256,257,258,273,275,276,277,279,293,295,296,297,306,307,317,318,319,329
460,460,53
5,7,29,30,42,44,49,50,64,69,70,71,80,95,103,110,118,121,136,142,143,152,155,156,158,159,160,161,163,164,167,191,203,210,211,212,213,232,238,255,257,258,272,275,276,277,279,285,297,299,306,316,317
509,509,32
19,28,47,50,53,70,75,95,123,145,152,155,157,160,161,162,167,191,193,196,212,213,232,234,256,258,275,276,278,297,306,329
190,190,81
2,3,5,6,20,29,42,44,51,53,65,66,74,76,87,88,94,96,99,108,109,110,118,121,122,123,124,131,136,138,139,141,144,147,159,160,161,165,166,167,168,169,182,184,193,202,213,214,219,229,232,233,234,238,247,250,255,257,258,262,269,276,277,279,280,284,285,286,294,296,297,298,299,300,303,304,306,318,320,322,329
213,213,71
2,10,26,28,44,50,51,53,66,69,73,87,88,92,93,96,100,106,109,115,124,131,132,137,138,141,142,143,144,153,160,161,171,184,185,193,194,212,213,218,219,227,234,237,238,239,240,252,253,256,257,277,278,280,281,297,298,299,301,303,304,305,306,307,320,321,322,323,326,329,330
405,405,60
29,30,39,44,50,66,74,87,88,92,96,109,121,131,143,153,160,161,165,174,186,187,195,196,197,198,200,205,206,207,215,219,220,231,240,241,254,255,256,257,258,261,270,275,277,278,279,280,281,282,283,298,299,301,303,304,306,320,322,330
366,366,68
28,51,53,66,75,77,87,88,110,115,119,120,124,131,140,141,143,145,153,154,160,162,164,165,168,171,184,185,196,197,205,207,214,219,226,228,233,239,242,249,255,258,260,261,262,263,264,278,279,280,281,282,283,297,299,300,301,302,303,304,305,307,308,321,322,323,324,330
366,366,68
2,3,24,29,30,66,70,71,72,75,77,88,94,95,97,124,132,137,141,150,153,154,160,161,165,175,176,180,182,183,184,185,191,192,196,205,216,217,220,236,237,238,239,240,242,254,255,256,258,261,263,264,279,280,281,282,283,285,300,301,302,303,304,308,321,322,328,330
486,486,67
3,52,59,73,74,95,96,97,125,138,141,144,145,150,154,157,160,161,162,164,165,169,171,175,176,181,183,184,186,190,197,206,207,210,217,230,234,237,239,240,242,249,251,252,256,257,259,260,261,264,277,280,281,282,283,285,300,301,302,303,304,307,308,321,322,325,330
152,152,48
75,94,118,137,140,144,145,150,160,161,162,163,168,176,182,183,184,197,200,206,208,218,220,238,239,240,258,260,261,262,263,264,280,281,282,283,284,285,299,300,301,302,303,305,306,321,322,330
392,392,59
52,72,73,74,121,138,139,141,144,160,161,162,164,180,182,184,185,190,192,197,198,206,207,218,219,228,230,238,239,240,249,258,259,260,262,263,264,277,278,279,280,281,282,283,284,285,292,299,301,302,303,305,306,307,321,322,326,327,330
350,350,65
51,94,95,97,116,117,118,119,120,138,139,140,141,143,150,160,161,162,163,171,172,180,182,183,184,185,188,198,204,206,207,209,218,219,220,230,239,240,241,249,256,258,260,261,262,263,264,279,280,281,282,283,284,285,286,302,303,305,306,307,308,322,323,327,330
500,500,62
74,75,95,96,97,118,119,140,141,142,160,161,162,164,171,183,184,185,187,188,189,198,206,209,210,219,220,229,230,239,240,241,242,250,251,259,260,261,262,263,271,278,282,283,284,285,286,303,304,305,306,307,308,322,323,324,325,326,327,328,329,330
157,157,67
53,94,95,116,117,118,135,139,140,141,145,150,160,161,162,163,170,171,182,184,185,206,207,210,211,214,220,229,231,232,240,241,242,250,251,254,261,262,263,273,278,279,281,282,283,284,285,286,294,296,300,301,302,303,304,305,307,308,322,323,324,325,326,327,328,329,330
278,278,65
95,96,98,117,118,119,138,139,140,141,142,146,161,162,163,170,172,183,184,185,193,206,207,208,210,227,228,229,230,233,241,242,250,251,252,261,262,263,271,272,279,280,283,284,285,286,295,299,300,302,303,304,305,306,307,308,320,323,324,325,326,327,328,329,330
122,122,67
1,117,118,119,120,123,139,140,141,142,143,161,162,163,164,168,171,172,184,185,186,206,207,208,209,210,228,229,230,231,232,240,241,242,250,251,254,261,262,263,264,272,274,275,280,282,283,284,285,301,302,303,304,305,306,307,308,321,322,323,324,325,326,327,328,329,330
108,108,74
52,73,76,89,95,97,115,117,118,119,120,121,139,140,141,142,143,144,163,164,165,171,177,185,186,187,206,207,208,209,210,214,227,229,232,233,241,249,250,251,252,253,260,261,262,263,264,272,273,276,278,279,281,282,284,285,286,297,300,301,302,303,304,305,306,307,308,324,325,326,327,328,329,330
108,108,73
96,116,117,118,119,137,140,141,142,143,144,163,164,165,169,171,179,181,185,186,187,203,204,205,206,207,208,209,210,217,224,228,229,230,231,232,234,236,241,249,250,251,255,262,263,264,272,273,274,275,280,281,286,295,297,301,302,303,304,305,306,307,308,315,318,323,324,325,326,327,328,329,330
186,186,72
31,99,117,118,119,120,121,140,141,142,143,144,159,163,164,165,166,171,180,185,186,187,190,192,201,206,207,208,209,210,211,221,227,228,229,230,231,233,234,237,243,244,249,250,252,253,254,262,264,271,272,273,285,286,297,301,302,303,304,305,306,307,308,315,319,324,325,326,327,328,329,330
182,182,68
74,106,118,119,121,141,142,143,144,145,162,164,165,166,167,169,171,180,181,186,187,188,191,192,197,204,206,207,208,209,210,213,215,218,226,228,229,230,231,232,234,240,249,250,251,252,253,255,274,275,282,285,287,294,303,304,305,306,307,308,315,324,325,326,327,328,329,330
95,95,70
1,98,119,140,141,142,143,144,145,159,163,164,165,166,168,170,171,186,187,188,189,204,206,207,208,209,210,215,226,227,228,229,230,231,232,233,234,237,249,250,251,252,253,256,263,271,273,275,277,284,285,286,294,300,302,303,304,305,306,307,308,309,315,317,325,326,327,328,329,330
318,318,65
122,141,142,143,144,145,164,165,166,167,168,171,186,187,188,191,192,194,206,207,208,209,210,211,212,214,215,217,221,228,229,230,231,232,233,234,235,242,251,252,253,254,255,256,272,274,275,276,277,278,283,287,288,297,303,304,306,315,324,325,326,327,328,329,330
164,164,57
1,122,135,137,143,144,160,165,166,167,169,185,187,188,189,201,205,206,207,208,209,210,212,216,228,229,230,231,232,233,235,238,249,252,253,254,256,272,275,277,279,283,294,295,297,303,305,306,307,321,323,325,326,327,328,329,330
144,144,67
97,98,122,143,160,162,164,165,166,171,185,187,188,189,190,191,193,203,205,206,207,208,209,210,211,221,226,228,229,230,231,232,233,249,250,251,252,253,254,256,257,265,272,273,274,275,276,277,278,279,285,288,295,298,303,304,305,306,307,309,316,324,325,326,327,328,330
188,188,35
21,139,165,166,184,185,186,187,188,190,191,205,207,208,209,210,221,228,229,230,231,233,234,235,243,250,251,253,255,256,271,273,274,287,303
40,40,36
88,110,131,132,153,154,175,176,196,197,198,218,219,220,239,240,241,242,261,262,263,264,283,284,285,286,304,305,306,307,308,326,327,328,329,330
278,278,75
19,20,21,41,42,43,62,63,64,65,84,85,86,87,106,107,108,109,127,128,129,130,149,150,151,152,153,170,171,172,173,192,193,194,195,196,197,213,214,215,216,217,218,235,236,237,238,239,240,256,257,258,259,260,261,262,278,279,280,281,282,283,299,300,301,302,303,304,305,321,322,323,324,325,326
477,477,110
14,15,16,17,18,35,36,37,38,39,56,57,58,59,60,61,62,78,79,80,81,82,84,100,101,102,103,104,105,122,123,124,125,126,127,128,143,144,145,146,147,149,165,166,167,168,169,170,171,182,186,187,188,189,190,191,192,193,207,208,209,210,211,212,213,214,228,229,230,231,232,233,234,235,237,249,250,251,252,253,254,255,256,257,258,271,272,273,274,275,276,277,278,293,294,295,296,297,298,299,301,314,315,316,317,318,319,320,321,322
522,522,128
9,10,11,12,13,14,24,30,31,32,33,34,35,36,37,52,53,54,55,56,57,73,74,75,76,77,78,79,94,95,96,97,98,99,100,101,102,116,117,118,119,120,121,122,123,136,137,138,139,140,141,145,157,158,159,160,161,162,163,164,167,179,180,181,182,183,184,185,200,201,202,203,204,205,206,207,208,210,221,222,223,224,225,226,227,228,229,230,231,243,244,245,246,247,248,249,250,251,252,265,266,267,268,269,270,271,272,273,274,287,288,289,290,291,292,293,294,295,296,309,310,311,312,313,314,315,316,317
444,444,117
2,3,4,5,6,7,8,9,10,11,12,13,23,24,25,26,27,28,29,30,31,32,33,34,35,45,46,47,48,49,50,51,52,54,55,56,67,68,69,70,71,72,73,78,89,90,91,92,93,94,95,111,112,113,114,115,116,117,133,134,135,136,137,138,155,156,157,158,159,160,177,178,179,180,181,182,183,199,200,201,202,203,204,205,221,222,223,224,225,226,227,243,244,245,246,247,248,249,265,266,267,268,269,270,287,288,289,290,291,292,293,309,310,311,312,313,314
427,427,100
1,2,3,4,5,6,8,23,24,25,26,27,28,29,31,45,46,47,48,49,50,51,52,53,67,68,69,70,71,72,73,74,75,89,90,91,92,93,94,95,96,97,111,112,113,114,115,116,117,118,133,134,135,136,137,138,139,140,155,156,157,158,159,160,161,177,178,179,180,181,182,199,200,201,202,203,221,222,223,224,225,226,243,244,245,246,247,265,266,267,268,269,287,289,290,291,309,310,311,312
452,452,96
1,2,3,4,5,6,7,8,10,11,12,23,24,25,26,27,28,29,30,31,45,46,47,48,49,50,51,52,53,67,68,69,70,71,72,73,74,89,90,91,92,93,94,95,96,111,112,113,114,115,116,117,118,133,134,135,136,137,138,155,156,157,158,159,160,177,178,179,180,181,199,200,201,202,203,221,222,223,224,225,243,244,245,246,265,266,267,268,269,287,288,289,290,309,310,311
509,509,85
1,2,3,4,5,6,7,8,9,10,23,24,25,26,27,28,29,45,46,47,48,49,50,51,67,68,69,70,71,72,73,74,81,89,90,91,92,93,94,95,111,112,113,114,118,125,133,134,135,136,138,155,156,157,158,159,160,177,178,179,180,181,182,199,200,201,202,203,221,222,223,224,243,244,245,246,247,265,266,267,287,288,289,309,310
403,403,68
1,2,3,4,6,23,24,25,26,27,28,30,35,45,46,47,48,49,50,52,57,58,67,68,69,70,71,72,81,89,90,91,92,103,111,112,113,114,124,125,133,134,135,155,156,157,159,160,177,178,179,180,181,199,200,221,222,223,224,243,244,265,266,267,287,288,309,310
390,390,52
1,2,3,4,9,10,11,12,23,24,25,34,35,45,46,48,56,57,58,68,69,78,79,80,81,89,90,91,102,103,111,112,124,125,134,135,146,155,156,157,177,178,199,200,243,265,266,287,288,289,309,310
311,311,37
1,2,3,10,11,12,23,24,25,33,34,35,45,46,56,57,58,67,68,79,80,81,101,102,103,111,112,113,123,124,125,134,146,199,200,287,309
290,290,23
10,11,12,33,34,35,56,57,58,79,80,81,101,102,103,123,124,145,180,187,199,200,201
105,105,14
11,12,34,35,57,58,79,80,81,102,103,123,124,182
518,518,5
12,34,35,80,103
556,556,27
6,7,8,12,13,14,15,27,28,29,30,31,32,36,37,52,53,54,55,59,60,77,146,167,168,188,268
555,555,2
16,39
210,210,3
45,150,188
150,150,1
9
511,511,1
45
200,200,11
8,18,19,20,21,22,41,42,44,57,66
238,238,29
18,19,20,21,22,40,41,42,43,44,63,64,65,66,85,87,88,108,109,110,130,131,132,153,154,176,197,198,220
51,51,54
14,15,16,17,18,19,20,21,22,36,37,38,39,40,41,42,43,44,59,60,61,62,63,64,65,66,82,83,85,86,87,88,107,108,109,110,129,130,131,132,151,152,153,154,173,174,175,176,196,197,198,219,220,242
290,290,80
11,12,13,14,15,16,17,18,19,20,21,22,34,35,36,37,38,39,40,41,42,43,44,57,58,59,60,61,62,63,64,65,66,79,80,81,82,83,84,85,86,87,88,102,104,105,106,107,108,109,110,126,127,128,129,130,131,132,148,151,152,153,154,172,173,174,175,176,194,196,197,198,217,218,219,220,241,242,264,286
347,347,94
10,11,13,14,15,16,17,18,19,20,21,22,33,37,38,39,40,41,42,43,44,56,57,60,61,62,63,64,65,66,79,80,81,82,83,84,85,86,87,88,103,104,105,106,107,108,109,110,124,125,126,127,128,129,130,131,132,148,149,150,151,152,153,154,170,171,172,173,174,175,176,192,193,194,195,196,197,198,216,217,218,219,220,239,240,241,242,262,263,264,285,286,308,330
80,80,106
10,11,12,13,14,15,16,17,18,19,20,21,22,32,33,34,35,36,37,38,39,40,41,42,43,44,54,55,56,57,58,59,60,61,62,63,64,65,66,78,79,80,81,82,83,84,85,86,87,88,100,101,102,103,104,105,106,107,108,109,110,124,125,126,127,128,129,130,131,132,146,147,148,149,150,151,152,153,154,171,172,173,174,175,176,193,194,195,196,197,198,216,217,218,219,220,239,240,241,242,262,263,264,286,308,330
307,307,119
8,10,11,13,30,31,32,33,34,35,53,54,55,56,57,58,59,60,61,75,76,77,78,79,80,81,82,83,84,85,98,99,100,101,102,103,104,105,106,107,108,120,121,122,123,124,125,126,127,128,129,130,131,143,144,145,146,147,148,149,150,151,152,153,154,167,168,169,170,171,172,173,174,175,176,191,192,193,194,195,196,197,198,213,214,215,216,217,218,219,220,236,237,238,239,240,241,242,258,260,261,262,263,264,282,283,284,285,286,304,305,306,307,308,309,327,328,329,330
252,252,121
26,27,28,48,49,50,51,52,53,70,71,72,73,74,75,76,91,92,93,95,96,97,98,99,114,116,117,118,119,120,121,122,123,124,140,141,142,143,144,145,146,161,162,163,164,165,166,167,168,169,182,183,184,185,186,187,188,189,190,191,192,193,205,207,208,209,210,211,212,213,214,215,216,217,232,233,234,235,236,237,238,239,240,256,257,258,259,260,261,262,263,277,278,279,280,281,282,283,284,285,286,299,300,301,302,303,304,305,306,307,308,321,322,323,324,325,326,327,328,329,330
312,312,101
23,45,67,68,69,85,89,90,91,92,93,111,112,113,114,115,116,133,134,135,136,137,138,155,156,157,158,159,160,161,162,177,178,179,180,181,182,183,184,185,186,199,200,201,202,203,204,205,206,207,208,209,222,223,224,225,226,227,228,229,230,243,244,245,246,247,248,249,250,251,252,253,254,268,269,271,272,273,274,275,276,293,294,295,296,297,298,300,301,314,315,316,317,318,319,320,321,322,323,324,325
300,300,68
67,89,90,111,112,113,133,134,135,136,155,156,157,158,177,178,179,180,181,199,200,201,202,203,204,221,222,223,224,225,226,243,244,245,246,247,248,249,250,265,266,267,268,269,270,271,272,287,288,289,290,291,292,293,294,295,296,309,310,311,312,313,314,315,316,317,318,319
148,148,42
133,134,155,156,157,177,178,179,199,200,201,202,221,222,223,224,225,243,244,245,246,247,248,265,266,267,268,269,270,287,288,289,290,291,292,309,310,311,312,313,314,315
186,186,12
177,199,243,244,265,266,287,288,289,309,310,311
109,109,10
24,25,45,46,47,150,174,195,263,264
253,253,34
1,2,3,4,23,24,25,27,45,46,47,67,68,69,70,89,90,91,111,114,115,142,150,159,197,200,211,213,214,220,242,264,271,286
190,190,30
1,3,4,23,24,25,26,45,46,47,48,67,68,69,70,71,89,90,93,111,115,150,159,162,200,202,221,241,251,271
406,406,44
1,3,4,23,24,25,26,45,46,47,48,67,68,69,70,89,90,91,92,93,111,114,115,133,150,158,159,174,175,181,199,200,201,202,213,215,221,222,228,241,249,251,274,275
362,362,51
2,3,4,5,6,23,25,26,45,46,47,48,49,67,68,69,70,71,89,90,91,92,93,111,114,115,120,133,134,135,150,158,175,183,193,200,201,214,215,219,222,234,240,241,249,251,264,273,285,289,311
479,479,53
3,4,5,23,25,26,45,46,47,48,49,67,68,69,70,71,89,90,91,93,94,111,114,115,116,133,150,158,159,174,176,183,194,198,200,201,212,216,220,221,222,229,240,241,242,263,273,275,277,286,312,321,330
374,374,77
1,3,4,5,6,7,23,24,25,26,27,45,46,47,48,49,67,68,69,70,71,73,89,90,91,93,94,111,112,114,115,116,133,134,135,150,183,193,194,195,198,200,201,202,207,211,215,216,218,219,220,221,222,223,229,233,236,241,242,251,254,262,263,264,272,275,277,279,284,285,293,298,302,308,312,324,329
327,327,37
5,23,25,26,27,45,46,47,48,49,67,68,69,70,71,89,90,91,92,111,112,114,115,116,133,135,150,194,200,220,221,222,263,290,312,324,327
222,222,81
1,5,6,7,23,25,26,27,28,45,46,47,48,49,50,67,68,69,70,71,72,89,90,91,92,93,94,111,112,113,114,115,116,133,135,136,139,150,162,173,178,200,201,208,211,213,214,215,218,219,221,222,229,230,234,235,236,241,252,257,262,263,264,269,275,284,285,286,290,291,298,301,313,322,324,325,326,327,328,329,330
241,241,73
1,5,6,23,25,26,27,28,45,46,47,48,49,67,68,69,70,71,72,89,90,91,92,93,94,111,112,113,114,115,116,133,134,135,150,155,158,174,178,184,194,200,201,206,209,216,219,221,222,223,230,231,235,236,241,242,248,262,263,264,269,276,284,291,301,304,324,325,326,327,328,329,330
455,455,96
1,5,6,7,8,23,25,26,27,28,45,46,47,48,49,50,67,68,69,70,71,72,89,90,91,92,93,94,111,112,113,114,115,116,119,133,134,135,136,137,138,140,150,155,157,158,161,162,174,177,178,180,181,183,184,185,195,196,199,200,201,202,203,204,205,206,207,212,215,216,219,220,221,222,223,224,226,230,235,242,243,246,251,259,263,264,275,291,292,295,301,313,320,321,324,327
49,49,60
5,6,7,8,23,24,27,28,45,46,47,48,49,50,51,67,68,69,70,71,72,73,90,91,92,94,95,111,112,113,114,115,116,133,134,135,138,155,157,159,161,178,183,184,185,200,202,203,204,221,222,223,224,225,231,243,254,275,292,314
460,460,91
1,4,5,6,7,8,9,23,24,26,27,28,29,45,46,47,48,49,50,51,67,68,69,70,71,72,73,89,90,91,92,93,95,111,112,113,114,115,116,118,133,134,135,137,138,155,157,158,159,160,161,163,177,178,179,180,183,184,185,196,200,201,202,203,204,205,212,215,216,221,222,223,224,225,226,229,231,234,243,254,266,267,275,276,288,301,303,315,324,327,330
298,298,96
1,2,5,6,7,8,9,23,24,26,27,28,29,30,31,45,46,47,48,49,50,51,67,68,69,70,71,72,73,90,91,92,93,94,95,111,112,113,114,115,116,117,118,133,134,135,136,137,138,143,155,156,157,160,161,170,175,177,178,179,183,184,185,195,199,200,201,202,203,204,205,216,217,220,221,222,223,224,229,231,234,236,243,244,257,266,275,281,288,293,301,303,307,315,323,328
529,529,55
1,2,3,6,7,8,9,23,24,27,28,45,46,47,48,51,67,68,69,70,71,72,73,88,90,91,92,94,111,112,113,116,133,134,138,155,156,177,178,179,183,200,203,204,209,210,215,217,221,222,223,224,327,329,330
160,160,81
1,2,3,6,7,8,9,23,24,25,26,28,30,45,46,47,48,49,50,51,67,68,69,71,72,73,89,90,91,92,93,94,95,111,112,113,114,116,117,118,133,134,135,136,137,138,155,156,170,177,178,179,183,184,195,196,200,202,204,205,209,215,219,221,222,223,224,225,234,243,244,286,288,289,296,299,307,308,324,328,330
311,311,86
1,2,3,5,7,8,9,23,24,25,26,28,29,30,31,45,46,47,48,50,51,67,68,69,70,71,72,73,89,90,91,92,93,94,95,111,112,113,114,115,116,117,118,133,134,135,136,137,138,155,156,157,159,176,177,178,179,183,184,185,197,200,201,203,204,205,209,210,216,217,218,221,222,223,224,225,237,243,294,300,301,302,305,308,328,330
424,424,91
1,2,3,7,8,9,23,24,25,28,29,30,31,45,46,47,48,50,51,54,67,68,69,70,71,72,73,89,90,91,92,94,95,111,112,113,114,115,116,118,123,133,134,135,136,139,155,156,157,158,161,177,184,196,197,198,200,201,202,203,204,205,208,210,215,216,217,218,222,223,224,229,231,232,233,236,239,243,272,286,294,296,300,302,306,307,308,327,328,329,330
459,459,49
1,2,3,7,9,10,23,24,25,45,46,47,48,51,52,67,68,69,70,71,73,89,90,91,92,95,111,112,113,114,115,118,133,134,135,136,155,156,177,178,184,205,210,223,224,243,272,286,297
132,132,43
1,2,7,8,23,24,25,45,46,47,48,50,51,67,68,70,71,73,89,90,91,92,93,111,112,113,114,116,133,134,135,155,156,157,163,177,184,204,205,222,223,224,243
193,193,42
1,2,23,24,25,26,45,46,47,48,52,67,68,69,70,73,89,90,91,92,111,112,113,114,116,133,134,135,155,156,157,177,178,184,199,205,223,224,225,234,243,274
126,126,80
1,2,3,5,7,9,10,23,24,25,26,27,31,45,46,47,48,49,50,51,67,68,69,70,71,72,89,90,91,92,95,111,112,113,114,115,116,133,134,135,136,137,142,155,156,157,158,159,163,171,172,177,178,179,180,183,184,187,199,201,203,204,205,206,207,210,211,212,221,222,223,224,225,226,227,243,244,246,275,281
273,273,57
2,3,4,5,9,10,23,24,25,26,27,28,45,46,47,48,49,51,67,68,69,70,71,89,90,91,92,93,111,112,113,114,116,132,133,134,135,136,137,155,156,157,158,177,178,183,184,199,205,211,222,224,225,227,243,244,274
138,138,43
1,2,3,5,9,10,20,23,24,26,27,45,46,47,48,49,67,68,69,70,71,89,90,91,92,93,111,112,113,114,133,134,135,155,156,157,177,178,184,199,205,224,244
102,102,78
2,3,4,5,7,8,9,10,11,23,24,25,26,27,28,31,45,46,47,48,49,50,51,54,67,68,69,70,71,89,90,91,92,93,94,111,112,113,114,115,116,133,134,135,136,137,139,155,156,157,158,173,177,178,179,184,196,199,203,204,205,211,214,217,219,221,223,224,225,243,244,245,253,274,275,278,305,329
202,202,86
2,3,4,5,6,7,8,9,10,11,23,24,25,26,27,28,30,32,45,46,47,48,49,50,51,54,67,68,69,70,71,72,74,89,90,91,92,93,94,95,111,112,113,114,115,116,133,134,135,136,155,156,157,158,165,172,177,178,179,180,184,197,199,202,203,205,211,219,221,223,224,225,226,243,244,245,253,274,275,276,277,278,279,281,308,309
173,173,89
2,3,4,5,6,7,8,9,10,21,24,25,26,27,28,29,31,32,33,45,46,47,48,49,50,51,54,67,68,69,70,71,72,89,90,91,92,93,94,95,111,112,113,114,115,116,121,133,134,135,136,137,155,156,157,158,159,160,177,178,179,184,196,197,199,205,210,211,218,221,223,224,225,226,230,243,244,245,246,252,253,265,275,276,277,278,281,282,308
418,418,59
3,4,5,6,9,10,11,24,25,26,27,28,30,45,46,47,48,49,50,67,68,69,70,71,72,88,89,90,91,92,93,94,111,112,113,114,115,116,133,134,135,136,155,156,157,177,178,179,199,200,211,221,224,225,244,245,252,253,281
491,491,86
3,4,5,7,8,9,10,11,24,25,26,27,28,30,32,45,46,47,48,49,50,52,67,68,69,70,71,72,74,89,90,91,92,93,94,95,111,112,113,114,115,116,133,134,135,136,137,138,155,156,157,158,159,165,177,178,179,180,184,185,186,187,199,200,205,206,207,208,211,219,221,224,226,227,228,244,245,253,255,265,275,276,281,308,309,324
241,241,92
3,4,5,6,8,9,10,11,12,24,25,26,27,28,30,31,32,33,36,44,46,47,48,49,50,52,53,54,67,68,69,70,71,72,73,89,90,91,92,93,94,100,111,112,113,114,115,118,133,134,135,136,137,145,155,156,157,158,177,178,179,180,199,200,201,205,206,207,208,219,221,224,225,226,227,230,244,245,246,249,254,255,256,265,273,282,283,287,288,293,294,295
481,481,83
3,4,5,6,10,11,25,26,27,28,29,30,32,33,36,45,46,47,49,50,51,52,54,55,67,68,69,70,71,72,73,76,89,90,91,92,93,94,111,112,113,114,115,132,133,134,135,136,137,142,146,155,156,157,158,159,165,177,178,179,180,187,199,200,201,205,206,208,213,219,221,224,225,229,245,246,254,256,265,266,280,281,309
343,343,104
3,4,5,6,7,8,10,23,25,26,27,28,29,30,31,33,45,46,47,48,49,50,51,52,53,54,55,67,68,69,70,71,72,73,74,77,89,90,91,92,93,94,95,111,112,113,114,115,116,117,121,124,133,134,135,136,137,155,156,157,158,159,165,171,177,178,179,180,181,187,199,200,201,205,206,207,208,213,214,216,219,221,224,225,226,227,228,232,245,246,254,255,256,265,266,275,284,288,293,294,295,296,308,310
484,484,96
3,4,5,6,7,8,9,10,11,12,25,26,27,28,29,31,32,33,46,47,48,49,50,51,53,54,55,67,68,69,70,71,72,73,74,89,90,91,92,93,94,95,111,112,113,114,115,116,122,133,134,135,136,137,138,155,156,157,158,177,178,179,180,184,199,200,201,205,206,207,208,211,213,217,221,222,224,225,226,227,232,233,236,245,246,247,255,256,257,265,266,283,284,287,296,327
152,152,103
1,4,5,6,7,8,10,11,23,25,26,27,28,29,30,31,32,33,34,45,46,47,48,49,50,51,52,53,56,67,68,69,70,71,72,73,74,89,90,91,92,93,94,95,100,111,112,113,114,115,116,117,132,133,134,135,136,137,138,155,156,157,158,159,177,178,179,180,181,193,198,199,200,201,205,206,207,208,213,214,216,221,222,224,227,232,233,243,245,248,255,256,257,265,266,267,275,280,284,285,287,296,327
105,105,107
4,5,6,7,8,9,10,11,12,25,26,27,28,29,30,31,32,33,34,36,46,47,48,49,50,51,52,53,56,67,68,69,70,71,72,73,74,76,78,89,90,91,92,93,94,95,97,111,112,113,114,115,116,117,124,133,134,135,136,137,138,155,156,157,158,159,160,177,178,179,180,193,197,198,199,200,201,202,206,207,208,211,213,216,221,222,224,227,232,233,243,245,246,248,254,255,256,257,258,259,265,266,276,283,286,287,296
277,277,76
4,6,7,11,12,26,28,29,30,31,33,34,43,47,49,50,51,52,53,67,68,69,70,71,72,73,74,78,89,90,91,92,93,94,95,111,112,113,114,115,116,117,133,134,135,136,137,138,155,156,157,158,159,177,178,179,180,199,200,201,206,207,208,213,214,216,221,222,232,233,243,255,256,259,287,296
343,343,81
4,5,6,7,8,9,10,11,12,24,26,27,28,29,30,32,34,47,48,49,50,51,52,53,55,56,67,68,69,70,71,72,73,74,89,90,91,92,93,94,95,96,112,113,114,115,116,117,122,133,134,135,136,137,138,155,156,157,158,159,177,178,179,180,181,199,200,201,202,206,207,213,216,221,222,227,233,235,243,260,287
61,61,108
4,5,6,7,8,9,11,12,23,24,26,27,28,29,30,31,32,34,46,47,48,49,50,51,52,53,56,67,68,69,70,71,72,73,74,78,89,90,91,92,93,94,95,96,112,113,114,115,116,117,122,124,133,134,135,136,137,138,155,156,157,158,159,168,177,178,179,180,181,188,199,200,201,202,206,207,208,210,216,221,222,223,224,225,226,227,229,232,233,234,235,236,243,247,248,255,258,259,260,261,265,266,267,287,288,290,294,297
509,509,85
4,5,6,7,8,12,13,17,26,27,28,29,30,34,35,47,48,49,50,51,52,67,68,69,70,71,72,73,74,78,89,90,91,92,93,94,95,96,97,113,114,115,116,117,134,135,136,137,138,155,156,157,158,159,160,167,177,178,179,180,181,189,199,200,201,202,207,208,209,221,222,223,225,243,244,247,256,261,265,266,267,287,288,315,322
311,311,106
3,5,8,9,10,11,12,13,26,27,29,30,31,32,34,35,47,48,49,50,51,52,53,54,56,57,67,68,69,70,71,72,73,74,75,78,89,90,91,92,93,94,95,96,98,112,113,114,115,116,117,133,134,135,136,137,138,155,156,157,158,159,160,168,177,178,179,180,181,188,199,200,201,202,206,207,208,209,221,222,223,227,228,243,244,245,247,248,257,260,263,265,266,267,278,287,288,289,293,298,302,309,313,319,320,322
314,314,90
4,5,8,9,11,25,26,27,28,30,31,32,35,47,48,49,50,51,52,53,54,67,68,69,70,71,72,73,74,75,89,91,92,93,94,95,96,103,112,113,114,115,116,117,118,124,133,134,135,136,137,138,139,155,156,157,158,159,160,177,178,179,180,181,199,200,201,202,206,207,221,222,223,226,227,243,244,247,248,256,265,266,267,287,288,303,309,319,320,321
467,467,24
66,88,110,132,176,197,198,219,220,241,242,262,263,264,284,285,286,306,307,308,327,328,329,330
126,126,71
18,19,20,21,22,40,41,42,43,44,62,63,64,65,66,83,84,85,86,87,105,106,107,108,109,110,127,128,129,130,131,148,149,150,151,152,164,171,172,173,174,193,194,195,196,215,216,217,218,236,237,238,257,258,259,260,261,280,281,282,283,301,302,303,304,305,322,323,324,325,327
387,387,104
13,14,15,16,17,18,19,35,36,37,38,39,40,56,57,58,59,60,61,78,79,80,81,82,83,99,100,101,102,103,104,105,120,121,122,123,124,125,126,127,128,142,143,144,145,146,147,148,163,164,165,166,167,168,169,185,186,187,188,189,190,206,207,208,209,210,211,228,229,230,231,232,233,249,250,251,252,253,254,255,270,271,272,273,274,275,276,277,292,293,294,295,296,297,298,299,313,314,315,316,317,318,319,320
514,514,124
10,11,12,13,30,31,32,33,34,35,51,52,53,54,55,56,57,72,73,74,75,76,77,78,79,80,94,95,96,97,98,99,100,115,116,117,118,119,120,121,122,123,137,138,139,140,141,142,143,145,158,159,160,161,162,163,164,165,179,180,181,182,183,184,185,186,187,200,201,202,203,204,205,206,207,208,209,222,223,224,225,226,227,228,229,230,243,244,245,246,247,248,249,250,251,252,265,266,267,268,269,270,271,272,273,274,287,288,289,290,291,292,293,294,295,309,310,311,312,313,314,315,316,317
236,236,117
3,4,5,6,7,9,10,24,25,26,27,28,29,30,45,46,47,48,49,50,51,67,68,69,70,71,72,73,74,76,77,89,90,91,92,93,94,95,97,111,112,113,114,115,116,118,119,120,133,134,135,136,137,138,139,140,141,142,155,156,157,158,159,160,161,162,163,177,178,179,180,181,182,183,184,185,199,200,201,202,203,204,205,206,221,222,223,224,225,226,227,243,244,245,246,247,248,249,265,266,267,268,269,270,271,287,288,289,290,291,292,293,309,310,311,312,313
384,384,104
1,2,3,4,5,6,7,8,9,10,11,23,24,25,26,27,28,29,30,31,32,33,45,46,47,48,49,50,51,52,53,54,55,67,68,69,70,74,75,76,77,89,90,91,92,96,97,98,99,111,112,113,118,119,120,121,133,134,135,136,140,141,155,156,157,158,162,163,177,178,179,180,184,185,199,200,201,203,206,207,219,221,222,223,226,243,244,246,247,250,265,266,269,270,287,289,291,292,293,309,310,312,313,314
395,395,97
1,2,3,4,5,6,7,8,11,23,24,25,26,27,28,29,30,45,46,47,48,49,51,54,67,68,69,70,71,72,73,74,75,89,90,91,92,94,95,96,111,112,113,114,115,117,118,119,133,134,135,136,137,139,140,155,156,157,158,159,160,161,177,178,179,180,181,182,183,184,199,200,201,202,203,204,205,222,223,224,225,226,241,243,244,245,246,266,270,287,288,289,290,291,309,310,311
447,447,79
1,2,3,4,5,6,7,8,23,24,25,26,27,28,45,46,47,48,49,50,51,67,68,69,70,71,72,74,89,90,91,92,111,112,113,114,115,133,134,135,136,138,139,140,155,156,157,160,161,162,177,178,180,181,183,184,199,200,203,204,222,224,225,227,243,246,247,265,267,269,287,288,289,290,291,309,310,311,312
309,309,55
1,2,3,4,5,6,7,23,24,25,26,27,29,45,46,47,48,49,50,67,68,69,70,71,74,89,90,91,92,96,111,112,113,118,133,134,140,155,156,161,162,177,183,205,225,227,247,248,268,269,289,290,291,311,312
221,221,35
1,2,3,4,23,24,25,45,46,67,68,72,73,74,89,90,96,111,118,133,139,140,161,182,183,203,204,205,225,226,248,268,269,290,311
381,381,18
1,3,23,46,67,68,74,89,111,133,139,155,161,204,226,268,290,311
335,335,6
32,33,53,75,99,150
454,454,11
3,10,32,33,53,54,55,75,97,150,229
153,153,29
9,10,11,12,14,30,31,32,33,53,54,55,56,75,78,94,97,98,99,100,119,142,150,163,188,209,222,229,250
118,118,37
25,45,47,48,66,67,68,69,74,75,87,88,90,96,97,98,109,110,119,120,130,131,132,140,183,193,215,236,264,280,301,302,303,304,307,324,325
158,158,29
6,7,8,9,10,11,12,13,29,30,31,32,33,52,53,54,55,57,74,75,76,78,95,96,97,100,142,149,276
186,186,40
6,7,8,9,10,11,12,14,29,31,32,33,34,36,51,53,54,55,58,74,75,76,78,95,97,100,101,116,117,118,122,128,139,141,142,149,161,190,209,262
391,391,42
6,7,8,9,10,11,12,15,28,31,32,33,51,52,53,54,55,73,74,75,76,79,95,97,99,100,116,117,118,120,121,122,138,139,142,149,163,189,211,228,269,270
100,100,35
7,9,10,11,12,28,31,32,33,34,52,53,54,55,76,77,95,97,98,119,120,121,122,139,140,143,149,163,176,211,246,247,268,289,311
11,11,8
10,32,54,55,77,140,142,268
14,14,26
18,19,20,21,22,40,41,42,43,44,62,63,64,65,66,86,87,88,107,108,109,110,129,130,131,151
91,91,55
14,15,16,17,18,19,20,21,22,38,39,40,41,42,43,44,45,59,60,61,62,63,64,65,66,83,84,85,86,87,88,105,106,107,108,109,110,128,129,130,131,132,151,152,153,154,171,172,174,176,193,196,197,215,280
317,317,79
11,12,13,14,15,16,17,18,19,20,21,22,33,34,35,36,37,38,39,40,41,42,43,44,56,57,58,59,60,61,62,63,64,65,66,79,81,82,83,84,85,86,87,88,103,104,105,106,107,108,109,110,125,128,129,130,131,132,149,150,151,152,153,154,171,172,173,174,175,176,193,196,197,198,219,220,242,264,280
331,331,91
11,12,13,14,15,16,17,18,19,20,21,22,33,34,35,36,37,38,39,40,41,42,43,44,55,56,57,58,59,60,61,62,63,64,65,66,78,79,80,81,82,83,84,85,86,87,88,100,101,102,103,104,105,106,107,108,109,110,123,124,125,126,127,128,130,131,132,145,147,148,149,150,151,153,154,170,171,173,175,176,197,198,216,220,242,260,264,282,286,308,330
355,355,106
10,11,12,14,15,16,17,18,19,20,21,22,32,33,34,35,36,37,38,39,40,41,42,43,44,55,57,58,59,60,61,62,63,64,65,66,79,80,81,82,83,84,85,86,87,88,103,104,105,106,107,108,109,110,124,125,126,127,128,129,130,131,132,146,147,148,149,150,151,152,153,154,170,171,172,173,174,175,176,192,193,194,195,196,197,198,214,215,216,217,218,219,220,238,239,240,241,242,260,261,263,264,285,286,308,309
295,295,118
7,10,11,29,32,33,34,35,51,55,56,57,58,59,75,78,79,80,81,82,83,84,100,101,102,103,104,105,106,107,108,122,123,124,125,126,127,128,129,130,143,144,146,147,148,149,150,151,152,153,154,168,169,170,171,172,173,174,175,176,189,190,191,192,193,194,195,196,197,198,211,212,213,214,215,216,217,218,219,220,234,235,236,237,238,239,240,241,242,257,258,259,260,261,262,263,264,279,280,281,282,283,284,285,286,302,303,304,305,306,307,308,325,326,327,328,329,330
111,111,117
4,5,23,26,27,28,29,49,50,51,71,72,73,75,94,95,96,115,116,117,118,121,138,139,142,143,144,161,163,164,165,166,167,168,169,170,186,187,188,189,190,191,192,193,206,208,209,210,211,212,213,214,215,216,217,230,231,232,233,234,235,236,237,238,239,240,252,253,254,255,256,257,258,259,260,261,262,263,274,275,276,277,278,279,280,281,282,283,284,285,286,296,297,298,299,300,301,302,303,304,305,306,307,308,318,319,320,321,322,323,324,325,326,327,328,329,330
313,313,96
23,45,46,67,68,69,89,91,92,111,112,113,114,115,134,135,136,137,138,157,158,159,160,161,179,180,181,182,183,184,201,202,203,204,205,206,207,222,223,224,225,226,227,228,229,230,231,232,246,247,248,249,250,251,252,253,254,255,268,269,270,271,272,273,274,275,276,277,278,290,291,292,293,294,295,296,297,298,299,300,302,311,312,313,314,315,316,317,318,319,320,321,322,323,324,325
491,491,62
111,112,133,155,156,157,177,178,179,180,187,199,200,201,202,203,221,222,223,224,225,226,227,243,244,245,246,247,248,249,250,265,266,267,268,269,270,271,272,273,274,287,288,289,290,291,292,293,294,295,296,309,310,311,312,313,314,315,316,317,318,319
342,342,31
133,155,177,199,200,201,202,221,222,223,243,244,245,246,265,266,267,268,269,287,288,289,290,291,292,309,310,311,312,313,314
566,566,7
14,15,16,17,81,149,150
102,102,27
14,15,16,17,18,19,36,37,38,40,55,59,60,61,81,83,100,121,122,144,149,150,164,174,191,196,230
449,449,43
13,14,15,16,18,19,34,35,36,37,38,39,40,41,56,57,58,59,60,62,78,80,81,82,83,89,99,100,102,104,122,124,131,143,144,147,149,150,168,171,211,264,285
98,98,39
12,13,14,15,16,18,19,35,36,38,41,55,57,58,59,60,62,80,82,83,84,88,102,103,104,121,122,123,146,147,149,150,165,168,169,186,190,212,234
413,413,56
13,14,15,16,17,18,20,35,36,37,38,40,41,42,56,57,58,59,60,61,62,63,78,79,80,81,82,83,84,85,99,100,101,102,103,104,105,121,122,123,125,126,144,146,147,149,150,154,191,212,220,236,242,264,273,278
352,352,53
13,14,15,16,17,20,34,36,37,38,41,42,43,56,57,58,59,60,61,62,63,79,80,81,82,83,84,100,101,102,103,104,105,122,123,124,125,131,144,145,147,149,150,168,169,188,190,210,212,213,239,278,281
381,381,54
13,14,15,16,17,36,37,38,39,56,57,58,59,60,61,62,67,78,79,80,81,82,84,100,101,102,103,104,105,122,124,125,126,144,147,149,150,167,168,169,189,190,191,210,213,234,235,241,242,274,281,282,319,324
496,496,70
14,15,16,18,20,21,35,36,37,38,39,41,42,43,57,58,59,60,61,62,63,78,79,80,81,82,83,84,85,101,102,103,104,105,106,118,123,124,145,146,147,149,150,167,168,169,176,189,190,191,197,211,213,214,233,235,237,240,241,254,257,262,264,281,283,284,315,321,325,326
348,348,53
14,15,16,18,20,21,35,36,37,38,41,42,57,58,59,61,62,63,79,80,81,82,83,84,85,101,102,103,104,105,106,107,124,126,133,145,147,149,150,168,169,190,191,211,212,219,220,233,242,262,263,299,325
190,190,53
16,20,36,37,38,40,41,42,57,58,59,60,61,62,63,79,80,81,82,83,102,103,104,125,127,147,149,150,169,174,176,191,211,213,218,219,220,233,235,242,251,255,258,261,262,263,277,281,284,285,295,298,299
349,349,69
14,16,17,20,21,36,37,38,41,42,58,59,60,61,62,63,64,80,81,82,83,84,85,102,103,104,106,107,123,125,128,147,149,150,156,168,169,176,189,191,192,197,198,211,212,213,219,220,233,240,242,255,258,262,263,264,273,274,277,281,283,284,295,299,300,316,321,325,326
283,283,57
15,16,17,18,20,21,22,37,38,39,41,42,43,58,59,61,62,63,64,80,83,84,85,86,103,106,107,124,127,128,149,150,174,176,197,198,219,234,241,252,263,274,275,276,278,281,284,285,291,295,296,316,320,321,322,326,328
46,46,54
14,15,16,17,18,20,22,37,38,41,42,43,44,59,62,63,64,81,84,85,127,128,146,149,150,171,176,196,212,219,220,234,241,242,252,261,263,264,274,277,278,283,284,285,288,291,295,296,297,305,317,318,321,327
232,232,44
15,16,17,18,20,21,22,37,38,41,42,43,59,60,62,64,85,86,103,107,128,149,150,171,174,176,190,219,220,234,241,242,262,263,264,277,278,284,295,296,297,317,328,330
399,399,67
15,16,17,18,19,20,21,22,37,38,39,41,42,43,59,60,62,63,64,65,81,85,86,107,108,127,128,129,132,147,148,149,150,154,171,176,191,213,219,220,240,241,242,253,255,257,262,263,264,275,277,279,285,286,296,297,299,300,305,307,308,316,317,320,326,328,329
314,314,54
16,20,21,22,37,38,39,41,42,43,59,60,63,64,65,82,85,86,108,128,129,130,148,149,171,176,199,213,220,241,242,254,257,262,263,264,275,276,278,279,286,295,297,301,304,308,316,318,320,322,323,326,328,329
390,390,64
15,16,17,19,20,21,22,37,38,39,41,42,43,44,60,63,64,65,84,85,86,87,103,107,108,109,127,128,129,130,148,149,169,170,197,199,216,234,236,241,242,254,258,262,263,264,276,277,279,280,281,285,286,291,292,297,298,300,301,308,318,320,323,328
488,488,59
15,16,20,21,22,39,41,42,43,44,60,62,63,64,65,82,85,86,87,108,109,127,128,130,148,149,153,170,173,192,199,219,220,236,240,241,242,255,260,262,263,264,276,280,285,286,297,298,300,301,303,306,308,319,320,321,323,324,328
335,335,56
15,16,17,19,20,21,22,38,39,41,42,43,44,60,63,64,65,66,85,86,87,108,109,110,127,130,148,149,170,172,192,198,199,239,240,241,242,255,257,259,260,263,264,281,284,285,286,293,298,300,301,303,306,308,323,324
92,92,35
20,21,22,38,39,41,42,43,44,61,64,65,66,86,87,88,108,109,110,131,149,199,215,219,237,241,242,264,277,278,281,298,305,322,330
327,327,51
20,21,22,41,43,44,65,66,86,87,88,108,109,110,127,130,131,132,149,152,154,174,176,193,196,200,215,219,220,238,241,242,259,260,261,264,265,266,267,280,281,286,297,299,303,320,321,322,324,325,329
55,55,29
64,87,108,109,131,132,153,154,193,200,219,220,241,242,263,264,265,278,281,282,285,286,300,302,322,323,324,325,330
493,493,28
41,43,44,66,87,88,91,110,131,132,149,154,220,238,241,257,260,264,280,282,283,284,299,300,302,322,323,329
213,213,28
21,22,66,88,109,110,132,149,154,172,197,198,201,220,235,257,265,266,281,300,301,302,304,305,322,323,324,327
484,484,29
21,44,66,88,110,128,132,149,151,153,154,194,216,217,220,235,261,265,266,279,301,304,305,313,314,322,323,324,326
484,484,27
22,44,65,66,87,88,110,128,132,149,151,154,172,173,220,261,265,284,286,301,303,305,307,314,320,322,324
574,574,24
21,22,44,66,73,87,88,109,110,132,149,150,151,195,196,198,220,261,265,266,284,285,322,323
560,560,24
22,42,43,44,66,88,110,132,149,152,174,176,219,242,259,265,266,284,285,286,304,324,325,326
16,16,21
22,44,66,88,108,110,132,149,154,174,196,241,265,266,285,287,304,308,316,323,326
433,433,39
64,88,108,109,110,130,132,152,174,175,176,198,218,219,220,241,242,262,265,266,275,276,278,285,286,303,305,307,309,317,318,319,320,323,324,325,326,327,330
334,334,30
41,66,87,88,149,175,176,197,220,242,245,264,265,266,267,276,283,285,286,287,304,305,309,320,323,324,325,326,327,328
569,569,31
64,110,149,154,176,198,220,241,265,266,267,268,269,271,275,276,277,284,287,303,304,305,306,308,309,320,324,325,326,327,328
433,433,32
10,64,87,108,109,131,149,154,176,197,242,264,266,267,268,269,271,277,287,292,293,305,306,307,309,320,324,325,326,327,328,329
197,197,34
64,86,87,89,149,154,197,198,242,247,264,265,266,267,268,271,272,283,287,288,294,295,304,305,306,307,308,309,325,326,327,328,329,330
158,158,25
64,86,109,110,132,198,220,265,266,268,269,271,272,287,288,305,306,307,308,309,310,326,327,328,329
108,108,32
43,65,88,110,149,153,198,247,248,266,267,268,269,271,286,287,288,292,302,305,306,307,308,309,310,311,325,326,327,328,329,330
433,433,27
43,65,149,247,250,266,267,268,269,270,271,287,288,289,296,305,306,307,308,309,310,311,320,326,327,328,329
142,142,28
21,149,157,248,250,267,268,269,270,271,287,288,290,291,294,295,296,306,307,308,309,310,311,319,320,326,329,330
123,123,34
1,25,110,149,258,267,268,269,270,271,286,287,288,289,290,291,294,295,296,306,307,309,310,311,312,318,319,320,321,325,326,327,328,330
130,130,39
1,122,149,248,249,251,258,259,268,269,270,287,288,289,290,291,292,294,295,296,301,302,304,307,308,309,310,311,316,317,318,319,320,321,322,326,327,328,330
382,382,39
1,23,24,89,149,240,249,251,258,269,270,271,287,288,289,290,291,292,295,296,302,303,308,309,310,311,312,315,317,318,319,320,321,322,323,326,327,328,330
398,398,15
149,249,270,271,288,289,290,292,309,310,312,319,320,321,322
466,466,42
22,44,60,66,87,88,109,110,131,132,152,153,154,174,175,176,196,197,198,217,218,219,220,239,240,241,242,261,262,263,264,283,284,285,286,306,307,308,327,328,329,330
411,411,77
19,20,40,41,42,61,62,63,64,65,83,84,85,86,87,105,106,107,108,109,127,128,129,130,148,149,150,151,152,153,170,171,172,173,174,191,192,193,194,195,196,213,214,215,216,217,218,219,234,235,236,237,238,239,240,256,257,258,259,260,261,262,278,279,280,281,282,283,300,301,302,303,304,323,324,325,326
242,242,109
13,14,15,16,17,18,34,35,36,37,38,39,40,56,57,58,59,60,61,62,77,78,79,80,81,82,83,99,100,101,102,103,104,120,121,122,123,124,125,126,141,142,143,144,145,146,147,148,163,164,165,166,167,168,169,170,184,185,186,187,188,189,190,191,192,206,207,208,209,210,211,212,213,214,227,228,229,230,231,232,233,234,235,236,250,251,252,253,254,255,256,271,272,273,274,275,276,293,294,295,296,297,298,299,315,316,317,318,319
530,530,124
7,8,9,10,11,12,13,15,29,30,31,32,33,34,35,45,50,51,52,53,54,55,56,57,71,72,73,74,75,76,77,78,79,93,94,95,96,97,98,99,100,114,115,116,117,118,119,120,121,122,135,136,137,138,139,140,141,142,143,157,158,159,160,161,162,163,164,178,179,180,181,182,183,184,185,186,187,199,200,201,202,203,204,205,206,207,208,209,221,222,223,224,225,226,227,228,229,243,244,245,246,247,248,249,250,265,266,267,268,269,270,271,287,288,289,290,291,292,309,310,311,312,313,314
244,244,114
1,2,3,4,5,6,7,8,9,10,23,24,25,26,27,28,29,30,31,33,45,46,47,48,49,50,51,52,53,67,68,69,70,71,72,73,74,75,76,89,90,91,92,93,94,95,96,97,98,111,112,113,114,115,116,117,118,119,120,133,134,135,136,137,138,139,140,141,155,156,157,158,159,160,161,162,177,178,179,180,181,182,183,199,200,201,202,203,204,205,206,221,222,223,224,225,226,227,228,243,244,245,246,247,248,265,266,267,268,287,288,289,309,310
435,435,103
1,2,3,4,5,6,7,8,9,11,23,24,25,26,27,28,29,30,31,32,45,46,47,48,49,50,51,52,53,54,67,68,69,70,71,72,73,74,75,76,89,90,91,92,93,94,95,96,97,111,112,113,114,115,116,117,118,119,133,134,135,136,137,138,139,140,141,155,156,157,158,159,160,161,162,177,178,179,180,181,182,183,199,200,201,202,203,204,205,221,222,243,244,245,246,247,265,266,267,287,288,289,309
437,437,99
1,2,3,4,5,6,7,10,23,24,25,26,27,28,29,31,32,45,46,47,48,49,50,52,53,67,68,69,70,71,74,75,89,90,91,92,93,95,96,111,112,113,114,117,118,119,133,134,135,136,137,138,139,140,155,156,157,158,159,160,161,162,177,178,179,180,181,182,183,199,200,201,202,203,204,205,221,222,223,224,225,226,243,244,245,246,247,265,266,267,268,269,287,288,289,290,309,310,311
393,393,91
1,2,3,4,5,6,7,8,23,24,25,26,27,28,45,46,47,48,49,50,52,53,54,67,68,69,70,71,72,74,76,89,90,91,92,93,97,111,112,113,114,133,134,135,139,140,142,155,156,157,160,161,163,177,178,179,180,181,183,184,185,199,200,201,202,203,206,221,222,223,224,225,226,243,244,245,246,248,249,265,266,267,268,269,270,287,288,290,309,310,311
429,429,81
1,2,3,4,5,6,7,15,23,24,25,26,27,45,46,47,48,49,50,54,55,56,57,67,68,69,70,76,89,90,91,98,111,112,133,139,140,143,155,162,163,165,177,178,185,186,199,200,221,222,223,224,225,227,235,243,244,245,246,247,248,249,250,251,255,265,266,267,268,270,271,272,287,289,290,291,292,309,310,311,312
528,528,68
1,2,3,4,5,23,24,25,26,45,46,47,49,67,68,69,70,89,90,93,111,113,114,133,135,155,165,178,199,200,221,222,223,224,225,226,242,243,244,245,246,247,248,249,250,251,252,259,265,266,267,268,269,270,271,272,287,288,289,290,291,292,293,309,310,311,312,314
313,313,55
1,2,3,4,15,23,24,25,26,37,45,46,47,56,67,68,78,82,83,89,195,196,217,223,224,242,243,245,249,250,251,252,261,265,266,267,268,269,270,271,272,273,287,289,290,291,292,293,309,310,311,312,313,314,315
397,397,44
15,17,18,34,35,37,55,56,57,77,78,79,83,100,104,105,144,165,166,168,170,172,188,194,195,197,224,242,249,250,251,252,268,269,271,272,287,289,290,291,292,309,310,311
350,350,38
15,35,36,37,56,57,58,78,79,83,100,104,105,127,144,146,163,164,165,166,167,168,170,172,187,188,197,210,216,217,242,250,251,268,269,272,290,291
111,111,36
15,35,36,37,56,57,78,83,84,100,104,105,122,145,146,165,166,167,168,170,172,188,189,194,195,197,198,210,211,216,217,242,250,251,269,291
76,76,52
14,34,35,36,56,57,58,78,79,80,81,100,101,102,103,122,124,125,144,145,146,167,168,169,190,221,222,223,232,234,235,237,238,240,243,244,245,246,247,248,251,269,270,271,272,273,290,291,292,293,294,295
66,66,34
14,35,36,37,57,58,79,80,82,100,101,102,103,104,122,123,125,126,144,145,146,152,153,166,172,173,174,175,195,196,197,217,218,240
210,210,30
14,35,36,37,57,58,60,80,102,103,104,122,124,125,126,146,147,148,152,171,173,174,175,176,191,192,196,197,218,241
392,392,33
14,36,37,58,59,60,79,80,81,82,83,101,103,104,124,125,126,146,147,152,153,169,170,172,173,174,175,191,192,196,197,218,263
11,11,38
15,36,37,38,59,79,80,81,82,101,102,103,104,125,126,127,146,148,149,152,153,154,169,170,173,174,175,176,193,194,196,197,234,235,241,263,264,286
359,359,44
14,15,18,20,21,22,37,38,39,42,43,58,59,60,79,80,81,82,87,103,104,125,126,146,147,148,149,154,174,193,194,197,233,234,235,240,241,249,251,263,283,284,285,308
245,245,55
12,13,14,15,18,19,20,21,22,37,38,39,40,41,42,43,44,59,60,61,62,63,64,65,66,81,82,85,86,87,88,103,104,105,109,110,126,127,128,132,148,154,169,170,175,176,234,235,240,241,242,262,263,264,284
494,494,67
11,12,13,14,16,17,18,19,20,21,22,35,36,37,38,39,40,41,42,43,44,57,59,60,61,62,63,64,65,66,78,81,82,83,84,85,86,87,88,104,105,107,109,110,126,127,128,131,132,146,148,152,153,154,171,172,173,174,175,176,192,193,194,195,198,220,242
290,290,87
11,12,13,14,15,16,17,18,19,20,21,22,33,34,35,36,37,38,39,40,41,42,43,44,56,57,58,59,60,61,62,63,64,65,66,79,80,81,82,83,84,85,86,87,88,102,103,104,105,106,107,108,109,110,125,126,127,128,129,130,131,132,147,148,149,150,151,152,153,154,169,170,171,172,173,174,175,176,193,194,195,196,197,198,220,241,242
312,312,89
10,11,12,13,14,15,16,17,18,19,20,21,22,33,34,35,36,37,38,39,40,41,42,43,44,56,57,58,59,60,61,62,63,64,65,66,80,81,82,83,84,85,86,87,88,103,104,105,106,107,108,109,110,125,126,127,128,129,130,131,132,148,149,151,152,153,154,171,172,173,174,175,176,193,194,195,196,197,198,215,216,218,219,220,240,241,242,263,264
338,338,104
9,10,11,12,13,14,15,16,17,18,19,20,21,32,33,34,35,36,37,38,39,40,41,42,43,44,55,56,57,58,59,60,61,62,63,64,65,66,78,79,80,81,82,83,84,85,86,87,88,101,102,103,104,105,106,107,108,109,110,124,125,126,127,128,129,130,131,132,147,148,149,150,151,152,153,154,169,170,171,172,173,174,175,176,193,194,195,196,197,198,215,216,217,218,219,220,240,241,242,263,264,285,286,308
305,305,118
8,9,10,11,12,13,29,30,31,32,33,34,35,36,51,52,53,54,55,56,57,58,59,60,74,75,76,77,78,79,80,81,82,83,97,98,99,100,101,102,103,104,105,106,107,121,122,123,124,125,126,127,128,129,130,131,143,144,145,146,147,148,149,150,151,152,153,154,167,168,169,170,171,172,173,174,175,176,189,190,191,192,193,194,195,196,197,198,211,212,213,214,215,216,217,218,219,220,236,237,239,240,241,242,261,262,263,264,283,284,285,286,306,307,308,328,329,330
305,305,121
2,3,4,7,25,26,27,28,46,47,49,50,51,52,69,70,71,72,73,74,75,76,92,93,94,95,96,97,98,99,100,114,115,116,117,118,119,120,121,122,123,138,139,140,141,142,143,144,145,146,160,161,162,163,164,165,166,167,168,169,170,183,184,185,186,187,188,189,190,191,192,193,205,206,207,208,209,210,211,212,213,214,215,228,229,230,231,232,233,234,235,236,237,238,256,257,258,259,260,261,280,281,282,283,284,285,302,303,304,305,306,307,308,323,324,325,326,327,328,329,330
298,298,102
23,45,46,47,67,68,69,70,89,90,91,92,93,111,112,113,114,115,116,117,133,134,135,136,137,138,139,140,155,156,157,158,159,160,161,162,163,177,178,179,180,181,182,183,184,185,186,199,200,201,202,203,204,205,206,207,208,209,222,223,224,225,226,227,228,229,230,231,245,246,248,249,250,251,252,253,254,269,270,271,272,273,274,275,276,277,278,293,295,296,297,298,299,300,316,317,318,319,320,321,322,323
249,249,74
67,89,111,112,133,134,135,136,137,155,156,157,159,177,178,179,180,181,199,200,201,202,203,204,221,222,223,224,225,226,227,228,243,244,245,246,247,248,249,250,251,265,266,267,268,269,270,271,272,273,274,275,287,288,289,290,291,292,293,294,295,296,309,310,311,312,313,314,315,316,317,318,319,320
466,466,49
45,67,89,111,133,134,135,155,156,177,178,179,199,200,201,202,203,221,222,223,224,225,226,243,244,245,246,247,248,265,266,267,268,269,270,287,288,289,290,291,292,293,309,310,311,312,313,314,315
558,558,33
86,108,131,155,171,177,178,199,200,201,221,222,223,243,244,245,246,247,265,266,267,268,269,270,287,288,289,290,309,310,311,312,313
535,535,17
84,86,108,109,110,128,132,149,151,172,216,219,224,244,247,258,288
170,170,15
25,72,82,104,147,150,155,156,160,161,168,169,205,326,328
528,528,9
38,82,150,155,156,168,170,307,325
454,454,22
15,23,81,124,133,134,150,155,156,159,162,207,227,228,229,230,266,274,308,309,327,328
394,394,22
23,133,134,135,148,150,155,156,159,170,190,213,253,287,291,307,308,309,310,311,326,327
422,422,21
46,111,112,133,135,150,155,156,157,158,159,161,162,163,207,265,288,309,310,311,328
451,451,28
2,111,128,133,134,136,137,150,156,158,159,164,209,211,235,257,265,266,287,288,309,310,311,312,313,325,328,329
505,505,37
89,111,112,128,133,134,135,136,137,150,151,156,158,159,162,165,184,192,206,207,209,231,233,265,266,287,288,289,292,310,311,312,313,314,315,316,328
352,352,36
1,49,67,89,90,111,112,128,133,134,135,136,137,138,150,156,157,158,159,160,162,243,244,265,266,287,288,309,310,311,312,313,314,315,328,329
449,449,38
2,67,89,90,111,112,113,114,129,133,135,136,137,138,150,155,156,157,158,159,172,184,194,195,213,243,244,263,265,266,287,288,289,310,312,314,315,317
223,223,58
1,45,67,68,89,90,93,111,112,113,128,133,134,135,136,137,138,150,155,156,157,158,159,162,163,164,184,185,194,212,214,215,216,243,244,245,265,266,267,287,288,289,290,291,292,309,310,311,312,313,314,315,316,317,322,326,327,329
47,47,38
1,23,67,89,90,111,112,113,115,129,133,134,135,136,137,138,156,157,158,160,161,163,221,243,244,265,266,267,269,287,288,289,291,292,312,313,314,315
452,452,50
46,61,89,90,91,93,111,112,113,114,115,133,134,135,136,137,150,152,155,156,158,159,160,161,163,181,187,221,222,243,244,245,249,265,266,267,268,287,288,289,290,291,309,310,313,314,315,316,317,327
273,273,54
1,23,24,45,67,71,89,90,93,111,112,113,114,115,130,134,135,136,137,141,150,155,158,159,160,161,162,163,164,221,222,223,243,244,245,265,266,267,268,270,288,289,290,291,292,293,310,311,312,314,316,317,318,320
422,422,48
1,23,67,89,112,113,114,115,133,134,136,137,138,148,150,155,156,158,159,160,161,163,165,207,221,222,223,243,244,245,246,265,266,267,268,269,270,287,288,290,291,292,293,309,312,313,315,316
390,390,59
1,2,23,46,67,89,90,91,92,111,112,113,114,115,116,133,134,135,136,137,138,139,141,150,155,156,157,159,160,161,162,175,178,199,221,222,223,243,244,245,246,247,265,266,267,268,269,270,271,287,290,291,292,293,294,296,311,314,317
357,357,57
23,45,47,68,69,89,91,92,111,112,113,114,116,133,134,135,136,137,138,139,150,155,157,158,159,160,175,177,199,200,208,221,222,223,243,244,245,246,247,265,266,267,268,269,271,287,291,292,293,294,309,310,313,314,315,316,317
309,309,50
67,68,89,90,91,111,112,113,114,115,117,133,134,136,138,139,155,158,161,177,186,199,200,221,222,223,224,243,244,245,246,247,265,266,267,268,269,270,271,287,289,290,291,292,293,294,310,313,317,320
454,454,52
45,67,68,89,90,91,92,111,112,113,114,116,117,133,134,135,136,137,138,156,159,161,162,186,199,200,221,222,223,224,242,243,244,245,246,247,248,265,266,268,269,270,287,288,290,291,292,293,294,295,310,311
258,258,54
1,45,67,68,89,90,91,92,93,111,112,113,114,115,116,117,133,134,135,136,137,138,139,150,156,158,177,186,199,200,221,222,223,224,225,244,245,246,247,248,265,266,267,268,269,270,287,288,292,293,294,296,297,311
54,54,38
45,67,68,69,89,90,91,112,113,136,138,150,158,162,199,200,221,223,224,243,244,246,247,248,249,265,266,267,268,270,271,287,288,294,296,309,310,311
318,318,51
58,67,68,69,70,89,90,91,93,112,117,118,136,138,150,157,158,161,177,199,200,221,222,223,224,225,244,245,246,247,248,249,265,267,268,269,270,271,273,287,288,289,290,291,293,297,298,309,310,311,314
7,7,45
45,46,67,68,89,90,91,92,93,117,136,138,139,150,177,179,199,200,221,222,223,224,225,226,243,244,245,246,247,248,249,256,265,266,270,271,272,273,287,288,289,290,298,309,310
267,267,39
32,45,46,67,89,90,91,114,118,136,150,177,199,200,221,222,223,224,225,244,246,247,248,249,266,268,269,271,272,273,274,287,288,290,295,309,310,311,312
54,54,42
67,68,70,89,90,91,92,111,115,116,136,150,177,199,200,201,222,223,224,225,246,247,248,249,265,266,268,269,270,271,272,273,274,287,289,290,291,309,310,311,312,314
441,441,53
67,89,90,91,92,111,114,115,116,117,118,136,139,150,158,161,163,177,199,200,201,202,221,222,223,224,225,226,244,245,246,247,248,249,250,265,266,267,268,269,270,271,272,273,274,287,288,297,309,310,311,312,314
134,134,53
67,68,70,89,90,91,92,111,112,113,114,116,117,118,136,138,150,161,163,177,199,200,201,202,221,222,223,224,225,226,245,247,249,251,265,268,269,270,271,272,273,274,275,287,288,289,290,291,309,310,311,312,313
274,274,50
67,89,90,91,92,111,112,114,117,133,141,142,150,177,178,199,200,201,202,222,223,224,225,226,245,247,248,249,250,251,265,267,268,269,270,271,272,273,274,275,287,288,291,293,295,309,310,311,312,313
140,140,73
1,23,46,47,67,68,69,70,89,90,91,92,111,112,113,114,118,132,133,135,136,138,140,141,142,150,155,165,177,178,199,200,201,202,203,221,222,223,224,225,226,227,244,245,246,247,248,249,250,251,265,266,267,269,270,271,273,274,275,276,287,288,289,290,291,292,293,309,310,311,312,313,329
398,398,72
1,45,46,67,68,69,89,90,91,92,93,111,112,113,114,115,116,118,133,135,136,141,142,144,150,163,164,177,178,198,199,200,201,202,221,222,223,224,225,226,227,243,245,246,247,248,249,250,251,252,265,266,267,268,269,270,271,272,273,274,275,276,287,288,289,294,309,310,311,312,313,315
131,131,72
1,2,23,45,46,67,68,69,70,71,89,90,91,92,111,112,114,116,117,119,133,135,138,141,142,150,177,178,179,199,200,201,202,203,221,222,223,224,225,226,227,228,243,244,245,246,247,248,249,250,251,252,265,266,267,268,269,271,272,273,274,275,276,277,287,288,289,290,310,311,312,313
388,388,56
67,69,89,90,91,92,93,111,112,114,115,140,150,156,177,178,179,199,200,201,202,203,221,222,223,224,225,226,227,228,245,246,247,248,249,250,251,252,268,269,270,271,272,273,274,275,276,277,287,288,295,309,310,312,313,315
501,501,62
1,46,67,68,69,71,89,90,91,92,93,94,111,112,113,115,138,141,150,163,177,178,179,199,200,201,202,203,221,222,223,224,225,226,227,228,245,247,248,249,250,253,254,265,266,268,269,270,271,272,273,274,275,276,288,309,311,312,313,315,316,319
493,493,68
67,68,69,90,91,92,93,111,112,113,114,115,121,133,134,141,143,150,155,156,177,178,179,180,199,200,201,202,203,204,221,222,223,224,225,226,227,228,229,244,245,246,247,248,249,250,251,252,253,254,265,269,271,272,273,275,276,277,287,289,293,309,310,311,312,313,314,316
173,173,73
1,46,68,69,71,89,90,91,92,93,111,112,113,114,115,116,117,134,138,150,155,156,177,178,179,180,199,200,201,202,203,204,221,222,223,224,225,226,227,228,229,230,243,244,245,247,248,249,250,251,252,253,254,265,268,269,270,271,272,273,275,276,279,287,309,310,311,312,313,314,315,316,317
358,358,69
2,68,69,72,89,90,91,92,93,94,111,112,113,114,115,116,134,144,150,155,156,177,178,180,199,200,201,202,203,204,221,222,223,224,225,226,227,228,229,231,246,247,248,249,250,251,252,253,254,266,267,269,270,271,272,273,274,275,276,278,287,289,295,296,309,310,312,313,317
318,318,73
68,89,91,92,93,111,112,113,114,115,116,133,134,137,138,140,150,156,163,164,177,178,179,180,199,200,201,202,203,204,206,221,222,223,224,225,226,227,228,229,230,231,243,244,245,247,248,249,250,252,253,254,255,265,267,268,269,270,271,272,273,275,276,279,280,287,288,295,310,311,313,316,317
232,232,77
67,68,69,71,89,92,93,94,95,106,111,112,113,114,115,116,133,134,137,155,156,158,163,164,177,178,179,180,185,199,200,201,202,203,204,205,206,207,221,222,223,224,225,226,227,228,230,231,232,243,244,246,247,248,249,250,254,255,256,266,269,271,272,273,274,275,276,278,280,282,294,296,309,311,313,315,317
71,71,84
6,67,68,89,90,91,92,93,94,109,111,112,113,114,115,116,117,133,135,136,138,141,155,156,163,177,178,179,180,181,185,199,200,201,202,203,204,205,206,221,222,223,224,225,226,227,228,230,231,232,244,245,249,250,254,255,256,268,269,270,271,272,273,274,275,280,282,283,287,288,291,292,293,294,295,296,297,309,312,313,314,315,318,319
168,168,73
111,113,115,116,117,133,134,135,136,138,140,155,156,157,158,164,177,178,179,180,181,199,200,201,202,203,204,206,221,222,223,224,225,226,227,228,229,230,231,232,243,245,246,250,252,254,255,257,266,268,269,271,272,274,280,281,282,283,287,288,289,290,291,293,294,295,297,313,314,315,316,318,319
173,173,47
112,114,133,134,135,136,155,156,177,179,180,181,199,200,201,202,203,204,205,221,222,223,224,225,226,227,229,230,245,246,248,252,267,268,269,272,280,281,289,290,291,295,297,315,316,317,319
453,453,35
22,44,66,88,109,110,131,132,152,153,154,174,175,176,196,197,198,219,220,240,241,242,262,263,264,284,285,286,306,307,308,327,328,329,330
371,371,75
19,20,21,22,40,41,42,43,44,61,62,63,64,65,83,84,85,86,87,105,106,107,108,109,110,127,128,129,130,131,148,149,150,151,152,169,170,171,172,173,175,191,192,193,194,195,196,212,213,214,215,216,217,235,236,237,238,256,257,258,259,260,278,279,280,281,285,300,301,302,303,322,323,324,325
235,235,111
13,14,15,16,17,18,34,35,36,37,38,39,40,41,56,57,58,59,60,61,62,77,78,79,80,81,82,83,84,99,100,101,102,103,104,105,120,121,122,123,124,125,126,127,142,143,144,145,146,147,148,163,164,165,166,167,168,169,170,171,185,186,187,188,189,190,191,192,206,207,208,209,210,211,212,213,227,228,229,230,231,232,233,249,250,251,252,253,254,255,270,271,272,273,274,275,276,292,293,294,295,296,297,298,314,315,316,317,318,319,320
546,546,126
7,8,9,10,11,12,13,14,15,29,30,31,32,33,34,35,50,51,52,53,54,55,56,57,71,72,73,74,75,76,77,78,79,93,94,95,96,97,98,99,100,114,115,116,117,118,119,120,121,122,135,136,137,138,139,140,141,142,157,158,159,160,161,162,163,164,166,178,179,180,181,182,183,184,185,186,187,199,200,201,202,203,204,205,206,207,208,221,222,223,224,225,226,227,228,229,230,243,244,245,246,247,248,249,250,251,252,265,266,267,268,269,270,271,272,287,288,289,290,291,292,309,310,311,312,313
517,517,115
1,2,3,4,5,6,7,8,9,10,11,12,23,24,25,26,27,28,29,30,31,32,33,45,46,47,48,49,50,51,52,53,54,67,68,69,70,71,72,73,74,75,76,89,90,91,92,93,94,95,96,97,98,111,112,113,114,115,116,117,118,119,133,134,135,136,137,138,139,140,155,156,157,158,159,160,161,162,177,178,179,180,181,182,183,199,200,201,202,203,205,221,222,223,224,225,226,243,244,245,246,247,249,265,266,267,268,269,270,287,288,289,290,309,310
437,437,106
1,2,3,4,5,6,7,8,9,10,11,23,24,25,26,27,28,29,30,31,32,45,46,47,48,49,50,51,52,53,54,67,68,69,70,71,72,73,74,75,89,90,91,92,93,94,95,96,97,111,112,113,114,115,116,117,118,133,134,135,136,137,138,139,140,155,156,157,158,159,160,161,177,178,179,180,181,182,199,200,201,202,203,204,221,222,223,224,225,243,244,245,246,265,266,286,287,288,289,290,291,309,310,311,312,313
287,287,95
1,2,3,4,5,6,7,8,9,10,11,23,24,25,26,27,28,29,30,31,32,33,45,46,47,48,49,50,51,52,53,54,67,68,69,70,71,72,73,74,75,89,90,91,92,93,94,95,96,97,111,112,113,114,115,116,117,118,133,134,135,136,137,138,139,155,156,157,158,159,160,177,178,179,180,181,199,200,201,202,218,221,222,223,224,225,243,244,245,265,266,268,287,288,309
112,112,80
1,2,3,4,5,6,7,8,9,10,11,23,24,25,26,27,28,29,30,31,45,46,47,48,49,50,51,52,67,68,69,70,71,72,73,74,89,90,91,92,93,94,111,112,113,114,115,116,117,133,134,135,136,137,138,155,156,157,158,159,177,178,179,199,200,201,202,221,222,223,224,243,244,265,266,287,288,289,309,310
367,367,62
1,2,3,4,5,6,7,8,9,10,23,24,25,26,27,28,29,30,35,45,46,47,48,49,50,51,56,67,68,69,70,71,72,73,74,75,89,90,91,92,93,94,95,111,112,113,114,115,116,117,118,133,134,135,136,155,157,177,178,199,221,222
75,75,44
1,2,3,4,5,6,7,8,9,10,23,24,25,26,27,28,29,30,31,45,46,47,48,49,50,51,52,67,68,69,70,71,72,73,89,90,91,92,93,111,112,113,115,133
123,123,28
1,2,3,4,5,6,7,8,9,10,23,24,25,26,34,35,37,45,46,67,75,76,79,89,94,96,117,119
391,391,15
1,2,18,19,20,26,35,36,58,62,63,65,78,83,97
407,407,7
1,12,18,20,43,62,63
15,15,1
20
91,91,16
241,242,262,263,264,282,283,284,285,286,302,303,304,305,306,323
42,42,1
14
43,43,1
327
35,35,2
286,307
495,495,3
286,307,308
70,70,11
19,20,21,22,44,66,286,307,308,326,327
489,489,27
18,19,20,21,22,38,39,40,41,42,43,44,62,63,64,65,66,86,87,88,109,110,132,285,286,306,307
549,549,54
15,16,17,18,19,20,21,22,38,39,40,41,42,43,44,59,60,61,62,63,64,65,66,81,82,83,84,85,86,87,88,106,107,108,109,110,129,130,131,132,148,151,152,153,154,171,172,173,176,195,196,285,286,306
511,511,77
11,12,13,14,15,16,17,18,19,20,21,22,34,35,36,37,38,39,40,41,42,43,44,57,58,59,60,61,62,63,64,65,66,79,80,81,82,83,84,85,86,87,88,103,104,105,106,107,108,109,110,126,127,128,129,130,131,132,151,152,153,154,173,174,175,176,196,197,198,218,219,220,241,242,264,285,286
370,370,90
9,12,13,14,15,16,17,18,19,20,21,22,31,32,33,35,36,37,38,39,40,41,42,43,44,53,54,55,56,57,58,59,60,61,62,63,64,65,66,76,77,78,79,80,81,82,83,84,85,86,87,88,101,102,103,104,105,106,107,108,109,110,125,126,127,128,129,130,131,132,148,150,151,152,153,154,172,173,174,175,176,196,197,198,218,219,220,241,242,264
320,320,103
10,11,12,13,14,15,16,17,18,19,20,21,22,33,34,35,36,37,38,39,40,41,42,43,44,55,56,57,58,59,60,61,62,63,64,65,66,77,78,79,80,81,82,83,84,85,86,87,88,100,101,102,103,104,105,106,107,108,109,110,123,124,125,126,127,128,129,130,131,132,147,148,149,150,151,152,153,154,170,171,172,173,174,175,176,193,194,195,196,197,198,216,217,218,219,220,240,241,242,263,264,286,308
329,329,117
10,32,34,35,36,37,56,57,58,59,60,61,77,78,79,80,81,82,83,84,99,100,101,102,103,104,105,106,107,108,109,121,122,123,124,125,126,127,128,129,130,131,132,143,144,145,146,147,148,149,150,151,152,153,154,165,166,167,168,169,170,171,172,173,174,175,176,189,190,191,192,193,194,195,196,197,198,211,212,213,214,215,216,217,218,219,220,236,237,238,239,240,241,242,258,259,260,261,262,263,264,280,282,283,284,285,286,304,305,306,307,308,326,327,328,329,330
338,338,121
3,4,5,6,25,28,97,118,119,120,121,122,123,124,125,137,139,140,141,142,143,144,145,146,147,148,160,161,162,163,164,165,166,167,168,169,170,183,184,185,186,187,188,189,190,191,192,193,206,207,208,209,210,211,212,213,214,215,216,217,229,230,231,232,233,234,235,236,237,238,239,240,252,253,254,255,256,257,258,259,260,261,262,263,264,275,276,277,278,279,280,281,282,283,284,285,286,298,299,300,301,302,303,304,305,306,307,308,318,319,320,321,322,323,324,325,326,327,328,329,330
320,320,103
23,45,67,90,113,123,134,135,136,137,138,139,155,156,157,158,159,160,161,162,163,177,178,179,180,181,182,183,184,185,186,199,200,201,202,203,204,205,206,207,208,209,222,223,224,225,226,227,228,229,230,231,232,233,245,246,247,248,249,250,251,252,253,254,255,267,268,269,270,271,272,273,274,275,276,277,278,290,291,292,293,294,295,296,297,298,299,300,310,312,313,314,315,316,317,318,319,320,321,322,323,324,325
309,309,70
111,133,134,155,156,157,158,159,177,178,179,180,181,199,200,201,202,203,204,205,221,222,223,224,225,226,227,228,243,244,245,246,247,248,249,250,251,265,266,267,268,269,270,271,272,273,274,287,288,289,290,291,292,293,294,295,296,298,309,310,311,312,313,314,315,316,317,318,319,320
350,350,42
111,133,134,155,156,177,178,179,199,200,201,202,221,222,223,224,225,243,244,245,246,247,248,265,266,267,268,269,270,287,288,289,290,291,292,309,310,311,312,313,314,315
281,281,13
199,221,222,243,244,265,266,287,288,289,309,310,311
573,573,14
10,11,12,13,14,15,33,34,35,150,307,308,322,325
92,92,45
9,10,11,12,13,14,15,17,21,22,33,34,35,36,37,39,150,241,242,252,253,254,257,263,264,275,277,286,291,296,299,300,302,304,315,317,318,319,320,321,322,323,324,328,329
284,284,41
9,10,11,12,13,14,16,17,33,34,35,36,38,150,250,263,270,286,290,291,293,296,300,302,303,304,306,307,312,314,315,316,318,321,322,323,324,325,326,327,328
181,181,37
9,10,11,12,13,14,16,34,35,36,37,38,41,150,227,270,273,275,286,297,302,303,308,312,315,316,318,320,321,322,323,324,325,326,327,329,330
24,24,47
10,11,12,13,14,15,33,34,35,36,150,200,227,238,249,252,253,257,275,277,279,280,289,291,293,296,300,301,302,303,305,307,308,310,312,314,315,320,322,323,324,325,326,327,328,329,330
44,44,47
10,11,12,13,14,16,35,36,150,230,253,264,270,271,273,277,279,291,292,293,294,295,297,298,300,302,305,306,307,312,313,315,316,317,318,319,320,321,322,323,324,325,326,327,328,329,330
35,35,41
10,11,12,13,14,15,17,35,36,150,167,200,201,226,253,263,279,287,291,292,293,295,299,302,303,304,307,312,314,315,316,317,318,319,323,324,325,326,327,328,330
336,336,57
10,11,12,13,14,16,17,33,35,36,38,150,200,225,227,250,251,263,264,266,270,273,280,286,287,289,290,291,292,293,295,297,300,301,302,303,304,305,306,308,312,313,314,315,316,317,318,319,320,321,323,324,325,326,327,328,330
174,174,56
10,12,13,15,16,34,36,37,38,39,48,58,60,150,199,225,249,250,251,252,253,258,262,269,270,273,275,276,277,281,286,289,290,291,293,294,295,296,299,300,301,303,304,305,307,314,315,316,317,322,323,324,326,327,329,330
217,217,52
12,13,14,16,17,33,35,36,37,48,58,150,199,201,224,248,249,250,251,253,264,270,273,281,289,290,291,292,293,294,295,297,298,299,300,302,303,305,306,307,308,313,314,315,316,317,318,324,325,326,327,330
498,498,70
2,10,11,13,14,16,33,34,35,36,38,57,60,150,199,223,224,248,250,251,253,255,259,260,268,270,272,273,274,275,277,278,279,281,282,283,284,285,289,290,291,292,293,294,295,296,301,302,303,304,305,306,307,308,312,313,314,315,316,317,318,319,322,323,324,325,326,327,328,330
500,500,28
2,12,13,14,16,35,39,150,199,221,222,264,269,270,272,290,291,294,301,303,305,313,314,315,316,322,323,326
512,512,62
12,13,14,16,33,34,38,58,150,199,221,222,223,224,226,244,245,249,250,254,264,265,266,268,269,270,271,272,273,274,275,276,279,281,285,288,290,291,293,294,295,296,301,302,303,304,305,306,307,313,314,315,316,317,319,321,322,323,325,327,328,330
359,359,66
2,12,13,14,16,17,34,35,36,39,43,60,67,150,199,200,221,222,223,224,225,227,246,248,251,268,269,270,271,272,273,274,275,280,284,285,286,291,292,293,294,295,296,297,298,300,301,302,303,304,305,308,313,314,316,317,318,320,323,324,325,326,327,328,329,330
490,490,67
2,11,12,13,14,16,23,24,35,36,43,59,150,199,221,222,223,224,226,246,247,248,254,263,266,267,268,269,270,271,272,273,275,277,280,281,284,286,289,290,291,292,293,294,295,296,297,302,303,305,306,307,313,314,315,316,317,318,319,323,324,325,326,327,328,329,330
1,1,64
2,12,13,14,15,16,23,25,36,48,150,199,221,222,223,224,226,243,245,246,247,248,265,266,268,269,270,271,272,273,276,277,283,285,290,291,293,294,295,296,297,298,300,302,304,306,307,308,312,313,314,316,317,318,319,320,322,323,324,325,326,327,328,330
179,179,30
13,14,25,35,59,150,173,221,223,226,245,246,265,269,270,272,273,292,293,295,296,307,316,318,319,323,324,325,326,327
1,1,61
12,13,14,15,16,24,35,36,58,60,67,150,221,222,223,224,225,244,245,246,247,248,265,266,267,269,270,271,272,273,275,292,293,294,295,296,297,298,300,302,303,304,305,306,307,308,314,315,316,317,318,319,321,322,323,324,325,326,327,329,330
357,357,57
11,12,13,14,15,23,35,36,37,39,43,48,59,150,221,222,223,224,225,226,244,245,246,247,248,249,250,265,267,268,269,270,271,272,290,292,293,294,295,296,297,298,305,314,315,316,317,318,319,320,321,325,326,327,328,329,330
310,310,69
11,12,13,14,15,16,24,25,35,36,37,43,44,46,47,48,57,59,81,150,199,221,222,223,225,226,244,245,246,247,248,249,250,265,267,268,269,270,271,272,273,290,291,292,293,294,295,296,300,304,305,306,308,313,314,315,316,317,318,319,320,323,324,325,326,327,328,329,330
318,318,56
1,8,9,11,12,13,15,24,26,35,45,47,48,58,59,60,133,150,221,222,223,225,243,244,245,246,249,250,265,267,268,269,270,271,273,290,291,292,293,294,296,307,308,313,314,315,316,317,318,319,320,321,325,327,329,330
480,480,51
1,9,10,11,12,13,14,15,16,24,26,35,36,37,46,58,87,150,221,222,243,244,246,247,250,265,266,267,268,269,270,271,272,273,290,291,292,293,295,312,313,314,315,316,317,318,319,320,326,329,330
135,135,53
1,8,9,10,11,12,13,14,15,23,24,25,35,36,37,38,45,46,48,58,59,83,150,221,222,243,244,245,246,250,265,266,267,268,269,271,272,273,289,290,291,292,293,294,295,313,314,315,316,317,318,325,330
482,482,53
1,9,10,11,12,13,14,15,23,35,36,37,38,39,45,46,47,58,61,81,87,150,221,222,243,244,245,247,265,266,267,268,269,270,271,273,289,290,291,292,293,294,295,311,313,314,315,316,317,318,319,327,329
575,575,49
1,10,11,12,13,14,15,24,25,26,35,36,37,38,45,46,59,62,81,82,150,221,222,223,243,244,245,246,248,265,266,267,268,272,273,288,290,291,292,293,294,312,313,314,315,316,317,318,330
326,326,54
1,9,11,12,13,14,15,16,35,36,37,38,45,46,47,59,69,87,96,150,221,222,223,243,244,245,246,248,266,267,268,269,270,271,272,273,289,290,291,292,293,294,295,311,312,313,314,315,316,317,318,319,320,327
118,118,55
1,2,12,13,14,15,16,24,25,26,35,36,37,38,39,46,58,59,62,68,88,150,221,222,223,243,244,245,246,247,248,250,265,266,267,268,269,271,272,273,288,289,290,291,292,293,295,296,314,315,316,317,318,319,330
509,509,41
1,11,12,13,14,15,16,35,36,37,47,59,68,150,174,221,222,243,244,245,246,247,265,266,267,268,269,272,289,291,292,293,294,295,312,313,315,316,317,318,319
268,268,58
1,2,12,13,14,15,16,23,24,26,35,36,37,38,39,46,48,59,61,67,68,69,71,81,82,150,221,222,243,244,245,246,247,265,266,267,268,269,270,271,272,288,289,290,291,292,293,294,295,296,312,313,314,315,316,317,318,319
148,148,62
1,2,3,11,12,13,14,15,16,23,25,35,36,37,38,45,46,47,48,59,60,69,72,82,88,150,155,161,221,222,223,243,244,245,247,265,266,267,268,269,270,271,272,288,289,290,291,292,293,294,295,296,309,311,312,313,314,315,316,317,318,319
279,279,67
1,2,3,12,13,14,15,16,19,23,26,35,36,37,38,45,46,48,49,59,60,61,69,71,81,82,88,96,110,118,150,168,221,222,224,243,244,245,246,248,265,266,267,268,269,270,271,272,288,289,290,291,292,293,294,295,296,309,311,312,313,314,315,316,317,318,319
131,131,71
1,2,3,12,13,14,15,16,17,23,24,25,35,36,37,38,39,45,47,48,50,58,59,60,61,67,69,70,71,72,82,85,86,87,109,150,221,222,243,244,245,246,247,248,265,266,267,268,269,270,271,280,288,289,290,291,292,293,294,295,296,309,311,312,313,314,315,316,317,318,319
334,334,63
1,2,3,12,13,14,15,23,24,35,36,37,38,39,45,46,48,49,59,61,67,70,72,81,85,87,128,133,138,150,221,222,243,244,245,246,247,249,265,266,267,268,269,270,288,289,290,291,292,293,294,295,296,297,311,312,313,314,315,316,317,318,319
149,149,54
1,2,12,13,14,15,16,17,23,25,35,36,37,38,45,59,60,61,68,69,70,86,105,106,150,221,243,244,245,246,265,266,267,268,269,270,273,288,289,290,291,292,293,294,296,311,312,313,314,315,316,317,318,319
382,382,70
1,2,3,4,12,14,15,16,17,23,24,26,35,36,37,38,39,40,45,46,47,48,49,59,60,61,67,69,70,72,87,88,110,128,132,133,150,155,221,243,244,245,246,249,265,266,267,268,269,270,271,288,289,290,291,292,293,294,295,296,309,311,312,313,314,315,316,317,318,319
261,261,63
1,2,3,12,13,14,15,16,23,36,37,38,39,45,48,57,59,60,61,63,67,69,71,72,105,107,109,133,134,150,161,200,221,243,244,245,246,265,266,267,268,269,270,287,288,289,290,291,292,293,294,295,296,309,310,312,313,314,315,316,317,318,319
200,200,75
1,2,3,4,12,13,14,15,17,23,24,30,36,37,38,39,40,45,46,49,59,60,61,67,69,70,71,87,89,91,92,129,131,133,150,155,156,221,243,244,245,246,247,265,266,267,268,269,270,271,272,273,287,288,289,290,291,292,293,294,295,296,297,309,310,311,312,313,314,315,316,317,318,319,320
324,324,67
1,2,3,13,14,15,16,17,23,24,36,37,38,39,45,46,48,59,60,61,62,67,68,70,71,72,90,109,111,133,150,155,156,163,178,217,243,244,245,246,247,265,266,267,268,269,270,271,272,287,288,289,290,291,292,293,294,309,311,312,313,314,315,316,317,318,319
551,551,72
1,2,3,4,15,16,17,23,24,37,38,39,45,46,48,59,60,61,62,67,68,70,71,72,89,90,91,92,129,132,134,150,155,156,159,163,177,200,204,221,223,243,244,245,246,247,265,266,267,268,269,270,271,287,288,289,290,291,292,293,294,295,296,310,311,312,313,314,315,316,317,318
193,193,70
1,2,3,4,5,15,16,17,21,23,24,36,37,38,39,45,46,47,48,60,61,67,70,71,72,83,90,91,107,134,150,155,156,163,164,177,183,221,222,243,244,245,246,262,265,266,267,268,269,270,271,287,288,289,290,291,292,293,294,297,310,311,312,313,314,315,316,317,318,319
104,104,27
1,2,3,4,15,17,45,67,70,150,156,177,221,244,245,265,268,289,290,291,292,294,312,313,314,315,316
277,277,39
22,44,66,88,109,110,131,132,153,154,174,175,176,196,197,198,218,219,220,240,241,242,261,262,263,264,283,284,285,286,305,306,307,308,326,327,328,329,330
428,428,78
19,20,40,41,42,43,62,63,64,83,84,85,86,105,106,108,126,127,128,129,130,148,149,150,151,152,153,170,171,172,173,174,191,192,193,194,195,196,213,214,215,216,217,218,234,235,236,237,238,239,240,256,257,258,259,260,261,277,278,279,280,281,282,283,299,300,301,302,303,304,320,321,322,323,324,325,326,327
429,429,114
13,14,15,16,17,34,35,36,37,38,39,56,57,58,59,60,77,78,79,80,81,82,99,100,101,102,103,104,105,121,122,123,124,125,126,142,143,144,145,146,147,148,163,164,165,166,167,168,169,170,184,185,186,187,188,189,190,191,192,206,207,208,209,210,211,212,213,227,228,229,230,231,232,233,234,235,249,250,251,252,253,254,255,256,257,270,271,272,273,274,275,276,277,278,280,292,293,294,295,296,297,298,299,300,301,313,314,315,316,317,318,319,320,321
538,538,128
7,8,9,10,11,12,13,29,30,31,32,33,34,35,48,50,51,52,53,54,55,56,57,71,72,73,74,75,76,77,92,93,94,95,96,97,98,99,114,115,116,117,118,119,120,121,135,136,137,138,139,140,141,142,143,157,158,159,160,161,162,163,164,165,178,179,180,181,182,183,184,185,187,199,200,201,202,203,204,205,206,207,208,209,221,222,223,224,225,226,227,228,229,230,243,244,245,246,247,248,249,250,251,265,266,267,268,269,270,271,272,273,287,288,289,290,291,292,293,294,295,309,310,311,312,313,314,315
287,287,115
1,2,3,4,5,6,7,8,9,10,11,12,23,24,25,26,27,28,29,30,31,32,33,45,46,47,48,49,50,51,52,53,54,67,68,69,70,71,72,73,74,75,76,89,90,91,92,93,94,95,96,111,112,113,114,115,116,117,118,119,133,134,135,136,137,138,139,140,155,156,157,158,159,160,161,177,178,179,180,181,182,183,199,200,201,202,203,204,205,221,222,223,224,225,226,243,244,245,246,247,248,249,265,266,267,268,269,287,288,289,290,309,310,311,312
400,400,103
1,2,3,4,5,6,7,8,9,10,11,23,24,25,26,27,28,29,30,31,32,33,45,46,47,48,49,50,51,52,53,54,67,68,69,70,71,72,73,74,75,76,89,90,91,92,93,94,95,96,111,112,113,114,115,116,117,118,133,134,135,136,137,138,139,155,156,157,158,159,160,161,177,178,179,180,181,182,199,200,201,202,203,221,222,223,224,225,226,243,244,245,246,265,266,267,286,287,288,289,290,309,310
277,277,96
1,2,3,4,5,6,7,8,9,10,11,23,24,25,26,27,28,29,30,31,32,33,34,45,46,47,48,49,50,51,52,53,54,55,67,68,69,70,71,72,73,74,75,89,90,91,92,93,94,95,96,97,111,112,113,114,115,116,117,118,133,134,135,136,137,138,139,155,156,157,158,159,160,177,178,179,180,181,199,200,201,202,203,204,221,222,223,224,225,226,243,244,245,247,265,266
444,444,83
1,2,3,4,5,6,7,8,9,10,11,23,24,25,26,27,28,29,30,31,32,33,45,46,47,48,49,50,51,52,54,67,68,69,70,71,72,73,89,90,91,92,93,94,95,96,111,112,113,114,115,116,117,133,134,135,136,137,138,155,156,157,160,177,178,179,199,200,201,202,203,221,222,223,224,243,244,245,246,247,265,266,287
210,210,67
1,2,3,4,5,6,7,8,10,11,23,24,25,26,27,28,29,30,31,33,34,45,46,47,48,49,50,51,52,67,68,69,70,71,72,89,90,91,92,94,95,111,112,113,114,115,116,133,134,135,136,137,138,139,155,156,160,177,178,199,200,201,221,222,223,243,244
75,75,48
1,2,3,4,5,6,7,8,9,23,24,25,26,27,28,29,45,46,47,48,49,50,51,67,68,69,70,71,72,89,90,91,92,94,111,112,113,114,115,116,133,134,135,138,139,155,177,221
305,305,31
1,2,3,10,16,18,23,24,29,33,45,46,47,55,67,78,83,94,105,123,143,145,169,212,219,221,234,240,252,258,262
229,229,23
1,10,12,29,51,83,84,94,105,197,198,217,218,219,220,240,249,259,280,285,286,327,330
67,67,20
13,29,51,94,211,218,219,220,238,242,249,260,280,304,307,326,327,328,329,330
397,397,13
29,94,211,220,260,262,282,307,308,326,327,328,330
95,95,19
1,2,16,17,36,37,39,40,58,80,81,82,103,104,125,126,127,148,172
254,254,12
197,236,241,259,263,286,305,307,308,326,327,330
120,120,10
242,259,263,285,286,308,326,327,328,330
167,167,11
185,209,242,304,305,307,308,327,328,329,330
542,542,14
18,125,127,170,187,209,283,304,305,307,308,327,329,330
554,554,24
18,19,21,22,39,43,44,64,66,83,87,105,125,126,127,162,172,210,258,307,308,327,329,330
22,22,35
14,16,17,18,19,20,21,22,39,40,41,42,43,44,62,63,64,65,66,84,85,86,87,88,106,107,108,109,110,131,132,152,154,176,198
232,232,55
13,14,15,16,17,18,19,20,21,22,37,38,39,40,41,42,43,44,61,62,63,64,65,66,79,80,82,83,84,85,86,87,88,103,104,105,106,107,108,109,110,125,126,128,129,130,131,132,153,154,170,171,172,197,198
501,501,75
12,13,14,15,16,17,18,19,20,21,22,34,35,36,37,38,39,40,41,42,43,44,58,59,60,61,62,63,64,65,66,82,83,84,85,86,87,88,103,104,105,106,107,108,109,110,126,127,128,129,130,131,132,148,149,150,151,152,153,154,172,173,174,175,176,195,196,197,198,219,220,242,262,264,286
342,342,89
10,11,12,13,14,15,16,17,18,19,20,21,22,32,34,35,36,37,38,39,40,41,42,43,44,56,57,59,60,61,62,63,64,65,66,79,80,81,82,83,84,85,86,87,88,103,104,105,106,107,108,109,110,125,126,127,128,129,130,131,132,147,149,150,151,152,153,154,171,172,173,174,175,176,195,196,197,198,218,219,220,240,241,242,263,264,285,286,308
514,514,103
10,11,12,13,14,15,16,17,18,19,20,21,22,32,33,34,35,36,37,38,39,40,41,42,43,44,55,56,57,58,59,60,61,62,63,64,65,66,79,80,81,82,83,84,85,86,87,88,101,102,103,104,105,106,107,108,109,110,124,125,126,127,128,129,130,131,132,147,148,149,150,151,152,153,154,170,171,172,173,174,175,176,193,194,195,196,197,198,211,217,218,219,220,239,240,241,242,262,263,264,285,286,308
330,330,117
8,9,10,11,12,31,32,33,34,35,36,54,55,56,57,58,59,60,75,77,78,79,80,81,82,83,84,100,101,102,103,104,105,106,107,108,122,123,124,125,126,127,128,129,130,131,132,144,145,146,147,148,149,150,151,152,153,154,166,168,169,170,171,172,173,174,175,176,188,189,190,191,192,193,194,195,196,197,198,213,214,215,216,217,218,219,220,235,236,237,238,239,240,241,242,258,259,260,261,262,263,264,282,283,284,285,286,304,305,306,307,308,326,327,328,329,330
323,323,120
60,72,73,74,75,76,93,95,96,97,98,99,116,117,118,119,120,121,122,123,138,140,141,142,143,144,145,146,147,162,163,164,165,166,167,168,169,170,171,185,186,187,188,189,190,191,192,193,194,206,207,208,209,210,211,212,213,214,215,216,217,228,229,230,231,232,233,234,235,236,237,238,239,240,241,252,253,254,255,256,257,258,259,260,261,262,263,264,276,277,278,279,280,281,282,283,284,285,286,299,300,301,302,303,304,305,306,307,308,320,321,322,323,324,325,326,327,328,329,330
256,256,102
23,45,46,67,68,69,90,91,92,93,94,111,112,113,114,115,116,117,135,136,137,138,140,155,156,157,158,159,160,161,162,163,179,180,181,182,183,184,185,186,187,200,201,202,203,204,205,206,207,208,209,210,223,224,225,226,227,228,229,230,231,232,246,247,248,249,250,251,252,253,254,255,256,269,270,271,272,273,274,275,276,277,278,279,292,293,294,295,296,297,298,299,300,301,317,318,319,320,321,322,323,324
338,338,69
89,111,112,133,134,135,136,155,156,157,158,159,177,178,179,180,181,182,199,200,201,202,203,204,221,222,223,224,225,226,243,244,245,246,247,248,249,250,251,265,266,267,268,269,270,271,272,273,287,288,289,290,291,292,293,294,295,296,309,310,311,312,313,314,315,316,317,318,319
456,456,41
89,111,112,133,134,155,156,157,177,178,199,200,201,221,222,223,243,244,245,246,265,266,267,268,269,270,287,288,289,290,291,292,293,309,310,311,312,313,314,315,316
495,495,13
221,243,244,245,265,266,267,287,288,289,309,310,312
511,511,13
5,6,8,10,19,21,22,30,32,121,150,239,259
174,174,52
4,5,6,7,8,9,10,12,13,18,20,24,25,30,31,32,35,41,56,67,68,77,78,79,82,100,102,103,115,120,121,122,134,142,143,150,151,161,164,178,184,187,200,202,207,208,217,225,239,248,274,313
416,416,46
5,9,10,13,21,22,25,28,32,68,73,75,77,79,90,91,93,100,102,115,120,122,136,140,142,150,161,162,165,177,178,179,184,185,200,204,217,225,249,279,309,312,313,314,317,318
567,567,55
4,5,6,10,12,19,22,24,27,28,48,50,68,72,73,77,78,79,80,81,89,90,92,112,113,115,122,142,143,150,161,163,166,177,178,180,184,185,186,196,200,201,202,204,207,225,226,253,309,310,311,312,313,314,315
538,538,42
10,13,48,68,69,71,77,81,90,113,121,122,136,142,150,162,163,165,166,177,178,179,180,184,185,186,199,200,201,202,207,225,226,249,287,299,309,310,311,312,313,315
233,233,67
12,28,48,49,50,70,71,72,78,79,81,91,100,101,112,120,121,122,125,134,142,150,159,161,162,163,164,165,166,177,178,179,180,185,186,199,200,201,202,207,208,225,226,227,229,230,243,244,249,253,254,255,263,275,277,287,288,291,293,309,310,311,312,313,314,315,329
440,440,75
7,10,12,28,29,31,48,49,50,55,71,72,81,91,92,100,112,115,118,121,122,125,136,137,150,158,159,161,163,165,166,177,178,179,180,184,185,186,187,199,200,201,202,204,207,222,223,225,226,229,230,244,249,250,251,252,254,255,276,277,278,287,288,289,291,300,301,309,310,311,312,313,314,315,316
221,221,77
13,28,47,48,49,50,51,53,71,72,81,100,113,114,115,120,122,125,136,137,138,141,150,155,158,159,161,163,164,165,166,177,178,179,180,184,185,186,187,199,200,201,202,204,207,208,221,222,223,225,227,230,243,244,248,250,251,252,254,255,267,276,287,288,289,291,292,293,301,309,310,311,312,313,314,324,325
222,222,98
12,29,30,49,50,51,52,53,67,68,69,70,71,72,73,74,80,91,92,94,100,101,102,113,114,115,116,117,125,135,136,137,144,150,151,155,161,162,163,164,177,178,179,180,184,185,186,187,189,199,200,201,202,203,204,206,207,208,209,221,222,223,224,225,226,227,229,230,231,233,243,244,245,246,249,251,252,254,255,278,287,288,289,290,291,292,293,296,309,310,311,312,313,314,315,316,318,324
64,64,93
12,13,47,48,49,50,51,52,67,68,69,70,71,72,80,91,92,93,97,100,113,114,115,116,121,123,136,137,138,139,140,141,144,150,151,159,160,163,164,177,178,179,180,181,184,185,186,187,199,200,201,202,203,204,207,208,221,223,224,225,227,229,230,231,243,244,245,249,253,254,255,274,277,278,279,287,288,289,290,291,292,293,294,299,309,310,311,313,314,315,316,318,325
204,204,87
47,48,49,52,68,69,71,78,80,93,102,103,113,114,115,116,120,123,137,148,150,151,160,163,164,165,166,177,178,179,180,182,185,186,187,199,200,201,202,203,204,208,221,222,223,224,225,226,227,228,230,231,232,242,243,244,245,247,249,250,251,254,255,267,274,277,279,287,288,289,290,291,293,294,295,296,301,309,310,311,312,313,314,315,316,321,323
189,189,68
51,74,80,88,89,91,102,103,113,114,115,116,120,121,124,148,150,151,159,162,177,178,179,180,182,185,186,199,200,201,202,203,205,208,221,222,224,225,226,227,230,232,233,243,244,246,247,248,249,253,255,277,278,279,287,288,289,290,291,293,295,309,310,312,313,314,315,320
308,308,108
52,67,68,70,71,73,74,75,78,80,89,91,92,93,101,102,103,104,111,113,115,116,117,120,121,122,124,125,126,128,136,137,138,139,141,145,148,150,151,156,157,164,165,166,177,178,179,180,181,182,185,186,187,199,200,201,202,203,204,205,207,208,221,222,223,224,225,226,227,231,232,233,239,243,244,245,246,248,249,250,251,254,256,267,275,277,287,288,289,290,291,295,302,303,309,310,311,312,313,314,315,316,317,318,319,321,323,325
318,318,107
52,67,70,80,90,91,92,93,96,98,102,103,104,111,114,115,116,117,120,124,125,126,127,136,137,138,139,140,141,144,147,148,150,156,157,158,159,160,161,164,165,167,177,178,179,180,181,182,185,186,187,199,200,201,202,203,204,205,207,208,209,221,222,223,224,225,226,227,228,231,243,244,245,246,247,249,250,252,253,254,255,267,268,275,278,287,288,289,290,291,292,293,295,300,302,303,309,310,311,312,313,314,315,316,317,320,321
476,476,85
89,92,114,115,116,117,119,120,121,125,128,137,138,139,140,142,144,150,157,158,159,162,164,165,177,178,179,180,181,182,185,186,187,197,199,200,201,202,203,204,205,207,208,209,221,222,223,224,225,227,231,243,244,245,246,247,251,253,254,255,272,275,287,288,289,290,291,292,293,295,296,302,303,309,310,311,312,313,314,315,316,317,320,321,326
485,485,99
73,89,91,92,102,103,104,105,117,119,120,121,124,125,126,127,136,137,138,139,140,142,144,145,148,150,155,156,157,158,159,160,161,163,164,165,177,178,179,180,181,182,183,185,186,187,199,200,201,202,203,204,205,206,207,208,209,221,222,223,224,225,226,227,228,229,243,244,247,249,250,251,253,254,267,269,270,279,286,287,288,289,290,291,292,295,309,310,311,312,313,314,315,316,317,318,321,323,327
449,449,112
76,93,94,95,96,100,102,114,115,116,117,118,119,120,121,125,126,127,134,136,137,138,139,140,142,144,145,150,155,156,157,158,159,160,161,162,163,164,165,166,177,178,179,180,181,182,183,185,186,187,188,197,199,200,201,202,203,204,205,208,221,222,223,224,225,227,230,231,232,243,244,245,246,247,248,249,250,251,252,253,254,255,256,268,269,271,272,275,279,280,287,288,289,290,291,292,293,294,295,296,302,309,310,311,312,314,315,316,317,318,319,321
143,143,103
51,72,76,96,97,99,103,104,115,117,118,119,120,121,122,125,126,127,128,135,136,137,138,139,140,141,142,143,144,145,150,156,157,158,159,160,161,163,164,166,177,178,179,180,181,182,183,185,186,187,199,200,201,202,203,204,205,208,209,221,222,223,224,225,226,227,228,230,231,243,244,246,248,251,255,267,268,269,271,275,280,287,288,289,290,291,292,293,295,296,298,303,309,310,311,312,313,314,315,316,317,321,327
127,127,99
51,62,76,83,96,97,100,105,116,117,118,119,120,121,136,137,138,139,140,141,142,143,144,150,151,156,157,158,159,160,161,162,163,164,177,178,179,180,181,182,183,185,186,188,199,200,201,202,203,204,205,207,208,221,222,223,224,225,226,227,228,230,243,244,245,246,248,250,254,255,268,270,271,275,280,287,288,289,290,291,292,293,294,295,302,303,309,310,311,312,313,316,317,318,319,320,321,323,327
173,173,101
93,105,115,116,117,118,122,127,128,135,136,138,140,142,143,144,147,150,151,155,156,157,158,159,160,161,162,164,167,177,178,179,180,181,182,183,185,186,199,200,201,202,203,204,205,206,207,208,209,210,221,222,223,224,225,226,227,228,230,231,238,242,243,244,245,246,248,250,252,253,254,255,268,270,271,275,276,280,281,287,288,289,290,291,292,294,295,298,299,300,303,309,310,311,312,313,314,315,316,317,327
166,166,109
93,99,115,116,117,118,120,121,122,126,127,129,137,138,139,141,142,143,144,145,149,150,151,153,156,157,158,159,160,161,162,163,165,166,177,178,179,180,181,182,183,184,185,186,187,199,200,201,202,203,204,205,206,207,208,209,210,221,222,223,224,225,226,227,228,230,231,243,244,245,246,247,248,249,253,254,256,267,268,270,271,274,275,276,279,280,281,287,288,289,290,291,292,294,295,299,309,310,311,312,313,314,315,316,318,319,320,321,323
488,488,102
99,103,110,115,117,120,126,137,138,142,143,144,145,147,150,157,158,159,161,162,163,164,165,166,170,177,178,179,180,181,182,183,184,185,186,187,199,200,201,202,203,204,205,206,207,208,209,210,221,222,223,224,225,226,227,228,229,230,243,244,245,246,247,248,249,251,256,259,267,268,269,270,271,272,273,274,275,276,287,288,289,290,291,292,293,294,295,298,299,301,309,310,311,312,313,315,316,317,319,323,325,326
429,429,69
27,120,121,127,138,140,142,143,144,149,150,157,158,160,162,163,177,178,179,180,181,182,183,184,185,199,200,201,202,203,204,205,207,208,209,221,222,223,224,225,226,227,228,230,231,243,244,245,246,250,267,271,287,288,289,290,291,292,293,294,295,296,309,310,311,313,315,316,318
173,173,100
106,118,120,121,126,127,131,132,138,139,140,141,142,143,144,150,153,155,156,158,159,160,161,162,163,177,178,179,180,181,182,183,184,185,186,187,188,199,200,201,202,203,204,205,206,207,208,211,221,222,223,224,225,226,227,228,229,230,231,243,244,245,246,247,248,249,250,251,265,267,268,269,271,272,273,274,275,276,287,288,289,290,291,292,293,294,295,296,298,305,309,310,311,312,313,315,316,317,319,325
181,181,97
7,100,118,119,120,121,127,138,140,141,142,143,144,145,149,150,152,158,159,160,161,162,163,164,177,178,179,180,181,182,183,184,185,186,199,200,201,202,203,204,205,206,207,209,211,221,222,223,224,225,226,227,228,229,230,233,243,244,245,246,247,248,250,251,252,258,265,267,268,271,273,274,275,276,287,288,289,290,291,292,293,294,295,296,299,309,310,311,313,314,315,317,318,319,321,323,325
389,389,95
99,119,120,121,126,129,139,141,142,143,144,145,149,150,154,157,158,159,160,161,162,163,177,178,179,180,181,182,183,185,186,187,199,200,201,202,203,204,205,206,207,208,211,221,222,223,224,225,226,227,228,229,230,231,233,243,244,245,246,247,248,249,250,251,262,265,267,268,269,271,273,274,276,287,288,289,290,291,292,293,294,295,296,298,302,309,310,311,312,313,314,316,317,318,325
482,482,94
11,99,100,106,107,120,121,122,127,140,143,144,145,147,150,151,153,158,159,160,161,162,163,164,177,179,180,181,182,183,184,185,186,187,199,200,201,202,203,204,205,206,207,208,211,221,222,223,224,225,226,227,228,229,230,231,233,243,244,245,246,247,249,253,265,267,271,272,273,274,281,287,288,289,290,291,292,293,294,295,296,298,302,309,310,311,313,314,316,318,319,321,323,325
174,174,106
83,118,119,120,122,127,140,141,142,143,144,147,149,150,151,158,159,160,161,162,163,164,165,177,178,179,180,181,182,183,184,185,186,187,188,199,200,201,202,203,204,205,206,207,208,209,210,211,221,222,223,224,225,226,227,229,230,231,243,244,245,246,247,248,249,250,251,256,261,265,267,268,269,273,274,275,276,281,284,287,288,289,290,291,292,293,294,295,296,298,299,302,309,310,311,312,313,314,316,317,318,322,323,324,325,326
518,518,87
99,100,120,121,139,140,144,149,158,159,160,161,162,163,164,165,166,175,177,178,179,180,181,182,183,184,185,189,199,200,201,202,203,204,205,206,207,208,210,221,222,223,224,225,226,227,228,231,232,233,243,244,245,246,247,249,250,251,252,253,261,265,268,287,288,289,290,291,292,293,294,295,298,300,301,302,303,309,310,311,313,314,318,321,322,323,325
483,483,90
49,122,140,144,149,153,160,161,162,163,164,165,166,176,177,178,179,180,181,182,183,184,185,186,188,199,200,201,202,203,204,205,206,207,208,210,211,221,222,223,224,225,226,227,228,231,243,244,245,246,247,250,253,256,265,266,267,268,271,273,274,275,276,277,278,287,288,289,290,291,292,293,294,295,298,299,300,301,302,303,304,309,310,311,312,313,315,316,324,325
163,163,102
120,121,122,132,139,140,144,149,152,153,154,159,160,162,163,164,165,166,175,176,177,178,179,180,181,182,183,184,185,186,187,188,199,200,201,202,203,204,205,206,207,208,210,211,221,222,223,224,225,226,227,228,229,231,243,244,245,246,247,249,250,251,252,258,265,267,268,270,271,276,277,279,287,288,289,290,291,292,293,294,295,296,298,299,300,303,304,306,309,310,311,312,313,315,316,317,318,319,322,323,324,325
284,284,69
1,6,122,132,144,149,152,154,160,161,162,163,164,166,179,180,181,182,183,184,185,186,187,188,199,200,201,202,203,204,205,206,207,211,221,222,223,224,225,226,231,243,244,245,247,250,251,265,268,288,289,290,291,292,293,294,295,296,300,309,310,311,312,313,315,316,317,324,325
137,137,105
1,7,23,81,103,131,132,144,149,151,152,153,154,161,162,163,164,165,166,174,175,176,179,180,181,182,183,184,185,186,187,188,199,200,201,202,203,204,205,206,207,208,209,210,211,221,222,223,224,225,226,227,228,231,243,244,245,246,247,248,249,250,251,252,253,256,265,266,267,268,269,273,276,277,278,287,288,289,290,291,292,293,294,295,298,299,300,302,304,306,309,310,311,312,313,314,315,316,317,318,323,324,325,326,327
79,79,110
1,8,23,45,85,122,126,129,130,131,132,144,148,149,152,153,154,160,161,162,163,164,165,166,173,175,176,178,179,180,181,182,183,184,185,186,187,188,199,200,201,202,203,204,205,206,207,208,209,210,211,221,222,223,224,225,226,227,228,229,231,232,233,243,244,245,246,247,248,249,250,251,252,253,256,265,266,267,268,269,274,275,277,278,279,287,288,289,290,291,292,293,294,295,296,297,298,299,303,309,310,311,312,313,314,315,317,318,319,323
68,68,57
1,23,45,149,152,153,154,162,165,175,176,181,182,183,184,185,186,187,199,200,201,202,203,204,205,206,207,208,221,222,223,224,225,226,227,243,244,245,246,265,288,289,290,291,293,294,295,296,298,300,309,312,313,314,315,316,317
268,268,88
1,2,23,24,45,105,129,130,131,148,149,150,154,161,165,166,176,179,181,182,183,184,185,186,187,188,199,200,201,202,203,204,205,206,207,208,209,210,221,222,223,224,225,226,227,228,229,231,243,244,245,246,247,248,249,250,265,266,267,268,269,270,275,277,278,279,287,288,289,290,291,292,293,294,295,297,298,299,300,309,310,311,312,313,314,315,317,319
369,369,76
1,2,23,45,67,149,152,153,162,163,165,166,180,181,182,184,185,186,187,188,199,200,201,202,203,204,205,206,207,208,209,210,211,221,222,223,224,225,226,227,228,229,231,243,244,245,246,247,248,257,265,267,268,271,272,287,288,289,290,291,292,293,294,295,296,300,303,309,310,311,312,313,314,315,316,317
542,542,90
1,2,24,45,67,105,129,130,148,149,152,153,154,161,162,165,166,176,179,180,181,182,183,184,185,186,187,188,199,200,201,202,203,204,205,206,207,208,209,210,211,221,222,223,224,225,226,227,228,229,230,232,243,244,245,246,247,248,249,250,265,266,267,268,275,278,287,288,289,290,291,292,293,294,295,296,297,298,299,300,301,302,309,310,311,312,313,314,315,318
509,509,86
1,2,3,23,24,45,46,67,89,130,148,153,154,165,166,176,177,179,180,181,182,183,184,185,186,187,188,189,199,200,201,202,203,204,205,206,207,208,209,210,221,222,223,224,225,226,227,228,229,233,243,244,245,246,247,248,249,250,251,265,266,267,272,281,282,288,289,290,291,292,293,294,296,297,298,305,309,310,311,312,313,314,315,316,317,318
161,161,106
2,3,18,23,24,25,45,46,67,68,84,89,105,106,107,108,128,129,130,131,148,153,165,166,176,180,181,182,183,184,185,186,187,188,189,199,200,201,202,203,204,205,206,207,208,209,210,211,215,221,222,223,224,225,226,227,228,229,230,233,243,244,245,246,247,248,249,250,251,253,265,266,267,271,273,278,279,281,282,287,288,289,290,291,292,293,294,295,296,297,298,299,300,301,309,310,311,312,313,314,315,316,317,318,319,320
559,559,62
3,23,24,25,46,68,111,183,184,185,186,187,189,199,200,201,202,203,204,205,206,208,209,221,222,223,225,226,227,228,231,233,243,244,245,246,247,248,251,265,266,267,273,287,288,289,290,293,294,295,296,297,298,299,309,310,311,314,315,316,317,318
280,280,35
66,88,109,110,131,132,153,154,175,176,196,197,198,218,219,220,240,241,242,262,263,264,283,284,285,286,305,306,307,308,326,327,328,329,330
379,379,77
19,20,40,41,42,62,63,64,65,83,84,85,86,87,104,105,106,107,126,127,128,129,130,141,148,149,150,151,152,169,170,171,172,173,174,191,192,193,194,195,196,212,213,214,215,216,217,234,235,236,237,238,256,257,258,259,260,277,278,279,280,281,282,298,299,300,301,302,303,320,321,322,323,324,325,326,327
530,530,113
13,14,15,16,17,18,34,35,36,37,38,39,56,57,58,59,60,61,71,77,78,79,80,81,82,98,99,100,101,102,103,104,120,121,122,123,124,125,126,141,142,143,144,145,146,147,163,164,165,166,167,168,169,170,184,185,186,187,188,189,190,191,206,207,208,209,210,211,212,213,214,227,228,229,230,231,232,233,234,248,249,250,251,252,253,254,255,256,270,271,272,273,274,275,276,277,291,292,293,294,295,296,297,298,313,314,315,316,317,318,319,320,321
538,538,126
7,8,9,10,11,12,13,28,29,30,31,32,33,34,50,51,52,53,54,55,56,69,71,72,73,74,75,76,77,78,92,93,94,95,96,97,98,99,100,114,115,116,117,118,119,120,121,122,135,136,137,138,139,140,141,142,143,144,156,157,158,159,160,161,162,163,178,179,180,181,182,183,184,185,186,199,200,201,202,203,204,205,206,207,208,221,222,223,224,225,226,227,228,229,243,244,245,246,247,248,249,250,265,266,267,268,269,270,271,272,273,287,288,289,290,291,292,293,294,309,310,311,312,313,314,315
372,372,114
1,2,3,4,5,6,7,8,9,10,11,23,24,25,26,27,28,29,30,31,34,45,46,47,48,49,50,51,52,53,54,55,67,68,69,70,71,72,73,74,75,77,89,90,91,92,93,94,95,96,97,98,111,112,113,114,115,116,117,118,133,134,135,136,137,138,139,140,141,155,156,157,158,159,160,161,162,177,178,179,180,181,182,183,184,199,200,201,202,203,204,221,222,223,224,225,226,243,244,245,246,247,265,266,267,268,287,288,289,290,309,310,311,312
411,411,104
1,2,3,4,5,6,7,8,9,10,23,24,25,26,27,28,29,30,31,45,46,47,48,49,50,51,67,68,69,70,71,72,73,74,89,90,91,92,93,94,95,111,112,113,114,115,116,117,118,133,134,135,136,137,138,139,155,156,157,158,159,160,161,162,177,178,179,180,181,182,183,199,200,201,202,203,204,205,221,222,223,224,225,226,243,244,245,246,247,248,265,266,267,268,269,287,288,289,290,291,309,310,311,312
376,376,94
1,2,3,4,5,6,7,8,9,10,11,23,24,25,26,27,28,29,30,31,32,33,45,46,47,48,49,50,51,52,53,54,67,68,69,70,71,72,73,74,75,76,89,90,91,92,93,94,95,96,111,112,113,114,115,116,117,133,134,135,136,137,139,140,155,156,157,158,159,160,161,177,178,179,180,181,182,199,200,201,202,203,221,222,223,224,243,244,245,246,265,285,287,309
452,452,76
1,2,3,4,5,6,7,8,9,11,23,24,25,26,27,28,29,30,31,32,45,46,47,48,49,50,51,52,53,54,67,68,69,70,71,72,73,74,89,90,91,92,93,94,95,111,112,113,114,115,116,133,134,135,136,137,155,156,157,158,177,178,179,180,199,200,201,202,221,222,223,243,244,265,266,287
113,113,53
1,2,3,4,5,6,7,8,10,23,24,25,26,27,45,46,47,48,49,53,67,68,69,70,72,89,90,91,92,93,94,111,112,133,134,137,155,157,158,177,178,181,199,200,202,221,222,223,226,243,244,265,287
496,496,35
1,2,3,4,5,6,7,12,13,14,23,24,25,26,34,35,45,46,47,51,54,67,68,69,72,73,89,90,111,112,114,133,157,178,179
44,44,21
1,2,3,4,12,13,14,23,24,25,34,35,45,46,52,53,67,73,74,89,94
79,79,5
13,14,34,46,52
417,417,4
27,48,50,233
122,122,13
27,29,48,196,227,229,233,234,238,249,276,291,292
398,398,5
242,262,263,283,285
430,430,17
72,92,114,133,150,225,228,229,230,243,250,265,276,291,292,314,315
200,200,15
30,51,71,72,150,209,229,230,231,235,250,251,276,287,297
112,112,13
29,30,51,52,71,73,230,235,254,256,276,293,296
481,481,8
30,50,51,72,73,86,231,273
4,4,8
19,21,22,36,37,42,66,88
343,343,25
16,17,18,19,20,21,22,37,39,41,42,43,44,61,63,64,65,66,86,87,88,110,131,132,154
354,354,46
13,14,15,16,17,18,19,20,21,22,35,36,37,38,39,40,41,42,43,44,57,58,59,61,62,63,64,65,66,84,85,86,87,88,107,108,109,110,129,130,131,132,153,154,175,197
42,42,72
12,13,14,15,16,17,18,19,20,21,22,34,35,36,37,38,39,40,41,42,43,44,56,57,58,59,60,61,62,63,64,65,66,78,80,81,82,83,84,85,86,87,88,91,101,104,105,106,107,108,109,110,127,128,129,130,131,132,151,152,153,154,172,173,174,175,176,195,196,197,198,220
303,303,87
11,12,13,14,15,16,17,18,19,20,21,22,34,35,36,37,38,39,40,41,42,43,44,56,57,58,59,60,61,62,63,64,65,66,78,79,80,81,82,83,84,85,86,87,88,101,102,103,104,105,106,107,108,109,110,124,125,126,127,128,129,130,131,132,147,148,149,150,151,152,153,154,170,171,172,173,174,175,176,194,195,196,197,198,219,220,242
328,328,103
10,11,12,13,14,15,16,17,18,19,20,21,22,32,33,34,35,36,37,38,39,40,41,42,43,44,55,56,57,58,59,60,61,62,63,64,65,66,78,79,80,81,82,83,84,85,86,87,88,101,102,103,104,105,106,107,108,109,110,124,125,126,127,128,129,130,131,132,147,148,149,150,151,152,153,154,171,172,173,174,175,176,193,194,195,196,197,198,215,216,217,218,219,220,239,240,241,242,263,264,286,308,310
356,356,117
9,10,11,12,13,14,32,33,34,35,36,56,57,58,59,60,61,76,77,78,79,80,81,82,83,84,85,86,99,100,101,102,103,104,105,106,107,108,109,122,123,124,125,126,127,128,129,130,131,132,143,144,145,146,147,148,149,150,151,152,153,154,167,168,169,170,171,172,173,174,175,176,190,191,192,193,194,195,196,197,198,213,214,215,216,217,218,219,220,236,237,238,239,240,241,242,259,260,261,262,263,264,282,283,284,285,286,295,304,305,306,307,308,327,328,329,330
127,127,121
5,50,51,52,69,72,74,75,76,95,96,97,98,99,100,101,118,119,120,121,122,123,124,141,142,143,144,145,146,147,148,162,163,164,165,166,167,168,169,170,171,184,185,186,187,188,189,190,191,192,193,194,195,206,207,208,209,210,211,212,213,214,215,216,217,218,230,231,232,233,234,235,236,237,238,239,240,254,255,256,257,258,259,260,261,262,263,264,275,276,277,278,279,280,281,282,283,284,285,286,298,299,300,301,302,303,304,305,306,307,308,321,322,323,324,325,326,327,328,329,330
111,111,103
46,67,68,69,70,71,90,91,92,93,112,113,114,115,117,134,135,136,137,138,139,140,156,157,158,159,160,161,162,163,164,179,180,181,182,183,184,185,186,187,200,201,202,203,204,205,206,207,208,209,210,224,225,226,227,228,229,230,231,232,247,248,249,250,251,252,253,254,255,268,269,270,271,272,273,274,275,276,277,278,291,292,293,294,295,296,297,298,299,300,301,302,314,315,316,317,318,319,320,321,322,323,324
313,313,67
111,112,133,134,135,155,156,157,158,159,161,177,178,179,180,181,182,199,200,201,202,203,204,221,222,223,224,225,226,243,244,245,246,247,248,249,265,266,267,268,269,270,271,272,287,288,289,290,291,292,293,294,295,296,297,309,310,311,312,313,314,315,316,317,318,319,320
141,141,37
67,68,133,134,155,156,177,178,199,200,201,221,222,223,243,244,245,246,265,266,267,268,269,287,288,289,290,291,292,293,309,310,311,312,313,314,315
283,283,7
243,265,266,287,288,309,310
449,449,16
44,65,95,96,97,98,99,118,131,150,238,259,260,264,281,306
442,442,53
11,12,16,44,78,87,88,96,97,98,99,109,110,117,118,119,130,131,132,150,152,153,173,174,176,177,193,204,214,217,218,220,239,240,242,259,260,261,264,275,276,279,281,283,297,299,300,301,303,318,319,327,329
352,352,61
11,12,13,34,57,77,78,88,96,97,98,99,110,115,116,117,118,119,120,130,131,132,139,140,150,152,153,162,172,174,176,177,182,183,204,213,214,215,235,236,239,242,256,260,262,275,276,277,278,281,282,293,295,297,298,299,308,309,319,321,329
438,438,72
10,11,13,34,57,77,78,79,97,98,100,101,110,117,118,119,120,121,130,131,132,136,138,141,142,150,152,153,154,160,162,172,173,174,176,177,194,197,203,213,214,239,244,245,248,257,258,260,261,263,265,266,276,277,278,282,287,290,291,293,295,297,298,299,300,303,308,310,314,315,320,325
476,476,68
10,11,12,14,33,78,79,97,98,99,100,110,114,116,117,118,119,120,121,122,131,150,152,153,154,176,178,195,199,200,202,203,204,217,225,227,239,243,244,248,260,261,265,266,268,277,278,281,282,283,289,290,291,292,298,299,300,301,303,309,310,312,313,314,317,319,320,321
390,390,75
78,79,80,89,98,99,100,101,110,111,112,113,114,116,117,118,119,120,121,122,131,133,136,139,141,142,143,150,152,153,154,159,163,175,177,178,181,183,198,199,202,217,221,222,225,226,239,240,243,244,245,247,258,260,261,265,267,280,282,287,291,292,298,299,300,309,310,311,313,314,317,319,320,321,326
348,348,73
78,79,80,89,98,99,100,101,102,110,111,112,113,114,115,116,117,119,120,121,122,131,133,135,136,140,141,142,143,150,152,153,154,158,159,162,177,178,184,194,201,202,203,204,217,218,219,221,244,245,248,257,258,265,266,267,268,282,283,287,290,291,292,298,299,309,310,311,312,313,314,319,320
198,198,59
79,89,99,100,101,102,111,112,113,115,116,117,119,120,121,122,133,136,137,138,143,150,154,164,175,182,183,184,199,201,202,204,217,219,221,222,224,225,243,244,245,265,266,267,268,283,288,290,291,294,299,309,310,312,313,314,315,318,320
248,248,91
79,80,89,99,100,101,102,111,112,113,114,115,116,117,118,119,120,121,122,123,132,133,136,137,138,142,143,150,153,154,158,159,164,176,178,181,182,183,184,199,200,201,202,203,204,219,221,222,223,224,225,226,243,244,245,246,248,261,265,266,267,268,269,280,281,282,283,287,288,289,290,291,292,293,297,299,300,309,310,311,312,313,314,315,316,317,318,319,320,322,329
215,215,102
89,99,100,101,102,111,112,113,114,115,116,117,118,119,120,121,122,123,132,133,134,135,136,137,138,139,140,141,142,143,144,150,153,154,158,160,164,173,176,178,179,180,181,183,184,198,199,200,201,202,203,204,218,219,221,222,223,224,225,226,227,239,243,244,245,252,265,266,267,268,269,270,281,282,283,285,287,288,289,290,291,292,294,298,299,300,301,309,310,311,312,313,314,315,316,317,318,320,322,323,327,329
233,233,100
81,101,102,103,111,112,113,114,116,117,118,119,120,121,122,123,124,133,135,136,137,138,139,140,141,142,143,144,150,157,159,160,161,162,163,164,165,173,176,178,179,180,181,182,183,184,196,197,198,199,200,201,202,203,204,217,219,221,222,228,231,238,239,240,243,245,246,247,258,259,265,266,267,268,269,270,276,281,282,287,288,290,291,292,294,298,300,303,309,310,311,312,313,314,315,317,318,320,329,330
293,293,62
81,103,111,112,113,114,115,116,117,118,120,121,122,123,138,139,140,143,144,145,150,159,164,175,176,180,182,183,185,202,203,216,217,218,220,238,243,246,260,280,282,285,288,289,290,291,293,294,299,300,301,302,309,310,311,313,314,315,317,318,323,329
88,88,107
81,82,89,101,102,103,111,112,113,114,115,116,117,118,119,120,121,123,124,133,134,135,137,138,139,140,141,142,143,144,145,158,159,160,161,162,163,164,165,176,179,180,181,182,183,184,185,194,195,197,199,200,202,203,204,216,217,218,220,221,222,223,231,239,240,243,245,261,262,265,266,267,268,269,270,272,280,281,282,286,287,288,290,291,292,293,294,298,299,300,301,302,303,304,305,309,310,311,312,313,314,315,316,317,318,319,323
466,466,103
63,81,82,102,111,112,113,114,115,116,117,118,119,120,121,123,124,133,134,135,136,137,138,139,140,141,142,143,144,145,150,158,159,160,162,164,165,175,179,180,181,182,184,185,186,194,197,198,199,200,201,202,203,217,221,222,223,224,229,243,244,247,248,259,260,261,263,265,268,269,270,279,280,281,282,287,288,289,290,291,292,293,294,299,300,301,302,304,305,309,310,311,312,313,314,315,316,317,318,319,322,323,326
494,494,64
102,111,112,113,114,115,116,121,122,124,133,134,135,136,137,138,139,140,142,143,158,159,162,165,179,180,181,182,184,185,200,201,203,221,244,248,249,259,261,269,279,281,282,287,288,289,290,292,293,294,299,302,304,310,311,312,313,314,315,316,317,318,319,323
157,157,66
102,104,111,113,114,120,121,124,133,134,135,136,137,138,139,140,141,142,145,158,160,161,162,163,164,165,166,167,179,180,181,183,184,199,201,202,203,221,222,241,244,269,270,272,279,281,282,283,287,289,293,297,302,309,310,311,312,313,314,315,316,317,318,319,324,326
88,88,90
102,104,111,112,113,114,115,120,121,122,123,124,125,133,134,135,136,137,138,139,140,141,145,146,157,158,159,160,161,162,163,164,165,166,179,180,181,183,184,185,199,200,201,202,204,221,222,225,231,241,243,244,245,246,248,249,261,265,268,269,270,271,274,280,282,283,288,289,290,291,293,294,295,300,302,309,310,311,312,313,315,316,317,318,319,320,323,325,326,329
181,181,109
2,3,4,83,111,112,113,114,120,121,122,123,124,125,133,134,135,136,137,138,139,140,141,142,143,144,146,150,157,158,159,160,161,162,164,165,166,179,180,181,182,183,184,185,199,200,201,202,203,204,221,222,226,231,234,236,241,243,244,245,246,249,254,259,261,262,265,267,268,269,270,278,279,280,281,283,285,287,288,289,290,291,292,293,294,295,297,299,301,302,303,304,305,309,310,311,312,313,314,315,316,317,318,319,320,321,326,329,330
446,446,87
2,3,4,13,104,105,111,112,113,114,120,121,122,123,125,133,134,135,136,137,138,139,140,141,142,143,146,157,158,159,160,161,162,163,164,165,167,168,179,180,181,183,184,185,186,199,200,201,202,204,221,222,224,241,243,249,263,265,266,268,269,270,271,281,287,288,289,290,291,293,294,295,299,308,309,310,311,312,313,315,316,317,318,319,320,321,329
