504,476
231,231,16
64,86,218,240,241,245,261,262,263,264,283,284,285,286,308,329
215,215,63
1,15,17,18,37,38,39,41,42,61,62,63,64,65,81,84,85,86,87,106,108,109,129,130,131,145,152,153,172,173,174,175,195,198,215,218,219,233,239,240,241,242,255,260,261,262,263,264,283,284,285,286,304,305,306,307,308,311,324,325,328,329,330
215,215,58
14,39,41,59,60,61,63,64,65,81,82,83,84,86,106,108,128,131,145,149,154,172,173,175,181,194,195,196,216,219,233,238,239,240,241,242,260,261,262,263,264,282,283,284,285,286,302,303,304,305,306,307,308,324,325,328,329,330
366,366,53
8,37,39,59,61,63,64,65,81,82,83,84,85,86,87,105,106,108,126,131,149,154,174,175,176,193,195,196,197,198,215,219,240,241,242,261,262,264,283,284,285,286,304,305,306,307,308,324,325,327,328,329,330
402,402,29
39,61,63,64,65,82,83,108,131,175,198,219,241,242,262,263,264,282,283,284,285,305,306,307,308,325,328,329,330
64,64,21
62,83,84,85,105,109,175,242,262,263,264,283,285,286,305,306,307,308,328,329,330
512,512,6
83,264,305,306,307,330
300,300,6
200,271,289,290,311,314
430,430,17
164,185,186,200,222,223,243,267,271,288,289,290,309,312,313,316,318
211,211,12
61,83,85,128,130,131,151,152,153,251,256,264
12,12,41
98,133,177,199,208,229,230,243,244,246,250,251,265,266,267,271,272,273,287,288,289,290,293,294,295,298,300,309,310,311,312,313,314,315,316,317,318,319,320,322,326
25,25,51
111,133,155,185,199,200,206,209,221,222,229,230,243,244,245,246,247,250,251,265,266,267,268,269,271,272,283,287,288,289,290,291,292,293,294,295,300,304,309,310,311,312,313,314,315,316,317,318,321,323,325
427,427,66
155,177,178,179,180,199,200,201,202,221,222,223,224,225,226,227,228,243,244,245,246,247,248,249,250,251,265,266,267,268,269,270,271,272,273,283,287,288,289,290,291,292,293,294,295,296,297,299,301,309,310,311,312,313,314,315,316,317,318,319,320,321,322,323,325,329
310,310,81
155,177,178,179,199,200,203,204,221,222,223,224,225,226,227,228,229,231,243,244,245,246,247,248,249,250,251,253,256,265,266,267,268,269,270,271,272,275,277,278,279,282,283,287,288,289,290,291,292,293,294,295,296,297,298,299,300,301,302,303,304,309,310,311,312,313,314,315,316,317,318,319,320,321,322,323,324,325,326,327,329
81,81,94
41,155,199,200,201,202,203,204,205,221,222,223,224,225,226,228,229,230,234,243,244,245,246,247,248,249,250,251,254,255,256,265,266,267,268,269,270,271,272,273,274,275,276,277,278,279,280,281,282,283,284,287,288,289,290,291,292,293,294,295,296,297,298,299,300,301,302,303,304,306,307,308,309,310,311,312,313,314,315,316,317,318,319,320,321,322,323,324,325,326,327,328,329,330
89,89,102
202,203,204,212,221,222,223,224,225,226,227,228,234,235,236,237,243,244,245,246,247,248,249,250,251,252,253,254,255,256,257,258,259,260,261,262,263,265,266,267,268,269,270,271,272,273,274,275,276,278,279,280,281,282,283,284,285,286,287,288,289,290,291,292,293,294,295,296,297,298,299,300,301,302,303,304,305,306,307,308,309,310,311,312,313,314,315,316,317,318,319,320,321,322,323,324,325,326,327,328,329,330
235,235,109
203,212,213,215,216,221,222,223,224,225,226,227,228,229,231,232,234,235,237,238,241,242,243,244,245,246,247,248,249,250,251,252,253,254,256,257,258,259,260,261,262,263,264,265,266,267,268,269,270,271,272,273,274,275,276,277,278,279,280,281,282,283,284,285,286,287,288,289,290,291,292,293,294,295,296,297,298,299,300,301,302,303,304,305,306,307,308,309,310,311,312,313,314,315,316,317,318,319,320,321,322,323,324,325,326,327,328,329,330
477,477,117
161,168,169,170,171,172,173,174,175,180,181,182,183,185,187,188,189,190,191,192,193,194,195,196,197,198,201,202,203,204,205,206,209,210,211,212,213,214,215,216,217,218,219,220,222,223,224,225,226,227,228,229,231,232,233,234,235,236,237,238,239,240,241,242,244,245,246,247,249,250,251,252,253,254,255,256,257,258,259,260,261,262,263,264,266,271,272,273,274,275,276,277,278,279,280,281,282,283,284,285,286,293,294,295,296,297,298,299,300,301,302,303,305,308,315,316,325
66,66,106
40,42,43,59,61,62,63,64,65,66,73,79,80,81,82,83,84,85,86,87,88,95,97,101,102,103,104,105,106,107,108,109,110,117,118,121,122,123,124,125,126,127,128,129,130,131,132,139,143,144,145,146,147,148,149,150,151,152,153,154,158,164,165,166,167,169,170,171,172,173,174,175,176,185,186,187,188,189,191,192,193,194,195,196,197,198,210,211,213,214,215,216,217,218,219,220,232,233,234,235,236,238,239,240,241,242
220,220,96
7,8,9,10,11,13,14,15,16,17,18,19,20,21,22,27,29,30,31,32,33,34,36,37,38,39,40,41,42,43,44,54,55,56,57,60,61,62,63,64,65,66,73,75,77,78,79,80,82,83,84,85,86,87,88,95,96,97,98,99,100,101,102,103,104,105,106,107,108,109,110,121,122,123,124,125,126,127,128,129,130,131,132,143,144,146,147,148,149,150,151,152,153,154,166,176
454,454,71
1,2,5,6,9,10,11,12,13,14,15,16,17,18,19,20,21,22,27,28,30,31,32,33,34,35,36,37,38,39,40,41,42,43,44,52,53,54,55,56,57,58,59,60,61,62,63,64,65,66,75,76,77,78,79,80,81,82,83,84,85,86,87,88,97,98,99,100,101,104,122
469,469,55
5,6,7,8,9,10,11,12,13,14,15,16,17,18,19,20,21,22,30,31,32,33,34,35,36,37,38,39,40,41,42,43,44,48,53,54,55,56,57,58,61,62,63,64,66,74,75,76,77,78,79,83,97,99,100
148,148,30
9,10,11,12,13,14,15,16,17,18,19,20,21,22,31,32,33,34,39,42,53,54,55,56,57,58,76,77,79,80
366,366,7
27,262,285,286,307,328,330
214,214,39
157,173,174,175,176,194,195,196,197,198,217,218,219,220,239,240,241,242,260,261,262,263,264,278,282,283,284,285,286,305,306,307,308,322,326,327,328,329,330
47,47,58
1,67,70,89,90,111,112,130,131,135,150,151,152,153,154,157,172,173,174,175,176,178,179,194,195,196,197,198,216,217,218,219,220,238,239,240,241,242,245,260,261,262,263,264,283,284,285,286,300,304,305,306,307,308,327,328,329,330
135,135,81
1,2,23,24,25,26,45,46,47,48,67,68,69,70,71,86,88,106,107,108,109,127,128,129,130,131,132,135,147,150,151,152,153,154,156,157,158,172,173,174,175,176,178,179,194,195,196,197,198,201,216,217,218,219,220,237,238,239,240,241,242,260,261,262,263,264,278,283,284,285,286,300,304,305,306,307,308,327,328,329,330
58,58,95
5,26,27,63,64,65,66,83,84,85,86,87,88,105,106,107,108,109,110,117,127,128,129,130,131,132,149,150,151,152,153,154,158,169,171,172,173,174,175,176,178,179,180,184,193,194,195,196,197,198,201,215,216,217,218,219,220,237,238,239,240,241,242,244,245,255,256,260,261,262,263,264,265,278,281,282,283,284,285,286,299,300,304,305,306,307,308,321,322,323,324,327,328,329,330
199,199,82
15,18,41,42,43,61,62,63,64,65,66,83,84,85,86,87,88,105,106,107,108,109,110,127,128,129,130,131,132,149,150,151,152,153,154,171,172,173,174,175,176,184,194,195,196,197,198,216,217,218,219,220,237,238,239,240,241,242,245,256,260,261,262,263,264,283,284,285,286,300,304,305,306,307,308,322,323,324,327,328,329,330
38,38,68
18,41,62,63,64,83,84,85,86,87,88,105,106,107,108,109,110,127,128,129,130,131,132,150,151,152,153,154,172,173,174,175,176,194,195,196,197,198,216,217,218,219,220,237,238,239,240,241,242,260,261,262,263,264,283,284,285,286,304,305,306,307,308,322,327,328,329,330
168,168,11
128,130,150,151,152,173,175,194,196,286,308
445,445,23
23,45,67,89,90,91,111,112,113,133,134,135,155,156,177,178,199,200,221,222,223,243,265
452,452,48
67,68,69,89,90,92,93,94,111,112,114,116,133,134,137,155,156,157,158,159,160,177,178,179,181,199,200,203,221,222,223,225,243,244,247,265,266,267,268,269,287,288,289,290,291,311,312,313
351,351,70
10,11,32,33,34,49,53,54,55,71,76,92,96,97,98,115,119,120,133,134,138,139,140,141,142,155,156,157,159,160,161,163,177,178,181,182,183,199,203,204,205,221,224,225,226,227,243,246,247,248,249,265,267,268,269,270,271,272,288,289,290,291,292,293,310,311,312,313,314,315
331,331,94
13,14,15,34,35,36,37,38,44,55,56,57,58,77,78,79,98,99,100,101,102,120,121,122,123,142,143,144,145,146,163,164,165,166,167,168,182,183,184,185,186,187,188,189,190,204,205,206,207,208,209,210,211,225,226,227,228,229,230,231,232,246,247,248,249,250,251,252,253,268,269,270,271,272,273,274,287,290,291,292,293,294,295,296,297,311,312,313,314,315,316,317,318,319
360,360,109
15,16,17,18,36,37,38,39,58,59,60,61,62,80,81,82,83,84,101,102,103,104,105,106,122,123,124,125,126,127,128,143,144,145,146,147,148,149,165,166,167,168,169,170,171,186,187,188,189,190,191,192,193,208,209,210,211,212,213,214,215,230,231,232,233,234,235,236,237,252,253,254,255,256,257,258,259,271,273,274,275,276,277,278,279,280,281,290,293,294,295,296,297,298,299,300,301,302,303,314,316,317,318,319,320,321,322,323,324
354,354,111
18,19,20,39,40,41,42,60,61,62,63,80,81,82,83,84,85,86,93,102,103,104,106,107,108,124,125,126,127,128,129,130,147,148,149,150,151,152,153,168,169,170,171,172,173,174,175,191,192,193,194,195,196,197,212,213,214,215,216,217,218,219,233,234,235,236,237,238,239,240,241,254,255,256,257,258,259,260,261,262,275,276,277,278,279,280,281,282,283,284,298,299,300,301,302,303,304,305,306,307,319,320,321,322,323,324,325,326,327,328,329
387,387,101
18,19,20,21,22,40,41,42,43,44,63,64,65,66,83,84,85,86,87,88,104,105,106,107,108,109,110,126,127,128,129,130,131,132,149,150,151,152,153,154,171,172,173,174,175,176,191,192,193,194,195,196,197,198,213,214,215,216,217,218,219,220,235,236,237,238,239,240,241,242,257,258,259,260,261,262,263,264,279,280,281,282,283,284,285,286,301,303,304,305,306,307,308,323,324,325,326,327,328,329,330
111,111,92
18,19,20,21,22,40,41,42,43,44,62,63,64,65,66,83,84,85,86,87,88,105,106,107,108,109,110,127,128,129,130,131,132,149,150,151,152,153,154,171,172,173,174,175,176,193,194,195,196,197,198,215,216,217,218,219,220,236,237,238,239,240,241,242,258,259,260,261,262,263,264,280,281,282,283,284,285,286,302,303,304,305,306,307,308,324,325,326,327,328,329,330
386,386,87
19,20,21,22,40,41,42,43,44,62,63,64,65,66,84,85,86,87,88,107,108,109,110,128,129,130,131,132,150,151,152,153,154,169,170,171,172,173,174,175,176,192,193,194,195,196,197,198,214,215,216,217,218,219,220,237,238,239,240,241,242,259,260,261,262,263,264,281,282,283,284,285,286,302,303,304,305,306,307,308,324,325,326,327,328,329,330
363,363,81
19,20,21,22,42,43,44,62,63,64,65,66,84,85,86,87,88,106,107,108,109,110,128,129,130,131,132,150,151,152,153,154,173,174,175,176,192,194,195,196,197,198,216,217,218,219,220,237,238,239,240,241,242,259,260,261,262,263,264,280,281,282,283,284,285,286,302,303,304,305,306,307,308,323,324,325,326,327,328,329,330
265,265,76
19,20,21,22,42,43,44,63,64,65,66,84,85,86,87,88,106,107,108,109,110,127,128,129,130,131,132,147,150,151,152,153,154,169,171,172,173,174,176,191,194,195,198,216,217,218,219,220,236,238,241,242,259,262,263,264,275,281,282,284,285,286,302,303,304,305,306,307,308,324,325,326,327,328,329,330
72,72,69
21,22,41,42,43,44,63,64,65,66,85,86,87,88,107,108,109,110,128,129,130,131,132,149,150,151,152,153,154,170,171,172,173,174,175,176,193,194,195,196,197,198,215,216,217,218,219,220,232,238,239,240,241,242,260,261,262,263,264,283,284,285,286,297,307,308,328,329,330
124,124,62
21,22,34,44,56,57,65,66,79,80,88,102,110,131,132,147,149,153,171,174,175,176,192,196,197,198,213,215,216,219,220,232,234,236,240,241,242,253,256,258,259,264,270,274,275,278,280,285,286,291,297,302,303,307,308,321,325,326,327,328,329,330
134,134,50
44,58,79,88,103,140,142,148,160,161,163,182,183,184,187,190,208,212,216,230,231,232,234,235,249,254,258,270,273,275,278,280,281,291,292,294,302,303,304,313,314,316,318,324,325,326,327,328,329,330
25,25,17
14,35,36,57,166,208,226,229,230,279,294,301,302,315,316,322,323
148,148,28
11,12,13,14,33,34,35,36,55,56,57,58,78,79,142,164,185,208,209,231,233,253,256,279,297,314,319,326
142,142,20
11,12,13,14,33,34,35,36,55,56,57,58,76,78,100,209,272,276,314,319
342,342,16
11,12,13,33,34,54,55,56,57,78,121,186,209,298,314,319
165,165,8
6,12,13,34,78,209,300,314
76,76,3
75,113,284
276,276,10
45,91,112,113,159,178,219,262,263,306
24,24,23
23,45,68,90,91,112,113,135,138,156,157,159,174,181,182,204,224,226,242,262,263,284,306
552,552,26
45,68,91,92,113,114,157,181,182,202,204,219,224,226,240,241,242,245,247,262,263,264,284,285,286,308
421,421,52
37,45,67,68,89,90,91,111,112,113,134,135,137,155,156,157,163,169,173,174,177,178,179,180,192,196,201,203,207,214,217,218,219,223,225,226,229,235,240,241,242,245,247,250,262,263,264,269,284,306,307,329
199,199,36
67,89,91,112,113,135,136,155,174,177,178,179,200,201,203,217,219,223,239,241,242,245,250,262,263,264,272,284,285,286,306,307,308,310,329,330
212,212,34
55,67,89,91,111,112,113,133,136,155,177,178,201,202,204,218,219,223,224,241,242,243,245,257,262,263,264,272,284,285,286,306,307,308
55,55,55
19,38,60,67,89,105,111,112,113,133,155,169,177,178,179,181,189,191,192,195,196,201,202,216,217,222,223,234,239,240,241,242,243,245,246,250,258,262,263,264,266,267,272,283,284,285,286,302,305,306,307,308,328,329,330
373,373,76
15,16,18,19,38,67,81,89,112,113,133,134,147,151,155,158,167,168,177,178,179,190,191,192,195,196,202,203,212,213,214,217,218,219,220,223,225,234,236,239,241,242,243,244,245,246,249,250,251,258,261,262,263,264,265,266,267,270,280,281,283,284,285,286,287,302,304,305,306,307,308,309,324,325,329,330
349,349,96
16,18,19,38,41,60,61,62,67,81,82,89,105,111,112,133,147,155,168,169,173,177,178,190,191,192,193,194,195,196,200,202,203,204,212,214,215,217,218,219,222,223,224,225,227,228,234,235,236,237,238,239,240,241,242,243,244,245,246,249,250,257,258,259,260,261,262,263,264,265,266,267,271,272,280,281,283,284,285,286,287,302,303,304,305,306,307,308,309,311,324,325,326,328,329,330
506,506,99
15,16,38,40,59,60,81,89,104,105,126,128,133,146,147,155,158,168,169,177,178,181,190,191,192,193,195,202,204,206,212,214,215,216,217,218,219,223,225,226,227,228,229,230,234,235,236,237,238,239,240,241,242,243,244,245,246,247,250,251,252,257,258,259,260,261,262,263,264,265,266,267,272,273,280,281,282,283,284,285,286,287,296,302,303,304,305,306,307,308,309,317,324,325,326,327,328,329,330
213,213,106
1,15,16,18,37,38,39,40,58,59,60,61,63,76,80,81,82,83,89,103,104,105,106,126,128,148,155,168,169,175,177,178,184,190,191,192,193,194,195,202,204,205,211,214,215,216,217,219,224,225,226,227,230,233,234,236,238,239,240,241,242,243,244,245,246,249,250,251,257,258,259,260,261,262,263,264,265,266,267,272,273,280,281,282,283,284,285,286,287,300,302,303,304,305,306,307,308,309,310,324,325,326,327,328,329,330
471,471,119
2,15,16,17,20,24,29,37,38,39,45,47,58,59,60,61,80,81,82,89,104,105,125,127,128,133,147,149,150,155,168,169,172,179,190,191,192,193,194,195,196,202,205,206,211,212,214,215,216,217,218,219,224,225,226,227,228,229,231,234,236,237,238,239,241,242,244,245,246,247,248,249,250,251,252,256,257,258,259,260,261,262,263,264,266,267,269,272,273,277,278,280,281,282,283,284,285,286,287,288,295,296,302,303,304,305,306,307,308,309,310,317,324,325,326,327,328,329,330
335,335,108
1,2,15,16,17,18,20,21,23,24,25,37,38,39,40,46,50,59,60,61,62,67,68,80,81,82,84,89,103,104,105,126,148,150,167,168,169,170,173,181,189,190,191,192,193,195,202,203,206,211,212,214,215,216,217,218,219,225,228,234,237,238,239,240,241,242,244,245,247,248,250,258,259,260,261,262,263,264,265,266,269,273,274,278,280,281,282,283,284,285,286,287,288,295,302,303,304,305,306,307,308,309,310,326,327,328,329,330
476,476,118
1,2,3,4,5,16,17,18,20,21,23,24,25,27,28,37,38,39,40,43,46,48,51,58,59,60,62,67,68,70,77,80,81,82,83,94,97,104,105,128,133,147,151,168,169,173,189,190,193,196,203,206,211,212,214,215,216,217,218,224,225,228,233,234,236,237,238,239,240,241,244,245,246,247,250,252,258,259,260,261,262,263,264,265,266,269,272,273,274,275,280,281,282,283,284,285,286,287,295,296,300,302,303,304,305,306,307,308,309,310,316,324,325,326,327,328,329,330
183,183,124
1,2,3,4,5,9,13,15,16,17,18,20,23,24,25,27,30,37,38,39,40,42,43,46,48,50,52,57,58,59,60,61,62,67,68,70,80,81,82,83,84,89,90,97,104,105,106,147,149,150,167,172,173,176,190,192,193,194,203,206,208,211,212,214,215,216,217,218,225,226,228,233,234,237,238,239,240,241,244,246,247,250,251,259,260,261,262,263,264,265,267,269,270,271,272,273,274,278,280,281,282,283,284,285,286,288,291,294,295,300,303,304,305,306,307,308,309,316,325,326,327,328,329,330
454,454,123
1,2,3,4,5,9,10,13,15,16,17,20,23,24,25,27,28,30,32,37,38,39,40,41,45,46,48,51,57,59,60,61,62,64,67,68,80,81,82,83,84,90,104,105,106,124,128,150,167,168,169,172,190,191,193,195,203,206,208,211,214,215,216,217,218,225,226,228,233,234,236,238,239,240,241,243,244,247,250,251,252,259,260,261,262,264,265,269,270,272,273,280,281,282,283,284,285,286,287,291,292,294,295,296,300,303,304,305,306,307,308,309,314,315,316,322,324,325,326,327,328,329,330
256,256,121
1,2,3,4,5,8,10,14,15,16,17,20,23,24,25,27,28,29,37,38,39,40,42,43,46,47,48,51,52,57,58,59,60,61,62,67,70,72,80,81,82,83,84,105,106,119,126,128,149,150,173,191,194,195,203,206,211,214,215,216,218,225,226,228,230,233,234,236,237,238,239,240,241,247,248,250,251,259,260,261,262,263,264,265,266,269,270,271,272,278,280,281,282,283,284,285,286,287,291,292,294,295,296,300,303,304,305,306,307,308,309,316,322,323,324,325,326,327,328,329,330
196,196,114
2,3,4,5,9,10,13,15,16,17,18,19,21,23,24,25,27,28,29,37,38,39,40,45,46,47,48,51,52,59,60,61,62,67,70,72,76,80,81,82,83,84,89,90,101,104,105,106,119,131,149,150,182,193,194,203,206,211,214,215,217,218,225,226,228,233,234,238,239,240,241,245,247,248,250,251,259,260,261,262,263,264,265,269,272,273,274,280,281,282,283,284,285,286,287,291,292,294,295,296,300,303,304,305,306,307,308,309,324,325,326,327,328,329
127,127,115
1,2,3,4,5,9,13,14,15,16,17,18,19,23,24,25,27,28,29,30,36,37,38,39,40,42,43,45,46,47,48,51,52,58,59,60,61,67,70,79,80,81,82,84,89,90,105,106,126,128,130,149,150,154,171,172,191,192,193,194,195,203,206,211,212,214,215,216,217,218,226,228,234,238,239,240,241,247,248,250,258,259,260,261,262,263,264,265,269,270,272,273,280,281,282,283,284,285,286,287,292,295,303,304,305,306,307,308,309,325,326,327,328,329,330
446,446,104
1,2,3,4,5,9,14,15,16,17,18,20,23,24,25,27,28,37,38,39,40,41,42,45,46,47,48,51,59,60,61,62,67,70,80,81,82,83,84,90,104,105,106,128,130,149,150,171,172,182,191,192,193,195,203,206,214,215,216,217,225,226,228,233,234,237,238,239,240,247,250,259,260,261,262,263,264,265,266,269,270,272,280,281,282,283,284,285,286,287,292,303,304,305,306,307,308,309,325,326,327,328,329,330
171,171,89
1,2,3,4,5,6,9,14,15,16,17,18,23,24,25,27,37,38,39,40,45,46,47,48,51,52,59,60,61,62,67,80,81,82,83,84,90,101,104,105,106,128,150,172,182,192,194,203,214,215,216,225,226,234,238,239,240,247,248,260,261,262,263,264,265,269,272,280,281,282,283,284,285,286,287,292,303,304,305,306,307,308,309,325,326,327,328,329,330
435,435,108
1,2,3,8,15,16,17,18,20,22,23,24,25,27,38,39,40,42,45,46,47,48,59,60,61,62,63,64,67,68,70,81,82,83,89,104,105,106,126,127,128,149,150,160,172,174,182,189,192,193,194,195,203,211,215,216,217,218,219,225,226,228,234,236,238,239,240,241,243,244,245,247,248,250,260,261,262,263,264,265,266,269,270,272,280,281,282,283,284,285,286,287,288,291,303,304,305,306,307,308,309,310,325,326,327,328,329,330
101,101,85
1,2,3,14,15,16,17,18,21,22,23,24,25,26,37,38,39,40,42,45,47,48,51,52,59,60,61,62,81,82,83,84,89,104,105,106,128,150,172,182,194,195,203,214,215,225,226,234,238,239,240,245,247,258,260,261,262,263,264,265,266,270,272,281,282,283,284,285,286,287,288,304,305,306,307,308,309,310,320,325,326,327,328,329,330
502,502,116
1,2,3,14,15,16,17,18,20,21,22,23,24,25,26,37,38,39,40,42,43,45,46,47,48,51,59,60,61,62,63,64,67,81,82,83,84,85,86,89,90,104,105,106,107,126,127,131,137,138,149,150,171,172,173,174,189,193,195,203,214,215,216,217,218,220,225,227,234,238,239,240,242,243,244,245,247,248,251,259,260,261,262,263,264,265,266,269,270,271,272,280,281,282,283,284,285,286,287,288,291,303,304,305,306,307,308,309,310,314,325,326,327,328,329,330
419,419,108
1,2,3,14,15,16,17,18,20,21,22,24,25,26,37,38,39,40,42,43,45,46,47,51,59,60,61,62,63,64,68,70,81,82,83,84,85,89,90,92,105,106,116,127,128,129,137,138,172,182,194,195,198,203,204,206,215,216,217,220,225,226,227,228,238,239,240,241,243,244,245,248,249,251,259,260,261,262,263,264,265,266,271,272,281,282,283,284,285,286,287,292,303,304,305,306,307,308,309,310,314,320,325,326,327,328,329,330
186,186,107
1,2,3,15,16,17,18,20,21,22,23,24,25,26,37,38,39,40,43,45,47,48,59,60,61,62,64,68,81,82,83,84,85,89,92,105,106,107,108,116,127,128,130,137,138,149,150,160,172,174,181,182,194,195,198,203,204,215,216,217,218,225,226,227,238,239,240,241,244,245,247,251,260,261,262,263,264,265,266,269,270,271,272,281,282,283,284,285,286,287,288,292,303,304,305,306,307,308,309,310,314,316,326,327,328,329,330
390,390,110
1,2,3,15,16,18,20,21,22,23,24,25,27,37,38,39,40,41,43,45,46,59,60,61,62,63,64,65,67,81,82,83,84,85,86,90,92,105,106,112,127,128,129,138,149,150,158,159,160,172,173,174,175,182,184,194,195,197,198,202,203,204,216,217,219,220,225,226,227,238,239,240,243,244,245,247,251,260,261,262,263,264,265,266,267,269,272,282,283,284,285,286,287,288,292,303,304,305,306,307,308,309,310,314,315,326,327,328,329,330
396,396,98
1,2,3,4,14,15,16,17,18,20,21,22,24,25,37,38,39,40,45,46,48,59,60,61,62,64,70,82,83,84,85,86,89,90,92,105,106,115,116,127,128,129,130,137,138,150,158,159,160,173,174,176,180,181,182,195,198,201,203,204,216,217,219,220,225,226,238,239,240,241,244,245,250,260,261,262,263,264,266,271,272,282,283,284,285,286,292,304,305,306,307,308,310,315,327,328,329,330
266,266,73
1,2,4,15,18,20,21,22,24,25,37,38,39,40,43,45,46,47,48,59,60,61,62,64,68,70,81,82,83,84,85,89,92,105,106,107,115,128,130,137,138,172,194,195,204,217,223,226,239,240,242,244,260,261,262,263,264,266,272,282,283,284,285,286,288,305,306,307,308,320,328,329,330
175,175,74
1,2,18,20,21,22,23,24,25,37,38,40,43,45,46,47,59,60,61,62,64,69,70,82,83,84,85,92,93,113,115,128,137,138,144,150,151,158,180,182,194,195,203,223,225,227,239,240,241,242,245,247,249,261,262,263,264,266,269,271,272,283,284,285,286,291,292,305,306,307,308,328,329,330
187,187,69
1,17,22,23,30,45,46,47,53,64,65,68,69,70,75,90,91,92,94,105,106,107,114,115,116,128,129,130,136,137,138,142,143,149,150,151,158,159,160,174,181,184,197,198,219,220,227,232,239,240,241,242,249,254,261,262,263,264,272,283,284,285,286,306,307,308,328,329,330
212,212,7
275,276,297,298,319,320,321
339,339,45
89,143,164,199,208,221,222,232,233,243,244,245,247,252,253,255,265,266,267,268,274,276,277,287,288,289,290,291,293,296,297,298,299,300,309,310,311,312,313,314,319,320,321,322,323
473,473,65
177,178,199,200,201,221,222,223,224,225,226,229,243,244,245,246,247,248,251,254,255,265,266,267,268,269,270,271,272,273,274,275,276,287,288,289,290,291,292,293,294,295,296,297,298,299,300,301,302,309,310,311,312,313,314,315,316,317,318,319,320,321,322,323,324
223,223,81
178,179,199,200,201,202,203,221,222,223,224,225,226,227,229,230,243,244,245,246,247,248,249,250,251,252,253,255,265,266,267,268,269,270,271,272,273,274,275,276,277,278,279,280,287,288,289,290,291,292,293,294,295,296,297,298,299,300,301,302,303,304,309,310,311,312,313,314,315,316,317,318,319,320,321,322,323,324,325,326,327
72,72,92
33,177,179,199,200,201,202,203,207,221,222,223,224,225,226,227,228,229,233,243,244,245,246,247,248,249,250,251,252,254,255,256,257,265,266,267,268,269,270,271,272,273,274,275,276,277,278,279,280,281,282,287,288,289,290,291,292,293,294,295,296,297,298,299,300,301,302,303,305,306,309,310,311,312,313,314,315,316,317,318,319,320,321,322,323,324,325,326,327,328,329,330
415,415,100
181,199,200,201,202,203,221,222,223,224,225,226,227,229,233,243,244,245,246,247,248,249,250,251,252,253,254,255,256,257,258,259,261,262,264,265,266,267,268,269,270,271,272,273,274,276,277,278,279,280,281,282,283,284,285,286,287,288,289,290,291,292,293,294,295,296,297,298,299,300,301,302,303,304,305,306,307,308,309,310,311,312,313,314,315,316,317,318,319,320,321,322,323,324,325,326,327,328,329,330
506,506,109
177,178,179,180,181,199,200,201,202,203,204,205,206,212,221,222,223,224,225,226,227,228,229,230,231,232,233,234,235,236,237,238,239,240,242,243,244,245,246,247,248,249,250,251,252,253,255,256,257,258,259,260,261,262,263,264,270,271,272,273,274,275,276,277,278,279,280,281,282,283,284,285,286,289,290,291,293,294,295,296,297,298,299,300,301,302,303,304,305,306,307,308,312,313,316,317,318,319,320,321,322,323,324,325,326,327,328,329,330
88,88,113
114,134,135,136,137,146,153,154,157,158,159,160,161,162,168,169,170,171,172,173,174,175,176,183,184,185,186,187,188,189,190,191,192,193,194,195,196,197,198,206,207,208,209,210,211,212,213,214,215,216,217,218,219,220,229,230,231,232,233,234,235,236,237,238,239,240,241,242,252,253,254,255,256,257,258,259,260,261,262,263,264,275,276,277,278,279,280,281,282,283,284,285,286,296,297,298,299,300,301,302,303,304,305,306,307,308,319,320,321,322,324,325,326
12,12,102
65,66,72,73,76,80,81,82,86,87,88,91,92,93,94,95,96,101,102,103,104,105,106,107,108,109,110,115,117,118,119,120,121,122,123,124,125,126,127,128,129,130,131,132,138,139,140,141,142,143,145,146,147,148,149,150,151,152,153,154,161,162,164,166,167,168,169,170,171,172,173,174,175,176,186,188,189,190,191,192,193,194,195,196,197,198,210,211,212,213,214,215,216,217,218,219,220,233,236,237,240,241
435,435,89
8,10,11,12,14,15,16,17,18,19,20,21,22,30,31,32,33,34,35,36,37,38,39,40,41,42,43,44,53,54,55,56,57,58,59,60,61,62,63,64,65,66,75,76,77,78,79,80,81,82,83,84,85,86,87,88,98,99,100,101,102,103,104,105,106,109,110,120,121,122,123,124,125,126,127,131,132,143,144,145,146,147,148,149,150,153,154,171,172
418,418,67
8,9,10,11,12,13,14,15,16,17,18,19,20,21,22,32,33,34,35,36,37,38,39,40,41,42,43,44,53,54,55,56,57,58,59,60,61,62,63,64,65,66,76,77,78,79,80,81,82,83,84,85,86,87,88,98,99,100,102,103,104,105,121,124,125,126,127
8,8,48
6,9,10,11,12,13,14,15,16,17,18,19,20,21,22,33,34,35,36,37,38,39,40,41,42,43,44,53,54,55,56,57,58,59,60,61,64,65,66,76,77,78,79,80,81,83,99,105
157,157,19
10,11,12,13,15,16,17,18,20,21,22,35,36,37,39,44,56,57,58
155,155,19
27,240,250,264,269,270,283,284,287,288,294,308,309,310,314,315,316,328,329
248,248,49
216,217,220,225,226,227,239,241,246,247,249,250,260,261,262,263,264,266,269,271,272,273,274,280,283,284,285,286,287,288,292,294,304,305,306,307,308,309,310,311,312,313,315,316,326,327,328,329,330
101,101,82
1,2,3,23,26,89,111,113,150,151,152,153,156,173,174,175,180,194,195,196,197,198,203,204,205,206,216,217,218,219,220,225,226,227,238,239,240,241,246,247,248,249,250,251,260,261,262,263,264,266,268,269,270,272,273,282,283,284,286,287,288,289,291,292,294,304,305,306,307,308,309,310,311,312,313,314,315,316,327,328,329,330
297,297,98
1,3,4,23,24,25,26,33,45,48,49,128,129,130,136,137,150,151,152,153,156,157,158,159,173,174,175,178,179,180,194,195,196,197,204,205,206,215,216,217,218,219,220,224,225,226,227,228,238,239,240,241,242,245,246,247,248,249,250,251,260,261,262,263,264,265,266,269,270,271,272,273,283,284,285,286,287,288,291,294,304,305,306,307,308,309,310,311,312,313,314,315,316,326,327,328,329,330
42,42,98
26,44,66,85,105,106,116,128,129,130,131,132,137,138,150,151,152,153,154,158,172,173,174,175,179,180,184,194,195,196,197,198,202,204,205,206,216,217,218,219,220,224,225,226,227,228,238,239,240,241,242,245,246,247,248,249,250,260,261,262,263,264,266,268,269,270,271,272,273,283,284,286,287,288,289,290,291,292,294,303,304,305,306,307,308,309,310,311,312,313,314,315,316,326,327,328,329,330
150,150,102
22,42,62,66,83,85,105,106,107,109,110,127,128,129,130,131,132,139,150,151,152,153,159,160,172,173,174,182,184,194,195,196,197,198,202,203,204,205,206,216,217,218,219,224,225,226,227,228,238,239,240,241,242,245,246,247,248,250,260,261,262,263,264,266,268,269,270,271,272,273,282,283,284,285,286,287,288,290,291,292,293,294,303,304,305,306,307,308,309,310,311,312,313,314,315,316,324,326,327,328,329,330
164,164,71
21,22,41,43,44,62,65,66,84,85,105,106,109,127,128,129,130,131,150,151,152,153,154,172,173,174,175,184,194,195,196,205,206,216,217,218,226,227,228,238,239,240,242,247,248,250,260,261,263,264,269,270,272,273,283,284,285,286,294,305,306,307,308,310,311,313,316,327,328,329,330
374,374,32
21,22,63,65,66,105,106,107,110,128,129,131,150,151,152,172,173,174,194,196,216,218,238,240,251,263,273,306,307,327,328,329
29,29,16
67,89,90,111,112,133,155,156,177,199,200,221,222,243,244,265
447,447,44
67,89,112,133,134,136,137,155,156,157,158,159,177,178,179,180,181,199,200,201,202,203,221,222,223,224,225,243,244,245,246,247,265,266,267,268,287,288,289,290,309,310,311,312
218,218,67
90,112,134,139,140,155,156,157,159,160,161,162,177,178,179,180,181,182,183,184,199,200,201,202,203,204,205,206,207,221,222,223,224,225,226,227,228,243,244,245,246,247,248,249,250,265,266,267,268,269,270,271,272,287,288,289,290,291,292,293,309,310,311,312,313,314,315
90,90,91
36,37,77,98,99,120,121,141,142,143,144,158,159,161,162,163,164,165,180,181,182,183,184,185,186,187,188,201,202,203,204,205,206,207,208,209,222,223,224,225,226,227,228,229,244,245,246,247,248,249,250,251,252,253,255,265,266,267,268,269,270,271,272,273,274,275,276,287,288,289,290,291,292,293,294,295,296,297,298,309,310,311,312,313,314,315,316,317,318,319,321
270,270,106
17,18,37,38,39,40,58,59,60,61,62,81,82,83,102,103,104,124,125,126,144,145,146,147,148,165,166,167,168,169,170,171,184,187,188,189,190,191,192,193,206,207,208,209,210,211,212,213,214,215,227,228,229,230,231,232,233,234,235,236,237,249,250,251,252,253,254,255,256,257,258,259,270,271,272,273,274,275,276,277,278,279,280,281,292,293,294,295,296,297,298,299,300,301,302,314,315,316,317,318,319,320,321,322,323,324
380,380,105
18,19,20,21,22,24,40,41,42,43,44,60,61,62,63,64,65,81,82,83,84,85,86,87,103,104,105,106,107,108,109,125,126,127,128,129,130,146,147,148,149,150,151,169,170,171,172,190,191,192,193,194,212,213,214,215,216,234,235,236,237,238,239,254,255,256,257,258,259,260,261,262,275,276,277,278,279,280,281,282,283,284,285,297,298,299,300,301,302,303,304,305,306,318,319,320,321,322,323,324,325,326,327,328,329
379,379,100
19,20,21,22,39,41,42,43,44,61,62,63,64,65,66,83,84,85,86,87,88,105,106,107,108,109,110,127,128,129,130,131,132,149,150,151,152,153,154,170,171,172,173,174,175,192,193,194,195,196,197,198,213,214,215,216,217,219,220,235,236,237,238,239,240,241,242,257,258,259,260,261,262,263,264,279,280,281,282,283,284,285,286,301,302,303,304,305,306,307,308,322,323,324,325,326,327,328,329,330
307,307,94
18,19,20,21,22,40,41,42,43,44,62,63,64,65,66,84,85,86,87,88,105,106,107,108,109,110,127,128,129,130,131,132,149,150,151,152,153,154,171,172,173,174,175,176,193,194,195,196,197,198,214,215,216,217,218,219,220,236,237,238,239,240,241,242,258,259,260,261,262,263,264,279,280,281,282,283,284,285,286,301,302,303,304,305,306,307,308,324,325,326,327,328,329,330
118,118,91
18,19,20,21,22,40,42,43,44,61,62,63,64,65,66,84,85,86,87,88,106,107,108,109,110,127,128,129,130,131,132,150,151,152,153,154,171,172,173,174,175,176,192,193,194,195,196,197,198,214,215,216,217,218,219,220,235,236,237,238,239,240,241,242,259,260,261,262,263,264,280,281,282,283,284,285,286,302,303,304,305,306,307,308,324,325,326,327,328,329,330
555,555,86
18,19,20,21,22,39,41,42,43,44,62,63,64,65,66,84,85,86,87,88,106,107,108,109,110,128,129,130,131,132,150,151,152,153,154,171,172,173,174,175,176,195,196,197,198,215,216,217,218,219,220,234,237,238,239,240,241,242,258,259,260,261,262,263,264,279,280,281,282,283,284,285,286,301,302,304,305,306,307,308,324,326,327,328,329,330
290,290,79
17,19,20,21,22,41,42,43,44,63,64,65,66,84,85,86,87,88,106,107,108,109,110,128,129,130,131,132,151,152,153,154,173,174,175,176,195,196,197,198,213,215,216,217,218,219,220,236,237,238,240,241,242,256,258,260,261,262,263,264,280,281,282,283,284,285,286,302,303,305,306,307,308,325,326,327,328,329,330
502,502,69
20,21,22,41,42,43,44,63,64,65,66,86,87,88,108,109,110,128,129,130,131,132,150,151,152,153,154,173,174,175,176,193,194,195,196,197,198,216,217,218,219,220,237,238,239,240,241,242,259,260,261,262,263,264,281,283,284,285,286,302,304,305,306,307,308,327,328,329,330
134,134,59
20,21,22,43,44,65,66,87,88,110,131,132,144,145,146,153,154,167,168,174,175,176,195,196,197,198,214,216,217,218,219,220,235,236,237,238,239,240,241,242,258,259,260,261,263,264,280,281,286,301,302,303,308,319,323,324,328,329,330
554,554,48
13,28,67,69,71,93,94,95,121,132,144,154,176,197,198,214,216,218,220,231,233,235,236,237,238,239,241,255,256,257,258,259,260,277,278,279,280,281,282,298,300,301,302,303,319,320,323,324
68,68,26
1,7,8,9,10,35,36,55,56,57,77,78,79,89,100,101,123,124,145,146,151,152,173,174,175,176
260,260,37
14,34,35,36,52,54,55,56,57,71,76,77,78,79,95,98,99,112,121,122,163,164,166,184,186,188,231,237,257,259,260,280,281,302,303,320,324
476,476,34
30,33,35,36,54,56,57,77,78,79,99,100,112,120,121,122,143,144,164,165,166,185,188,210,257,258,259,260,279,281,283,301,302,303
457,457,29
12,13,33,55,56,57,76,78,99,100,121,122,143,144,165,166,184,237,259,260,279,280,281,300,302,303,320,324,325
189,189,23
13,33,34,35,55,57,76,77,78,99,100,121,122,143,144,166,259,260,280,281,282,302,320
535,535,14
12,13,33,34,71,77,121,122,281,282,301,302,304,324
511,511,6
71,144,282,283,302,304
0,0,5
151,152,172,173,309
428,428,16
126,146,147,148,151,154,172,173,174,192,195,196,198,216,265,309
479,479,7
45,74,75,95,96,111,118
70,70,21
22,81,126,132,147,152,169,170,176,191,192,198,214,215,216,236,237,238,260,280,310
437,437,41
42,44,64,80,81,104,125,126,130,131,147,148,151,154,168,169,170,175,176,178,190,191,192,193,198,212,213,214,215,216,220,236,237,238,258,259,260,280,288,302,310
38,38,41
14,42,44,64,80,81,83,86,91,103,104,125,126,127,147,148,151,153,154,168,169,170,176,190,192,193,213,214,215,216,218,236,237,238,242,258,280,288,300,302,310
152,152,52
13,21,80,81,82,83,86,91,103,104,107,112,123,125,126,127,147,148,151,152,153,169,170,175,190,192,193,203,212,213,214,215,216,218,219,220,237,238,240,242,258,259,260,278,280,281,282,300,303,304,310,324
240,240,83
21,43,44,63,64,66,80,81,82,83,86,87,88,90,91,93,101,103,104,111,112,113,123,125,126,127,128,131,146,147,148,150,151,152,153,154,167,168,169,170,180,189,190,191,192,193,195,196,198,211,212,213,214,215,216,218,219,220,225,234,235,236,237,238,242,256,258,259,260,261,269,270,278,280,281,282,300,302,303,310,322,323,324
506,506,85
14,20,21,41,42,44,45,62,63,64,66,70,80,81,82,83,84,85,86,87,88,89,90,91,92,94,104,107,108,110,111,112,113,114,119,123,126,127,130,131,133,145,146,147,154,159,167,169,170,175,184,189,190,191,192,195,211,212,213,214,215,216,218,225,235,236,237,238,259,260,261,269,277,278,280,281,282,300,301,302,303,304,310,323,324
552,552,106
16,19,20,38,39,44,60,61,64,65,70,71,72,73,80,81,82,83,85,86,90,91,92,93,94,96,100,103,104,107,108,109,110,111,113,114,115,123,125,126,130,131,132,133,145,146,147,148,165,166,167,169,170,175,181,182,185,189,190,191,192,194,195,198,206,207,211,212,214,215,216,218,225,233,234,236,237,238,241,242,247,250,251,255,258,259,260,261,262,269,270,272,278,280,281,282,288,292,300,301,302,303,304,310,324,325
499,499,101
11,14,16,19,38,39,41,43,46,53,60,64,66,71,73,74,75,81,83,85,87,88,90,91,93,94,100,101,103,104,111,112,113,114,115,122,123,126,128,131,133,137,145,147,148,150,154,155,167,168,169,170,182,186,189,190,191,192,203,206,207,208,211,212,214,215,216,217,225,227,228,230,233,234,236,237,238,242,248,252,256,258,259,260,261,269,270,272,273,278,280,281,282,299,300,302,303,304,323,324,325
75,75,5
101,260,281,303,304
552,552,102
2,11,12,13,16,17,18,24,25,33,39,47,48,50,52,53,54,57,60,64,70,71,79,80,81,82,83,85,86,88,93,95,100,101,104,105,106,107,110,113,120,122,123,125,126,127,128,129,131,145,146,147,148,150,153,154,167,169,170,171,188,189,190,192,198,207,208,209,210,214,215,220,229,230,232,233,236,237,238,242,251,252,253,254,258,259,260,273,274,275,276,280,281,282,283,300,303,304,323,324,325,326
290,290,115
2,3,9,11,12,13,16,17,24,25,32,33,47,48,49,50,52,53,54,57,58,59,60,61,64,65,69,70,71,74,81,82,83,85,92,93,96,97,100,101,104,105,107,108,117,120,122,125,126,128,131,132,144,145,146,147,148,150,153,154,164,167,168,169,170,171,176,185,188,189,190,192,198,207,208,210,214,215,220,229,230,231,232,233,234,236,237,238,242,251,252,253,254,258,259,260,264,272,273,275,276,280,281,282,283,286,302,303,304,305,323,324,325,326,327
197,197,114
2,11,12,13,16,17,24,25,26,30,32,38,46,47,48,49,50,51,53,54,57,60,61,62,63,70,75,79,81,82,83,84,85,86,87,91,92,96,97,100,101,104,105,106,109,114,122,123,126,127,128,130,132,143,144,145,147,148,167,168,169,170,171,173,176,185,188,189,190,191,192,198,208,211,214,215,217,220,228,229,230,231,232,233,234,236,237,238,240,251,252,253,258,259,260,264,272,273,274,275,276,280,281,282,283,299,300,303,304,305,324,325,326,327
521,521,118
2,11,12,13,16,24,25,26,28,32,33,36,39,47,48,49,50,51,52,53,54,60,61,70,71,75,79,80,81,82,83,85,91,92,96,97,100,101,104,105,106,107,109,113,122,123,125,126,127,128,131,132,145,148,153,154,166,167,168,170,171,172,175,176,184,189,190,192,198,205,206,207,208,210,211,214,215,220,227,228,229,230,231,232,233,234,236,238,239,242,251,252,253,254,258,259,260,263,272,273,274,275,276,278,280,281,282,283,296,300,303,304,305,322,324,325,326,327
474,474,104
2,3,12,13,16,24,25,26,28,32,33,36,48,49,50,51,52,54,57,59,60,62,71,74,75,79,80,81,82,83,84,85,86,87,88,92,96,100,101,104,105,106,107,122,123,127,145,147,150,152,153,154,159,166,167,168,170,171,184,188,189,190,192,198,206,207,211,214,220,230,231,232,233,236,238,239,251,252,253,254,258,259,260,263,264,272,273,274,275,276,280,281,282,283,285,294,296,303,304,305,322,324,325,326
447,447,100
2,3,9,24,25,28,32,36,38,47,49,50,51,54,60,62,74,75,79,80,81,82,83,84,86,87,88,97,100,101,104,105,109,110,123,126,127,128,132,145,147,148,149,153,167,170,171,172,174,176,184,189,190,191,192,197,198,202,206,207,214,215,220,228,230,231,232,233,236,242,251,252,253,254,258,259,260,261,262,263,264,272,273,274,275,280,281,282,283,285,296,303,304,305,308,322,324,325,326,328
119,119,109
2,3,4,9,16,24,25,28,29,32,35,38,49,50,51,58,59,60,62,63,79,80,81,82,83,84,85,86,87,88,100,105,106,108,109,110,123,125,126,127,128,129,130,131,132,145,147,153,154,167,168,170,174,176,180,189,190,192,193,197,198,206,214,215,218,220,228,230,231,232,233,236,238,240,241,242,250,252,253,258,259,260,261,262,263,264,272,273,275,278,280,281,282,283,285,286,292,296,300,303,304,305,307,316,322,324,325,326,327
173,173,112
2,3,4,9,16,18,22,24,25,26,28,29,40,43,49,50,58,59,60,61,66,79,80,81,82,83,84,85,87,88,101,104,105,106,107,108,109,110,123,126,127,128,129,130,131,132,145,150,151,152,153,154,167,168,170,174,176,189,192,193,194,197,198,214,215,216,220,228,231,233,236,238,240,241,242,250,252,253,258,259,260,261,262,263,264,270,272,273,274,280,281,282,283,285,286,295,296,300,303,304,305,307,308,314,315,316,322,324,325,326,327,328
55,55,6
79,80,102,103,133,249
291,291,75
3,9,16,17,18,19,20,21,22,24,25,37,38,42,43,50,62,82,83,106,127,128,131,132,149,150,151,153,154,172,173,174,175,176,189,192,193,194,195,196,198,214,215,217,218,220,230,237,241,242,252,256,258,259,260,262,263,264,282,283,285,286,303,304,305,307,308,322,324,325,326,327,328,329,330
204,204,73
9,10,16,17,18,19,20,21,22,24,25,38,40,42,43,44,46,50,85,106,110,127,130,131,132,149,150,153,154,173,174,175,176,189,192,193,194,195,196,197,198,211,214,215,217,218,237,240,242,252,256,258,259,260,262,264,280,282,283,285,286,303,304,305,307,308,324,325,326,327,328,329,330
437,437,65
9,10,16,18,20,21,22,38,40,41,42,43,44,66,83,105,106,127,128,129,130,132,149,150,151,153,154,172,173,174,176,192,193,195,196,198,214,215,217,219,220,236,239,241,242,259,260,262,263,264,281,282,285,286,303,304,305,307,308,324,325,327,328,329,330
374,374,69
3,9,10,20,21,22,24,25,40,41,42,43,44,50,62,63,66,88,105,108,110,127,128,129,130,131,132,149,150,151,152,153,157,172,173,174,176,189,192,195,196,197,198,214,215,217,219,220,239,242,259,260,261,264,282,284,285,286,303,304,305,307,308,324,325,327,328,329,330
495,495,44
9,10,20,21,22,31,40,41,42,44,66,87,88,127,129,149,150,151,153,172,173,175,196,197,198,214,215,220,221,260,264,282,285,286,303,305,307,308,324,325,327,328,329,330
430,430,24
20,22,41,42,44,67,87,88,131,150,151,153,198,215,219,220,242,264,285,307,308,325,329,330
127,127,8
20,150,173,198,219,242,308,329
85,85,11
134,155,156,160,177,181,182,203,205,297,319
239,239,26
123,124,132,145,146,147,148,152,153,154,167,168,169,170,171,174,189,190,191,192,193,268,309,310,315,316
40,40,53
11,60,134,135,156,157,160,161,177,178,183,199,205,209,221,223,226,227,230,231,232,243,246,249,250,252,253,254,266,268,271,272,273,275,276,277,287,293,294,295,296,297,298,309,313,315,316,317,318,319,320,321,322
438,438,66
130,131,133,134,155,156,157,160,161,177,178,179,199,200,221,222,225,226,227,228,231,243,245,248,250,252,254,265,266,267,268,269,270,271,272,273,274,275,287,288,289,290,292,293,294,295,296,297,298,299,300,309,310,311,312,313,314,315,316,317,318,319,320,321,322,323
303,303,76
133,134,155,177,178,199,200,201,221,222,223,224,225,226,227,228,229,243,244,245,246,247,248,249,250,253,254,255,265,266,267,268,269,270,271,272,273,274,275,276,277,278,279,287,288,289,290,291,292,293,294,295,296,297,298,299,300,301,302,303,309,310,311,312,313,314,315,316,317,318,319,320,321,322,323,324
28,28,85
155,177,178,199,200,203,204,221,222,223,225,227,235,243,244,245,246,247,248,249,250,251,252,254,255,256,257,265,266,267,268,269,270,271,272,273,274,275,276,277,278,279,282,283,287,288,289,290,291,292,293,294,295,296,297,298,299,300,301,302,303,304,307,309,310,311,312,313,314,315,316,317,318,319,320,321,322,323,324,325,326,327,328,329,330
127,127,94
156,161,177,178,199,200,203,221,222,225,227,228,231,232,233,234,237,243,246,247,248,249,250,253,254,255,256,257,258,259,263,266,267,268,269,270,271,272,273,274,275,276,277,278,279,280,281,282,283,284,285,286,288,289,290,291,292,293,294,295,296,297,298,299,300,301,302,303,304,305,306,307,308,310,311,312,313,314,315,316,317,318,319,320,321,322,323,324,325,326,327,328,329,330
323,323,100
134,155,156,177,178,199,204,212,218,219,225,227,228,230,231,232,233,234,235,236,237,238,239,240,241,247,248,249,250,251,252,253,254,255,256,257,258,259,260,261,262,263,264,269,270,271,272,273,274,275,276,277,278,279,280,281,282,283,284,285,286,289,290,291,292,293,294,295,296,297,298,299,300,301,302,303,304,305,306,307,308,312,313,314,315,316,317,318,319,320,321,322,323,324,325,326,327,328,329,330
43,43,104
133,155,156,177,188,195,204,208,209,210,212,213,215,216,218,219,220,225,227,231,232,233,234,235,236,237,238,239,240,241,242,247,248,249,250,251,252,253,254,255,256,257,258,259,260,261,262,263,264,269,270,271,272,273,274,275,276,277,278,279,280,281,282,283,284,285,286,290,291,292,293,294,295,296,297,298,299,300,301,302,303,304,305,306,307,308,313,314,315,316,317,318,319,320,321,322,323,324,325,326,327,328,329,330
42,42,108
131,144,161,165,166,171,172,173,174,175,176,182,186,187,188,189,190,191,193,194,195,196,197,198,209,210,211,212,213,214,215,216,217,218,219,220,225,226,227,228,232,233,234,235,236,237,238,239,240,241,242,247,249,250,252,253,254,255,256,257,258,259,260,261,262,263,264,271,272,273,274,275,276,277,278,279,280,281,282,283,284,285,286,293,294,297,298,299,300,301,302,303,304,305,306,307,308,319,321,322,323,324,325,326,327,328,329,330
50,50,96
16,17,18,19,20,40,41,42,62,63,64,85,86,87,107,108,109,110,123,128,129,130,131,132,143,144,145,149,150,151,152,153,154,165,166,167,168,169,170,171,172,173,174,175,176,183,185,186,187,188,189,190,191,192,193,194,195,196,197,198,206,209,210,211,212,213,214,215,216,217,218,219,220,225,226,227,228,233,234,235,236,237,238,239,240,241,242,257,258,259,261,262,263,264,285,286
477,477,88
6,7,8,9,10,11,12,13,14,15,16,17,18,19,20,21,22,23,30,31,32,33,34,35,36,37,38,39,40,41,42,43,44,55,56,57,58,59,60,61,62,63,64,65,66,78,79,80,81,82,83,84,85,86,87,88,101,102,103,104,105,106,107,108,109,110,123,124,125,126,127,128,129,130,131,132,147,148,149,150,151,152,153,154,173,174,175,183
372,372,68
6,8,9,10,11,12,13,14,15,16,17,18,19,20,21,22,30,31,32,33,34,35,36,37,38,39,40,41,42,43,44,49,56,57,58,59,60,61,62,63,64,65,66,79,80,81,82,83,84,85,86,87,88,102,103,104,105,106,107,108,109,125,126,127,128,129,130,139
466,466,49
6,7,8,9,10,11,12,13,14,15,16,17,18,19,20,21,22,33,34,35,36,37,38,39,40,41,42,43,44,56,57,58,59,60,61,62,63,64,65,66,82,83,84,85,86,106,107,108,128
343,343,14
10,11,12,13,14,15,16,17,18,20,33,34,38,39
193,193,21
239,260,261,266,283,284,285,286,287,288,305,307,308,309,310,311,326,327,328,329,330
192,192,57
27,114,119,135,136,137,155,157,179,194,195,196,215,216,217,218,219,220,224,234,238,239,240,241,242,245,246,260,261,262,263,264,265,266,267,282,283,284,285,286,287,288,289,302,305,307,308,309,310,311,322,323,326,327,328,329,330
190,190,73
1,3,23,26,46,47,48,69,91,111,114,119,131,133,134,135,136,137,155,157,158,159,177,179,180,190,194,195,196,197,202,215,216,217,218,219,220,224,238,239,240,241,242,245,246,260,261,262,263,264,265,266,267,278,283,284,285,286,287,288,291,305,306,307,308,309,310,311,326,327,328,329,330
48,48,48
3,4,23,25,46,47,48,71,104,114,119,136,137,138,157,194,195,197,198,202,216,217,218,219,220,224,238,239,240,246,260,261,262,263,264,267,284,286,287,288,300,305,307,310,327,328,329,330
570,570,54
53,83,84,86,88,95,96,105,106,108,110,116,130,138,150,154,160,161,172,176,190,194,195,197,198,202,217,219,220,224,238,239,240,241,242,244,246,261,263,264,267,284,286,287,288,305,307,308,309,310,327,328,329,330
182,182,99
21,22,41,42,43,44,63,64,65,83,84,85,86,87,88,96,97,98,99,103,105,106,107,108,109,110,118,119,120,127,128,129,130,131,132,139,140,141,145,150,154,161,168,169,189,190,191,194,197,198,202,203,215,217,218,219,220,223,224,237,238,239,240,241,242,244,246,256,260,261,262,263,264,265,266,267,278,282,283,284,285,286,287,288,300,304,305,307,308,309,310,311,322,324,325,327,328,329,330
66,66,76
20,21,22,42,43,44,59,63,64,65,66,84,85,86,87,88,105,106,107,108,109,110,119,120,128,129,131,132,141,150,153,154,158,161,162,167,172,185,189,191,197,198,217,218,219,220,226,238,239,240,241,242,246,256,260,261,262,263,264,284,285,286,288,304,305,306,307,308,309,310,311,324,327,328,329,330
85,85,31
42,43,64,65,66,86,87,88,106,108,109,110,128,129,131,132,153,154,176,198,218,219,240,241,262,263,264,286,308,328,329
23,23,14
77,113,133,135,155,156,177,178,179,199,200,221,222,243
495,495,40
45,67,89,114,133,134,136,137,155,156,157,158,159,177,178,179,180,181,199,200,201,202,221,222,223,224,243,244,245,265,266,267,268,287,288,289,290,292,309,312
368,368,68
10,32,33,45,48,49,55,67,69,70,76,77,90,91,97,98,111,112,113,118,119,133,134,135,155,156,159,177,178,180,181,182,199,200,201,202,221,222,223,224,225,243,244,245,246,247,265,266,267,268,270,271,272,273,287,288,289,290,292,293,294,295,310,312,314,315,316,317
360,360,90
11,12,14,33,34,35,36,54,55,56,57,58,73,77,78,79,82,98,99,100,101,102,103,104,115,119,120,121,122,123,124,125,136,137,139,144,145,146,147,149,157,158,166,167,168,179,188,189,199,200,201,209,210,211,221,222,223,224,230,231,233,243,244,245,246,251,252,253,254,265,266,273,274,275,276,287,292,293,294,295,296,297,298,314,315,316,317,318,319,320
419,419,105
12,16,17,18,33,34,35,36,37,38,39,40,55,56,58,59,60,61,62,75,76,78,80,81,82,83,84,85,97,98,100,101,102,103,104,105,106,123,124,125,126,127,128,145,146,147,148,149,166,167,168,169,170,171,172,188,189,190,191,192,210,211,212,213,230,231,232,233,234,235,251,252,253,254,255,256,257,272,273,274,275,276,277,278,279,293,294,295,296,297,298,299,300,301,314,315,316,317,318,319,320,321,322,323,324
354,354,106
17,18,19,20,21,39,40,41,42,43,44,62,63,64,65,66,84,85,86,87,103,104,105,107,108,122,123,124,125,126,127,128,129,130,144,145,146,147,148,149,150,151,152,166,167,168,169,170,171,172,173,174,175,186,187,188,189,190,191,192,193,194,195,196,197,210,211,212,213,214,215,216,217,218,219,232,233,234,235,237,238,239,254,255,256,261,275,276,277,278,283,297,298,299,300,302,303,305,319,320,322,324,325,326,327,328
336,336,104
17,19,20,21,22,39,40,41,42,43,44,63,64,65,66,83,84,85,86,87,88,104,105,106,107,108,109,110,126,127,128,129,130,131,132,147,148,149,150,151,152,153,154,169,170,171,172,173,174,175,176,190,191,192,193,194,195,196,197,198,208,212,214,215,216,217,218,219,220,235,236,238,239,240,241,242,260,261,263,264,278,281,283,284,285,286,299,300,301,303,304,305,306,307,308,322,323,324,325,326,327,328,329,330
355,355,97
18,19,20,21,22,40,41,42,43,44,61,62,63,64,65,66,71,82,83,84,85,86,87,88,105,106,107,108,109,110,127,128,129,130,131,132,148,149,150,151,152,153,154,169,170,171,172,173,174,175,176,190,191,192,193,194,195,196,197,198,214,216,217,218,219,220,237,238,239,240,241,242,260,261,262,263,264,281,282,283,284,285,286,302,303,304,305,306,307,308,324,325,326,327,328,329,330
126,126,93
17,19,20,21,22,40,41,42,43,44,61,62,63,64,65,66,83,84,85,86,87,88,105,106,107,108,109,110,127,128,129,130,131,132,148,149,150,151,152,153,154,170,171,172,173,174,175,176,192,193,194,195,196,197,198,216,217,218,219,220,236,237,238,239,240,241,242,259,260,261,262,263,264,281,282,283,284,285,286,302,303,304,305,306,307,308,324,325,326,327,328,329,330
490,490,86
18,19,20,21,22,39,40,41,42,43,44,61,62,63,64,65,66,83,84,85,86,87,88,105,106,107,108,109,110,127,128,129,130,131,132,149,150,151,152,153,154,171,172,173,174,175,176,194,195,196,197,198,217,218,219,220,236,238,239,240,241,242,260,261,262,263,264,281,282,283,284,285,286,303,304,305,306,307,308,324,325,326,327,328,329,330
264,264,79
21,22,38,39,40,41,42,43,44,61,62,63,64,65,66,82,83,84,85,86,87,88,105,106,107,108,109,110,128,129,130,131,132,148,149,150,152,153,154,171,172,174,175,176,193,194,196,197,198,218,219,220,237,239,240,241,242,255,261,262,263,264,279,281,283,284,285,286,304,305,306,307,308,324,326,327,328,329,330
494,494,68
21,22,40,42,43,44,61,62,63,64,65,66,83,84,85,86,87,88,106,107,108,109,110,128,129,130,131,132,150,151,152,153,154,172,173,174,175,176,191,194,195,196,198,219,220,239,241,242,254,261,263,264,281,283,284,285,286,304,305,306,307,308,325,326,327,328,329,330
265,265,60
18,62,63,83,84,85,86,87,88,106,107,108,109,110,130,131,132,152,153,154,171,175,176,195,196,198,216,219,220,232,233,234,235,237,241,242,254,255,256,261,262,263,264,276,278,283,284,285,286,302,304,305,306,307,308,326,327,328,329,330
148,148,55
39,61,62,83,84,106,110,129,130,131,132,147,148,153,154,167,168,171,172,176,191,194,211,212,213,216,232,233,234,254,255,256,259,260,261,262,276,277,278,281,283,298,304,305,306,307,308,317,319,320,326,327,328,329,330
466,466,45
74,84,132,141,204,205,206,213,214,215,218,219,220,226,227,228,229,230,235,236,237,238,239,240,241,242,248,249,250,251,252,256,257,258,259,260,261,262,263,264,278,279,280,286,301
375,375,46
40,70,106,128,140,141,149,151,167,172,174,188,191,193,194,209,211,212,213,216,217,233,234,235,236,237,238,239,254,255,256,257,275,276,277,278,279,297,298,299,316,318,319,323,326,327
43,43,42
70,83,102,106,128,129,130,141,150,151,168,169,172,193,194,212,213,214,216,217,230,233,234,235,236,237,238,254,255,256,276,277,278,298,299,305,316,318,320,323,326,327
189,189,43
70,83,105,128,150,151,152,169,172,173,189,193,194,213,214,215,216,230,233,234,235,236,237,239,247,254,255,256,257,269,276,277,278,279,290,297,298,299,318,319,320,324,328
213,213,36
70,128,129,150,151,172,194,213,214,215,216,217,230,234,235,236,237,238,239,247,255,256,257,269,272,276,277,278,290,297,298,299,300,312,320,328
40,40,28
70,128,129,150,194,213,214,215,217,230,234,235,236,237,239,250,255,256,257,269,276,277,278,297,298,299,312,320
544,544,21
172,173,217,230,235,236,237,256,257,258,269,270,276,277,278,291,298,299,312,319,320
435,435,12
129,150,237,256,269,277,278,291,298,312,319,320
253,253,1
112
276,276,7
270,281,284,292,293,294,303
232,232,25
23,45,67,68,90,112,133,134,155,156,157,177,178,179,180,181,200,201,202,222,224,243,245,266,274
172,172,33
1,19,23,45,68,69,90,111,112,114,133,138,156,157,177,178,180,201,202,203,221,222,224,225,243,266,267,274,275,308,326,329,330
169,169,31
1,18,19,45,69,89,90,91,93,111,112,134,138,156,157,177,178,179,200,223,224,225,244,245,247,266,267,296,307,329,330
552,552,57
1,3,18,19,20,23,25,26,45,46,47,67,68,69,89,90,91,111,112,113,114,117,133,134,135,155,156,157,158,178,179,180,181,200,201,202,210,222,223,224,225,232,243,244,245,246,247,266,267,274,307,317,323,325,328,329,330
221,221,70
1,3,4,7,18,19,20,21,23,24,25,26,45,46,47,48,67,68,69,89,90,91,111,112,113,117,133,134,135,136,148,155,156,157,158,170,178,179,180,181,188,191,192,199,201,202,203,221,222,223,224,225,226,236,243,244,245,246,247,266,296,302,306,307,317,323,325,326,329,330
341,341,92
1,2,3,5,6,7,8,18,19,20,21,23,24,25,26,27,28,29,39,45,46,47,48,61,67,68,69,70,83,89,90,91,92,93,106,111,112,113,117,133,134,135,136,155,156,157,158,159,168,170,175,178,179,180,181,182,191,192,195,201,202,203,204,214,219,222,223,224,225,226,227,243,244,245,247,248,252,265,266,267,274,296,302,303,307,310,323,324,325,328,329,330
318,318,68
1,3,7,8,18,19,20,21,23,24,25,26,29,30,45,46,47,48,52,61,67,68,69,70,83,89,90,91,92,111,112,113,114,133,134,135,136,138,155,156,157,158,177,179,180,181,192,195,203,204,213,214,222,224,225,226,232,243,245,246,247,274,303,323,324,325,329,330
483,483,104
1,2,3,4,5,7,8,18,19,20,21,23,24,25,26,28,29,39,40,45,46,47,48,51,52,61,62,67,68,69,70,74,83,89,90,91,92,97,111,112,113,114,117,118,119,120,133,134,135,136,141,147,148,152,155,156,157,158,163,168,169,170,171,178,179,180,181,182,192,195,196,201,202,203,204,210,214,215,217,222,224,225,226,232,236,239,243,244,245,246,247,248,259,274,280,296,302,303,307,323,324,328,329,330
433,433,60
1,7,16,17,18,19,20,21,22,23,39,40,43,45,51,60,61,62,67,69,83,84,91,105,106,113,130,131,135,141,147,148,149,152,169,171,174,184,195,200,201,204,216,217,219,222,223,226,236,239,240,244,245,258,259,261,262,264,280,281
199,199,113
1,2,6,7,15,16,17,18,19,20,21,22,23,24,25,28,29,37,38,39,40,41,42,43,45,46,47,50,51,60,61,62,67,68,69,70,82,83,84,87,89,90,91,96,104,105,106,111,112,113,114,119,126,127,128,134,136,147,148,149,156,157,158,159,160,162,169,170,171,178,179,180,181,182,189,190,191,192,193,194,195,200,202,203,204,205,211,214,215,216,217,219,225,234,236,239,240,241,244,245,247,258,259,262,267,274,278,280,281,291,300,303,322
299,299,113
1,2,3,5,7,15,16,17,18,19,20,21,22,23,24,25,27,28,29,30,38,39,40,41,42,45,46,47,49,50,51,60,61,62,67,68,69,70,83,84,89,90,91,105,106,111,112,119,126,128,137,147,148,149,150,155,156,157,158,160,162,169,170,171,173,174,178,179,180,181,182,184,189,190,191,192,194,195,200,202,203,204,205,206,211,214,216,217,222,225,226,228,232,234,236,239,240,244,245,247,256,258,259,261,262,263,266,274,278,280,281,291,322
470,470,97
1,2,3,5,7,15,16,17,18,19,20,21,22,23,24,27,28,29,39,40,41,43,44,45,46,47,48,50,51,61,62,67,68,69,70,83,84,89,90,91,105,106,112,119,126,127,128,134,137,147,148,156,158,159,169,170,171,173,179,180,181,182,184,189,190,191,192,193,194,195,202,203,204,205,211,214,215,216,217,225,226,227,232,234,236,239,240,241,244,245,247,256,269,280,291,322,324
469,469,96
1,2,3,4,7,15,16,17,18,19,20,21,22,23,24,27,28,29,38,39,40,41,43,45,46,47,48,49,50,51,61,62,67,68,69,83,84,89,90,91,105,106,111,112,119,128,133,134,137,148,156,158,159,162,170,171,176,178,179,180,181,189,191,192,193,194,195,201,202,203,204,205,206,211,214,215,216,217,225,226,228,232,236,239,240,247,248,258,259,261,269,281,291,303,323,324
452,452,109
1,2,3,5,7,15,16,17,18,19,20,21,22,23,24,27,28,29,37,38,39,40,41,42,44,45,46,47,48,49,50,51,60,61,62,67,68,69,70,82,83,84,89,90,91,105,106,107,111,112,127,128,133,134,147,148,150,151,156,158,159,170,171,178,180,181,182,184,188,189,191,192,193,194,195,200,202,203,204,206,210,211,214,215,216,217,218,225,226,231,236,239,240,241,244,247,256,259,261,265,270,280,281,291,302,303,324,325,328
257,257,106
1,2,3,4,5,7,15,16,17,18,19,20,21,22,23,24,27,28,29,37,39,40,41,42,43,44,45,46,47,48,50,51,52,61,62,67,68,69,70,82,83,84,89,90,91,105,106,109,112,127,128,133,134,148,149,150,156,159,168,169,170,171,173,174,178,180,182,184,188,190,191,192,193,194,195,201,202,203,204,206,211,214,215,216,217,218,219,225,226,232,236,239,240,241,248,259,261,262,269,280,281,284,303,308,323,324
453,453,81
1,2,4,5,15,17,18,19,20,21,22,23,24,27,29,39,40,41,42,45,46,47,48,50,51,61,62,67,68,69,82,83,84,85,89,90,91,105,106,112,128,129,132,134,149,159,171,180,184,188,192,193,194,195,202,203,204,211,215,216,217,218,219,225,226,236,239,240,241,247,259,261,262,269,270,280,284,302,303,324,325
465,465,74
1,2,3,5,15,16,17,18,19,20,21,22,23,24,28,29,39,40,41,44,45,46,47,48,61,62,67,68,69,83,84,89,90,91,105,106,128,129,133,149,150,171,178,180,188,192,193,194,195,202,203,204,210,211,216,217,218,219,225,232,236,239,240,241,259,262,263,269,284,291,302,324,325,328
46,46,45
2,16,17,18,24,28,39,40,46,50,60,61,62,63,68,71,83,84,85,90,106,127,128,148,149,150,171,172,193,194,195,214,216,217,219,220,236,239,241,261,262,263,284,286,306
201,201,55
2,16,17,18,21,24,39,40,41,46,61,62,63,68,83,84,86,87,88,90,105,106,108,127,128,134,149,150,151,152,157,171,174,192,193,194,195,198,203,216,217,218,219,220,225,236,238,239,240,241,262,263,286,306,324
203,203,93
2,15,16,17,18,19,20,21,22,24,27,29,39,40,41,42,43,44,46,47,61,62,63,64,65,66,68,74,78,83,84,85,86,87,90,91,97,100,105,106,107,112,119,123,127,128,129,134,141,149,150,151,152,171,173,192,193,194,195,198,203,204,214,215,216,217,218,219,220,226,236,238,239,240,241,242,245,247,248,251,258,259,261,262,263,264,280,281,283,284,286,306,324
273,273,53
5,18,19,20,21,22,24,39,40,41,43,44,46,61,62,63,64,65,66,83,84,86,87,88,105,106,108,109,127,129,130,150,152,194,195,196,198,216,217,218,219,220,236,239,240,241,258,262,263,281,284,287,306
495,495,79
18,19,20,21,22,27,39,40,41,42,43,44,48,51,61,62,63,64,65,74,83,84,86,87,88,90,97,106,107,108,110,127,128,129,130,149,150,151,152,172,175,178,192,194,195,198,204,211,215,216,217,218,219,220,226,236,238,239,240,241,242,245,258,259,261,262,263,264,270,280,281,283,284,285,286,305,306,324,326
134,134,63
5,18,19,20,21,22,27,40,41,42,43,44,61,62,63,64,65,66,83,84,85,86,87,97,106,107,108,109,127,128,129,130,149,150,151,152,194,195,198,204,211,217,218,219,220,236,238,239,240,241,258,259,261,262,263,264,281,284,285,286,306,308,324
296,296,46
5,18,19,21,22,40,41,42,43,44,61,62,63,65,66,72,84,85,86,88,106,107,127,128,129,130,149,150,151,195,196,217,218,219,220,239,240,241,259,262,263,284,285,286,306,307
87,87,13
21,22,44,62,65,66,88,107,108,109,150,218,241
567,567,4
22,44,66,86
458,458,9
20,21,88,142,143,164,165,187,318
521,521,41
118,161,162,212,213,226,227,235,257,265,271,278,279,284,286,287,288,292,293,296,299,300,301,302,305,306,309,310,311,314,315,316,320,321,322,323,324,325,326,327,329
221,221,54
117,118,199,221,222,235,243,244,245,246,257,258,265,266,267,268,277,279,280,282,285,286,287,288,289,290,291,292,293,294,299,300,301,302,304,305,306,309,310,311,312,313,314,315,316,317,321,322,323,324,325,326,327,329
528,528,66
177,178,199,200,201,221,222,223,224,226,243,244,245,246,247,249,250,265,266,267,268,269,270,271,272,275,278,279,280,287,288,289,290,291,292,293,294,295,296,297,298,299,300,301,303,304,305,306,309,310,311,312,313,314,315,316,317,318,319,320,321,322,323,324,326,327
419,419,79
177,178,199,200,201,221,222,223,243,244,245,246,247,248,249,256,257,265,266,267,268,269,270,271,272,273,274,275,276,277,278,279,280,281,282,283,287,288,289,290,291,292,293,294,295,296,297,298,299,300,301,302,303,304,305,306,307,309,310,311,312,313,314,315,316,317,318,319,320,321,322,323,324,325,326,327,328,329,330
24,24,92
177,178,199,200,221,222,223,224,226,227,234,243,244,245,246,247,248,256,257,258,259,260,261,262,263,264,265,266,267,268,269,270,271,272,273,274,275,276,277,278,279,280,281,282,283,284,285,286,287,288,289,290,291,292,293,294,295,296,297,298,299,300,301,302,303,304,305,306,307,308,309,310,311,312,313,314,315,316,317,318,319,320,321,322,323,324,325,326,327,328,329,330
43,43,101
155,177,178,191,199,200,201,214,221,222,223,224,225,226,234,235,236,237,238,239,240,241,242,243,244,245,246,247,248,249,253,254,255,256,257,258,259,260,261,262,263,264,265,266,267,268,269,270,271,272,275,276,277,278,279,280,281,282,283,284,285,286,287,288,289,290,291,292,293,294,298,299,300,301,302,303,304,305,306,307,308,309,310,311,312,313,314,315,316,319,320,321,322,323,324,325,326,327,328,329,330
51,51,110
133,148,155,156,168,169,170,173,177,178,179,181,191,192,193,194,195,196,197,198,199,200,201,203,212,213,214,215,216,217,218,219,220,221,222,223,224,225,232,234,235,236,237,238,239,240,241,242,243,244,246,247,253,254,255,256,257,258,259,260,261,262,263,264,265,266,267,268,275,276,277,278,279,280,281,282,283,284,285,286,287,288,289,290,293,298,299,300,301,302,303,304,305,306,307,308,309,310,311,320,321,322,323,324,325,326,327,328,329,330
436,436,112
95,103,104,105,111,117,121,122,124,125,126,127,128,129,130,131,132,133,134,135,144,145,146,147,148,149,150,151,152,153,154,155,156,157,167,168,169,170,171,172,173,174,175,176,177,178,179,189,190,191,192,193,194,195,196,197,198,199,200,212,213,214,215,216,217,218,219,220,221,222,234,235,236,237,238,239,240,241,242,243,255,256,257,258,259,260,261,262,263,264,277,278,279,280,281,282,283,284,285,299,300,301,302,303,304,305,306,307,308,326,327,330
51,51,96
17,27,37,38,39,40,41,54,55,56,57,58,59,60,61,62,63,77,78,79,80,81,82,83,84,85,87,100,101,102,103,104,105,106,107,108,109,110,123,124,125,126,127,128,129,130,131,132,146,147,148,149,150,151,152,153,154,168,169,170,171,172,173,174,175,176,190,191,192,193,194,195,196,197,198,212,213,214,215,216,217,218,219,220,236,237,238,239,240,241,242,260,261,262,263,264
428,428,87
5,6,8,9,10,11,12,13,14,15,16,17,18,19,20,21,31,32,33,34,35,36,37,38,39,40,41,42,43,44,53,54,55,56,57,58,59,60,61,62,63,64,65,66,74,76,77,78,79,80,81,82,83,84,85,86,87,88,99,100,101,102,103,104,105,106,107,108,109,110,122,124,125,126,127,128,129,130,131,132,147,148,149,150,151,154,176
571,571,67
6,7,8,9,10,11,12,13,14,15,16,17,18,19,20,21,22,27,28,29,30,31,32,33,34,35,36,37,38,39,40,41,42,43,44,52,54,55,56,57,58,59,60,61,62,63,64,65,66,78,79,80,81,82,83,84,85,86,87,88,104,105,106,107,108,109,110
410,410,47
6,7,8,9,10,11,12,13,14,15,16,17,18,19,20,21,22,28,33,34,35,36,37,38,39,40,41,42,43,44,59,60,61,62,63,64,65,66,81,82,83,84,85,86,87,88,176
560,560,12
6,11,14,15,16,17,18,19,20,21,22,37
223,223,25
165,249,253,255,260,273,275,276,294,295,297,298,305,306,307,308,311,316,317,319,320,327,328,329,330
289,289,63
89,156,174,195,196,208,209,210,211,212,217,218,219,220,225,230,231,233,234,240,241,242,243,247,252,253,254,255,260,262,264,270,274,275,276,277,283,284,285,286,288,291,292,294,296,297,298,299,304,305,306,307,308,311,317,318,319,320,321,327,328,329,330
161,161,72
1,23,45,111,132,133,150,151,152,153,154,156,157,166,167,173,174,177,178,186,187,188,189,195,196,198,211,217,218,220,231,232,239,241,242,243,247,249,253,255,260,262,263,264,272,273,274,275,276,277,283,284,285,286,294,295,296,297,298,304,306,307,308,311,316,317,319,320,327,328,329,330
60,60,101
1,23,26,27,45,71,73,86,87,88,106,107,108,109,110,116,119,128,129,130,131,132,135,136,143,145,150,151,152,153,156,157,159,163,167,172,173,174,177,178,179,187,189,195,198,202,208,209,210,211,215,217,218,219,220,225,227,228,230,231,232,233,237,240,241,242,247,248,249,253,254,255,260,262,263,264,275,276,277,282,283,284,285,286,291,297,298,299,304,305,306,307,308,317,319,320,321,327,328,329,330
295,295,74
63,64,84,85,86,87,88,106,107,108,109,110,118,119,128,129,130,131,132,143,150,151,152,153,154,164,173,174,178,179,186,187,189,195,196,202,207,211,217,218,219,220,230,231,239,240,241,242,249,252,253,255,260,261,262,263,264,283,284,286,295,304,305,307,308,317,318,319,320,326,327,328,329,330
109,109,93
20,41,42,62,63,64,65,66,84,85,86,87,88,97,98,106,107,108,109,110,119,120,121,128,129,130,131,132,141,142,143,144,150,151,152,153,154,164,165,172,173,174,175,187,188,189,196,197,198,202,207,210,211,217,218,219,220,228,230,231,238,239,240,241,249,251,252,253,255,260,261,262,263,274,275,283,284,285,286,295,297,298,304,305,306,307,308,319,320,327,328,329,330
477,477,38
19,23,41,43,63,64,65,84,85,86,87,107,108,109,110,128,130,131,132,151,152,153,175,189,196,198,220,231,252,253,286,297,308,317,320,328,329,330
63,63,30
41,42,43,63,64,84,85,86,87,88,107,108,109,110,128,130,131,143,151,152,153,174,189,196,217,219,230,231,253,330
74,74,17
67,90,112,113,133,135,155,156,157,177,178,199,200,221,222,243,246
394,394,45
12,46,67,68,90,93,94,95,111,113,114,115,116,134,135,136,137,155,156,157,158,159,177,178,179,180,181,199,200,201,202,221,222,223,224,243,244,245,265,266,267,287,288,309,310
354,354,71
34,55,74,75,76,92,95,96,97,116,117,118,119,134,135,138,139,140,141,155,156,158,159,160,161,162,177,179,180,181,182,183,184,199,200,201,202,203,205,221,222,223,224,225,226,227,243,244,245,246,247,249,265,266,267,268,270,271,274,287,288,289,290,291,292,309,310,311,312,313,315
509,509,95
9,13,52,55,56,58,75,77,78,79,80,81,97,98,99,100,101,102,119,121,122,123,125,139,140,141,142,143,145,146,161,162,163,164,165,166,167,182,183,184,185,186,187,188,189,202,205,206,207,208,209,210,211,223,224,225,226,227,228,229,230,231,232,244,248,249,250,251,252,253,265,266,269,270,271,272,273,274,275,287,288,290,291,292,293,294,295,296,309,310,312,313,314,315,316
361,361,110
15,17,18,37,39,40,57,58,59,61,62,79,80,81,82,83,84,99,100,101,102,103,104,105,106,121,122,123,124,125,126,127,129,142,143,144,145,146,147,148,149,150,164,165,166,167,168,169,170,171,172,185,186,187,188,189,190,191,192,193,194,207,208,209,210,211,212,213,214,215,229,230,231,232,233,234,235,236,237,250,251,252,253,254,255,256,257,258,259,271,273,274,275,276,277,278,279,280,295,296,297,298,299,300,301,317,318,319,320,322
506,506,109
18,19,20,21,39,40,41,42,43,61,62,63,64,65,82,83,84,85,86,104,105,106,107,108,125,126,127,128,129,130,131,146,147,148,149,150,151,152,153,168,169,170,171,172,173,174,190,191,192,193,194,195,196,212,213,214,215,216,217,218,233,234,235,236,237,238,239,240,241,255,256,257,258,259,260,261,262,263,275,276,277,278,279,280,281,282,283,284,285,297,298,299,300,301,302,303,304,305,306,319,320,321,322,323,324,325,326,327,328
411,411,101
19,20,21,22,30,41,42,43,44,62,63,64,65,66,84,85,86,87,88,106,107,108,109,110,126,127,128,129,130,131,132,148,149,150,151,152,153,154,170,171,172,173,174,175,176,192,193,194,195,196,197,198,213,214,215,216,217,218,219,220,236,237,238,239,240,241,242,257,258,259,260,261,262,263,264,279,280,281,282,283,284,285,286,301,302,303,304,305,306,307,308,321,322,323,324,325,326,327,328,329,330
301,301,94
18,19,20,21,22,40,41,42,43,44,62,63,64,65,66,83,84,85,86,87,88,106,107,108,109,110,127,128,129,130,131,132,149,150,151,152,153,154,171,172,173,174,175,176,193,194,195,196,197,198,214,215,216,217,218,219,220,236,237,238,239,240,241,242,257,258,259,260,261,262,263,264,280,281,282,283,284,285,286,302,303,304,305,306,307,308,323,324,325,326,327,328,329,330
481,481,86
18,19,20,21,22,40,41,42,43,44,63,64,65,66,84,85,86,87,88,106,107,108,109,110,128,129,130,131,132,149,150,151,152,153,154,171,172,173,174,175,176,193,194,195,196,197,198,215,216,217,218,219,220,237,238,239,240,241,242,259,260,261,262,263,264,281,282,283,284,285,286,302,303,304,305,306,307,308,323,324,325,326,327,328,329,330
292,292,79
19,20,21,22,41,42,43,44,62,63,64,65,66,84,85,86,87,88,106,107,108,109,110,128,129,130,131,132,150,151,152,153,154,172,173,174,175,176,194,195,196,197,198,215,216,217,218,219,220,238,239,240,241,242,260,261,262,263,264,280,282,283,284,285,286,302,303,304,305,306,307,308,324,325,326,327,328,329,330
325,325,66
20,21,22,42,43,44,63,64,65,66,86,87,88,107,108,109,110,128,130,131,132,151,152,153,154,172,174,175,176,194,195,196,197,198,216,217,218,219,220,238,239,240,241,242,260,261,262,263,264,282,283,284,285,286,303,304,305,306,307,308,325,326,327,328,329,330
159,159,53
20,21,22,41,42,43,44,64,65,66,85,86,87,88,108,109,110,130,131,132,151,152,153,174,175,176,196,197,198,218,219,220,239,240,242,260,261,263,264,282,284,285,286,303,305,306,307,308,325,326,328,329,330
103,103,42
19,20,21,22,40,41,43,44,65,66,87,88,108,110,131,132,151,152,154,172,175,176,197,198,218,220,240,241,242,262,263,264,283,284,285,286,292,304,307,308,324,330
8,8,35
17,18,19,20,21,22,40,41,42,43,63,64,84,108,172,183,194,215,216,240,261,262,274,282,291,292,295,296,303,304,313,314,316,324,325
260,260,17
6,20,98,269,270,274,287,290,291,292,301,311,312,313,314,329,330
466,466,21
19,20,21,41,42,43,64,230,238,252,260,274,296,297,314,317,318,319,320,325,327
436,436,19
19,20,21,41,42,43,194,216,238,252,260,261,297,299,303,305,317,318,319
41,41,18
19,20,42,43,172,238,239,260,261,273,276,282,295,296,297,318,319,321
41,41,13
18,19,20,41,42,43,83,238,261,274,282,283,304
132,132,5
42,43,83,261,282
537,537,5
1,23,67,89,133
33,33,18
1,2,28,45,50,51,67,73,89,94,95,111,112,133,230,245,251,252
412,412,25
1,2,23,27,45,49,51,59,67,69,71,73,89,93,94,111,112,133,163,208,230,245,251,272,273
520,520,38
1,2,23,45,49,59,67,71,72,89,93,135,137,140,141,147,157,159,163,169,171,172,173,174,179,181,191,192,193,194,196,201,202,215,224,237,251,274
163,163,51
1,12,23,40,45,46,49,50,51,59,67,71,81,89,93,95,118,141,156,171,177,179,180,181,193,201,202,203,223,224,227,228,229,237,245,249,250,251,264,267,271,272,273,274,286,293,294,295,315,316,330
211,211,55
1,2,18,23,24,40,45,46,49,50,59,67,71,72,81,89,93,95,118,136,149,155,163,171,177,180,181,191,192,193,202,205,221,223,228,229,245,249,250,251,271,272,273,280,281,286,292,293,294,295,302,308,315,316,330
210,210,60
17,19,23,24,35,39,40,41,45,49,62,67,71,72,81,84,89,94,95,104,106,118,127,138,139,147,149,169,171,172,181,182,192,194,198,201,202,223,224,228,229,231,245,249,250,251,259,271,272,273,274,281,292,293,294,295,314,315,316,317
91,91,88
2,19,22,23,24,26,39,40,41,45,46,49,50,51,59,60,61,62,63,67,72,81,82,83,84,85,89,93,94,95,104,105,106,107,118,126,127,128,129,136,138,139,147,149,150,156,175,179,180,181,182,191,198,201,202,214,215,220,223,224,225,228,229,231,237,242,245,246,250,251,252,259,264,271,272,273,274,292,293,294,295,313,314,315,316,317,324,330
340,340,108
1,19,20,23,39,40,41,42,45,49,50,59,60,61,62,63,64,67,71,72,73,81,82,83,84,85,86,89,93,94,95,103,104,105,106,107,108,112,113,126,127,128,129,130,136,138,139,140,149,150,154,156,169,171,175,176,177,178,180,181,182,191,192,193,197,198,201,202,205,214,215,216,217,220,223,224,225,228,229,230,231,237,242,245,246,250,251,254,264,271,272,273,274,292,293,294,295,296,311,313,314,315,316,317,318,324,326,330
84,84,85
17,19,20,23,38,39,40,41,42,45,50,51,61,62,63,67,71,72,81,82,84,85,86,94,103,104,105,106,107,119,127,128,129,147,149,150,151,154,158,162,170,171,172,176,192,193,194,198,202,203,206,209,214,215,216,220,223,225,228,229,230,231,237,242,245,247,249,250,251,259,264,271,272,273,274,275,292,293,294,295,296,314,315,317,324
75,75,96
14,18,19,20,21,23,24,30,38,39,40,41,42,45,51,61,62,63,64,67,82,83,84,85,89,95,104,105,106,107,108,119,126,127,128,129,148,149,150,151,152,154,156,158,163,171,172,174,176,191,192,193,194,196,198,202,204,209,214,215,219,220,223,225,227,228,229,230,231,242,245,246,247,250,251,254,259,264,271,272,273,281,282,285,286,292,293,294,295,296,303,307,308,314,315,325
32,32,116
1,3,17,18,19,20,21,23,24,26,27,30,32,38,39,40,41,42,44,45,46,50,51,61,62,63,64,67,72,81,82,83,84,85,86,89,95,103,104,105,106,107,119,126,127,128,129,130,132,147,148,149,150,151,154,156,163,171,172,173,174,175,176,179,182,193,194,196,197,198,202,205,209,215,216,220,224,225,227,228,229,230,231,232,237,238,240,242,246,247,248,249,250,251,254,264,269,270,271,272,273,274,282,286,294,295,296,303,304,307,308,314,315,318,319,325
301,301,82
16,17,18,19,20,21,22,23,38,39,40,41,42,43,44,45,59,60,61,62,63,64,65,67,81,82,83,84,85,86,87,88,103,104,105,106,107,108,126,127,128,129,130,131,132,149,150,151,152,154,171,174,175,176,180,183,192,197,198,218,219,220,225,231,237,241,242,246,247,249,250,251,252,260,264,269,273,285,286,294,325,330
64,64,124
8,16,17,18,19,20,21,22,23,30,31,37,38,39,40,41,42,43,44,45,46,53,54,59,60,61,62,63,64,65,67,80,81,82,83,84,85,86,87,89,100,101,102,103,104,105,106,107,108,125,126,127,128,129,130,131,132,148,149,150,151,152,153,154,170,171,172,175,176,179,180,182,183,192,193,197,198,202,203,204,205,210,215,216,218,219,220,224,225,230,231,232,237,239,242,247,248,249,250,251,252,269,270,271,272,273,281,284,286,291,292,294,303,307,308,314,315,316,317,324,325,326,329,330
151,151,118
8,16,17,18,19,20,21,22,23,26,29,30,38,39,40,41,42,43,44,45,46,53,54,57,59,61,62,63,64,65,67,78,79,81,82,83,84,85,86,87,96,100,101,104,105,106,107,108,109,125,126,127,128,129,130,131,132,148,149,150,151,152,153,154,171,172,173,174,175,176,182,183,188,192,194,196,197,198,202,203,204,211,215,216,218,219,220,224,225,231,238,241,242,247,248,249,250,251,252,269,271,272,273,279,281,286,292,294,295,296,303,307,315,316,325,326,329,330
536,536,127
2,5,8,16,17,18,19,20,21,22,23,26,29,30,32,38,39,40,41,42,43,44,45,46,50,53,54,59,60,61,62,63,64,65,67,68,74,77,79,81,82,83,84,85,86,87,90,100,101,104,105,106,107,108,109,110,124,126,127,128,129,130,132,149,150,151,152,153,154,167,171,172,175,176,180,182,188,192,194,196,197,198,202,203,204,205,210,211,215,216,217,218,219,220,224,225,231,232,238,239,240,241,242,247,248,249,250,251,252,262,264,269,272,273,274,291,294,295,306,307,308,314,315,316,325,329,330
150,150,109
1,2,8,9,15,16,17,18,19,20,21,22,30,32,38,39,40,41,42,43,44,45,53,54,55,61,62,63,64,65,68,78,81,82,83,84,85,86,87,100,101,104,105,106,107,108,109,110,126,127,128,129,131,132,148,149,150,151,153,154,171,172,175,176,177,182,188,193,194,195,197,198,203,204,205,210,215,216,217,219,220,224,225,226,231,237,238,239,248,249,250,251,252,262,264,270,271,272,274,285,291,292,294,295,304,315,316,325,330
459,459,129
1,8,9,17,18,19,20,21,22,23,24,25,26,29,30,32,39,40,41,42,43,44,45,46,47,48,49,50,53,54,56,61,62,63,64,65,70,77,78,79,81,82,83,84,85,86,87,88,90,100,101,104,105,106,107,108,109,110,127,128,129,130,131,132,149,150,151,153,154,171,172,173,175,176,182,183,188,193,194,195,197,198,202,203,204,205,210,211,215,216,217,219,220,224,225,226,231,232,233,239,240,241,242,248,249,250,251,252,262,263,264,270,271,272,273,281,285,286,291,294,295,304,307,314,315,316,317,325,330
172,172,105
2,8,9,10,17,18,20,21,22,24,25,29,30,31,39,40,41,42,43,44,45,46,47,48,49,53,54,61,62,63,64,65,70,72,77,78,81,82,83,84,85,86,87,90,100,101,104,105,106,107,108,109,126,127,128,129,130,131,132,149,150,151,153,154,171,172,173,175,176,182,183,194,195,197,198,203,204,205,210,216,217,219,220,226,231,232,238,239,242,245,248,249,250,251,252,264,272,273,294,304,307,316,317,320,330
439,439,118
2,8,9,10,15,17,18,19,20,21,22,23,24,25,27,28,29,30,31,32,40,41,42,43,44,45,48,49,50,53,54,57,61,62,63,64,65,66,70,72,77,78,82,83,84,85,86,87,90,96,100,101,105,106,107,108,109,123,127,128,129,130,131,150,151,152,153,154,167,171,172,173,175,176,181,182,183,189,194,195,196,198,202,203,204,205,210,211,214,216,217,218,219,220,226,238,239,241,242,249,250,251,252,264,272,273,285,286,292,294,295,304,307,314,316,317,325,330
501,501,122
1,2,8,9,10,12,13,15,18,19,20,21,22,23,24,25,27,28,29,30,31,32,40,41,42,43,44,45,46,48,49,53,54,56,62,63,64,65,66,70,72,78,79,83,84,85,86,87,88,89,90,100,101,105,106,107,108,109,123,127,128,129,130,131,132,150,151,152,153,154,158,167,172,173,174,175,176,181,182,183,189,194,195,196,198,202,203,204,205,211,216,217,218,219,220,224,225,226,233,238,239,240,241,242,249,250,251,252,262,263,272,273,285,286,294,304,307,316,317,325,326,329
501,501,105
8,9,10,15,19,20,21,22,31,32,41,42,43,44,45,48,54,56,62,63,64,65,66,67,68,70,71,72,79,84,85,86,87,88,89,90,92,100,105,106,107,108,109,110,112,127,128,129,130,131,132,142,149,150,152,153,154,167,172,174,175,176,178,182,183,197,198,203,204,205,219,220,225,241,242,247,249,250,251,252,253,263,264,267,269,270,271,272,274,285,286,292,293,294,296,301,303,304,307,308,310,314,325,326,330
155,155,88
9,18,19,20,21,22,41,42,43,44,48,62,63,64,65,66,67,68,70,84,85,86,87,88,89,90,91,92,94,105,106,107,108,109,110,127,128,129,130,131,132,143,149,150,151,152,153,154,165,167,171,172,173,174,175,176,182,184,194,196,197,198,203,204,205,208,217,218,219,220,225,231,240,241,242,247,250,251,252,264,272,286,294,298,307,308,325,326
110,110,115
9,15,18,19,20,21,22,30,32,40,41,42,43,44,45,49,54,62,63,64,65,66,67,68,69,70,71,72,84,85,86,87,88,89,90,92,94,96,99,100,105,106,107,108,109,110,116,118,119,127,128,129,130,131,132,138,140,141,142,143,149,150,151,152,153,154,164,165,167,172,173,174,175,176,182,184,194,195,196,197,198,203,204,205,206,214,216,217,218,219,220,225,228,239,240,241,242,247,250,251,252,260,262,263,264,272,274,285,286,298,304,307,308,326,330
202,202,102
9,10,15,19,20,21,22,23,26,31,41,42,43,44,45,46,47,48,62,63,64,65,66,67,68,69,70,71,72,85,86,87,88,89,90,92,94,100,106,107,108,109,110,119,126,127,128,129,130,131,132,141,142,143,149,150,151,152,153,154,165,166,172,173,174,175,176,182,184,194,196,197,198,203,204,205,206,208,217,218,219,220,224,225,228,239,240,241,242,247,248,250,251,252,264,269,272,286,295,304,308,326
194,194,103
3,4,8,9,15,19,20,21,22,23,26,27,30,31,32,41,42,43,44,45,46,47,48,49,51,52,63,64,65,66,67,68,70,71,72,84,85,86,87,88,89,90,92,94,100,106,107,108,109,110,116,119,127,128,129,130,131,132,142,143,149,150,151,152,153,154,165,166,172,173,174,175,176,182,184,194,195,196,198,203,204,205,206,208,218,220,225,228,229,230,231,239,240,242,247,252,264,269,272,274,286,308,326
157,157,102
2,3,4,8,15,20,21,22,23,26,30,31,32,41,42,43,44,45,48,49,52,63,64,65,66,67,68,70,71,72,85,86,87,88,89,90,92,94,100,106,107,108,109,110,116,119,127,128,129,130,131,132,141,142,143,144,146,150,152,153,154,160,164,165,167,173,174,175,176,182,184,186,195,196,197,198,203,204,205,206,208,217,218,219,225,227,228,230,231,239,240,241,242,247,252,269,283,286,304,305,327,330
109,109,85
2,3,9,15,20,21,22,26,41,42,43,44,45,47,48,52,64,65,66,67,68,69,70,71,72,85,86,87,88,89,92,94,100,107,108,109,110,119,129,130,131,132,141,142,143,144,145,152,153,154,160,165,167,168,173,174,175,176,182,184,196,197,198,203,204,205,206,217,218,219,225,229,230,240,241,247,252,260,262,264,286,308,321,327,330
400,400,76
2,9,15,16,20,21,22,26,42,43,44,45,47,48,64,65,66,67,68,70,71,72,85,86,87,88,89,90,92,94,95,100,107,108,109,110,116,129,130,131,132,138,141,142,143,151,152,153,154,160,165,167,168,174,175,176,182,196,197,198,203,204,205,206,217,218,219,225,240,241,247,262,264,308,319,327
150,150,52
1,2,20,21,22,42,43,44,64,65,66,67,68,70,72,73,87,88,89,92,94,95,107,108,109,110,116,129,130,131,132,138,142,143,144,145,152,153,154,160,167,174,175,176,196,197,198,204,218,219,240,241
357,357,45
21,22,30,31,43,44,64,65,66,67,87,88,89,91,92,100,108,109,110,119,120,122,129,130,131,132,138,142,143,144,145,152,153,154,160,165,175,176,186,203,248,253,269,270,291
459,459,7
245,246,288,298,309,310,320
293,293,34
199,221,243,244,245,265,266,267,268,270,271,287,288,289,290,291,292,293,296,297,298,299,309,310,311,312,313,314,315,316,317,319,320,321
25,25,60
177,178,199,200,201,202,221,222,223,224,225,243,244,245,246,247,248,249,250,265,266,267,268,269,270,271,272,273,274,275,287,288,289,290,291,292,293,294,295,296,297,298,299,309,310,311,312,313,314,315,316,317,318,319,320,321,322,323,324,325
52,52,77
177,179,199,200,201,202,221,222,223,224,225,226,227,228,229,243,244,245,246,247,248,249,250,251,265,266,267,268,269,270,271,272,273,274,275,276,277,278,279,287,288,289,290,291,292,293,294,295,296,297,298,299,300,301,302,303,305,309,310,311,312,313,314,315,316,317,318,319,320,321,322,323,324,325,326,328,330
67,67,90
177,199,200,201,202,203,221,222,223,224,225,227,228,229,231,243,244,245,246,247,248,249,250,251,252,253,254,255,256,257,265,266,267,268,269,270,271,272,273,274,275,276,277,278,279,280,281,287,288,289,290,291,292,293,294,295,296,297,298,299,300,301,302,303,304,305,306,307,309,310,311,312,313,314,315,316,317,318,319,320,321,322,323,324,325,326,327,328,329,330
32,32,102
178,199,200,201,202,205,221,222,223,224,225,226,227,228,229,230,232,234,243,244,245,246,247,248,249,250,251,252,253,254,255,256,257,258,259,260,265,266,267,268,269,270,271,272,273,274,275,276,277,278,279,280,281,282,283,284,285,286,287,288,289,290,291,292,293,294,295,296,297,298,299,300,301,302,303,304,305,306,307,308,309,310,311,312,313,314,315,316,317,318,319,320,321,322,323,324,325,326,327,328,329,330
444,444,110
178,179,181,182,184,199,200,201,202,203,204,205,206,207,208,209,210,212,213,214,215,222,223,224,225,226,227,228,229,230,231,232,233,234,235,236,237,238,239,241,242,244,245,246,247,248,249,250,251,252,253,254,255,256,257,258,259,260,261,262,263,264,268,271,272,273,274,275,276,277,278,279,280,281,282,283,284,285,286,293,294,295,296,297,298,299,300,301,302,303,304,305,306,307,308,316,317,318,319,320,321,322,323,324,325,326,327,328,329,330
88,88,113
116,117,118,135,136,137,139,140,142,143,144,145,146,147,158,159,160,161,162,163,164,165,166,167,168,169,170,171,172,173,174,175,176,184,185,186,187,188,190,191,192,193,194,195,196,197,198,207,208,209,210,211,212,213,214,215,216,217,218,219,220,231,232,233,234,235,236,237,238,239,240,241,242,252,253,254,255,256,257,258,259,260,261,262,263,264,275,276,277,278,279,280,281,282,283,284,285,286,299,300,301,302,303,304,305,306,307,308,326,327,328,329,330
396,396,104
42,43,58,60,61,62,63,65,66,76,77,78,79,80,81,82,83,84,85,86,87,88,93,94,95,96,97,99,100,101,102,103,104,105,106,107,108,109,110,116,117,118,119,120,121,122,123,124,125,126,127,128,129,130,131,132,137,142,143,145,146,147,148,149,150,151,152,153,154,166,167,168,169,170,171,172,173,174,175,176,182,188,191,192,193,194,195,196,197,198,212,213,214,215,216,217,218,219,220,238,239,240,241,242
275,275,85
6,9,10,11,12,13,14,15,16,17,18,19,20,22,30,31,32,33,34,35,36,37,38,39,40,41,42,54,55,56,57,58,59,60,61,62,63,64,65,66,76,77,78,79,80,81,82,83,84,85,86,87,88,99,100,101,102,103,104,105,106,107,108,109,110,117,123,124,125,126,127,128,129,130,131,132,147,148,149,150,151,152,153,154,176
431,431,64
6,7,8,9,10,11,12,13,14,15,16,17,18,19,20,21,22,28,30,31,32,33,34,35,36,37,38,39,40,41,42,43,44,55,56,57,58,59,60,61,62,63,64,65,66,78,79,80,81,82,83,84,85,86,87,88,105,106,107,108,109,110,130,131
405,405,45
8,9,10,11,12,13,14,15,16,17,18,19,20,21,22,28,33,34,35,36,37,38,39,40,41,42,43,44,57,58,59,60,61,62,63,64,65,66,83,84,85,86,87,88,156
407,407,6
11,12,16,17,18,33
98,98,39
230,238,247,249,250,252,253,255,260,261,264,265,269,270,272,275,282,283,284,285,286,291,293,305,306,307,308,309,310,311,313,314,315,317,318,319,328,329,330
566,566,60
155,189,194,196,197,198,205,206,208,209,211,219,220,223,224,225,226,227,228,229,230,231,233,242,243,247,248,249,250,251,260,264,265,269,270,272,282,284,285,286,287,291,292,293,304,305,306,307,309,313,314,315,316,317,318,319,327,328,329,330
119,119,95
15,23,24,25,45,46,48,89,90,91,112,116,130,131,132,135,150,152,153,154,155,158,172,173,174,175,176,177,179,183,184,186,187,196,197,198,199,201,202,203,204,205,206,208,209,211,216,220,221,223,224,225,226,227,228,229,230,231,233,242,243,247,248,249,250,251,252,255,260,261,264,265,269,272,275,282,284,285,286,287,292,293,305,306,307,308,309,310,313,315,317,318,319,328,330
231,231,105
3,24,25,45,46,47,48,49,65,66,71,72,73,85,86,87,106,107,109,114,115,116,129,130,131,132,135,136,137,138,150,153,154,156,157,162,167,172,174,175,176,177,178,179,180,183,184,187,188,189,194,196,198,199,201,202,203,204,205,206,208,209,211,219,220,221,223,224,225,226,227,228,229,230,231,233,238,242,243,247,248,249,250,260,261,264,265,269,271,272,282,285,286,292,293,304,305,306,307,309,315,319,327,328,330
88,88,113
22,25,42,43,63,64,65,66,84,85,86,87,98,99,107,108,109,110,116,128,129,130,131,132,135,136,137,138,143,150,152,153,154,157,158,159,161,162,163,165,167,172,173,174,175,176,178,179,180,183,184,187,188,189,190,196,197,198,201,202,203,204,205,206,207,208,209,211,216,220,221,223,224,225,226,227,228,229,230,231,233,238,239,242,246,247,248,249,250,251,260,261,264,269,270,271,272,275,282,283,284,286,292,305,306,307,308,310,315,319,328,329,330
289,289,116
20,21,22,41,42,43,44,63,64,65,66,77,78,84,85,86,87,88,97,98,99,106,107,108,109,110,118,119,128,129,130,131,132,138,139,140,143,144,150,151,152,153,154,160,161,162,164,165,166,172,173,175,176,183,184,186,187,188,194,196,197,198,201,202,203,204,205,206,207,208,209,211,220,224,225,226,227,228,229,230,231,233,242,244,247,248,249,250,252,253,255,260,264,269,270,271,272,273,275,282,285,286,293,295,304,306,308,310,313,314,315,317,318,319,327,328
26,26,82
19,20,21,22,42,43,44,62,63,64,65,66,84,85,86,87,99,106,107,108,109,128,129,130,131,132,143,150,151,152,153,154,161,162,163,165,167,172,173,174,175,176,183,184,188,194,196,197,198,204,205,206,208,211,220,225,226,227,228,229,230,231,242,247,249,250,252,253,264,272,273,275,285,286,295,306,307,308,310,315,317,328
52,52,47
20,21,22,42,43,44,62,63,64,84,85,86,107,108,128,129,130,132,150,151,153,172,174,175,176,188,194,196,197,198,208,211,220,228,229,230,231,238,250,252,253,272,273,275,286,304,306
332,332,9
133,155,156,157,177,178,199,221,243
234,234,39
115,116,134,135,136,137,138,155,156,157,158,159,177,178,179,180,181,199,200,201,202,221,222,223,224,243,244,245,246,265,266,267,268,287,288,289,290,309,310
545,545,66
76,117,118,138,139,140,155,156,157,158,159,160,161,163,177,178,179,180,181,182,183,184,199,200,201,202,203,204,205,206,221,222,223,224,225,226,227,228,243,244,245,246,247,248,249,250,265,266,267,268,269,270,271,287,288,289,290,291,292,293,309,310,311,312,313,314
377,377,91
56,67,77,78,79,101,121,122,123,141,142,143,144,145,158,159,161,162,163,164,165,167,180,181,182,183,184,185,186,187,188,202,203,204,205,206,207,208,209,210,223,224,225,226,227,228,229,230,231,232,245,246,247,248,249,250,251,252,253,254,267,268,269,270,271,272,273,274,275,287,288,289,290,291,292,293,294,295,296,297,309,310,311,312,313,314,315,316,317,318,319
263,263,109
38,39,60,61,80,82,83,84,101,102,103,104,105,106,122,123,124,125,126,127,128,136,144,145,146,147,148,149,150,164,165,166,167,168,169,170,171,184,185,186,187,188,189,190,191,192,193,194,206,207,208,209,210,211,212,213,214,215,228,229,230,231,232,233,234,235,236,237,248,249,250,251,252,253,254,255,256,257,258,271,272,273,274,275,276,277,278,279,280,292,293,294,295,296,297,298,299,300,301,314,315,316,317,318,319,320,321,322,323
271,271,110
18,19,40,41,42,61,62,63,64,65,83,84,85,86,87,104,105,106,107,108,109,125,126,127,128,129,130,146,147,148,149,150,151,152,153,167,168,169,170,171,172,173,174,175,190,191,192,193,194,195,196,211,212,213,214,215,216,217,218,219,232,233,234,235,236,237,238,239,240,254,255,256,257,258,259,260,261,262,276,277,278,279,280,281,282,283,284,285,297,298,299,300,301,302,303,304,305,306,307,318,319,320,321,322,323,324,325,326,327,328
250,250,101
19,20,21,22,41,42,43,44,62,63,64,65,66,84,85,86,87,88,106,107,108,109,110,127,128,129,130,131,132,149,150,151,152,153,154,170,171,172,173,174,175,176,191,192,193,194,195,196,197,198,213,214,215,216,217,218,219,220,235,236,237,238,239,240,241,242,257,258,259,260,261,262,263,264,278,279,280,281,282,283,284,285,286,300,301,302,303,304,305,306,307,308,322,323,324,325,326,327,328,329,330
403,403,93
19,20,21,22,41,42,43,44,62,63,64,65,66,83,84,85,86,87,88,106,107,108,109,110,127,128,129,130,131,132,149,150,151,152,153,154,171,172,173,174,175,176,191,192,193,194,195,196,197,198,214,215,216,217,218,219,220,236,237,238,239,240,241,242,258,259,260,261,262,263,264,280,281,282,283,284,285,286,301,302,303,304,305,306,307,308,324,325,326,327,328,329,330
127,127,90
18,19,20,21,22,39,40,41,42,43,44,61,62,63,64,65,66,83,84,85,86,87,88,104,106,107,108,109,110,128,129,130,131,132,149,150,151,152,153,154,171,172,173,174,175,176,193,194,195,196,197,198,199,215,216,217,218,219,220,237,238,239,240,241,242,259,260,261,262,263,264,281,282,283,284,285,286,302,303,304,305,306,307,308,325,326,327,328,329,330
506,506,81
18,19,20,21,22,40,41,42,43,44,61,62,63,64,65,66,83,84,85,86,87,88,106,107,108,109,110,128,129,130,131,132,150,151,152,153,154,172,173,174,175,176,194,195,196,197,198,216,217,218,219,220,237,238,239,240,241,242,260,261,262,263,264,281,282,283,284,285,286,303,304,305,306,307,308,325,326,327,328,329,330
299,299,72
17,18,19,20,21,22,40,41,42,43,44,63,64,65,66,82,83,84,85,86,87,88,104,105,106,107,108,109,110,129,130,131,132,149,151,152,153,154,173,174,175,176,194,195,196,197,198,217,218,219,220,236,240,241,242,261,262,263,264,283,284,285,286,304,305,306,307,308,326,328,329,330
134,134,53
18,19,20,21,22,40,41,42,43,44,62,63,64,65,66,85,86,87,88,107,108,109,110,128,129,130,131,132,151,152,153,154,175,176,197,198,218,219,220,241,242,263,264,282,284,285,286,306,307,308,328,329,330
150,150,42
18,20,21,22,42,43,44,64,65,66,85,86,87,88,106,107,108,109,110,129,130,131,132,152,154,175,176,197,198,219,240,242,263,264,284,285,286,307,308,328,329,330
3,3,34
3,18,19,20,23,41,43,45,60,61,62,63,64,65,67,83,84,85,86,87,106,107,108,109,128,129,130,152,153,219,242,286,308,330
206,206,17
11,12,13,14,32,33,34,36,55,56,57,58,61,63,85,107,175
543,543,24
7,8,10,11,12,13,14,19,23,32,33,34,35,56,57,78,79,83,107,130,131,132,153,154
113,113,21
1,8,9,12,13,14,23,32,33,35,36,37,57,58,80,84,85,86,108,130,131
93,93,18
1,6,7,13,14,23,33,34,36,37,56,57,58,63,80,104,107,109
35,35,11
1,7,9,13,23,35,37,58,59,80,84
140,140,1
1
450,450,8
158,162,163,180,185,199,221,271
416,416,27
73,139,155,157,158,159,162,163,164,165,177,178,179,180,186,187,188,199,200,201,202,243,251,253,272,275,278
225,225,32
139,155,156,158,159,162,163,164,165,177,178,179,180,185,186,187,188,199,200,201,202,209,223,243,251,252,253,276,278,287,288,300
423,423,46
22,39,40,44,89,138,139,162,163,181,184,185,186,187,188,189,191,192,194,201,206,227,248,251,252,255,262,282,283,284,285,287,288,289,291,305,306,307,309,311,312,314,326,328,329,330
434,434,48
22,35,40,44,94,116,139,159,162,182,184,186,187,189,190,192,201,204,205,206,207,228,229,233,240,247,248,251,263,283,284,285,286,287,291,304,305,306,307,308,311,312,314,315,326,328,329,330
57,57,59
21,22,40,44,61,66,67,139,160,182,184,186,187,189,190,192,193,201,202,203,204,205,206,207,209,216,228,229,233,240,248,251,255,260,261,263,264,265,266,267,271,282,283,284,285,286,287,291,305,306,307,308,313,314,326,327,328,329,330
171,171,59
19,21,22,41,44,63,66,139,159,160,172,181,184,186,187,189,190,192,193,201,203,204,205,206,207,208,209,210,225,228,229,233,246,248,249,255,260,261,262,263,264,282,283,284,285,286,291,302,305,306,307,308,311,313,315,327,328,329,330
329,329,97
19,21,22,26,40,41,43,44,62,63,64,66,67,68,70,83,85,86,88,90,94,103,104,105,106,110,127,128,129,138,139,147,151,160,171,172,173,180,181,182,184,186,187,189,190,192,193,194,197,201,202,204,205,206,207,208,209,210,211,215,216,224,227,228,229,231,232,241,242,246,247,248,252,253,255,260,262,263,264,283,284,285,291,294,305,306,307,308,311,312,314,315,324,327,328,329,330
76,76,76
19,21,22,40,41,42,43,44,60,61,62,64,66,67,70,82,84,85,86,87,88,104,107,127,128,132,139,150,160,171,172,173,174,181,182,184,186,187,189,190,192,193,194,195,203,204,206,210,214,215,216,219,220,228,240,241,255,263,264,286,291,294,305,306,307,308,311,312,314,317,325,326,327,328,329,330
553,553,109
5,20,21,22,23,26,39,40,41,42,43,44,47,60,61,62,63,64,65,66,67,69,70,82,83,84,85,86,87,88,90,102,104,105,106,107,108,109,110,127,128,129,130,131,132,149,150,151,152,153,171,172,174,175,182,184,186,189,190,192,193,194,195,196,197,205,206,207,208,209,210,211,214,215,216,217,218,219,220,231,233,237,240,241,247,251,252,253,258,260,264,269,292,296,303,304,305,306,307,308,312,314,316,318,325,326,327,328,329
305,305,122
4,9,17,19,21,22,24,26,27,29,30,36,38,39,40,41,42,43,44,47,48,51,60,61,62,63,64,65,66,67,68,69,70,71,82,83,84,85,86,87,88,90,91,93,94,103,104,105,106,107,108,109,110,112,126,127,128,129,130,147,150,151,152,153,169,171,172,173,174,181,182,184,186,189,190,192,193,194,195,196,197,203,204,206,207,208,209,210,211,214,215,216,217,219,225,228,229,232,233,236,240,241,242,247,251,252,253,255,258,263,264,296,303,305,306,307,308,314,324,326,327,328
552,552,123
5,9,16,17,18,19,21,22,25,26,27,28,30,38,39,40,41,42,43,44,46,47,48,49,51,53,60,61,62,63,64,65,66,67,68,69,70,72,75,82,83,84,85,86,87,88,90,91,94,101,103,104,105,106,107,108,109,110,112,126,127,128,129,130,149,150,151,153,154,160,171,172,173,182,184,186,189,190,192,193,194,195,196,197,198,205,206,208,210,211,214,215,216,217,218,219,220,228,232,233,236,238,240,241,247,251,252,253,255,260,264,305,306,307,308,314,324,325,326,327,328,329,330
167,167,58
16,17,18,19,20,21,22,38,39,40,41,42,43,44,59,61,62,63,64,65,66,82,83,84,85,86,88,104,106,107,108,109,110,127,128,132,151,172,193,197,215,216,236,259,260,282,303,304,305,306,308,314,324,325,326,327,328,330
318,318,125
7,8,9,13,15,16,17,18,19,20,21,22,24,27,31,38,39,40,41,42,43,44,46,47,48,49,59,60,61,62,63,64,65,66,67,68,69,70,79,80,81,82,83,84,85,86,87,88,90,91,92,101,102,103,104,105,106,107,108,109,110,123,126,127,128,129,130,131,132,147,149,150,151,152,153,154,171,172,173,174,175,182,184,189,190,192,193,194,195,196,197,198,203,211,212,215,216,217,218,219,236,238,240,241,242,259,260,264,281,283,303,304,305,306,307,308,314,315,324,325,326,327,328,329,330
475,475,124
9,14,15,16,17,18,19,20,21,22,24,35,36,38,39,40,41,42,43,44,47,49,59,60,61,62,63,64,65,66,67,68,69,70,81,82,83,84,85,86,87,88,90,92,100,101,102,103,104,105,106,107,108,109,110,126,127,128,129,130,131,132,149,150,151,152,153,171,172,173,174,175,182,184,189,190,191,192,193,194,195,196,197,198,203,205,208,211,215,216,217,218,219,220,231,232,238,239,240,241,242,247,252,256,258,259,260,264,282,283,303,304,305,306,307,308,314,324,325,326,327,328,329,330
493,493,108
2,9,13,15,16,17,18,19,20,21,22,24,31,37,38,39,40,41,42,43,44,46,47,59,60,61,62,63,64,65,66,67,68,69,70,80,81,82,83,84,85,86,87,88,90,91,92,100,101,103,104,105,106,107,108,109,110,112,126,127,128,129,130,131,132,142,149,150,151,152,153,154,171,172,173,174,175,184,188,189,192,193,194,195,196,197,198,208,209,211,215,216,217,219,233,238,240,242,260,263,282,303,304,325,326,327,328,329
462,462,115
2,9,14,15,16,17,18,19,20,21,22,23,24,25,30,31,38,39,41,42,47,59,60,61,62,63,64,65,66,67,68,69,70,79,81,82,83,84,85,86,87,88,90,91,92,100,101,104,105,106,107,108,109,110,112,119,123,126,127,128,129,130,131,132,144,149,150,151,152,153,166,167,172,173,174,175,184,189,190,192,193,194,195,196,197,203,208,211,215,216,217,218,219,220,225,231,238,240,241,242,259,260,263,264,282,303,304,313,314,324,325,326,328,329,330
493,493,119
1,2,9,13,14,15,16,17,18,19,20,21,22,23,25,30,31,37,38,39,40,41,42,43,59,60,61,62,63,64,65,66,67,68,81,82,83,84,85,86,87,88,89,90,91,92,100,101,104,105,106,107,108,109,110,119,122,123,126,127,128,129,130,131,132,145,149,150,151,152,153,154,163,167,171,172,173,174,175,184,189,192,193,194,195,196,197,198,203,204,206,208,210,211,213,215,216,217,218,219,220,225,228,231,232,233,240,241,260,281,282,304,305,314,325,326,328,329,330
172,172,104
1,9,14,15,16,17,18,19,20,21,22,23,24,37,38,39,40,41,42,43,44,59,60,61,62,63,64,65,66,67,68,81,82,83,84,85,86,87,88,89,90,91,101,104,105,106,107,108,109,110,119,123,126,127,128,129,130,131,145,149,150,151,152,153,162,163,167,172,173,174,175,184,189,194,195,196,197,198,203,204,215,216,217,218,219,231,233,238,240,241,260,262,263,264,282,304,314,315,325,326,327,328,329,330
487,487,123
1,9,13,14,15,16,17,18,19,20,21,22,23,24,37,38,39,40,41,42,43,44,45,46,59,60,61,62,63,64,65,66,67,81,82,83,84,85,86,87,88,89,90,91,101,105,106,107,108,109,110,123,126,127,128,129,130,131,132,144,145,149,150,151,152,153,154,162,163,166,167,172,173,174,182,184,185,189,192,194,195,196,197,198,203,208,210,211,214,215,216,217,218,219,220,225,231,232,233,238,239,240,241,242,260,261,262,263,264,282,284,285,286,303,304,305,306,314,326,327,328,329,330
513,513,123
1,9,14,15,16,17,18,19,20,21,22,23,24,37,38,39,40,41,42,43,44,45,46,59,60,61,62,63,64,65,66,67,81,82,83,84,85,86,87,89,90,101,105,106,107,108,109,110,123,126,127,128,129,130,131,132,139,143,145,149,150,151,152,153,162,163,166,167,172,173,174,175,182,183,184,185,189,192,194,195,196,197,198,203,204,206,208,209,210,211,215,216,217,218,219,220,231,232,233,238,239,241,242,260,261,262,263,264,282,284,285,286,305,306,307,313,314,315,324,325,327,328,330
127,127,78
14,16,17,18,19,20,21,22,38,39,40,41,42,43,44,60,61,62,63,64,65,66,82,83,84,85,86,87,88,90,104,105,106,107,108,109,110,126,127,128,129,130,131,132,151,152,153,154,173,174,176,195,196,197,198,211,216,217,218,219,220,238,239,240,241,242,259,260,262,263,264,280,284,286,305,306,308,328
195,195,103
14,15,16,17,18,19,20,21,22,23,38,39,40,41,42,43,44,60,61,62,63,64,65,66,82,83,84,85,86,87,88,104,105,106,107,108,109,110,126,127,128,129,130,131,132,149,150,151,152,153,154,172,173,174,175,176,184,194,195,196,197,198,211,216,217,218,219,220,233,236,237,238,239,240,241,242,255,259,260,261,262,263,264,280,281,282,283,284,285,286,304,305,306,307,308,313,314,315,324,327,328,329,330
406,406,102
14,15,16,17,18,19,20,21,22,38,39,40,41,42,43,44,60,61,62,63,64,65,66,73,82,83,84,85,86,87,88,104,105,106,107,108,109,110,126,127,128,129,130,131,132,149,150,151,152,153,154,171,172,173,174,175,176,194,195,196,197,198,211,215,216,217,218,219,220,233,238,239,240,241,242,255,258,259,260,261,262,263,264,280,281,282,283,284,285,286,303,304,305,306,307,308,313,314,327,328,329,330
418,418,94
9,14,15,17,18,19,20,21,22,38,39,40,41,42,43,44,60,61,62,63,64,65,66,82,83,84,85,86,87,88,105,106,107,108,109,110,127,128,129,130,131,132,147,149,152,153,154,163,174,175,176,192,195,196,197,198,211,212,217,218,219,220,233,238,239,240,241,242,255,259,260,261,262,263,264,281,282,283,284,285,286,303,304,305,306,307,308,313,314,324,325,327,328,330
165,165,97
8,9,14,15,16,17,18,19,20,21,22,38,39,40,41,42,43,44,60,61,62,63,64,65,66,82,83,84,85,86,87,88,105,106,107,108,109,110,127,128,129,130,131,132,147,148,149,153,154,163,174,175,176,196,197,198,201,212,217,218,219,220,233,238,239,240,241,242,255,258,259,260,261,262,263,264,280,281,282,283,284,285,286,302,303,304,305,306,307,308,313,314,324,327,328,329,330
402,402,80
9,16,17,18,19,20,21,22,39,40,41,42,43,44,61,62,63,64,65,66,84,85,86,87,88,106,107,108,109,110,112,127,128,129,131,132,147,149,153,154,169,174,175,176,196,197,198,211,212,217,218,219,220,233,238,239,240,241,242,260,261,262,263,264,265,280,282,283,284,285,286,302,303,306,307,308,327,328,329,330
195,195,70
9,17,18,19,20,21,22,39,40,41,42,43,44,61,62,63,64,65,66,84,85,86,87,88,106,107,108,109,110,128,132,149,153,154,169,174,175,176,196,197,198,212,217,218,219,220,233,239,240,241,242,261,262,263,264,280,281,283,284,285,286,302,303,305,306,307,308,328,329,330
286,286,44
19,20,21,22,41,42,43,44,62,64,65,66,84,85,86,87,88,107,108,110,175,176,196,197,198,218,219,220,239,240,241,242,261,262,264,280,284,285,286,303,307,308,328,330
205,205,19
20,21,22,41,42,43,44,64,65,66,198,199,219,240,241,263,285,286,308
213,213,18
20,21,22,39,42,43,44,66,88,198,219,220,262,264,284,285,286,308
316,316,27
46,69,71,91,111,133,134,135,136,158,181,201,221,223,224,243,265,266,269,270,287,288,289,309,310,312,315
478,478,50
69,112,115,116,117,133,134,138,156,157,178,199,201,221,222,223,243,244,245,246,247,265,266,267,268,269,270,287,288,289,290,291,292,296,297,298,309,310,311,312,313,314,315,316,318,319,320,321,323,324
463,463,63
177,178,199,200,201,221,222,223,224,225,226,243,244,245,246,247,248,249,250,265,266,267,268,269,270,271,273,274,275,277,287,288,289,290,291,292,293,294,295,296,297,298,299,300,301,302,309,310,311,312,313,314,315,316,317,318,319,320,321,322,323,324,325
257,257,81
177,178,179,199,200,201,221,222,223,224,227,228,229,243,244,245,246,247,248,249,250,251,252,253,254,255,256,257,265,266,267,268,269,270,271,273,274,275,276,277,278,279,280,287,288,289,290,291,292,293,294,295,296,297,298,299,300,301,302,303,307,309,310,311,312,313,314,315,316,317,318,319,320,321,322,323,324,325,326,329,330
254,254,93
199,200,205,207,208,221,222,223,226,227,228,229,232,243,244,245,246,247,248,250,251,252,253,254,255,256,257,258,260,265,266,267,268,269,270,271,272,273,274,275,276,277,278,279,280,281,282,283,284,287,288,289,290,291,292,293,294,295,296,297,298,299,300,301,302,303,304,305,306,307,308,309,310,311,312,313,314,315,316,317,318,319,320,321,322,323,324,325,326,327,328,329,330
75,75,102
199,200,205,207,209,221,222,223,228,229,230,231,232,234,235,236,237,243,244,245,246,247,250,251,252,253,254,255,256,257,258,259,260,261,262,264,265,266,267,268,269,270,271,272,273,274,275,276,277,278,279,280,281,282,283,284,285,286,287,288,289,290,291,292,293,294,295,296,297,298,299,300,301,302,303,304,305,306,307,308,309,310,311,312,313,314,315,316,317,318,319,320,321,322,323,324,325,326,327,328,329,330
245,245,109
186,191,206,207,208,209,210,211,212,213,214,215,216,217,218,219,220,222,223,228,229,230,231,232,233,234,235,236,237,238,239,240,241,242,243,244,245,246,251,252,253,254,255,256,257,258,259,260,261,262,263,264,266,267,268,269,270,273,274,275,276,277,278,279,280,281,282,283,284,285,286,289,290,291,292,293,294,295,296,297,298,299,300,301,302,303,304,305,306,307,308,313,314,315,316,317,318,319,320,321,322,323,324,325,326,327,328,329,330
562,562,112
17,126,127,141,142,143,144,145,146,147,148,149,150,154,163,164,165,166,167,168,169,170,171,172,173,174,175,176,186,187,188,189,190,191,192,193,194,195,196,197,198,206,207,208,209,210,211,212,213,214,215,216,217,218,219,220,230,231,232,233,234,235,236,237,238,239,240,241,242,252,253,254,255,256,257,258,259,260,261,262,263,264,275,276,277,278,279,280,281,282,283,284,285,286,298,299,300,301,302,303,304,305,306,307,308,321,322,323,327,328,329,330
35,35,102
11,31,34,36,38,41,52,53,57,58,60,61,62,63,64,65,76,79,80,81,82,83,84,85,86,87,88,98,99,100,101,102,103,104,105,106,107,108,109,110,118,120,121,122,123,124,125,126,127,128,129,130,131,132,141,142,143,144,145,146,147,148,149,150,151,152,153,154,164,165,166,167,168,169,170,171,172,173,174,175,176,187,190,191,192,193,194,195,196,197,198,212,214,215,216,217,218,219,220,235,241,242
242,242,87
8,10,11,16,17,18,19,20,21,22,28,29,30,31,32,33,38,39,40,41,42,43,44,51,52,53,54,55,56,58,59,60,61,62,63,64,65,66,73,74,75,76,77,78,79,80,81,82,83,84,85,86,87,88,97,98,99,100,101,102,103,104,105,106,107,108,109,110,121,122,123,124,125,126,127,128,129,130,131,132,149,150,151,152,153,154,305
378,378,68
8,9,10,11,12,13,14,15,16,17,18,19,20,21,22,28,29,30,31,32,33,34,35,36,37,38,39,40,41,42,43,44,51,52,53,54,55,56,59,60,61,62,63,64,65,66,75,76,77,78,79,81,82,83,84,85,86,87,88,98,102,103,104,105,107,108,109,110
57,57,47
6,8,9,10,11,12,13,14,16,17,18,19,20,21,22,28,29,30,31,32,33,34,35,36,38,39,40,41,42,43,44,51,52,53,54,55,56,57,61,62,63,64,65,66,74,76,97
106,106,14
8,10,11,12,18,28,29,31,32,33,34,53,55,59
154,154,22
250,251,255,269,272,277,283,284,287,288,289,290,300,305,307,309,310,311,312,313,322,328
85,85,56
178,195,197,204,211,217,220,224,225,226,230,231,233,239,242,244,247,250,251,255,261,263,264,265,266,268,269,272,277,278,283,284,285,286,287,288,289,290,295,299,300,304,305,306,307,308,309,310,311,312,313,320,322,328,329,330
44,44,81
131,132,133,150,151,152,153,156,173,174,175,176,178,179,186,195,196,197,198,202,204,211,217,218,219,220,224,226,229,230,231,233,239,240,241,242,243,246,250,251,255,256,261,262,263,264,266,268,269,270,272,277,278,282,283,284,285,286,287,288,289,290,299,300,305,306,307,308,309,310,311,312,317,320,321,322,323,327,328,329,330
282,282,49
131,132,150,152,153,154,156,174,176,178,179,195,196,197,198,210,218,219,220,224,230,231,233,239,240,241,242,251,255,261,262,263,269,277,283,286,287,288,289,305,306,307,308,309,310,322,328,329,330
223,223,96
67,86,87,88,107,108,109,110,116,128,129,130,131,132,137,150,151,152,153,154,156,157,158,172,173,174,175,176,178,179,180,187,194,195,196,197,198,202,204,210,211,217,218,219,220,224,225,226,230,231,233,239,240,241,242,244,246,247,250,255,256,260,261,262,263,264,265,266,269,277,278,282,283,284,285,286,287,288,289,290,291,299,300,305,306,307,308,309,310,311,312,322,324,328,329,330
11,11,96
22,41,42,43,63,64,65,66,83,85,86,87,88,106,107,108,109,110,128,129,130,131,132,138,150,151,152,153,154,158,159,172,173,174,175,176,179,180,194,195,196,197,198,202,204,209,210,211,217,218,219,220,222,224,226,230,231,233,239,240,241,242,243,244,250,255,256,261,262,263,264,265,266,269,272,277,278,283,284,285,286,288,289,300,305,306,307,308,309,311,320,322,324,328,329,330
61,61,80
20,21,22,41,42,43,44,64,65,66,86,87,88,106,107,108,109,110,128,129,130,131,132,150,151,152,153,154,172,173,174,175,176,195,196,197,198,210,211,217,218,219,220,224,226,231,233,239,240,241,242,246,250,251,255,261,262,263,264,268,269,277,278,283,284,285,286,288,300,305,306,307,308,311,320,322,324,328,329,330
39,39,55
21,41,42,43,44,64,65,66,86,87,88,108,109,110,128,129,130,131,132,150,151,152,153,154,172,173,174,175,176,195,196,197,198,217,218,219,220,233,240,241,242,261,262,263,264,277,284,285,286,305,306,307,308,329,330
176,176,5
96,111,155,221,243
416,416,38
67,72,73,93,94,95,96,112,114,115,116,117,134,136,155,156,157,178,179,181,199,200,221,222,243,244,245,265,266,267,268,287,288,289,290,309,310,311
336,336,64
32,39,53,54,56,73,74,75,76,95,96,97,98,99,116,117,118,119,120,121,137,138,139,140,141,142,143,160,161,162,178,181,183,184,185,207,221,243,244,245,246,247,248,265,266,267,268,269,270,271,287,288,289,290,291,292,293,309,310,311,312,313,314,315
219,219,86
53,54,55,57,73,75,76,77,78,80,97,98,99,100,101,102,119,120,121,122,123,124,140,141,142,143,144,145,161,162,163,164,165,166,167,184,185,186,187,188,206,207,208,209,210,229,230,231,232,244,251,252,253,265,266,267,268,269,270,271,272,273,274,275,287,288,289,290,291,292,293,294,295,296,297,309,310,311,312,313,314,315,316,317,318,319
388,388,106
15,37,56,58,59,79,80,81,99,100,101,102,103,104,105,121,122,123,124,125,126,127,142,143,144,145,146,147,148,149,150,164,165,166,167,168,169,170,171,185,186,187,188,189,190,191,192,193,208,209,210,211,212,213,214,215,229,230,231,232,233,234,235,236,251,252,253,254,255,256,257,258,271,272,273,274,275,276,277,278,279,280,291,292,293,294,295,296,297,298,299,300,301,302,312,313,314,315,316,317,318,319,320,321,322,323
255,255,110
18,19,40,62,84,85,86,102,106,107,108,122,125,126,127,128,129,130,131,143,144,145,146,147,148,149,150,151,152,153,154,164,165,166,167,168,169,170,171,172,173,174,175,176,187,188,189,190,191,192,193,194,195,196,197,211,212,213,214,215,216,217,218,219,231,232,233,234,235,236,237,238,239,240,241,247,253,254,255,256,257,258,259,260,261,262,263,277,278,279,280,281,282,283,284,285,300,301,302,303,304,305,306,318,323,324,325,326,327,328
331,331,103
1,20,21,22,43,44,62,65,66,84,85,87,88,105,106,107,108,109,110,125,127,128,129,130,131,132,147,148,149,150,151,152,153,154,169,170,171,172,173,174,175,176,191,192,193,194,195,196,197,198,213,214,215,216,217,218,219,220,234,235,236,237,238,239,240,241,242,256,257,258,259,260,261,262,263,264,278,279,280,281,282,283,284,285,286,300,301,302,303,304,305,306,307,308,322,323,324,325,326,327,328,329,330
306,306,96
18,20,21,22,40,41,42,43,44,62,63,64,65,66,84,85,86,87,88,106,107,108,109,110,127,128,129,130,131,132,147,149,150,151,152,153,154,171,172,173,174,175,176,192,193,194,195,196,197,198,214,215,216,217,218,219,220,236,237,238,239,240,241,242,257,258,259,260,261,262,263,264,279,280,281,282,283,284,285,286,301,302,303,304,305,306,307,308,323,324,325,326,327,328,329,330
384,384,92
20,21,22,41,42,43,44,62,64,65,66,84,85,86,87,88,106,107,108,109,110,128,129,130,131,132,147,148,149,150,151,152,153,154,169,170,171,172,173,174,175,176,192,193,194,195,196,197,198,214,215,216,217,218,219,220,236,237,238,239,240,241,242,258,259,260,261,262,263,264,280,281,282,283,284,285,286,302,303,304,305,306,307,308,323,324,325,326,327,328,329,330
20,20,87
18,19,20,21,22,39,40,41,42,43,44,62,63,64,65,66,85,86,87,88,107,108,109,110,127,129,130,131,132,149,150,151,152,153,154,170,171,172,173,174,175,176,193,194,195,196,197,198,214,215,216,217,218,219,220,237,238,239,240,241,242,258,259,260,261,262,263,264,281,282,283,284,285,286,303,304,305,306,307,308,324,325,326,327,328,329,330
75,75,81
20,21,22,40,42,43,44,62,63,64,65,66,84,85,86,87,88,102,107,108,109,110,125,129,130,131,132,147,148,149,150,151,152,153,154,171,172,173,174,175,176,193,194,195,196,197,198,215,216,217,218,219,220,238,239,240,241,242,259,260,261,262,263,264,279,283,284,285,286,300,301,305,306,307,308,324,326,327,328,329,330
72,72,72
18,20,21,22,40,41,43,44,62,64,65,66,83,84,85,86,87,88,106,107,108,109,110,128,129,130,131,132,148,149,150,151,152,153,154,171,172,173,174,175,176,194,195,197,198,217,218,219,220,239,240,241,242,261,262,263,264,281,283,284,285,286,303,304,306,307,308,321,326,327,329,330
343,343,69
19,20,21,22,38,40,41,43,44,58,61,62,63,65,66,80,83,84,85,86,87,88,105,106,107,108,109,110,127,128,130,131,132,151,152,153,154,170,174,175,176,182,193,195,197,198,215,217,218,220,238,240,242,263,264,277,278,285,286,307,308,323,324,325,326,327,328,329,330
151,151,65
17,20,21,22,40,44,58,61,62,63,66,83,84,85,86,87,88,104,106,107,108,109,110,126,127,128,129,131,132,147,148,149,150,153,154,170,171,175,176,182,195,196,197,198,217,219,239,240,241,242,261,262,264,277,283,285,286,300,306,308,323,324,325,326,328
115,115,45
1,11,12,13,15,16,17,18,19,20,33,34,35,36,37,38,40,41,42,59,66,156,157,172,173,221,222,223,224,225,226,227,228,244,245,246,247,248,249,250,251,270,271,272,275
445,445,53
11,12,13,14,33,34,35,56,57,84,106,107,112,113,128,129,131,132,134,135,136,148,154,171,172,173,194,195,196,217,218,219,241,262,263,264,269,278,284,285,286,297,300,301,303,305,307,320,322,323,324,328,329
326,326,50
12,13,14,33,34,35,36,56,57,83,91,106,107,112,113,129,130,131,133,134,135,136,148,170,172,174,195,196,217,220,242,263,264,285,286,295,296,297,298,300,301,304,307,308,318,320,327,328,329,330
475,475,45
12,13,14,35,57,58,79,84,106,107,112,129,130,131,133,134,135,136,150,151,172,173,194,195,196,235,262,263,264,275,279,284,285,286,296,298,299,300,301,308,319,322,323,328,329
546,546,39
12,13,34,35,56,57,58,79,90,106,112,113,128,129,130,133,134,135,136,150,157,173,174,195,196,229,257,263,264,275,279,285,296,299,300,301,320,322,328
147,147,32
36,57,58,79,80,91,112,131,134,136,172,173,174,194,195,241,261,263,264,275,276,279,284,285,299,300,301,305,308,321,322,323
120,120,23
35,36,57,58,79,80,91,102,112,134,173,195,196,219,241,275,285,286,300,301,321,322,330
129,129,14
57,58,79,80,91,102,112,173,284,285,300,306,322,323
444,444,4
79,111,112,323
351,351,2
154,178
273,273,18
21,22,39,43,44,61,64,65,66,86,87,88,105,109,110,127,162,163
284,284,39
2,19,21,23,24,39,40,42,43,44,45,61,62,64,65,66,83,85,86,87,88,104,105,109,110,127,128,132,156,162,163,216,225,237,238,239,259,260,321
441,441,43
19,20,21,22,24,41,42,43,44,45,46,47,62,64,65,66,67,68,79,83,84,85,86,87,88,104,105,106,109,110,127,128,149,150,225,237,238,259,260,282,320,321,325
373,373,71
3,16,18,19,20,21,22,24,25,39,40,41,42,43,44,45,46,47,61,62,63,64,65,66,67,68,69,83,84,85,86,87,88,89,104,105,106,107,108,109,110,114,126,127,128,129,131,132,148,149,150,151,154,169,202,209,215,216,225,226,237,238,239,259,260,261,282,303,320,324,325
297,297,48
2,18,19,20,21,22,24,41,42,43,44,45,46,63,64,65,66,68,83,84,85,86,87,88,104,105,106,107,108,109,110,126,127,128,131,132,150,151,154,191,215,225,238,303,304,320,324,325
569,569,77
2,3,17,18,19,20,21,22,24,25,39,40,41,42,43,44,45,46,48,61,62,63,64,65,66,67,68,70,72,82,83,84,85,86,87,88,90,104,105,106,107,108,109,110,126,127,128,129,130,131,132,149,150,151,154,169,177,192,202,210,215,225,233,234,237,238,251,260,261,282,303,304,320,321,324,325,326
240,240,109
2,3,5,16,17,18,19,20,21,23,24,25,26,39,40,41,42,43,44,45,46,47,48,60,62,63,64,65,66,67,68,70,82,83,84,85,86,87,88,89,90,92,104,105,106,107,108,109,110,111,112,114,126,127,128,129,130,131,132,149,150,151,152,153,154,162,169,170,171,172,176,189,192,195,197,198,202,208,215,218,225,227,233,234,237,238,239,247,251,260,261,262,263,273,282,283,302,303,304,306,307,318,320,321,324,325,326,329,330
537,537,112
2,3,4,5,16,17,18,19,20,22,23,24,25,26,27,38,39,40,41,42,43,44,45,46,47,48,49,62,63,64,65,66,67,68,70,82,83,84,85,86,87,88,89,90,92,103,104,105,106,107,108,109,110,113,126,127,128,129,130,131,132,133,147,149,150,151,152,154,155,169,170,171,172,173,174,175,176,177,188,192,195,197,198,208,209,215,218,232,233,237,238,239,240,251,260,261,281,282,283,302,303,304,306,318,320,321,324,325,326,327,329,330
461,461,39
8,15,16,17,18,20,21,22,40,41,42,43,44,61,62,63,64,65,82,84,86,87,88,110,127,174,192,196,215,217,218,238,239,260,261,262,282,283,306
529,529,116
3,4,5,7,8,9,15,16,17,18,19,20,21,22,25,27,28,29,30,31,37,38,39,40,41,42,43,44,48,49,50,51,53,60,61,62,63,64,65,66,68,71,82,83,84,85,86,87,88,91,97,102,104,105,110,119,126,127,132,148,149,151,152,153,154,156,169,170,171,173,174,175,176,184,185,192,193,194,195,196,197,198,206,211,214,215,217,218,219,220,233,236,237,238,239,242,251,260,262,263,264,274,277,282,283,284,285,286,304,305,306,307,318,327,329,330
191,191,126
3,5,7,8,9,15,16,17,18,19,20,21,22,25,27,28,30,31,37,38,39,40,41,42,43,44,47,48,49,50,51,53,60,61,62,63,64,65,66,68,71,74,75,82,83,84,85,86,87,88,89,90,91,97,104,105,109,110,126,130,131,132,141,150,151,152,153,154,162,167,170,171,172,173,174,175,176,184,189,190,192,193,194,195,196,197,198,206,211,212,214,215,217,218,219,220,232,233,234,236,237,238,239,240,241,242,251,259,260,261,262,264,274,275,282,283,285,304,305,306,307,308,318,327,329,330
190,190,121
3,4,5,8,15,16,17,18,19,20,21,22,25,27,28,29,30,31,32,37,38,39,40,41,42,43,44,47,48,49,50,51,53,60,61,62,63,64,65,66,68,71,74,75,82,83,84,85,86,87,88,90,97,104,105,106,107,108,109,110,119,127,128,130,131,132,150,151,152,153,154,163,167,169,170,171,172,173,174,175,176,184,189,192,193,194,195,196,197,198,211,214,215,217,218,220,233,234,237,238,239,240,241,242,251,255,260,261,262,263,264,283,284,285,286,299,305,306,308,329,330
256,256,118
3,4,5,8,9,15,16,17,18,20,21,22,25,27,28,29,30,31,32,37,38,39,40,41,42,43,44,46,47,49,50,51,53,60,61,62,63,64,65,66,68,71,72,74,75,82,83,84,85,86,87,88,90,93,97,104,105,106,107,108,109,110,127,128,129,130,131,132,149,150,151,152,153,154,156,167,170,171,172,173,174,175,176,184,189,192,193,194,195,197,198,211,214,215,217,218,219,220,233,234,237,238,239,241,242,253,260,261,263,264,283,285,286,305,308,327,329,330
303,303,123
3,4,5,8,9,10,15,16,17,18,19,20,21,22,25,26,27,28,29,30,31,32,38,39,40,41,42,43,44,46,48,49,50,51,53,59,60,61,62,63,64,65,66,68,69,70,71,74,75,81,82,83,84,85,86,87,88,90,97,104,105,106,107,108,109,110,119,126,127,128,129,130,131,132,149,150,151,152,153,154,167,171,172,173,174,175,176,184,188,189,192,193,194,195,197,211,214,215,217,218,219,220,226,236,238,239,240,242,260,261,262,263,264,281,282,283,285,286,305,306,307,327,330
257,257,111
3,5,8,9,10,15,16,17,18,19,20,21,22,25,27,29,30,31,32,38,39,40,41,42,43,44,47,49,50,51,53,60,61,62,63,64,65,66,68,71,75,82,83,84,85,86,87,88,97,104,105,106,107,108,109,110,127,128,129,130,131,132,149,150,151,152,153,154,163,167,170,171,172,173,174,175,176,193,194,195,197,198,211,214,215,216,217,218,219,220,233,238,239,240,241,242,260,261,263,264,282,283,284,285,286,305,306,307,327,329,330
456,456,119
4,5,9,10,15,16,17,18,19,20,21,22,25,27,28,29,30,31,32,38,39,40,41,42,43,44,46,47,49,51,53,59,60,61,62,63,64,65,66,68,71,75,82,83,84,85,86,87,88,97,104,105,106,107,108,109,110,119,127,128,129,130,131,132,134,149,150,151,152,153,154,167,171,172,173,174,175,176,184,188,191,192,193,194,195,196,197,198,211,214,215,216,217,218,219,220,233,234,237,238,240,241,242,260,261,263,264,282,283,284,285,286,306,307,308,327,328,329,330
188,188,107
4,9,10,15,16,17,18,19,20,21,22,27,28,29,30,31,32,38,39,40,41,42,43,44,46,47,49,50,51,53,60,61,62,63,64,65,66,68,70,71,75,82,83,84,85,86,87,88,97,105,106,107,108,109,110,119,127,128,129,130,131,132,149,150,151,152,153,154,172,173,174,175,176,184,194,195,196,197,198,211,215,216,217,219,233,234,237,238,239,240,241,242,259,260,261,263,264,282,283,284,305,306,307,308,328,329,330
476,476,36
16,18,21,22,39,42,61,62,63,64,65,83,84,85,86,87,88,105,108,109,110,128,129,130,131,132,150,151,152,153,154,172,173,205,260,330
438,438,73
15,16,17,18,19,20,21,22,30,38,39,40,41,42,43,44,60,61,62,63,64,65,66,82,83,84,85,86,87,88,105,106,107,108,109,110,127,128,129,130,131,132,149,150,151,152,153,154,172,173,176,194,195,197,217,218,241,242,260,261,262,282,283,284,285,304,305,306,307,308,328,329,330
203,203,87
15,16,17,18,19,20,21,22,30,37,38,39,40,41,42,43,44,52,60,61,62,63,64,65,66,70,74,82,83,84,85,86,87,88,97,105,106,107,108,109,110,127,128,129,130,131,132,149,150,151,152,153,154,171,172,173,174,175,176,194,195,196,197,198,216,217,218,239,242,260,261,262,263,282,283,284,285,287,304,305,306,307,308,327,328,329,330
93,93,61
15,16,17,18,19,20,21,39,40,41,42,43,44,61,62,64,65,66,83,84,85,86,87,88,105,106,107,108,109,110,128,129,130,131,132,149,150,151,152,153,154,172,173,174,175,176,196,197,198,218,219,261,282,283,302,305,306,307,328,329,330
367,367,60
16,17,18,19,20,21,22,39,40,41,42,43,44,61,62,63,64,65,66,83,84,85,86,87,88,106,107,108,109,110,128,129,130,131,132,150,152,153,154,172,173,175,176,195,196,197,198,217,218,219,260,261,283,284,305,306,307,328,329,330
365,365,54
17,18,19,20,22,40,41,42,43,44,61,62,63,64,65,66,84,85,86,87,88,106,107,108,109,110,128,129,130,131,132,150,151,152,153,154,173,175,176,195,196,197,198,218,219,220,282,283,305,306,307,328,329,330
17,17,30
20,22,40,41,42,43,44,62,64,65,86,87,88,107,108,109,110,129,130,131,132,152,153,154,175,176,179,198,219,329
341,341,12
64,65,86,88,108,109,110,130,131,132,154,175
38,38,11
158,161,180,202,221,222,243,244,268,271,300
449,449,9
64,86,87,88,108,130,131,132,153
219,219,40
179,183,199,200,205,206,221,222,223,224,226,227,228,243,244,245,246,248,250,251,265,266,272,275,287,288,289,290,291,295,296,297,309,310,311,312,313,318,322,323
25,25,56
168,184,199,200,201,203,204,206,221,222,223,224,225,226,227,243,244,245,246,247,250,265,266,267,268,269,271,272,273,285,287,288,289,290,291,292,293,294,295,296,297,300,301,308,309,310,311,312,313,314,315,316,317,318,323,325
292,292,68
155,177,178,179,199,200,201,202,203,204,221,222,223,224,225,226,227,243,244,245,246,247,248,249,250,251,252,265,266,267,268,269,270,271,272,273,274,276,287,288,289,290,291,292,293,294,295,296,297,298,299,309,310,311,312,313,314,315,316,317,318,319,320,321,322,323,324,325
35,35,83
177,178,179,180,199,200,201,202,204,221,222,223,224,225,226,227,228,229,243,244,245,246,247,248,249,250,251,252,265,266,267,268,269,270,271,272,273,274,275,277,278,279,287,288,289,290,291,292,293,294,295,296,297,298,299,300,301,302,303,304,306,309,310,311,312,313,314,315,316,317,318,319,320,321,322,323,324,325,326,327,328,329,330
454,454,97
177,178,179,180,182,183,199,200,201,205,207,221,222,223,224,225,228,229,230,243,244,245,246,247,248,249,250,252,253,254,255,256,257,258,262,265,266,267,268,269,270,271,272,273,274,275,276,277,278,279,280,281,282,287,288,289,290,291,292,293,294,295,296,297,298,299,300,301,302,303,304,305,306,307,308,309,310,311,312,313,314,315,316,317,318,319,320,321,322,323,324,325,326,327,328,329,330
313,313,107
154,177,181,199,200,201,202,203,204,221,222,223,224,225,226,228,229,230,231,232,233,235,236,243,244,245,246,247,248,249,250,253,254,255,256,257,258,259,260,261,262,263,265,266,267,268,269,270,271,272,273,274,275,276,277,278,279,280,281,282,283,284,285,287,288,289,290,291,292,293,294,295,296,297,298,299,300,301,302,303,304,305,306,307,308,309,310,311,312,313,314,315,316,317,318,319,320,321,322,323,324,325,326,327,328,329,330
437,437,114
177,178,183,199,200,201,202,203,204,205,206,207,208,209,210,212,213,214,215,216,217,218,221,222,226,227,228,229,230,231,232,233,234,235,236,237,238,239,241,242,243,244,245,249,250,251,252,253,254,255,256,257,258,259,260,261,262,263,264,267,268,270,271,272,274,275,276,277,278,279,280,281,282,283,284,285,286,290,291,292,293,294,295,296,297,298,299,300,301,302,303,304,305,306,307,308,313,314,315,316,317,318,319,320,321,322,323,324,325,326,327,328,329,330
552,552,119
117,134,136,139,145,147,148,149,157,161,163,164,165,166,167,168,169,170,171,172,173,174,175,176,181,182,183,184,185,186,187,188,189,190,191,192,193,194,195,196,197,198,201,202,204,205,208,209,210,211,212,213,214,215,216,217,218,219,220,222,227,228,229,230,231,232,233,234,235,236,237,238,239,240,241,242,251,252,253,254,255,256,257,258,259,260,261,262,263,264,275,276,277,278,279,280,281,282,283,284,285,286,298,300,301,302,303,304,305,306,307,308,322,323,325,326,327,328,330
453,453,109
20,42,43,58,60,61,62,63,64,65,66,73,76,81,82,83,84,85,86,87,88,99,100,103,104,105,106,107,108,109,110,116,117,118,120,121,122,123,124,125,126,127,128,129,130,131,132,138,139,141,142,143,144,145,146,147,148,149,150,151,152,153,154,162,163,164,165,166,167,168,169,170,171,172,173,174,175,176,186,187,188,189,190,191,192,193,194,195,196,197,198,208,210,211,212,213,214,215,216,217,218,219,220,231,232,238,239,240,241
400,400,94
5,6,7,9,10,11,12,13,14,15,16,17,18,21,22,28,29,32,33,34,35,36,37,38,39,40,41,42,43,44,50,55,56,57,58,59,60,61,62,63,64,65,66,75,76,77,78,79,80,81,82,83,84,85,86,87,88,98,99,100,101,102,103,104,105,106,107,108,109,110,120,121,122,123,124,125,126,127,128,129,130,131,132,142,143,146,147,148,149,150,154,165,172,272
72,72,71
5,6,7,8,10,11,12,13,14,15,16,17,18,19,20,21,22,28,29,31,32,33,34,35,36,37,38,39,40,41,42,43,44,50,53,54,55,56,57,58,59,60,61,62,63,64,65,66,75,76,77,78,79,80,82,83,84,85,86,87,88,98,99,100,101,102,104,105,106,120,124
223,223,49
6,7,8,10,11,12,13,14,15,16,17,18,19,20,21,22,31,32,33,34,35,36,37,38,39,40,41,42,43,44,53,54,55,56,57,58,61,62,63,66,75,76,77,78,79,98,99,120,121
122,122,18
7,11,12,13,17,19,22,31,33,34,35,53,55,56,75,76,79,98
341,341,16
263,284,287,288,289,290,291,304,306,307,308,309,310,311,313,328
224,224,50
174,175,194,195,196,197,198,216,217,218,219,220,239,240,241,242,260,261,262,263,264,266,267,283,284,285,286,287,288,289,290,291,292,303,304,305,306,307,308,309,310,311,312,313,323,324,327,328,329,330
110,110,68
3,24,45,46,47,48,90,109,111,112,129,130,131,132,134,150,151,152,154,172,173,175,194,195,196,197,198,216,217,218,219,220,239,240,241,242,260,261,262,263,264,266,267,282,283,284,285,287,288,289,290,291,292,305,306,307,308,309,310,311,312,313,324,326,327,328,329,330
448,448,74
3,24,25,26,45,46,47,48,64,86,87,106,107,108,109,110,129,131,132,134,150,151,152,153,154,172,174,175,176,194,195,196,197,198,216,217,218,219,220,238,239,240,241,242,260,261,262,263,264,266,283,284,285,286,287,288,289,290,291,294,304,305,306,307,308,309,310,311,312,313,327,328,329,330
81,81,86
3,5,20,42,43,44,61,62,63,64,65,68,82,83,84,85,86,87,88,105,106,107,108,109,110,119,128,129,130,131,132,141,150,151,152,153,154,172,173,174,175,176,184,194,195,196,197,198,216,217,218,219,220,239,240,241,242,260,261,262,263,264,283,284,285,286,287,288,289,290,291,304,305,306,307,308,309,310,311,312,313,326,327,328,329,330
466,466,46
29,64,87,108,110,129,132,150,151,152,153,154,172,174,175,194,195,196,197,198,217,218,219,220,239,240,241,261,262,263,283,284,285,286,288,291,305,306,307,308,309,310,311,313,328,330
181,181,75
19,20,21,40,41,42,43,63,64,65,66,84,85,86,87,88,106,107,108,109,110,128,129,130,131,132,150,151,152,153,154,165,172,173,174,175,176,194,195,196,197,198,216,217,218,219,220,239,240,241,242,260,261,262,263,264,283,284,285,286,288,291,305,306,307,308,309,310,311,312,313,327,328,329,330
85,85,32
20,64,65,86,87,108,128,129,131,150,151,152,153,154,172,174,194,195,197,198,217,218,220,240,242,261,284,306,307,328,329,330
300,300,14
47,71,91,112,113,114,134,135,155,177,199,221,222,243
70,70,42
49,50,70,71,92,93,94,95,114,115,116,135,136,138,157,158,159,160,178,179,180,182,199,200,201,202,203,221,222,224,225,243,244,246,265,266,267,287,288,289,309,310
302,302,67
10,11,33,73,75,79,95,96,98,99,116,117,118,121,137,138,139,140,159,160,161,180,181,182,183,184,201,202,203,204,205,221,223,224,225,226,227,228,243,244,245,246,247,248,249,250,265,266,267,268,269,270,271,287,288,289,290,291,292,293,309,310,311,312,313,314,315
356,356,89
12,13,14,33,34,35,36,54,55,56,57,58,76,77,78,98,99,100,102,118,120,121,122,123,139,140,141,142,144,160,161,162,163,165,181,182,183,184,185,187,205,206,207,224,225,226,227,228,229,230,231,246,248,249,250,251,252,253,267,268,269,270,271,272,273,274,275,276,289,290,291,292,293,294,295,296,297,298,309,310,311,312,313,314,315,316,317,318,319
506,506,107
15,16,17,37,38,39,43,57,58,59,60,61,62,79,80,81,82,83,100,101,102,103,104,105,122,123,124,125,126,127,144,145,146,147,148,149,166,167,168,169,170,171,187,188,189,190,191,192,193,207,208,209,210,211,212,213,214,228,229,230,231,232,233,234,235,236,250,251,252,253,254,255,256,257,258,270,272,273,274,275,276,277,278,279,280,293,294,295,296,297,298,299,300,301,302,313,314,315,316,317,318,319,320,321,322,323,324
271,271,110
17,18,19,20,38,39,40,41,42,59,60,61,62,63,64,81,82,83,84,85,102,103,104,105,106,107,121,122,124,125,126,127,128,129,144,145,146,147,148,149,150,151,167,168,169,170,171,172,173,190,191,192,193,194,195,196,212,213,214,215,216,217,218,234,235,236,237,238,239,240,255,256,257,258,259,260,261,262,276,277,278,279,280,281,282,283,284,296,298,299,300,301,302,303,304,305,306,307,317,318,319,320,321,322,323,324,325,326,327,328
393,393,102
18,19,20,21,22,40,41,42,43,44,62,63,64,65,66,84,85,86,87,88,106,107,108,109,110,126,127,128,129,130,131,132,148,149,150,151,152,153,154,170,171,172,173,174,175,176,191,192,193,194,195,196,197,198,214,215,216,217,218,219,220,236,237,238,239,240,241,242,257,258,259,260,261,262,263,264,278,279,280,281,282,283,284,285,286,300,301,302,303,304,305,306,307,308,323,324,325,326,327,328,329,330
378,378,95
18,19,20,21,22,40,41,42,43,44,62,63,64,65,66,83,84,85,86,87,88,106,107,108,109,110,127,128,129,130,131,132,149,150,151,152,153,154,171,172,173,174,175,176,193,194,195,196,197,198,214,215,216,217,218,219,220,236,237,238,239,240,241,242,258,259,260,261,262,263,264,278,280,281,282,283,284,285,286,301,302,303,304,305,306,307,308,323,324,325,326,327,328,329,330
328,328,91
18,19,20,21,22,41,42,43,44,61,62,63,64,65,66,84,85,86,87,88,106,107,108,109,110,127,128,129,130,131,132,149,150,151,152,153,154,171,172,173,174,175,176,191,193,194,195,196,197,198,215,216,217,218,219,220,237,238,239,240,241,242,258,259,260,261,262,263,264,280,281,282,283,284,285,286,301,302,303,304,305,306,307,308,324,325,326,327,328,329,330
21,21,86
19,20,21,22,41,42,43,44,63,64,65,66,84,85,86,87,88,106,107,108,109,110,128,129,130,131,132,150,151,152,153,154,168,171,172,173,174,175,176,193,194,195,196,197,198,214,215,216,217,218,219,220,236,237,238,239,240,241,242,257,258,259,260,261,262,263,264,280,281,282,283,284,285,286,303,304,305,306,307,308,325,326,327,328,329,330
241,241,79
19,20,21,22,41,42,43,44,63,64,65,66,85,87,88,105,106,107,108,109,110,130,131,132,149,150,153,154,170,171,172,173,174,175,176,192,195,196,197,198,215,216,217,218,219,220,235,237,238,239,240,241,242,257,259,260,261,262,263,264,279,281,282,283,284,285,286,302,304,305,306,307,308,324,326,327,328,329,330
75,75,70
19,20,21,22,41,42,43,44,61,62,63,65,66,85,86,87,88,106,107,108,109,110,127,129,130,131,132,149,151,152,153,154,171,172,173,174,175,176,196,198,215,216,217,219,220,223,237,238,239,240,241,257,260,261,262,263,264,281,282,283,284,285,286,305,306,307,308,327,329,330
362,362,64
21,22,40,41,43,44,62,63,65,66,84,85,86,87,88,106,107,108,109,110,129,130,131,132,150,151,152,153,154,171,172,173,174,175,176,191,194,195,196,197,198,212,218,219,220,233,234,240,241,242,256,261,262,263,264,283,284,285,286,306,307,308,329,330
16,16,59
17,41,61,62,63,84,106,107,110,128,129,149,150,151,169,171,172,173,190,194,195,196,212,213,214,215,216,217,218,219,234,235,236,237,238,239,240,248,256,257,258,259,260,261,262,263,264,270,271,279,282,283,284,285,286,305,306,307,308
16,16,47
4,12,13,14,34,36,45,56,57,116,117,137,138,139,142,143,159,160,163,164,165,166,167,182,183,186,187,188,189,201,205,207,208,230,235,256,261,262,263,270,283,284,285,291,312,313,314
44,44,57
11,12,13,14,34,35,36,54,56,57,108,123,130,137,138,139,140,144,145,159,160,161,162,165,167,183,192,207,211,212,213,229,230,231,232,234,235,251,252,254,255,256,257,262,270,277,291,292,297,298,299,300,315,316,319,320,321
141,141,51
13,14,35,57,99,113,136,137,138,145,158,159,160,161,183,190,195,206,208,211,212,229,231,232,234,235,252,253,254,255,256,270,277,278,279,290,291,292,293,296,297,298,299,300,312,314,315,316,319,320,322
542,542,48
13,14,35,36,56,57,58,92,113,129,135,136,137,151,158,159,180,191,195,211,212,213,233,234,235,252,253,254,255,256,257,270,277,278,290,291,292,293,298,299,312,313,314,315,316,320,321,322
557,557,46
13,20,34,35,36,58,91,92,113,135,136,137,138,158,159,180,188,195,202,211,212,213,231,234,235,236,253,254,255,256,257,260,261,270,277,278,293,298,299,300,312,314,315,316,320,321
43,43,37
15,36,37,56,58,86,91,92,113,114,135,136,137,138,151,158,159,160,180,195,202,212,213,224,234,235,255,256,257,261,277,292,293,298,300,315,316
358,358,30
41,69,91,92,93,113,114,130,135,136,137,138,158,159,160,170,173,180,194,195,202,224,234,235,256,260,284,299,312,315
232,232,23
69,91,92,93,113,114,116,119,135,136,137,138,158,159,173,180,202,213,224,234,235,284,315
343,343,12
91,92,93,113,116,136,137,138,158,180,202,224
172,172,24
22,30,44,52,66,88,105,110,132,154,167,176,188,198,220,242,254,255,264,277,290,297,324,325
484,484,17
22,88,110,132,153,154,175,176,198,220,226,238,242,243,264,266,325
66,66,28
22,44,66,83,88,110,132,154,175,176,197,198,199,205,219,220,221,225,226,242,243,244,264,266,269,286,324,325
47,47,36
22,44,62,66,82,83,88,110,132,153,154,155,175,176,197,198,215,219,220,221,222,225,239,242,243,244,258,260,264,266,269,286,309,323,324,325
355,355,59
1,17,19,22,24,39,40,44,46,60,61,62,66,82,83,84,85,88,102,104,105,106,110,126,132,153,154,175,176,197,198,215,216,219,220,221,222,226,233,238,239,242,243,244,245,247,260,264,266,269,280,285,286,303,308,309,324,325,330
471,471,87
1,2,4,5,17,18,21,22,24,25,30,39,40,41,44,46,47,61,62,63,66,82,83,84,85,88,89,104,105,110,111,126,132,148,150,153,154,175,176,192,197,198,199,200,214,215,216,219,220,221,222,223,224,226,227,238,242,243,244,245,247,248,249,255,260,261,263,264,266,269,270,275,280,282,283,284,286,294,302,303,308,309,315,324,325,326,330
217,217,87
1,2,3,4,5,17,18,19,22,24,25,26,27,39,40,41,44,46,47,48,49,60,61,62,63,82,83,84,85,86,88,89,104,105,106,107,110,111,127,131,132,154,175,176,192,197,198,211,214,215,216,219,220,221,222,225,226,227,233,236,238,239,242,243,244,245,247,248,250,255,260,261,264,266,269,270,283,286,293,303,307,308,309,315,324,325,330
479,479,117
1,2,3,4,5,17,18,19,20,21,22,24,25,26,27,28,39,40,41,42,43,44,46,52,60,61,62,63,65,66,70,82,83,84,85,87,88,89,90,104,105,106,107,108,111,126,127,131,132,137,148,150,153,154,173,175,176,189,191,192,193,197,198,203,210,211,212,213,214,215,216,218,219,220,221,222,224,225,226,227,231,232,233,234,236,238,239,241,242,243,244,245,246,247,248,249,254,255,260,261,263,264,266,269,277,278,280,283,286,303,306,309,315,324,325,329,330
552,552,128
1,2,3,5,17,18,19,20,21,22,24,25,26,27,28,29,39,40,41,43,44,46,47,52,60,61,62,63,64,65,81,82,83,84,85,87,88,89,90,104,105,106,107,109,110,111,112,126,127,131,132,137,144,148,150,151,153,154,167,171,172,175,176,189,190,191,192,193,196,197,198,200,211,214,215,216,218,219,220,221,222,224,225,226,227,231,232,233,234,239,240,241,242,243,244,245,246,247,248,249,254,255,256,257,260,261,262,263,264,266,269,271,275,277,283,285,286,302,303,307,308,309,315,324,325,326,329,330
568,568,53
1,17,18,19,20,21,22,31,39,40,41,43,44,61,62,63,82,83,87,88,104,105,107,109,127,129,149,153,171,176,191,192,197,198,199,215,216,220,238,239,241,242,243,260,261,286,303,308,324,325,326,329,330
289,289,125
1,2,3,5,13,14,16,17,18,19,20,21,22,23,24,25,26,27,28,29,35,36,37,38,39,40,41,43,44,46,47,48,49,50,52,57,60,61,62,63,64,65,66,70,71,74,79,82,83,84,85,86,87,89,101,105,106,107,109,110,111,123,126,127,128,129,131,149,150,151,152,153,171,173,174,175,176,189,192,193,194,197,198,201,211,215,216,217,219,220,221,225,232,234,238,239,241,242,243,245,246,255,256,260,261,262,263,264,265,270,278,281,283,284,285,286,302,303,306,308,323,324,325,326,330
183,183,128
1,2,3,5,12,13,14,15,16,17,18,19,20,21,22,23,24,25,26,27,28,29,30,31,34,36,37,38,39,40,41,42,43,44,46,48,49,53,56,57,59,61,62,63,64,65,70,74,75,78,82,83,84,85,86,87,88,101,104,105,106,107,108,109,123,126,127,129,130,131,132,149,150,151,152,153,154,167,171,172,173,174,175,176,184,190,191,192,193,194,195,196,197,198,211,214,215,216,217,218,220,224,225,233,236,238,240,241,242,243,246,254,255,260,261,262,263,264,268,281,282,283,286,303,308,324,325,326
295,295,99
1,2,3,4,5,12,13,15,16,17,18,19,20,21,22,23,24,25,26,27,28,31,38,39,40,41,42,43,44,46,47,48,49,50,51,52,53,56,57,59,61,62,63,65,71,75,82,83,84,85,86,87,97,101,104,105,109,127,129,130,131,132,149,172,173,174,175,176,190,192,194,196,198,215,216,220,224,232,233,234,238,239,241,243,247,254,256,260,261,262,263,264,277,283,286,303,324,325,326
460,460,121
1,2,3,4,5,10,12,13,14,15,16,17,18,19,20,21,22,23,24,25,26,27,28,29,30,34,35,38,39,40,41,42,43,44,46,47,48,49,50,51,52,53,55,56,57,59,61,62,63,65,66,70,71,74,75,82,83,84,85,87,88,97,101,105,106,107,109,122,123,127,129,130,131,132,149,150,151,152,153,171,172,173,174,175,176,189,192,193,194,195,196,197,198,215,216,217,218,220,224,225,233,236,238,240,242,247,256,260,262,263,264,277,283,286,303,308,324,325,326,329,330
280,280,118
1,2,3,4,5,12,13,14,15,16,17,18,19,20,21,22,23,24,25,26,27,28,29,30,32,34,35,38,39,40,41,42,43,44,46,47,48,49,51,52,53,54,55,57,59,61,62,63,65,66,70,71,74,75,83,84,85,87,101,104,105,106,107,109,123,127,129,130,131,132,149,150,151,152,153,167,172,174,175,176,189,192,193,194,195,197,198,202,214,215,216,217,218,219,220,224,225,233,236,238,239,241,242,247,254,255,260,261,263,264,268,277,283,286,303,324,325,326
295,295,125
1,2,3,4,5,12,13,15,16,17,18,19,20,21,22,23,24,25,26,27,28,29,30,31,32,34,35,37,39,40,41,42,43,44,47,48,49,50,51,52,53,54,56,57,59,61,62,63,65,66,70,71,79,83,84,85,87,88,99,101,104,105,106,107,109,123,127,128,129,130,131,132,149,150,151,152,153,154,167,171,172,173,174,175,176,189,192,193,194,195,196,198,202,215,216,217,218,219,220,231,236,238,239,241,242,247,255,260,261,262,263,264,268,277,282,283,284,285,286,303,306,314,324,325,330
459,459,93
1,2,3,4,5,12,13,14,15,17,18,19,20,21,22,24,25,26,27,28,29,30,32,34,39,40,41,42,43,44,47,48,49,52,58,61,62,63,65,70,82,83,84,85,86,87,88,101,105,106,107,109,123,127,129,130,131,132,149,150,151,152,153,172,173,174,175,189,192,193,194,197,198,215,216,218,220,224,238,240,242,256,260,261,263,264,283,284,285,307,308,324,325
280,280,89
1,2,3,4,5,12,13,14,18,19,20,21,22,24,25,26,27,28,29,30,37,40,41,42,43,44,47,48,49,52,53,56,57,62,63,65,84,85,86,87,88,105,106,107,109,123,126,128,129,131,132,150,151,152,153,172,173,174,175,176,189,194,195,196,197,198,215,216,217,219,220,238,240,242,260,261,263,264,277,285,286,306,307,308,324,325,328,329,330
