504,529
540,540,128
14,15,16,17,37,38,39,58,59,60,61,78,79,80,81,82,83,100,101,102,103,104,105,106,118,119,122,123,124,125,126,127,128,140,141,142,143,144,145,146,147,148,149,150,162,163,164,165,166,167,168,169,170,171,172,183,184,192,193,205,206,211,212,213,214,215,226,227,228,229,232,233,234,235,236,237,247,248,249,250,251,254,255,256,257,258,259,268,269,270,271,272,273,276,277,278,279,280,281,289,290,291,292,293,294,295,298,299,300,301,302,303,304,311,312,313,314,315,316,317,319,320,321,322,323,324,325,326
524,524,132
2,3,4,5,6,7,8,9,10,24,25,26,27,28,29,30,31,32,45,46,47,48,49,50,51,52,53,54,67,68,69,70,71,72,73,74,75,76,77,78,89,90,91,92,93,94,95,96,97,99,100,111,112,113,114,115,116,117,118,119,120,121,133,134,135,136,137,138,139,140,141,142,155,156,157,158,159,160,161,162,163,177,178,179,180,181,182,183,184,199,200,201,202,203,204,205,206,207,221,222,223,224,225,226,227,228,243,244,245,246,247,248,249,250,265,266,267,268,269,270,271,287,288,289,290,291,292,309,310,311,312,313
554,554,116
1,2,3,4,5,6,7,8,9,10,23,24,25,26,27,28,29,30,31,32,45,46,47,48,49,50,51,52,53,54,67,68,69,70,71,72,73,74,75,76,89,90,91,92,93,94,95,96,97,98,111,112,113,114,115,116,117,118,119,133,134,135,136,137,138,139,140,155,156,157,158,159,160,161,162,177,178,179,180,181,182,183,184,194,199,200,201,202,203,204,205,221,222,223,224,225,226,243,244,245,246,247,248,265,266,267,268,269,287,288,289,290,309,310,311,312
522,522,110
1,2,3,4,5,6,7,8,9,10,23,24,25,26,27,28,29,30,31,32,45,46,47,48,49,50,51,52,53,67,68,69,70,71,72,73,89,90,91,92,93,94,95,96,111,112,113,114,115,116,117,133,134,135,136,137,138,139,140,155,156,157,158,159,160,161,162,177,178,179,180,181,182,183,184,185,189,190,199,200,201,202,203,204,210,221,222,223,224,225,226,231,243,244,245,246,247,265,266,267,268,269,270,287,288,289,290,309,310,311
549,549,111
1,2,3,4,5,6,7,8,23,24,25,26,27,28,29,45,46,47,48,49,50,67,68,69,70,71,74,89,90,91,92,93,94,111,112,113,114,115,116,117,133,134,135,136,137,138,140,155,156,157,158,159,160,162,177,178,179,180,181,182,183,184,186,187,188,190,191,192,199,200,201,202,203,204,206,208,209,210,211,212,213,215,221,222,223,224,226,230,231,232,235,243,244,245,246,247,248,249,252,253,265,266,267,270,274,287,288,290,297,309,310
256,256,104
1,2,3,4,5,6,7,8,12,14,23,24,25,26,27,45,46,47,48,49,50,67,68,69,70,71,72,89,90,91,92,93,111,112,113,114,115,133,134,135,136,137,138,155,156,157,158,159,160,177,178,179,180,181,182,183,185,187,189,190,191,199,200,201,202,203,205,206,207,208,209,210,212,213,214,215,221,222,223,224,225,226,227,228,230,231,243,244,245,246,247,248,252,253,265,266,267,268,269,271,274,287,288,289
229,229,100
1,2,3,4,6,22,23,24,25,26,27,44,45,46,47,48,67,68,69,70,88,89,90,91,92,110,111,112,113,114,133,134,135,136,137,155,156,157,158,177,178,179,180,182,183,184,188,189,190,191,192,193,199,200,201,202,203,204,206,207,208,209,210,211,212,213,214,215,221,222,223,224,225,226,227,228,230,231,232,234,235,236,237,243,244,245,248,249,252,253,254,265,266,267,268,270,271,296,297,320
471,471,100
1,2,3,12,13,21,22,23,24,25,44,45,46,47,66,67,68,69,70,88,89,90,91,109,111,112,133,134,135,136,155,156,157,158,160,177,178,179,180,182,183,184,187,188,189,190,191,193,199,200,201,205,207,208,209,210,211,212,213,214,215,221,222,223,224,226,227,228,229,230,231,232,234,235,236,237,243,244,245,246,247,248,249,250,251,252,253,265,266,267,269,270,271,272,273,286,287,288,296,297
462,462,98
1,2,3,11,12,15,21,22,23,24,25,44,45,46,47,66,67,68,69,75,87,88,89,90,91,110,111,112,133,134,135,137,155,156,157,159,177,178,179,180,181,184,185,186,187,188,190,191,192,199,200,201,202,203,205,207,208,209,210,211,212,213,214,215,221,222,223,224,225,227,228,229,230,231,232,234,235,236,237,245,246,247,248,249,250,251,252,253,266,267,268,270,271,288,292,297,298,299
23,23,94
2,12,13,16,21,22,23,24,44,45,46,61,65,66,67,68,83,86,87,88,89,90,91,108,109,110,111,112,113,130,131,132,133,134,135,153,154,155,156,160,175,176,177,178,179,180,187,188,189,190,191,201,202,203,204,208,209,210,211,212,213,214,215,222,224,225,226,227,229,230,231,232,233,234,235,236,237,248,249,250,251,252,253,269,270,271,272,273,274,291,296,297,319,324
10,10,97
11,12,13,23,24,45,46,47,48,49,66,67,68,69,70,72,88,89,90,91,92,109,110,111,112,113,114,115,131,133,134,135,136,154,155,156,158,176,177,178,179,180,181,186,187,188,189,192,200,201,202,203,208,209,210,211,212,214,215,216,221,222,223,224,225,226,229,230,231,232,233,236,238,244,245,246,249,251,252,253,254,259,260,261,271,274,275,276,283,284,296,297,298,318,319,320,321
73,73,95
2,11,12,23,24,25,45,46,47,48,66,67,68,69,87,88,89,90,93,111,112,113,114,115,131,133,134,136,153,154,155,156,157,158,159,176,177,178,179,180,181,187,188,189,190,194,199,200,201,202,208,209,210,211,214,215,216,222,223,225,229,230,231,232,233,236,237,238,239,245,249,250,252,253,254,255,258,260,261,262,270,272,274,275,284,296,297,298,299,300,318,319,320,321,324
470,470,97
2,11,12,13,23,24,25,44,45,46,47,66,67,68,69,70,87,88,89,90,91,110,111,112,113,114,133,134,135,136,153,155,156,157,158,175,177,178,179,180,181,186,187,188,189,191,192,200,208,209,210,211,213,214,215,216,222,223,224,225,229,230,231,232,233,236,237,238,240,241,243,245,249,250,252,253,254,260,261,271,272,273,274,275,276,277,278,283,284,296,297,298,318,319,320,321,324
91,91,95
1,2,11,12,13,21,23,24,25,34,45,46,47,65,66,67,68,69,87,88,89,90,109,111,112,113,133,134,136,153,154,155,156,157,159,176,177,178,179,180,187,188,189,190,200,201,203,208,209,210,211,214,215,216,221,223,224,225,226,229,230,231,232,233,236,237,238,239,247,248,249,250,253,254,258,260,261,270,271,273,274,275,276,284,293,296,297,298,299,302,318,319,320,321,324
73,73,93
2,11,12,13,23,24,25,44,45,46,47,65,66,67,68,69,70,87,88,89,90,109,110,111,112,113,114,133,134,154,155,156,158,177,178,179,180,181,187,188,189,191,192,199,200,201,202,203,208,209,210,211,214,215,216,224,225,226,229,230,231,232,233,236,237,238,241,248,249,253,254,259,260,261,270,271,272,273,274,275,283,284,293,296,297,298,300,309,318,319,320,321,324
299,299,90
1,2,11,12,13,21,23,24,44,45,46,65,66,67,68,69,87,88,89,90,109,111,112,113,121,133,134,135,155,156,157,177,178,179,180,188,189,190,192,199,200,201,202,203,208,209,210,211,213,214,215,216,221,224,226,230,231,232,233,236,237,238,241,244,247,248,253,254,256,258,260,261,270,271,272,273,275,276,293,294,296,297,298,299,302,318,319,320,321,324
427,427,88
1,2,11,12,13,25,34,45,46,65,67,68,69,87,88,89,90,109,110,111,112,131,133,134,150,153,154,155,156,177,178,180,188,189,191,192,199,200,201,202,209,210,211,213,214,215,216,224,225,227,230,231,232,233,236,237,238,239,240,241,253,254,258,259,260,261,262,271,272,273,274,275,277,278,279,283,284,293,296,297,298,300,302,318,319,320,321,324
139,139,82
1,2,11,12,13,23,45,46,47,65,66,67,68,69,86,87,88,89,90,109,111,112,130,134,154,155,156,167,177,178,188,189,192,199,200,210,211,212,213,214,215,216,219,221,225,231,232,233,235,236,237,238,239,240,241,253,254,258,259,260,262,270,271,272,273,274,275,276,279,283,293,296,297,298,299,300,302,318,319,320,321,324
321,321,83
1,2,12,13,24,25,33,39,44,45,46,47,48,65,67,68,69,70,86,87,89,90,91,109,111,112,121,134,156,177,178,180,189,192,200,201,202,210,211,213,214,215,216,221,222,223,224,225,231,232,233,236,237,238,244,245,246,247,253,254,258,259,260,261,268,269,270,271,273,274,275,283,284,292,293,296,297,298,302,318,319,320,321
119,119,83
15,16,24,25,38,45,46,47,57,58,65,68,69,86,87,88,89,90,91,108,109,110,111,132,133,167,178,189,192,193,199,200,210,214,215,216,221,222,231,232,233,234,235,236,237,238,254,255,256,257,258,260,271,272,273,274,275,276,277,278,279,281,283,292,293,294,296,297,298,299,300,301,302,303,304,318,319,320,321,322,323,326,330
212,212,81
14,15,16,23,36,38,46,47,60,65,67,68,69,70,86,87,88,89,90,110,111,112,123,189,192,193,199,200,212,214,215,216,221,222,223,231,232,233,236,237,238,246,247,253,255,256,257,258,259,260,271,272,273,274,275,276,277,278,279,282,283,292,293,294,295,296,297,298,299,300,301,302,303,304,318,319,320,321,322,324,330
140,140,80
14,15,16,24,45,46,47,65,67,86,87,88,89,90,108,109,110,111,112,131,189,192,193,194,199,200,201,214,215,216,217,221,222,223,225,232,235,236,237,238,246,255,256,257,258,260,269,271,272,273,274,275,276,277,278,279,280,283,284,292,293,294,295,296,297,298,299,300,301,302,303,304,317,318,319,320,321,322,323,330
140,140,79
15,25,45,46,47,65,67,68,69,86,87,88,89,90,110,111,112,133,139,155,156,178,189,192,193,199,200,202,214,215,216,221,222,223,233,234,236,237,238,246,254,255,256,257,258,259,260,269,270,271,272,273,274,275,276,277,278,279,281,283,292,293,294,295,296,297,298,299,300,301,302,303,304,318,319,320,321,322,330
476,476,77
24,45,47,65,66,67,68,69,86,87,88,89,90,108,109,110,111,112,155,156,177,178,179,189,192,193,199,200,201,202,214,215,216,217,222,223,235,236,237,238,239,256,257,258,260,261,270,271,272,273,274,275,276,277,278,279,283,284,292,293,294,296,297,298,299,300,301,302,303,304,318,319,320,321,322,324,330
423,423,76
2,23,24,25,45,46,47,65,67,68,69,86,87,88,89,90,91,109,110,111,112,131,155,156,157,177,178,179,180,189,193,199,200,201,202,214,215,216,217,221,222,236,237,238,247,256,259,260,262,269,270,271,272,273,274,275,276,277,278,279,283,292,293,296,297,298,299,300,302,303,318,319,320,321,322,330
362,362,76
1,23,24,25,45,65,66,67,68,69,86,87,88,89,90,108,109,110,112,131,155,156,177,178,189,192,199,200,201,202,214,215,216,217,236,237,238,248,249,255,256,257,258,259,260,261,269,270,272,273,274,275,276,277,278,279,280,284,292,293,295,296,297,298,299,300,301,302,303,318,319,320,321,322,323,330
210,210,76
1,23,24,25,45,46,47,65,67,68,69,86,87,88,89,90,110,111,112,133,155,156,177,178,189,199,200,214,215,216,236,237,238,239,247,248,249,258,259,260,261,269,270,271,272,273,274,275,276,277,278,279,280,282,283,284,288,292,293,294,295,296,297,298,299,300,301,302,303,304,318,319,320,321,322,330
513,513,73
1,2,18,40,45,62,64,65,66,67,68,86,87,88,89,90,91,108,109,110,111,112,153,177,189,194,202,214,215,216,217,237,238,239,247,248,260,261,262,266,269,270,271,273,274,275,276,277,278,279,281,283,284,292,293,294,295,296,297,298,299,300,301,304,312,317,318,319,320,321,322,326,330
521,521,73
1,2,23,44,45,46,65,67,68,85,87,88,89,90,92,108,109,110,130,131,201,203,215,216,223,224,225,238,239,244,245,246,247,248,265,266,267,268,269,270,271,272,273,274,275,276,277,282,288,290,291,292,293,294,295,296,297,298,299,300,302,303,314,315,317,318,319,320,321,322,325,326,327
528,528,75
23,45,46,65,66,67,68,85,87,88,89,90,108,109,110,130,132,139,178,201,203,216,221,222,224,225,239,243,244,245,246,247,248,265,266,267,268,269,270,271,272,273,274,275,276,277,278,289,290,291,292,293,294,295,296,297,298,299,300,304,313,314,315,316,317,318,319,320,321,322,324,325,326,327,330
218,218,77
1,2,3,15,22,23,25,45,46,47,65,67,68,86,87,88,89,90,107,108,109,110,130,131,153,154,178,200,202,203,216,221,222,223,224,225,243,244,245,246,247,248,262,265,266,267,268,269,270,271,272,273,274,276,277,290,291,292,293,294,295,296,297,298,299,300,303,313,314,315,317,318,319,320,321,322,326
258,258,77
2,15,22,23,45,59,61,65,66,67,68,85,86,87,88,107,108,109,110,129,130,131,201,202,203,221,222,223,224,225,239,243,244,245,246,247,248,261,265,266,267,268,269,270,271,273,274,275,276,277,278,290,291,292,293,294,295,296,297,298,299,300,303,304,313,314,315,316,317,318,319,320,321,322,324,326,330
309,309,79
2,3,15,22,23,25,34,36,39,45,46,57,58,59,61,67,68,86,87,88,90,107,108,109,110,129,130,131,132,153,177,178,180,199,200,202,221,222,223,224,225,243,244,245,246,248,265,266,267,268,269,270,271,272,273,274,282,288,290,291,292,293,294,295,296,297,298,299,300,303,313,314,317,318,319,320,321,322,326
218,218,82
2,15,17,18,22,34,36,38,39,40,44,45,46,58,59,61,62,65,66,67,68,79,80,85,86,87,88,108,109,110,129,130,178,199,200,201,202,221,222,223,224,225,243,244,245,246,247,248,265,266,267,268,269,270,271,274,275,276,277,288,290,291,292,293,294,295,296,297,298,299,300,313,314,316,317,318,319,320,321,322,324,325
447,447,82
2,3,14,15,16,17,21,22,25,33,34,35,36,39,40,41,46,56,57,58,59,60,61,64,67,68,80,85,86,87,88,107,108,109,110,130,131,152,153,154,199,200,202,221,222,223,224,225,239,243,244,245,246,247,248,265,266,268,269,270,274,291,292,293,294,295,296,297,298,299,300,303,304,313,314,317,318,319,320,321,322,326
248,248,84
1,2,3,14,15,18,22,25,35,38,39,40,45,46,47,56,57,59,60,61,62,63,65,66,67,69,79,85,86,87,88,107,108,109,110,129,130,131,152,154,199,200,201,202,203,221,222,223,224,225,243,244,245,247,248,265,266,268,269,270,274,275,276,277,291,292,293,294,295,296,297,298,299,300,303,314,316,317,318,319,320,321,322,330
91,91,78
18,19,22,23,41,42,43,44,45,46,47,59,61,62,63,64,65,66,67,68,80,81,82,83,84,85,86,87,88,102,103,104,105,107,108,109,110,125,130,131,132,153,154,176,200,202,203,222,223,224,225,248,265,266,269,270,274,291,292,293,294,295,296,297,298,299,300,313,314,315,317,318,319,320,321,322,326,327
351,351,91
1,2,3,6,8,14,15,17,18,19,21,22,23,25,33,36,37,38,39,40,41,43,44,47,57,58,59,60,61,62,64,65,66,79,80,81,82,83,85,86,88,103,104,105,107,108,109,110,126,127,129,130,131,132,145,149,150,151,152,153,154,173,174,175,176,178,194,200,201,216,222,247,269,270,274,275,291,292,295,296,297,298,299,313,314,316,318,319,320,321,326
402,402,102
1,2,3,14,15,16,17,18,19,20,21,22,23,25,37,38,39,40,41,42,43,44,59,60,61,62,63,64,65,66,80,81,82,83,84,85,86,87,88,103,104,105,107,108,109,110,125,126,127,128,129,130,131,132,149,150,151,152,153,154,171,172,173,174,175,176,193,194,195,196,197,198,215,216,217,218,219,220,239,240,241,263,274,286,292,293,294,295,296,297,298,299,300,308,313,314,317,318,319,320,321,322
394,394,105
14,15,16,17,18,19,20,21,22,37,38,39,40,41,42,43,44,59,60,61,62,63,64,65,66,81,82,83,84,85,86,87,88,103,104,105,106,107,108,109,110,125,126,127,128,129,130,131,132,147,148,149,150,151,152,153,154,170,171,172,173,174,175,176,193,194,195,196,197,198,215,216,217,218,219,220,238,239,240,241,242,260,261,262,263,264,283,284,285,286,292,296,297,298,299,303,305,307,308,319,320,321,326,328,330
235,235,111
13,14,15,16,17,18,19,20,21,22,35,36,37,38,39,40,41,42,43,44,58,59,60,61,62,63,64,65,66,78,79,80,81,82,83,84,85,86,87,88,101,102,103,104,105,106,107,108,109,110,124,125,126,127,128,129,130,131,132,147,148,149,150,151,152,153,154,169,170,171,172,173,174,175,176,193,194,195,196,197,198,215,216,217,218,219,220,237,238,239,240,241,242,259,260,261,262,263,264,282,283,284,285,286,303,306,307,308,328,329,330
508,508,128
14,15,16,17,18,19,20,21,22,35,36,37,38,39,40,41,42,43,44,58,59,60,61,62,63,64,65,66,77,78,79,80,81,82,83,84,85,86,87,88,101,102,103,104,105,106,107,108,109,110,123,124,125,126,127,128,129,130,131,132,145,146,147,148,149,150,151,152,153,154,168,169,170,171,172,173,174,175,176,191,192,193,194,195,196,197,198,213,214,215,216,217,218,219,220,235,236,237,238,239,240,241,242,259,260,261,262,263,264,280,281,282,283,284,285,286,303,304,305,306,307,308,325,326,327,328,329,330
524,524,141
8,13,14,30,31,32,33,34,35,36,37,38,39,51,52,53,54,55,56,57,58,59,60,61,62,63,73,74,75,76,77,78,79,80,81,82,83,97,98,99,100,101,102,103,104,105,119,120,121,122,123,124,125,126,127,129,142,143,144,145,146,147,148,149,150,152,165,166,167,168,169,170,171,172,173,174,187,188,189,190,191,192,193,194,210,211,212,213,214,215,216,217,219,231,232,233,234,235,236,237,238,239,253,254,255,256,257,258,259,260,261,262,275,276,277,278,279,280,281,282,283,296,297,298,299,300,301,302,303,304,318,319,320,321,322,323,324,325,326,327,328
250,250,120
2,3,4,6,23,24,25,26,27,28,45,46,47,48,49,50,51,67,68,69,71,73,89,90,91,93,96,111,112,113,114,117,118,133,134,135,136,138,140,155,156,157,158,159,163,164,177,178,179,180,181,182,184,199,200,201,202,203,204,205,206,221,222,223,224,225,226,227,228,229,231,232,243,244,245,246,247,248,249,250,251,252,253,254,265,266,267,268,269,270,271,272,273,274,275,276,277,288,289,290,291,292,293,294,295,296,297,298,299,312,313,314,315,316,317,318,319,320,321,322
345,345,82
1,2,23,24,25,45,46,47,67,68,69,89,90,91,111,112,113,133,134,135,136,155,156,157,158,177,178,179,180,199,200,201,202,203,221,222,223,224,225,243,244,245,246,247,248,249,265,266,267,268,269,270,271,272,273,274,287,288,289,290,291,292,293,294,295,296,297,298,309,310,311,312,313,314,315,316,317,318,319,320,321,329
549,549,77
1,2,14,23,24,25,45,46,67,80,86,87,90,105,107,108,109,125,127,129,130,131,132,153,154,155,156,157,176,199,200,201,219,221,222,223,224,225,243,244,245,246,247,261,265,266,267,268,269,270,281,282,287,288,289,290,291,292,293,294,295,296,297,298,299,303,309,310,311,312,313,314,316,318,319,320,321
241,241,68
1,23,42,45,59,65,67,85,86,87,99,100,107,108,109,110,125,126,127,129,130,131,132,134,153,154,155,156,157,176,177,198,219,220,221,222,223,241,243,244,245,246,247,261,262,265,266,267,268,269,281,282,287,288,289,290,294,295,296,297,298,303,310,311,318,319,320,321
229,229,65
1,20,23,43,44,45,65,67,80,85,87,99,105,107,108,109,110,125,126,127,129,130,131,132,139,153,154,155,156,157,176,198,219,220,221,222,241,243,244,246,247,261,262,265,266,267,268,269,281,282,287,288,289,290,295,296,297,298,303,310,311,318,319,320,321
197,197,61
1,23,45,59,67,81,85,86,87,99,105,107,108,109,110,125,126,127,129,130,131,132,134,153,154,155,156,157,176,198,219,220,221,222,241,243,244,247,261,262,265,266,267,269,281,282,287,288,289,290,296,297,303,304,310,311,312,318,319,320,321
159,159,60
1,23,45,58,65,85,87,105,107,108,109,110,125,126,127,129,130,131,132,134,135,153,154,155,156,157,176,198,219,220,221,243,244,247,261,262,265,266,267,268,269,273,281,282,288,289,290,292,295,296,297,298,303,304,310,311,318,319,320,321
559,559,56
1,23,45,85,87,105,107,108,109,110,125,126,127,129,130,131,132,134,135,137,153,154,155,156,157,176,198,219,221,222,243,244,245,247,261,262,265,266,267,268,269,281,282,287,288,289,290,296,297,303,310,311,312,318,319,320
557,557,57
1,23,45,67,85,86,87,105,107,108,109,110,125,126,127,129,130,131,132,134,135,153,154,155,157,176,198,219,221,241,243,244,247,261,262,265,266,267,269,281,282,287,288,289,290,295,296,297,298,303,304,310,316,318,319,320,321
241,241,55
1,23,42,45,85,86,87,105,107,108,109,112,125,126,127,129,130,131,132,134,153,154,155,156,157,176,198,219,221,222,243,244,261,262,265,266,267,269,281,282,287,288,289,290,296,297,298,303,304,310,311,318,319,320,321
400,400,56
23,45,65,85,87,105,107,108,109,110,125,126,127,129,130,131,132,134,135,153,154,155,156,157,176,198,221,222,243,244,245,246,261,265,266,267,268,269,281,282,287,288,289,290,295,296,297,298,303,310,311,312,318,319,320,321
555,555,44
1,23,64,129,134,153,154,175,176,177,178,180,197,199,200,201,202,221,222,224,225,243,244,265,266,267,269,281,282,287,288,289,290,296,297,298,303,310,311,312,318,319,320,321
452,452,46
25,46,67,110,132,134,153,154,155,175,176,177,178,179,193,197,199,200,201,202,203,221,222,225,243,244,245,246,265,266,267,268,269,281,282,287,288,289,290,291,296,303,310,311,312,313
287,287,47
46,47,67,110,111,132,134,153,154,155,175,176,177,178,197,199,200,201,202,221,222,225,243,244,245,246,265,266,267,268,269,281,282,287,288,289,290,291,296,297,298,303,309,310,311,312,313
472,472,47
46,59,67,110,111,132,134,153,154,155,175,176,177,180,197,199,200,201,202,203,221,222,223,225,243,244,245,246,265,266,267,268,269,281,282,287,288,289,290,291,296,303,309,310,311,312,313
551,551,45
46,47,67,110,111,132,134,151,153,154,155,175,176,177,197,199,200,201,202,203,221,222,243,244,245,265,266,267,268,269,281,282,287,288,289,290,291,297,303,309,310,311,312,313,326
23,23,43
46,47,67,89,110,111,132,151,153,154,155,175,176,177,197,199,200,202,221,222,225,243,244,245,246,265,266,267,268,269,281,282,287,288,289,290,291,303,309,310,311,312,313
542,542,43
67,106,111,153,154,155,156,175,176,177,197,199,200,201,202,221,222,225,243,244,245,246,265,266,267,268,269,281,282,287,288,289,290,291,297,303,309,310,311,312,313,319,320
311,311,39
46,67,69,111,153,154,155,175,176,177,197,199,202,203,221,222,225,243,244,245,265,266,267,268,269,281,282,287,288,289,290,291,297,303,309,310,311,312,313
371,371,38
67,132,153,154,155,175,176,177,197,199,200,201,203,221,222,225,243,244,245,265,266,267,268,269,281,287,288,289,290,291,297,298,303,309,310,311,312,313
261,261,29
67,176,198,199,221,222,225,243,244,245,248,249,265,266,267,268,269,281,287,288,289,290,291,302,309,310,311,312,324
389,389,33
111,133,156,176,198,199,200,221,222,223,224,243,244,247,248,265,266,267,268,269,270,287,288,289,290,291,292,302,303,310,311,312,324
85,85,33
111,133,156,176,198,199,200,221,222,223,243,244,245,248,265,266,267,268,269,270,281,287,288,289,290,291,292,302,303,310,311,312,324
510,510,33
111,133,156,176,198,199,200,221,222,223,224,243,244,245,248,265,266,267,268,269,270,281,287,288,289,290,291,292,302,303,310,311,312
186,186,32
111,133,134,155,156,176,198,199,200,221,222,223,243,244,245,249,265,266,267,268,269,270,281,287,288,289,290,291,310,311,312,324
121,121,33
111,133,155,156,176,198,199,200,202,221,222,243,244,246,247,248,265,266,267,268,269,270,287,288,289,290,291,292,302,310,311,312,324
275,275,35
111,133,134,155,156,176,177,198,199,200,221,222,223,243,244,245,247,248,265,266,267,268,269,270,287,288,289,290,291,292,302,310,311,312,313
553,553,46
109,110,131,132,153,154,174,175,176,196,197,198,217,218,219,220,239,240,241,242,260,261,262,263,264,281,282,283,284,285,286,302,303,304,305,306,307,308,311,324,325,326,327,328,329,330
269,269,89
20,21,22,42,43,44,64,65,66,85,86,87,88,106,107,108,109,110,117,128,129,130,131,132,149,150,151,152,153,154,171,172,173,174,175,176,192,193,194,195,196,197,198,214,215,216,217,218,219,220,235,236,237,238,239,240,241,242,256,257,258,259,260,261,262,279,280,281,282,283,284,285,286,300,301,302,303,304,306,307,308,322,323,324,325,326,327,328,329
525,525,133
1,12,13,14,15,16,17,18,20,34,35,36,37,38,39,40,41,54,55,56,57,58,59,60,61,75,76,77,78,79,80,81,82,83,97,98,99,100,101,102,103,104,105,118,119,120,121,122,123,124,125,126,127,128,141,142,143,144,145,146,147,148,149,150,162,163,164,165,166,167,168,169,183,185,186,187,188,189,190,191,206,207,208,209,210,211,212,226,227,228,229,230,231,232,233,247,248,249,250,251,252,253,254,255,268,269,270,271,272,273,274,275,276,289,290,291,292,293,294,295,296,297,298,299,311,312,313,314,315,316,317,318,319
516,516,132
2,4,5,6,7,8,9,10,11,12,24,25,26,27,28,29,30,31,32,33,45,46,47,48,49,50,51,52,53,54,55,67,68,69,70,71,72,73,74,75,76,77,89,90,91,92,93,94,95,96,97,98,99,111,112,113,114,115,116,117,118,119,120,121,133,134,135,136,137,138,139,140,141,142,155,156,157,158,159,160,161,162,163,177,178,179,180,181,182,183,184,185,199,200,201,202,203,204,205,206,221,222,223,224,225,226,227,243,244,245,246,247,248,249,265,266,267,268,269,270,271,287,288,289,290,291,292,309,310,311,312,313
530,530,115
1,2,3,4,5,6,7,8,9,10,23,24,25,26,27,28,29,30,31,32,45,46,47,48,49,50,51,52,53,54,67,68,69,70,71,72,73,74,75,76,89,90,91,92,93,94,95,96,97,111,112,113,114,115,116,117,118,119,133,134,135,136,137,138,139,140,155,156,157,158,159,160,161,177,178,179,180,181,182,183,184,199,200,201,202,203,204,221,222,223,224,225,226,227,243,244,245,246,247,248,265,266,267,268,269,270,287,288,289,290,291,309,310,311,312
352,352,110
1,2,3,4,5,6,7,8,9,10,11,12,23,24,25,26,27,28,29,30,31,45,46,47,48,49,50,51,52,67,68,69,70,71,72,73,74,89,90,91,92,93,94,95,96,111,112,113,114,115,116,117,118,133,134,135,136,137,138,139,140,155,156,157,158,159,160,161,177,178,179,180,181,182,183,199,200,201,202,203,204,205,221,222,223,224,225,226,243,244,245,246,247,248,265,266,267,268,269,270,287,288,289,290,291,292,309,310,311,312
354,354,111
1,2,3,4,5,6,8,12,13,14,20,21,22,23,24,25,26,27,28,31,32,44,45,46,47,48,49,51,54,55,67,68,69,70,71,72,73,74,89,90,91,92,93,94,95,96,111,112,113,114,115,116,117,118,119,133,134,135,136,137,138,139,141,155,156,157,158,159,160,161,177,178,179,180,181,182,199,200,201,202,203,221,222,223,224,225,226,228,243,244,245,246,247,248,265,266,267,268,269,270,271,272,287,288,289,290,291,292,309,310,311
91,91,103
1,2,3,4,5,14,22,23,24,25,26,27,28,45,46,47,48,49,50,51,67,68,69,70,71,72,73,74,89,90,91,92,93,94,95,96,111,112,113,114,115,116,117,118,119,120,133,134,135,136,137,138,139,140,142,155,156,157,158,159,160,162,177,178,179,180,181,183,199,200,201,202,203,221,222,223,224,225,226,243,244,245,246,247,248,250,251,265,266,267,268,269,270,271,272,287,288,289,290,291,292,309,311
32,32,102
1,2,3,13,14,15,18,19,20,21,22,23,24,25,26,27,43,44,45,46,48,49,50,65,67,68,69,70,71,88,89,90,91,92,93,111,112,113,114,115,133,134,135,136,137,155,156,157,158,159,160,172,173,177,178,179,180,181,193,194,199,200,201,202,203,216,221,222,223,224,225,236,243,244,245,246,247,248,265,266,267,268,270,271,275,276,287,288,289,290,291,292,295,296,297,302,304,309,311,315,317,322
31,31,100
1,2,3,11,12,13,14,18,19,20,21,22,23,24,25,37,41,43,45,46,56,67,68,73,74,84,85,89,95,96,97,107,111,112,113,117,120,133,134,136,141,152,155,156,157,158,159,160,161,162,177,178,179,180,181,182,193,194,199,200,201,202,203,204,215,216,221,222,223,224,225,231,243,244,245,246,247,251,265,266,267,268,269,270,271,272,287,288,289,290,291,292,295,302,303,309,311,317,322,325
558,558,96
1,2,3,11,12,13,14,15,18,19,20,21,22,23,24,26,27,34,35,36,42,43,44,45,50,56,57,67,68,72,73,74,77,85,96,99,111,112,113,114,117,133,134,135,136,138,153,155,156,157,158,159,160,177,178,179,180,181,182,199,200,201,202,203,204,221,222,223,224,225,226,231,243,244,245,246,247,248,251,266,267,268,269,281,287,288,290,291,292,294,302,303,304,309,311,325
443,443,93
1,12,13,14,15,19,20,22,23,34,35,36,37,42,43,56,64,65,66,68,70,71,73,85,88,89,90,91,92,96,97,109,111,112,113,120,128,131,133,134,135,136,149,152,154,155,156,157,158,159,160,161,171,174,176,177,178,179,180,181,193,199,200,201,202,203,204,215,217,218,221,222,223,224,225,226,236,243,244,245,246,247,254,266,267,268,281,290,291,302,309,311,324
453,453,94
3,10,11,12,13,14,19,20,21,22,33,36,37,41,42,43,44,56,62,63,64,65,66,79,84,85,86,87,88,89,91,100,106,109,110,111,112,114,130,131,132,133,134,135,152,153,154,155,156,157,158,174,175,176,177,178,179,180,193,196,197,198,199,200,201,202,203,215,221,222,223,224,225,226,227,243,244,245,246,248,252,265,273,281,289,290,291,293,294,302,303,309,311,313
462,462,94
3,4,9,10,11,12,13,14,19,20,21,22,26,33,34,41,42,43,44,56,61,63,64,65,66,75,80,81,87,88,109,110,111,112,113,131,132,133,134,135,136,152,153,154,155,156,157,158,159,174,175,176,177,178,179,180,196,197,198,199,200,201,202,205,221,222,223,224,225,226,227,231,232,243,244,245,246,248,253,265,270,281,289,290,291,292,293,294,302,303,309,311,324,325
220,220,95
2,3,4,8,9,10,11,12,13,14,19,20,21,22,31,32,33,35,36,41,42,43,44,54,56,58,63,64,65,66,79,80,84,85,87,88,101,109,110,111,112,113,122,131,132,133,134,135,152,153,154,155,156,157,158,159,175,176,177,178,179,180,181,196,197,199,200,201,202,204,221,222,223,224,225,226,227,231,243,244,245,248,270,272,281,289,290,291,292,293,294,302,303,309,324
553,553,94
3,4,9,10,11,13,14,19,20,21,22,26,31,33,34,35,41,42,43,44,55,57,58,62,63,64,65,66,75,76,77,78,84,85,86,88,109,110,111,112,113,131,132,133,134,152,153,154,155,156,157,158,159,174,175,176,177,178,179,180,181,197,198,199,200,201,202,204,205,221,222,223,224,225,226,227,243,244,245,248,251,253,270,282,289,290,291,292,293,302,303,309,324,325
443,443,94
1,3,8,9,10,11,13,14,19,20,21,22,31,32,33,37,41,42,43,44,53,54,58,63,64,65,66,73,77,79,85,87,88,91,101,109,110,111,112,123,131,132,133,134,152,153,154,155,156,157,158,174,175,176,177,178,179,180,197,198,199,200,201,202,203,204,218,221,222,223,224,225,226,227,243,244,248,252,268,270,272,273,281,282,289,290,291,292,293,294,302,303,309,324
472,472,95
1,3,4,8,9,10,11,12,13,14,16,19,20,21,22,26,30,31,32,33,34,35,41,42,43,44,54,55,56,57,61,63,64,65,66,73,75,81,84,85,88,109,110,111,112,113,131,132,133,134,152,153,154,155,156,157,158,159,175,176,177,178,179,180,197,198,199,200,201,202,205,221,222,223,224,225,226,227,243,244,268,269,270,271,289,290,291,292,293,302,303,309,313,324,325
553,553,93
2,8,9,10,11,12,13,14,15,19,20,21,22,30,31,33,34,35,36,41,42,43,44,53,54,55,61,62,63,64,65,66,73,76,77,78,79,84,85,88,100,101,102,109,110,111,112,113,123,131,132,133,134,152,153,154,155,156,157,174,175,176,177,178,179,180,197,198,199,200,201,202,203,204,219,221,222,223,224,225,232,252,268,270,282,289,290,291,293,294,302,303,309
119,119,92
3,4,8,9,10,11,12,13,14,19,20,21,22,26,31,32,33,34,35,41,42,43,44,53,56,57,61,62,63,64,65,66,73,75,76,77,80,84,85,86,88,100,110,111,112,113,132,133,134,153,154,155,156,157,174,175,176,177,178,179,180,196,197,198,199,200,201,202,203,221,222,223,224,225,227,240,267,268,269,270,281,288,289,290,291,292,293,302,303,309,324,325
274,274,89
3,9,10,17,18,19,20,21,26,30,32,33,39,40,41,42,43,44,55,56,61,62,63,64,65,66,73,78,79,84,85,86,87,88,101,102,103,104,106,107,108,109,110,111,112,124,125,126,130,131,132,133,134,147,148,153,154,155,156,170,173,174,176,177,178,196,199,200,204,221,222,224,225,228,231,246,252,268,269,270,273,281,288,289,290,291,293,294,309
65,65,85
9,11,15,17,18,19,20,21,32,34,37,38,39,40,41,42,43,56,60,61,62,63,64,65,78,79,84,85,86,87,88,103,106,107,108,109,110,111,124,125,129,130,131,132,152,153,154,155,170,174,175,176,177,196,198,199,225,230,231,232,248,252,253,267,268,270,271,274,275,276,287,288,289,290,291,292,293,294,295,298,303,304,309,311,312
469,469,84
8,10,12,14,15,16,18,19,20,21,31,32,34,37,38,39,40,41,42,43,60,61,62,63,64,65,78,79,81,83,85,86,87,88,107,108,109,110,111,126,130,131,132,133,153,154,155,175,176,177,178,198,199,203,221,226,231,244,247,248,252,253,255,267,268,269,270,271,274,275,281,287,288,289,290,291,292,293,294,295,304,309,311,326
479,479,84
9,12,15,16,17,18,19,20,21,32,35,37,38,39,40,41,42,43,61,62,63,64,65,84,85,86,87,88,107,108,109,110,111,130,131,132,133,152,153,154,155,169,176,177,178,196,199,200,221,222,225,226,231,247,248,250,251,252,253,255,267,268,269,270,271,274,275,276,277,288,289,290,291,292,293,294,295,303,304,309,310,311,325,326
521,521,83
8,11,13,15,16,18,19,20,21,32,33,34,35,37,38,39,40,41,42,43,61,62,63,64,65,83,84,85,86,87,108,109,111,125,130,131,132,133,153,154,155,175,176,177,178,198,199,200,221,222,225,231,232,248,250,251,252,253,254,255,267,268,269,270,271,272,273,274,275,288,289,290,291,292,293,294,295,297,303,309,311,312,326
479,479,81
15,16,18,19,20,21,37,38,39,40,41,42,47,59,60,62,63,64,65,83,85,86,87,107,108,109,110,111,131,132,133,147,153,154,155,176,177,178,198,199,200,221,222,225,226,231,232,248,250,251,252,253,254,255,267,268,269,270,271,272,273,274,275,276,281,287,288,289,290,291,292,293,294,295,296,297,298,309,310,311,326
126,126,77
16,17,18,19,20,21,24,31,37,39,40,41,42,61,62,63,64,65,84,85,86,87,108,109,111,130,131,133,152,153,154,155,175,176,177,178,198,199,200,221,222,225,226,231,232,247,248,249,250,251,252,253,254,255,268,269,270,271,272,273,274,275,276,287,288,289,290,291,292,293,294,295,296,297,298,309,311
250,250,76
15,16,18,19,20,37,38,39,40,41,42,59,60,62,63,64,65,83,84,85,86,87,109,111,131,133,153,154,155,176,177,178,198,199,200,221,222,225,226,231,232,245,247,248,250,251,252,253,255,256,268,269,270,271,272,273,274,275,276,278,287,288,289,290,291,292,293,294,295,296,297,309,310,311,312,326
226,226,74
15,16,17,18,19,20,37,38,39,40,41,42,60,62,63,64,85,86,87,108,109,111,130,131,133,153,154,155,175,176,177,178,198,199,200,221,222,225,226,231,232,245,248,250,251,252,253,254,255,266,268,269,270,271,272,273,274,275,287,288,289,290,291,292,293,294,295,296,297,298,300,309,311,326
520,520,73
7,8,11,15,16,17,18,19,20,21,22,30,31,32,37,38,39,40,41,42,43,44,54,59,60,61,63,64,65,66,80,81,82,84,85,86,87,88,102,105,108,109,110,111,128,129,131,132,153,154,176,198,199,221,222,231,245,268,270,272,275,276,288,289,290,291,292,293,294,295,296,309,311
541,541,74
15,16,17,18,19,20,38,39,40,41,42,62,63,64,65,66,85,86,87,88,107,108,109,129,130,131,152,153,154,175,176,198,224,225,226,227,231,232,243,248,249,250,251,252,253,254,255,266,268,269,270,271,272,273,274,275,277,278,281,287,288,290,291,292,293,294,295,296,297,298,309,310,311,312
402,402,76
7,15,16,17,18,19,20,21,37,38,39,40,41,42,60,63,64,65,66,85,86,87,88,108,109,129,130,131,132,153,154,175,176,198,222,224,225,226,228,231,243,244,248,249,250,251,255,265,266,267,268,269,270,271,272,274,275,276,277,281,287,288,289,290,291,292,293,294,295,296,297,309,310,311,312,313
545,545,76
15,16,17,18,19,20,21,37,38,39,40,41,42,43,63,64,65,66,85,86,87,88,107,108,109,130,131,152,153,154,175,176,177,198,222,224,225,226,227,231,232,243,244,247,248,250,251,254,255,256,266,267,268,270,271,275,277,281,282,287,288,289,290,291,292,293,294,295,296,297,298,299,309,310,311,312
315,315,79
11,12,14,15,16,17,18,19,20,21,33,36,37,38,39,40,41,42,43,44,59,61,63,64,65,66,85,86,87,88,108,109,130,131,152,153,154,156,176,198,203,221,222,223,224,225,229,230,231,243,244,248,249,251,265,266,269,270,271,272,275,276,281,282,287,288,289,290,291,292,293,294,295,296,297,309,310,311,312
351,351,81
12,15,16,17,18,19,20,21,35,36,37,38,39,40,41,42,43,44,57,58,62,63,64,65,66,85,86,87,107,108,109,130,131,152,153,154,174,176,198,200,220,222,224,225,227,229,230,232,243,244,248,250,251,254,255,265,266,269,270,272,275,277,281,282,287,288,289,290,291,292,293,294,295,296,297,298,309,310,311,312,324
309,309,82
12,14,15,16,17,18,19,20,21,22,35,36,37,38,39,40,41,42,43,44,63,64,65,66,84,85,86,87,88,108,109,130,131,152,153,154,175,176,177,197,198,202,205,222,223,224,229,230,231,243,244,245,249,250,251,255,265,266,270,271,272,273,275,276,277,281,287,288,289,290,291,292,293,294,295,296,297,309,310,311,312,313
356,356,82
11,13,14,15,16,17,18,19,20,21,22,35,36,37,38,39,40,41,42,43,44,59,61,62,63,64,65,66,85,86,87,88,107,108,109,110,129,130,131,152,153,154,176,198,202,222,224,229,231,243,244,245,250,254,255,256,257,265,266,268,269,270,272,273,275,282,288,289,290,291,292,293,294,295,296,297,298,299,309,310,311,312
384,384,86
14,15,16,17,18,19,20,21,22,34,35,36,37,38,39,40,41,42,43,44,57,58,63,64,65,66,85,86,87,88,108,109,110,129,130,131,137,152,153,154,176,177,196,197,198,202,222,223,224,229,231,243,244,245,246,252,255,266,269,270,271,272,273,274,275,276,277,281,282,287,288,289,290,291,292,293,294,295,296,297,302,303,309,310,311,312
305,305,82
11,12,14,15,16,17,18,19,20,21,22,36,37,38,39,40,41,42,43,44,59,61,62,63,64,65,66,85,86,87,107,108,109,110,130,131,132,152,153,154,174,175,176,196,197,198,224,229,231,243,244,245,246,251,252,254,255,266,268,269,270,272,273,274,275,281,288,289,290,291,292,293,294,295,296,298,302,309,311,312,324,327
22,22,89
13,14,15,16,17,18,19,20,21,22,34,35,36,37,38,39,40,41,42,43,44,58,59,60,61,62,63,64,65,66,83,84,85,86,87,88,105,106,107,108,109,110,128,129,130,131,132,149,151,152,153,154,173,174,175,176,196,197,198,214,218,220,266,267,268,269,270,272,273,287,288,289,290,291,292,293,294,295,296,303,309,310,311,312,313,314,315,316,317
415,415,98
14,15,16,17,18,19,20,21,22,36,37,38,39,40,41,42,43,44,59,60,61,62,63,64,65,66,83,84,85,86,87,88,105,106,107,108,109,110,111,126,127,128,129,130,131,132,149,150,151,152,153,154,171,172,173,174,175,176,193,194,195,196,197,198,216,217,218,219,220,238,239,240,241,242,243,245,254,264,267,268,269,272,273,276,287,289,291,292,293,294,295,296,297,303,307,309,311,315
346,346,103
13,14,15,16,17,18,19,20,21,22,35,36,37,38,39,40,41,42,43,44,57,58,59,60,61,62,63,64,65,66,81,82,83,84,85,86,87,88,102,104,105,106,107,108,109,110,125,126,127,128,129,130,131,132,148,149,150,151,152,153,154,170,171,172,173,174,175,176,193,194,195,196,197,198,215,216,217,218,219,220,237,238,239,240,241,242,257,260,261,262,263,264,281,282,283,284,285,286,303,304,306,307,308
90,90,110
12,13,14,15,16,17,18,19,20,21,22,35,36,37,38,39,40,41,42,43,44,57,58,59,60,61,62,63,64,65,66,79,80,81,82,83,84,85,86,87,88,102,103,104,105,106,107,108,109,110,125,126,127,128,129,130,131,132,147,148,149,150,151,152,153,154,170,171,172,173,174,175,176,193,194,195,196,197,198,215,216,217,218,219,220,237,238,239,240,241,242,259,260,261,262,263,264,281,282,283,284,285,286,304,306,307,308,328,329,330
243,243,128
12,13,14,15,16,17,18,19,20,21,35,36,37,38,39,40,41,42,43,44,56,57,58,59,60,61,62,63,64,65,66,78,79,80,81,82,83,84,85,86,87,88,101,102,103,104,105,106,107,108,109,110,125,126,127,128,129,130,131,132,146,147,148,149,150,151,152,153,154,168,169,170,171,172,173,174,175,176,191,192,193,194,195,196,197,198,213,214,215,216,217,218,219,220,235,236,237,238,239,240,241,242,258,259,260,261,262,263,264,280,281,282,283,284,285,286,302,303,304,305,306,307,308,326,327,328,329,330
524,524,141
8,11,13,14,15,17,22,30,31,32,33,34,35,36,37,39,52,53,54,55,56,57,58,59,60,61,73,74,75,76,77,78,79,80,81,83,85,97,98,99,100,101,102,103,105,106,107,119,120,121,122,123,124,125,127,129,130,142,143,144,145,146,147,148,149,151,152,165,166,167,168,169,170,171,172,173,174,186,187,188,189,190,191,192,193,194,195,196,210,211,212,213,214,215,216,217,218,231,232,233,234,235,236,237,238,239,240,252,253,254,255,256,257,258,259,260,261,274,275,276,277,278,279,280,281,282,297,298,299,300,301,302,303,304,320,321,322,323,324,325,326
242,242,120
1,2,3,4,23,24,25,26,45,46,47,48,67,68,69,70,89,90,91,92,111,112,113,114,115,116,125,133,134,135,136,137,155,156,157,158,159,160,161,177,178,179,180,181,182,183,184,185,186,199,200,201,202,203,204,205,206,207,208,209,222,223,224,225,226,227,228,229,230,231,244,245,246,247,248,249,250,251,252,253,254,265,266,267,268,269,270,271,272,273,274,275,277,287,288,289,290,291,292,293,294,295,296,297,298,299,300,311,312,313,314,315,316,317,318,319,320,321,322,323
380,380,84
1,2,23,24,25,45,46,47,67,68,69,89,90,91,111,112,113,133,134,135,155,156,157,158,168,177,178,179,180,181,199,200,201,202,203,204,221,222,223,224,225,226,227,228,243,244,245,246,247,248,249,250,251,265,266,267,268,269,270,271,272,273,287,288,289,290,291,292,293,294,295,296,297,309,310,311,312,313,314,315,316,317,318,319
242,242,75
13,14,15,17,19,35,36,37,38,39,40,41,57,58,59,60,63,73,80,81,85,86,106,107,108,129,130,131,151,152,153,173,174,175,176,179,195,196,197,198,199,200,201,202,217,218,221,222,225,239,243,244,245,265,266,267,268,269,270,287,288,289,290,291,292,293,294,309,310,311,312,313,314,315,316
502,502,65
13,14,15,16,17,18,19,35,36,37,38,39,40,41,57,58,59,60,61,62,63,64,72,73,79,80,81,82,83,85,86,105,106,107,129,130,151,152,173,174,175,176,195,196,197,198,217,218,239,240,265,266,267,270,288,289,293,294,295,310,311,314,315,316,317
88,88,59
13,14,15,16,17,18,19,35,36,37,38,39,40,41,57,58,59,60,61,62,63,72,73,74,80,81,85,86,105,106,107,108,129,130,151,152,154,173,174,175,176,195,196,197,198,217,218,219,239,265,266,267,270,287,288,289,293,310,311
348,348,56
13,14,15,16,17,18,19,35,36,37,38,39,40,41,57,58,59,60,61,62,63,73,80,81,85,105,106,107,108,130,151,152,153,173,174,175,176,195,196,197,198,217,218,239,240,265,266,267,270,288,289,293,294,310,311,315
73,73,53
13,14,15,16,17,18,19,35,36,37,38,39,40,41,58,59,60,61,62,63,73,80,81,85,86,105,106,107,108,129,151,152,154,173,174,175,195,196,197,217,218,239,265,266,267,270,287,288,289,293,310,311,315
124,124,50
14,15,16,17,18,19,35,36,37,38,39,40,41,57,58,59,60,61,62,63,73,81,85,107,108,130,151,152,153,173,174,175,176,195,196,197,198,217,218,239,265,266,270,287,288,289,293,294,310,311
280,280,50
13,14,15,16,17,18,19,35,37,38,39,40,41,57,58,59,60,61,62,63,73,80,81,85,86,106,107,151,152,153,173,174,195,196,197,217,218,239,248,265,266,267,270,271,288,289,293,310,311,312
113,113,49
14,15,16,17,18,19,35,37,38,39,40,41,58,59,60,61,62,63,80,81,84,85,106,107,108,130,151,152,153,173,174,175,176,195,196,197,198,217,218,239,266,267,270,271,288,293,294,310,311
461,461,49
14,15,16,17,18,19,37,38,39,40,41,58,59,60,61,62,63,72,73,81,85,107,129,151,152,153,173,174,175,176,195,196,197,198,217,218,239,248,266,267,269,270,271,287,288,289,293,310,311
452,452,42
14,15,16,17,18,19,37,38,39,40,41,59,60,61,62,63,84,85,107,130,150,151,152,153,172,174,176,193,194,197,198,215,216,218,243,266,270,271,288,289,310,311
134,134,46
15,16,17,18,19,36,37,38,39,40,41,56,57,58,59,60,61,62,63,79,80,82,83,84,85,95,104,105,106,126,127,149,150,151,172,173,176,193,194,195,215,216,218,243,290,314
376,376,46
14,15,16,17,18,19,36,37,38,39,40,41,57,59,60,61,62,63,79,80,82,83,84,105,106,149,150,151,153,171,172,173,175,176,193,194,195,196,197,215,216,218,240,243,310,314
461,461,44
15,16,17,18,19,36,37,38,39,40,41,56,57,58,59,60,61,62,63,79,82,83,84,85,95,96,105,106,127,128,150,172,173,176,193,194,195,197,215,216,218,239,243,312
493,493,44
14,15,16,17,18,19,36,37,38,39,40,41,57,59,60,61,62,63,79,82,83,84,95,105,106,107,127,149,150,172,173,176,193,194,195,197,215,216,217,218,243,310,311,314
203,203,43
15,16,17,18,19,36,37,38,39,40,58,59,60,61,62,79,82,83,84,95,97,105,106,150,151,153,172,173,193,194,195,197,198,215,216,218,239,243,266,289,310,311,314
465,465,42
14,15,16,17,18,19,36,37,38,39,40,41,59,60,61,62,63,79,82,83,84,95,105,106,127,150,172,173,175,176,193,194,195,197,215,216,218,243,266,310,311,314
394,394,41
14,15,16,17,18,35,36,37,38,39,58,59,60,61,62,82,83,84,95,105,106,127,130,150,172,173,175,176,193,194,195,196,197,215,216,218,239,243,266,311,315
87,87,40
14,15,16,17,18,19,36,37,38,39,40,41,59,60,61,82,83,84,105,106,127,128,150,171,172,176,193,194,195,196,197,215,216,218,243,266,310,311,314,315
428,428,28
14,15,16,17,18,36,37,38,39,59,60,61,81,82,83,105,106,193,194,215,216,239,243,290,291,310,313,314
572,572,32
14,15,16,17,36,37,38,39,40,59,60,61,62,81,82,83,84,106,128,172,193,194,215,216,243,265,288,289,290,310,311,312
344,344,31
14,15,16,17,19,36,37,38,39,58,59,60,61,81,82,83,84,105,106,155,193,194,215,243,265,289,290,291,310,311,312
389,389,30
14,15,16,17,18,36,37,38,39,40,59,60,61,81,82,83,106,128,129,193,194,197,198,243,265,289,290,310,311,312
362,362,29
14,15,16,17,36,37,38,39,58,59,60,61,62,81,82,83,126,128,172,193,194,243,265,288,289,290,310,311,312
117,117,30
14,15,16,17,18,36,37,38,39,59,60,61,81,82,83,105,106,128,194,197,198,215,243,265,288,289,290,310,311,312
573,573,32
13,14,15,16,17,35,36,37,38,39,59,60,61,81,82,83,104,105,128,193,194,197,198,215,243,265,289,290,291,310,311,312
379,379,43
132,153,154,174,175,176,194,196,197,198,216,217,218,219,220,238,239,240,241,242,259,260,261,262,263,264,282,283,284,285,286,303,304,305,306,307,308,325,326,327,328,329,330
78,78,83
44,61,105,106,107,126,127,128,129,148,149,150,151,152,153,154,170,171,172,173,174,175,176,191,192,193,194,195,196,197,198,213,214,215,216,217,218,219,220,234,235,236,237,238,239,240,241,256,257,258,259,260,261,262,263,278,279,280,281,282,283,284,285,299,300,301,302,303,304,305,306,307,308,320,321,322,323,324,325,326,327,328,329
516,516,133
12,13,14,15,16,17,33,34,35,36,37,38,39,55,56,57,58,59,60,61,76,77,78,79,80,81,82,97,98,99,100,101,102,103,118,119,120,121,122,123,124,125,126,140,141,142,143,144,145,146,147,148,161,162,163,164,165,166,167,168,169,170,183,184,185,186,187,188,189,190,191,192,193,204,205,206,207,208,209,210,211,212,214,215,225,226,227,228,229,230,231,232,233,247,248,249,250,251,252,253,254,255,268,269,270,271,272,273,274,275,276,281,289,290,291,292,293,294,295,296,297,298,302,311,312,313,314,315,316,317,318,319,324
523,523,133
2,3,4,5,6,7,8,9,10,11,12,14,15,23,24,25,26,27,28,29,30,31,32,33,34,37,45,46,47,48,49,50,51,52,53,54,55,67,68,69,70,71,72,73,74,75,76,77,89,90,91,92,93,94,95,96,97,98,111,112,113,114,115,116,117,118,119,133,134,135,136,137,138,139,140,141,155,156,157,158,159,160,161,162,177,178,179,180,181,182,183,184,199,200,201,202,203,204,205,206,221,222,223,224,225,226,227,243,244,245,246,247,248,249,265,266,267,268,269,270,271,287,288,289,290,291,292,309,310,311,312,313,330
21,21,117
1,2,3,4,5,6,7,8,9,10,11,12,23,24,25,26,27,28,29,30,31,32,33,37,45,46,47,48,49,50,51,52,53,54,61,67,68,69,70,71,72,73,74,75,76,89,90,91,92,93,94,95,96,111,112,113,114,115,116,117,118,133,134,135,136,137,138,139,140,155,156,157,158,159,160,161,177,178,179,180,181,182,183,199,200,201,202,203,204,205,221,222,223,224,225,226,243,244,245,246,247,248,265,266,267,268,269,270,287,288,289,290,291,309,310,311,312
264,264,114
1,2,3,4,5,6,7,8,9,10,11,12,13,14,15,23,24,25,26,27,28,29,30,31,36,37,38,39,45,46,47,48,49,50,51,52,53,58,59,60,61,67,68,69,70,71,72,73,74,75,81,89,90,91,92,93,94,95,96,111,112,113,114,115,116,117,133,134,135,136,137,138,155,156,157,158,159,177,178,179,180,181,195,199,200,201,202,203,217,218,219,221,222,223,224,225,239,240,243,244,245,246,265,266,267,268,269,287,288,289,290,291,309,310
297,297,113
1,2,3,4,5,6,7,8,9,10,13,14,15,16,17,18,23,24,25,26,27,28,29,30,32,35,36,37,38,39,40,45,46,47,48,49,50,51,55,58,59,60,61,62,67,68,69,70,71,72,81,82,83,84,89,90,91,92,93,94,95,103,104,105,106,111,112,113,114,127,128,133,135,136,151,155,156,157,177,178,179,180,181,195,196,197,200,201,203,217,218,219,220,221,222,223,224,239,240,241,242,243,245,259,261,262,265,267,281,282,289,290,291
354,354,105
1,2,3,4,5,6,7,8,9,10,11,12,13,14,15,16,17,18,23,24,25,26,27,28,29,30,32,33,34,35,36,37,38,39,40,45,46,51,55,56,57,58,59,60,61,62,67,68,81,82,83,84,89,103,104,105,106,111,127,128,155,156,157,178,179,180,181,195,196,198,199,200,201,202,203,204,217,218,219,220,222,223,224,239,240,241,242,243,244,245,259,261,262,263,264,267,268,269,281,289,290,291,292,312,330
230,230,98
1,5,6,7,8,9,10,11,13,14,15,16,17,18,22,23,24,27,35,36,37,38,39,40,45,57,58,59,60,61,62,66,80,81,82,83,84,89,103,104,105,106,127,128,129,148,150,151,152,154,156,173,174,176,179,181,195,196,197,198,200,201,203,216,217,218,219,220,221,222,223,224,237,238,239,240,241,242,259,260,261,262,263,264,267,281,282,283,289,290,291,295,301,302,316,317,318,323
128,128,93
9,10,12,13,14,15,16,17,18,19,20,21,22,34,35,36,37,38,39,40,43,44,56,58,59,60,61,62,65,66,80,81,82,83,84,88,103,104,105,106,107,127,128,148,150,151,152,156,174,175,176,179,180,181,193,194,195,196,197,198,201,202,203,215,216,217,218,219,220,222,223,224,237,239,240,241,242,245,259,260,261,262,263,264,267,268,281,282,283,284,289,290,291
361,361,89
9,10,11,13,14,15,16,17,18,19,20,21,22,36,37,38,39,40,42,43,44,58,59,60,61,62,63,65,66,80,81,82,83,84,87,88,102,103,104,105,106,126,127,128,129,148,150,151,172,173,174,176,181,194,195,196,197,198,216,217,218,219,220,223,224,237,238,239,240,241,242,259,260,261,262,263,264,267,268,281,282,283,284,289,290,291,302,305,311
472,472,89
9,13,14,15,16,17,18,19,20,34,35,36,37,38,39,40,41,58,59,60,61,62,63,81,82,83,84,85,103,104,105,106,108,127,128,130,148,164,165,171,172,173,179,180,181,193,194,195,196,198,201,203,214,215,216,217,218,219,220,223,231,236,237,238,239,240,241,242,244,245,258,259,260,261,262,263,264,267,268,269,281,283,289,290,291,292,293,294,312
83,83,91
12,13,14,15,16,17,34,35,36,37,38,39,40,43,44,56,57,58,59,60,61,62,66,77,79,80,81,82,83,102,103,104,105,106,121,125,126,127,128,148,149,151,154,171,172,173,174,176,194,195,196,197,198,201,216,217,218,219,220,223,224,237,238,239,240,241,242,244,245,246,258,259,260,261,262,263,264,266,267,268,269,281,282,284,285,286,289,290,304,305,311
88,88,89
11,12,13,14,15,16,17,18,21,22,34,35,36,37,38,39,40,43,44,56,57,58,59,60,61,66,78,80,81,82,83,102,103,104,105,106,125,126,127,128,148,154,171,172,173,174,175,176,193,194,195,196,198,201,215,216,217,218,219,220,223,224,236,239,240,241,242,243,245,247,258,259,260,261,262,263,264,266,267,268,281,282,284,285,286,288,289,290,305
88,88,91
7,10,11,12,13,14,15,16,17,18,21,22,34,35,36,37,38,39,42,43,44,55,56,57,58,59,60,61,64,65,66,79,80,81,82,83,102,103,104,105,126,127,128,170,171,172,173,175,193,194,195,196,197,198,201,202,215,216,217,218,219,220,223,239,240,241,242,244,245,246,259,260,261,262,263,264,266,267,268,269,281,282,283,284,285,286,289,290,303,305,311
273,273,90
9,11,12,13,14,15,16,17,18,19,21,22,33,34,35,36,37,38,39,43,44,54,56,58,59,60,61,64,65,66,78,80,81,82,83,87,99,102,103,104,105,125,126,127,128,171,172,173,174,175,176,193,194,195,196,197,198,201,202,215,216,217,218,219,220,224,239,240,241,242,245,258,259,261,262,263,264,266,267,268,281,282,283,284,285,289,290,291,304,311
273,273,89
12,14,15,16,17,19,21,22,33,34,35,36,37,38,39,44,55,58,59,60,61,65,66,77,78,79,80,81,82,83,102,103,104,105,121,125,126,127,148,149,150,151,170,171,172,173,174,175,176,194,195,196,197,198,202,215,216,217,218,219,220,224,236,239,240,241,242,244,245,246,259,260,261,262,263,264,266,267,268,269,281,284,285,286,289,290,303,305,311
310,310,88
11,12,13,14,15,16,17,19,21,22,33,34,35,36,37,38,39,43,44,55,56,58,59,60,61,65,66,77,78,79,80,81,82,83,102,103,104,105,125,126,127,128,154,170,173,174,175,176,193,194,195,196,197,198,202,215,216,217,218,219,220,223,238,239,240,241,242,245,259,260,261,262,263,264,266,267,268,269,281,282,284,285,286,288,289,290,308,311
221,221,86
11,12,13,14,15,16,17,22,32,33,34,35,36,37,38,39,43,55,56,57,58,59,60,61,66,73,78,79,80,81,82,83,102,103,104,105,126,127,148,149,170,171,173,176,193,194,195,196,197,198,215,216,217,218,219,220,223,239,240,241,242,244,245,246,259,261,262,263,264,266,267,268,269,281,282,283,284,285,286,288,289,290,291,303,304,311
221,221,85
11,12,13,14,15,16,17,32,34,35,36,37,38,39,43,56,57,58,59,60,61,66,77,78,80,81,82,83,101,102,103,104,105,124,125,126,127,128,147,154,170,171,172,173,174,176,193,194,195,196,197,198,201,202,215,216,217,218,219,220,224,239,240,241,242,244,245,258,259,260,261,262,263,264,266,267,268,269,281,282,285,289,290,291,311
452,452,86
10,12,13,14,15,16,17,21,26,31,34,35,36,37,38,39,43,44,56,57,58,59,60,61,63,64,65,66,77,78,79,80,81,82,83,86,87,88,102,103,104,105,109,110,125,126,127,149,164,170,171,193,194,201,202,215,216,217,218,219,224,239,240,241,242,244,245,246,247,259,260,261,262,263,264,266,267,268,269,283,284,285,286,288,289,290
443,443,86
6,9,10,11,12,13,14,15,16,26,27,32,33,34,35,36,37,38,54,55,56,57,58,59,60,61,65,76,77,78,79,80,81,82,100,101,102,103,104,105,124,125,126,127,148,149,150,154,165,170,214,215,216,217,218,219,222,223,224,225,236,237,239,240,241,242,244,245,246,247,259,260,262,263,264,269,281,282,283,284,285,286,291,305,306,327
119,119,82
6,8,9,11,12,13,14,15,16,19,32,33,34,35,36,37,38,54,55,56,57,58,59,60,76,77,78,79,80,81,82,102,103,104,105,123,124,125,126,127,146,147,164,170,192,202,214,215,217,218,222,223,224,225,236,239,240,241,242,244,245,246,247,259,260,262,264,266,267,268,269,281,283,284,285,289,305,306,307,312,327,329
57,57,80
9,11,12,13,14,15,16,32,33,35,36,37,38,54,55,57,58,59,60,72,73,76,77,78,79,80,81,82,101,102,103,104,123,124,125,126,127,147,149,150,169,170,201,202,214,215,217,218,222,223,224,225,234,236,237,239,240,243,244,245,246,247,259,260,262,266,268,269,281,283,284,285,290,291,302,304,306,325,326,327
279,279,77
8,9,11,12,13,14,15,16,33,34,35,36,37,38,54,56,57,58,59,60,73,76,78,79,80,81,100,102,103,104,123,124,125,126,146,147,148,169,201,202,214,217,218,222,223,224,225,236,237,239,240,244,245,246,247,258,259,260,262,266,267,268,269,281,282,283,284,285,289,290,291,292,304,305,306,311,327
462,462,75
11,12,14,15,16,33,34,35,36,37,38,54,55,56,57,58,59,76,77,78,79,80,81,97,100,101,102,103,104,123,124,125,126,127,146,147,149,164,169,171,202,214,217,218,222,223,224,225,237,239,240,244,245,246,247,259,260,262,266,267,268,269,277,281,283,285,289,290,291,302,306,325,326,327,329
132,132,73
11,14,15,16,33,34,36,37,38,55,56,57,58,59,77,78,79,80,81,102,103,104,123,124,125,126,127,146,148,201,202,216,217,218,222,223,224,225,239,240,241,244,245,246,247,248,254,255,256,258,259,260,262,266,267,268,269,277,281,283,284,289,290,291,299,302,305,306,307,312,325,326,327
504,504,71
14,15,16,35,36,37,38,57,58,59,77,79,80,81,100,101,102,103,104,124,125,126,147,149,163,165,172,195,201,202,217,218,222,223,224,225,231,233,239,240,241,242,244,245,246,247,248,255,258,259,260,262,266,267,268,269,277,281,282,283,284,285,289,290,291,302,306,311,312,325,326
466,466,70
14,15,16,35,36,37,38,56,57,58,59,66,77,80,81,102,103,123,124,125,126,148,162,163,200,201,202,216,217,218,222,223,224,225,239,240,241,242,244,245,246,247,248,258,259,260,262,263,266,267,268,269,270,272,273,277,278,283,289,290,291,292,299,301,302,304,305,307,325,326
466,466,71
5,11,12,13,14,19,20,21,22,32,33,34,35,36,41,44,54,55,56,57,58,62,65,66,76,77,78,79,80,81,84,85,88,100,101,102,107,108,122,123,124,125,145,146,147,149,163,169,170,176,191,192,196,197,202,214,218,222,223,224,225,244,245,246,259,260,262,268,284,285,291
331,331,75
11,12,13,14,15,16,33,34,35,36,37,38,55,56,57,58,59,79,80,81,101,102,103,104,123,125,126,146,147,148,149,163,170,171,172,176,193,195,217,218,226,227,231,232,236,240,241,242,245,247,248,250,251,252,259,260,262,263,264,277,278,283,292,304,305,306,307,308,318,319,324,326,328,329,330
351,351,78
11,12,13,14,15,20,21,33,34,35,36,37,38,42,55,56,57,58,59,60,65,77,78,79,80,81,82,101,102,103,104,123,124,125,141,146,147,148,149,152,154,163,169,170,171,172,176,195,216,217,218,226,240,241,242,245,247,249,250,258,259,260,262,263,264,268,277,278,283,285,299,304,306,308,318,324,327,328
483,483,80
11,12,13,14,15,16,22,34,35,36,37,38,42,43,44,55,56,57,58,59,60,78,79,80,81,101,102,103,104,123,124,125,126,132,141,146,147,148,149,152,154,163,170,171,172,174,176,193,194,195,217,218,236,240,241,242,245,247,250,259,260,262,263,264,270,281,284,285,286,299,304,305,306,307,308,326,327,328,329,330
362,362,81
10,11,12,13,14,15,16,20,21,22,33,34,35,36,37,38,42,43,44,55,56,57,58,59,60,65,66,77,78,79,80,81,88,102,103,104,110,124,125,127,130,140,141,147,148,151,153,154,163,170,171,172,176,192,193,194,195,196,197,216,217,218,220,236,240,241,242,245,246,247,259,260,262,263,264,283,285,286,306,328,329
331,331,84
10,11,12,13,14,15,16,20,22,33,34,35,36,37,38,42,43,44,55,56,57,58,59,60,65,66,78,79,80,88,101,102,104,109,110,125,127,129,141,147,148,149,151,153,154,163,169,170,171,172,176,192,193,194,195,196,215,216,217,218,236,237,240,241,242,245,246,247,248,258,259,260,262,263,264,267,281,283,284,285,304,305,306,329
487,487,87
9,10,11,12,13,14,15,16,20,21,22,33,34,35,36,37,38,42,43,44,55,56,57,58,64,65,66,78,79,80,82,87,88,101,102,104,109,110,123,126,127,131,141,146,147,148,152,153,154,163,169,170,171,172,173,174,176,192,193,194,195,196,197,216,217,218,219,236,240,241,242,245,259,260,262,263,264,283,285,286,304,305,306,324,326,327,328
520,520,87
10,11,12,13,14,15,16,20,21,22,32,33,34,35,36,37,38,42,43,44,55,56,57,58,59,64,65,66,77,79,80,81,82,87,88,101,102,103,107,109,110,123,124,127,132,146,147,149,152,153,154,169,170,171,172,173,175,176,191,192,193,194,195,196,197,198,215,216,217,218,220,236,240,241,242,245,259,262,263,264,284,285,304,305,306,327,328
506,506,90
9,11,12,13,14,15,16,20,21,22,32,33,34,35,36,37,38,42,43,44,55,56,57,58,59,64,65,66,78,79,87,88,101,102,104,107,109,110,127,128,129,131,132,141,147,151,152,153,154,163,169,170,171,173,174,175,176,192,193,194,195,196,197,198,215,216,217,218,219,220,236,240,241,242,245,259,260,262,263,264,270,282,283,285,286,304,305,306,326,327
506,506,85
10,11,12,13,14,16,17,18,31,32,33,34,35,38,39,41,44,54,55,56,57,60,61,64,65,66,77,78,79,83,86,87,88,100,101,108,109,110,123,124,126,127,146,148,149,150,151,152,153,154,169,170,171,172,173,174,175,176,191,193,194,195,196,197,198,216,217,218,219,220,236,237,240,241,245,246,259,262,263,264,284,305,306,324,328
330,330,90
10,11,12,13,14,16,18,19,20,21,22,32,33,34,35,36,37,39,40,41,42,43,44,54,55,56,57,58,59,61,62,63,64,65,66,77,80,81,85,86,87,102,103,104,105,106,107,108,109,125,126,127,128,131,132,147,148,149,150,151,152,153,154,169,171,172,173,174,175,176,192,193,194,195,196,197,198,215,216,217,218,219,220,240,241,242,262,263,283,305
324,324,96
10,11,12,13,14,15,16,17,18,19,20,21,22,32,33,34,35,36,37,38,39,40,41,42,43,44,55,56,57,58,59,61,62,63,64,65,66,77,79,80,81,85,86,87,88,104,106,107,108,109,110,125,126,127,128,129,130,131,132,149,150,151,152,153,154,169,170,171,172,173,174,175,176,192,193,194,195,196,197,198,215,216,217,218,219,220,236,240,241,242,262,263,264,284,285,305
320,320,101
13,14,15,16,17,18,19,20,21,22,34,35,36,37,38,39,40,41,42,43,44,56,57,58,59,60,61,62,63,64,65,66,77,80,81,84,85,86,87,88,103,104,105,106,107,108,109,110,127,128,129,130,131,132,148,149,150,151,152,153,154,170,171,172,173,174,175,176,192,193,194,195,196,197,198,215,216,217,218,219,220,238,239,240,241,242,259,260,261,262,263,264,284,285,286,305,306,307,308,328,329
310,310,109
11,13,14,15,16,17,18,19,20,21,22,34,35,36,37,38,39,40,41,42,43,44,55,56,57,58,59,60,61,62,63,64,65,66,77,80,81,83,84,85,86,87,88,102,103,104,105,106,107,108,109,110,125,126,127,128,129,130,131,132,147,148,149,150,151,152,153,154,170,171,172,173,174,175,176,192,193,194,195,196,197,198,215,216,217,218,219,220,237,238,239,240,241,242,260,261,262,263,264,276,284,285,286,305,306,307,308,328,329
530,530,127
11,12,13,14,16,19,20,21,22,33,34,35,36,37,38,39,41,42,43,44,55,56,57,58,59,63,64,65,66,76,77,78,79,80,81,86,87,88,100,101,102,103,104,106,107,108,109,110,123,124,125,126,127,128,129,130,131,132,146,147,148,149,150,151,152,153,154,169,170,171,172,173,174,175,176,190,191,192,193,194,195,196,197,198,213,214,215,216,217,218,219,220,235,236,237,238,239,240,241,242,258,259,260,261,262,263,264,280,281,282,283,284,285,286,302,303,304,305,306,307,308,324,326,327,328,329,330
532,532,138
8,10,11,12,13,14,34,35,36,52,53,54,55,56,57,58,59,72,73,74,75,76,77,78,79,80,81,95,96,97,98,99,100,101,102,103,119,120,121,122,123,124,125,126,140,141,142,143,144,145,146,147,148,149,163,164,165,166,167,168,169,170,171,172,186,187,188,189,190,191,192,193,194,195,208,209,210,211,212,213,214,215,216,217,218,230,231,232,233,234,235,236,237,238,239,252,253,254,255,256,257,258,259,260,261,262,263,275,276,277,278,279,280,281,282,283,284,285,297,298,299,300,301,302,303,304,305,306,307,320,321,322,323,324,325,326,327,328
235,235,118
2,4,5,23,24,25,27,45,46,47,50,51,67,68,69,70,72,73,74,89,90,91,92,94,95,96,111,112,113,114,115,116,117,118,133,134,135,136,137,138,140,141,155,156,157,158,159,160,161,177,178,179,180,181,182,183,184,186,199,200,201,202,203,204,205,206,207,221,222,223,224,225,226,227,228,229,230,231,245,246,247,248,249,250,251,252,253,268,269,270,271,272,273,274,275,276,290,291,292,293,294,295,296,297,298,299,312,313,314,315,316,317,318,319,320,321,322,324
355,355,90
1,2,23,24,25,45,46,67,68,69,71,89,90,91,94,111,112,113,116,117,133,134,135,140,155,156,157,158,160,177,178,179,180,181,182,199,200,201,202,203,204,221,222,223,224,225,226,227,228,243,244,245,246,247,248,249,250,265,266,267,268,269,270,271,272,273,274,287,288,289,290,291,292,293,294,295,296,297,309,310,311,312,313,314,315,316,317,318,319,320
502,502,80
13,14,25,35,36,45,46,47,55,56,57,58,59,72,73,74,76,77,78,79,80,81,88,94,95,96,99,100,102,103,109,118,119,124,125,131,146,147,148,149,154,155,170,171,172,176,177,178,192,193,194,195,199,215,216,217,221,236,239,240,243,244,261,265,266,267,270,287,288,289,290,292,308,309,310,311,312,313,314,324
550,550,66
13,14,34,35,36,46,47,55,56,57,58,59,67,72,73,74,77,78,79,80,81,85,94,95,96,97,99,100,101,102,103,104,109,110,111,112,117,124,125,126,129,130,131,132,146,147,148,149,150,154,170,171,172,176,193,194,195,196,218,219,239,261,270,283,306,320
48,48,58
13,14,34,35,36,46,47,49,55,56,57,58,59,72,73,74,77,78,79,80,81,85,95,96,97,99,101,102,103,109,110,119,124,125,126,129,130,131,132,146,147,148,149,154,170,171,172,176,177,193,194,195,196,218,219,220,239,283
497,497,52
11,13,14,34,35,36,55,56,57,58,59,72,73,74,75,77,78,79,80,81,88,95,96,97,100,101,102,103,110,124,125,126,130,131,132,146,147,148,149,154,170,171,172,176,193,194,195,219,220,239,261,283
237,237,48
13,14,34,35,36,37,55,56,57,58,59,72,73,74,77,78,79,80,81,96,97,101,102,103,109,110,124,125,131,132,146,147,148,149,154,170,171,172,176,193,194,195,218,219,220,239,261,283
215,215,45
13,14,34,35,36,37,56,57,58,59,72,73,77,78,79,80,81,100,101,102,103,109,110,124,125,126,130,131,132,146,147,149,154,170,171,172,176,193,194,195,218,219,220,239,261
461,461,42
13,14,33,34,35,36,37,55,56,57,58,59,73,74,77,78,79,80,81,95,96,101,102,103,109,110,124,125,130,131,146,147,154,172,176,193,194,195,215,219,239,261
245,245,41
13,14,33,34,35,36,37,56,57,58,59,74,77,78,79,80,81,95,96,101,102,103,109,110,124,125,130,131,146,149,154,176,193,194,195,215,218,219,220,239,261
262,262,42
11,13,14,33,34,35,36,55,56,57,58,59,73,74,77,78,79,80,81,86,87,95,96,99,101,102,103,124,125,130,131,132,146,147,154,176,193,194,195,219,220,239
384,384,29
13,14,33,34,35,36,56,57,58,59,78,79,80,81,101,102,123,124,125,130,146,151,153,154,175,193,217,218,239
342,342,34
11,13,14,33,34,35,36,37,56,57,58,59,78,79,80,102,103,123,124,125,126,130,147,148,149,152,175,176,193,194,198,217,218,239
196,196,34
11,14,33,35,36,56,57,58,59,78,79,80,81,102,103,123,124,125,126,130,131,142,147,152,153,154,176,193,194,198,217,218,239,280
245,245,33
11,14,33,34,35,36,37,56,57,58,59,78,79,80,81,102,103,124,125,126,147,148,152,153,154,175,176,193,194,215,217,218,239
248,248,33
11,14,32,33,35,36,37,56,57,58,59,78,79,80,81,102,103,124,125,126,130,147,151,152,153,154,176,193,194,215,217,218,239
130,130,31
11,14,15,32,33,35,36,37,56,57,58,59,78,79,80,81,102,104,124,125,126,147,148,152,153,176,193,194,215,217,218
557,557,30
11,14,32,33,36,37,56,57,58,59,78,79,80,81,102,103,124,125,126,147,151,152,153,154,175,193,198,215,217,218
137,137,29
11,14,32,33,36,37,58,59,78,79,80,81,102,104,124,125,126,147,148,153,175,176,193,194,198,215,217,218,239
527,527,29
11,14,15,32,33,37,58,59,78,79,80,81,82,102,103,104,124,126,147,148,152,153,175,193,194,198,215,217,218
412,412,16
37,58,59,78,80,81,102,125,126,147,153,173,215,217,218,219
12,12,32
57,58,59,77,78,79,80,81,99,100,101,102,103,108,122,123,138,140,142,143,153,160,161,163,165,182,183,184,193,215,218,219
177,177,28
32,54,57,58,59,60,77,78,79,80,81,99,100,101,102,103,138,142,160,161,182,183,184,193,215,217,218,219
522,522,31
11,32,33,35,57,58,59,60,77,78,80,81,99,100,101,102,103,124,138,154,160,161,182,183,184,193,215,217,218,219,283
136,136,29
32,33,35,37,57,58,59,60,77,78,81,99,100,101,102,103,122,124,138,142,161,182,183,184,193,197,215,218,219
33,33,30
32,33,35,37,59,60,77,78,81,99,100,101,102,103,124,129,138,154,160,161,175,182,183,184,193,197,215,217,218,219
177,177,31
32,33,35,37,59,60,77,78,81,99,100,101,102,103,124,125,138,154,161,174,182,183,184,193,194,196,197,215,217,218,219
229,229,41
132,153,154,175,176,196,197,198,215,217,218,219,220,239,240,241,242,260,261,262,263,264,281,282,283,284,285,286,303,304,305,306,307,308,324,325,326,327,328,329,330
400,400,82
21,22,42,44,63,64,65,66,85,86,87,88,106,107,108,109,110,129,130,131,149,151,152,154,171,173,174,175,176,192,193,194,195,196,197,198,214,215,216,217,218,219,220,234,235,236,237,238,239,241,256,257,258,259,260,261,262,263,277,278,279,280,281,282,283,284,285,299,300,301,302,303,304,305,320,321,322,323,324,325,326,327
524,524,133
13,14,15,16,17,18,19,34,35,37,38,39,40,41,42,55,56,57,58,59,60,61,62,63,75,76,77,78,79,80,81,82,83,85,86,98,99,100,101,102,103,109,110,119,120,121,122,123,124,125,141,142,143,144,148,149,161,163,164,165,166,167,168,172,175,182,183,184,185,186,187,188,189,190,193,204,205,206,207,208,209,210,211,212,226,227,228,229,230,231,232,233,234,247,248,249,250,251,252,253,254,255,256,269,270,271,272,273,274,275,276,277,279,290,291,292,293,294,295,296,297,298,300,312,313,314,315,316,317,318,319,320,322
524,524,133
3,4,5,6,7,8,9,10,23,24,25,26,27,28,29,30,31,32,45,46,47,48,49,50,51,52,53,54,55,67,68,69,70,71,72,73,74,75,76,77,89,90,91,92,93,94,95,96,97,98,99,111,112,113,114,115,116,117,118,119,120,122,123,133,134,135,136,137,138,139,140,141,143,144,155,156,157,158,159,160,161,162,177,178,179,180,181,182,183,184,199,200,201,202,203,204,205,206,221,222,223,224,225,226,227,228,243,244,245,246,247,248,249,265,266,267,268,269,270,271,287,288,289,290,291,292,293,309,310,311,312,313,315
236,236,117
1,2,3,4,5,6,7,8,9,10,23,24,25,26,27,28,29,30,31,32,45,46,47,48,49,50,51,52,53,54,67,68,69,70,71,72,73,74,75,76,89,90,91,92,93,94,95,96,111,112,113,114,115,116,117,118,121,128,133,134,135,136,137,138,139,140,144,155,156,157,158,159,160,161,162,165,166,177,178,179,180,181,182,183,184,199,200,201,202,203,204,205,221,222,223,224,225,226,243,244,245,246,247,248,265,266,267,268,287,288,289,290,291,309,310,311,312
388,388,114
1,2,3,4,5,6,7,8,9,10,23,24,25,26,27,28,29,30,31,32,45,46,47,48,49,50,51,52,53,54,55,67,68,69,70,71,72,73,74,75,76,77,89,90,91,92,93,94,95,99,102,103,111,112,113,114,115,116,117,121,122,123,124,125,133,134,135,136,137,138,139,143,144,145,146,155,156,157,158,159,160,161,165,166,167,177,178,179,180,181,182,183,184,199,200,201,202,203,221,222,223,224,225,243,244,245,246,265,266,267,287,288,309,310
526,526,112
1,2,3,4,5,6,9,10,11,12,13,15,16,17,20,23,24,25,26,27,28,29,31,32,34,35,37,38,39,45,46,47,48,49,51,54,55,56,57,58,59,60,61,67,68,69,70,71,72,76,77,78,79,80,81,89,90,91,92,93,94,95,99,100,101,102,103,111,112,113,114,115,116,121,122,123,124,125,133,136,137,138,139,143,144,145,146,147,155,156,157,159,160,161,165,166,167,177,178,179,180,182,183,184,185,188,199,200,202,221,222,280
550,550,105
1,2,3,4,5,8,9,10,11,12,13,15,16,17,23,24,25,26,27,31,32,33,34,35,36,37,38,39,45,46,47,48,49,50,54,55,56,57,58,59,60,61,67,68,71,72,76,77,78,79,80,81,82,89,90,93,98,99,100,101,102,103,104,111,114,115,116,121,122,123,124,125,126,133,136,137,138,139,143,144,145,146,147,155,156,159,160,161,165,166,167,168,169,177,178,182,183,184,185,188,199,209,221,280,325
470,470,100
1,2,3,4,5,9,10,11,12,13,14,15,16,17,18,20,22,23,24,26,27,28,31,32,33,34,35,36,37,38,39,41,42,43,45,46,48,54,55,56,57,58,59,60,61,67,68,71,76,77,78,79,80,81,82,83,89,99,100,101,102,103,104,105,106,108,111,115,121,122,123,124,125,126,137,138,139,143,144,145,146,147,152,155,156,161,165,166,167,168,169,176,183,184,188,199,263,264,280,325
278,278,96
9,10,11,12,13,15,16,17,18,19,20,21,22,31,32,33,34,35,36,37,38,39,40,41,42,43,54,55,56,57,58,59,60,61,62,64,65,76,77,78,79,80,81,82,83,98,99,100,101,102,103,104,105,106,111,120,121,122,123,124,125,126,128,129,142,143,144,145,146,147,155,156,161,165,166,167,168,169,178,183,184,188,199,221,242,258,262,263,264,280,281,283,302,303,325,326
254,254,92
9,10,11,12,13,14,15,16,17,18,19,20,21,22,31,32,33,34,35,36,37,38,39,40,41,42,43,54,55,56,57,58,59,60,61,62,76,77,78,79,80,81,82,83,85,98,99,100,101,102,103,104,105,106,108,111,120,121,122,123,124,125,126,127,128,130,143,144,145,146,147,150,152,161,165,166,167,168,169,175,183,188,199,242,262,263,264,280,281,285,304,325
436,436,87
10,11,12,13,14,16,17,18,20,31,33,34,35,36,37,38,39,40,41,42,55,56,57,58,59,60,61,76,77,78,79,80,81,82,83,89,98,99,100,101,102,103,104,106,107,111,120,121,122,123,124,125,126,128,129,130,143,144,145,146,147,148,165,166,167,168,169,170,172,173,188,190,191,192,193,194,199,215,237,238,260,261,262,280,281,303,325
430,430,90
8,9,10,12,13,15,16,17,18,19,20,21,30,31,32,33,34,35,36,37,38,39,40,52,53,54,55,56,57,58,59,61,75,76,77,78,79,80,82,84,89,98,99,100,101,102,104,106,107,111,120,121,122,123,124,125,126,127,128,129,133,143,144,145,146,148,150,151,165,166,167,168,176,188,211,218,238,242,260,261,279,280,281,282,302,303,304,324,325,326
11,11,88
8,9,10,11,12,13,14,15,16,17,18,19,20,21,30,31,32,33,34,35,37,41,52,53,54,55,56,57,58,59,60,75,76,77,78,79,80,82,83,89,98,99,100,101,102,103,104,106,107,120,121,122,123,124,125,126,127,128,129,133,143,144,145,146,165,166,167,168,173,174,175,176,188,196,197,216,220,238,240,242,261,280,281,283,303,304,325,326
320,320,89
8,9,10,11,12,13,16,17,18,19,20,21,30,31,32,33,34,35,37,41,52,53,54,55,56,57,58,59,60,62,75,76,77,78,79,80,83,84,89,98,99,100,101,104,120,121,122,123,124,125,126,127,128,129,130,133,143,144,145,146,147,151,154,165,166,167,168,173,174,175,176,188,194,195,211,216,217,218,239,241,242,280,281,283,303,304,324,325,326
428,428,88
9,11,12,13,14,16,17,19,20,21,31,32,33,34,35,40,41,53,54,55,56,57,58,59,60,61,75,76,77,78,79,80,82,83,84,98,99,100,101,103,104,105,120,121,122,123,124,125,126,128,130,142,143,144,145,146,150,151,154,165,166,167,168,174,175,176,188,194,195,196,197,216,217,218,220,241,242,262,279,280,281,282,283,302,303,304,325,326
221,221,87
8,9,10,11,12,13,14,16,19,20,33,34,35,37,40,41,53,54,55,56,57,58,60,61,75,76,77,78,79,80,82,83,84,98,99,100,101,103,104,105,108,120,121,122,123,124,125,126,128,129,130,143,144,145,146,151,152,153,154,161,165,166,167,168,173,174,175,176,188,196,197,199,211,216,218,220,241,242,261,264,280,282,283,303,304,325,326
438,438,85
8,9,11,12,13,15,16,17,18,19,20,21,30,31,34,35,36,37,38,39,41,42,53,55,56,57,58,60,61,75,76,77,78,79,82,83,84,98,99,100,101,103,104,105,106,111,120,121,122,123,124,125,126,128,129,130,143,144,145,146,147,151,154,161,165,166,167,168,173,174,175,188,196,197,216,217,218,242,280,282,283,303,304,324,325
525,525,84
8,9,10,11,12,13,14,16,17,18,19,20,30,31,32,33,34,35,37,38,39,40,41,53,54,55,56,57,58,59,60,61,62,75,77,82,98,99,100,101,103,104,105,106,120,121,122,123,124,125,138,143,144,145,146,151,154,155,161,165,166,167,168,173,174,175,176,188,195,196,211,217,218,242,280,281,282,283,302,303,304,324,325,326
437,437,82
8,9,10,11,13,14,15,16,17,18,19,20,31,32,33,34,35,36,37,38,39,40,41,42,52,53,54,55,58,59,60,61,75,76,77,78,81,82,83,98,99,100,103,104,120,121,122,123,124,125,143,144,145,146,147,154,161,165,166,167,168,172,173,177,188,195,196,197,216,217,218,220,240,242,261,281,282,283,303,304,324,325
41,41,74
5,6,7,8,10,13,16,17,19,20,26,29,30,31,32,33,34,35,37,38,40,41,46,52,53,54,55,59,61,67,75,76,77,89,98,99,111,120,121,123,124,125,126,133,143,144,145,146,149,161,165,166,167,168,172,173,174,175,177,188,194,195,196,197,211,216,217,303,308,323,324,325,329,330
466,466,80
3,4,5,6,7,8,9,10,12,13,14,15,16,19,28,29,30,31,32,33,34,35,38,39,40,45,46,51,52,53,54,55,56,61,67,68,69,73,74,75,76,77,78,97,98,99,103,116,120,121,122,123,124,125,126,127,138,139,142,144,145,148,149,150,161,162,173,174,194,195,214,217,242,279,302,303,323,324,325,326
476,476,76
3,4,5,6,7,8,9,10,12,13,15,19,29,30,31,32,33,34,35,38,40,45,46,51,52,53,54,55,56,61,62,67,68,73,74,75,76,77,78,84,85,98,99,101,103,119,120,121,122,123,124,126,127,143,144,145,146,160,161,172,173,174,188,194,195,211,233,242,256,301,302,303,318,323,324,325
273,273,74
4,5,6,7,8,9,10,14,16,24,25,26,29,30,31,32,33,38,40,51,52,53,54,55,56,61,67,68,73,74,75,76,77,78,84,98,99,100,101,103,116,119,120,121,122,123,124,125,126,127,138,139,142,144,145,148,149,160,195,235,242,256,257,272,302,303,313,318,319,323,324,325,326,329
490,490,72
5,6,7,8,9,10,16,26,29,30,31,32,33,45,46,48,51,52,53,54,55,61,67,73,74,75,76,77,78,84,98,99,100,103,114,120,121,122,123,124,126,127,133,143,144,145,150,160,166,188,195,211,214,215,235,236,242,256,257,275,277,279,295,299,301,302,303,318,322,323,324,325
408,408,69
4,5,6,7,8,16,28,29,30,32,46,51,52,53,67,68,69,73,74,75,76,96,97,98,99,100,116,120,121,122,123,125,126,127,139,143,144,145,148,149,160,161,184,187,211,231,235,236,241,242,257,258,274,275,277,279,295,296,297,299,301,303,312,313,318,319,320,324,325
221,221,68
5,6,7,8,15,17,29,30,46,47,48,51,52,67,68,69,73,74,75,76,77,89,99,100,121,122,123,126,127,133,143,144,145,160,166,167,176,188,215,220,233,234,235,242,252,253,256,274,275,276,277,279,292,297,298,299,301,302,303,313,318,319,320,321,322,324,325,326
536,536,67
5,6,7,15,29,47,51,67,68,69,70,73,74,75,77,91,93,98,99,100,116,120,121,122,123,124,126,127,128,133,143,144,145,148,149,155,160,161,162,188,214,231,233,235,237,241,242,254,256,276,277,279,296,297,298,299,301,303,312,317,318,319,320,321,322,324,325
412,412,66
15,16,17,18,29,37,38,47,51,59,68,69,73,74,75,81,98,99,100,103,104,120,121,122,123,124,126,127,143,144,145,149,150,155,160,166,188,215,220,231,234,235,242,253,256,264,273,275,276,277,279,296,297,298,302,303,312,316,317,318,319,320,321,324,325,326
112,112,63
7,12,13,15,16,18,19,29,31,35,37,39,40,41,61,62,70,98,99,100,116,121,122,123,124,125,129,130,143,144,145,146,148,149,155,160,161,171,172,173,194,196,198,211,216,241,242,263,264,279,285,286,296,302,303,312,313,319,320,321,324,325,326
489,489,72
15,16,18,45,46,47,48,70,71,74,92,93,94,95,96,97,103,115,116,117,118,119,125,127,137,138,139,140,141,147,148,149,160,161,162,163,166,167,173,184,185,196,198,207,219,220,241,242,251,262,263,273,274,275,279,280,284,285,296,297,298,302,303,307,308,313,318,320,321,324,325,326
404,404,74
7,13,14,15,16,30,36,37,38,46,47,59,61,68,71,74,75,81,92,93,94,95,96,97,98,100,103,115,116,117,119,125,127,137,138,139,140,144,147,148,150,154,160,161,162,163,167,173,174,176,184,215,219,220,241,242,252,262,274,280,284,296,298,302,303,306,307,308,313,318,319,324,325,326
7,7,76
7,8,14,15,16,17,30,36,37,46,47,48,52,53,54,58,59,71,74,75,76,77,81,92,93,94,95,96,97,103,115,116,117,118,119,125,127,128,138,139,140,147,148,149,150,151,160,161,162,163,173,174,175,184,196,197,198,216,219,220,241,242,262,263,280,284,286,302,303,306,307,308,318,324,325,326
490,490,79
7,8,13,14,15,16,17,29,30,31,36,37,38,39,47,52,53,58,59,60,61,71,75,76,78,81,92,93,94,96,97,98,99,100,103,115,116,117,119,121,125,127,138,139,140,144,148,150,151,154,160,161,162,173,174,176,194,195,198,219,220,240,241,242,262,263,264,280,284,285,286,302,303,306,307,308,324,325,326
14,14,81
7,8,14,15,16,17,18,29,30,36,37,38,47,52,57,58,59,61,70,71,72,75,76,77,80,81,93,94,95,96,103,104,115,116,117,119,124,125,126,127,128,131,138,139,146,147,148,149,150,160,161,162,163,172,173,174,183,194,196,198,215,216,219,220,241,242,262,263,264,280,284,286,302,303,306,307,308,323,324,325,326
254,254,84
7,8,14,15,16,17,29,30,36,37,38,53,57,58,59,61,71,75,76,77,78,79,80,81,93,94,96,97,98,102,103,104,105,115,116,117,119,123,124,125,126,127,131,138,139,140,147,148,150,151,154,161,162,171,173,174,175,176,183,193,194,196,197,198,216,219,220,240,241,242,262,263,264,280,284,285,302,303,306,307,308,324,325,326
306,306,84
7,8,14,15,16,17,18,29,36,37,38,57,58,59,60,61,75,76,78,80,81,93,94,95,96,97,100,101,102,103,104,105,115,116,117,123,124,125,126,127,128,131,139,145,146,147,148,149,150,151,153,161,162,171,172,173,174,175,194,196,197,198,215,216,219,220,240,241,242,262,263,264,280,284,285,286,302,303,306,307,308,324,325,326
306,306,87
7,8,14,15,16,17,30,36,37,38,53,57,58,59,61,73,74,75,76,77,78,79,80,81,82,93,94,98,100,101,102,103,104,105,116,117,122,123,124,125,126,127,128,129,131,138,140,145,148,149,150,151,153,154,162,171,172,173,174,175,176,183,193,194,195,196,197,198,215,216,219,220,240,241,242,263,264,280,284,285,302,303,306,308,324,325,326
297,297,80
5,10,11,14,15,16,17,22,27,28,33,34,37,38,39,43,44,50,51,56,57,58,59,60,61,62,66,72,73,74,75,79,80,93,94,96,97,115,116,117,123,125,131,132,138,141,147,148,149,153,161,162,163,164,168,169,170,171,173,184,193,194,215,216,219,240,241,242,262,263,264,280,286,302,303,308,323,324,325,326
393,393,94
8,13,14,15,16,17,18,19,20,21,22,35,36,37,38,39,41,42,43,44,57,58,59,60,61,64,65,66,71,72,73,80,81,82,83,88,93,94,95,103,104,105,106,109,110,115,116,117,120,125,126,127,128,129,132,137,138,139,140,141,143,144,147,148,150,151,152,154,161,162,163,164,166,170,171,173,174,175,176,184,185,186,193,194,196,197,198,215,216,217,218,219,220,242
338,338,99
14,15,16,17,18,19,20,21,22,35,36,37,38,39,40,41,42,43,44,57,58,59,60,61,62,63,64,65,66,72,80,81,82,83,84,85,86,87,88,92,93,94,103,104,105,106,107,108,109,110,115,116,120,124,125,126,127,128,129,130,131,132,139,143,144,145,148,150,151,152,153,154,161,162,163,168,169,172,173,174,175,176,193,194,195,196,197,198,208,215,216,217,218,219,220,238,242,264,308
339,339,102
14,15,16,17,18,19,20,21,22,35,36,37,38,39,40,41,42,43,44,58,59,60,61,62,63,64,65,66,80,81,82,83,84,85,86,87,88,103,104,105,106,107,108,109,110,125,126,127,128,129,130,131,132,144,146,147,148,149,150,151,152,153,154,168,170,171,172,173,174,175,176,192,193,194,195,196,197,198,214,215,216,217,218,219,220,237,238,239,240,241,242,259,260,262,263,264,284,285,286,304,308,330
514,514,108
13,14,15,16,17,18,19,20,21,22,35,36,37,38,39,40,41,42,43,44,57,58,59,60,61,62,63,64,65,66,79,80,81,82,83,84,85,86,87,88,103,104,105,106,107,108,109,110,124,125,126,127,128,129,130,131,132,145,147,148,149,150,151,152,153,154,170,171,172,173,174,175,176,191,192,193,194,195,196,197,198,214,215,216,217,218,219,220,236,237,238,239,240,241,242,260,261,262,263,264,283,284,285,286,306,307,308,330
507,507,128
14,15,16,18,19,20,21,22,35,36,37,38,39,40,41,42,43,44,57,58,59,60,61,62,63,64,65,66,78,80,81,82,83,84,85,86,87,88,102,103,104,105,106,107,108,109,110,121,123,124,125,126,127,128,129,130,131,132,144,145,146,147,148,149,150,151,152,153,154,169,170,171,172,173,174,175,176,190,191,192,193,194,195,196,197,198,213,214,215,216,217,218,219,220,235,236,237,238,239,240,241,242,258,259,260,261,262,263,264,280,281,282,283,284,285,286,302,303,304,305,306,307,308,324,325,326,327,330
532,532,140
6,7,8,14,21,30,31,35,36,37,53,56,57,58,59,72,73,74,75,77,78,79,80,81,82,96,98,99,100,101,103,104,120,121,122,123,124,125,126,139,142,143,144,145,146,147,148,149,150,162,165,166,167,168,169,170,171,172,173,174,175,176,185,186,187,188,189,190,191,192,193,194,195,196,197,208,209,210,211,212,213,214,215,216,217,218,219,230,231,232,233,234,235,236,237,238,239,240,241,252,253,254,255,256,257,258,259,260,261,262,274,275,276,277,278,279,280,281,282,283,284,296,297,298,299,300,301,302,303,304,308,319,320,321,322,323,324,325,326,327
235,235,118
2,4,5,23,24,25,26,45,46,47,48,67,68,69,70,72,73,74,89,90,91,92,93,111,112,113,114,115,116,133,134,135,136,137,138,139,140,155,156,157,158,159,160,161,162,163,177,178,179,180,181,182,183,184,185,186,199,200,201,202,203,204,205,206,207,208,223,224,225,226,227,228,229,230,231,246,247,248,249,250,251,252,253,254,269,270,271,272,273,274,275,276,277,290,291,292,293,294,295,296,297,298,299,302,303,312,313,314,315,316,317,318,319,320,321,322,323,324
339,339,90
1,2,23,24,25,45,46,47,67,68,69,71,89,90,91,92,93,111,112,113,114,115,116,133,134,135,136,137,138,139,155,156,157,160,161,162,177,178,179,180,182,183,184,199,200,201,202,203,206,208,221,222,223,224,225,226,243,244,245,246,247,248,249,265,266,267,268,269,270,271,272,287,288,289,290,291,292,293,294,309,310,311,312,313,314,315,316,317,318,320
325,325,84
2,8,23,25,29,30,31,45,46,47,67,68,69,73,74,90,91,92,110,111,112,114,115,116,120,121,123,130,131,132,133,135,136,137,138,139,143,144,145,151,152,153,154,155,162,172,174,175,176,184,185,186,193,194,196,197,198,199,208,209,215,216,218,221,243,265,267,280,281,282,287,288,292,302,303,309,310,311,312,313,314,323,324,325
233,233,74
2,7,8,13,14,15,23,24,29,30,31,37,45,51,59,67,68,69,73,74,82,87,96,97,98,104,105,106,108,109,110,114,115,116,117,119,120,121,129,130,131,132,137,138,139,143,144,151,152,153,154,161,162,163,166,167,174,175,176,184,185,187,196,197,198,208,209,210,218,219,281,282,303,325
375,375,66
2,7,8,29,30,31,37,45,51,59,67,73,74,82,92,98,103,104,105,108,109,110,111,115,116,120,121,125,129,130,131,132,133,137,138,139,143,144,151,152,153,154,160,161,162,163,167,174,175,176,183,184,185,186,196,197,198,208,209,218,219,281,282,303,304,325
49,49,64
7,8,14,15,30,51,59,67,73,74,82,98,99,102,103,104,105,106,110,115,116,117,120,121,125,129,130,131,132,137,138,139,144,151,152,153,154,160,161,162,163,166,167,174,175,176,183,184,185,186,187,196,197,198,208,209,210,218,219,281,282,303,304,325
527,527,60
7,8,15,29,30,34,45,59,73,81,82,97,98,103,104,108,109,110,115,116,117,120,121,129,130,131,132,137,138,139,143,144,151,152,153,154,160,161,162,163,167,174,175,176,183,184,185,186,187,196,197,198,208,209,210,218,282,303,304,325
473,473,56
7,8,29,30,51,59,60,73,74,82,98,104,106,109,110,114,115,116,117,120,121,129,130,131,132,137,138,139,140,144,151,152,153,154,160,161,162,163,174,175,176,183,184,185,186,187,196,197,198,208,209,210,218,219,303,325
342,342,54
7,8,29,51,59,60,73,74,81,82,98,104,107,110,114,115,116,120,121,129,130,131,132,137,138,139,140,143,151,152,153,154,160,161,162,163,167,174,175,176,183,184,185,186,187,196,197,198,208,209,210,218,303,325
502,502,52
7,29,59,60,74,81,82,97,98,99,104,110,115,116,117,119,120,121,129,130,131,132,137,138,139,140,143,144,151,152,153,154,160,161,162,163,174,175,176,183,184,185,186,187,196,197,198,208,209,210,218,303
471,471,53
7,15,29,32,51,59,60,74,81,82,98,104,105,110,115,116,120,121,129,130,131,132,133,137,138,139,140,143,151,152,153,154,160,161,162,163,164,174,175,176,183,184,185,186,187,196,197,198,208,209,210,218,219
463,463,45
33,59,60,99,115,116,120,121,130,131,137,138,139,140,143,149,150,151,152,153,154,160,161,162,163,171,172,173,174,175,176,184,185,186,187,193,194,195,196,197,208,209,210,217,218
530,530,54
23,59,78,81,95,97,98,101,103,116,117,120,122,124,129,130,137,138,139,142,143,144,148,149,150,154,160,161,162,163,164,171,172,173,174,176,184,185,186,187,193,194,195,196,197,198,208,209,210,217,232,233,324,325
81,81,53
33,59,77,81,98,102,115,116,117,120,121,122,124,137,138,139,140,142,143,148,149,150,152,154,160,161,162,163,164,166,171,172,176,184,185,186,187,193,194,195,196,197,198,208,209,210,217,218,232,233,303,324,325
249,249,54
24,59,78,79,80,81,97,98,101,102,116,117,120,122,124,137,138,139,140,142,143,144,148,149,150,154,160,161,162,163,164,171,172,173,176,184,185,186,187,188,193,194,195,196,197,208,209,210,217,232,233,282,303,324
205,205,54
56,59,76,77,80,81,98,99,101,102,116,117,120,121,122,124,138,139,140,142,149,150,151,153,154,160,161,162,163,164,171,172,173,175,176,184,185,186,187,188,193,194,195,196,197,208,209,210,217,218,232,233,234,303
557,557,54
2,24,59,76,79,80,81,97,98,99,101,102,117,120,121,122,124,138,139,140,142,143,144,149,154,161,162,163,164,171,172,173,175,176,184,185,186,187,188,193,194,195,196,197,208,209,210,211,217,218,232,233,282,303
473,473,53
37,59,76,77,79,80,81,98,101,102,116,120,121,124,138,139,140,148,149,154,161,162,163,164,165,171,172,173,174,175,176,184,185,186,187,188,193,194,195,196,197,208,209,210,211,217,218,232,233,234,303,324,325
542,542,53
24,46,58,59,79,80,81,98,99,101,102,103,116,120,121,122,124,139,140,141,142,143,144,149,161,162,163,164,171,172,173,175,176,184,185,186,187,188,193,194,195,196,197,198,208,209,210,211,217,232,233,303,325
5,5,52
37,58,59,79,80,81,98,101,102,116,120,121,124,139,140,141,149,150,153,154,161,162,163,164,165,171,172,173,175,176,184,185,186,187,188,193,194,195,196,197,198,208,209,210,211,217,218,232,233,234,303,325
39,39,43
15,23,37,57,58,59,79,80,81,98,101,102,120,127,139,140,142,149,161,162,163,164,171,172,176,183,184,185,186,187,188,193,194,196,208,209,210,211,232,233,303,324,325
129,129,40
117,131,132,139,140,141,149,152,153,154,162,163,164,165,171,172,173,175,176,184,185,186,187,188,193,194,196,197,208,209,210,211,218,233,234,279,323,324,325,326
412,412,40
131,139,140,141,145,154,161,162,163,164,165,166,171,172,173,174,176,184,185,186,187,188,189,193,194,195,196,197,208,209,210,211,217,218,233,303,323,324,325,326
4,4,41
118,131,139,140,141,150,153,154,162,163,164,165,166,171,172,174,175,176,184,185,186,187,188,189,193,194,195,196,197,208,209,210,211,215,217,233,234,323,324,325,326
91,91,43
46,47,118,131,140,141,142,150,154,162,163,164,165,166,171,172,173,175,176,184,185,186,187,188,189,193,194,195,196,197,208,209,210,211,215,218,233,234,303,323,324,325,326
412,412,41
46,47,116,140,141,150,152,154,162,163,164,165,166,171,172,173,174,175,176,184,185,186,187,188,189,193,194,196,197,208,209,210,211,215,233,234,303,323,324,325,326
185,185,45
46,47,116,118,131,132,140,141,142,150,151,152,153,154,162,163,164,165,166,171,172,174,175,176,184,185,186,187,188,189,193,194,197,208,209,210,211,215,233,234,303,323,324,325,326
101,101,46
109,110,131,132,152,153,154,174,175,176,194,196,197,198,217,218,219,220,239,240,241,242,260,261,262,263,264,282,283,284,285,286,303,304,305,306,307,308,323,324,325,326,327,328,329,330
260,260,83
44,63,64,65,66,85,86,87,88,106,107,108,109,110,128,129,130,131,132,149,150,151,152,153,154,170,171,172,173,174,176,193,194,195,196,197,198,214,215,216,217,218,219,220,233,234,235,236,237,238,239,240,241,242,256,257,258,259,260,261,262,277,278,279,280,281,282,283,284,300,301,302,303,304,305,321,322,323,324,325,326,327,328
525,525,134
13,14,15,16,17,18,34,35,36,37,38,39,40,41,56,57,58,59,60,61,63,78,79,80,81,82,83,84,97,98,99,100,101,102,103,104,105,107,108,118,119,120,121,122,123,124,125,126,127,139,140,141,142,143,144,145,146,147,148,149,150,151,161,162,163,164,165,166,167,168,170,171,184,185,186,187,188,189,190,193,194,204,206,207,208,209,210,211,212,213,225,226,227,228,229,230,231,232,233,234,247,248,249,250,251,252,253,254,255,269,270,271,272,273,274,275,276,277,292,293,294,295,296,297,298,314,315,316,317,318,319,320,321,324
516,516,134
2,3,4,5,6,7,8,9,10,23,24,25,26,27,28,29,30,31,32,45,46,47,48,49,50,51,52,53,54,67,68,69,70,71,72,73,74,75,89,90,91,92,93,94,95,96,97,98,111,112,113,114,115,116,117,118,119,120,133,134,135,136,137,138,139,140,141,142,155,156,157,158,159,160,161,162,163,164,165,177,178,179,180,181,182,183,184,186,187,199,200,201,202,203,204,205,206,207,221,222,223,224,225,226,227,228,243,244,245,246,247,248,249,250,265,266,267,268,269,270,271,287,288,289,290,291,292,293,309,310,311,312,313,314
556,556,119
1,2,3,4,5,6,7,8,9,10,23,24,25,26,27,28,29,30,31,32,45,46,47,48,49,50,51,52,53,67,68,69,70,71,72,73,74,75,89,90,91,92,93,94,95,96,97,111,112,113,114,115,116,117,118,119,133,134,135,136,137,138,139,140,141,142,155,156,157,158,159,160,161,162,164,177,178,179,180,181,182,183,187,199,200,201,202,203,204,221,222,223,224,225,226,227,243,244,245,246,247,248,265,266,267,268,269,270,287,288,289,290,291,307,309,310,311,312,313
313,313,113
1,2,3,4,5,6,7,8,9,10,23,24,25,26,27,28,29,30,45,46,47,48,49,50,51,53,67,68,69,70,71,72,73,74,89,90,91,92,93,94,95,111,112,113,114,115,116,117,133,134,135,136,137,138,139,142,153,155,156,157,158,159,160,161,164,165,166,176,177,178,179,180,181,186,187,188,189,199,200,201,202,203,204,209,210,211,221,222,223,224,225,226,227,231,232,233,243,244,245,246,247,249,265,266,267,268,269,287,288,289,302,309,310
24,24,113
1,2,3,4,5,6,7,8,9,16,17,18,19,23,24,25,26,27,28,30,39,40,41,45,46,47,48,50,51,53,57,58,60,61,64,67,68,69,70,71,81,89,90,91,92,93,94,111,112,113,114,115,116,122,131,133,134,136,137,138,139,142,143,155,156,157,158,159,160,161,162,164,165,166,176,177,178,179,180,186,187,188,189,199,200,201,203,209,210,211,212,221,222,223,224,225,226,227,231,232,233,234,243,265,281,302,303,304,322,323,324,325,326
91,91,106
1,2,3,4,5,6,7,8,9,10,12,13,14,15,16,17,18,19,23,24,25,29,30,32,33,37,38,39,40,45,46,47,48,56,61,67,68,69,70,89,91,92,93,94,113,114,115,116,122,123,136,137,142,143,152,153,155,164,165,166,167,176,177,179,180,186,187,188,189,190,196,198,199,200,201,203,204,209,210,211,212,213,219,220,221,225,226,227,231,232,233,234,243,248,249,265,281,302,303,304,321,322,323,324,325,326
279,279,101
1,2,3,4,6,7,8,9,10,11,13,14,15,16,17,18,19,23,24,32,33,34,35,36,37,38,39,40,41,43,56,57,58,59,60,61,62,64,69,70,83,91,93,113,115,131,136,137,142,143,144,152,153,154,155,164,165,166,167,175,176,177,179,186,187,188,189,190,196,197,198,199,200,208,209,210,211,212,213,219,220,221,227,231,232,233,234,243,265,281,282,283,302,303,304,305,322,323,324,325,326
471,471,97
7,8,9,11,13,14,15,16,17,18,19,20,22,30,32,33,34,37,38,39,40,41,42,43,44,56,59,60,61,62,64,65,66,83,84,87,107,123,131,142,143,144,151,152,153,154,155,164,165,166,167,173,174,175,176,177,186,187,188,189,190,191,195,196,197,198,199,200,209,210,211,212,213,219,220,221,227,231,232,233,234,242,249,281,282,283,302,303,304,305,321,322,323,324,325,326,327
128,128,92
6,7,8,9,12,13,14,15,16,17,18,19,20,21,30,33,34,35,36,37,38,39,40,41,42,43,44,56,57,58,59,60,61,62,64,66,81,120,130,131,132,142,143,144,152,153,154,164,165,166,167,174,175,176,186,187,188,189,190,196,197,198,200,209,210,211,212,213,218,219,220,227,231,232,233,234,242,260,264,281,282,283,302,303,304,305,322,323,324,325,326,327
460,460,89
10,14,15,18,19,32,33,34,35,36,37,38,39,40,55,56,57,59,61,64,84,87,120,121,122,123,131,142,143,144,151,152,153,154,164,165,166,167,169,172,173,174,175,176,186,187,190,191,194,195,196,197,198,209,210,211,212,213,218,219,220,227,231,232,233,234,257,258,265,279,280,281,282,283,300,302,303,304,305,317,318,321,322,323,324,325,326,327,328
83,83,92
14,15,19,36,37,38,39,40,41,55,56,57,58,59,60,61,62,63,64,80,81,82,84,85,86,100,101,103,105,106,121,122,123,124,125,129,130,143,144,146,147,149,150,152,153,154,164,165,166,167,168,173,174,175,176,187,188,190,191,195,196,197,198,210,211,212,218,219,220,240,241,242,259,260,261,265,280,281,282,283,284,301,302,303,304,305,321,322,323,324,325,326
222,222,89
15,16,19,37,38,39,40,41,56,57,58,59,60,61,62,63,64,80,81,82,83,85,86,87,88,100,101,102,103,105,106,121,122,123,124,125,131,144,145,147,151,152,153,154,164,165,166,167,168,172,173,174,175,176,187,188,190,191,196,197,198,210,211,212,218,219,220,241,242,259,260,262,263,264,265,281,282,284,302,303,304,306,321,322,323,324,325,326,327
329,329,90
15,19,36,37,38,39,40,41,55,56,57,58,59,60,61,62,63,64,82,83,84,85,86,101,103,105,109,121,122,123,124,125,130,143,144,145,147,149,152,153,154,164,165,166,168,173,174,175,176,187,188,190,191,195,196,197,198,210,211,212,213,214,218,219,220,240,241,242,259,260,261,262,263,264,265,280,281,282,284,302,303,304,306,321,322,323,324,325,326,327
428,428,89
8,15,16,19,33,34,36,37,38,39,40,41,42,56,57,59,60,61,62,63,64,82,83,84,85,87,88,103,105,109,122,123,124,125,130,131,132,143,144,145,147,152,153,154,164,165,166,168,173,174,175,176,187,188,190,191,195,196,197,198,210,211,212,213,218,220,240,241,242,259,260,262,263,264,265,281,282,284,302,303,304,306,321,322,323,324,325,326,327
253,253,88
15,16,18,19,33,34,36,37,38,39,40,41,44,55,56,57,59,60,61,62,63,64,82,83,84,85,103,105,109,122,123,124,125,127,143,144,145,153,154,164,165,166,167,168,173,174,175,176,187,188,189,190,191,195,196,198,210,211,212,213,218,219,220,237,240,241,242,259,260,261,262,263,264,265,281,282,302,303,304,306,321,322,323,324,325,326,327,330
506,506,87
8,15,18,19,32,33,34,36,37,38,39,40,41,55,56,57,59,60,61,62,63,64,82,83,84,85,86,100,101,105,122,123,124,125,143,144,145,154,164,165,166,167,168,169,174,175,176,187,188,189,190,191,196,198,210,211,212,213,214,218,219,220,240,241,242,259,260,261,262,263,264,265,280,281,282,285,301,302,303,304,321,322,323,324,325,326,327
460,460,84
15,16,17,18,19,33,34,35,36,38,39,40,41,56,57,59,60,61,62,63,64,82,83,84,85,99,100,101,103,105,108,122,123,124,125,143,144,145,149,154,164,165,166,167,168,174,176,187,188,189,190,191,196,197,198,210,211,212,213,218,220,237,241,242,259,260,261,262,263,264,265,281,282,302,303,304,321,322,323,324,325,326,327,330
460,460,82
15,16,18,19,32,33,34,35,36,37,38,39,40,41,56,59,60,61,62,63,82,83,84,85,100,101,103,108,123,124,125,143,144,145,154,164,165,166,167,168,169,173,174,187,188,189,190,191,195,196,197,198,210,211,212,213,214,218,220,237,241,242,259,260,261,262,263,264,265,281,282,302,303,304,305,321,322,323,324,325,326,327
445,445,83
18,34,37,39,40,54,55,61,62,77,83,84,85,101,106,107,108,109,124,125,130,143,144,145,150,153,154,163,164,165,166,167,168,169,172,173,174,175,176,180,187,188,189,190,191,192,194,195,196,197,198,210,211,212,213,218,219,220,237,240,241,242,259,260,261,263,265,280,281,282,285,302,303,304,305,307,321,322,323,324,325,326,327
404,404,83
14,17,33,34,35,54,61,73,76,84,85,98,99,101,104,122,123,124,125,126,130,143,144,145,148,150,164,165,166,167,168,169,172,187,188,189,190,191,192,195,196,197,198,209,210,211,212,213,214,215,217,219,220,232,233,234,235,236,237,238,239,240,241,242,258,259,260,261,280,281,282,301,302,303,305,307,320,323,324,325,326,327,328
445,445,82
32,34,35,39,61,73,83,84,85,98,99,101,103,104,121,122,123,124,125,126,130,143,144,145,146,148,163,164,165,166,167,168,169,170,172,173,175,187,188,189,190,191,192,195,198,209,210,211,212,213,214,215,216,217,219,232,233,234,235,236,237,238,239,240,242,258,259,260,261,280,281,282,301,302,303,305,323,324,325,326,327,328
427,427,80
14,32,33,34,35,54,60,62,67,73,74,76,84,85,98,101,103,104,121,122,123,124,125,126,143,144,145,146,148,164,165,166,167,168,169,174,187,188,189,190,191,192,195,209,210,211,212,213,214,215,216,217,232,233,234,235,236,237,238,239,240,242,258,259,260,261,279,280,281,282,301,302,303,305,323,324,325,326,327,328
571,571,76
35,60,61,74,76,83,84,85,98,99,100,101,103,104,121,122,123,124,125,126,143,144,145,146,148,150,163,164,165,166,167,168,169,187,188,189,190,191,192,195,209,210,211,212,213,214,215,216,217,232,233,234,235,236,237,238,239,240,258,259,260,261,280,281,282,301,302,303,304,305,323,324,325,326,327,328
453,453,72
39,60,67,81,83,84,85,98,99,100,101,103,104,122,123,124,125,143,144,145,146,148,149,164,165,166,167,168,169,170,187,188,189,190,191,192,193,209,210,211,212,213,214,215,216,217,232,233,234,235,236,237,238,239,240,258,259,260,261,280,281,282,291,301,302,303,323,324,325,326,327,328
472,472,72
39,47,60,67,72,85,99,100,101,103,104,121,122,123,124,125,126,143,144,145,146,149,164,165,166,167,168,169,170,176,187,188,189,190,191,192,193,209,210,211,212,213,214,215,216,217,232,233,234,235,236,237,238,239,240,258,259,260,261,279,280,281,282,301,302,303,323,324,325,326,327,328
354,354,71
60,61,67,81,85,99,101,102,103,120,121,122,123,124,125,126,143,144,145,146,148,149,163,164,165,166,167,168,169,170,187,188,189,190,191,192,193,209,210,211,212,213,214,215,216,217,232,233,234,235,236,237,238,239,240,258,259,260,261,279,280,281,282,301,302,303,323,324,325,326,327
452,452,72
38,39,60,61,67,81,82,83,100,101,102,103,104,121,122,123,124,125,126,143,144,145,146,149,164,165,166,167,168,169,170,171,176,187,188,189,190,191,192,193,209,210,211,212,213,214,215,216,217,232,233,234,235,236,237,238,239,257,258,259,260,280,281,282,301,302,303,323,324,325,326,327
541,541,77
15,16,38,39,40,59,61,62,81,82,83,101,105,106,107,122,123,124,130,131,143,144,145,146,153,154,164,166,167,170,187,188,189,192,193,196,197,198,209,210,211,212,213,215,216,217,218,219,232,233,234,235,236,237,238,239,258,259,260,261,262,263,280,281,282,283,284,301,302,303,304,305,323,324,325,326,327
468,468,76
13,14,15,17,38,39,60,61,81,100,101,102,103,121,122,123,124,125,129,130,142,143,144,145,146,147,163,164,165,166,167,168,169,170,172,176,186,187,188,189,190,191,192,193,195,209,210,211,212,213,214,215,216,217,220,232,233,234,235,236,237,238,239,240,258,259,260,261,280,281,282,302,303,323,324,325
416,416,78
13,38,39,59,60,61,80,81,82,100,101,102,103,106,107,121,122,123,124,125,128,130,143,144,145,146,147,148,149,154,163,164,165,166,167,168,169,170,171,172,187,188,189,190,191,192,193,194,209,210,211,212,213,214,215,216,217,218,232,233,234,235,236,237,238,239,258,259,260,261,280,281,282,302,303,323,324,325
462,462,81
13,16,17,38,39,59,60,61,80,81,82,83,100,101,102,103,121,122,123,124,125,129,130,131,142,143,144,145,146,147,148,149,154,163,164,165,166,167,168,169,170,171,172,187,188,189,190,191,192,193,209,210,211,212,213,214,215,216,217,218,219,232,233,234,235,236,237,238,239,258,259,260,261,280,281,282,302,303,323,324,325
402,402,81
13,14,17,19,33,38,39,59,60,61,80,81,82,100,101,102,103,107,121,122,123,124,125,129,130,131,142,143,144,145,146,147,148,154,164,165,166,167,168,169,170,171,172,176,187,188,189,190,191,192,193,194,209,210,211,212,213,214,215,216,217,232,233,234,235,236,237,238,239,258,259,260,261,280,281,282,302,303,323,324,325
408,408,84
13,14,16,17,19,33,37,38,39,59,60,61,80,81,82,83,100,101,102,103,106,107,121,122,123,124,125,130,131,142,143,144,145,146,147,148,153,154,163,164,165,166,167,168,169,170,171,172,187,188,189,190,191,192,193,194,209,210,211,212,213,214,215,216,217,232,233,234,235,236,237,238,239,258,259,260,261,280,281,282,302,303,324,325
322,322,86
1,13,14,15,16,17,19,37,38,39,59,60,61,79,80,81,82,100,101,102,103,106,107,120,121,122,123,124,125,130,131,142,143,144,145,146,147,154,164,165,166,167,168,169,170,171,172,176,187,188,189,190,191,192,193,194,209,210,211,212,213,214,215,216,217,218,232,233,234,235,236,237,238,239,258,259,260,261,280,281,282,283,302,303,324,325
311,311,87
13,14,16,17,19,34,36,37,38,39,59,60,61,79,80,81,82,83,100,101,102,103,106,107,121,122,123,124,125,129,130,131,142,143,144,145,146,147,148,154,164,165,166,167,168,169,170,172,187,188,189,190,191,192,195,209,210,211,212,213,214,215,216,217,218,219,232,233,234,235,236,237,238,239,258,259,260,261,280,281,282,283,302,303,323,324,325
322,322,89
13,14,15,16,17,19,35,37,38,39,40,41,42,58,59,60,61,64,79,80,81,82,83,99,100,101,102,103,105,106,107,121,122,123,124,125,129,130,131,142,144,145,146,147,148,149,154,165,166,167,169,170,172,187,188,189,190,191,192,193,195,209,210,211,212,213,214,215,216,218,232,233,234,235,236,237,238,258,259,260,261,280,281,282,283,302,303,324,325
286,286,86
13,14,15,16,17,18,35,36,37,38,39,58,59,60,61,63,64,79,80,81,82,83,84,85,86,87,88,100,101,102,103,107,108,109,110,121,122,123,124,125,131,132,143,144,145,146,147,148,167,168,169,170,172,174,175,190,191,192,193,195,196,212,214,215,216,218,220,232,233,234,235,236,237,239,258,259,260,261,263,280,281,282,302,303,324,325
313,313,92
13,14,15,16,17,20,21,35,36,37,38,39,41,43,58,59,60,61,62,63,64,79,80,81,82,83,84,85,86,87,88,99,100,101,102,103,104,106,107,108,110,121,122,125,126,127,131,142,144,145,146,147,148,149,150,154,167,168,169,170,172,174,175,189,190,191,192,193,195,196,198,212,215,216,217,218,237,238,239,241,242,261,262,263,264,281,282,283,284,303,304,325
386,386,97
13,14,15,16,17,18,19,20,21,22,36,37,38,39,40,41,42,43,44,58,59,60,61,62,63,64,65,66,79,81,82,83,84,85,86,87,88,100,101,102,104,105,106,107,108,109,110,121,122,124,125,126,127,128,129,130,131,132,147,148,149,150,152,153,154,169,170,172,174,175,176,192,193,194,195,196,197,198,215,216,217,218,220,237,238,239,241,242,261,262,263,264,281,282,283,284,303
387,387,100
13,14,15,16,17,18,19,20,21,22,36,37,38,39,40,41,42,43,44,58,59,60,61,62,63,64,65,66,81,82,83,84,85,86,87,88,100,103,104,106,107,108,109,110,121,126,127,128,129,130,131,132,147,148,149,150,151,152,153,154,169,170,172,173,174,175,176,192,193,194,195,196,197,198,215,216,217,218,219,220,237,238,239,240,241,242,261,262,263,264,281,282,283,284,285,303,304,305,308,325
337,337,109
13,14,15,16,17,18,19,20,21,22,36,37,38,39,40,41,42,43,44,58,59,60,61,62,63,64,65,66,80,81,82,83,84,85,86,87,88,100,101,102,103,104,105,106,107,108,109,110,121,125,126,127,128,129,130,131,132,146,147,148,149,150,151,152,153,154,169,170,171,172,173,174,175,176,192,193,194,195,196,197,198,215,216,217,218,219,220,237,238,239,240,241,242,260,261,262,263,264,281,282,283,284,285,286,303,304,305,307,308
540,540,128
13,14,15,16,17,18,19,20,22,36,37,38,39,40,41,42,43,44,58,59,60,61,62,63,64,65,66,79,80,81,82,83,84,85,86,87,88,99,100,101,102,103,104,105,106,107,108,109,110,121,122,123,124,125,126,127,128,129,130,131,132,143,144,145,146,147,148,149,150,151,152,153,154,167,168,169,170,171,172,173,174,175,176,190,191,192,193,194,195,196,197,214,215,216,217,218,219,220,234,236,237,238,239,240,241,242,259,260,261,262,263,264,280,281,282,283,284,285,286,303,304,305,306,307,308,324,325,326
524,524,137
12,13,14,15,34,35,36,37,38,57,58,59,60,61,73,74,75,76,77,78,79,80,81,82,83,96,97,98,99,100,101,102,103,104,105,119,120,121,122,123,124,125,126,127,128,141,142,143,144,145,146,147,148,149,150,164,165,166,167,168,169,170,171,172,173,176,186,187,188,189,190,191,192,193,194,195,209,210,211,212,213,214,215,216,217,218,231,232,233,234,235,236,237,238,239,240,241,253,254,255,256,257,258,259,260,261,262,263,264,276,277,278,279,280,281,282,283,284,285,298,299,300,301,302,303,304,305,306,308,320,321,322,323,324,325,326,327
380,380,125
1,2,3,23,24,25,26,27,45,46,47,48,49,50,51,67,68,69,70,71,72,73,74,89,90,91,92,94,95,96,98,100,111,112,113,114,115,116,119,120,121,133,134,135,136,137,140,141,142,143,155,156,157,158,163,164,165,177,178,179,180,181,182,186,188,189,190,200,201,202,203,204,208,209,210,211,212,223,224,225,226,227,228,230,231,232,233,239,245,246,247,248,249,250,251,252,253,254,267,268,269,270,271,272,273,275,276,290,291,292,293,294,295,296,297,298,299,313,314,315,316,317,318,319,320
303,303,96
1,2,3,23,24,25,26,45,46,47,48,49,67,68,69,70,71,73,89,90,91,92,94,95,99,111,112,113,114,115,116,121,133,134,135,136,137,138,155,156,157,158,177,178,179,180,181,186,190,199,200,201,202,203,215,221,222,223,224,225,226,227,239,243,244,245,246,247,248,249,265,266,267,268,269,270,271,272,287,288,289,290,291,292,293,294,309,310,311,312,313,314,315,316,317,318
316,316,91
2,23,24,45,46,51,59,60,67,68,69,72,73,79,89,90,95,97,98,99,100,101,102,103,111,120,121,122,123,124,125,126,141,142,143,144,145,146,147,148,150,155,167,168,169,170,171,172,188,189,190,191,192,193,194,195,211,212,213,215,216,217,232,234,235,236,237,238,239,240,255,256,257,258,259,260,261,262,263,277,278,280,281,282,283,287,289,302,303,309,324
223,223,81
2,37,45,46,51,59,60,61,67,68,69,72,73,78,79,83,90,91,95,98,99,100,101,102,103,104,120,121,122,123,125,126,137,139,146,147,148,149,150,169,170,171,172,173,176,192,193,194,195,212,213,215,216,217,218,232,233,234,235,236,237,238,239,240,255,256,257,258,259,260,261,262,263,277,278,279,280,282,283,302,324
480,480,75
2,23,36,45,46,59,60,61,67,68,72,73,75,79,80,83,90,95,98,99,100,101,102,103,120,121,122,123,124,125,126,128,145,146,147,148,149,150,169,170,171,172,192,193,194,195,212,213,215,216,217,232,234,235,236,237,238,239,240,255,256,257,258,259,260,261,262,277,278,279,280,282,283,302,324
50,50,73
2,14,36,37,45,46,57,59,60,61,67,68,72,73,79,80,82,83,95,99,100,101,102,103,107,122,123,124,125,126,146,147,148,149,150,169,170,171,172,173,192,193,194,195,212,213,215,216,217,234,235,236,237,238,239,240,256,257,258,259,260,261,262,263,277,278,279,280,282,283,302,324,327
550,550,70
2,36,37,38,45,46,59,60,61,67,68,72,73,79,80,82,91,99,100,101,102,103,120,122,123,124,125,126,145,146,147,148,149,158,169,170,171,172,173,192,193,194,195,212,213,215,216,217,232,234,235,236,237,238,239,240,256,257,258,259,261,262,263,277,278,279,280,282,283,302
293,293,69
2,37,38,45,46,57,59,60,61,67,72,73,79,80,82,99,100,101,102,103,106,122,123,124,125,126,127,145,146,147,148,149,150,169,170,171,172,192,193,194,195,212,213,215,216,217,234,235,236,237,238,239,240,256,257,258,259,260,261,262,263,277,278,279,280,282,283,302,324
116,116,69
2,37,38,45,46,47,57,58,59,60,61,67,68,73,79,80,83,99,100,101,102,103,106,122,123,125,126,127,128,145,146,147,148,149,150,151,169,170,171,172,192,193,194,195,212,213,215,216,217,235,236,237,238,239,240,257,258,259,261,262,263,277,278,279,280,282,283,302,324
123,123,68
2,37,45,46,57,58,59,60,61,67,68,73,79,80,82,91,99,100,101,102,103,122,123,124,125,126,127,128,145,146,147,148,149,150,151,169,170,171,172,192,193,194,195,213,215,216,217,235,236,237,238,239,240,256,257,258,259,261,262,263,269,277,278,279,280,282,283,302
457,457,68
2,37,38,45,46,57,58,59,60,61,67,68,73,79,80,83,92,99,100,101,102,103,105,106,122,123,125,126,127,128,146,147,148,149,150,151,152,169,170,171,172,173,192,193,194,195,213,215,216,217,235,236,237,238,239,240,257,258,261,262,263,277,278,279,280,282,283,302
141,141,56
37,45,46,57,58,59,60,61,79,80,81,84,100,101,102,103,106,122,123,124,125,126,127,146,147,148,149,150,151,153,154,170,171,172,173,176,192,193,194,195,215,216,217,237,238,239,240,257,260,261,262,263,277,280,282,283
196,196,58
37,38,47,58,59,60,61,80,81,101,102,103,104,106,122,123,125,126,127,128,129,147,148,149,150,151,170,171,172,173,176,192,193,194,195,214,215,216,217,236,237,238,239,240,257,258,259,260,261,262,263,277,280,282,283,299,300,304
14,14,59
5,37,38,46,57,58,59,60,61,80,81,82,83,101,102,103,104,122,123,124,125,126,127,128,129,147,148,149,150,170,171,172,192,193,194,195,214,215,216,217,237,238,239,240,257,258,259,260,261,262,263,277,279,282,283,299,300,301,304
269,269,59
37,57,58,59,60,79,80,81,82,83,101,102,103,104,106,122,123,125,126,127,128,130,147,148,149,150,151,170,171,172,173,176,192,193,194,195,214,215,216,217,237,238,239,240,257,258,259,260,261,262,263,277,278,279,282,283,299,300,304
492,492,58
37,57,58,59,60,61,80,81,82,101,102,103,104,105,106,122,123,124,125,126,127,128,130,147,148,149,150,151,152,170,171,172,173,192,193,194,195,215,216,217,237,238,239,240,259,260,261,262,263,277,278,279,282,283,299,300,301,304
492,492,57
37,57,58,59,60,79,80,81,82,83,102,103,104,105,106,122,125,126,127,128,147,148,149,150,151,153,170,171,172,173,175,192,193,194,195,196,214,215,216,217,237,238,239,240,259,260,261,262,263,277,278,279,282,283,299,300,301
563,563,58
57,58,59,60,61,80,81,82,101,102,103,104,106,107,123,124,125,126,127,128,130,145,147,148,149,150,151,152,153,154,170,171,172,173,192,193,194,195,215,216,217,237,238,239,240,259,260,261,262,263,277,278,279,282,299,300,303,304
4,4,55
37,57,58,59,60,80,81,82,100,103,104,105,106,107,125,126,127,128,130,147,148,149,150,151,153,154,170,171,172,173,176,192,193,194,195,196,215,216,217,237,238,239,240,260,261,262,263,277,278,279,282,299,300,301,304
503,503,55
10,57,58,59,61,80,81,82,101,102,103,104,106,107,123,125,126,127,128,130,147,148,149,150,151,153,154,170,171,172,173,176,192,193,194,195,215,216,217,237,238,239,240,260,261,262,277,278,279,282,299,300,301,303,304
278,278,47
58,59,80,81,82,103,104,105,106,107,125,126,127,129,130,147,148,149,150,152,154,170,171,172,176,192,193,194,195,215,216,217,237,238,239,240,260,261,262,263,277,278,279,282,300,301,303
370,370,51
2,35,38,57,58,59,60,61,81,82,103,104,105,106,107,126,127,148,149,150,152,154,171,172,173,176,193,194,195,214,215,216,217,237,238,239,240,259,260,261,262,263,278,279,281,282,283,299,300,301,303
146,146,50
2,34,35,57,58,59,60,61,81,82,104,105,107,126,127,147,148,149,150,151,152,153,171,172,173,192,193,194,195,215,216,217,237,238,239,240,259,260,261,262,263,277,278,279,281,282,283,299,300,301
330,330,51
2,35,57,58,59,60,61,81,82,103,104,105,106,107,126,127,148,149,150,151,152,153,171,172,173,176,192,193,194,195,214,215,216,217,237,238,239,240,259,260,261,262,263,278,279,281,282,299,300,301,303
141,141,51
35,57,58,59,60,61,81,82,83,104,105,106,107,126,127,129,147,148,149,150,151,152,153,171,172,173,176,193,194,195,215,216,217,237,238,239,240,259,260,261,262,263,278,279,281,282,284,285,300,301,303
117,117,51
2,16,57,58,59,60,81,82,83,103,104,105,106,126,127,129,130,148,149,150,151,152,171,172,173,193,194,195,215,216,217,237,238,239,240,259,260,261,262,263,277,278,279,281,282,283,284,299,300,301,303
117,117,52
39,58,59,60,81,82,83,103,104,105,106,126,127,128,147,148,149,150,151,152,171,172,173,193,194,195,215,216,217,220,237,238,239,240,259,260,261,262,263,278,279,281,282,283,284,285,300,301,302,303,305,308
354,354,50
154,175,176,194,195,196,197,198,216,217,218,219,220,237,238,239,240,241,242,259,260,261,262,263,264,278,279,280,281,282,283,284,285,286,300,301,302,303,304,305,306,307,308,324,325,326,327,328,329,330
372,372,82
22,85,86,88,107,108,109,127,128,129,130,131,148,149,150,151,152,153,154,170,171,172,173,174,176,191,192,193,194,195,196,213,214,215,216,217,218,219,234,235,236,237,238,239,240,255,256,257,258,259,260,261,262,277,278,279,280,281,282,283,284,285,286,299,300,301,302,303,304,305,306,307,308,321,322,323,324,325,326,327,328,329
523,523,134
13,14,16,33,34,35,36,37,54,55,56,57,58,59,60,61,76,77,78,79,80,81,82,83,97,98,99,100,101,103,104,105,119,120,121,122,123,124,125,126,127,141,142,143,144,145,146,147,148,149,150,163,164,165,166,167,168,169,170,171,172,185,186,187,188,189,190,191,193,194,204,207,208,209,210,211,212,213,215,216,226,227,228,229,230,231,232,233,234,235,238,247,248,249,250,251,252,253,254,255,256,257,259,261,269,270,271,272,273,274,275,276,277,278,279,281,291,292,293,294,295,296,297,298,299,300,301,313,315,316,317,318,319,320
532,532,135
2,3,4,5,6,7,8,9,10,11,12,23,24,25,26,27,28,29,30,31,32,33,34,45,46,47,48,49,50,51,52,53,54,55,67,68,69,70,71,72,73,74,75,76,77,89,90,91,92,93,94,95,96,97,98,99,100,111,112,113,114,115,116,117,118,119,120,133,134,135,136,137,138,139,140,141,142,155,156,157,158,159,160,161,162,163,177,178,179,180,181,182,183,184,185,199,200,201,202,203,204,205,206,221,222,223,224,225,226,229,243,244,245,246,247,248,249,265,266,267,268,269,270,271,287,288,289,290,291,292,309,310,311,312,313
530,530,123
1,2,3,4,5,6,7,8,9,10,11,12,13,23,24,25,26,27,28,29,30,31,32,33,34,35,36,45,46,47,48,49,50,51,52,53,67,68,69,70,71,72,73,74,75,76,89,90,91,92,93,94,95,96,97,98,111,112,113,114,115,116,117,118,119,133,134,135,136,137,138,139,140,141,155,156,157,158,159,160,161,162,177,178,179,180,181,182,183,199,200,201,202,203,204,205,221,222,223,224,225,226,242,243,244,245,246,247,248,265,266,267,268,269,287,288,289,290,291,309,310,311,312
369,369,117
1,2,3,4,5,6,7,8,9,10,11,12,16,17,23,24,25,26,27,28,29,30,31,33,34,35,37,39,45,46,47,48,49,50,51,52,53,61,63,67,68,69,70,71,72,73,74,75,82,83,85,89,90,91,92,93,94,95,96,111,112,113,114,115,116,117,133,134,135,136,137,138,149,150,155,156,157,158,159,160,177,178,179,180,181,193,199,200,201,202,203,215,216,217,221,222,223,224,225,237,238,243,244,245,246,260,265,266,267,282,283,287,288,289,302,309,310
338,338,115
1,2,3,4,5,6,7,8,9,10,12,13,14,15,16,17,18,19,20,23,24,25,26,27,28,29,32,33,34,35,36,37,38,39,40,41,42,45,46,47,48,49,50,51,57,59,60,61,62,63,64,67,68,70,81,82,83,84,85,86,89,90,91,105,106,107,111,112,113,114,125,127,128,129,133,134,135,136,149,150,155,156,171,172,177,178,179,193,194,199,200,201,215,216,217,222,229,237,238,251,259,260,262,279,280,281,282,283,285,300,301,302,303,304,305
563,563,109
1,2,3,4,5,6,7,8,9,10,11,12,13,14,15,16,17,18,19,20,21,23,24,25,26,27,28,30,32,33,34,35,36,37,38,39,40,41,44,45,48,52,55,58,59,60,61,62,63,67,68,81,82,83,84,85,86,89,90,91,105,106,107,111,113,124,128,133,134,149,150,151,152,155,171,172,177,178,193,194,198,199,200,201,215,216,217,237,238,239,250,251,252,259,260,261,262,279,281,282,283,284,285,301,302,303,304,305,306
353,353,101
1,2,3,4,5,6,8,9,10,16,17,18,19,20,23,25,26,27,28,37,38,39,40,41,42,44,45,49,50,60,61,62,63,64,65,82,83,84,85,86,87,88,90,105,106,107,108,112,113,127,128,129,130,149,150,152,153,155,171,172,174,177,178,193,194,195,199,200,201,215,216,217,237,238,239,251,259,260,261,262,263,279,280,281,282,283,284,285,286,301,302,303,304,305,306,307,322,323,325,327,328
319,319,97
1,4,8,9,10,14,15,16,17,18,19,20,21,22,26,27,32,34,37,38,39,40,41,42,43,44,45,60,61,62,63,64,65,66,82,83,84,85,86,88,105,106,107,108,128,129,130,131,149,150,151,152,153,154,171,172,174,175,176,178,193,194,197,198,215,216,217,219,220,230,237,238,239,241,251,259,260,261,262,263,279,281,282,283,284,285,286,301,302,303,304,305,306,307,323,327,328
536,536,95
4,8,9,11,12,15,16,17,18,19,20,21,22,26,32,34,37,38,39,40,41,42,43,44,60,61,62,63,64,65,82,83,84,85,86,88,105,106,107,108,109,128,129,130,131,149,150,151,152,153,154,171,172,175,176,193,194,197,198,215,216,217,218,220,237,238,239,241,251,259,260,261,262,274,279,280,281,282,283,284,285,286,302,303,304,305,306,307,308,309,322,323,325,327,328
421,421,91
11,12,14,15,16,17,18,19,20,21,22,35,36,37,38,39,40,41,42,43,44,57,60,61,62,63,64,65,66,83,84,85,86,88,105,106,107,108,127,128,129,149,150,151,152,154,171,172,174,193,194,195,196,215,216,217,230,237,238,239,251,252,255,259,260,261,262,273,276,277,278,279,280,281,282,283,284,300,301,302,303,304,305,306,307,320,321,322,323,324,327
264,264,98
9,10,15,16,17,18,19,20,21,22,36,37,38,39,40,41,42,43,59,60,61,62,63,64,65,81,82,83,84,85,105,106,107,126,128,129,130,131,132,148,150,151,153,154,156,169,170,171,172,173,174,175,176,190,191,194,195,196,197,198,210,211,212,213,216,217,219,220,231,232,233,234,235,238,239,243,251,252,253,257,260,261,262,271,272,273,274,275,283,284,302,303,305,306,307,323,324,327
89,89,95
9,15,16,17,18,19,20,21,22,35,37,38,39,40,41,42,43,44,60,61,62,63,64,65,81,83,84,85,87,105,106,107,108,109,111,127,128,129,130,131,132,149,150,151,152,153,170,171,172,173,175,176,190,194,195,196,197,198,210,211,212,216,217,219,220,231,232,233,234,238,239,243,251,252,253,254,256,260,261,262,270,271,272,273,274,283,284,303,305,306,307,322,323,327,328
307,307,95
8,9,15,16,17,18,19,20,21,22,35,36,37,38,39,40,41,42,43,44,58,59,60,61,62,63,64,65,66,82,83,84,85,87,105,106,107,109,110,111,126,127,128,129,130,131,132,150,151,152,153,154,170,171,172,173,174,175,176,191,194,195,196,197,198,210,211,212,216,217,218,219,220,231,232,233,234,238,239,243,252,253,260,261,272,273,274,283,284,295,305,306,307,323,324
331,331,92
9,14,15,17,18,19,20,21,22,36,37,38,39,40,41,42,43,44,59,60,61,62,63,65,81,82,83,84,85,104,105,106,107,108,109,111,128,129,130,131,148,149,150,151,152,153,154,171,172,173,174,175,176,194,195,196,197,198,210,211,216,217,218,219,220,231,232,233,234,235,238,239,240,252,253,260,261,272,273,274,275,283,284,302,303,305,306,307,323,324,327,328
323,323,92
9,15,16,17,18,19,20,21,22,35,36,37,38,39,40,41,42,43,44,59,60,61,62,63,81,82,83,84,85,87,105,106,107,108,126,127,128,129,130,131,132,150,151,152,153,154,170,171,172,173,174,175,176,191,194,195,196,197,198,210,211,212,216,217,218,219,220,231,232,233,234,238,239,240,243,252,253,254,255,256,260,261,272,273,274,283,284,305,306,307,323,324
246,246,89
10,12,15,16,17,18,19,20,21,22,29,35,36,37,38,39,40,41,42,59,60,61,62,63,82,83,84,85,104,105,106,107,108,109,127,128,129,130,131,132,149,150,151,152,153,154,171,172,173,174,175,176,190,194,195,196,197,198,210,211,216,217,218,219,220,231,232,233,234,238,239,240,243,252,253,260,261,272,273,274,283,284,301,302,305,306,307,323,324
3,3,89
9,12,15,17,18,19,20,21,22,36,38,39,40,41,42,59,60,61,62,63,82,83,84,85,86,104,105,106,107,108,114,127,128,129,130,131,148,149,150,151,152,153,154,170,171,172,173,174,175,176,194,195,196,197,198,210,211,212,216,217,218,219,220,231,232,233,234,238,239,240,241,243,252,253,260,261,272,273,274,275,283,284,301,302,303,305,306,307,324
3,3,86
6,9,14,16,17,18,19,20,21,22,36,37,38,39,40,41,42,59,61,62,63,82,83,84,85,105,106,107,108,127,128,129,130,131,150,151,152,153,154,171,172,173,174,175,176,194,195,196,197,198,210,211,216,217,218,219,220,231,232,233,234,239,240,241,243,252,253,254,256,260,261,272,273,274,279,282,283,284,301,303,305,306,323,324,328,330
561,561,88
10,15,16,17,18,19,20,21,40,62,63,80,83,84,85,86,100,104,105,106,107,108,127,128,129,131,145,146,149,150,151,152,167,168,169,170,171,172,173,174,175,176,190,191,194,195,196,197,198,210,211,212,213,215,216,217,218,219,220,231,232,233,234,237,238,239,240,241,243,252,253,255,257,260,261,262,263,264,273,274,276,279,283,301,305,306,307,330
227,227,85
8,9,18,30,31,32,33,53,54,55,62,63,79,80,83,84,85,104,105,106,107,127,128,129,145,148,149,150,151,168,170,171,172,173,174,175,190,191,192,193,194,195,197,198,210,211,212,213,214,216,217,218,219,220,231,232,233,234,235,236,238,239,240,241,242,252,253,254,255,256,257,258,259,274,275,276,278,279,282,283,300,301,306,324,328
119,119,84
8,9,31,32,40,52,53,55,62,79,80,83,84,85,104,105,106,107,123,126,127,128,129,145,149,150,151,152,167,168,169,170,171,172,173,174,175,189,190,191,194,195,197,198,210,211,212,213,214,215,216,217,218,219,220,231,232,233,234,235,237,238,239,241,242,252,253,254,255,256,257,260,261,262,274,275,276,279,282,283,305,306,329,330
461,461,80
7,8,9,10,31,53,54,55,62,77,83,84,100,104,105,106,107,123,127,128,129,148,149,150,151,167,168,169,170,171,172,173,189,190,191,193,194,195,196,197,198,210,211,212,213,214,216,217,218,219,220,231,232,233,234,235,238,239,252,253,254,255,256,257,258,259,261,273,274,275,276,278,279,282,284,301,305,306,323,324
571,571,77
8,9,25,30,31,77,83,84,100,104,105,106,107,123,126,127,128,129,145,149,150,151,156,168,169,170,171,172,173,178,189,190,191,192,193,194,195,197,198,210,211,212,213,214,216,217,218,231,232,233,234,235,236,239,250,252,253,254,255,256,257,259,260,261,262,274,275,276,278,279,281,282,283,284,305,324,328
545,545,73
83,84,85,99,104,105,106,107,123,125,126,127,128,129,145,148,149,150,151,152,156,167,168,169,170,171,172,173,174,189,190,191,192,193,194,195,197,198,210,211,212,213,214,215,216,217,218,231,232,233,234,235,236,239,251,252,253,254,255,256,257,258,261,274,275,276,282,283,284,305,323,324,328
375,375,73
62,83,84,104,105,106,107,123,125,126,127,128,129,145,147,149,150,151,152,156,167,168,169,170,171,172,173,189,190,191,193,194,195,197,198,210,211,212,213,214,216,217,218,231,232,233,234,235,236,237,239,250,252,253,254,255,256,257,259,260,261,273,274,275,276,277,282,283,284,296,305,324,328
528,528,71
62,83,84,104,105,106,107,115,125,126,127,128,129,145,148,149,150,151,152,156,167,168,169,170,171,172,173,174,189,190,191,193,194,195,196,197,198,210,211,212,213,214,216,217,218,231,232,233,234,235,239,251,252,253,254,255,256,257,258,261,272,274,275,276,283,284,296,305,323,325,328
347,347,72
62,83,84,85,104,105,106,107,125,126,127,128,129,143,145,147,148,149,150,151,152,156,168,170,171,172,173,174,177,189,190,191,193,194,195,196,197,198,210,211,212,213,214,216,217,218,231,232,233,234,235,236,239,250,251,252,253,254,255,256,257,258,261,274,275,276,277,283,305,323,324,328
469,469,70
14,15,20,21,22,36,37,41,43,44,60,62,65,66,83,84,85,88,104,105,106,107,126,127,128,148,150,171,172,173,190,191,194,195,197,198,210,211,212,213,217,218,219,220,231,232,233,234,235,239,242,249,252,253,254,255,256,257,261,273,274,275,276,283,284,285,304,305,306,312
237,237,72
60,61,62,83,84,85,104,105,106,107,127,128,129,149,150,151,152,168,169,171,172,173,174,189,190,191,193,194,195,196,197,198,210,211,212,213,214,215,216,217,219,231,232,233,234,235,236,237,238,239,240,253,254,255,256,257,258,259,261,275,276,277,278,281,283,290,297,311,312,323,324,325
329,329,75
14,22,24,37,41,44,60,61,62,63,82,83,84,85,104,105,106,107,125,127,128,129,150,151,152,154,168,169,171,172,173,174,189,190,191,193,194,195,196,197,198,210,211,212,213,214,216,217,219,231,232,233,234,235,236,239,253,254,255,256,257,258,260,261,274,275,276,277,278,279,283,284,323,324,325
461,461,77
19,41,60,61,62,63,82,83,84,85,104,105,106,107,125,126,127,128,129,130,147,149,150,151,152,154,168,169,171,172,173,174,175,189,190,191,193,194,195,196,197,198,210,211,212,213,214,215,216,217,218,219,231,232,233,234,235,236,237,239,252,253,254,255,256,257,258,261,275,276,277,278,283,323,324,325,326
347,347,80
14,19,37,41,42,43,44,61,62,63,81,82,83,84,85,104,105,106,107,108,110,125,127,128,129,130,131,149,150,151,152,153,154,156,168,169,171,172,173,174,175,189,190,191,193,194,195,196,197,198,210,211,212,213,217,218,219,230,231,232,233,234,235,238,239,253,254,255,256,257,258,261,274,275,276,277,278,283,324,325
402,402,82
19,41,45,60,61,62,63,64,81,82,83,84,85,86,104,105,106,107,108,125,126,127,128,129,130,132,147,148,149,150,151,152,154,168,169,170,171,172,173,174,175,176,189,190,191,193,194,195,196,197,198,210,211,212,213,216,217,218,219,231,232,233,234,235,236,239,252,253,254,255,256,257,259,261,275,276,277,278,283,323,325,326
346,346,84
14,19,20,37,38,41,42,60,61,62,63,64,81,82,83,84,85,86,87,104,105,106,107,108,110,125,127,128,129,130,131,147,150,151,152,154,169,171,172,173,174,175,176,189,190,193,194,195,196,197,198,210,211,212,213,214,216,217,218,219,230,231,232,233,234,235,238,239,252,253,254,255,256,257,258,261,274,275,276,277,283,305,318,325
90,90,84
19,40,41,42,60,61,62,63,64,81,82,83,84,85,86,103,104,105,106,107,108,110,125,127,128,129,130,131,147,149,150,151,152,154,168,169,170,171,172,173,174,175,176,189,190,191,192,193,194,195,196,197,198,210,211,212,213,216,217,218,219,231,232,233,234,235,239,253,254,255,256,257,261,275,276,277,281,283,297,305,323,324,325,326
247,247,85
18,19,40,41,42,44,60,62,63,64,82,83,84,85,86,88,104,105,106,107,108,110,125,126,127,128,129,130,132,147,148,150,151,152,153,154,168,169,170,171,172,173,174,175,176,183,189,190,193,194,195,196,197,198,210,211,212,213,216,217,218,219,230,231,232,233,234,235,236,239,242,252,253,254,255,256,257,258,261,274,275,276,277,278,325
239,239,81
17,18,19,20,21,22,35,40,41,42,43,57,58,59,64,79,80,81,82,83,84,87,88,103,104,105,106,125,126,127,128,129,147,149,150,151,152,168,169,170,171,172,173,174,188,189,190,191,193,194,195,196,210,211,212,213,214,217,231,232,233,234,235,238,239,240,252,253,254,255,256,257,261,262,274,275,276,277,283,323,325
356,356,87
15,16,17,18,19,20,21,22,35,37,38,39,40,41,42,43,44,57,58,59,60,61,62,63,64,65,66,79,80,81,82,83,84,85,86,87,88,103,104,105,106,107,108,109,110,125,126,127,128,129,130,131,132,148,149,150,151,152,154,172,173,174,175,176,192,194,195,196,197,198,216,217,218,219,220,232,233,234,235,239,240,241,242,253,254,255,262
239,239,93
15,16,17,18,19,20,21,22,38,39,40,41,42,43,44,58,59,60,61,62,63,64,65,66,80,81,82,83,84,85,86,87,88,102,103,104,105,106,107,108,109,110,125,126,127,128,129,130,131,132,148,149,150,151,152,153,154,171,172,173,174,175,176,194,195,196,197,198,212,216,217,218,219,220,231,232,233,234,235,239,240,241,242,253,254,255,256,262,263,264,276,277,286
330,330,99
15,16,17,18,19,20,21,22,37,38,39,40,41,42,43,44,59,60,61,62,63,64,65,66,80,81,82,83,84,85,86,87,88,102,103,104,105,106,107,108,109,110,125,126,127,128,129,130,131,132,148,149,150,151,152,153,154,171,172,173,174,175,176,193,194,195,196,197,198,215,216,217,218,219,220,232,233,234,235,236,237,238,239,240,241,242,254,255,261,262,263,264,280,283,284,285,286,305,308
371,371,109
13,14,15,16,17,18,19,20,21,22,35,36,37,38,39,40,41,42,43,44,57,58,59,60,61,62,63,64,65,66,79,80,81,82,83,84,85,86,87,88,102,103,104,105,106,107,108,109,110,125,126,127,128,129,130,131,132,148,149,150,151,152,153,154,170,171,172,173,174,175,176,192,193,194,195,196,197,198,213,215,216,217,218,219,220,231,232,235,237,238,239,240,241,242,254,256,261,262,263,264,282,283,284,285,286,305,308,309,330
243,243,130
12,14,16,17,18,19,20,21,22,34,35,37,38,39,40,41,42,43,44,56,57,59,60,61,62,63,64,78,79,80,81,82,83,84,85,86,88,101,102,103,104,105,106,107,108,109,110,123,124,125,126,127,128,129,130,131,132,145,146,147,148,149,150,151,152,153,154,168,169,170,171,172,173,174,175,176,190,191,192,193,194,195,196,197,198,213,214,215,216,217,218,219,232,233,234,235,236,237,238,239,240,254,255,257,258,259,260,261,262,263,280,281,282,283,284,285,286,302,303,304,305,306,307,308,309,326,327,328,329,330
532,532,138
6,7,8,9,29,30,32,35,38,52,53,54,55,57,58,59,60,61,73,74,75,76,77,79,80,81,82,83,96,97,98,99,100,101,102,103,104,105,106,119,120,121,122,123,124,125,126,127,128,129,142,143,144,145,146,147,148,149,150,151,164,165,166,167,168,169,170,171,172,173,174,186,187,188,189,190,191,192,193,194,195,196,208,209,210,211,212,213,214,215,216,217,231,232,233,234,235,236,237,238,239,240,253,254,255,256,257,258,259,260,261,262,275,276,277,278,279,280,281,282,283,298,299,300,301,302,303,304,305,320,321,322,323,324,325,326,327,328
541,541,121
1,2,3,4,5,7,23,24,25,26,27,28,45,46,47,48,49,50,67,68,69,70,71,73,74,89,90,91,92,93,95,111,112,113,114,115,133,134,135,136,138,155,156,157,158,159,177,178,179,180,181,186,187,199,200,201,202,203,204,208,209,210,221,223,224,225,226,227,230,231,232,233,234,245,246,247,248,249,250,251,252,253,254,255,256,267,268,269,270,271,272,273,274,275,276,277,289,290,291,292,293,294,295,296,297,298,299,300,311,312,313,314,315,316,317,318,319,320,321,322,323
298,298,94
1,2,3,4,23,24,25,26,45,46,47,48,66,67,68,69,70,89,90,91,92,111,112,113,114,133,134,135,155,156,157,177,178,179,180,185,199,200,201,202,203,207,208,209,221,222,223,224,225,226,231,232,243,244,245,246,247,248,249,250,253,254,255,265,266,267,268,269,270,271,274,275,276,287,288,289,290,291,292,293,294,296,297,300,309,310,311,312,313,314,315,316,318,322
383,383,84
2,18,19,23,24,40,45,47,59,60,62,63,67,68,82,83,84,90,104,105,106,107,111,126,127,128,129,148,149,150,151,155,171,172,173,174,190,191,192,193,194,195,196,210,213,214,215,216,217,231,232,233,234,235,236,237,238,239,246,254,255,256,257,258,259,265,267,268,269,277,278,279,280,287,288,289,290,291,302,309,310,311,312,313
252,252,73
2,11,13,14,16,18,19,37,40,41,42,60,61,62,63,64,67,83,84,85,105,106,107,108,124,125,127,128,129,130,146,147,148,149,150,151,152,170,171,172,173,174,175,193,194,195,196,197,214,215,216,218,231,232,236,237,238,246,254,255,256,257,258,259,260,269,277,278,279,280,291,302,324
116,116,67
11,13,14,16,19,33,37,39,40,41,59,60,61,62,63,67,83,84,85,105,106,107,127,128,129,146,147,148,149,150,151,152,170,171,172,173,174,193,194,195,196,197,214,215,216,218,219,231,232,235,236,237,238,239,251,254,255,256,257,258,259,260,277,278,279,280,302
266,266,64
2,13,14,16,19,35,37,39,40,41,42,59,60,61,62,63,83,84,85,103,105,106,107,125,126,127,128,129,146,147,148,149,150,151,170,171,172,173,174,193,194,195,196,197,214,215,216,218,231,232,236,237,238,254,255,256,258,259,260,277,278,279,280,302
151,151,61
13,14,16,19,33,35,37,38,40,41,42,59,62,63,81,82,83,84,85,103,105,106,107,125,127,128,129,146,148,149,150,151,152,171,172,173,174,193,194,195,196,197,214,215,216,218,231,232,236,237,239,254,256,257,258,277,278,279,280,286,302
468,468,58
11,13,14,16,17,20,35,37,38,40,41,42,59,62,63,81,83,84,85,105,106,107,125,127,128,129,146,147,148,149,150,151,152,171,172,173,174,193,194,195,214,215,216,231,232,236,237,254,255,256,257,258,260,277,278,279,280,302
107,107,58
13,14,16,18,19,35,37,38,39,40,41,59,60,61,62,63,81,83,84,85,105,106,107,126,127,128,129,147,148,149,150,151,152,170,171,172,173,174,193,194,195,197,214,215,216,231,232,237,239,255,257,258,259,260,277,278,279,280
494,494,58
13,14,16,18,19,35,36,37,38,39,40,41,42,59,60,61,62,63,81,82,83,84,85,105,106,107,125,127,128,129,146,148,149,150,151,152,171,172,173,193,194,195,214,215,231,232,237,254,256,257,258,259,277,278,279,280,281,302
253,253,58
12,13,14,15,16,17,18,19,35,37,38,39,40,41,42,59,60,62,63,81,83,84,85,105,106,107,125,127,128,129,146,148,149,150,151,152,171,172,173,174,192,193,194,195,215,217,231,232,237,240,254,258,259,277,278,279,280,302
235,235,54
13,14,15,16,17,18,19,35,37,38,39,40,41,42,60,62,63,83,84,85,105,106,107,124,127,128,129,146,148,149,150,151,152,171,172,173,193,194,195,214,215,236,240,255,257,258,276,277,278,279,280,300,301,302
143,143,56
13,14,15,16,18,37,38,39,40,41,42,60,61,62,64,82,83,84,85,104,105,106,107,125,126,127,128,129,146,147,148,149,150,151,152,169,170,171,172,173,174,192,193,194,215,216,254,255,256,257,276,277,278,279,280,300
268,268,57
13,14,15,16,17,18,37,38,39,40,41,42,60,62,63,82,83,84,85,104,105,106,107,126,127,128,129,146,147,148,149,150,151,152,170,171,172,173,174,190,192,193,194,215,216,233,234,254,255,256,257,258,276,277,278,279,280
113,113,56
13,14,15,16,17,37,38,39,40,42,60,61,62,64,78,82,83,84,85,104,105,106,107,125,126,127,128,129,130,147,148,149,150,151,152,169,170,171,172,173,174,189,191,192,193,194,215,254,255,256,257,276,277,278,279,280
113,113,55
13,14,15,16,17,37,38,39,40,41,42,60,62,82,83,84,85,104,105,106,107,126,127,128,129,146,147,148,149,150,151,152,170,171,172,173,175,192,193,194,195,215,216,218,233,234,254,255,256,257,276,277,278,279,280
79,79,55
13,14,15,16,17,18,38,39,59,60,62,82,83,84,85,104,105,106,107,125,126,127,128,129,130,146,147,148,149,150,151,152,168,169,170,171,172,173,189,192,193,194,215,216,218,234,254,255,256,257,276,277,278,279,280
157,157,55
13,14,15,16,17,37,38,39,40,60,62,63,82,83,84,85,104,105,106,107,126,127,128,129,146,147,148,149,150,151,152,169,170,171,172,173,189,191,192,193,194,195,215,216,233,254,255,256,257,276,277,278,279,280,281
401,401,55
13,14,15,16,17,37,38,39,41,60,62,82,83,84,85,104,105,106,107,125,126,127,128,129,146,147,148,149,150,151,152,169,170,171,172,173,174,190,192,193,194,211,212,215,234,254,255,256,257,258,276,277,278,279,280
122,122,55
13,14,15,16,18,35,37,38,39,41,60,61,62,82,83,84,85,104,105,106,107,126,127,128,129,147,148,149,150,151,152,168,169,170,171,172,173,189,192,193,194,215,216,218,254,255,256,257,258,276,277,278,279,280,281
421,421,44
13,14,15,16,41,82,83,84,85,104,105,106,107,125,126,127,128,129,147,148,149,150,152,169,170,171,172,189,192,193,194,215,218,233,234,254,255,256,257,277,278,279,280,281
550,550,47
16,38,39,61,83,84,85,105,106,107,126,127,128,146,147,148,149,150,152,168,169,170,171,172,190,191,192,193,194,195,212,214,215,234,236,237,254,255,256,258,277,278,280,281,300,302,303
107,107,47
15,16,38,39,60,61,64,83,85,104,105,106,107,125,126,127,128,146,147,148,149,150,152,169,170,171,172,173,191,192,193,194,214,215,234,237,254,255,256,257,277,278,279,280,281,302,303
237,237,47
16,38,39,61,63,64,83,84,85,104,105,106,107,126,127,128,148,149,150,152,168,169,170,171,172,190,191,192,193,194,212,214,215,234,254,255,256,258,276,277,278,279,280,281,302,303,322
26,26,48
16,38,39,60,61,64,84,85,105,106,107,126,127,128,146,147,148,149,150,169,170,171,172,191,192,193,194,211,212,214,215,218,232,234,235,254,255,256,257,258,276,277,278,279,280,281,302,303
342,342,48
16,38,39,59,61,64,85,104,105,106,107,126,127,128,147,148,149,150,169,170,171,172,189,190,191,192,193,194,195,212,215,218,233,234,254,255,256,257,258,276,277,278,279,280,281,282,302,303
275,275,49
15,16,38,39,60,61,64,83,85,104,105,106,107,126,127,128,147,148,149,169,170,171,172,189,190,191,192,193,194,212,214,215,218,232,234,254,255,256,257,258,276,277,278,279,280,281,282,302,303
323,323,53
132,154,171,172,174,175,176,194,195,196,197,198,215,216,217,218,219,220,237,238,239,240,241,242,257,258,259,260,261,262,263,264,280,281,282,283,284,285,286,302,303,304,305,306,307,308,324,325,326,327,328,329,330
278,278,82
22,43,64,65,79,85,86,105,106,107,126,127,128,129,130,148,149,150,151,152,169,170,171,172,173,174,176,191,192,193,194,195,196,212,213,214,215,216,217,218,219,234,235,236,237,238,239,240,255,256,257,258,259,260,262,277,278,279,280,281,282,285,298,299,300,301,302,303,304,305,306,308,320,321,322,323,324,325,326,327,328,330
540,540,130
12,13,14,15,16,17,18,19,34,35,36,37,38,39,56,57,58,59,60,61,77,78,79,80,81,82,83,98,99,100,101,102,103,104,105,106,120,121,122,123,124,125,126,127,142,143,144,145,146,147,148,149,164,165,166,167,168,169,170,171,184,185,186,187,188,189,190,191,192,193,205,207,208,209,210,211,212,213,214,215,226,227,228,229,230,231,232,233,234,235,248,249,250,251,252,253,254,255,256,257,269,270,271,272,273,274,275,276,277,278,279,291,292,293,294,295,296,297,299,313,314,315,316,317,318,319,320,321,322,330
539,539,135
2,3,4,5,6,7,8,9,10,11,12,13,24,25,26,27,28,29,30,31,32,33,34,45,46,47,48,49,50,51,52,53,54,55,57,67,68,69,70,71,72,73,74,75,76,77,78,89,90,91,92,93,94,95,96,97,98,99,100,111,112,113,114,115,116,117,118,119,120,133,134,135,136,137,138,139,140,141,142,155,156,157,158,159,160,161,162,163,177,178,179,180,181,182,183,184,199,200,201,202,203,204,205,221,222,223,224,225,226,227,243,244,245,246,247,248,249,265,266,267,268,269,270,271,287,288,289,290,291,292,309,310,311,312,313
549,549,122
1,2,3,4,5,6,7,8,9,10,11,23,24,25,26,27,28,29,30,31,32,33,45,46,47,48,49,50,51,52,53,54,55,67,68,69,70,71,72,73,74,75,76,89,90,91,92,93,94,95,96,97,98,104,111,112,113,114,115,116,117,118,119,120,133,134,135,136,137,138,139,140,142,155,156,157,158,159,160,161,162,177,178,179,180,181,182,183,185,199,200,201,202,203,204,221,222,223,224,225,226,243,244,245,246,247,248,265,266,267,268,269,270,287,288,289,291,309,310,311,312,313
337,337,118
1,2,3,4,5,6,7,8,9,10,23,24,25,26,27,28,29,30,31,32,45,46,47,48,49,50,51,52,55,67,68,69,70,71,72,73,74,89,90,91,92,93,94,95,104,107,111,112,113,114,115,116,117,118,120,126,127,128,133,134,135,136,137,138,139,155,156,157,158,159,160,161,170,171,172,177,178,179,180,181,182,191,193,194,195,199,200,201,202,203,221,222,223,224,225,226,234,243,244,245,246,256,257,265,266,267,277,278,279,280,281,287,288,300,302,303,309,310
228,228,116
1,2,3,4,5,6,7,10,16,17,18,22,23,24,25,26,27,28,38,39,41,43,45,46,47,48,50,63,64,65,67,68,69,71,81,82,84,85,86,89,90,91,92,93,98,101,103,104,105,106,107,111,112,113,120,123,124,125,126,127,128,133,134,136,142,146,148,149,150,155,157,168,169,170,171,172,173,177,178,179,181,190,191,193,194,195,199,200,201,212,214,215,216,221,222,223,233,234,235,243,255,256,257,265,277,278,279,280,281,282,299,300,301,302,303,304
306,306,110
1,2,3,4,5,6,7,17,18,20,22,23,24,25,26,27,38,39,40,43,44,45,46,47,48,49,59,63,64,65,67,68,80,81,82,84,85,86,89,90,98,101,102,103,104,105,106,107,108,111,112,113,120,124,125,126,127,128,133,146,147,148,149,150,155,166,168,169,170,171,172,177,178,190,191,192,193,194,195,199,200,201,212,213,214,215,216,221,222,233,234,235,255,256,257,258,259,260,277,278,279,280,281,282,300,301,302,303,304,322
42,42,105
1,2,4,5,6,16,17,18,20,22,23,24,25,38,39,40,42,43,44,45,46,47,59,62,63,64,65,69,82,83,84,85,86,87,88,101,102,103,104,105,106,107,108,109,111,124,125,126,127,128,130,146,147,148,149,150,151,166,168,169,170,171,172,173,177,191,192,193,194,195,212,213,214,215,216,217,218,221,222,233,234,235,237,238,254,255,256,257,258,259,260,277,278,279,280,281,282,283,300,301,302,303,304,305,320
104,104,101
1,16,17,18,20,21,22,38,39,40,41,42,43,44,59,60,61,62,63,64,65,66,82,83,84,85,86,87,88,101,102,103,104,105,106,107,108,109,121,123,124,125,126,127,128,130,142,146,147,148,149,150,154,166,167,168,169,170,171,172,173,177,190,191,192,193,194,195,212,213,215,216,218,233,234,235,236,237,254,255,256,257,258,259,260,276,277,278,279,280,281,282,283,299,300,301,302,303,304,305,326
353,353,97
6,16,18,20,21,22,25,39,40,41,42,43,44,59,61,62,63,64,65,66,82,83,84,85,86,87,88,98,100,101,103,104,105,106,107,108,109,120,123,124,125,126,127,128,130,132,143,146,147,148,149,150,154,167,168,169,170,171,172,173,191,192,193,194,195,212,213,214,215,216,218,233,234,235,236,237,254,255,256,257,258,259,260,277,278,279,280,281,282,283,300,301,302,303,304,305,321
330,330,94
13,14,15,16,17,18,20,21,22,35,36,37,38,39,40,41,42,43,44,58,61,62,63,64,65,66,80,81,82,83,84,85,86,87,98,102,103,104,105,106,107,109,122,125,126,127,128,144,147,148,149,150,155,170,171,172,173,191,192,193,194,195,199,213,214,215,216,217,221,233,234,235,236,237,238,255,256,257,258,259,260,277,278,279,280,281,282,283,300,301,302,303,304,324
73,73,98
12,13,14,15,16,17,18,19,20,21,34,35,36,37,38,39,40,41,42,43,44,54,56,57,58,59,60,61,62,63,64,65,66,78,79,80,81,82,83,84,85,86,87,99,100,101,102,103,104,105,106,107,109,110,117,122,123,124,126,127,128,129,132,138,148,149,150,151,155,163,169,170,171,173,177,191,192,199,215,221,235,243,244,245,260,265,279,281,282,283,299,301,302,303,304,305,306,320
81,81,97
12,13,14,15,16,17,18,19,20,22,33,34,35,36,37,39,40,41,42,43,44,56,57,58,59,60,61,62,63,64,65,66,78,79,80,81,82,83,84,85,86,87,88,101,102,103,104,105,106,107,109,110,122,123,124,125,126,127,128,129,130,132,139,146,148,149,150,151,169,170,171,173,191,195,235,243,244,256,257,259,260,265,278,279,280,281,282,283,299,301,302,303,304,305,306,320,324
246,246,97
13,14,15,16,17,18,19,20,21,34,35,36,37,38,39,41,42,43,44,55,56,57,58,59,60,61,62,63,64,65,66,79,80,81,82,83,84,85,86,87,88,101,102,103,104,105,106,107,108,109,110,122,123,124,126,127,128,129,132,146,147,148,149,150,151,169,170,171,173,176,191,193,195,214,215,235,236,243,245,258,259,260,277,278,279,280,281,282,283,290,301,302,303,304,305,306,324
118,118,95
13,14,15,16,17,18,19,20,21,22,34,35,36,37,39,40,41,42,43,44,56,58,59,61,62,63,64,65,66,79,81,82,83,84,85,86,87,88,101,102,103,104,105,106,107,108,122,124,125,126,127,128,129,130,145,148,149,150,151,152,153,169,170,171,173,174,191,192,193,213,234,235,236,237,243,244,256,257,258,259,260,278,279,280,281,282,283,300,301,302,303,304,305,306,324
223,223,95
5,12,15,16,18,20,21,22,34,35,36,37,38,40,41,42,43,44,54,56,57,58,61,62,63,64,65,66,77,78,79,80,81,82,83,84,85,86,87,88,101,102,103,104,105,106,107,108,110,123,124,125,126,127,128,129,130,145,146,147,148,149,150,151,169,170,171,173,191,193,195,212,213,216,235,236,243,244,256,258,259,260,277,278,279,280,281,282,283,301,302,303,304,305,306
465,465,93
1,10,15,16,17,18,19,21,22,34,35,37,40,41,42,43,44,56,57,59,61,62,63,64,65,66,77,78,79,80,81,82,83,84,85,86,87,101,102,103,104,105,106,107,108,110,124,125,126,127,128,129,145,146,147,148,149,150,151,169,170,171,173,191,192,193,215,216,217,234,235,237,243,244,256,257,258,259,260,277,278,279,280,281,282,283,301,302,303,304,305,306,326
570,570,92
10,16,18,20,21,22,34,35,36,37,39,41,42,43,44,54,56,57,59,60,61,62,63,64,65,77,78,79,80,81,82,83,84,85,86,101,102,103,104,105,106,107,108,110,123,124,125,126,127,128,129,145,146,148,149,150,151,169,170,171,173,191,192,193,195,213,214,216,234,235,236,237,238,243,256,257,258,259,260,279,280,281,282,283,300,301,302,303,304,305,306,326
461,461,88
10,14,16,17,21,22,34,35,36,39,41,42,43,44,56,57,58,59,61,62,63,64,65,66,81,82,83,84,85,86,103,104,105,106,107,108,110,124,126,127,128,129,132,145,147,148,149,150,151,170,171,173,191,192,193,194,213,214,215,216,234,235,236,237,243,244,256,257,258,259,260,277,278,279,280,281,282,283,299,300,301,302,303,304,305,306,319,329
4,4,87
7,8,9,10,11,13,14,15,16,29,30,31,32,33,34,41,44,52,53,54,55,57,58,59,64,75,76,77,78,85,98,101,105,106,117,118,122,123,124,127,128,133,139,140,145,146,148,149,160,161,162,167,169,170,171,173,191,193,194,213,215,234,235,237,243,244,258,259,260,263,278,279,280,281,282,284,301,302,303,304,305,306,307,324,325,326,327
537,537,82
7,8,10,11,12,13,14,15,16,29,30,31,32,35,36,52,53,54,55,57,58,74,75,77,83,98,104,105,106,107,123,124,126,127,128,129,146,147,148,149,150,151,168,169,170,171,173,186,191,192,193,213,214,215,231,236,237,243,256,257,258,259,260,279,280,281,282,283,299,301,302,303,304,305,306,322,324,325,326,327,328,329
464,464,79
8,9,10,12,13,16,29,31,32,33,34,35,36,38,52,53,54,55,57,59,77,78,81,83,101,104,105,106,107,125,127,128,129,145,147,148,149,151,168,169,170,171,173,191,192,193,194,213,214,231,235,236,237,243,256,257,258,259,260,261,277,279,280,281,282,283,301,302,303,304,305,306,322,324,325,326,327,328,329
421,421,76
8,9,10,11,12,13,16,30,31,32,33,34,35,36,52,54,55,58,59,74,77,101,104,105,106,107,125,126,127,128,129,146,147,148,149,150,151,168,169,170,171,172,173,191,192,193,213,214,215,235,236,237,243,256,257,258,259,260,261,278,279,280,281,282,283,301,302,303,305,324,325,326,327,328,329,330
421,421,74
8,9,10,11,12,13,30,31,33,34,35,36,37,53,54,55,56,57,58,59,77,78,79,101,102,104,105,106,107,124,125,126,127,128,129,146,147,148,149,151,168,169,170,171,173,190,191,192,193,213,214,235,236,237,243,256,257,258,259,260,261,278,279,280,281,282,301,302,303,305,324,325,327,328
475,475,71
8,10,11,12,13,14,30,31,32,33,34,35,36,37,54,55,56,57,58,77,100,101,105,106,107,124,126,127,128,129,145,147,148,149,150,151,169,170,171,173,191,192,193,194,213,214,215,229,235,236,237,243,256,257,258,259,260,261,279,280,281,282,301,302,303,304,305,324,325,327,329
347,347,67
8,9,11,12,13,30,31,32,33,34,35,37,48,54,55,56,64,77,83,84,105,106,107,127,128,129,148,149,151,169,170,171,173,190,191,192,193,213,214,215,235,236,237,243,256,257,258,259,260,261,265,278,279,280,281,282,283,301,302,303,304,305,324,325,326,327,328
459,459,67
10,12,13,14,29,32,37,38,64,83,84,105,106,107,126,127,128,129,148,149,150,151,169,170,171,173,189,190,191,192,193,210,213,214,215,221,230,231,234,235,236,237,238,243,256,257,258,259,260,261,268,277,279,280,281,282,283,301,302,303,304,305,324,325,326,327,330
399,399,67
13,14,15,16,21,35,37,38,64,65,83,84,85,105,106,107,126,127,128,129,148,149,150,151,169,170,171,173,190,191,192,193,213,214,215,221,229,230,231,235,236,237,243,256,257,258,259,260,261,274,278,279,280,281,282,283,301,302,303,304,305,324,325,326,327,328,330
381,381,63
10,11,12,13,14,15,16,21,22,33,35,36,37,64,105,106,126,127,128,129,148,149,150,151,170,171,173,187,191,192,193,195,213,214,215,235,236,237,243,256,257,258,259,260,261,278,279,280,281,282,302,303,304,305,306,307,324,325,326,327,328,329,330
391,391,65
14,15,16,21,39,42,43,61,64,83,84,105,106,107,127,128,129,148,149,150,151,169,170,171,172,173,190,191,192,193,194,195,212,213,214,215,216,234,235,236,237,238,256,257,258,259,260,261,279,280,281,282,283,301,302,303,306,308,323,324,325,327,328,329,330
348,348,68
12,13,15,16,17,21,35,41,42,43,44,61,63,64,83,84,85,105,106,107,127,128,129,148,149,150,151,169,170,171,172,173,191,192,193,194,195,213,214,215,216,231,235,236,237,238,256,257,258,259,260,261,279,280,281,282,301,302,303,306,307,323,324,325,327,328,329,330
330,330,71
15,16,17,21,39,41,42,43,44,61,64,83,84,85,105,106,107,110,126,127,128,129,148,149,150,151,169,170,171,172,173,189,190,191,192,193,194,212,213,214,215,216,236,237,238,239,256,257,258,259,260,261,278,279,280,281,282,301,302,303,304,305,306,308,323,324,325,327,328,329,330
336,336,74
13,14,15,16,17,25,37,39,42,43,44,60,61,63,66,83,84,85,105,106,107,126,127,128,129,148,149,150,151,169,170,171,172,173,191,192,193,194,195,213,214,215,216,231,235,236,237,238,256,257,258,259,260,261,278,279,281,282,283,301,302,303,304,306,307,308,323,324,325,326,327,328,329,330
500,500,77
13,14,15,16,21,22,35,39,43,44,59,61,64,66,83,84,85,86,104,105,106,107,126,127,128,129,148,149,150,151,169,170,171,172,173,189,190,191,192,193,194,213,214,215,216,234,236,237,238,256,257,258,259,260,261,278,279,280,281,282,283,300,301,302,303,304,306,307,308,323,324,325,326,327,328,329,330
328,328,80
14,15,16,17,19,21,37,38,39,41,42,43,44,59,61,63,66,82,83,84,85,105,106,107,126,127,128,129,131,148,149,150,151,169,170,171,173,191,192,193,194,195,212,213,214,215,216,231,235,236,237,238,239,256,258,259,260,261,278,279,281,282,283,301,302,303,304,305,306,307,308,320,323,324,325,326,327,328,329,330
493,493,82
13,14,15,16,19,21,35,38,39,42,43,44,60,61,63,64,65,83,84,85,87,105,106,107,109,110,113,126,127,128,129,132,148,149,150,151,154,169,170,171,172,173,189,190,191,192,193,194,213,214,215,216,236,237,238,256,257,258,259,260,261,278,279,280,281,282,283,301,302,303,304,305,307,308,323,324,325,326,327,328,329,330
119,119,84
13,14,15,16,17,19,21,35,36,37,39,42,43,44,61,64,65,66,82,83,84,85,86,87,105,106,107,108,109,110,126,127,128,129,130,131,148,149,150,151,169,170,171,172,173,190,191,192,193,194,195,213,214,215,216,235,236,237,238,239,257,258,259,260,261,281,282,283,301,302,303,304,305,306,307,308,323,324,325,326,327,328,329,330
355,355,77
14,15,16,17,18,19,21,22,36,37,38,39,40,41,58,59,60,61,62,83,84,105,106,117,118,126,127,128,129,148,149,150,151,169,170,171,172,173,176,189,190,191,192,193,194,212,213,214,215,216,236,237,239,256,258,259,260,261,279,280,281,282,283,301,302,303,304,305,320,323,324,325,326,327,328,329,330
501,501,86
12,13,14,15,16,17,18,19,20,21,22,35,36,37,38,39,40,41,42,43,44,57,58,59,60,61,62,63,64,65,66,81,83,84,85,86,87,88,104,105,106,107,108,109,110,126,127,128,129,130,131,132,148,149,150,151,152,153,154,170,171,174,192,193,194,214,215,216,217,236,237,260,281,282,283,286,297,303,304,305,307,308,326,327,328,329
385,385,94
14,15,16,17,18,19,20,21,22,36,37,38,39,40,41,42,43,44,58,59,60,61,62,63,64,65,66,81,82,83,84,85,86,87,88,103,104,105,106,107,108,109,110,126,127,128,129,130,131,132,148,149,150,151,152,153,154,170,171,172,173,174,175,176,192,193,194,195,196,197,198,214,215,216,217,218,219,237,238,260,261,281,282,283,284,285,303,304,305,307,308,325,326,330
329,329,100
14,15,16,17,18,19,20,21,22,37,38,39,40,41,42,43,44,59,60,61,62,63,64,65,66,82,83,84,85,86,87,88,104,105,106,107,108,109,110,126,127,128,129,130,131,132,148,149,150,151,152,153,154,170,171,172,173,174,175,176,192,193,194,195,196,197,198,215,216,217,218,219,220,237,238,239,240,241,242,260,261,262,263,264,282,283,284,285,286,303,304,305,306,307,308,326,327,328,329,330
522,522,108
13,14,15,16,17,18,19,20,21,22,35,36,37,38,39,40,41,42,43,44,58,59,60,61,62,63,64,65,66,80,81,82,83,84,85,86,87,88,103,104,105,106,107,108,109,110,125,126,127,128,129,130,131,132,147,148,149,150,151,152,153,154,170,171,172,173,174,175,176,192,193,194,195,196,197,198,215,216,217,218,219,220,237,238,239,240,241,242,260,261,262,263,264,281,282,283,284,285,286,303,304,305,306,307,308,326,328,330
243,243,129
11,12,14,15,16,17,18,20,21,22,34,35,36,37,38,39,40,41,42,43,44,56,57,58,59,60,61,62,63,64,65,66,80,81,82,83,84,85,86,87,101,102,103,104,105,106,107,108,109,110,123,124,125,126,127,128,129,130,131,132,145,146,147,148,149,150,151,152,153,154,168,169,170,171,172,173,174,175,176,189,190,191,192,193,194,195,196,197,198,212,213,214,215,216,217,218,219,220,235,236,237,238,239,240,241,242,257,258,259,260,261,262,263,264,280,281,282,283,286,302,303,304,305,306,308,309,324,325,326
508,508,138
6,7,8,11,14,29,30,31,32,34,35,36,37,52,53,56,57,58,59,60,61,74,75,78,79,80,81,82,83,96,97,101,102,103,104,105,106,119,123,124,125,126,127,128,129,142,143,144,145,146,147,148,149,150,151,164,165,166,167,168,169,170,171,172,173,174,186,187,188,189,190,191,192,193,194,195,196,208,209,210,211,212,213,214,215,216,217,218,231,232,233,234,235,236,237,238,239,253,254,255,256,257,258,259,260,261,274,275,276,277,278,279,280,281,282,283,284,297,298,299,300,301,302,303,304,305,306,307,319,320,321,322,323,324,325,326,327,328
236,236,122
2,23,24,25,27,45,46,47,48,49,50,67,68,69,70,71,72,89,90,91,92,93,94,95,96,111,112,113,114,115,116,133,134,135,136,137,138,142,155,156,157,158,159,160,165,177,178,179,180,181,182,183,186,187,188,199,200,201,202,203,204,208,210,211,215,222,223,224,225,226,227,228,231,235,236,237,243,245,246,247,248,249,250,251,252,253,254,255,267,268,269,270,271,272,273,274,275,278,279,289,290,291,292,293,294,295,296,297,298,301,313,314,315,316,317,318,319,320,321,322,323,324
301,301,94
1,2,3,23,24,25,26,45,46,47,48,67,68,69,70,89,90,91,92,111,112,113,114,115,133,134,135,137,155,156,157,158,159,171,177,178,179,180,181,182,186,187,193,199,200,201,202,203,215,221,222,223,224,225,226,236,237,243,244,245,246,247,248,249,255,265,266,267,268,269,270,271,272,273,287,288,289,290,291,292,293,294,295,309,310,311,312,313,314,315,316,317,318,323
494,494,77
23,37,45,48,61,67,70,105,107,126,127,129,130,142,145,147,148,149,150,151,152,166,168,169,170,171,172,173,174,187,188,189,190,191,192,193,194,195,209,210,211,212,213,214,215,216,217,234,235,236,237,238,243,256,257,258,259,260,265,278,279,280,281,282,287,291,300,301,302,303,309,310,322,323,324,325,328
346,346,70
2,14,37,38,39,59,60,61,67,105,106,107,121,126,127,128,129,130,143,146,148,149,150,152,165,166,167,168,169,170,171,172,174,187,188,189,190,191,192,193,194,195,196,209,210,211,212,213,214,215,216,217,234,236,237,238,256,258,259,260,265,278,279,287,300,301,306,322,323,328
348,348,64
37,39,59,60,61,105,106,107,126,127,128,129,142,145,146,148,149,150,151,152,165,166,167,168,169,170,171,172,174,187,188,189,190,191,192,193,194,195,209,210,211,212,213,214,215,216,236,237,238,256,257,258,259,260,265,278,279,280,300,301,306,322,323,328
267,267,60
37,38,39,59,60,61,105,106,107,126,127,129,143,145,146,148,149,150,152,165,167,168,169,170,171,172,174,187,188,189,190,191,192,193,194,195,209,210,211,212,214,215,216,235,236,237,238,256,258,259,260,278,279,287,300,301,306,322,323,328
245,245,58
16,37,38,59,60,105,106,107,126,127,128,129,145,146,148,149,150,151,152,166,167,168,169,170,171,172,174,187,188,189,190,191,192,193,194,196,209,210,211,214,215,216,236,237,238,256,257,258,259,260,278,279,300,301,306,322,323,328
117,117,57
15,37,38,59,60,105,106,107,126,127,128,129,146,147,148,149,150,152,167,168,169,170,171,172,174,187,188,189,190,191,192,193,194,195,210,211,212,214,215,216,217,234,235,236,237,238,256,258,259,260,278,279,300,301,306,322,328
99,99,57
15,37,38,39,59,60,105,106,107,127,128,129,130,146,148,149,150,151,152,167,168,169,170,171,172,174,187,188,189,190,191,192,193,194,195,210,211,212,214,215,216,235,236,237,238,256,259,260,279,283,300,301,306,317,322,327,328
151,151,57
15,16,37,38,39,59,60,105,106,107,108,121,127,128,129,130,143,146,147,148,149,150,152,167,168,169,170,171,172,174,187,188,189,190,191,192,193,194,195,196,209,210,211,212,214,215,216,237,259,260,283,300,305,306,322,323,328
151,151,56
15,16,37,38,39,59,60,105,106,107,108,127,128,129,144,145,146,147,148,149,150,151,152,167,168,169,170,171,172,173,174,187,188,189,190,192,193,194,196,209,211,214,215,216,236,237,238,259,260,283,300,305,306,322,327,328
281,281,44
41,42,59,60,85,106,107,127,128,129,130,143,144,149,150,151,152,168,169,170,171,172,174,187,188,189,190,191,192,193,194,210,211,212,213,214,215,216,237,238,277,299,306,321
466,466,49
42,85,86,105,106,107,108,127,129,143,144,149,150,151,152,168,169,170,171,172,173,174,188,189,190,191,192,193,194,196,210,211,212,213,214,215,216,217,218,232,237,238,254,255,277,299,321,323,328
14,14,49
17,37,42,64,85,86,106,107,108,127,129,130,143,144,149,150,151,152,166,169,170,171,172,173,174,188,189,190,191,192,193,194,196,210,211,212,213,214,215,216,218,237,238,254,258,277,299,321,328
141,141,50
42,59,85,86,106,107,108,127,129,130,143,144,149,150,151,152,166,169,170,171,172,173,174,175,187,188,189,190,191,192,193,194,195,196,210,211,212,213,214,215,216,217,218,232,233,237,277,299,321,328
195,195,51
17,19,40,42,43,64,85,86,106,107,108,125,127,129,130,143,144,149,150,151,152,166,170,171,172,173,174,175,188,189,190,191,192,193,194,195,196,210,212,213,214,215,216,218,237,260,277,302,321,324,328
393,393,50
17,19,42,64,85,86,106,107,108,125,127,129,130,143,144,149,150,151,152,153,165,166,170,171,172,173,174,175,188,190,191,192,193,194,196,210,212,213,214,215,216,217,218,238,239,277,321,322,328,329
393,393,51
19,40,42,64,85,86,106,107,108,125,127,129,130,143,144,149,150,151,152,166,169,170,171,172,173,174,175,187,188,189,190,191,192,193,194,195,196,197,210,211,212,214,215,216,217,218,237,277,321,324,328
464,464,51
38,42,60,85,86,107,108,125,127,129,130,144,149,150,151,152,153,166,168,169,170,171,172,173,174,175,188,189,190,191,192,193,194,195,196,210,211,213,214,215,216,217,218,232,237,238,239,255,277,299,328
281,281,50
19,33,40,41,59,60,86,107,108,125,127,129,130,131,144,147,149,150,151,152,153,165,166,168,170,171,172,173,174,175,187,188,190,191,192,193,194,195,196,210,214,215,216,217,218,237,277,302,324,329
98,98,42
19,38,41,42,59,60,61,64,83,86,107,108,125,129,130,147,149,150,152,168,171,172,173,174,175,192,193,194,196,210,211,213,214,215,216,217,218,237,258,259,322,324
550,550,46
19,38,39,41,42,59,60,61,62,63,64,82,83,86,104,105,107,108,125,126,128,129,149,150,151,152,153,171,172,173,174,175,186,192,193,194,196,215,216,217,218,237,239,259,302,324
519,519,48
38,39,40,41,42,59,60,61,62,63,64,70,82,83,85,86,104,105,107,108,125,126,128,129,130,147,150,151,152,153,171,172,173,174,175,192,193,194,196,215,216,218,232,237,259,302,322,324
369,369,48
19,38,39,41,42,59,60,61,62,63,64,82,83,86,103,104,105,107,108,125,126,128,129,130,131,142,147,150,151,152,153,168,171,172,173,174,175,192,193,194,195,196,215,216,218,237,259,302
550,550,48
19,38,39,40,41,42,59,60,61,62,63,83,86,104,105,107,108,125,126,128,129,130,131,147,150,151,152,153,169,171,172,173,174,175,192,193,194,196,215,216,217,218,237,239,259,302,325,328
263,263,49
16,19,38,39,40,41,42,60,61,62,63,83,86,104,105,107,108,125,126,128,129,130,131,147,149,150,151,152,153,169,171,172,173,174,175,192,193,194,195,196,197,215,216,218,237,239,259,307,322
573,573,50
16,19,38,39,40,41,42,59,60,61,62,86,105,107,108,125,126,128,129,130,147,149,150,151,152,153,168,169,171,172,173,174,175,186,192,193,194,195,196,197,215,216,217,218,237,259,302,322,324,328
420,420,49
132,151,152,153,154,173,174,175,176,194,195,196,197,198,215,216,217,218,219,220,239,240,241,242,259,260,261,262,263,264,282,283,284,285,286,303,304,305,306,307,308,323,324,325,326,327,328,329,330
372,372,82
63,64,65,85,86,106,107,108,109,127,128,129,130,131,149,150,151,152,153,154,170,171,172,173,174,175,176,191,192,193,194,195,196,197,198,213,214,215,216,217,218,219,234,235,236,237,238,239,240,256,257,258,259,260,261,262,263,277,278,279,280,281,282,283,284,285,299,300,301,302,303,305,306,307,308,321,322,323,324,327,328,329
