504,576
148,148,117
11,14,15,16,17,18,19,20,21,22,37,38,39,40,41,42,43,44,53,56,59,60,61,62,63,64,75,76,77,78,82,83,84,85,86,98,99,100,102,103,104,105,106,107,109,121,122,123,124,125,126,127,143,144,145,146,147,148,149,165,166,167,168,169,170,171,172,175,176,188,189,190,191,192,193,198,212,213,214,215,233,234,235,236,237,238,239,256,257,258,262,263,264,279,280,283,285,286,300,301,302,303,304,305,306,307,308,321,322,323,324,325,326,327,328,329,330
422,422,135
8,10,11,12,13,14,15,16,17,18,19,20,21,22,30,31,32,33,34,36,39,40,41,42,43,44,53,55,56,59,61,62,63,64,65,66,75,76,79,80,81,82,84,85,86,88,98,99,102,103,104,105,106,107,108,109,110,120,121,122,123,124,125,126,127,129,130,131,143,144,145,146,147,148,149,152,165,166,167,168,169,170,171,172,175,176,187,188,189,190,191,192,193,195,196,197,198,211,212,213,214,216,217,219,235,237,238,239,256,258,259,261,262,264,279,280,281,282,285,286,301,302,303,304,305,306,307,308,316,320,324,325,328,329,330
428,428,135
11,12,16,17,18,19,20,21,22,32,33,34,35,37,38,39,40,41,42,43,44,52,53,54,55,56,58,59,61,62,63,64,65,66,75,76,78,81,82,84,85,86,87,88,98,99,101,102,103,104,105,107,108,109,110,121,123,124,125,129,130,131,138,144,145,146,147,148,149,150,151,152,164,165,166,167,168,169,170,171,172,173,174,176,187,188,189,190,191,192,193,195,197,198,210,211,212,213,214,215,216,232,233,234,235,236,237,238,239,256,257,258,259,262,263,264,278,279,280,281,284,285,295,296,301,303,305,306,316,320,321,324,327,328,329
510,510,136
4,8,9,10,16,17,18,19,20,21,22,31,32,33,39,40,41,42,43,44,52,55,56,57,58,61,62,63,64,65,66,74,75,76,77,78,81,84,85,86,87,88,97,98,99,101,102,103,104,107,108,109,110,121,123,124,125,129,130,131,139,140,142,143,144,145,146,147,148,149,150,151,152,153,165,166,167,168,169,170,171,173,174,176,187,188,189,190,191,192,196,197,198,211,212,213,214,215,218,219,227,232,233,234,235,236,237,238,240,241,242,255,257,258,259,260,262,263,264,278,279,280,281,284,295,301,303,305,306,307,316,324,326,328,329,330
116,116,126
9,13,15,16,17,18,19,20,21,22,30,31,32,33,34,39,40,41,42,43,44,52,53,55,56,57,58,61,62,63,64,65,66,75,76,77,78,79,80,84,85,86,87,88,98,99,100,101,102,103,104,107,108,109,110,120,121,123,124,125,127,129,130,131,132,143,144,145,146,147,148,152,153,154,165,166,167,168,169,170,171,172,174,187,188,189,190,191,192,194,195,211,212,213,214,215,218,232,233,235,236,237,238,242,255,256,259,263,280,281,294,295,296,301,302,303,305,306,307,308,316,319,321,323,326,329
488,488,140
4,7,10,11,13,16,17,18,19,20,21,22,30,31,32,33,34,35,36,38,39,40,41,42,43,44,52,53,55,56,57,58,59,60,61,62,63,64,65,66,75,76,77,78,79,80,84,85,86,87,88,96,98,99,100,101,103,104,107,108,109,110,120,121,123,124,125,127,129,130,131,132,143,144,145,146,147,148,149,152,153,165,166,167,168,169,170,172,187,188,189,190,191,193,194,195,198,209,210,211,212,213,214,216,219,232,233,235,236,237,238,242,247,254,256,258,259,262,263,273,274,278,279,280,281,284,286,292,293,295,301,302,303,305,306,316,325,326,329,330
138,138,137
4,7,10,11,12,13,16,17,18,19,20,21,22,31,32,33,34,35,36,39,40,41,42,43,44,52,53,54,55,56,57,58,59,61,62,63,64,65,66,74,75,76,77,78,79,80,84,85,86,87,88,95,97,98,99,100,101,102,103,104,107,109,110,120,121,122,123,124,125,126,127,129,130,131,132,141,142,143,144,145,146,147,148,149,152,153,165,166,167,168,169,170,171,173,187,188,189,190,191,193,210,211,212,213,214,219,232,233,234,235,236,237,238,239,240,254,256,257,258,259,274,280,281,284,292,301,302,303,305,306,316,325,326,327,328,329,330
398,398,143
7,9,10,11,12,13,16,17,18,19,20,21,22,31,32,33,34,35,36,39,40,41,42,43,44,52,54,55,56,57,58,59,61,62,63,64,65,66,73,75,76,77,78,79,80,81,83,84,85,86,87,88,97,98,99,100,101,102,103,104,107,109,110,118,120,121,122,123,124,125,126,127,129,130,131,132,143,144,145,146,147,148,149,150,152,153,165,166,167,168,169,170,171,173,187,188,189,190,191,192,193,196,210,211,212,213,214,215,218,219,220,233,234,235,236,239,240,254,256,257,258,259,260,274,276,280,281,284,292,295,296,301,302,303,305,306,316,325,326,327,328,329,330
99,99,132
7,9,10,19,20,22,30,33,34,35,39,40,41,42,56,57,58,59,60,61,62,63,64,65,66,75,76,77,78,79,80,81,83,84,85,86,87,88,96,97,98,99,100,101,103,104,107,108,109,110,120,121,122,123,124,125,126,127,129,130,131,132,140,143,144,145,146,147,148,149,150,152,153,154,165,166,167,168,169,170,171,172,173,187,188,189,190,191,194,195,196,209,210,211,212,213,215,216,218,220,235,236,239,240,253,254,256,257,258,259,260,263,276,280,281,284,290,292,295,296,298,301,302,303,305,306,316,319,326,327,329,330
481,481,141
6,7,9,12,13,16,17,18,19,20,21,22,30,32,33,34,35,41,42,43,44,52,53,54,55,56,57,58,64,65,66,76,77,78,79,80,86,87,88,95,97,98,99,100,101,103,106,107,110,120,121,122,123,124,125,126,129,130,131,132,141,143,144,145,146,147,148,149,152,153,154,163,164,165,166,167,168,169,170,172,187,188,189,190,191,194,195,196,210,211,212,213,215,216,218,220,230,231,233,234,235,236,237,238,239,240,241,252,253,256,257,258,259,260,261,263,264,275,276,278,279,280,281,282,284,286,292,293,295,296,298,299,301,302,303,305,326,327,328,329,330
543,543,135
6,7,9,11,12,16,17,18,19,20,22,30,31,32,33,34,35,42,43,44,53,55,56,57,58,65,66,76,77,79,87,88,97,98,99,100,101,103,110,119,120,121,122,123,125,131,132,143,144,145,146,147,148,152,153,154,165,166,167,168,169,170,175,176,187,188,189,190,191,192,193,194,195,196,210,211,212,213,214,215,216,217,218,220,230,231,233,234,235,236,237,238,239,240,241,242,252,253,256,257,258,259,260,261,263,264,275,276,278,279,280,281,282,284,285,286,292,293,295,296,299,300,301,302,303,305,306,312,316,319,321,325,326,328,329
393,393,146
7,8,10,11,12,16,17,18,19,20,30,31,32,33,34,35,39,40,42,43,44,53,55,56,57,58,65,66,76,77,79,87,88,97,98,99,100,101,103,110,120,121,122,123,125,129,131,132,139,140,142,143,144,145,146,148,152,153,154,165,166,167,168,169,170,174,175,176,184,186,187,188,189,190,191,192,193,194,195,196,206,210,211,212,213,214,215,216,217,218,220,230,231,233,234,235,236,237,238,239,240,241,242,253,256,257,258,259,260,261,262,263,264,274,275,276,278,279,280,281,282,283,284,285,286,292,293,295,296,299,300,301,302,303,305,306,316,317,318,319,321,322,325,326,328,329
39,39,125
4,33,34,35,36,65,66,76,77,78,79,83,84,87,88,94,97,98,99,100,101,103,104,107,110,119,120,121,122,123,124,125,129,130,131,132,139,140,141,142,143,144,145,146,148,151,152,153,154,163,165,166,167,168,169,170,210,211,212,213,214,215,216,217,218,219,229,230,231,233,234,235,236,237,238,239,240,241,242,251,253,255,256,257,258,259,260,261,262,263,264,274,275,276,278,279,280,281,282,284,285,286,290,295,296,297,298,299,300,301,302,303,305,306,308,314,316,317,318,319,320,321,322,329,330
378,378,134
4,5,6,7,8,10,11,17,18,19,20,33,35,36,37,39,40,41,42,65,66,72,75,76,77,78,79,80,83,84,85,87,88,94,98,99,100,101,102,103,104,107,109,110,120,122,123,124,125,126,129,131,132,138,139,140,142,143,144,145,147,148,149,151,152,153,154,161,162,165,166,167,168,169,170,171,174,175,176,184,185,186,188,189,190,195,197,198,235,236,237,238,239,240,241,251,253,256,257,258,259,260,261,262,263,264,274,275,276,278,279,280,281,282,284,285,286,299,300,301,302,303,305,306,308,311,314,316,317,318,319,320,321,322
62,62,134
4,5,6,26,31,32,33,35,36,65,66,72,75,76,77,78,79,81,82,84,85,86,87,88,94,98,99,100,101,102,104,106,107,109,110,120,122,123,124,125,126,128,131,132,138,139,140,142,143,144,145,147,148,149,150,151,152,153,154,160,162,164,165,166,206,207,209,210,211,212,213,214,215,216,217,231,233,234,235,236,237,238,239,240,241,251,252,253,256,257,258,259,260,261,262,263,264,274,275,276,278,279,280,281,282,283,284,285,286,295,296,297,298,299,300,301,302,303,305,306,307,308,314,316,317,318,319,320,321,322,325,326,328,329
240,240,140
4,5,6,7,8,9,10,33,34,35,36,37,38,39,40,41,42,65,66,75,76,77,78,79,81,84,85,86,87,88,94,97,98,99,100,101,102,104,105,106,107,108,109,110,120,121,122,123,124,125,126,128,130,132,137,138,139,142,143,144,145,146,147,148,149,150,151,152,153,154,160,162,165,166,167,168,169,170,206,207,208,210,211,212,213,214,215,216,217,235,236,237,238,239,240,241,242,251,252,253,256,257,258,259,260,261,262,263,264,269,273,274,275,276,278,279,280,281,282,283,284,285,286,299,300,301,302,303,305,306,307,308,314,316,317,318,319,320,321,322
368,368,142
4,5,6,7,8,9,10,33,34,35,36,39,40,41,42,43,52,53,54,55,56,58,59,61,62,63,64,83,84,85,86,87,88,129,132,137,138,139,142,143,144,145,146,147,148,149,150,151,152,153,154,160,161,162,165,166,167,168,169,170,171,172,173,174,175,176,184,185,186,187,188,189,190,191,192,193,194,195,197,198,205,206,207,208,210,211,212,213,214,215,216,217,218,228,229,230,231,233,234,235,236,237,238,239,240,241,242,251,252,253,256,257,258,259,260,261,262,263,264,273,274,275,276,278,279,280,281,282,283,284,285,286,318,319,320,321,322,325,326,328,329,330
248,248,142
4,5,6,7,8,9,10,33,34,35,36,37,38,39,40,41,42,65,66,75,76,77,78,79,80,81,82,83,84,85,86,87,88,97,98,99,100,103,104,105,106,107,108,109,110,114,119,120,122,123,124,125,126,131,137,138,139,142,143,144,145,146,147,148,149,150,151,152,153,154,160,161,162,165,166,205,206,207,210,211,212,213,214,215,216,217,218,219,229,230,233,234,235,236,237,238,239,240,241,242,251,252,253,255,256,257,258,259,260,261,262,263,264,273,274,275,276,278,279,280,281,282,283,284,285,286,299,300,301,302,303,305,306,307,314,316,317,318,319,320,321,322
75,75,126
4,6,7,33,34,35,36,39,42,52,65,75,78,79,80,81,82,83,84,85,86,87,88,103,104,105,106,107,108,109,110,120,122,123,126,130,131,140,142,144,145,146,147,150,151,161,162,165,166,167,169,170,171,172,173,174,175,176,184,185,187,188,189,190,191,192,193,194,195,196,197,198,205,218,219,233,234,236,237,238,239,240,241,251,252,253,254,255,256,258,259,260,261,262,263,273,274,275,276,278,279,280,281,282,283,284,285,286,296,297,299,300,301,302,303,305,306,307,316,317,318,319,320,321,322,330
346,346,135
6,7,9,10,13,17,18,19,27,33,34,35,36,37,38,39,40,41,42,49,65,75,78,79,80,81,82,83,84,85,86,87,88,101,103,104,105,106,107,108,109,110,119,120,122,130,131,132,141,142,144,145,146,149,150,151,164,165,166,167,168,169,170,171,172,173,174,175,176,184,185,188,189,190,191,192,193,194,195,196,197,198,205,206,207,218,219,220,229,230,234,236,237,238,239,240,241,250,251,252,253,254,255,256,260,261,262,263,264,272,273,275,276,278,281,282,283,284,285,300,301,302,303,305,306,307,308,317,318,319,320,321,322,328,329
352,352,141
6,39,40,41,42,49,50,52,53,54,55,56,57,58,59,61,62,63,64,65,75,78,79,80,81,82,84,85,86,87,88,95,99,100,101,103,104,105,106,107,108,109,110,118,119,120,122,124,130,131,132,141,142,143,144,145,146,149,150,151,152,165,166,167,168,169,170,171,172,173,174,175,176,191,205,209,210,211,212,213,214,215,216,217,218,219,220,229,230,233,236,237,238,239,240,241,242,249,250,251,252,253,254,255,256,260,261,262,263,264,271,272,273,275,276,277,278,282,283,284,285,292,293,294,305,306,307,308,317,318,319,320,321,322,323,325,326,327,328,329,330
331,331,136
6,7,8,9,10,33,34,35,36,37,38,39,40,41,42,73,75,77,78,79,80,81,82,83,84,85,86,87,88,95,98,99,100,101,102,103,104,105,106,107,108,109,110,118,119,120,121,122,123,124,126,129,130,131,132,141,142,143,144,145,146,147,148,149,150,151,152,154,158,205,208,209,210,211,212,213,214,215,216,217,218,219,220,228,229,230,233,237,238,239,240,241,242,249,250,251,252,253,254,255,256,257,260,261,262,263,264,271,272,273,275,276,277,278,279,280,282,283,284,285,299,300,301,302,303,304,305,306,307,308,317,318,319,320,321,322
20,20,126
6,7,8,9,10,33,34,35,36,37,38,39,40,41,42,66,72,73,75,77,78,79,80,81,84,85,86,87,88,95,98,99,100,101,102,103,104,105,106,107,108,109,110,115,118,119,120,121,122,123,124,125,126,128,129,130,131,132,140,141,142,143,144,145,146,147,148,149,154,158,159,161,162,163,165,166,237,238,239,240,241,242,249,250,251,252,253,254,255,256,260,261,262,264,271,272,273,275,276,277,278,279,281,282,283,284,285,289,299,300,301,302,303,304,305,306,307,308,315,316,317,318,319,320,321,322
572,572,121
6,7,8,9,33,34,35,36,38,39,40,41,65,72,73,75,77,78,79,80,81,84,85,86,87,88,95,99,100,101,102,103,104,105,106,107,108,109,110,115,118,119,120,121,122,123,124,125,126,127,128,129,130,131,132,140,141,142,143,144,145,147,148,149,150,152,154,158,234,235,237,238,239,240,241,242,249,250,251,252,253,254,255,256,260,261,262,264,271,272,273,275,276,277,278,279,281,282,283,284,285,298,299,300,301,302,303,304,305,306,307,308,313,315,316,317,318,319,320,321,322
57,57,117
6,7,8,9,33,34,35,36,38,39,40,41,65,72,75,77,78,79,80,81,84,85,86,87,88,95,99,100,101,102,103,104,106,107,108,109,110,115,117,118,119,120,121,122,123,124,125,126,127,128,130,131,132,140,141,142,143,147,148,149,150,170,234,235,237,238,239,240,241,242,248,249,250,251,252,253,254,255,256,260,261,262,264,271,272,273,275,276,277,278,279,280,281,282,283,284,285,298,299,300,301,302,303,304,305,306,307,308,310,313,315,317,318,319,320,321,322
487,487,141
6,33,34,37,65,66,72,75,77,78,79,80,81,82,84,85,86,87,88,95,98,99,100,101,102,103,104,105,106,107,108,109,110,117,119,121,122,123,124,125,126,127,128,130,131,132,142,143,147,148,149,150,151,153,154,159,163,164,165,166,205,206,207,208,209,210,211,212,213,214,215,216,217,218,219,220,228,231,232,233,234,235,237,238,239,240,241,242,249,250,251,252,253,254,255,256,257,260,261,262,264,271,272,273,275,276,277,278,279,280,281,282,283,284,285,286,295,296,297,298,299,300,301,302,303,304,305,306,307,308,311,313,315,317,318,319,320,321,322,329,330
26,26,126
34,37,40,41,42,43,44,50,53,54,55,58,59,60,61,62,63,64,130,131,132,147,148,149,150,151,153,154,159,163,164,165,166,167,168,170,171,172,173,174,183,184,185,186,187,188,189,190,191,192,193,194,195,196,197,198,205,206,207,208,209,210,211,212,213,214,215,216,217,218,219,220,227,228,229,230,231,232,233,234,235,237,238,239,240,241,242,249,250,252,253,254,255,256,260,261,262,263,264,271,272,273,274,275,276,277,278,279,280,281,282,283,284,285,286,313,321,322,323,324,325,326,327,328,329,330
2,2,130
5,33,34,35,36,37,38,65,66,71,74,75,76,77,78,79,80,81,83,84,85,86,87,88,97,98,100,101,102,103,104,105,106,107,108,109,110,120,121,122,123,124,125,126,127,128,130,131,132,140,141,142,143,147,148,149,150,152,153,154,158,161,162,163,167,205,232,233,234,235,236,237,238,239,240,241,242,249,250,252,253,254,255,256,258,260,261,262,263,264,269,270,271,272,273,274,275,276,277,278,279,280,281,282,283,284,285,286,296,297,298,299,300,301,302,303,304,305,306,307,308,315,316,317,318,319,320,321,322,330
56,56,137
5,12,18,33,34,36,38,41,65,66,71,72,74,75,76,77,78,79,80,81,83,84,85,86,87,88,97,98,99,100,101,102,103,104,106,107,108,109,110,120,121,122,123,124,125,126,127,130,131,132,140,141,142,143,144,145,147,148,149,150,152,153,154,158,161,162,163,170,171,184,188,234,235,236,237,238,239,240,241,242,249,250,252,253,254,255,256,258,259,260,261,262,263,264,270,271,272,273,274,275,276,277,278,279,280,281,282,283,284,285,286,298,299,300,301,302,303,304,305,306,307,308,315,316,317,318,319,320,321,322,323,325,326,327,328,329,330
40,40,134
5,21,22,27,28,30,32,33,36,38,42,55,56,58,60,63,64,65,66,120,121,122,123,124,125,126,127,128,130,131,132,140,142,143,144,145,146,147,148,149,150,152,153,154,158,159,161,162,163,164,165,170,171,173,175,176,180,182,183,184,188,193,194,195,205,206,207,208,209,210,211,212,213,214,215,216,217,218,219,227,228,229,230,231,232,233,234,235,236,237,238,239,240,241,242,249,250,252,253,254,255,256,257,258,259,260,261,262,263,264,270,271,272,273,274,275,276,277,278,279,280,281,282,283,284,285,286,318,319,320,321,322,323,324
289,289,148
11,21,22,33,40,42,43,44,49,50,55,58,60,62,63,64,104,105,106,107,108,109,110,117,118,120,121,122,123,124,125,126,127,130,131,132,142,143,144,145,146,147,148,149,150,152,153,154,158,159,161,162,163,164,165,167,170,171,173,174,175,176,180,182,183,184,187,188,189,190,191,193,194,195,197,205,206,207,208,209,210,211,212,213,214,215,216,217,218,219,227,228,229,230,231,232,233,234,235,236,237,238,239,240,241,242,249,250,252,253,254,255,256,257,259,260,261,262,263,264,291,292,293,294,295,296,297,298,299,300,301,302,303,304,305,306,307,313,315,316,317,318,319,320,321,322,323,330
109,109,135
4,11,12,27,55,57,65,66,73,75,76,77,80,81,84,85,86,87,88,96,97,98,99,102,103,104,105,106,107,108,109,110,116,117,118,120,121,122,123,124,125,126,127,130,131,132,141,142,143,144,145,146,147,148,149,150,152,153,154,158,159,161,162,164,165,166,167,168,232,233,234,235,236,237,238,239,240,241,242,249,250,252,253,254,255,256,257,259,260,261,262,263,264,270,271,272,273,274,275,276,277,278,279,280,281,282,283,284,285,286,295,296,297,298,299,300,301,302,303,304,305,306,307,308,313,315,316,317,318,319,320,321,322,323,330
468,468,133
4,57,58,65,66,75,80,81,84,85,86,87,88,97,98,99,103,104,105,106,107,108,109,110,116,117,118,120,121,122,123,124,125,126,127,128,129,130,131,132,140,142,143,144,145,146,147,148,149,150,152,153,154,158,159,161,162,165,166,230,231,232,233,234,235,236,237,238,239,240,242,249,250,252,253,254,255,256,257,258,259,260,261,262,263,264,270,271,272,273,274,275,276,277,278,279,280,281,282,283,284,285,286,294,295,296,297,298,299,300,301,302,303,304,305,306,307,308,313,315,316,317,318,319,320,321,322,323,325,326,328,329,330
461,461,123
4,36,37,65,66,71,75,80,81,84,85,86,87,88,94,97,98,99,103,105,107,108,109,110,116,117,119,120,121,123,124,125,126,127,128,129,130,131,132,140,142,143,144,145,146,147,148,149,150,152,153,154,158,159,162,230,231,232,233,234,236,237,238,239,240,242,249,250,252,253,254,255,256,257,258,259,260,261,262,263,264,270,271,272,273,274,275,276,277,278,279,281,282,283,284,285,286,294,295,296,297,298,299,300,301,302,303,304,305,306,307,308,313,315,316,317,318,319,320,321,322,329,330
451,451,133
4,65,66,71,72,73,77,80,81,84,85,86,87,88,95,97,107,108,109,110,117,120,121,124,125,126,127,128,129,130,131,132,142,143,144,145,146,147,148,149,150,151,152,153,154,158,159,197,198,205,206,207,208,209,211,212,213,214,215,216,217,218,229,230,231,232,233,234,236,237,238,239,240,241,249,250,252,253,254,255,256,257,258,259,260,261,262,263,264,270,271,272,273,274,275,276,277,278,279,281,282,283,284,285,286,293,294,295,296,297,298,299,300,301,302,303,304,305,306,307,308,313,315,316,317,318,319,320,321,322,328,329,330
99,99,136
4,40,41,42,43,44,49,50,57,58,60,62,63,64,65,66,71,72,73,77,80,81,84,85,86,87,88,95,96,97,107,108,109,110,117,118,120,121,124,125,126,127,128,129,130,131,132,142,143,144,146,147,148,149,150,151,152,153,154,164,165,166,169,170,207,208,209,211,212,213,214,215,216,217,218,219,220,231,232,233,234,235,236,237,238,239,240,241,249,250,252,253,254,255,256,257,258,259,260,261,262,263,264,270,271,272,273,274,275,276,277,278,279,280,281,282,283,284,285,286,291,292,293,294,304,318,319,320,321,322,323,325,327,328,329,330
285,285,132
4,40,42,43,49,50,53,60,63,65,66,71,72,80,81,84,85,86,87,88,95,96,97,100,105,107,108,109,110,117,119,120,124,128,129,130,131,132,142,143,146,147,148,149,166,167,168,169,170,171,172,173,174,175,176,180,183,184,187,188,189,190,191,192,193,194,195,196,197,198,208,210,213,214,215,216,217,218,219,220,227,228,229,230,232,233,234,235,236,237,238,239,240,241,249,250,252,253,254,255,257,258,259,260,261,262,263,264,271,272,273,274,275,276,277,278,279,280,281,282,283,284,285,286,291,292,293,310,327,328,329,330
123,123,131
8,10,20,21,22,40,42,43,49,50,52,53,54,55,56,64,65,66,71,72,80,81,84,86,87,88,94,95,96,105,107,108,109,110,119,120,124,128,129,130,131,132,142,143,145,146,147,148,149,150,151,152,153,154,158,159,165,166,167,168,169,170,171,172,173,174,175,176,180,181,183,186,187,188,189,190,191,192,193,194,195,196,197,198,205,208,213,214,215,216,217,218,219,220,235,236,237,238,239,240,241,242,250,259,260,261,262,263,264,271,272,273,274,276,277,278,279,280,281,282,283,284,285,286,291,292,325,327,328,329,330
445,445,128
8,10,12,14,34,35,40,41,43,49,53,54,55,56,57,64,65,66,70,71,72,84,86,87,88,93,94,95,96,105,107,108,109,110,116,118,119,120,124,128,129,130,131,132,141,142,143,149,150,151,152,153,154,158,159,165,166,168,169,170,171,172,173,174,175,176,180,181,182,183,185,187,188,189,190,191,192,193,194,195,196,197,198,205,206,207,208,212,213,214,215,216,217,218,219,220,231,235,236,237,238,239,240,241,242,250,256,259,260,261,262,263,264,271,272,273,274,276,277,278,279,280,281,282,283,284,285,286
456,456,74
40,41,43,48,49,53,54,55,56,59,60,64,65,66,70,71,72,77,84,85,86,87,88,93,94,95,96,100,107,108,149,150,151,152,153,162,165,166,168,169,193,194,195,196,197,198,205,206,207,208,210,211,212,213,214,215,216,217,218,219,220,233,235,236,237,238,239,240,241,242,261,262,263,264
382,382,7
177,287,288,290,309,310,311
359,359,34
199,200,201,202,221,222,223,224,225,226,227,243,244,245,246,247,248,265,266,267,268,269,270,287,288,289,290,292,309,310,311,312,313,317
364,364,55
111,112,133,134,135,155,156,157,158,177,178,179,180,199,200,201,202,203,204,209,221,222,223,224,225,226,243,244,245,246,247,248,249,265,266,267,268,269,270,271,273,287,288,290,291,294,295,296,297,309,310,316,317,319,320
227,227,69
45,46,67,68,69,89,90,91,92,111,112,113,114,115,133,134,135,136,137,155,156,157,158,159,177,178,179,180,181,182,185,199,200,201,202,203,204,205,206,223,224,225,226,227,228,243,245,246,247,248,249,250,251,253,254,266,267,269,270,271,273,274,275,276,295,296,297,298,299
249,249,75
1,2,3,23,24,25,26,45,46,47,48,49,67,68,69,70,71,89,90,91,92,93,94,95,111,112,113,114,115,116,117,118,133,134,135,136,137,138,139,140,156,157,158,159,160,163,179,180,181,182,183,184,185,200,202,203,204,205,206,207,208,209,225,226,227,228,229,230,231,232,251,252,253,254,277
292,292,69
1,2,3,4,23,24,25,26,27,45,46,47,48,49,50,67,68,69,70,71,72,89,90,91,92,93,94,95,96,111,112,113,114,115,116,117,133,134,135,136,137,138,139,140,155,156,157,158,159,160,161,162,163,164,177,178,179,181,182,183,184,185,186,199,200,201,207,209,221
75,75,58
1,2,3,4,5,6,23,24,25,26,27,28,29,45,46,47,48,49,50,51,67,68,69,70,71,72,73,74,89,90,91,92,93,94,95,96,111,112,113,114,115,116,117,118,135,136,137,139,140,141,142,160,162,163,164,165,187,276
326,326,42
1,2,3,4,5,6,23,24,25,26,27,28,29,45,46,47,48,49,50,51,52,67,68,69,70,71,72,73,74,90,91,92,93,94,95,96,114,118,119,137,138,230
518,518,22
1,2,3,4,5,6,7,24,25,26,27,28,29,47,48,49,51,52,70,71,73,75
107,107,8
22,43,64,65,87,88,154,323
100,100,33
17,18,19,20,21,22,41,42,43,44,63,64,65,66,86,87,88,108,109,110,131,132,154,198,271,293,294,295,314,315,316,317,318
568,568,22
19,20,21,22,41,42,43,44,64,65,86,87,88,109,110,131,132,153,154,176,198,220
276,276,1
65
156,156,18
233,234,254,256,275,276,277,278,297,298,299,300,301,319,320,321,322,323
444,444,29
188,208,209,210,230,231,232,251,252,253,254,255,273,274,275,276,277,294,295,296,297,298,299,317,318,319,320,321,322
319,319,44
98,120,141,142,163,164,183,186,204,205,206,226,227,228,229,230,249,250,251,252,253,270,271,272,273,274,275,276,291,292,293,294,295,296,297,298,312,313,314,315,316,317,318,319
131,131,45
94,96,118,139,140,159,160,161,181,182,183,204,205,206,224,225,226,227,228,245,246,247,248,249,250,268,269,270,271,272,288,289,290,291,292,293,294,295,310,311,312,313,314,315,316
558,558,39
136,157,159,179,180,181,200,201,202,203,204,222,223,224,225,243,244,245,246,247,248,265,266,267,268,269,272,287,288,289,290,291,292,309,310,311,312,313,314
80,80,27
68,90,133,134,135,155,156,177,178,179,199,200,221,222,223,243,244,245,265,266,267,287,288,289,309,310,311
192,192,9
1,24,45,67,89,95,111,155,177
164,164,38
15,16,17,18,22,36,37,38,39,44,53,65,106,107,108,128,129,132,150,151,152,153,154,173,174,175,176,196,197,219,220,239,241,242,263,303,325,330
529,529,88
14,15,16,17,18,19,20,21,22,25,35,36,37,38,39,40,41,42,43,44,60,61,62,63,64,65,66,81,83,84,85,86,87,88,106,107,108,109,110,127,128,129,130,131,132,149,150,151,152,153,154,171,173,174,175,176,193,195,196,197,198,216,218,219,220,240,241,242,255,262,263,264,286,299,300,301,302,303,305,306,307,322,323,325,326,328,329,330
65,65,119
13,14,15,16,17,18,21,22,36,37,38,39,40,41,42,43,44,57,58,59,60,61,62,63,64,65,66,80,81,82,83,84,85,86,87,88,102,103,104,105,106,107,109,110,125,126,127,128,129,130,131,132,145,149,150,151,152,153,154,171,172,173,174,175,176,191,193,194,195,196,197,198,215,216,217,218,219,220,230,238,239,240,241,242,257,259,260,261,262,263,264,275,276,277,278,279,280,281,284,285,286,299,300,302,303,304,305,306,307,308,321,322,323,324,325,327,328,329,330
552,552,133
12,13,17,18,19,20,21,22,33,34,35,36,38,39,40,41,42,43,44,54,55,56,57,58,60,61,62,63,64,65,66,75,76,78,79,81,82,83,84,85,86,87,88,97,98,99,101,102,103,104,105,106,107,108,109,110,125,126,127,128,129,130,131,132,141,149,150,151,152,153,154,161,171,172,173,174,175,176,184,193,194,195,196,197,198,207,208,214,217,218,219,220,230,231,237,239,240,241,242,250,254,261,262,263,264,275,276,277,278,283,284,285,286,297,298,299,300,303,304,305,306,307,308,318,319,320,321,325,326,327,328,329,330
463,463,133
1,12,15,16,17,18,22,32,35,36,37,38,39,40,41,43,44,56,57,58,59,60,61,62,63,64,65,66,79,80,81,82,83,84,85,86,87,88,101,102,103,105,106,107,110,124,125,126,127,128,129,131,132,141,145,149,150,151,152,153,154,161,170,172,173,174,175,176,183,191,192,193,194,195,196,197,198,214,215,216,217,218,219,220,237,238,239,240,241,242,250,254,256,257,258,259,260,261,262,263,264,273,274,275,277,278,279,280,281,282,283,284,285,286,295,296,297,298,299,300,301,305,306,307,308,318,319,320,321,322,323,329,330
89,89,136
15,17,18,19,20,21,22,32,33,34,35,37,38,39,40,41,42,43,44,51,53,54,57,60,61,62,63,64,65,66,75,76,81,82,83,84,85,86,87,88,97,101,103,104,105,106,107,108,109,110,116,125,126,127,128,129,130,131,132,139,149,150,151,152,153,154,161,163,170,171,172,173,174,175,176,183,184,192,193,194,195,196,197,198,215,216,217,218,219,220,238,239,240,241,242,250,251,253,254,260,261,262,263,264,272,273,274,275,276,277,278,284,286,288,295,296,297,298,299,300,302,307,308,316,318,319,320,321,322,323,324,325,326,327,328,330
80,80,138
15,16,17,18,19,21,31,32,36,37,38,39,40,41,42,44,57,58,60,61,62,63,64,65,66,73,79,80,82,83,84,85,86,87,88,94,96,100,101,102,103,104,105,106,107,108,110,116,118,124,125,126,127,128,130,131,132,139,141,149,150,152,153,154,161,170,171,172,173,174,175,176,182,193,194,195,196,197,198,203,214,216,217,218,219,220,237,238,239,240,241,242,250,251,252,253,254,258,259,260,261,262,263,264,272,273,274,276,277,281,283,284,285,286,295,296,298,299,300,302,304,305,306,307,308,316,317,318,319,320,321,322,323,325,327,328,329,330
80,80,141
7,12,15,16,17,18,19,20,21,22,34,35,36,37,38,39,40,41,42,43,44,50,51,56,57,58,60,61,62,63,64,65,66,70,74,75,80,82,83,84,85,86,87,88,95,97,98,102,103,104,105,106,107,108,109,110,120,124,125,126,127,128,129,130,131,132,137,138,139,140,149,150,151,152,153,154,163,170,171,172,173,174,175,176,183,191,192,193,194,195,196,197,198,214,215,216,217,218,219,220,228,238,240,241,242,250,251,253,259,263,264,273,274,275,276,283,284,285,286,293,294,295,296,297,298,299,300,308,317,318,319,320,321,322,323,324,325,327,328,329,330
486,486,131
15,16,17,18,19,21,22,29,32,33,34,36,37,38,39,40,49,50,51,52,53,54,58,60,61,62,64,66,73,74,79,80,81,82,83,84,85,86,87,95,96,103,104,105,106,107,116,117,118,119,126,127,140,146,148,149,150,152,163,170,171,172,173,174,175,176,183,192,193,194,195,196,197,198,217,219,220,231,241,242,250,251,254,258,259,261,262,263,264,272,273,274,276,277,278,279,280,281,282,283,284,285,286,294,295,296,297,298,299,300,301,302,303,305,306,307,308,316,317,318,319,320,321,322,323,324,325,326,327,329,330
520,520,138
12,15,17,18,19,20,33,36,37,38,39,40,41,42,43,48,57,58,60,61,62,63,64,65,66,73,74,79,80,81,82,83,84,85,86,87,88,93,95,96,97,102,103,104,105,106,107,108,109,110,116,118,120,124,126,127,128,129,130,131,132,138,139,141,146,149,150,151,152,153,154,164,170,171,172,173,174,175,176,185,192,193,194,195,196,197,198,211,214,216,217,218,219,220,229,231,233,234,236,237,238,239,240,241,242,244,250,251,255,262,263,264,272,273,274,275,276,285,286,294,295,296,297,298,299,300,316,317,318,319,320,321,322,323,324,327,329,330
157,157,135
15,17,18,19,20,21,22,30,36,37,38,39,41,42,43,44,53,54,56,58,60,61,62,63,65,66,73,74,75,79,81,82,83,84,85,86,87,93,96,97,102,103,104,105,106,107,116,118,123,125,126,127,128,137,139,140,141,149,152,153,169,171,172,173,174,175,176,181,192,193,194,195,196,197,198,208,215,216,217,218,219,230,231,242,250,251,252,255,256,262,263,264,272,273,274,275,277,278,279,281,282,283,284,285,286,294,295,296,297,298,299,300,301,302,303,304,305,306,307,308,316,317,318,319,320,321,322,323,324,325,326,327,328,329,330
450,450,139
15,17,18,19,20,26,30,31,38,39,40,41,42,43,56,57,58,60,61,62,63,64,65,71,73,74,78,79,80,81,83,84,85,86,87,92,95,96,97,100,102,104,105,106,107,108,109,110,115,116,117,118,119,125,126,127,128,129,130,131,132,137,139,140,141,146,147,148,150,151,152,153,154,161,162,163,169,170,172,173,174,175,176,185,186,191,192,193,194,195,196,197,198,210,215,216,217,218,219,231,232,233,237,238,239,240,242,250,257,258,259,260,261,262,263,264,272,273,274,275,277,278,293,294,295,297,298,299,300,315,316,317,318,319,320,321,322,323,324
450,450,131
17,18,19,20,21,22,40,41,43,44,51,55,62,63,64,65,66,70,71,74,75,83,84,85,86,87,88,93,94,95,96,97,98,104,105,106,107,108,109,110,115,116,117,118,126,127,128,129,132,137,138,139,140,145,146,147,148,149,150,151,159,161,162,163,169,170,171,172,173,174,175,180,183,184,186,191,192,193,194,195,196,197,198,203,212,213,214,215,216,217,218,219,220,238,239,241,242,263,264,275,276,277,278,279,285,286,293,298,299,300,302,305,306,307,308,314,316,317,318,319,320,321,322,323,324,325,326,327,328,329,330
448,448,132
18,19,20,21,39,40,41,42,43,50,62,63,64,65,66,70,71,76,84,85,86,87,93,94,95,96,97,100,105,106,107,108,115,116,117,118,121,122,125,126,127,128,129,130,131,136,137,138,139,140,141,142,144,146,147,148,149,151,152,153,159,161,162,163,164,170,171,172,173,174,175,176,180,181,183,186,191,192,193,194,195,196,197,198,203,208,215,216,217,218,219,220,228,230,231,236,237,238,239,240,241,242,257,258,260,261,262,263,264,279,280,281,282,283,284,290,293,294,300,308,314,315,316,317,318,320,321,322,323,324,325,327
140,140,128
18,19,20,21,22,40,41,42,43,44,55,62,63,64,65,66,74,84,85,86,87,88,92,94,95,96,97,106,107,108,109,110,115,116,117,118,119,126,127,128,129,131,132,137,138,139,140,141,142,147,148,149,150,151,152,153,154,159,160,161,162,163,164,169,170,171,172,173,174,176,180,181,182,183,184,185,186,191,193,195,196,197,202,203,205,206,208,210,211,213,215,216,217,218,219,230,237,238,239,240,261,263,264,285,286,287,293,294,303,306,307,308,314,315,316,317,318,319,320,322,323,324,325,326,327,328,329,330
178,178,125
17,18,19,22,40,41,42,43,44,56,62,63,64,65,66,74,84,85,86,87,88,93,95,96,98,100,106,107,108,109,116,117,118,119,121,123,126,127,129,130,131,137,138,139,140,143,144,145,146,147,148,149,151,152,158,159,170,171,172,173,174,175,180,181,182,183,184,185,186,191,193,195,196,197,203,205,208,209,211,214,216,217,218,219,220,229,230,235,236,237,238,239,240,241,242,250,257,258,259,260,261,262,265,277,278,279,280,281,283,284,294,298,300,303,304,305,314,315,316,317,318,319,322,323,327
116,116,127
18,22,39,40,41,42,43,44,49,56,62,63,64,65,66,72,74,76,77,83,84,85,86,87,88,92,95,96,97,98,102,105,107,108,109,110,116,117,118,120,122,123,125,126,127,128,129,130,131,132,139,140,141,142,147,148,149,151,152,153,154,159,161,162,163,164,170,171,172,173,174,175,176,180,181,182,183,184,186,190,191,192,194,196,197,198,203,209,212,213,215,216,217,220,229,230,231,236,237,238,239,240,241,242,260,261,262,264,285,286,294,295,300,307,314,315,316,317,318,319,320,322,323,327,328,329,330
115,115,121
18,19,20,21,39,40,42,43,61,62,63,64,65,66,70,74,84,87,95,102,106,107,108,109,115,116,117,118,119,121,124,126,127,129,130,131,136,139,141,143,144,145,146,148,149,150,151,161,163,164,165,166,167,169,171,172,173,180,181,182,184,191,192,195,196,203,206,210,213,214,215,217,218,219,229,230,231,232,235,236,237,238,239,240,241,250,255,256,257,259,260,261,263,264,279,280,282,283,284,286,293,294,297,298,302,304,305,308,315,316,318,319,320,321,322,323,324,325,326,329,330
418,418,135
17,18,19,20,21,39,40,41,42,43,44,61,62,63,64,65,66,71,81,83,84,85,87,88,96,98,99,101,102,106,108,109,110,117,118,119,120,123,124,125,126,127,129,130,132,136,138,139,140,141,146,149,150,151,152,153,154,159,160,161,162,163,164,168,169,170,171,172,173,174,175,176,180,181,182,183,184,191,192,193,194,195,196,197,198,202,203,209,210,211,212,213,214,215,216,217,218,219,220,224,228,229,230,231,235,236,237,238,239,241,244,250,251,258,259,260,261,263,279,293,295,296,297,307,314,315,317,318,319,320,321,322,323,324,328
200,200,139
18,19,22,40,41,43,44,62,63,64,65,66,70,84,85,86,87,88,97,98,101,102,103,104,105,106,107,108,109,117,118,119,122,124,125,126,127,129,130,131,132,138,139,140,142,143,144,145,146,147,148,149,150,151,152,153,154,161,163,164,165,166,167,168,169,170,171,172,173,174,175,180,181,182,183,184,185,191,192,193,194,195,196,203,206,209,210,211,213,214,215,216,217,224,231,232,237,238,239,240,250,251,255,256,259,260,261,262,263,264,279,280,281,282,283,284,286,297,298,303,304,305,307,308,314,315,317,318,319,320,321,322,323,324,325,326,327,329,330
99,99,128
18,19,22,39,40,44,61,62,63,64,65,66,83,84,85,86,87,88,92,100,102,103,104,105,107,108,114,118,121,122,123,125,126,128,129,130,131,132,136,140,141,146,147,148,149,150,151,152,153,154,161,163,164,169,170,171,172,173,174,175,176,180,183,184,185,191,192,193,194,195,196,197,198,202,203,208,209,210,211,212,213,214,215,216,217,219,220,224,228,229,230,231,232,233,235,236,237,238,239,240,241,242,250,251,252,259,260,261,262,264,279,280,281,282,283,284,294,302,314,315,318,319,320,321,322,323,324,330
409,409,141
13,18,19,22,40,44,61,62,63,64,65,66,84,85,86,87,95,96,97,102,105,106,107,108,116,117,118,119,121,126,127,128,129,130,132,138,139,140,141,146,147,148,149,151,153,154,160,161,162,165,166,167,168,169,170,171,172,173,174,175,176,180,183,184,185,190,191,192,193,194,195,196,197,198,203,205,209,210,211,212,213,214,216,217,218,219,224,229,230,231,232,233,234,235,237,238,239,240,250,252,254,255,257,258,259,260,261,262,271,272,273,274,276,278,279,280,281,282,283,284,285,286,302,303,304,305,306,307,308,315,316,320,321,322,323,324,325,327,328,329,330
98,98,135
17,18,19,20,40,44,61,62,63,64,66,84,85,86,87,98,101,105,106,107,108,109,115,116,117,118,119,121,127,128,129,130,131,132,139,140,141,142,143,145,146,147,148,149,150,151,152,153,154,162,163,164,165,166,167,169,170,171,172,173,174,175,176,183,184,190,192,193,194,195,196,197,198,202,209,210,211,212,214,215,216,217,218,219,220,224,228,229,230,231,232,233,234,235,236,237,238,239,240,241,242,252,254,255,256,257,258,259,260,261,262,263,264,272,273,274,277,278,279,280,281,282,283,284,286,302,303,304,305,308,314,316,323,324,325
112,112,119
18,19,40,42,61,64,66,85,86,87,95,100,101,107,108,120,126,127,128,129,132,138,140,141,148,149,150,151,152,153,161,162,163,164,168,169,171,172,173,174,175,176,183,184,190,191,192,193,194,195,196,197,198,209,210,211,212,213,214,215,216,217,219,220,224,228,229,230,231,232,233,234,235,236,237,238,239,241,252,254,255,256,257,258,259,260,261,262,263,272,273,275,277,278,279,280,281,282,283,284,291,301,302,303,304,305,306,307,314,316,320,323,324,325,326,327,328,329,330
373,373,136
18,19,22,40,44,64,66,84,85,86,88,93,100,101,107,108,110,116,119,120,121,126,127,128,129,131,132,140,141,142,144,147,148,149,150,152,153,154,160,162,163,164,165,166,167,169,170,171,172,173,174,175,176,180,181,183,184,185,188,190,191,192,193,194,195,196,197,198,203,206,209,210,211,212,213,214,215,216,217,218,219,220,224,228,229,231,232,233,234,235,236,237,238,239,240,241,242,250,252,254,255,256,258,259,260,261,262,263,264,271,272,275,276,277,278,279,280,281,282,283,284,301,302,303,304,305,308,310,314,315,316,321,323,324,325,330
54,54,124
17,44,65,66,85,86,87,101,107,108,119,120,126,127,129,130,138,139,141,146,147,149,150,151,152,153,154,159,161,162,170,171,172,173,174,175,176,183,184,185,190,191,192,193,194,195,196,197,198,206,209,210,211,212,213,214,215,216,217,218,219,220,224,229,230,231,232,233,234,235,236,237,238,239,240,241,242,251,252,254,255,256,257,258,259,260,261,262,263,264,272,273,274,275,276,277,278,279,280,281,282,283,284,285,286,288,298,300,301,302,303,304,305,306,308,314,321,323,324,325,326,327,328,329
364,364,135
18,40,43,64,65,80,85,86,87,93,94,101,107,116,119,126,127,128,129,130,132,138,139,140,141,146,148,149,150,151,152,153,154,161,162,163,164,165,166,169,170,171,172,173,174,175,176,180,183,184,185,192,193,194,195,196,197,198,203,206,209,210,211,213,214,215,216,217,218,219,220,224,228,230,231,232,233,234,235,236,237,239,240,241,242,244,251,252,253,254,255,256,257,258,259,260,261,262,263,264,272,273,274,275,276,277,278,279,280,281,282,283,284,285,286,293,295,296,297,300,301,302,303,304,305,314,315,321,322,323,324,325,326,327,330
357,357,133
18,65,85,86,87,93,94,101,107,108,116,117,118,119,126,128,131,132,138,139,146,147,148,150,151,153,154,160,161,163,164,168,169,170,171,172,173,174,175,176,181,182,183,184,185,191,192,193,194,195,196,197,198,203,206,207,209,210,211,212,213,214,215,216,217,218,219,220,224,230,231,232,233,234,235,236,237,238,239,240,241,242,251,252,253,254,255,256,257,258,259,260,261,262,263,271,272,273,274,275,276,277,278,279,280,281,282,283,284,286,294,297,298,299,300,301,302,303,304,305,307,308,309,315,322,323,324,325,326,327,328,329,330
84,84,125
18,44,65,66,80,87,88,94,95,108,109,115,119,123,129,130,132,138,139,146,147,150,151,152,153,160,161,162,163,168,171,172,173,174,175,176,181,182,183,184,185,191,192,193,194,195,196,197,198,203,206,209,210,211,212,213,214,215,216,217,218,219,220,224,230,231,232,233,234,235,236,237,238,239,240,241,242,251,252,253,254,255,256,257,258,259,260,261,263,264,271,272,273,274,275,276,277,278,279,280,281,282,283,284,285,286,293,294,297,298,300,301,302,303,304,305,306,307,308,315,323,324,325,326,327
91,91,134
18,22,40,44,63,65,86,87,88,107,109,115,117,120,123,129,130,138,139,147,148,149,151,152,154,160,161,162,163,164,168,171,172,173,174,175,176,182,183,184,185,192,193,194,195,196,197,198,203,206,207,209,210,211,214,215,216,217,218,219,220,224,230,231,232,233,234,235,236,237,238,239,240,241,242,251,252,253,254,255,256,257,258,259,260,261,262,263,264,271,272,273,274,275,276,277,278,279,280,281,282,283,284,285,293,294,295,296,298,299,300,301,302,303,304,305,306,307,308,315,316,317,318,319,321,322,323,324,325,326,327,328,329,330
360,360,141
14,15,18,40,41,42,43,44,59,63,64,65,66,80,84,85,86,87,88,97,98,105,106,107,108,109,118,119,120,128,129,130,138,139,140,141,142,146,147,148,149,150,151,152,153,154,160,161,162,163,164,165,166,167,168,169,170,171,174,175,176,182,183,184,185,190,192,196,197,198,203,205,206,207,208,209,210,217,218,219,220,224,227,228,230,235,240,241,242,249,250,254,257,258,259,260,261,262,263,264,265,270,271,272,278,279,280,281,282,283,284,285,286,292,293,295,299,300,301,302,303,304,305,306,307,308,314,315,316,317,320,321,322,323,324,325,326,327,328,329,330
485,485,134
1,44,65,74,75,87,88,96,97,98,107,109,117,118,119,120,129,130,131,138,139,141,150,151,152,154,160,161,162,163,169,171,172,173,174,175,176,182,183,184,185,193,194,195,196,197,198,203,206,209,210,211,215,216,217,218,220,227,228,230,231,232,233,234,235,236,237,238,239,240,241,242,249,250,251,252,253,254,255,257,258,259,260,261,262,263,264,270,271,272,273,274,275,276,277,278,279,280,281,282,283,284,285,286,292,293,295,296,297,298,299,300,301,302,303,304,305,306,307,308,315,316,317,319,321,322,323,324,325,326,327,328,329,330
90,90,125
22,40,43,66,86,98,108,139,151,152,153,154,160,161,162,163,165,169,171,172,173,174,175,176,182,183,184,185,190,193,194,195,196,197,198,203,206,207,209,210,211,213,215,216,217,218,220,224,228,230,231,232,233,234,235,236,237,239,240,241,242,249,250,251,252,253,254,255,256,257,258,259,260,261,262,263,264,270,271,272,273,274,275,276,277,278,279,280,281,282,283,284,285,286,292,293,295,296,297,298,299,300,301,302,303,304,305,306,307,314,316,317,318,319,320,321,322,323,324,325,326,327,328,329,330
82,82,125
28,65,66,74,95,96,97,98,107,117,118,119,129,139,141,150,151,152,153,154,160,161,162,164,165,169,173,174,175,176,182,184,185,193,195,196,197,198,203,205,206,209,210,211,216,217,218,219,220,224,227,230,231,232,233,234,236,237,239,240,241,242,249,252,253,254,255,256,257,258,259,261,262,263,264,270,271,272,273,274,275,276,277,278,279,280,281,282,283,284,285,286,292,293,294,295,296,297,298,299,300,301,302,303,304,305,306,307,308,314,316,317,318,319,320,321,322,323,324,325,326,327,328,329,330
330,330,135
7,8,29,51,65,66,86,95,96,97,98,107,108,119,120,139,140,141,148,154,160,161,162,164,170,172,173,174,175,182,183,184,185,192,193,194,195,196,197,198,202,203,205,206,209,210,211,212,214,216,217,218,219,220,224,228,229,230,231,232,233,234,235,236,237,238,239,240,241,242,249,250,252,253,254,255,256,257,258,259,260,261,262,263,264,270,271,272,273,274,275,276,277,278,279,280,282,283,284,285,286,292,293,294,295,296,297,298,299,300,301,302,303,304,305,306,307,308,314,315,316,317,318,319,320,321,322,323,324,325,326,327,328,329,330
12,12,130
1,22,29,44,65,74,95,96,97,98,117,118,119,120,126,139,140,141,142,148,150,153,154,161,162,163,164,171,172,173,174,175,176,182,183,184,185,193,194,195,197,198,203,205,206,207,209,211,213,215,216,217,218,219,220,224,227,228,230,231,232,233,234,236,237,239,240,241,242,249,252,253,254,255,256,257,261,262,263,264,270,272,273,274,275,276,277,278,279,280,281,282,283,284,285,286,292,293,294,295,296,297,298,299,300,301,302,303,304,305,306,307,308,314,315,316,317,318,319,320,321,322,323,324,325,326,327,328,329,330
57,57,114
8,74,86,96,97,98,108,118,119,120,129,148,149,161,163,164,165,170,174,176,182,183,184,185,186,193,195,196,197,202,203,205,206,207,209,210,211,212,214,216,217,218,219,220,224,228,230,235,240,241,242,249,250,253,254,256,257,258,259,262,263,264,270,271,272,273,274,275,276,277,278,279,280,281,282,283,284,285,286,291,292,293,294,295,296,297,298,299,300,301,302,303,304,305,306,307,308,314,315,316,317,318,319,320,321,322,323,324,325,326,327,328,329,330
487,487,137
7,11,29,35,36,38,44,49,51,59,65,66,74,86,87,95,96,97,98,107,115,117,118,119,120,132,139,141,143,149,153,154,160,164,172,173,174,176,182,184,185,186,193,194,195,196,197,198,203,206,207,209,210,211,212,215,216,218,220,224,227,228,230,231,232,233,234,238,239,240,241,242,249,250,251,252,253,254,255,256,257,258,259,260,261,262,263,264,270,271,273,274,276,277,278,279,280,281,282,283,284,285,286,292,293,294,295,296,297,298,299,300,301,302,303,304,305,306,307,308,314,315,316,317,318,319,320,321,322,323,324,325,326,327,328,329,330
57,57,129
8,29,40,51,65,74,75,95,96,97,98,100,117,118,119,120,126,138,139,140,141,142,148,149,150,151,152,153,154,161,162,166,173,175,176,182,183,184,185,186,191,194,195,197,198,203,205,206,209,210,212,216,217,218,219,220,227,228,230,231,232,233,234,235,238,239,241,242,250,252,253,254,255,257,259,260,261,262,263,264,270,272,273,274,275,276,277,278,279,280,281,282,283,284,285,286,292,293,294,295,296,297,298,299,300,301,302,303,304,306,307,308,314,315,316,317,318,319,320,321,322,323,324,325,326,327,328,329,330
111,111,139
8,12,14,15,17,29,35,36,37,38,41,51,59,66,86,96,108,118,119,120,122,129,139,140,141,142,143,145,146,148,149,150,151,153,154,161,162,163,166,167,168,171,173,176,182,183,184,185,186,193,195,196,197,198,205,206,207,209,210,211,212,213,215,216,217,218,219,220,224,227,228,229,230,231,233,235,238,239,240,241,242,249,250,251,252,253,254,255,256,257,258,260,261,262,263,264,270,271,272,273,274,275,276,277,278,279,280,281,282,283,284,285,286,292,293,294,295,296,297,298,299,300,304,305,306,307,308,314,315,316,317,318,319,320,325,326,327,328,329
2,2,133
9,14,30,35,52,59,80,87,96,97,98,101,109,118,119,120,121,139,140,141,142,148,149,151,154,161,162,163,164,169,170,172,174,175,182,183,184,185,186,193,194,196,197,198,205,206,207,209,210,211,212,216,218,219,220,224,227,228,230,232,233,234,235,236,238,239,240,241,242,249,250,252,253,254,255,256,258,259,260,261,262,263,264,270,271,272,273,274,275,276,277,278,279,280,281,282,283,284,285,286,292,293,294,295,296,297,298,299,300,301,302,303,304,305,306,307,308,314,315,316,317,318,319,320,321,322,323,324,326,327,328,329,330
40,40,137
1,11,12,16,17,30,35,37,52,59,65,88,96,97,98,108,109,118,119,120,121,129,130,139,140,141,142,144,151,152,153,161,162,163,165,167,168,170,173,174,182,183,184,185,186,187,193,195,196,197,198,203,205,206,207,209,210,211,212,214,215,216,218,219,220,224,227,228,230,234,239,240,241,242,249,250,251,252,253,254,255,256,257,261,262,263,264,270,271,272,273,274,275,276,277,278,279,280,281,282,283,284,285,286,292,293,294,295,296,297,298,299,300,301,302,303,304,305,306,307,308,314,315,316,317,318,319,320,321,322,323,324,325,326,327,328,329
296,296,145
1,9,10,11,12,13,15,30,32,34,35,37,38,44,59,65,66,87,88,95,96,97,98,99,101,109,118,119,120,121,140,141,142,152,154,161,162,163,164,165,169,170,171,174,175,176,182,183,184,185,186,193,196,197,198,203,205,206,207,209,210,211,213,215,216,217,218,219,220,224,227,228,230,231,232,233,234,235,237,238,239,240,241,242,249,250,251,252,253,254,255,259,260,261,262,263,264,270,271,272,273,274,275,276,277,278,279,280,283,284,285,286,292,293,294,295,296,297,298,299,300,301,302,303,304,305,306,307,314,315,316,317,318,319,320,321,322,323,324,325,326,327,328,329,330
16,16,133
1,12,13,17,22,50,51,59,96,97,98,99,100,108,118,119,120,121,122,130,140,141,142,146,151,154,161,163,164,165,166,167,168,172,174,182,183,184,185,186,187,188,189,194,195,197,203,205,206,207,209,210,211,216,217,218,219,220,224,227,228,229,230,231,232,235,236,238,239,240,241,242,249,250,251,252,253,254,255,257,258,260,261,262,263,264,270,271,272,273,274,275,276,277,278,279,280,281,284,286,292,293,294,295,296,297,298,299,300,301,302,303,304,305,306,307,308,314,315,316,317,318,319,320,321,322,323,324,325,326,327,328,329
183,183,141
1,9,11,12,13,14,20,35,36,37,52,59,75,80,88,96,97,98,99,101,119,120,121,131,139,140,141,142,145,150,160,161,162,163,164,165,167,169,170,174,175,182,183,184,185,188,191,195,196,197,198,205,206,207,209,210,211,212,213,214,216,217,218,219,220,224,227,228,230,231,233,234,235,236,237,238,239,240,241,242,249,250,251,252,253,255,256,259,260,261,262,263,264,270,271,272,273,274,275,276,277,278,280,281,284,285,286,292,293,294,295,296,297,298,299,300,301,302,303,304,305,306,307,308,314,315,316,317,318,319,320,321,322,323,324,325,326,327,328,329,330
100,100,135
1,9,13,20,22,31,37,38,43,44,59,66,88,96,97,98,109,110,118,119,120,121,129,130,140,141,142,146,148,150,154,161,162,163,164,165,168,170,172,173,174,176,182,183,184,185,187,188,194,195,198,203,205,206,207,209,210,211,212,215,216,218,219,220,224,227,228,229,230,231,232,234,237,238,240,241,242,249,250,251,252,253,254,256,258,261,262,263,264,270,271,272,273,274,275,276,277,278,279,283,284,285,286,292,293,294,295,296,297,298,299,300,301,303,304,305,306,307,308,314,315,316,317,318,319,320,321,322,323,325,326,327,328,329,330
108,108,132
8,9,11,12,13,14,50,51,52,86,97,100,101,119,120,121,122,129,139,140,141,142,150,161,162,163,164,165,168,169,171,174,175,182,183,184,185,186,187,188,195,196,197,203,205,206,207,209,210,211,212,213,214,217,218,219,224,227,228,229,230,231,232,234,235,236,238,239,240,241,242,249,250,251,252,253,254,255,256,257,259,261,262,263,264,270,271,272,273,274,275,276,277,279,280,281,283,284,285,286,292,293,294,295,296,297,298,299,300,301,304,305,306,307,308,314,315,316,317,318,319,320,321,322,323,324,325,326,327,328,329,330
434,434,130
10,17,35,44,50,51,57,59,64,65,66,87,88,96,99,119,120,122,129,131,132,139,140,141,142,149,154,160,161,162,163,164,165,167,173,175,176,182,183,184,185,187,188,191,195,196,197,203,205,206,207,209,210,211,215,216,217,218,219,220,224,227,228,229,230,231,232,233,237,238,239,240,241,242,247,249,250,251,252,253,254,255,261,262,263,264,270,271,272,273,274,275,276,277,283,284,285,286,292,293,294,295,296,297,298,299,300,301,303,304,306,307,308,314,315,316,317,318,319,320,321,322,323,324,325,326,327,328,329,330
165,165,137
11,12,13,15,17,20,35,37,38,39,44,58,59,64,88,96,97,98,99,100,101,104,109,119,120,122,129,132,141,142,143,148,149,150,152,162,163,164,165,167,168,170,171,182,183,184,185,186,187,188,190,191,194,195,205,206,207,208,209,210,211,213,214,215,216,217,218,219,220,224,228,229,230,231,232,233,234,238,239,240,241,242,250,251,252,253,254,255,256,257,261,262,263,264,271,272,273,274,275,276,277,278,279,284,285,286,292,294,295,296,297,298,299,300,301,302,303,305,306,307,308,314,315,316,317,318,319,320,321,322,323,324,326,327,328,329,330
198,198,132
3,35,36,52,66,74,88,95,96,97,100,101,109,110,118,120,131,139,141,142,144,145,149,154,161,162,163,164,165,167,168,170,171,175,176,182,183,184,185,186,187,188,189,190,191,196,197,198,203,205,206,207,208,209,210,211,212,213,217,218,219,220,224,228,229,230,231,232,233,235,238,239,240,241,242,250,251,252,253,254,255,257,258,259,260,261,262,263,264,271,272,273,274,275,276,277,280,281,282,283,284,285,286,292,293,294,295,296,297,299,300,304,305,306,307,308,314,315,316,317,318,319,320,321,322,324,325,326,327,328,329,330
418,418,112
11,12,22,44,52,66,73,74,88,96,97,118,119,120,122,130,131,141,144,146,147,148,149,150,152,161,162,163,164,165,168,169,170,176,182,183,184,185,186,187,188,189,191,192,194,206,207,208,209,210,211,213,216,219,220,224,228,229,230,232,233,234,235,236,237,238,239,240,241,242,250,251,252,253,254,255,256,257,258,259,260,261,262,263,264,272,273,274,275,276,277,278,280,281,282,283,284,285,286,298,299,300,301,302,303,304,305,306,307,308,322,323
108,108,84
10,35,36,37,43,44,63,73,74,84,95,96,98,105,106,108,109,118,119,120,131,139,141,142,149,153,154,161,162,163,164,165,167,168,170,171,173,175,182,183,184,185,186,187,188,190,192,195,196,205,206,207,208,209,210,211,212,213,215,218,219,220,231,233,234,235,236,237,238,239,240,241,242,254,255,256,260,261,262,263,264,284,285,286
65,65,4
288,289,312,313
492,492,30
199,200,221,222,223,224,243,244,245,246,247,248,265,266,267,268,269,271,287,288,289,290,291,292,293,309,310,311,312,313
49,49,49
111,133,134,135,155,156,177,178,179,199,200,201,202,203,221,222,223,224,225,243,244,245,246,247,248,249,265,266,267,268,269,270,272,273,287,288,289,290,291,292,293,295,311,312,313,314,315,316,317
272,272,63
45,46,67,68,69,89,90,91,92,111,112,113,133,134,135,155,156,157,158,177,178,179,180,181,182,199,200,201,202,203,204,205,221,222,223,224,225,226,227,228,229,243,244,245,246,247,248,249,250,251,252,265,266,267,268,271,272,273,274,275,289,291,292
364,364,68
1,2,23,24,25,45,46,47,49,67,68,69,70,89,90,91,92,111,112,113,114,115,116,133,134,135,136,137,138,155,156,157,158,159,160,161,177,178,179,180,181,182,183,184,199,200,201,202,203,204,205,206,207,223,224,225,226,227,228,229,230,231,247,248,249,251,252,253
316,316,61
1,2,3,4,5,6,23,24,25,26,27,28,45,46,47,48,49,50,67,68,69,70,71,72,89,90,91,92,93,94,95,111,112,113,114,115,116,117,118,133,134,135,136,137,138,139,140,156,157,158,159,160,161,162,178,179,180,248,250,273,283
237,237,53
1,2,3,4,5,23,24,25,26,27,28,45,46,47,48,49,50,67,68,69,70,71,72,89,90,91,92,93,94,95,111,112,113,114,115,116,117,133,134,135,136,137,138,140,157,158,159,181,204,205,228,251,274
245,245,38
1,2,3,4,5,6,7,8,23,24,25,26,27,28,45,46,47,48,67,68,69,70,71,89,90,91,92,93,94,112,114,115,116,117,137,138,139,206
409,409,11
1,2,3,23,24,25,26,46,47,69,70
166,166,14
44,64,65,66,86,87,88,108,109,110,131,132,154,176
393,393,41
17,19,21,22,39,40,41,43,44,62,63,64,65,66,85,86,87,88,107,108,109,110,129,130,131,132,148,149,150,151,152,153,154,175,176,191,198,220,271,294,322
271,271,46
17,18,19,21,22,39,41,42,43,44,60,64,65,66,86,87,88,107,108,109,110,118,129,130,131,132,152,153,154,155,175,176,181,197,198,219,220,224,230,233,252,271,292,294,295,316
195,195,19
66,85,87,107,108,109,130,131,132,152,153,154,174,175,176,197,198,219,242
552,552,19
235,255,256,277,278,295,299,300,301,302,316,317,318,321,322,323,324,325,326
154,154,26
3,251,252,253,254,271,272,273,274,275,276,293,294,295,296,297,298,299,315,316,317,318,319,320,321,322
237,237,46
117,139,140,142,160,161,162,163,182,183,184,185,186,204,205,206,207,226,227,228,229,230,245,248,249,250,251,252,270,271,272,273,274,275,291,292,293,294,295,296,313,314,315,316,317,318
120,120,45
117,138,139,140,159,160,161,181,182,183,184,188,202,203,204,205,206,225,226,227,228,246,247,248,249,250,267,268,269,270,271,272,289,290,291,292,293,294,295,311,312,313,314,315,316
73,73,40
93,115,116,136,137,138,158,159,160,179,180,181,182,201,202,203,204,222,223,224,225,226,245,246,247,266,267,268,269,270,288,289,290,291,292,309,310,311,312,313
134,134,31
70,91,112,113,114,134,135,136,156,157,177,178,179,199,200,201,221,222,223,243,244,245,265,266,267,287,288,289,309,310,311
95,95,15
1,45,46,67,89,90,111,133,134,155,177,199,221,243,287
52,52,21
65,66,108,169,173,175,176,194,196,197,198,215,216,217,218,219,220,239,240,241,242
341,341,71
14,21,22,35,36,38,41,42,44,58,59,65,66,80,86,87,88,102,107,108,110,129,130,131,132,147,149,150,153,154,170,171,172,173,174,175,176,193,195,196,197,198,217,218,219,220,236,238,239,240,241,242,259,260,261,262,263,264,278,279,284,285,286,300,301,306,307,308,323,324,330
207,207,115
15,18,19,20,21,22,36,38,41,44,45,59,60,62,63,64,66,80,81,84,85,86,87,88,102,106,107,108,109,110,127,128,129,130,131,132,145,147,148,149,150,151,152,153,154,171,172,173,174,175,176,191,192,193,194,195,196,197,198,212,213,214,215,216,217,218,219,220,234,235,236,237,238,239,240,241,242,256,257,258,259,260,261,262,263,264,278,279,280,281,282,283,284,285,286,296,297,299,300,301,302,303,304,305,306,307,308,319,321,322,323,324,325,326,327
288,288,116
2,19,21,22,36,41,42,43,44,58,59,60,63,64,66,80,81,82,84,86,87,102,103,107,108,109,110,125,127,128,129,130,131,132,145,146,147,148,149,150,152,153,154,166,168,170,171,173,174,175,176,190,192,193,194,195,196,197,198,212,213,214,215,216,217,218,219,220,230,233,234,236,237,238,239,240,241,242,256,257,258,259,260,261,262,263,264,277,278,279,280,281,282,283,284,285,286,300,301,302,303,304,305,306,307,308,321,322,323,324,325,326,327,328,329,330
240,240,122
15,19,20,21,22,34,35,36,41,42,43,44,57,59,63,64,65,66,78,79,80,81,85,86,87,88,103,106,107,108,109,110,128,129,130,131,132,143,146,147,148,149,150,151,152,153,154,170,172,173,174,175,176,191,192,193,194,195,196,197,198,210,212,213,214,215,216,217,218,219,220,231,232,234,235,236,237,238,239,240,241,242,256,257,258,259,260,261,262,263,264,276,277,279,280,281,282,283,284,285,286,299,300,301,302,303,304,305,306,307,308,319,320,321,322,323,324,325,326,327,328,330
544,544,112
13,19,21,22,34,35,36,41,43,44,58,59,63,65,66,77,80,81,87,88,103,104,107,108,109,110,127,128,130,131,132,148,149,153,154,167,168,174,175,176,192,193,194,195,196,197,198,209,210,212,213,214,215,216,217,218,219,220,231,232,233,234,235,236,237,238,239,240,241,242,255,256,257,258,259,260,261,262,263,264,276,277,278,279,280,281,282,283,284,285,286,298,299,300,301,302,303,304,305,306,307,308,321,322,323,324,325,326,327,328,329,330
461,461,119
14,15,21,22,36,37,38,41,42,43,44,59,60,63,64,65,66,67,79,80,86,87,102,103,107,108,109,125,129,130,131,132,145,147,148,150,152,154,166,167,169,172,174,175,176,188,193,194,195,196,197,198,211,213,214,215,216,217,218,219,220,231,232,233,234,235,236,237,238,239,240,241,242,254,256,257,258,259,260,261,262,263,264,273,276,277,278,279,280,281,282,283,284,285,286,294,299,300,301,302,303,304,305,306,307,308,314,319,320,321,322,323,324,325,326,327,328,329,330
460,460,121
14,21,22,35,36,37,38,42,43,44,57,58,59,60,64,66,80,81,85,86,103,107,108,109,110,124,125,127,128,131,132,147,148,149,150,151,152,154,167,168,169,171,173,174,175,176,193,194,195,196,197,198,209,212,213,214,215,216,217,218,219,220,231,232,233,234,235,236,237,238,239,240,241,242,253,254,256,257,258,259,260,261,262,263,264,271,276,277,278,279,280,281,282,283,284,285,286,292,299,300,301,302,303,304,305,306,307,308,314,318,320,321,322,323,324,325,326,327,328,329,330
134,134,100
15,21,22,35,37,38,44,56,59,60,80,81,87,103,108,109,124,131,132,145,147,154,155,167,168,171,172,176,188,193,194,195,197,198,209,210,213,214,215,216,217,218,219,220,231,232,234,235,236,237,238,239,240,241,242,254,255,257,258,259,260,261,262,263,264,271,276,277,278,279,280,281,282,283,284,285,286,293,296,298,299,300,301,302,303,304,305,306,307,308,321,322,323,324,325,326,327,328,329,330
172,172,104
14,21,36,37,44,59,64,80,86,87,102,107,108,128,129,130,131,132,150,154,168,169,171,172,173,174,176,192,193,194,195,196,197,198,212,213,214,215,216,217,218,219,220,231,232,234,235,236,237,238,239,240,241,242,253,254,255,256,257,258,259,260,261,262,263,264,271,275,276,277,278,279,280,281,282,283,284,285,286,294,296,297,298,299,300,301,302,303,304,305,306,307,308,314,319,320,321,322,323,324,325,328,329,330
520,520,127
13,22,35,37,38,44,57,58,59,60,65,77,79,80,82,87,106,107,108,109,127,128,130,131,132,145,147,148,149,150,151,152,154,167,168,169,171,172,174,176,193,194,195,196,197,198,209,210,213,214,215,216,217,218,219,220,228,230,232,234,235,236,237,238,239,240,241,242,252,253,254,255,256,257,258,259,260,261,262,263,264,273,274,276,277,278,279,280,281,282,283,284,285,286,292,293,294,295,296,297,298,299,300,301,302,303,304,305,306,307,308,314,315,316,318,319,320,321,322,323,324,325,326,327,328,329,330
156,156,111
2,14,22,36,37,38,58,59,60,65,80,86,102,108,127,130,132,148,149,150,152,154,169,171,172,173,174,176,193,194,195,196,197,198,209,213,214,215,216,217,218,219,220,231,234,235,236,237,238,239,240,241,242,253,254,255,256,257,258,259,260,261,262,263,264,272,274,275,276,277,278,279,280,281,282,283,284,285,286,292,293,294,295,296,297,298,299,300,301,302,303,304,305,306,307,308,314,315,316,317,320,321,322,323,324,325,326,327,328,329,330
141,141,119
14,36,37,42,44,59,65,80,87,107,108,109,129,130,132,145,149,151,152,154,168,169,170,171,172,173,174,176,181,192,193,194,195,196,197,198,209,210,212,213,214,215,216,217,218,219,220,230,231,232,234,235,236,237,238,239,240,241,242,251,252,253,254,255,256,257,258,259,260,261,262,263,264,271,273,274,275,276,277,278,279,280,281,282,283,284,285,286,292,294,295,296,297,298,299,300,301,302,303,304,305,306,307,308,314,315,317,319,320,321,322,323,324,325,326,327,328,329,330
132,132,104
35,44,59,60,65,87,100,101,102,122,127,128,130,148,150,152,154,169,170,171,173,174,176,191,192,193,194,195,196,197,198,209,212,213,214,215,216,217,218,219,220,230,231,234,235,236,237,238,239,240,241,242,252,253,254,256,257,258,259,260,261,262,263,264,272,273,274,275,276,277,278,279,280,281,282,283,284,285,286,294,296,297,298,299,300,301,302,303,304,305,306,307,308,317,320,321,322,323,324,325,327,328,329,330
421,421,123
34,37,38,41,44,59,64,65,66,75,82,100,102,106,107,109,122,127,128,130,131,148,149,152,154,169,170,171,172,173,174,176,189,190,192,193,194,195,196,198,209,211,212,213,214,215,216,217,218,219,220,228,230,231,232,234,235,236,237,238,239,240,241,242,250,252,253,254,256,257,258,259,260,261,262,263,264,271,272,273,275,276,277,278,279,280,281,282,283,284,285,286,292,294,295,297,298,299,300,301,302,303,304,305,306,307,308,315,316,317,318,319,320,321,322,323,324,325,326,327,328,329,330
201,201,123
15,37,41,42,60,80,82,86,87,98,99,102,109,121,122,124,125,127,128,144,148,149,150,151,152,153,168,169,170,171,172,173,176,181,191,192,193,194,195,196,197,198,209,210,212,213,214,215,216,217,218,219,220,231,232,234,235,236,237,238,239,240,241,242,251,252,253,254,256,257,258,259,260,261,262,263,264,272,273,274,275,276,277,278,279,280,281,282,283,284,285,286,292,294,295,296,297,298,299,300,301,302,303,304,305,306,307,308,315,316,317,318,320,321,322,323,324,325,326,327,328,329,330
123,123,105
13,35,41,44,60,66,75,85,102,107,108,122,123,127,148,153,168,169,173,175,176,191,192,193,194,195,196,197,198,211,212,213,214,215,216,217,218,219,220,228,230,231,234,236,237,238,239,240,241,242,250,252,253,254,255,256,257,258,259,260,261,262,263,264,272,273,274,275,276,277,278,279,280,281,282,283,284,285,286,293,296,297,298,299,300,301,302,303,304,305,306,307,308,316,317,318,321,322,323,324,325,326,327,328,329
162,162,122
37,41,44,59,60,64,86,87,100,101,102,106,107,109,121,122,123,127,128,129,130,136,147,148,151,153,154,163,168,169,170,171,173,174,175,176,191,192,193,194,195,196,198,211,212,213,214,215,216,217,218,219,220,228,230,232,234,235,236,237,238,239,240,241,242,250,251,253,255,256,257,258,259,260,261,262,263,264,272,273,274,275,276,277,278,279,280,281,282,283,284,285,286,294,295,297,298,299,300,301,302,303,304,305,306,307,308,316,317,318,319,320,321,322,323,324,325,326,327,328,329,330
424,424,130
14,15,34,35,36,37,40,41,44,57,58,59,60,64,77,80,82,85,86,100,122,127,130,132,143,144,146,150,151,152,153,154,168,169,170,172,173,175,176,192,193,194,195,197,198,210,211,212,213,214,215,216,217,218,219,220,228,231,234,235,236,237,238,239,240,241,242,250,251,252,253,254,255,256,257,258,259,260,261,262,263,264,271,272,273,274,275,276,277,278,279,280,281,282,283,284,285,286,293,294,295,296,297,298,299,300,301,302,303,304,305,306,307,308,315,316,317,318,319,320,321,322,323,324,325,326,327,328,329,330
397,397,128
18,36,37,38,41,44,56,57,58,60,65,79,81,98,99,101,102,106,107,122,123,127,128,132,143,144,148,149,151,152,163,166,169,171,172,173,175,176,186,191,192,193,194,195,196,197,198,209,210,211,212,213,214,215,216,217,218,219,220,228,232,233,234,235,236,237,238,239,240,241,242,251,252,254,256,257,258,259,260,261,262,263,264,271,273,274,275,276,277,278,279,280,281,282,283,284,285,286,288,293,294,295,296,297,298,299,300,301,302,303,304,305,306,307,308,317,318,319,320,321,322,323,324,325,326,327,328,330
99,99,130
19,35,36,37,38,41,44,57,58,59,60,64,65,85,86,87,96,100,106,107,109,120,122,123,124,127,128,143,144,148,149,150,151,153,154,166,167,169,170,171,172,173,176,185,190,191,193,194,195,196,197,198,210,212,213,214,215,216,217,218,219,220,232,233,234,235,236,237,238,239,240,241,242,250,251,252,253,254,255,256,257,258,259,260,261,262,263,264,271,272,273,274,275,276,279,280,281,282,283,284,285,286,294,295,297,298,299,300,301,302,303,304,305,306,307,308,315,317,319,320,321,322,323,324,325,326,327,328,329,330
389,389,135
18,20,36,37,41,57,58,64,65,75,78,80,81,86,100,101,102,104,105,106,107,108,124,125,127,144,146,147,148,151,152,153,167,169,170,171,172,173,174,175,176,186,189,190,191,193,194,195,196,197,198,207,211,212,213,214,215,216,217,218,219,220,228,230,231,232,233,235,236,237,238,239,240,241,242,250,253,254,255,256,257,258,259,260,261,262,263,264,271,272,274,275,276,277,278,279,280,281,282,283,284,285,286,293,294,295,296,297,298,299,300,301,302,303,304,305,306,307,308,314,316,317,318,319,320,321,322,323,324,325,326,327,328,329,330
374,374,137
14,20,36,37,38,41,58,59,62,63,64,81,82,85,86,104,106,107,108,109,123,124,126,127,144,145,148,149,150,151,152,153,154,165,166,168,169,170,171,172,173,174,176,185,186,188,189,190,192,193,194,195,196,197,198,209,210,211,212,213,214,215,216,217,218,220,228,229,231,232,233,234,235,236,237,238,239,240,241,242,252,255,256,257,258,259,260,261,262,263,264,269,272,273,274,277,278,279,280,281,282,283,284,285,286,293,294,295,296,297,298,300,301,302,303,304,305,306,307,308,314,315,316,317,318,319,320,321,322,323,324,325,326,327,328,329,330
93,93,124
35,39,40,41,57,62,63,64,65,85,87,102,106,107,108,109,118,122,127,128,129,142,144,149,150,151,152,153,169,170,172,173,174,176,189,192,193,194,195,196,198,209,210,211,212,213,214,215,216,217,218,220,230,231,232,233,234,235,236,237,238,239,240,241,242,251,252,253,254,255,256,257,258,259,260,261,262,263,264,272,273,274,275,276,277,278,279,280,281,282,283,284,285,286,293,295,297,298,299,300,301,302,303,304,305,306,307,308,314,316,317,318,319,320,321,322,323,324,325,326,327,328,329,330
105,105,128
36,37,39,41,59,63,64,81,85,86,87,104,105,108,109,121,127,130,142,143,144,149,150,151,152,153,154,165,166,169,171,172,173,174,176,186,187,189,193,194,195,196,198,206,209,211,212,213,214,215,216,217,219,220,221,228,229,231,232,233,234,235,236,237,238,239,240,241,242,250,251,252,253,254,256,257,258,259,260,261,262,263,264,272,273,274,275,278,279,280,281,282,283,284,285,286,293,295,296,297,298,299,300,301,302,303,304,305,306,307,308,313,315,316,317,318,319,320,321,322,323,324,325,326,327,328,329,330
232,232,133
35,39,41,47,57,58,59,63,64,81,85,86,107,109,123,124,125,129,130,131,142,143,145,148,150,151,152,154,166,167,168,169,170,172,173,174,185,186,187,189,191,193,194,195,196,197,198,207,209,210,211,212,213,215,216,217,218,219,220,224,228,230,231,232,233,234,235,236,237,238,239,240,241,242,250,251,252,253,254,255,256,257,258,259,260,261,262,263,264,271,273,274,275,276,277,280,281,282,283,284,285,286,293,295,296,297,298,299,300,301,302,303,304,305,306,307,308,315,316,317,318,319,320,321,322,323,324,325,326,327,328,329,330
240,240,133
20,41,59,64,65,78,81,82,85,86,87,104,105,106,109,122,123,127,128,130,131,142,143,144,150,151,152,154,165,166,167,168,169,172,173,174,175,182,186,187,188,189,190,191,193,194,195,196,197,198,207,209,211,212,213,214,215,216,217,218,220,228,231,232,233,234,235,236,237,238,239,240,241,242,250,251,252,253,254,255,256,257,258,259,260,261,262,263,264,271,273,274,275,276,277,278,280,281,282,283,284,285,286,295,296,297,298,299,300,301,302,303,304,305,306,307,308,315,316,317,318,319,320,321,322,323,324,325,326,327,328,329,330
356,356,128
39,41,44,58,59,63,64,75,81,86,106,107,125,126,127,130,142,143,148,149,150,151,152,153,154,166,167,168,169,171,172,173,174,175,176,186,187,193,194,195,196,197,198,207,209,211,212,213,214,215,216,217,218,220,228,230,231,232,233,234,236,237,238,239,240,241,242,250,251,252,253,254,255,256,257,258,259,260,261,262,263,264,271,272,274,275,276,277,278,279,280,281,282,283,284,285,286,293,295,296,297,298,299,300,301,302,303,304,305,306,307,308,315,316,317,318,319,320,321,322,323,324,325,326,327,328,329,330
68,68,108
37,39,41,59,64,86,88,108,113,128,130,131,143,145,150,151,152,154,166,167,172,173,174,176,187,192,194,195,196,197,198,207,209,210,215,216,217,218,219,220,228,231,232,233,234,235,236,237,238,239,240,241,242,250,251,252,253,254,255,257,258,259,260,261,262,263,264,272,273,274,275,276,277,278,279,280,281,282,283,284,285,286,297,299,300,302,303,304,305,306,307,308,314,316,317,318,319,320,321,322,323,324,325,326,327,328,329,330
76,76,121
14,22,37,41,44,57,59,63,64,77,81,88,104,106,107,127,130,131,148,149,151,152,165,167,169,171,172,173,174,175,176,186,187,188,193,194,195,196,197,198,207,209,212,213,214,216,217,218,220,228,229,230,231,232,234,237,238,239,240,242,250,251,252,253,254,255,256,257,258,259,260,261,262,263,264,272,273,274,275,276,277,278,279,280,281,282,283,284,285,286,293,295,296,297,298,299,300,301,302,303,304,305,306,307,308,314,316,317,318,319,320,321,322,323,324,325,326,327,328,329,330
256,256,126
22,35,36,41,44,57,58,59,65,81,85,86,87,106,109,110,121,127,128,131,142,147,148,149,150,151,152,153,154,165,167,168,169,172,173,174,175,176,182,186,187,190,192,194,195,196,197,198,207,209,210,211,212,213,214,215,216,217,218,219,220,230,231,232,233,234,235,236,237,238,239,240,241,242,250,251,252,253,254,255,256,257,258,259,260,261,262,263,264,273,274,275,276,278,279,280,281,282,283,284,285,286,295,296,297,298,302,303,304,305,306,307,308,317,318,319,320,321,322,324,325,326,327,328,329,330
566,566,119
22,37,41,43,44,65,78,85,106,109,127,128,129,130,131,142,147,148,149,151,152,153,154,166,167,168,169,170,171,172,173,174,175,176,182,186,187,188,193,194,195,196,198,207,209,212,213,214,215,216,217,218,219,220,230,231,232,233,234,235,236,237,238,239,240,242,251,252,253,254,255,256,257,258,259,260,261,262,263,264,273,274,275,276,278,279,280,281,282,283,284,285,286,296,297,298,299,300,302,303,304,305,306,307,308,315,316,317,320,321,322,323,324,325,326,327,328,329,330
21,21,115
20,37,57,59,77,86,106,109,110,127,129,130,131,147,148,149,151,153,154,165,166,167,168,171,172,173,174,175,187,188,190,191,192,194,195,196,198,206,209,211,212,213,214,215,216,217,218,219,220,230,231,232,233,234,235,236,237,238,239,240,241,242,252,254,255,256,257,259,260,261,262,263,264,273,274,275,276,277,278,279,280,281,282,283,284,285,286,293,294,296,297,298,299,300,301,302,303,304,305,306,307,308,316,318,319,320,322,323,324,325,326,327,328,329,330
337,337,131
20,35,36,37,44,56,57,59,65,77,100,106,107,109,110,124,127,128,130,147,148,149,150,152,153,154,165,166,167,168,169,171,172,173,175,176,187,188,190,193,194,195,196,197,198,203,207,210,211,212,213,214,215,216,217,218,219,220,230,231,232,233,234,235,236,237,238,239,240,241,242,250,251,252,253,254,255,256,257,258,259,260,261,262,263,264,273,274,275,276,277,278,279,280,281,282,283,284,285,286,294,295,296,297,298,299,300,301,302,303,304,305,306,307,308,315,316,317,318,319,320,321,322,323,324,325,326,327,328,329,330
565,565,121
20,37,44,59,60,65,78,79,99,107,128,130,131,143,147,148,150,151,152,153,154,165,166,167,168,169,171,172,173,174,175,176,186,187,188,189,192,195,196,197,198,210,211,212,213,214,215,216,217,218,219,220,230,231,232,233,234,235,236,237,238,239,240,241,242,250,251,252,253,254,255,256,257,258,259,260,261,262,263,264,273,274,275,277,278,279,280,281,282,283,284,285,286,294,295,296,297,298,300,301,302,303,304,305,306,307,308,315,316,317,318,319,321,322,324,325,326,327,328,329,330
42,42,105
37,44,57,59,65,78,83,130,131,147,148,149,150,151,152,153,168,170,172,173,175,176,188,191,192,194,195,196,197,198,207,211,212,213,214,215,216,217,218,219,220,229,230,231,232,233,234,235,236,237,238,239,240,241,242,253,254,255,256,257,258,259,260,261,262,263,264,274,275,277,278,279,280,281,282,283,284,285,286,296,297,298,299,300,301,302,303,304,305,306,307,308,316,318,320,321,322,323,324,325,326,327,328,329,330
81,81,125
37,55,59,60,65,66,88,100,101,106,126,127,130,132,148,149,150,151,152,153,154,165,166,167,168,169,172,173,174,175,176,186,187,188,189,190,192,194,195,196,197,198,211,212,213,214,215,216,217,218,219,220,229,230,231,232,233,234,235,236,237,238,239,240,241,242,250,251,252,253,254,255,257,258,259,260,261,262,263,264,273,274,275,276,277,278,279,280,281,282,283,284,285,286,294,295,296,297,298,299,300,301,302,303,304,305,306,307,308,315,316,317,318,319,320,321,322,323,324,325,326,327,328,329,330
301,301,124
37,43,59,65,78,80,88,106,107,110,127,130,131,147,148,149,150,151,152,153,154,165,166,168,169,171,172,173,174,175,176,186,187,188,189,191,192,193,194,195,196,197,198,207,211,212,213,214,215,216,217,218,219,220,229,230,231,232,233,234,235,236,237,238,239,240,241,242,250,253,254,255,256,257,258,259,260,261,262,263,264,271,274,275,276,277,278,279,280,281,282,283,284,285,286,295,296,297,299,300,301,302,303,304,305,306,307,308,315,316,317,318,319,320,321,322,323,324,325,326,327,328,329,330
10,10,118
56,59,65,78,79,85,86,100,101,106,107,110,127,130,131,147,148,149,150,151,152,153,154,166,167,168,169,172,173,174,175,176,188,189,190,192,193,194,195,196,197,210,211,212,213,215,216,217,218,219,220,230,231,232,233,234,235,236,237,238,239,240,241,242,250,252,254,255,256,257,258,259,260,261,262,263,264,274,275,277,278,279,280,281,282,283,284,285,286,293,295,296,297,298,299,300,301,302,303,304,305,306,307,308,317,318,319,320,321,322,323,324,325,326,327,328,329,330
48,48,119
22,33,37,56,57,58,59,65,66,78,79,80,86,88,99,100,107,110,147,148,151,152,153,168,170,172,173,174,175,176,186,187,188,189,190,191,192,193,195,196,197,198,208,211,212,213,214,215,216,217,220,229,230,231,233,234,235,236,237,238,239,242,250,251,252,254,255,256,257,258,259,260,261,262,263,264,274,275,276,277,278,279,280,281,282,283,284,285,286,293,295,296,297,298,299,300,301,302,303,304,305,306,307,308,315,316,317,318,319,321,322,323,324,325,326,327,328,329,330
511,511,133
19,20,22,34,37,56,57,59,66,78,80,86,88,100,106,107,110,122,126,127,128,131,132,142,147,148,149,150,151,152,153,154,164,166,167,168,169,172,173,174,175,176,186,188,189,190,191,192,194,195,196,197,198,206,208,211,212,213,214,215,216,217,218,219,220,229,231,232,233,234,235,236,237,238,239,240,241,242,250,252,253,254,255,256,257,258,259,260,261,262,263,264,272,274,275,276,277,278,279,280,281,282,283,284,285,286,296,297,298,299,300,301,302,303,304,305,306,307,308,317,318,319,320,321,322,323,324,325,326,327,328,329,330
118,118,128
19,20,21,22,34,36,37,40,48,56,57,58,59,66,78,79,80,86,88,99,100,110,121,127,131,132,142,147,151,152,153,154,166,167,168,170,173,174,175,176,186,189,192,193,194,195,196,197,198,208,209,212,213,214,215,216,217,218,219,220,229,230,231,232,233,234,235,236,237,238,239,240,241,242,250,251,253,254,255,256,257,258,259,260,261,262,263,264,275,276,277,278,279,280,281,282,283,284,285,286,296,297,298,299,300,301,302,303,304,305,306,307,308,315,317,318,319,320,321,322,323,324,325,326,327,328,329,330
458,458,114
19,22,40,56,78,80,88,99,100,107,122,127,128,131,132,147,149,151,152,154,166,167,168,169,172,173,174,175,176,188,189,190,192,194,196,197,198,203,207,208,210,211,212,213,214,215,216,217,218,219,229,230,232,233,234,235,236,237,238,239,240,241,242,255,256,257,258,259,260,261,262,263,264,274,275,276,277,278,279,280,281,282,283,284,285,286,293,294,296,297,298,299,301,302,303,304,305,306,307,308,317,318,319,320,321,322,323,324,325,326,327,328,329,330
457,457,135
19,20,21,22,37,56,59,64,79,80,81,82,88,99,100,104,106,107,110,122,126,127,147,148,149,151,152,153,154,167,168,169,170,171,172,173,174,175,176,182,186,187,188,189,190,193,194,195,196,197,198,203,208,211,212,214,215,216,217,218,219,220,224,229,230,231,232,233,235,236,237,238,239,240,241,242,250,251,252,253,254,255,256,257,258,259,260,261,262,263,264,273,274,275,276,277,278,279,280,281,282,283,284,285,286,295,296,297,298,299,300,301,302,303,304,305,306,307,308,310,315,316,318,319,320,321,322,323,324,325,326,327,328,329,330
215,215,131
19,20,21,22,44,55,56,59,64,79,80,81,82,100,104,105,106,107,110,126,127,132,143,147,148,151,152,154,166,168,169,170,173,174,175,176,186,187,188,189,190,192,194,195,196,197,198,203,207,208,209,210,211,212,213,214,215,216,217,218,219,220,229,230,231,232,233,234,235,236,237,238,239,240,241,242,250,253,254,255,256,257,258,259,260,261,262,263,264,271,272,275,276,277,278,279,280,281,282,283,284,285,286,293,294,297,298,299,300,301,302,303,304,305,306,307,308,316,318,319,320,321,322,323,324,325,326,327,328,329,330
442,442,116
6,19,20,21,22,59,64,80,81,82,86,100,105,106,107,110,122,127,128,131,148,149,152,168,169,170,173,174,175,176,186,187,188,192,193,194,195,196,197,198,203,208,211,212,214,215,216,217,218,219,220,229,230,232,233,236,237,238,239,240,241,242,253,254,255,257,258,259,260,261,262,263,264,272,274,275,276,277,278,279,280,281,282,283,284,285,286,295,296,297,298,299,300,301,302,303,304,305,306,307,308,315,316,317,319,320,321,322,323,324,325,326,327,328,329,330
284,284,127
6,14,18,19,20,21,22,56,80,81,82,86,100,104,105,107,110,122,125,127,132,147,148,149,151,152,168,170,171,172,173,174,175,176,186,187,192,193,194,195,196,197,198,207,208,209,210,211,213,214,215,216,217,218,219,220,229,230,231,232,233,234,235,236,237,238,239,240,241,242,252,253,254,255,256,257,258,259,260,261,262,263,264,273,274,275,276,277,278,279,280,281,282,283,284,285,286,293,295,297,298,299,300,301,302,303,304,305,306,307,308,314,315,316,317,319,320,321,322,323,324,325,326,327,328,329,330
444,444,104
6,19,20,21,22,81,82,88,100,104,105,106,107,127,128,132,148,149,151,152,154,167,168,171,173,174,176,186,187,194,195,196,197,198,207,215,216,217,218,219,220,224,229,230,231,232,233,236,237,238,239,240,241,242,251,252,253,254,255,257,258,259,260,261,262,263,264,275,276,278,279,280,281,282,283,284,285,286,295,296,297,298,299,300,301,302,303,304,305,306,307,308,319,320,321,322,323,324,325,326,327,328,329,330
435,435,115
6,7,12,14,18,19,20,21,22,42,44,64,73,86,98,100,106,107,125,126,127,128,146,147,148,149,151,152,168,169,170,171,172,174,176,187,193,194,195,196,197,198,212,215,216,217,218,219,220,229,230,231,232,233,235,236,237,238,239,240,241,242,251,253,254,255,257,258,259,260,261,262,263,264,271,275,276,277,278,279,280,281,282,283,284,285,286,293,295,296,297,298,299,300,301,302,303,304,305,308,315,317,318,319,320,321,322,323,324,325,326,327,328,329,330
446,446,111
6,8,13,19,20,21,28,34,42,43,44,47,49,105,106,107,124,125,126,127,132,145,147,148,149,150,151,167,168,171,172,174,186,187,195,196,197,198,215,216,217,218,219,220,224,229,230,231,232,233,236,237,238,239,240,241,242,252,253,254,255,257,258,259,260,261,262,263,264,274,275,276,277,278,279,280,281,282,283,284,285,286,288,295,296,297,298,299,300,301,302,303,304,305,306,307,308,309,314,319,320,321,322,323,324,325,326,327,328,329,330
190,190,101
6,7,8,14,19,20,21,22,28,36,37,42,43,44,85,88,100,105,106,107,125,126,127,128,132,147,148,149,150,166,168,169,170,171,172,174,186,187,192,194,195,196,197,198,209,210,213,214,216,217,218,219,220,229,230,231,232,234,235,236,237,238,239,240,241,242,252,253,254,255,256,257,258,259,260,261,262,263,264,274,275,276,277,278,279,280,281,282,283,284,285,286,301,302,303,304,305,306,307,308,330
108,108,51
7,13,14,18,19,20,21,22,42,50,85,105,106,119,126,127,147,148,149,150,151,167,168,169,170,172,173,174,186,194,195,196,197,207,216,217,218,219,220,237,238,239,240,241,242,259,260,261,262,263,264
521,521,16
265,266,267,268,269,287,288,289,290,291,292,309,310,311,313,314
494,494,38
177,199,200,201,202,221,222,223,225,226,243,244,245,246,247,248,250,265,266,267,268,271,287,288,289,290,291,292,293,309,310,311,312,313,314,315,316,317
482,482,56
133,134,135,139,155,156,157,158,177,178,179,180,181,199,200,201,202,203,204,221,222,223,224,225,227,228,243,244,245,246,247,248,249,250,265,266,268,270,271,272,273,287,291,292,293,294,295,296,297,314,315,316,317,318,319,320
21,21,69
45,67,68,89,90,91,111,112,113,114,133,134,135,136,137,138,139,155,156,157,158,159,160,162,177,178,179,180,181,182,184,199,200,201,202,203,204,205,206,221,222,223,224,225,226,227,228,245,246,247,248,249,250,251,252,253,254,270,271,272,273,274,275,276,293,295,296,297,299
300,300,74
1,2,23,24,25,26,45,46,47,48,49,50,67,68,69,70,89,90,91,92,93,95,111,112,113,114,115,117,133,134,135,136,137,138,139,155,156,157,158,159,160,161,162,177,178,179,180,181,182,183,184,185,199,200,201,202,203,204,205,206,207,208,228,229,230,231,250,252,253,254,272,273,274,277
316,316,65
1,2,3,4,5,6,7,8,23,24,25,26,27,28,29,30,31,45,46,47,48,49,50,51,52,53,67,68,69,70,71,72,73,74,75,89,90,91,92,93,94,95,133,178,179,180,181,183,184,199,200,201,202,203,204,205,206,209,210,227,230,231,232,252,253
332,332,50
1,2,3,4,5,6,7,8,23,24,25,26,27,28,29,30,31,47,48,49,50,51,52,53,54,67,69,70,72,73,74,75,89,90,97,98,111,112,113,133,134,135,136,158,159,162,182,184,208,210
462,462,24
1,2,3,4,5,6,7,8,23,24,25,26,27,28,29,30,45,46,50,68,69,76,91,160
28,28,7
18,19,20,21,41,42,224
443,443,27
17,18,19,20,21,22,39,40,41,42,43,44,63,64,65,85,87,88,106,107,109,110,130,131,132,154,314
546,546,22
17,18,19,20,21,22,40,41,42,43,63,64,65,66,85,88,105,110,131,153,154,314
51,51,1
186
436,436,22
235,236,255,256,257,258,259,277,278,279,280,281,299,300,301,302,321,322,323,324,325,326
143,143,39
209,210,211,212,231,232,233,234,235,253,254,255,256,257,258,259,274,275,276,277,278,279,280,281,297,298,299,300,301,302,316,318,319,320,321,322,323,324,325
150,150,35
185,186,207,208,209,229,230,231,232,233,250,251,252,253,254,255,272,273,274,275,276,277,278,295,296,297,298,299,300,317,318,319,320,321,322
473,473,56
32,49,54,96,98,119,120,141,142,163,164,185,186,206,207,208,226,227,228,229,230,231,232,247,248,249,250,251,252,253,254,269,270,271,272,273,274,275,291,292,293,294,295,296,297,298,299,312,313,314,315,316,317,318,319,320
466,466,53
51,73,74,95,96,117,118,119,139,140,141,160,161,162,182,183,184,204,205,206,223,225,226,227,228,246,247,248,249,250,267,268,269,270,271,272,273,288,289,290,291,292,293,294,295,310,311,312,313,314,315,316,317
318,318,48
28,49,50,71,72,73,93,94,95,114,115,138,159,160,181,182,201,202,203,204,222,223,224,225,226,244,245,246,247,248,265,266,267,268,269,270,287,288,289,290,291,292,309,310,311,312,313,314
535,535,38
26,47,48,69,70,90,91,92,112,113,114,156,178,179,199,200,201,202,221,222,223,224,243,244,245,246,252,265,266,267,268,287,288,289,290,309,310,311
427,427,21
1,2,3,23,24,45,46,67,68,89,90,111,112,133,177,199,221,243,265,287,309
445,445,9
21,41,43,64,65,84,104,107,140
221,221,55
19,20,21,22,36,41,42,43,44,60,63,64,65,66,82,83,84,85,86,87,103,104,105,106,107,108,109,110,124,125,126,127,128,129,130,131,132,147,148,151,152,153,154,171,172,173,174,175,198,199,285,286,307,308,330
492,492,46
19,20,21,22,33,36,40,41,42,43,44,56,62,63,64,65,66,84,85,86,87,101,103,104,105,106,107,110,126,127,128,130,131,132,148,151,152,154,172,173,174,175,264,286,308,330
291,291,101
8,9,10,11,15,16,17,20,21,22,30,32,33,34,35,36,37,38,39,42,43,44,53,54,55,56,58,61,63,64,65,66,74,78,80,81,82,83,84,85,86,100,101,102,103,104,105,106,107,108,109,110,123,125,126,127,128,129,130,131,132,146,147,148,149,151,152,153,154,171,172,173,174,175,176,192,193,194,195,196,197,198,217,219,220,239,242,260,262,263,264,285,286,301,303,307,308,322,325,329,330
476,476,119
6,7,8,9,10,11,12,13,14,15,16,17,19,20,21,22,23,30,31,32,33,34,35,36,37,38,39,40,41,42,43,44,52,54,55,56,57,58,59,60,61,62,63,64,65,66,78,80,81,82,83,84,85,86,87,88,98,99,101,105,106,107,108,109,110,125,126,127,128,129,130,131,132,146,147,148,149,150,151,152,153,154,169,170,171,172,173,175,176,193,194,195,196,197,198,215,220,242,254,258,260,261,263,264,279,282,285,286,304,305,306,307,308,322,323,326,327,329,330
248,248,125
5,6,7,8,9,10,11,12,13,14,15,16,17,18,19,20,21,22,29,30,31,32,33,37,38,39,40,41,42,43,44,50,52,53,54,55,56,57,58,59,60,61,62,63,64,65,66,73,76,77,78,79,80,81,82,83,84,85,86,87,88,96,98,99,100,101,103,104,105,106,107,108,109,110,125,126,127,128,129,130,131,132,146,147,148,149,150,151,152,153,154,168,169,170,171,173,174,175,176,193,194,195,196,197,198,215,218,219,240,242,263,280,285,286,298,301,302,306,308,322,324,325,326,329,330
292,292,123
5,6,7,8,9,10,11,12,13,14,15,16,17,18,19,20,21,22,29,31,32,33,34,35,36,37,38,39,40,41,42,43,44,50,52,53,54,55,56,57,58,59,60,62,63,64,65,66,73,74,75,76,77,78,79,80,81,83,84,85,86,87,88,95,96,98,100,101,104,105,106,107,108,109,110,123,125,126,127,128,129,130,131,132,147,148,149,150,151,152,153,154,167,168,169,170,171,172,173,175,191,193,194,196,215,261,262,263,282,283,284,286,298,302,305,306,308,320,322,323,325,326,330
528,528,131
5,6,7,8,9,10,11,12,13,14,15,17,18,19,20,21,22,28,29,30,31,32,33,34,35,36,37,38,39,40,41,42,43,44,50,51,52,53,54,55,56,57,58,59,60,61,62,63,64,65,66,73,74,75,76,77,78,79,80,81,84,85,86,87,88,95,96,98,99,100,101,104,105,106,107,108,109,110,112,125,126,127,128,129,130,131,132,146,147,148,149,150,151,152,153,154,167,168,169,170,171,172,173,175,176,191,194,195,196,197,215,218,240,242,256,277,278,280,284,285,286,298,303,305,307,308,319,320,323,325,330
465,465,124
6,7,8,9,10,11,12,13,14,15,16,17,18,21,22,27,28,29,30,31,32,33,34,35,36,37,39,40,42,43,44,51,52,53,54,55,56,57,58,59,60,63,64,65,66,72,73,74,75,76,77,78,79,80,81,84,85,86,87,88,95,96,97,98,99,100,104,105,106,107,108,109,120,125,126,127,128,129,130,131,132,146,147,148,149,150,151,152,153,154,165,167,168,169,170,172,173,174,175,190,191,192,194,195,220,242,254,256,263,264,276,283,284,298,301,305,307,308,316,323,325,327,329,330
118,118,97
6,7,8,9,10,11,12,13,14,15,18,19,20,21,22,29,30,31,32,33,34,35,36,37,39,42,43,44,50,52,53,54,55,56,57,60,63,64,65,73,74,75,76,77,78,79,80,84,85,86,87,95,97,98,99,100,105,106,107,108,109,113,120,121,125,126,127,128,130,131,132,146,147,148,149,150,151,153,154,167,168,170,172,173,174,189,190,192,193,195,242,264,285,298,308,329,330
446,446,110
6,7,8,9,10,11,12,13,14,15,20,21,22,28,29,30,31,32,33,34,35,36,37,39,42,43,44,48,49,50,51,52,53,54,55,56,57,58,60,61,64,65,66,72,73,74,75,76,77,78,79,80,81,85,86,87,95,96,97,98,99,100,101,105,106,107,108,109,120,121,126,127,129,130,131,132,146,147,148,151,152,153,154,166,167,168,170,171,172,173,174,175,189,192,193,194,195,196,216,242,263,264,285,298,317,319,323,327,329,330
195,195,115
5,6,7,8,9,10,11,12,13,14,15,16,18,19,20,21,27,28,29,30,31,32,33,34,35,36,37,42,43,49,50,51,52,53,54,55,56,57,58,59,60,61,64,65,71,72,73,74,75,76,77,78,79,80,81,85,86,87,95,96,97,98,99,100,101,106,107,108,109,110,117,118,120,121,125,126,127,129,131,132,146,151,152,153,154,168,169,172,173,174,175,176,182,189,190,191,192,193,194,195,196,197,213,214,215,241,242,286,320,323,324,325,326,327,330
202,202,126
5,6,7,8,9,10,11,12,13,14,15,16,20,21,22,27,28,29,30,31,32,33,34,35,36,37,42,43,44,48,49,50,51,52,53,54,55,56,57,58,59,60,61,62,63,64,65,66,70,71,72,73,74,75,76,77,78,79,80,81,82,85,86,87,88,95,96,97,98,99,100,101,102,104,108,109,116,117,118,119,121,122,123,127,128,132,139,144,150,153,154,169,171,173,174,175,176,188,189,190,191,194,195,196,197,211,213,215,216,217,270,285,286,297,298,305,307,308,318,319,320,321,323,328,329,330
441,441,127
5,6,7,8,9,10,11,12,13,14,15,16,17,20,21,22,27,28,29,30,31,32,33,34,35,36,37,38,41,42,43,44,48,49,50,51,52,53,54,55,56,57,58,59,60,61,64,65,66,70,71,72,73,74,75,76,77,78,79,80,81,85,86,87,88,93,94,95,96,97,98,99,100,101,104,106,108,109,116,117,118,119,120,121,122,123,126,129,130,131,132,139,140,141,146,147,149,152,153,169,170,171,173,174,175,176,182,189,190,194,195,196,212,213,214,215,218,219,240,241,298,299,303,305,316,323,326
435,435,125
5,6,7,8,9,10,11,12,13,14,15,16,20,21,22,27,28,29,30,31,32,33,34,35,36,37,42,43,44,48,49,50,51,52,53,54,55,56,57,58,59,60,62,64,65,66,70,71,72,73,74,75,76,77,78,79,80,81,82,83,84,85,86,87,88,93,94,95,96,97,98,99,100,101,103,104,106,107,110,117,118,119,120,123,125,131,132,138,141,142,147,150,152,153,154,167,170,171,172,173,174,175,191,193,194,195,196,197,203,213,214,215,216,217,218,219,234,238,239,241,242,264,298,305,320
428,428,119
5,6,7,8,9,10,11,12,13,14,15,16,18,20,22,27,28,29,30,31,32,33,34,35,36,37,38,41,42,43,44,48,49,50,51,52,53,54,55,56,57,58,59,60,62,63,64,65,66,70,71,72,73,74,75,76,77,78,79,80,81,82,83,84,85,86,87,93,94,95,96,97,98,99,100,101,102,103,104,105,106,107,108,117,118,119,120,122,123,124,127,131,139,140,142,143,144,147,154,174,175,176,187,190,191,194,195,196,197,214,215,216,217,235,237,238,239,304,305
209,209,124
5,6,7,8,9,10,11,12,13,14,15,16,17,20,22,27,28,29,30,31,32,33,34,35,36,37,38,41,43,44,48,49,50,51,52,53,54,55,56,57,58,59,60,61,62,63,65,66,70,71,72,73,74,75,76,77,78,79,80,81,82,83,84,85,86,87,88,92,93,94,95,96,97,98,99,100,101,103,104,105,106,107,108,110,113,116,117,118,119,120,121,122,123,124,125,126,127,129,139,140,141,142,143,145,146,167,168,174,175,176,190,191,194,195,196,197,215,217,218,235,236,237,238,330
209,209,126
5,6,7,8,9,10,11,12,13,14,15,16,17,18,20,22,27,28,29,30,31,32,33,34,35,36,37,38,40,41,42,43,44,48,49,50,51,52,53,54,55,56,57,58,59,60,62,63,65,66,70,71,72,73,74,75,76,77,78,79,80,81,82,83,84,85,87,92,93,94,95,96,97,98,99,100,101,102,103,104,105,106,107,108,116,117,118,119,120,121,122,123,124,125,126,127,129,139,140,141,142,143,147,153,154,167,174,175,176,190,195,196,197,198,213,214,216,217,218,219,234,236,237,238,239,240
100,100,124
5,6,7,8,9,10,11,12,13,14,15,16,18,19,20,22,27,28,29,30,31,32,33,34,35,36,37,38,40,41,44,45,48,49,50,51,52,53,54,55,56,57,58,59,60,61,62,63,65,66,70,71,72,73,74,75,76,77,78,79,80,81,82,83,84,85,86,87,88,92,93,94,95,96,97,98,99,100,102,103,104,105,106,107,108,116,117,118,119,120,121,122,123,124,125,126,127,129,139,140,141,142,145,147,174,175,195,196,197,214,215,216,217,218,219,236,237,238,239,257,258,260,264,305
283,283,128
5,6,7,8,9,10,11,12,13,14,15,16,17,18,19,20,22,27,28,29,30,31,32,33,34,35,36,37,38,39,40,41,42,48,49,50,51,52,53,54,55,56,57,58,59,60,61,62,63,64,65,66,70,71,72,73,74,75,76,77,78,79,80,81,82,83,84,85,87,88,92,93,94,95,96,97,98,99,100,101,102,103,104,105,106,108,110,116,117,118,119,120,121,122,123,124,125,126,127,129,139,140,141,142,143,147,148,153,161,175,195,196,197,198,216,217,218,219,236,237,238,239,240,256,258,260,264,328
99,99,127
5,6,9,10,11,12,13,14,15,16,17,18,19,20,22,27,28,29,30,31,32,33,34,35,36,37,38,39,40,41,42,48,49,50,51,52,53,54,55,56,57,58,59,60,61,62,63,65,70,71,72,73,74,75,76,77,78,79,80,81,82,83,84,85,87,88,92,93,94,95,96,97,98,99,100,101,102,103,104,105,106,107,109,116,117,118,119,120,121,122,123,124,125,126,127,128,130,131,139,140,141,142,143,144,145,146,147,148,163,168,175,196,197,198,218,219,220,238,239,240,241,257,258,259,260,261,308
208,208,131
6,7,8,9,10,11,12,13,14,15,16,17,18,19,20,22,27,28,29,30,31,32,33,34,35,36,37,38,39,40,41,42,44,48,49,50,51,52,53,54,55,56,57,58,59,60,61,62,63,65,66,70,71,72,73,74,75,76,77,78,79,80,81,82,83,84,85,87,88,92,93,94,95,96,97,98,99,100,101,102,103,104,105,106,107,108,115,116,117,118,119,120,121,122,123,124,125,126,127,128,130,138,139,140,141,142,143,144,145,147,149,152,161,162,164,168,171,198,213,219,220,226,240,241,242,258,259,260,261,262,282
216,216,130
6,7,8,9,10,11,12,13,14,15,16,17,18,19,20,22,27,29,31,32,33,34,35,36,37,38,39,40,41,42,48,49,50,51,52,53,54,55,56,57,58,59,60,61,62,63,65,70,71,72,73,74,75,76,77,78,79,80,81,82,83,84,87,88,92,93,94,95,96,97,98,99,100,101,102,103,104,105,106,109,115,116,117,118,119,120,121,122,123,124,125,126,127,130,138,139,140,141,142,143,144,145,147,148,149,151,152,161,162,168,174,176,191,197,198,216,218,219,220,238,239,240,241,242,256,262,263,281,282,286
551,551,120
6,7,8,9,10,11,12,13,14,15,16,17,18,19,20,22,27,28,30,32,33,34,35,36,37,38,39,40,41,44,48,49,50,54,55,56,57,58,59,60,61,62,63,65,66,70,71,72,73,74,75,76,77,78,79,80,81,82,83,84,87,92,93,94,95,96,97,98,99,100,101,102,103,104,105,106,109,110,115,116,117,118,119,120,121,122,123,124,125,126,127,128,130,138,139,140,141,142,143,144,147,148,149,151,152,161,162,167,169,174,219,220,239,241,242,259,261,263,264,282
386,386,129
6,7,8,10,11,12,13,14,15,16,17,18,19,20,27,28,29,30,31,33,34,35,36,37,38,39,40,41,44,48,49,50,54,55,56,57,58,59,60,61,62,63,64,66,70,71,72,73,74,75,76,77,78,79,80,81,82,83,84,85,88,92,93,94,95,96,97,98,99,100,101,102,103,104,105,106,109,110,115,116,117,118,119,120,121,122,123,124,125,126,127,130,131,132,137,138,139,140,141,142,143,144,145,147,148,149,152,153,155,161,162,164,168,173,174,183,198,219,220,240,242,261,262,264,281,282,283,284,286
392,392,133
6,7,8,9,10,11,12,13,14,15,16,17,18,19,20,22,27,28,29,30,31,32,33,34,35,36,37,38,39,40,41,42,44,48,49,50,51,55,56,57,58,59,60,61,62,63,70,71,72,74,75,76,77,78,79,80,81,82,83,84,88,92,93,94,95,96,97,98,99,100,101,102,103,104,105,106,109,110,115,116,117,118,119,120,121,122,123,124,125,126,127,128,131,132,137,138,139,140,141,142,143,144,145,147,148,149,150,152,153,154,161,162,163,164,169,170,171,174,175,183,194,197,219,240,241,242,262,263,264,283,284,304,307
39,39,120
6,7,8,9,10,12,13,14,15,16,17,18,19,20,22,27,28,29,30,31,32,33,34,35,36,37,38,39,40,41,42,48,49,50,51,52,53,55,56,57,58,59,60,61,62,63,70,71,72,76,77,78,79,80,81,82,83,84,85,92,93,94,95,96,97,98,99,100,101,102,103,104,105,106,115,116,117,118,119,120,121,122,123,124,126,127,128,129,131,132,137,138,139,140,141,142,143,144,148,149,150,151,153,161,162,163,164,169,170,171,172,174,194,197,220,264,283,284,285,303
54,54,126
6,7,8,9,10,12,13,14,15,16,17,18,19,20,22,27,28,29,30,31,32,33,34,35,36,37,38,39,40,41,42,48,49,50,51,52,53,54,55,56,57,58,59,60,61,62,63,70,71,74,77,78,79,80,81,82,83,84,85,92,93,94,95,96,97,98,99,100,101,102,103,104,105,106,115,116,117,118,119,120,121,122,123,124,126,127,128,132,137,138,139,140,141,142,143,144,145,148,149,151,154,160,161,162,163,164,169,170,171,172,173,175,193,194,196,197,240,241,242,263,264,283,285,286,303,306
558,558,115
6,7,8,12,13,14,15,16,17,18,19,20,27,28,29,30,31,32,33,34,35,36,37,38,39,40,41,42,48,49,50,51,52,53,54,55,56,57,58,59,60,61,62,63,70,71,72,74,75,77,78,79,80,81,82,83,84,85,92,93,94,95,98,99,100,101,102,103,104,105,106,115,116,117,118,119,120,121,122,125,126,127,130,137,138,139,140,141,142,143,144,145,148,149,150,151,154,161,162,163,164,169,170,171,172,173,193,194,197,219,241,264,286,307,308
348,348,127
6,7,10,12,13,14,15,16,17,18,19,20,21,22,27,29,31,32,33,34,35,36,37,38,39,40,41,42,44,48,49,50,51,52,53,54,55,56,57,58,59,60,61,62,63,70,71,72,73,74,75,76,77,78,79,80,81,82,83,84,85,92,93,94,98,99,100,101,102,103,104,105,106,108,109,115,116,117,118,119,120,121,122,123,124,125,126,127,128,130,137,138,139,140,141,142,143,144,145,149,150,151,160,161,162,163,164,165,170,171,172,173,176,183,192,193,194,195,196,197,219,227,264,283,286,304,307
14,14,123
6,10,11,12,13,14,15,16,17,18,19,20,22,27,29,31,32,33,34,35,36,37,38,39,40,41,42,49,50,51,52,53,54,55,56,57,58,59,60,61,62,63,64,65,70,71,72,74,75,76,77,78,79,80,81,82,83,84,85,87,92,93,94,95,96,97,98,99,100,101,102,103,104,105,106,108,115,116,117,118,120,121,122,123,125,127,128,129,130,132,137,138,139,143,144,145,149,150,153,159,160,164,165,170,171,172,173,180,183,185,190,192,193,194,195,202,213,214,215,216,234,235,236
6,6,130
10,11,13,14,15,16,17,18,19,20,27,28,29,30,31,32,33,34,35,36,37,38,39,40,41,42,44,48,49,50,51,52,53,54,55,56,57,58,59,60,61,62,63,65,70,71,72,73,74,75,76,77,78,79,80,81,82,83,84,85,87,88,92,93,94,95,96,97,98,99,100,101,102,103,104,105,106,107,108,109,115,116,120,121,122,123,127,128,130,132,137,138,139,140,142,143,149,150,151,153,154,159,160,161,163,164,170,171,172,175,182,183,190,193,194,195,212,213,214,215,216,234,235,236,237,238,263,264,286,304
21,21,118
7,10,11,12,13,14,15,16,17,18,19,20,22,32,33,34,35,36,37,38,39,40,41,42,48,49,53,54,56,57,58,59,60,61,62,63,65,66,70,71,72,73,74,75,76,78,79,80,81,82,83,84,85,87,92,93,94,95,96,97,98,100,101,102,103,104,105,106,107,108,109,110,115,116,119,122,123,127,128,130,131,132,137,138,143,144,149,150,152,159,160,161,162,170,171,172,174,175,178,182,183,190,192,193,194,195,211,212,213,214,215,216,234,236,237,238,242,263
337,337,132
10,11,12,13,14,15,16,17,18,19,20,21,22,27,28,31,32,33,34,35,36,37,38,39,40,41,42,43,44,48,49,50,51,53,54,55,56,57,58,59,60,61,62,63,64,65,66,70,71,72,74,77,78,79,80,81,82,83,84,85,86,87,88,92,93,94,95,96,100,102,103,104,105,106,107,108,109,110,115,116,119,121,123,126,128,129,130,131,132,137,138,143,149,150,152,153,154,159,160,161,163,170,171,172,174,175,176,182,183,184,190,191,192,193,194,195,198,205,211,212,213,214,215,216,217,234,236,237,238,239,263,264
51,51,121
7,10,11,12,13,14,15,16,17,18,19,20,33,34,35,36,37,38,39,40,41,42,43,44,48,49,53,54,55,57,58,59,60,61,62,63,64,65,66,70,71,72,73,74,75,76,80,81,82,83,84,85,86,87,88,92,93,94,95,96,97,102,103,104,105,106,107,108,109,110,115,116,118,119,124,126,127,128,129,130,131,132,137,138,149,150,152,153,154,159,160,161,162,170,171,172,174,175,176,182,183,184,190,191,192,193,194,195,197,198,212,213,214,215,216,217,219,236,237,238,239
12,12,127
7,10,11,12,13,14,15,16,17,18,19,20,29,32,33,34,35,36,37,38,39,40,41,42,43,44,48,49,52,53,54,57,59,60,61,62,63,65,66,70,71,72,73,74,75,76,77,79,80,81,82,83,84,85,86,87,92,93,94,95,96,97,98,99,102,103,104,105,106,107,108,109,115,116,117,123,127,128,129,130,131,132,137,138,141,142,149,150,152,153,159,160,161,170,171,172,174,175,176,182,183,185,187,190,191,192,193,195,196,197,198,206,212,213,214,215,216,217,219,221,234,235,236,237,238,239,241
336,336,133
10,11,12,13,14,15,16,17,18,19,20,22,27,29,31,32,33,34,35,36,37,38,39,40,41,42,43,44,48,49,50,51,52,53,54,55,57,58,59,60,61,62,63,64,66,70,71,72,74,76,77,79,80,82,83,84,85,86,87,88,92,93,94,95,96,97,99,101,102,103,104,105,106,107,108,109,110,115,116,117,118,119,127,128,129,130,131,137,138,142,143,150,151,152,153,159,160,161,170,171,172,174,175,182,183,184,190,191,192,193,195,196,197,206,208,210,212,213,214,215,216,217,218,219,220,235,236,237,238,239,240,241,242
309,309,120
10,11,12,13,14,15,16,17,18,19,20,22,28,29,32,33,34,35,36,37,38,39,40,41,42,43,44,49,53,54,55,57,59,60,61,62,63,66,71,73,74,77,78,81,83,84,85,86,87,88,92,93,94,96,97,102,103,104,105,106,107,108,109,110,115,116,117,119,126,127,128,129,130,131,137,138,141,142,150,151,152,154,159,160,169,170,172,174,175,182,183,184,190,191,192,193,195,196,197,198,206,212,213,214,215,216,217,218,219,235,236,237,238,239,240,241,242,243,260,263
10,10,123
10,11,12,13,14,15,16,17,18,19,20,22,29,30,31,33,34,35,36,37,38,39,40,41,42,44,51,57,58,59,60,61,62,63,64,66,70,71,72,74,75,77,79,81,82,83,84,85,86,87,88,92,93,94,95,96,97,98,101,102,103,104,105,106,107,108,109,110,115,116,117,119,120,126,127,128,129,130,131,132,137,141,142,149,150,151,152,153,154,159,160,169,170,172,174,175,182,183,189,190,191,192,193,195,196,197,211,212,213,214,215,216,217,218,219,235,236,237,238,239,240,241,263
103,103,142
8,12,13,14,15,16,17,18,19,20,21,22,30,32,34,35,36,37,38,39,40,41,42,44,52,53,54,57,58,59,60,61,62,63,64,65,66,74,76,79,80,81,82,83,84,85,86,87,88,93,99,100,101,102,103,104,105,106,107,108,109,110,115,116,123,124,126,127,128,130,131,132,138,148,149,150,151,152,153,154,159,160,161,167,169,171,173,174,175,176,181,182,183,189,190,191,192,193,194,195,196,197,198,202,205,207,208,211,212,213,214,215,216,218,219,220,222,229,231,232,233,234,235,236,237,238,239,241,242,253,254,255,257,258,259,260,261,274,275,278,282,295
127,127,132
11,12,13,14,15,16,17,18,19,20,21,22,30,31,32,34,35,36,37,38,39,40,41,42,44,51,52,53,54,57,58,59,60,61,62,63,64,66,71,73,76,78,79,80,83,84,85,86,87,88,93,94,95,96,97,98,99,100,102,103,104,105,107,108,109,110,115,121,122,125,129,130,131,132,137,138,141,144,148,149,151,152,153,154,159,160,161,170,172,173,174,175,176,181,182,188,190,191,192,193,194,195,196,205,210,212,213,214,216,218,219,231,232,233,234,236,237,238,240,241,257,259,260,261,262,263,275,276,278,282,283,284
474,474,136
11,13,14,15,16,17,18,19,20,22,29,30,32,34,35,36,37,38,39,40,41,42,43,44,54,55,57,58,59,60,61,62,63,64,66,71,73,76,79,80,81,83,84,85,86,87,88,93,94,95,96,98,99,103,104,105,106,107,108,109,110,115,117,119,120,126,127,129,130,131,132,142,145,150,151,152,153,154,159,160,161,167,170,171,172,173,174,175,176,180,181,182,190,191,192,193,195,196,197,198,210,211,212,213,214,215,216,218,219,220,233,234,236,237,238,240,241,242,254,255,256,257,259,260,261,262,263,264,275,276,278,282,283,284,296,298
126,126,136
11,12,13,14,15,16,17,18,19,20,22,28,32,34,35,36,37,38,39,40,41,42,43,44,50,51,53,54,55,57,58,59,60,61,62,63,64,65,66,73,75,79,80,81,82,83,84,85,86,87,88,93,96,98,99,102,103,104,105,107,108,109,110,124,127,129,130,131,132,138,144,150,151,152,153,154,159,167,170,171,172,173,174,175,176,181,190,191,192,193,194,195,196,197,198,208,209,210,212,214,216,217,218,219,220,234,236,237,238,240,241,242,245,254,255,256,257,258,259,260,261,262,263,264,274,275,276,278,282,283,284,285,286,295,297,298
562,562,126
10,11,12,13,14,15,16,17,18,19,20,21,22,32,34,35,37,38,39,40,41,42,43,44,49,51,55,56,58,59,60,61,62,63,65,66,70,74,75,78,79,81,83,84,85,86,87,88,93,96,98,99,104,105,106,107,108,109,110,115,125,127,128,129,130,131,132,146,149,150,151,152,153,154,159,167,171,172,174,175,176,181,190,191,192,193,194,195,196,197,198,210,212,213,214,216,217,218,219,220,236,237,238,240,241,242,256,258,260,261,262,263,264,275,276,278,281,282,283,284,285,286,295,296,297,305
468,468,133
9,12,13,15,16,17,18,19,20,22,31,34,35,36,37,38,39,40,41,42,43,44,50,51,53,54,56,58,59,60,61,62,63,64,65,66,70,73,76,77,78,80,81,82,83,84,85,87,88,93,97,98,99,103,104,105,106,108,109,110,115,116,117,118,127,130,131,132,137,149,150,151,152,153,159,160,161,167,170,171,172,173,174,175,176,181,182,190,191,192,193,194,195,196,197,210,211,213,216,217,218,219,220,236,237,238,240,241,242,256,257,258,259,261,262,263,264,268,275,276,277,282,283,284,285,286,295,296,297,298,304,306,308
158,158,139
9,14,15,16,17,18,19,20,21,22,36,37,38,39,40,41,42,43,44,50,54,57,58,59,60,61,62,63,64,65,66,70,71,74,75,76,77,78,79,80,81,82,83,84,85,86,87,88,96,97,98,103,104,105,107,108,109,110,115,116,117,124,125,129,130,131,132,137,149,150,151,152,153,154,160,167,170,171,172,173,174,175,176,181,182,186,191,192,193,194,195,196,197,198,209,210,211,212,213,214,216,217,218,219,220,236,237,238,239,240,241,242,254,255,258,259,260,261,262,263,264,265,275,276,277,278,280,281,282,283,284,285,286,295,296,298,304,305,308
141,141,135
6,8,16,17,18,19,20,21,22,29,32,37,38,39,40,41,42,43,44,49,50,53,56,57,58,59,60,61,62,63,64,65,66,70,71,73,74,75,76,81,83,84,85,86,87,92,93,96,97,105,106,107,108,109,116,117,118,128,129,130,131,132,140,143,151,152,153,154,159,160,170,171,172,173,174,175,176,181,188,189,190,191,192,193,195,196,197,198,203,209,210,211,212,214,215,216,217,218,219,220,223,236,237,238,239,240,241,242,258,259,260,261,262,263,264,276,277,278,280,281,282,283,284,285,286,295,296,297,298,304,305,306,307,308,317
149,149,134
8,13,15,16,17,18,19,20,21,22,26,32,35,36,37,39,40,41,42,43,44,49,50,58,59,60,61,62,63,64,65,66,71,73,76,83,84,85,86,87,88,93,94,95,98,104,105,106,107,108,109,110,115,116,117,118,120,122,130,131,132,140,143,146,150,151,152,153,154,159,160,161,170,172,173,174,175,176,180,181,189,190,191,192,193,194,195,196,197,198,208,209,210,213,214,215,216,217,218,219,220,236,237,238,239,240,241,242,253,255,259,260,261,262,263,264,277,278,281,282,283,284,285,286,295,296,297,298,304,305,306,307,308,318
107,107,134
6,7,11,13,15,17,18,19,20,21,22,28,32,37,38,39,40,41,42,43,44,49,50,59,60,61,62,63,64,65,66,71,72,73,76,81,83,84,85,86,87,88,94,95,100,105,107,108,109,110,115,116,117,123,128,129,130,131,132,139,140,144,145,146,150,152,153,154,162,164,170,171,172,173,174,175,176,180,181,182,186,189,190,191,192,193,194,195,196,197,198,203,206,207,209,210,212,213,215,216,217,218,219,220,228,234,236,237,238,239,240,241,242,254,257,258,259,260,262,263,264,268,281,282,283,285,286,294,295,296,297,304,305,327
551,551,137
6,11,15,16,17,18,19,20,21,22,28,32,37,38,39,40,41,42,43,44,53,59,60,61,62,63,64,65,66,71,81,82,83,84,85,86,87,88,93,94,97,98,99,103,105,107,108,109,110,116,117,118,128,130,131,132,140,142,143,144,145,146,149,151,152,153,154,168,170,171,172,173,174,175,176,181,184,185,189,190,191,192,193,195,196,197,198,207,208,210,211,212,214,215,216,217,218,219,220,232,236,237,238,239,240,241,242,250,254,257,258,259,260,261,262,263,264,272,273,275,280,281,282,283,284,285,286,294,295,297,304,305,306,308,318,327,328
550,550,132
6,7,11,14,17,18,19,20,21,28,39,40,41,42,43,44,50,59,60,61,62,63,64,65,66,71,73,76,83,84,85,86,87,88,92,93,94,96,97,98,99,105,108,109,110,115,117,125,128,130,131,132,137,138,140,142,143,144,145,146,151,152,153,154,159,160,161,165,170,171,172,173,174,175,176,181,183,184,185,189,190,191,192,193,194,195,196,197,198,206,207,208,209,210,211,212,213,214,215,216,217,218,219,220,232,235,236,237,238,239,240,241,242,257,258,259,260,261,262,263,264,273,276,277,278,280,282,283,284,285,286,289
275,275,60
19,20,21,41,42,43,62,63,65,70,71,83,84,85,87,88,105,106,108,109,110,115,121,132,143,145,146,152,153,154,160,171,172,173,174,175,176,190,191,193,195,196,197,198,209,214,215,216,217,218,219,220,237,238,239,240,241,242,250,264
78,78,12
265,266,287,288,289,290,309,310,311,312,313,314
299,299,39
155,177,178,199,200,201,221,222,223,224,243,244,245,246,247,248,265,266,267,268,269,273,287,288,289,290,291,292,293,309,310,311,312,313,314,315,316,317,318
248,248,61
89,111,112,113,133,134,135,136,137,155,156,157,158,159,177,178,179,180,199,200,201,202,221,222,223,243,244,245,251,253,265,266,267,268,269,270,273,287,288,289,290,291,294,295,296,297,298,309,310,311,312,313,314,316,317,318,319,320,321,322,323
329,329,74
23,45,46,47,67,68,69,70,89,90,91,92,93,94,111,112,113,114,115,116,117,133,134,135,136,137,138,139,140,155,156,157,158,159,160,161,162,163,177,178,179,183,184,185,199,200,201,206,208,221,229,230,231,243,244,250,251,252,253,254,265,266,267,273,274,275,276,277,278,290,291,299,300,301
90,90,77
1,2,3,23,24,25,26,27,45,46,47,48,49,50,67,68,69,70,71,72,73,74,89,90,91,92,93,94,95,96,111,112,113,114,115,116,117,118,119,133,134,135,136,137,138,139,140,141,142,155,156,157,158,159,160,161,162,163,164,177,178,183,184,185,187,199,206,208,229,230,231,232,251,254,255,256,277
151,151,64
1,3,4,5,25,26,89,90,91,111,112,113,114,115,116,117,133,134,135,136,137,138,139,140,141,156,157,158,159,160,161,162,177,178,179,180,181,182,183,184,200,201,202,203,204,205,206,207,208,222,223,224,225,226,227,228,229,231,232,233,249,250,253,272
498,498,53
1,2,3,4,5,6,23,24,25,26,27,45,47,50,67,68,69,72,73,89,90,91,92,94,95,111,112,113,114,115,116,117,118,119,133,134,135,136,137,138,139,140,142,157,158,159,160,161,181,182,183,184,206
461,461,28
3,4,5,23,28,45,46,67,68,69,89,90,91,92,93,94,97,98,112,113,114,115,116,117,136,137,138,139
173,173,6
20,21,42,43,65,88
99,99,43
18,19,20,21,22,40,41,42,43,44,63,64,65,66,86,87,88,107,108,109,110,131,132,151,152,153,154,172,174,175,176,196,197,198,273,274,295,296,297,317,318,319,320
404,404,47
17,18,19,20,21,22,40,41,42,43,44,63,64,65,66,84,85,86,87,88,109,110,131,132,153,154,176,182,203,204,225,226,248,249,250,251,271,272,273,274,294,295,296,297,316,317,318
136,136,24
19,20,21,22,41,42,43,44,64,65,66,86,87,88,108,109,110,131,132,153,154,176,182,203
335,335,8
258,280,301,302,322,323,324,325
115,115,31
188,232,233,234,253,254,255,256,257,258,274,275,276,277,278,279,280,297,298,299,300,301,302,303,319,320,321,322,323,324,325
256,256,40
141,142,143,163,164,165,185,186,187,207,208,209,229,230,231,232,251,252,253,254,255,273,274,275,276,277,278,279,295,296,297,298,299,300,317,318,319,320,321,322
494,494,43
185,186,205,206,207,208,209,227,228,229,230,231,249,250,251,252,253,269,270,271,272,273,274,275,276,290,291,292,293,294,295,296,297,298,312,313,314,315,316,317,318,319,320
234,234,44
144,183,184,203,204,205,206,207,223,224,225,226,227,228,229,245,246,247,248,249,250,251,267,268,269,270,271,272,273,289,290,291,292,293,294,295,310,311,312,313,314,315,316,317
384,384,38
178,179,200,201,202,203,204,221,222,223,224,225,226,243,244,245,246,247,248,265,266,267,268,269,270,271,287,288,289,290,291,292,309,310,311,312,313,314
167,167,28
3,155,177,178,179,199,200,201,202,221,222,223,224,243,244,245,246,265,266,267,268,287,288,289,290,309,310,311
387,387,11
1,23,177,199,200,221,222,243,265,287,309
375,375,34
21,22,42,43,44,64,65,66,87,88,110,130,131,151,152,153,154,172,173,174,175,176,193,198,220,239,242,261,263,264,283,285,308,330
1,1,89
19,20,21,22,37,41,42,43,44,62,63,64,65,66,85,86,87,88,103,107,109,110,127,128,129,130,131,132,145,150,151,152,153,154,166,171,172,173,174,175,176,191,192,193,194,196,197,198,217,219,220,236,237,239,240,241,242,258,259,260,261,262,263,264,279,280,281,282,283,284,285,286,300,301,302,303,304,305,306,307,308,322,323,325,326,327,328,329,330
478,478,122
1,16,19,20,21,22,41,42,43,44,62,63,64,65,66,78,79,85,86,87,88,98,100,101,102,103,105,106,107,109,110,121,122,123,125,127,128,129,130,131,132,142,143,144,145,148,150,151,152,153,154,166,170,171,172,173,174,175,176,186,188,191,192,193,194,195,196,197,198,214,216,217,218,219,220,231,232,233,236,237,239,240,241,242,252,254,255,257,258,259,260,261,262,263,264,278,279,280,281,282,283,284,285,286,297,300,301,302,304,305,306,307,308,319,321,322,324,326,327,328,329,330
49,49,110
20,22,23,41,42,43,44,62,64,65,66,78,86,87,88,105,107,108,109,110,122,128,129,130,131,132,141,143,144,150,151,152,153,154,163,164,166,167,171,172,173,174,175,176,186,187,191,192,193,194,195,196,197,198,208,209,210,216,217,218,219,220,230,236,237,239,240,241,242,252,255,257,258,259,260,261,262,263,264,275,276,278,279,280,281,282,283,284,285,286,297,300,301,302,303,304,305,306,307,308,318,319,320,322,324,326,327,328,329,330
492,492,118
2,18,19,20,21,22,41,42,43,44,64,65,66,77,85,86,87,88,98,100,107,108,109,110,121,123,128,129,130,131,132,142,143,144,145,146,148,149,150,151,152,153,154,164,167,170,171,172,173,174,175,176,186,187,192,193,194,195,196,197,198,209,211,215,217,218,219,220,231,237,239,240,241,242,252,253,254,258,259,260,261,262,263,264,273,274,275,276,277,279,280,281,282,283,284,285,286,298,299,300,302,303,304,305,306,307,308,319,320,321,322,323,324,326,327,328,329,330
469,469,128
20,21,22,23,42,43,64,65,66,76,77,78,82,86,87,88,98,99,100,107,109,110,120,121,122,123,128,129,130,131,132,142,143,146,150,151,152,153,154,164,165,167,168,171,172,173,174,175,176,186,187,189,190,191,192,193,194,196,197,198,208,209,211,212,216,217,218,219,220,231,232,233,237,239,240,241,242,252,253,254,255,258,259,260,261,262,263,264,274,275,276,277,279,280,281,282,283,284,285,286,293,296,297,298,299,300,301,302,303,304,305,306,307,308,315,318,319,320,321,322,323,324,325,326,327,328,329,330
167,167,126
18,21,22,37,42,43,44,65,66,77,88,96,98,99,100,107,108,109,110,120,121,123,130,131,132,141,142,143,144,145,148,150,151,152,153,154,164,165,166,167,171,172,173,174,175,176,185,186,187,188,189,190,191,192,193,196,198,208,209,210,211,216,217,218,219,220,230,232,233,237,239,240,241,242,251,252,253,254,255,258,259,260,261,262,263,264,273,274,275,276,277,278,280,281,282,283,284,285,286,295,296,297,298,300,301,302,303,304,305,306,307,308,316,318,319,320,321,322,323,324,325,326,327,328,329,330
455,455,124
7,21,22,31,42,43,54,62,64,65,73,76,77,87,88,96,99,100,107,109,110,118,119,120,121,122,123,130,131,132,135,142,143,144,145,150,151,152,153,154,164,165,166,167,168,172,173,174,175,185,186,187,188,189,191,192,193,196,198,208,209,210,212,218,219,220,231,232,239,240,241,242,250,251,252,253,254,255,260,261,262,263,264,271,274,275,276,277,279,280,281,282,283,284,285,286,293,294,296,297,298,299,300,301,302,303,304,305,306,307,308,315,316,317,319,320,321,322,323,326,327,328,329,330
103,103,106
7,22,31,42,43,65,77,87,88,96,99,100,110,117,118,121,122,130,131,132,142,143,144,145,150,151,152,153,154,164,165,166,167,171,173,174,185,186,187,188,191,192,193,198,209,212,217,218,220,230,232,233,239,240,241,242,247,252,253,254,255,256,260,261,262,263,264,271,273,274,275,276,281,282,283,284,285,286,293,296,297,298,299,300,302,303,304,305,306,307,308,316,317,318,319,320,321,322,323,324,325,326,327,328,329,330
520,520,136
1,12,17,21,22,29,30,42,43,55,64,65,72,73,85,87,88,95,96,98,100,109,110,117,118,119,120,121,122,125,130,131,132,140,142,143,144,145,149,151,152,153,154,164,165,166,167,168,169,170,171,172,173,174,176,184,185,186,187,188,189,190,191,193,196,197,198,207,208,209,210,211,212,217,220,230,231,232,233,239,240,241,242,250,251,252,253,254,255,256,260,261,262,263,264,271,274,275,276,277,278,280,281,282,283,284,285,286,293,294,295,296,297,298,299,302,303,304,305,306,307,308,316,317,318,319,320,321,323,324,325,326,327,328,329,330
141,141,109
7,22,28,29,30,31,51,72,73,87,88,94,95,100,107,109,110,117,118,121,130,131,140,142,143,144,151,152,153,154,163,164,165,166,168,171,172,173,174,175,176,185,187,188,189,190,191,192,193,196,198,207,210,212,219,220,239,240,241,242,251,252,253,254,255,256,260,261,262,263,264,273,274,275,276,277,279,281,282,283,284,286,293,295,296,297,298,299,300,304,305,306,307,308,315,317,318,319,320,321,322,323,324,325,326,327,328,329,330
431,431,139
2,7,22,29,41,42,50,51,52,59,71,72,73,74,86,87,88,93,94,95,96,98,107,109,110,117,118,119,121,122,127,130,131,132,140,143,144,145,150,151,152,153,154,162,163,164,165,166,167,168,169,171,172,173,174,175,184,186,187,188,189,190,193,196,198,207,209,210,212,216,218,219,220,231,232,233,234,238,239,240,241,242,250,251,252,253,254,255,257,261,262,263,264,271,272,274,275,276,277,278,279,280,281,282,283,284,285,286,293,294,295,296,297,298,299,300,302,303,304,305,306,307,308,315,316,317,318,319,320,321,322,323,324,325,326,327,328,329,330
436,436,128
7,17,18,22,28,29,43,56,59,64,65,72,73,85,87,88,91,94,106,107,109,110,118,122,127,130,131,132,140,143,144,148,149,150,151,152,153,154,162,163,164,165,166,167,168,169,171,172,173,174,175,176,184,185,186,187,189,190,193,194,198,207,208,209,210,211,218,219,220,231,232,233,234,238,239,240,241,242,250,252,253,254,255,257,261,262,263,264,272,273,274,275,278,279,280,281,282,283,284,285,286,293,294,295,296,297,298,299,302,303,304,305,306,307,308,315,316,317,320,321,322,323,325,326,327,328,329,330
422,422,136
7,8,12,17,18,42,43,50,51,63,64,65,66,71,72,73,79,85,86,87,88,94,95,107,109,110,113,118,119,120,127,130,131,132,140,141,143,144,149,150,151,152,153,154,162,163,166,167,168,169,171,172,173,174,175,176,184,185,186,187,189,190,191,193,197,198,206,207,208,209,210,211,212,219,220,231,232,233,234,238,239,240,242,252,253,254,255,257,260,261,262,263,264,272,274,275,276,277,278,279,280,281,283,284,285,286,293,294,295,296,297,298,299,302,303,304,305,306,307,308,315,316,317,318,319,320,321,322,323,324,325,326,327,328,329,330
505,505,133
7,8,17,18,19,22,40,43,44,50,51,59,63,66,72,73,85,86,87,88,94,95,106,107,109,110,118,119,123,129,131,132,141,143,148,149,150,151,152,153,154,163,165,166,167,168,169,170,172,173,174,175,176,184,186,187,188,189,190,192,193,197,198,206,208,209,210,211,212,217,219,220,232,233,234,238,239,240,241,242,252,253,254,255,260,261,262,263,264,272,273,274,275,276,278,279,280,281,282,283,284,285,286,293,294,295,296,297,298,299,300,301,302,303,304,305,306,307,308,315,317,318,319,320,321,322,323,324,325,327,328,329,330
433,433,135
8,17,18,19,22,28,33,40,43,44,50,55,56,59,64,71,72,73,79,85,86,88,93,94,95,96,101,106,107,109,110,118,119,131,132,140,141,150,151,152,153,154,163,165,166,167,168,171,172,173,174,175,176,184,186,187,188,189,190,191,197,198,206,207,208,209,210,211,212,219,220,231,232,233,237,238,239,240,242,252,253,254,255,260,261,262,263,264,272,273,274,275,276,277,278,279,280,281,282,283,284,285,286,293,294,295,296,297,298,299,300,301,302,303,304,305,306,307,308,315,316,317,318,319,320,321,322,323,324,325,326,327,328,329,330
147,147,121
14,18,22,29,33,43,44,49,55,56,64,66,71,72,73,77,79,88,93,94,95,96,106,107,108,109,110,116,118,124,125,130,131,132,140,141,151,152,153,154,163,166,169,171,172,173,174,176,184,187,188,189,190,191,195,197,198,208,209,210,211,212,219,220,231,233,239,240,241,242,253,254,255,256,260,261,263,264,272,273,274,275,276,278,279,280,282,283,284,285,286,293,294,295,296,297,298,299,300,302,303,305,306,307,308,315,316,317,318,319,320,321,322,323,324,325,326,327,328,329,330
497,497,135
6,7,14,17,18,19,22,28,29,39,40,42,43,44,49,50,54,56,57,64,66,71,72,73,74,77,79,85,86,93,94,101,106,107,108,109,110,116,118,125,129,131,132,140,141,147,149,151,152,153,154,163,169,172,174,175,176,186,187,188,189,191,197,198,205,206,209,210,211,212,213,219,220,230,231,233,234,239,241,242,252,253,255,256,258,261,262,263,264,272,273,274,275,276,277,278,279,280,282,283,284,285,286,293,294,295,296,297,298,299,300,301,302,303,304,305,306,307,308,315,316,317,318,319,320,321,322,323,324,325,326,327,328,329,330
177,177,122
6,7,8,14,21,28,29,33,40,42,49,50,51,55,56,64,72,77,78,79,86,93,94,95,101,106,107,109,110,116,123,124,129,130,132,141,144,146,151,152,153,154,162,163,167,169,172,174,175,176,184,186,187,188,189,191,196,197,198,208,209,212,219,220,230,231,233,239,242,252,253,255,256,258,260,261,262,264,272,273,274,275,276,277,278,282,283,284,286,293,294,295,296,297,298,299,300,301,302,303,304,305,306,307,308,314,315,316,317,318,319,320,321,322,323,324,325,326,327,328,329,330
432,432,123
6,12,14,17,18,21,28,29,32,34,38,42,49,50,51,54,55,56,58,64,72,73,77,79,85,86,87,88,93,94,95,99,101,106,107,108,109,110,116,123,124,129,132,146,148,151,152,154,162,168,171,172,173,174,176,184,188,191,196,197,198,207,208,209,210,212,220,231,232,239,241,242,252,253,254,255,261,262,272,273,274,275,276,277,278,279,280,283,284,285,286,293,294,295,296,297,298,299,300,301,302,303,305,306,307,308,314,315,316,317,318,319,320,321,322,323,324,325,326,327,328,329,330
99,99,126
8,9,12,14,18,28,29,31,32,40,42,46,49,50,54,57,58,60,64,72,73,77,78,79,80,85,86,93,94,99,101,106,107,108,109,110,116,118,119,124,125,129,130,131,132,139,141,146,147,150,151,152,154,162,163,168,170,172,175,176,184,191,197,198,207,208,220,226,231,239,242,252,253,254,259,260,261,262,264,272,273,274,275,276,277,278,279,280,282,283,284,285,286,293,294,295,296,297,298,299,300,301,302,303,304,305,306,307,308,314,315,316,317,318,319,320,321,322,323,324,325,326,327,328,329,330
168,168,127
8,10,12,14,15,17,18,28,29,39,40,41,42,43,50,51,57,63,64,72,73,79,80,85,86,87,88,94,95,99,103,104,106,107,108,110,124,125,127,129,130,131,132,145,146,147,148,149,150,151,152,153,154,168,169,170,171,172,173,175,176,188,189,191,192,197,198,200,206,209,212,213,219,220,230,231,239,240,241,242,251,252,253,254,260,261,262,263,264,272,273,274,275,280,283,284,285,286,293,294,295,296,300,301,302,304,305,306,307,308,314,315,316,317,318,319,320,321,322,323,324,325,326,327,328,329,330
216,216,128
15,17,18,21,28,29,40,41,42,43,50,51,53,63,64,71,72,75,80,85,86,87,88,93,94,99,102,107,108,109,110,115,116,123,124,125,126,127,129,130,132,138,139,141,146,147,148,149,151,152,153,154,167,169,171,173,176,189,190,191,193,197,206,207,208,209,219,220,229,230,231,232,240,241,242,246,251,252,253,260,261,262,263,264,272,273,274,275,276,280,281,282,283,284,285,286,293,294,295,296,297,298,300,301,302,303,304,305,306,307,308,314,315,316,317,318,319,320,321,322,323,324,325,326,327,328,329,330
551,551,119
17,18,21,28,38,40,41,42,43,50,51,62,64,71,72,73,75,79,80,82,85,86,87,88,93,94,103,104,107,108,109,110,115,116,126,129,130,131,132,139,146,147,148,149,150,151,152,154,167,169,170,172,175,176,188,191,206,207,209,210,219,220,229,230,231,232,233,240,241,242,246,250,251,252,253,259,260,261,262,263,264,272,273,274,275,279,282,283,284,285,286,293,294,295,296,298,300,301,302,305,306,307,308,314,315,317,318,319,320,321,322,323,324,325,326,327,328,329,330
400,400,131
10,15,17,18,20,21,28,29,31,38,40,41,42,43,49,50,51,53,56,62,63,64,71,72,73,78,80,85,86,87,88,93,94,95,99,103,107,108,109,110,115,116,124,125,127,129,130,131,132,146,147,148,149,151,152,154,166,167,169,170,171,172,173,176,184,188,191,193,197,198,206,207,209,212,219,220,229,230,231,232,233,240,241,242,249,251,252,253,254,260,261,262,263,264,272,273,274,282,283,284,285,293,294,295,296,297,300,301,302,304,305,306,307,308,314,315,316,317,318,319,320,321,322,323,324,325,326,327,328,329,330
54,54,115
9,11,17,18,37,41,42,43,49,50,59,64,71,72,73,78,79,80,85,86,87,88,93,94,95,97,103,104,107,108,109,110,115,116,125,126,127,131,132,138,146,149,151,152,154,159,167,170,189,191,206,209,210,211,212,213,219,220,226,229,230,231,232,233,241,242,249,250,251,252,253,254,258,260,261,262,264,271,272,273,275,280,281,282,283,284,285,286,293,294,295,296,301,302,304,305,306,307,308,315,316,317,318,319,320,321,322,323,324,325,326,327,328,329,330
559,559,130
12,15,16,17,18,21,28,32,38,40,41,42,43,49,50,51,53,62,64,71,72,73,80,85,86,87,88,93,94,102,103,104,106,107,108,109,110,115,116,123,124,125,126,130,132,138,149,150,151,154,159,162,165,166,167,170,171,176,188,189,191,197,206,209,210,212,219,220,226,227,228,229,230,231,232,240,241,242,249,251,252,253,254,260,261,262,263,264,271,272,273,274,275,276,277,279,280,282,283,284,285,286,293,294,295,296,297,298,302,304,305,306,307,308,314,315,316,317,318,319,320,321,323,324,325,326,327,328,329,330
54,54,127
11,14,15,16,17,18,21,28,29,32,38,39,40,41,42,43,49,50,53,55,62,64,65,71,72,73,75,78,80,85,86,87,88,93,94,95,101,102,104,107,108,109,110,115,116,125,126,127,129,130,132,137,138,141,150,151,154,159,165,166,167,171,172,176,189,206,209,210,211,212,219,226,228,229,230,231,241,242,249,250,251,252,253,260,262,263,264,271,272,273,274,275,276,280,281,282,283,284,285,286,293,294,295,296,297,298,303,304,305,306,307,308,315,316,317,318,319,320,321,323,324,325,326,327,328,329,330
356,356,120
8,9,11,12,14,15,17,18,21,23,28,34,38,39,40,41,49,50,51,62,64,65,71,72,73,74,78,80,85,86,87,88,93,94,95,109,110,116,124,125,126,127,129,130,132,138,148,150,151,154,159,165,167,171,172,176,188,189,206,208,209,210,211,212,219,220,227,228,229,230,231,232,241,242,249,251,252,253,254,259,262,264,271,273,274,275,276,277,279,281,282,283,284,285,286,293,294,296,298,300,301,302,303,304,305,306,307,308,316,317,318,319,320,321,322,326,327,328,329,330
76,76,123
1,7,8,9,11,15,16,17,18,28,33,35,37,38,40,41,49,51,60,62,64,71,72,73,75,78,80,86,87,88,93,94,95,96,97,100,101,102,107,108,109,110,115,116,125,129,130,138,148,149,150,151,154,159,167,172,176,188,206,209,210,211,212,219,220,227,228,230,231,241,242,249,250,251,252,253,254,256,257,259,261,262,263,264,271,272,273,274,275,277,279,280,281,282,283,284,285,286,293,294,295,296,298,301,303,304,305,306,307,308,315,316,317,318,319,320,321,325,326,327,328,329,330
340,340,128
12,13,14,15,16,17,18,20,21,22,30,34,35,36,37,38,41,42,43,49,50,63,64,65,66,71,72,75,85,86,87,88,93,94,95,96,97,100,101,107,108,109,110,115,116,122,125,126,132,138,144,145,148,149,150,154,159,166,167,171,172,178,189,210,211,212,213,219,220,230,231,232,238,239,241,242,250,251,252,253,254,258,259,260,261,262,263,264,271,272,273,274,275,276,280,281,282,283,284,285,286,292,293,294,295,296,298,302,303,304,305,306,307,308,314,315,316,317,318,319,320,324,325,326,327,328,329,330
352,352,135
6,7,11,14,15,16,17,18,19,20,21,28,29,30,33,35,36,37,38,39,41,49,50,58,59,62,64,65,71,72,74,79,85,86,87,88,93,94,96,99,100,101,106,107,108,109,110,116,127,128,130,145,149,152,154,159,164,184,185,186,193,198,206,207,208,212,220,226,230,231,232,233,237,239,242,249,250,251,252,253,254,256,257,258,259,260,262,263,264,271,272,273,274,275,276,277,278,279,280,281,282,283,284,285,286,292,293,294,295,296,297,298,302,303,304,305,306,307,308,314,315,316,317,318,319,320,321,323,324,325,326,327,328,329,330
263,263,130
6,7,8,14,15,18,21,26,28,29,30,31,34,35,36,37,38,39,40,43,49,50,51,52,57,59,60,64,71,72,73,78,82,85,86,87,88,93,94,100,106,107,108,109,110,123,126,127,128,132,145,149,151,152,154,159,171,184,186,188,193,198,203,206,208,209,210,212,213,220,226,228,230,231,232,238,239,242,249,250,251,252,253,254,259,260,261,262,263,264,271,272,273,274,275,276,281,282,283,284,285,286,292,293,294,295,296,297,298,302,303,304,305,306,307,308,315,316,317,318,319,320,321,324,325,326,327,328,329,330
263,263,136
11,12,13,14,15,17,18,20,28,29,33,35,36,38,39,40,41,43,44,49,50,51,52,59,60,62,64,65,66,71,72,73,78,79,81,85,86,88,93,94,100,101,107,109,110,123,126,127,128,132,138,144,147,148,149,151,152,153,154,159,164,165,166,167,172,173,181,186,206,208,209,210,220,226,230,231,234,241,242,249,250,251,252,253,254,255,257,259,260,262,263,264,271,272,273,274,275,276,277,279,280,281,283,284,285,286,292,293,294,295,296,297,298,302,303,304,305,306,307,308,314,315,316,317,318,319,320,321,323,324,325,326,327,328,329,330
573,573,122
12,14,15,28,29,30,31,32,33,37,38,39,43,44,49,50,51,52,53,57,59,60,62,64,65,66,71,72,78,81,85,86,87,88,93,94,100,101,107,109,110,116,123,125,126,132,144,148,149,154,165,167,171,172,184,188,198,206,208,209,210,211,230,231,232,237,238,239,240,249,250,251,252,253,254,257,259,260,261,262,263,264,271,272,273,274,275,277,280,281,282,283,284,285,286,293,294,295,296,297,298,302,303,304,305,306,307,308,315,316,317,318,319,320,321,324,325,326,327,328,329,330
19,19,115
8,11,12,13,15,20,28,29,30,31,32,36,39,40,41,43,44,49,50,51,52,53,59,60,62,64,71,72,73,78,79,80,85,86,87,88,93,94,100,107,109,110,144,147,148,149,154,169,172,185,186,187,188,206,208,209,210,220,230,231,232,249,250,251,252,253,254,257,258,259,260,263,271,272,273,274,275,276,277,279,280,281,282,283,284,285,286,293,294,295,296,297,298,302,303,304,305,306,307,308,314,315,316,317,318,319,320,321,324,325,326,327,328,329,330
336,336,132
7,10,11,14,17,20,21,29,32,33,36,38,39,40,42,43,49,50,51,52,57,59,62,63,64,65,71,72,73,78,79,80,81,82,85,86,87,88,93,94,96,99,100,102,107,109,110,120,122,126,127,129,144,147,148,149,151,154,159,169,175,181,186,206,207,208,209,210,211,212,220,228,230,231,232,238,240,241,242,250,251,252,253,254,257,258,259,260,261,262,263,271,272,273,274,275,276,277,278,281,283,284,285,286,292,293,294,295,296,297,298,302,303,304,305,306,307,308,315,316,317,318,319,320,321,324,325,326,327,328,329,330
487,487,127
10,11,12,14,15,18,21,22,28,29,30,38,39,42,43,49,50,51,52,59,62,63,64,65,71,72,73,78,79,80,81,82,85,86,87,88,93,94,96,97,99,106,107,109,110,125,126,129,144,147,148,149,150,151,154,169,198,207,208,209,210,219,228,230,231,232,240,241,249,250,251,252,253,254,257,258,259,260,261,262,263,264,271,272,273,274,275,276,277,279,280,281,282,283,284,285,286,292,293,294,295,296,297,298,299,302,303,304,305,306,307,308,314,315,316,317,318,319,320,321,324,325,326,327,328,329,330
3,3,128
2,6,7,8,11,15,18,20,21,22,28,29,32,33,39,42,43,49,50,51,52,62,63,64,65,71,72,73,79,80,81,82,83,85,86,87,88,93,94,97,101,102,103,106,110,119,123,125,144,145,148,149,154,159,166,169,181,183,184,198,207,208,209,211,226,228,229,230,231,232,234,249,250,251,252,253,254,257,260,261,262,263,264,270,271,272,273,274,275,276,277,278,280,282,283,284,285,286,292,293,294,295,296,297,298,299,302,303,304,305,306,307,308,315,316,317,318,319,320,321,322,324,325,326,327,328,329,330
571,571,128
6,14,15,17,18,19,20,21,22,28,38,42,43,49,59,62,63,64,65,66,71,72,79,80,81,83,84,85,86,87,88,93,94,101,102,103,107,110,125,129,147,148,154,159,166,168,169,175,176,181,183,188,197,207,208,210,211,218,220,227,228,231,232,234,238,239,241,242,249,250,251,252,253,254,256,257,259,260,261,263,264,270,271,272,273,274,275,276,277,278,279,280,281,282,284,285,286,292,293,294,295,296,297,298,299,302,303,304,305,306,307,308,314,315,316,317,318,319,320,321,322,324,325,326,327,328,329,330
127,127,133
2,7,11,12,14,15,16,18,20,21,22,28,30,33,42,43,49,50,51,59,62,63,64,65,66,71,72,80,81,82,84,85,86,88,93,94,96,101,102,103,106,107,109,110,116,128,129,140,147,148,154,159,166,167,168,169,175,186,187,188,196,197,198,207,208,209,210,212,213,220,226,227,229,231,232,233,234,242,248,249,250,251,252,253,254,255,257,258,263,264,270,272,273,274,275,276,277,278,283,284,285,286,292,293,294,295,296,297,298,299,302,303,304,305,306,307,308,313,314,315,316,317,318,319,320,321,324,325,326,327,328,329,330
143,143,134
7,14,15,16,20,21,22,28,29,41,42,43,44,49,50,51,52,59,62,63,64,66,71,72,73,80,81,82,83,84,85,86,87,94,101,102,110,116,119,128,129,131,140,146,147,148,151,153,154,155,159,165,166,168,169,172,175,181,186,187,188,189,191,197,198,207,208,211,212,213,218,219,220,221,226,229,231,232,240,241,242,249,250,251,252,254,256,258,261,262,263,264,270,271,272,273,274,275,276,279,280,282,285,286,292,293,294,295,296,297,298,299,302,303,304,306,307,308,313,314,315,316,317,318,319,320,321,322,324,325,327,328,329,330
475,475,133
3,7,8,9,11,12,15,18,20,21,22,28,29,30,31,42,43,44,49,50,51,52,53,59,62,64,65,66,71,72,73,79,80,81,82,85,86,87,88,93,94,103,104,105,106,109,116,124,127,129,138,141,146,147,148,151,159,169,172,173,175,176,181,186,189,195,197,198,203,206,207,208,213,215,218,219,220,226,227,228,232,236,242,250,251,252,253,254,256,263,264,270,271,272,273,274,275,277,279,283,285,286,292,293,294,295,296,297,298,299,302,303,304,306,307,308,313,314,315,316,317,318,319,320,321,322,324,325,326,327,328,329,330
16,16,134
7,9,11,15,16,17,20,21,22,28,29,30,31,38,42,43,44,50,51,52,59,62,64,65,66,71,72,73,80,81,86,87,93,94,97,98,102,106,109,116,119,127,131,140,141,148,149,151,155,159,162,166,169,172,173,175,181,186,187,188,189,190,193,196,197,198,203,207,208,218,220,227,228,229,231,232,242,249,250,251,252,253,254,255,257,263,264,265,270,271,272,273,274,275,276,277,280,283,284,285,286,287,291,292,293,294,295,296,297,298,299,302,303,304,305,306,307,308,313,314,315,316,317,318,319,320,321,322,325,326,327,328,329,330
468,468,133
7,8,11,14,15,20,21,22,28,29,30,42,43,44,49,50,51,52,53,59,62,63,64,65,66,71,72,73,76,81,82,83,84,86,94,97,98,102,103,108,119,127,140,141,147,150,151,153,159,163,166,169,173,181,189,190,194,196,197,198,206,208,216,217,219,220,221,226,227,228,229,231,232,235,241,242,243,248,249,250,251,252,253,254,255,260,261,263,264,270,271,272,273,274,275,276,277,280,281,282,285,286,291,292,293,294,295,296,297,298,302,303,304,305,306,307,308,313,314,315,316,317,318,319,320,321,322,325,326,327,328,329,330
166,166,137
7,8,11,12,13,14,15,16,17,19,20,21,22,28,29,30,33,42,43,44,46,49,50,51,52,53,59,62,63,64,65,66,71,72,73,74,80,82,83,84,85,86,93,94,103,106,107,119,123,131,140,141,146,148,150,151,159,162,166,169,172,175,181,192,194,195,196,198,203,206,208,209,215,221,227,228,229,231,232,241,248,249,250,251,252,253,254,261,263,264,265,270,271,272,273,274,275,276,277,279,284,285,286,287,291,292,293,294,295,296,297,298,299,300,302,303,304,305,306,307,308,313,314,315,316,317,318,319,320,321,322,325,326,327,328,329,330
108,108,130
7,8,9,11,12,15,18,20,21,22,28,29,30,33,40,42,43,44,49,50,51,52,59,62,64,66,71,72,73,74,82,84,85,86,93,94,97,98,103,104,105,107,112,123,141,148,151,153,159,162,169,171,173,175,176,181,184,186,190,194,195,196,198,206,208,211,212,218,219,220,226,227,228,229,231,232,233,240,248,249,250,251,252,253,254,264,265,270,271,272,273,274,275,276,277,282,285,286,291,292,293,294,295,296,297,298,299,302,303,304,305,306,307,313,314,315,316,317,318,319,320,321,322,324,325,326,327,328,329,330
190,190,125
7,8,11,14,15,16,18,19,20,21,22,28,29,30,31,33,38,40,42,43,44,50,51,52,53,54,59,62,64,66,71,72,73,74,82,83,85,86,98,102,105,106,107,123,126,141,146,148,151,153,159,162,169,171,172,173,181,196,198,203,206,208,211,212,213,218,219,220,226,227,232,233,236,238,240,241,248,249,250,251,252,253,259,263,265,270,271,272,273,274,275,276,277,283,285,291,292,293,294,295,296,297,298,302,303,304,306,307,308,313,314,315,316,317,318,319,320,321,322,325,326,327,328,329,330
140,140,129
15,16,17,18,21,22,28,29,30,33,37,38,40,42,43,44,50,51,52,59,60,62,63,64,66,71,74,82,83,84,85,88,97,103,104,105,106,107,108,126,127,131,132,140,141,147,148,149,152,153,163,168,169,171,172,173,176,181,186,190,192,199,203,206,208,209,211,212,213,221,226,227,228,229,230,231,232,233,235,236,237,241,242,243,248,249,250,251,253,256,259,264,270,271,272,273,274,275,276,277,280,291,292,293,294,295,296,298,299,302,303,304,314,315,316,317,318,319,320,321,322,323,324,325,326,327,328,329,330
408,408,119
7,9,10,15,16,17,18,19,20,21,22,28,29,30,31,38,40,41,42,43,44,51,52,62,63,64,71,75,82,83,84,85,86,88,103,104,106,107,109,124,126,127,131,132,146,147,148,149,150,152,153,159,162,163,167,169,175,176,181,192,194,195,198,205,206,208,211,215,216,217,218,220,226,227,230,236,237,240,248,249,250,251,255,259,260,263,264,265,271,272,273,274,275,276,277,280,286,292,293,294,295,296,298,300,306,307,308,314,315,316,317,318,319,320,321,323,328,329,330
552,552,126
7,8,9,10,11,15,16,17,18,20,21,22,29,30,31,32,37,38,40,42,43,44,50,51,52,53,60,62,63,64,65,66,73,74,83,84,85,86,87,88,95,96,97,103,105,106,107,109,118,119,126,127,131,140,141,147,148,149,150,152,153,154,159,163,167,169,171,172,174,175,176,182,184,192,194,195,196,197,198,199,203,205,206,207,208,211,212,214,216,217,218,220,226,227,228,229,230,231,232,235,236,237,240,241,242,248,249,250,251,252,253,257,259,260,264,272,273,274,275,280,282,284,286,306,307,314
48,48,44
7,8,9,10,11,15,19,20,21,22,28,29,30,43,51,52,62,64,73,75,82,83,85,88,105,106,107,118,119,127,141,148,149,153,168,173,184,195,196,214,237,241,242,253
101,101,15
225,265,266,267,268,287,288,289,290,291,309,310,311,312,314
238,238,39
199,221,228,243,244,245,246,249,250,251,252,265,266,267,268,269,270,271,272,274,275,287,288,289,290,291,292,293,294,295,309,310,311,312,313,314,315,316,317
534,534,60
111,112,133,134,135,155,156,157,180,184,205,206,207,208,227,228,229,230,243,244,245,246,247,248,249,250,251,252,265,266,267,268,269,270,271,272,273,274,275,287,288,289,290,291,292,293,294,295,296,297,298,299,312,314,315,316,317,318,319,320
229,229,73
45,46,47,67,68,69,89,90,91,92,111,112,113,133,134,135,136,155,157,162,163,164,165,179,184,185,186,187,204,205,206,207,208,209,210,227,228,229,230,231,232,243,244,245,248,249,250,251,252,253,254,266,267,268,269,270,271,272,273,274,275,276,277,291,292,293,294,295,296,297,299,300,317
310,310,77
1,2,3,23,24,25,26,45,46,47,48,67,68,69,70,89,90,91,92,111,112,113,134,135,136,140,141,142,143,144,148,157,158,162,163,164,165,166,182,183,184,185,186,187,188,205,206,207,208,209,210,223,227,228,229,230,231,232,245,246,247,249,250,251,252,253,254,255,269,270,271,272,274,275,277,296,297
492,492,66
1,2,5,6,7,23,24,25,26,27,28,29,30,45,46,47,48,49,50,51,52,53,54,67,68,69,70,71,72,73,74,75,76,89,90,91,93,94,95,96,97,98,99,111,112,115,116,117,118,119,120,133,134,135,140,141,142,156,157,163,164,179,180,202,203,225
383,383,57
2,3,4,5,6,7,8,9,24,26,27,28,29,30,31,45,47,48,49,50,51,52,53,54,67,68,71,72,73,74,75,76,89,90,94,95,96,98,111,112,113,117,118,119,120,134,135,136,140,141,142,143,163,164,165,217,232
239,239,29
4,5,6,7,8,23,26,27,28,29,30,45,46,49,50,51,52,53,68,69,72,73,74,76,91,92,94,95,114
409,409,1
5
153,153,33
18,19,20,21,22,41,42,43,44,50,63,64,65,66,86,87,88,109,110,129,131,132,151,152,153,154,173,174,197,295,296,318,321
217,217,52
18,19,20,21,22,40,41,42,43,44,62,63,64,65,66,83,85,86,87,88,106,108,109,110,128,129,131,132,151,152,153,154,174,176,193,197,198,227,229,250,272,273,274,275,294,295,296,297,315,316,317,318
25,25,29
19,20,21,22,41,42,43,44,63,64,65,66,85,86,87,88,109,110,131,132,152,153,154,168,176,198,228,273,294
31,31,9
257,279,301,302,303,322,323,324,325
443,443,30
168,190,212,213,233,234,235,254,255,256,257,275,276,277,278,279,280,297,298,299,300,301,302,319,320,321,322,323,324,325
154,154,42
166,187,188,189,209,210,211,214,230,231,232,233,234,251,252,253,254,255,256,273,274,275,276,277,278,294,295,296,297,298,299,300,312,314,316,317,318,319,320,321,322,323
420,420,51
75,97,98,118,119,120,121,139,140,141,142,143,161,162,163,164,165,183,184,185,186,187,206,207,208,209,228,229,230,231,247,250,251,252,253,254,269,272,273,274,275,293,294,295,296,297,312,316,317,318,319
257,257,50
29,51,52,73,74,75,95,96,97,116,117,118,119,138,139,140,141,160,161,162,163,183,184,185,205,206,207,225,227,228,229,247,248,249,250,251,269,270,271,272,273,291,292,293,294,295,310,315,316,317
380,380,43
7,29,32,50,51,52,72,73,74,94,95,116,117,138,139,157,158,160,161,179,180,181,183,202,203,204,224,225,226,246,247,248,269,270,290,291,292,309,310,311,312,313,314
277,277,32
70,90,91,92,112,113,114,134,135,136,157,158,179,180,201,202,221,222,223,224,244,245,265,266,267,287,288,289,309,310,311,312
403,403,16
46,89,90,112,133,134,155,156,177,199,221,222,243,265,287,309
344,344,28
44,84,87,88,107,110,131,132,153,154,174,175,176,196,197,198,218,220,240,241,242,262,263,264,272,284,286,308
471,471,100
14,15,19,20,21,22,39,41,43,62,63,64,65,66,82,83,84,86,87,88,106,107,108,109,110,124,125,128,129,130,131,132,144,150,151,152,153,154,171,173,174,175,176,191,192,195,196,197,198,211,213,214,215,216,217,218,219,220,232,236,237,238,239,240,241,242,243,255,257,258,259,261,262,263,264,277,278,279,280,281,282,283,284,285,286,300,301,302,304,306,307,308,320,323,324,326,327,328,329,330
83,83,95
14,15,19,20,21,22,39,41,42,43,60,61,64,65,66,77,83,84,86,87,88,99,106,108,109,110,128,130,131,132,146,151,152,153,154,169,174,175,176,192,194,195,196,197,198,210,215,217,218,219,220,231,232,236,237,238,239,240,241,242,254,255,257,258,259,261,262,263,264,276,277,278,279,281,282,283,284,285,286,297,300,301,304,305,306,307,308,319,321,322,323,327,328,329,330
73,73,125
14,16,17,20,22,31,36,41,42,43,53,54,55,56,62,63,64,65,66,77,80,81,82,84,85,86,88,99,106,107,109,110,127,128,132,146,149,150,151,154,165,166,167,168,169,170,172,173,174,175,176,189,190,193,194,195,196,197,198,210,214,216,217,218,219,220,231,232,233,235,236,237,238,239,240,241,242,251,252,253,254,255,257,258,260,261,262,263,264,273,275,276,277,278,279,280,281,282,283,284,285,286,296,297,298,299,300,301,302,303,304,305,306,307,308,319,320,321,322,323,324,327,328,329,330
485,485,114
10,14,15,19,20,21,32,36,37,39,40,41,42,43,44,55,62,65,66,82,83,84,85,88,106,107,109,127,129,130,132,145,148,149,151,152,154,168,169,171,172,174,175,176,191,194,195,196,197,198,210,211,214,215,216,217,218,219,220,232,233,236,237,238,239,240,241,242,254,255,256,257,258,259,261,262,263,264,273,275,276,277,278,279,280,281,282,283,284,285,286,296,297,298,299,300,301,302,303,304,305,306,307,308,319,320,321,322,324,326,327,328,329,330
291,291,132
8,9,14,15,18,19,20,22,31,32,37,39,40,41,43,44,55,56,59,60,62,63,64,65,66,78,80,83,84,86,87,88,100,104,108,110,126,127,129,130,145,146,148,149,154,167,168,169,170,171,172,175,176,190,191,194,195,196,197,198,208,209,211,212,213,214,215,216,217,218,219,220,229,231,232,234,235,236,237,238,240,241,242,253,255,256,257,258,259,260,261,262,263,264,273,274,276,277,278,279,280,281,282,283,284,285,286,297,298,299,300,301,302,303,304,305,306,307,308,318,319,320,321,322,323,324,325,326,327,328,329,330
468,468,132
8,9,14,16,20,22,31,32,35,36,37,38,43,44,53,55,59,60,62,64,66,78,80,83,87,88,100,102,106,108,109,110,124,125,126,127,130,132,143,145,146,147,148,150,152,168,169,171,172,175,176,187,189,190,191,195,196,197,198,209,210,211,214,215,217,218,219,220,229,231,233,234,235,236,238,239,240,241,242,250,252,253,254,255,256,257,258,259,260,261,262,263,264,273,274,275,277,278,279,280,281,282,283,284,285,286,294,296,297,298,299,300,301,302,303,304,305,306,307,308,316,320,321,322,323,324,325,326,327,328,329,330
119,119,113
14,19,22,31,36,43,44,54,57,58,66,79,87,88,101,102,122,125,126,127,130,145,146,147,151,152,167,168,169,170,172,176,185,189,190,191,195,196,197,198,209,210,211,212,213,215,217,218,220,230,231,232,233,234,235,236,237,238,239,240,241,242,252,253,254,255,256,257,260,261,262,263,264,274,275,276,277,278,279,280,281,282,283,284,285,286,296,297,298,299,300,301,302,303,304,305,306,307,308,316,318,319,320,321,322,323,324,325,326,327,328,329,330
454,454,131
10,14,15,19,22,32,33,35,36,44,54,55,57,59,65,66,77,78,79,88,98,100,101,102,109,110,123,126,127,131,143,145,146,147,149,152,153,165,166,167,168,169,170,171,174,175,176,185,186,188,189,190,191,195,196,198,209,210,211,214,215,218,219,220,230,231,232,233,234,235,236,237,238,239,240,241,242,252,253,254,255,256,257,258,260,261,262,263,264,273,274,275,276,277,278,279,280,281,282,283,284,285,286,294,297,298,299,300,301,302,303,304,305,306,307,308,316,317,318,319,320,321,322,323,324,325,326,327,328,329,330
495,495,112
8,10,22,31,32,33,44,53,65,77,78,79,87,98,100,101,109,125,127,131,144,145,146,147,153,154,163,166,167,168,169,171,172,175,179,185,186,189,190,191,196,208,209,211,212,213,218,219,220,229,230,231,232,233,234,235,239,240,241,242,252,253,254,255,256,257,261,262,263,264,272,273,274,276,277,278,279,280,282,283,284,285,286,294,295,296,297,298,299,300,301,302,303,304,305,306,307,308,316,317,318,319,320,321,322,323,324,325,327,328,329,330
501,501,130
8,9,10,11,19,22,31,32,33,34,35,36,44,50,51,53,54,55,56,58,65,77,78,79,87,88,100,101,109,120,125,127,143,145,146,153,163,164,165,167,168,169,170,171,175,185,186,187,188,189,190,197,198,209,210,211,213,214,215,218,220,229,230,232,233,234,235,236,237,239,240,241,242,251,252,253,254,255,256,257,258,260,261,262,263,264,272,273,274,275,276,277,278,279,280,281,283,284,285,286,294,295,296,297,298,299,300,301,302,303,304,305,306,307,308,315,316,317,318,319,320,321,322,323,324,325,327,328,329,330
464,464,135
8,9,19,21,22,28,29,30,31,32,44,50,53,56,57,58,65,66,77,78,87,88,99,100,101,109,110,122,123,126,127,131,132,144,145,147,148,152,153,162,163,165,167,168,169,170,171,175,185,186,188,190,191,192,193,196,197,209,211,212,214,215,216,217,229,230,231,232,233,234,235,236,237,238,240,241,242,250,251,252,253,254,255,256,257,258,260,261,262,263,264,272,273,274,275,276,277,278,279,280,281,282,283,284,285,286,294,295,296,297,298,299,300,301,302,303,304,305,306,307,308,315,316,317,319,320,321,322,323,324,325,327,328,329,330
194,194,132
8,9,22,28,29,30,31,32,33,34,35,36,44,50,51,53,55,56,65,74,77,78,87,88,99,100,101,108,109,110,122,123,125,126,127,131,132,144,145,146,147,148,149,152,153,162,164,165,167,168,169,170,171,185,187,188,189,190,191,192,193,198,206,208,209,210,211,213,217,218,229,230,231,232,233,235,238,240,242,250,252,253,254,255,256,257,258,263,264,271,272,273,274,275,276,277,278,279,280,282,283,284,285,286,295,296,297,298,299,300,301,302,303,304,305,306,307,308,315,318,319,320,321,322,323,324,325,326,327,328,329,330
194,194,132
8,9,13,22,28,30,31,43,44,50,51,53,58,65,66,77,78,86,87,88,98,99,100,101,109,110,123,124,126,127,131,132,145,146,147,149,154,162,163,164,167,168,169,170,171,175,176,179,185,187,190,191,192,193,196,206,208,209,210,211,212,215,218,219,220,229,231,232,234,235,237,238,239,242,251,252,253,254,255,256,257,258,259,260,262,263,264,273,274,275,276,277,278,279,280,282,283,284,285,286,291,294,295,296,297,298,299,300,301,302,303,304,305,306,307,308,315,316,317,318,319,320,321,322,323,324,325,326,327,328,329,330
140,140,123
8,21,22,31,32,35,36,43,44,50,52,53,54,58,65,66,80,87,88,98,99,100,101,109,110,122,123,126,130,143,145,148,153,154,164,165,167,168,169,176,184,185,186,187,189,190,191,192,193,198,206,207,208,209,210,218,219,220,229,230,231,232,236,237,239,251,253,254,255,256,257,258,259,260,262,263,264,273,274,275,276,277,278,279,280,281,282,283,284,285,286,291,294,295,296,297,298,299,300,301,302,303,304,305,306,307,308,315,316,317,318,319,320,321,322,323,324,325,326,327,328,329,330
496,496,135
8,9,13,21,30,31,42,43,44,52,54,57,58,65,77,78,79,80,88,98,100,101,105,109,110,122,123,126,131,132,143,144,145,147,148,149,152,153,154,162,163,164,165,166,167,168,169,170,175,176,187,189,190,191,192,193,197,198,206,207,208,209,210,212,214,215,216,218,219,228,229,230,231,232,233,234,235,236,237,238,241,242,250,252,253,254,256,257,258,259,260,262,263,274,275,276,277,278,279,280,281,282,283,284,285,286,294,295,296,297,298,299,300,301,302,303,304,305,306,307,308,316,317,318,319,320,321,322,323,325,326,327,328,329,330
154,154,122
8,9,21,30,31,33,43,44,52,54,58,59,65,66,74,76,79,80,83,87,88,97,100,101,110,121,130,131,132,144,145,146,147,149,153,154,162,166,167,168,169,171,175,176,186,187,189,190,192,193,197,198,206,208,209,210,211,213,214,216,218,229,230,231,233,235,236,237,238,239,240,242,250,252,253,256,257,258,259,260,261,264,273,274,275,276,277,278,279,280,282,284,285,286,294,295,296,297,298,299,300,301,302,303,304,305,306,307,308,317,318,319,320,321,322,323,324,325,326,327,328,329
425,425,142
7,8,9,29,30,31,33,36,37,43,44,52,54,59,65,66,76,79,87,88,98,99,100,101,109,110,124,127,131,132,143,144,145,146,147,148,149,150,152,153,154,162,163,165,167,168,169,171,173,175,176,184,185,186,187,189,190,192,193,197,198,206,207,208,209,211,213,214,215,217,218,219,220,229,230,231,233,234,235,236,237,238,239,240,241,242,248,252,253,254,255,256,257,258,259,260,261,263,264,273,274,275,276,277,278,279,280,281,282,283,285,294,295,296,297,298,299,300,301,302,303,304,305,306,307,308,315,316,317,318,319,320,321,322,323,324,325,326,327,328,329,330
146,146,132
7,8,9,10,29,30,31,44,52,53,58,65,66,79,87,88,99,100,101,109,110,120,122,124,127,131,132,140,141,142,144,145,147,148,149,150,152,154,162,167,168,169,172,176,184,185,186,188,189,190,192,193,197,198,207,208,209,210,211,214,215,216,217,218,219,220,228,229,230,231,232,233,234,235,236,238,239,240,241,242,251,252,253,254,255,256,257,258,259,260,261,263,264,273,274,276,277,278,279,280,282,283,284,291,294,295,296,297,298,299,300,301,302,303,304,305,307,308,315,316,317,318,319,320,321,322,324,326,327,328,329,330
145,145,131
5,8,9,15,30,31,33,36,37,43,44,52,53,54,58,65,66,76,78,79,83,87,88,99,101,110,120,121,123,132,143,144,145,147,148,152,154,163,166,169,176,185,186,187,188,189,190,191,192,193,197,198,206,207,208,209,210,214,215,218,219,220,227,228,230,231,232,233,234,235,236,238,239,240,241,242,249,250,251,252,253,255,256,257,258,259,260,262,263,264,271,272,273,274,275,276,278,280,282,283,284,286,291,294,295,296,297,298,299,300,301,302,303,305,306,307,315,317,318,319,320,321,322,323,324,325,326,327,328,329,330
200,200,134
5,8,9,30,31,33,43,44,52,53,54,58,66,76,79,83,87,88,99,109,110,122,123,127,128,130,132,141,143,144,145,146,147,148,150,152,154,162,163,164,165,167,168,169,172,176,185,187,188,189,190,191,192,193,197,198,208,209,210,211,213,214,215,219,220,228,230,231,232,233,234,235,236,237,239,240,241,242,249,250,251,252,253,254,255,256,257,258,259,260,262,263,264,272,273,274,275,276,277,278,279,280,281,282,283,286,291,293,294,295,296,297,298,299,300,301,302,303,305,306,315,317,318,319,320,321,322,323,324,326,327,328,329,330
79,79,123
30,31,37,44,51,52,53,54,58,65,66,72,76,79,87,88,99,103,110,128,130,132,137,144,145,146,147,148,150,152,153,154,163,164,165,166,167,168,173,176,186,188,189,190,191,192,197,198,207,208,209,210,211,213,214,216,218,219,220,228,229,230,231,232,233,234,235,238,239,240,241,242,249,251,252,253,254,257,259,260,262,263,264,271,272,273,274,275,277,278,279,280,281,282,283,285,286,291,294,295,296,297,298,299,300,301,302,303,305,306,316,317,318,320,321,322,323,324,325,327,328,329,330
543,543,136
8,9,29,30,31,44,48,51,52,58,62,65,66,73,74,75,76,80,88,97,98,99,101,109,110,128,131,132,143,144,145,147,151,152,153,154,162,164,166,167,168,173,175,176,180,184,186,188,189,190,191,192,193,194,197,198,208,209,210,211,213,214,216,218,219,220,226,230,231,232,233,234,235,238,239,240,241,242,248,249,250,251,252,253,254,255,256,257,259,260,261,262,263,264,272,273,274,275,276,277,278,279,280,282,283,284,285,286,291,292,294,295,296,297,298,299,300,301,302,303,305,306,308,316,317,318,320,321,322,323,324,325,326,327,328,329
94,94,137
8,9,29,30,31,35,44,48,52,75,76,77,78,80,88,98,99,100,101,109,110,120,128,129,130,131,132,143,144,145,147,152,153,154,162,164,165,166,167,168,169,172,173,175,176,185,186,189,190,191,192,193,194,197,198,209,210,211,212,213,215,218,219,220,226,227,229,230,231,232,233,234,235,238,239,240,241,242,248,250,251,252,253,254,255,256,257,258,259,260,261,262,263,264,271,272,273,274,275,276,279,280,281,282,284,285,286,291,292,293,294,295,296,297,298,300,301,302,303,304,305,306,307,308,315,316,317,318,320,321,322,323,324,325,326,327,328
385,385,146
9,29,30,31,35,53,73,75,76,77,78,80,88,98,99,100,101,105,109,110,125,126,127,130,131,132,141,143,144,145,146,147,148,149,151,152,153,154,161,163,164,165,166,167,168,169,170,171,172,173,175,176,183,184,185,186,187,188,189,190,192,193,194,197,198,207,208,210,211,212,213,214,219,220,226,227,229,230,232,233,237,238,239,240,241,242,248,250,251,252,253,254,255,256,259,260,261,262,263,264,271,272,273,274,275,276,279,280,281,282,284,285,286,291,292,293,294,295,296,297,298,299,301,302,303,304,305,306,307,308,314,315,316,317,318,319,320,321,322,323,324,325,326,327,328,330
358,358,143
8,9,15,31,45,53,58,73,76,77,80,88,97,98,99,100,101,102,105,110,120,124,125,128,131,132,142,143,145,147,150,152,153,154,161,163,164,166,167,168,169,172,173,174,175,176,186,187,188,189,190,191,192,193,194,197,198,205,206,207,208,209,210,211,212,213,214,215,216,218,219,220,226,227,230,231,232,233,235,237,238,239,240,241,242,248,250,251,252,253,254,255,256,259,260,261,262,263,264,271,272,273,274,275,276,278,279,280,281,282,283,284,285,286,291,293,294,295,296,298,299,301,302,303,304,305,306,308,314,315,316,317,318,319,321,322,323,324,325,326,327,328,330
96,96,137
7,9,15,18,29,30,31,37,51,52,62,73,76,77,78,80,88,93,98,99,100,101,102,105,108,120,124,125,127,130,132,141,142,143,144,145,147,148,150,154,161,163,164,165,166,167,171,172,173,176,184,186,187,189,190,191,192,194,195,197,198,207,208,210,211,213,214,215,218,219,220,226,227,230,231,232,235,237,240,241,242,249,250,251,252,253,254,255,256,259,260,261,262,263,264,272,273,274,280,281,282,283,284,285,286,291,292,293,294,295,296,297,298,299,300,301,302,303,304,306,307,308,314,315,316,317,318,319,321,322,323,325,326,327,328,329,330
357,357,135
7,8,9,17,31,37,41,51,52,57,73,76,78,80,98,100,101,102,105,106,107,110,121,125,130,131,132,141,142,143,144,146,147,153,154,163,164,165,166,168,169,171,172,173,176,183,184,185,187,189,190,191,192,193,194,195,196,197,198,205,208,210,211,213,214,218,219,220,226,230,231,232,234,238,240,241,242,248,249,250,251,252,253,254,255,258,259,261,262,263,264,269,272,273,274,275,276,279,280,281,282,283,284,285,286,292,293,294,295,296,298,299,301,302,303,304,305,306,307,308,315,316,317,318,319,320,322,323,324,325,326,327,328,329,330
91,91,129
8,9,26,29,31,33,43,51,63,73,78,93,98,99,102,105,107,124,125,126,128,131,132,141,142,143,146,147,148,150,154,161,162,163,164,165,166,167,175,183,184,185,186,187,189,190,191,193,194,195,196,197,198,208,209,210,211,212,213,219,220,226,227,228,230,231,232,234,237,240,241,242,249,251,252,253,254,255,256,257,258,259,261,262,263,264,270,271,272,273,274,275,276,277,280,283,284,285,286,292,294,295,296,297,298,300,301,302,303,304,305,306,307,308,315,316,317,319,320,321,322,323,324,325,326,327,328,329,330
558,558,133
7,8,9,17,28,29,34,37,62,73,76,80,89,98,101,102,106,107,108,110,124,125,126,127,128,129,131,140,142,143,146,147,152,153,161,163,164,166,167,168,171,172,173,175,176,183,184,186,187,188,189,190,191,192,193,195,196,197,198,205,207,208,209,210,211,212,215,216,220,226,228,230,231,232,233,234,237,238,240,241,242,248,249,250,251,252,253,254,255,256,257,261,262,263,264,271,272,273,274,275,276,279,280,281,283,284,285,286,292,294,295,296,297,298,300,302,303,304,305,306,307,308,316,317,319,320,324,325,326,327,328,329,330
360,360,140
7,9,29,31,32,35,49,51,73,76,78,93,98,99,105,106,120,121,123,124,125,126,131,140,141,142,143,146,147,150,151,153,154,161,162,163,164,165,166,167,168,170,172,173,174,176,183,184,185,186,187,188,189,190,191,192,194,195,197,198,204,206,207,208,209,211,212,213,214,215,218,219,220,226,229,230,231,232,233,234,235,236,237,238,240,241,242,248,249,250,251,252,253,254,255,256,257,258,259,261,262,263,264,271,272,273,274,275,276,280,281,283,284,285,286,294,295,298,300,301,302,303,304,305,306,307,308,314,316,317,320,321,322,324,325,326,327,328,329,330
36,36,112
7,8,14,49,51,52,71,77,78,79,96,118,120,121,127,129,130,131,132,141,142,143,153,161,164,168,172,174,176,183,185,186,187,189,192,194,196,197,198,205,206,208,209,210,211,212,213,214,215,217,219,220,226,227,228,229,230,231,232,233,234,235,237,238,242,248,250,251,252,253,254,255,256,257,261,262,263,264,272,274,275,276,278,279,283,284,285,286,292,293,294,295,298,299,300,302,304,305,306,307,308,316,318,321,323,324,325,326,327,328,329,330
319,319,142
7,9,14,30,32,33,34,43,54,62,71,73,76,77,78,98,99,100,104,106,118,119,120,127,129,130,140,141,142,143,151,152,163,164,165,166,167,168,169,172,173,174,175,176,183,185,186,187,188,189,190,191,192,194,195,196,197,198,204,206,207,208,209,210,211,212,213,214,218,219,220,226,227,228,229,230,231,232,233,234,235,242,248,249,250,251,252,253,254,255,256,257,258,261,263,264,270,271,273,274,275,276,278,279,283,284,285,286,292,293,294,295,296,297,298,299,300,302,303,304,305,306,307,308,310,314,315,316,317,318,319,320,321,322,323,324,325,326,327,328,329,330
59,59,125
9,14,30,35,49,51,52,71,73,78,98,100,106,118,119,120,123,129,131,140,143,151,152,162,163,164,165,166,167,168,172,173,174,175,183,184,185,186,188,189,190,191,192,193,194,196,197,198,205,206,207,210,211,212,213,214,217,219,220,226,227,228,229,230,231,232,233,234,235,237,238,240,241,242,248,249,251,252,253,254,255,256,257,259,260,262,264,270,272,273,274,275,276,277,279,282,285,286,292,293,294,295,296,298,299,300,301,302,305,306,307,308,314,316,317,319,320,321,324,325,326,327,328,329,330
317,317,132
7,9,14,49,51,52,63,71,73,77,78,93,100,101,118,120,121,122,123,129,131,140,141,142,143,151,153,154,163,164,165,166,172,173,175,183,184,185,186,187,188,189,190,191,192,193,196,197,198,204,206,207,209,210,211,212,213,214,217,218,219,220,226,227,228,229,230,231,232,233,234,235,237,238,240,248,249,250,252,253,254,255,256,257,259,260,261,263,264,271,272,273,274,275,276,277,278,280,282,283,284,285,286,292,293,294,295,296,298,299,300,301,302,305,306,307,308,314,316,317,318,319,320,321,322,323,324,326,327,328,329,330
329,329,141
7,8,14,17,31,43,51,52,62,71,72,77,78,98,99,102,104,106,118,122,123,127,140,142,143,145,148,151,152,163,165,166,167,168,171,172,173,174,175,176,183,184,185,186,187,188,189,190,191,192,193,194,195,196,197,198,205,207,208,209,210,211,212,213,214,216,218,219,220,226,227,228,229,230,231,232,233,234,235,239,240,241,242,248,249,250,251,252,253,254,255,256,257,259,263,264,270,271,272,273,274,275,278,279,280,282,283,284,285,286,292,293,294,295,296,298,299,300,301,302,303,305,306,307,308,314,315,316,317,319,320,321,322,323,324,325,326,327,328,329,330
11,11,129
8,30,31,41,49,52,63,71,76,77,86,93,97,98,99,100,107,118,121,123,127,129,130,140,142,152,162,163,164,166,172,175,176,183,184,185,186,187,188,189,190,191,192,193,195,196,197,204,207,208,210,211,212,213,216,218,219,220,226,227,228,229,230,231,232,233,234,235,236,238,239,240,241,248,249,250,252,253,254,255,256,257,259,261,262,263,264,270,272,273,274,275,276,277,278,279,282,283,284,285,286,292,293,294,295,296,298,299,300,301,304,305,306,307,308,314,315,316,317,319,320,321,322,325,326,327,328,329,330
564,564,128
7,8,30,33,49,50,52,53,61,62,71,78,86,96,97,100,103,106,110,118,120,123,125,129,132,140,142,143,145,146,151,154,161,162,163,164,166,167,171,172,173,176,183,184,185,186,187,188,189,190,191,192,193,194,195,196,197,205,207,208,210,211,212,213,216,217,218,219,220,226,228,229,230,231,233,234,236,237,239,240,248,249,250,252,253,254,255,256,261,263,264,270,272,273,274,275,276,277,278,279,285,286,292,293,294,295,296,298,299,300,301,304,305,306,307,308,314,316,317,319,320,322,323,324,327,328,329,330
295,295,138
7,8,30,50,52,53,63,71,72,75,78,96,97,100,102,103,104,106,108,118,123,125,127,130,131,132,140,142,143,148,151,152,153,154,162,163,164,165,166,167,168,171,172,173,175,176,183,185,186,187,188,189,190,191,192,193,194,195,197,198,204,208,209,210,211,212,213,214,216,217,218,219,220,227,228,229,230,231,232,233,234,235,236,238,239,240,248,249,250,252,253,254,258,261,262,263,264,270,271,272,273,274,275,276,277,278,279,285,286,292,293,294,295,296,298,299,300,301,304,305,306,307,308,314,315,316,317,318,319,320,321,322,323,325,327,328,329,330
48,48,123
6,7,9,30,31,52,65,71,72,73,77,78,91,93,96,97,99,100,102,103,105,106,109,118,119,122,123,125,140,141,142,143,148,151,152,163,164,167,170,171,172,173,175,176,185,188,189,190,191,192,194,196,197,198,207,208,209,210,211,212,213,214,216,217,219,226,228,229,230,231,232,233,235,238,239,240,248,249,250,252,253,254,255,256,257,258,262,263,264,271,272,273,274,275,276,277,279,283,284,285,286,292,293,295,298,299,300,301,306,307,308,314,316,319,320,321,322,323,326,327,328,329,330
464,464,146
6,7,8,9,31,34,35,49,50,51,52,55,65,71,72,73,75,78,81,94,97,98,99,100,101,106,108,119,120,122,123,125,126,127,131,132,141,143,145,146,147,148,150,152,153,162,163,164,165,166,167,168,170,171,172,173,176,183,185,186,188,189,190,191,192,193,194,195,197,198,206,207,208,209,210,211,212,213,214,216,217,218,219,226,229,230,231,232,233,234,235,237,238,239,240,241,249,250,253,254,255,256,257,258,259,262,264,271,272,273,274,275,276,277,278,279,282,283,285,286,292,293,294,296,297,298,299,300,301,303,307,308,314,316,317,319,320,321,322,323,324,326,327,328,329,330
448,448,139
8,9,30,31,35,36,49,57,66,71,72,75,78,81,94,97,98,99,101,102,104,108,110,118,119,122,123,124,125,126,127,130,141,142,143,145,147,148,150,160,162,164,166,167,168,170,171,172,173,174,175,176,183,185,186,188,189,190,191,192,194,195,196,197,206,207,208,210,211,212,213,214,215,216,218,219,226,228,229,230,231,232,233,234,235,236,238,239,240,253,254,255,256,258,259,262,264,271,272,273,274,275,276,277,278,279,282,283,284,285,286,292,293,294,295,296,297,298,299,300,303,306,307,308,314,315,316,317,319,320,321,322,323,324,326,327,328,329,330
143,143,139
8,9,28,30,49,50,51,57,71,72,78,79,80,81,88,94,97,98,99,100,102,103,108,110,119,123,124,125,127,128,130,132,141,143,145,146,147,148,151,154,161,165,166,167,170,171,172,173,175,176,177,185,186,187,188,189,190,191,192,194,195,197,198,207,210,211,212,213,214,215,216,217,218,219,226,230,231,232,233,235,237,238,239,241,249,250,252,253,254,255,256,257,258,259,262,264,271,272,273,274,275,276,277,278,279,280,282,283,284,285,286,292,293,297,298,299,300,301,303,305,306,307,308,314,315,316,317,318,319,320,321,322,323,324,325,327,328,329,330
126,126,138
6,8,9,10,16,28,30,31,35,48,49,50,51,53,57,71,72,76,81,96,97,102,103,105,106,108,119,124,125,127,129,130,131,132,140,141,142,143,145,146,147,148,150,151,152,153,154,163,164,165,166,167,170,171,172,175,182,185,186,187,188,189,190,191,192,194,195,196,198,207,210,211,212,213,214,215,217,218,219,226,229,231,232,233,235,237,238,239,240,241,250,252,253,254,255,256,257,258,259,262,272,274,275,276,277,278,279,280,281,282,283,284,286,292,293,294,297,298,299,300,301,304,305,307,308,314,315,316,317,320,321,322,323,324,327,328,329,330
449,449,142
8,9,28,30,31,35,36,43,49,51,53,55,57,58,59,65,71,72,75,81,89,96,97,101,102,103,105,107,108,119,120,121,122,125,126,127,128,129,130,131,141,142,143,144,146,147,148,150,151,152,153,154,163,164,166,167,169,170,171,173,176,185,186,188,189,190,191,192,194,195,196,198,204,207,208,210,211,212,213,214,215,216,217,218,219,220,226,229,232,233,234,235,237,250,252,253,254,255,256,258,259,262,271,273,274,275,276,277,278,279,281,282,286,292,293,294,295,296,297,298,299,300,301,305,306,307,308,314,315,316,317,319,320,321,322,323,325,326,327,328,329,330
450,450,137
8,9,30,49,53,54,71,72,75,76,78,79,80,96,97,101,102,103,107,108,119,120,122,123,125,127,128,129,130,132,141,142,143,145,146,147,148,149,150,151,152,153,154,161,163,164,165,166,167,169,170,171,172,173,174,175,176,177,185,186,187,188,189,190,191,192,193,195,196,198,204,205,207,208,210,211,212,213,214,218,229,230,232,233,234,235,241,248,249,253,254,255,256,257,258,259,262,264,271,274,275,276,277,278,283,284,286,292,293,294,295,296,297,298,299,300,301,302,303,306,307,308,314,315,316,317,319,320,321,322,323,325,326,327,328,329,330
199,199,139
6,8,9,28,30,31,49,50,51,53,54,71,72,75,76,78,79,80,81,97,101,102,103,104,108,110,119,120,122,123,124,125,127,128,129,130,139,141,143,145,146,147,149,150,152,153,154,161,164,166,167,169,170,171,172,173,174,175,185,186,187,188,189,190,191,192,195,196,198,204,207,208,210,211,212,213,214,215,218,219,220,226,228,229,230,232,233,235,240,248,249,253,254,255,256,257,258,259,262,271,272,273,274,275,276,277,278,279,280,282,284,292,293,294,295,297,298,299,300,301,302,305,306,307,308,315,316,317,319,320,321,322,323,325,326,327,328,329,330
471,471,133
6,9,30,31,49,53,58,71,72,73,75,76,78,79,80,97,98,100,101,102,103,104,108,110,117,119,120,122,123,125,126,127,128,129,130,131,132,139,141,142,143,146,147,149,151,152,153,164,166,167,168,170,171,172,173,175,185,186,187,188,189,190,192,193,196,205,208,210,211,212,213,214,215,226,227,229,230,232,233,236,238,240,242,248,249,253,254,255,256,257,258,259,262,263,268,271,272,274,275,276,277,278,280,282,283,284,292,293,294,295,296,297,298,299,300,301,302,305,306,307,308,314,315,316,319,320,321,322,323,327,328,329,330
553,553,134
6,8,9,30,31,35,49,53,71,72,73,74,75,76,79,80,81,97,98,100,102,103,105,106,107,108,110,119,123,124,125,126,127,128,129,130,131,132,139,141,142,145,146,147,149,150,151,152,153,154,161,163,164,167,168,169,171,172,173,174,183,185,186,187,188,189,190,191,194,196,203,204,205,207,208,211,212,213,214,215,219,226,227,229,230,231,232,233,235,236,249,252,254,255,257,258,259,262,263,271,273,274,275,276,277,278,280,281,284,286,292,293,294,295,297,298,299,300,301,302,306,308,315,316,318,319,321,322,323,324,325,327,329,330
551,551,138
1,6,7,9,27,30,31,32,35,49,50,53,54,59,71,72,74,75,76,79,80,86,95,97,98,100,101,102,103,105,106,107,119,123,124,126,127,128,129,130,132,141,143,145,147,149,150,151,152,153,154,161,163,164,165,167,168,169,170,171,172,173,174,175,176,183,186,187,190,191,192,194,196,198,203,204,210,211,212,213,214,215,216,219,220,230,232,233,235,236,237,241,242,254,255,257,258,259,263,264,271,273,274,275,276,277,278,280,281,283,284,286,293,294,295,296,297,298,299,300,301,302,303,305,306,308,314,315,316,317,319,320,321,322,323,327,328,329
189,189,125
6,7,8,9,27,29,30,31,32,35,49,50,51,52,53,54,55,57,58,59,71,72,73,75,76,78,79,80,81,87,95,97,98,100,101,102,103,104,106,107,117,118,119,120,123,124,125,126,127,128,129,130,132,139,140,141,142,145,146,147,148,149,150,151,152,153,154,161,162,164,167,168,169,170,171,172,173,174,175,185,186,187,189,190,191,192,193,194,196,204,205,208,210,211,212,213,214,215,217,218,219,227,229,230,231,232,233,235,236,237,238,241,249,252,253,254,255,257,258,259,261,262,264,271,286
39,39,69
6,8,9,27,31,37,49,50,51,53,54,58,74,75,76,79,80,81,82,97,98,99,100,102,104,106,107,119,123,124,125,126,127,128,129,130,132,139,140,141,145,149,150,151,152,153,154,163,167,168,170,171,172,173,174,186,190,191,192,193,194,197,205,211,212,214,215,217,218
482,482,12
269,288,290,291,310,311,312,313,315,317,318,319
291,291,37
177,199,200,221,222,252,267,268,269,270,273,274,275,288,289,290,291,294,295,296,297,298,299,309,310,311,312,313,314,316,317,318,319,320,321,322,323
75,75,56
89,111,133,134,155,156,177,178,199,208,224,225,229,230,231,232,246,247,248,252,253,254,267,268,269,270,273,274,275,276,277,278,289,290,291,292,295,296,297,298,299,300,301,310,311,312,313,317,318,319,320,321,322,323,324,325
510,510,70
23,45,46,67,68,69,89,90,91,111,112,113,114,126,133,134,137,155,181,186,187,188,203,208,209,210,211,225,229,230,231,232,247,251,252,253,254,255,267,268,269,273,274,275,276,277,278,279,289,290,291,292,295,296,297,298,299,300,301,302,313,317,318,319,320,321,322,323,324,325
355,355,74
1,2,3,23,24,25,26,45,46,47,48,67,68,69,70,71,72,89,90,91,92,95,111,112,117,142,164,165,177,185,186,187,188,199,208,209,210,211,223,224,225,226,230,231,232,233,234,245,246,247,248,251,252,253,254,255,256,257,268,269,270,272,274,275,276,277,278,279,280,295,296,297,298,303
494,494,54
1,2,3,4,5,6,23,24,25,26,27,28,29,45,46,47,48,49,50,51,52,67,68,69,71,72,73,89,90,94,95,111,112,133,134,155,156,177,184,188,206,207,227,228,232,233,234,235,249,250,254,271,272,293
350,350,36
1,2,3,4,5,6,7,8,9,23,24,25,26,27,28,29,30,45,46,50,51,52,67,68,72,74,89,90,95,111,112,120,126,133,188,205
357,357,2
1,45
401,401,52
18,19,20,21,22,33,41,42,43,44,63,64,65,66,85,86,87,88,108,109,110,130,131,132,151,152,153,154,251,268,271,272,274,281,282,293,295,296,297,302,303,304,305,314,315,316,317,318,319,322,323,324
60,60,77
18,19,20,21,22,39,41,42,43,44,62,63,64,65,66,81,84,85,86,87,88,96,106,107,108,109,110,126,130,131,132,153,154,186,187,204,205,206,208,209,230,231,233,249,251,252,253,254,259,268,271,272,273,274,276,281,288,290,292,293,294,295,296,297,298,302,303,312,314,315,316,317,318,319,320,324,325
403,403,73
17,18,19,20,21,22,39,40,41,42,43,44,59,61,62,63,64,65,66,82,85,86,87,88,103,109,110,126,131,132,154,161,162,163,165,176,182,183,184,186,188,189,190,203,204,205,206,207,208,209,210,226,228,229,231,249,251,252,268,271,273,274,292,293,294,295,296,297,314,315,316,317,318
98,98,26
18,19,20,21,22,41,43,44,63,64,65,66,86,87,88,108,109,110,131,132,154,161,167,176,183,186
232,232,13
214,257,258,279,280,281,301,303,322,323,324,325,326
324,324,29
210,232,233,234,235,236,254,255,256,257,258,276,277,278,279,280,297,298,299,300,301,302,319,320,321,322,323,324,325
207,207,32
188,209,210,211,231,232,233,248,253,254,255,256,270,271,275,276,277,278,292,293,297,298,299,300,314,315,318,319,320,321,322,323
157,157,47
142,164,185,186,187,188,207,208,209,210,229,230,231,232,250,251,252,253,254,268,269,272,273,274,275,276,291,292,293,294,295,296,297,298,299,300,312,313,314,315,316,317,318,319,320,321,322
275,275,49
31,118,138,141,161,162,163,179,182,185,201,204,205,206,207,208,223,226,227,228,229,230,248,249,250,251,252,266,270,271,272,273,275,289,291,292,293,294,295,310,311,312,313,314,315,316,317,318,319
564,564,42
89,94,114,115,136,137,158,159,160,161,179,180,181,182,183,201,202,204,223,224,225,226,227,246,247,248,249,265,268,269,270,287,288,289,290,291,292,293,311,312,313,314
73,73,31
70,91,92,93,113,114,135,136,137,157,158,178,179,180,181,200,201,202,221,222,223,243,244,265,266,267,287,288,289,309,310
279,279,14
24,46,67,68,69,89,90,111,112,155,177,200,221,265
459,459,26
42,43,44,61,64,65,66,86,87,88,106,108,109,110,129,132,175,197,198,219,220,240,241,242,264,286
223,223,100
14,15,19,20,22,37,38,41,42,43,44,59,61,62,63,64,65,66,80,81,82,83,85,86,87,88,102,104,105,106,107,108,109,110,125,126,127,128,129,130,131,132,146,147,148,149,150,151,152,153,154,170,171,172,173,174,175,176,182,192,193,194,195,196,197,198,215,216,217,218,219,220,239,240,241,242,260,261,262,263,264,280,281,282,283,284,285,286,298,303,305,306,307,308,325,326,327,328,329,330
325,325,114
13,14,15,20,36,37,38,40,41,42,43,44,59,60,61,62,63,64,65,66,79,80,81,82,83,84,85,86,87,88,102,103,104,105,106,107,108,109,110,123,125,126,127,128,129,130,131,132,145,147,148,149,150,151,152,153,154,167,168,170,171,172,173,174,175,176,192,193,194,195,196,197,198,210,211,214,215,216,217,218,219,220,239,240,241,242,257,258,261,262,263,264,280,281,282,283,284,285,286,298,302,303,305,306,307,308,320,324,325,326,327,328,329,330
240,240,128
13,14,15,16,17,18,20,21,35,36,37,38,39,40,42,43,44,45,59,60,61,62,63,64,65,66,80,81,83,84,86,87,88,102,103,104,105,106,108,109,110,123,125,126,128,129,130,131,132,145,146,147,148,149,150,151,152,153,154,166,167,168,170,171,172,173,174,175,176,188,189,190,191,192,193,194,195,196,197,198,210,211,213,215,216,217,218,219,220,232,234,236,238,239,240,241,242,254,257,258,260,261,262,263,264,280,281,282,283,284,285,286,298,299,303,304,305,306,307,308,320,324,325,326,327,328,329,330
90,90,130
13,14,15,17,18,19,22,36,37,38,39,40,41,42,43,44,59,60,61,64,65,66,81,82,83,85,86,87,88,101,102,103,104,105,106,107,108,109,110,124,125,126,128,130,131,132,144,145,146,147,148,149,150,151,152,153,154,166,167,168,169,170,171,172,173,174,175,176,190,191,192,193,194,195,196,197,198,210,211,213,214,215,216,217,218,219,220,233,234,236,237,238,239,240,241,242,254,257,258,259,260,261,262,263,264,280,281,282,283,284,285,286,297,298,299,300,303,304,305,306,307,308,320,324,325,326,327,328,329,330
72,72,129
14,17,18,19,21,22,37,38,39,40,41,42,43,44,59,60,61,62,63,64,65,66,81,82,83,84,86,87,88,102,103,104,105,108,109,110,124,125,126,127,130,131,132,146,147,148,149,150,151,152,153,154,168,169,170,171,172,173,174,175,176,189,190,191,192,193,194,195,196,197,198,211,212,213,214,215,216,217,218,220,234,235,236,238,239,240,241,242,254,255,257,258,259,260,261,262,263,264,278,279,280,281,282,283,284,285,286,298,300,301,302,303,304,305,306,307,308,319,320,321,322,323,324,325,326,327,328,329,330
311,311,135
1,6,13,14,17,18,19,20,21,22,36,37,38,39,40,41,42,43,44,59,60,62,63,64,65,66,81,82,86,87,88,102,103,104,105,106,108,109,110,125,126,127,128,130,131,132,146,147,148,149,150,151,152,153,154,167,168,170,171,172,173,174,175,176,189,190,191,192,193,194,195,196,197,198,211,212,213,214,215,216,217,218,219,220,233,234,235,236,237,238,239,240,241,242,254,255,257,258,259,260,261,262,263,264,277,278,279,280,281,282,283,284,285,286,298,300,301,302,303,304,305,306,307,308,320,321,322,323,324,325,326,327,328,329,330
189,189,128
14,18,20,21,22,25,36,37,38,40,41,42,43,44,59,60,61,63,64,65,66,81,82,86,87,88,102,103,104,105,108,109,110,124,125,126,127,128,130,131,132,147,148,149,150,151,152,153,154,166,167,168,169,170,171,172,173,174,175,176,188,189,190,191,193,194,195,196,197,198,210,211,212,213,214,215,216,217,218,220,229,233,234,236,237,238,239,240,241,242,256,257,258,259,260,262,263,264,277,280,281,282,283,284,285,286,298,299,300,301,302,303,304,305,306,307,308,320,321,322,323,324,325,326,327,328,329,330
272,272,135
13,14,17,19,20,21,24,36,37,38,39,40,41,42,43,44,59,60,61,64,65,66,81,82,83,84,86,87,88,98,102,103,104,108,109,110,125,126,128,130,131,132,142,144,147,148,149,150,151,152,153,154,165,167,168,170,171,172,173,174,175,176,189,190,191,192,193,195,196,197,198,205,209,210,211,212,215,216,217,218,219,220,229,233,234,235,236,237,239,240,241,242,255,256,257,258,259,260,261,262,263,264,278,279,280,281,282,283,284,285,286,297,298,299,300,301,302,303,304,305,306,307,308,319,320,321,322,323,324,325,326,327,328,329,330
150,150,128
13,14,16,18,19,20,22,37,38,39,40,41,42,43,44,59,60,61,62,63,64,65,66,81,82,83,86,87,88,102,103,104,105,108,109,110,124,125,126,127,129,130,131,132,144,148,150,151,152,153,154,163,167,168,169,172,173,174,175,176,183,189,190,194,195,196,197,198,205,209,210,211,212,216,217,218,219,220,232,233,234,235,236,239,240,241,242,255,256,257,258,259,261,262,263,264,277,278,280,281,282,283,284,285,286,298,299,300,301,302,303,304,305,306,307,308,318,320,321,322,323,324,325,326,327,328,329,330
457,457,136
6,7,13,14,15,16,17,18,19,20,36,38,40,42,43,44,59,60,63,64,65,66,81,82,86,87,88,98,103,104,105,108,109,110,119,125,126,127,129,130,131,132,141,147,148,150,151,152,153,154,162,163,164,165,167,168,170,171,174,175,176,183,185,189,190,193,195,196,197,198,205,209,210,211,212,214,216,217,219,220,229,232,233,234,235,236,237,239,240,241,242,254,255,257,258,259,260,262,263,264,277,278,280,281,282,283,284,285,286,290,295,297,298,299,300,301,302,303,304,305,306,307,308,318,319,320,321,322,323,324,325,326,327,328,329,330
149,149,129
6,7,14,15,17,18,19,27,36,37,38,41,42,43,44,58,59,60,61,64,65,66,81,82,83,86,87,88,95,96,102,103,104,108,109,110,117,119,120,125,126,127,130,131,132,141,144,146,148,149,150,151,152,153,154,162,163,164,167,168,169,170,171,172,174,175,176,183,185,189,190,195,197,198,205,206,210,211,212,214,216,217,220,229,232,234,236,239,240,242,255,256,257,258,262,263,264,277,278,280,281,282,283,284,285,286,297,298,299,300,301,302,304,305,306,307,308,318,319,320,321,322,323,324,325,327,328,329,330
281,281,137
6,7,14,15,17,18,19,20,21,29,36,37,38,42,43,44,51,54,55,58,59,60,61,62,64,65,73,74,79,80,81,82,86,98,102,103,104,105,108,117,119,120,124,125,127,130,131,139,141,142,144,146,147,148,150,152,153,154,161,162,163,164,167,168,171,173,174,175,176,183,185,190,193,194,195,196,197,198,206,209,210,212,214,217,218,219,229,232,234,235,236,239,240,241,242,254,255,256,257,258,260,261,262,263,264,277,278,280,281,282,283,284,285,286,296,297,298,299,300,301,302,303,305,306,307,308,320,321,322,323,324,325,326,327,328,329,330
448,448,139
6,7,13,14,17,19,20,21,22,27,29,36,37,38,39,41,44,58,59,60,61,64,65,74,76,80,81,83,86,87,88,95,96,98,102,103,104,108,109,110,117,119,120,121,124,125,126,130,131,132,139,141,152,153,154,161,162,163,167,168,170,171,173,174,175,176,183,184,185,188,189,190,191,193,195,196,197,198,205,206,207,209,212,214,217,218,219,220,229,234,235,236,237,239,240,241,242,255,256,257,258,259,262,263,264,275,277,278,279,280,281,284,285,286,296,297,298,299,300,301,302,303,304,305,306,307,308,317,319,320,321,322,324,325,326,327,328,329,330
186,186,127
1,7,14,15,16,17,19,20,37,38,39,40,42,44,51,58,59,60,61,64,65,74,76,80,81,84,86,87,88,95,96,98,102,103,104,105,107,108,109,110,117,119,120,129,130,131,132,139,141,148,150,152,153,154,162,163,168,170,171,172,174,176,183,185,189,190,196,197,198,206,207,212,213,217,218,219,226,229,234,235,236,239,240,241,242,253,254,255,257,258,262,263,264,277,278,279,280,281,282,283,284,285,286,296,297,298,299,300,302,303,305,306,307,308,317,318,319,320,321,322,324,325,326,327,328,329,330
155,155,126
14,15,16,19,20,22,27,29,32,36,37,38,39,41,42,44,55,58,59,60,61,63,64,65,76,77,80,81,86,87,88,95,96,97,102,103,104,105,108,109,110,117,124,126,128,129,130,131,132,139,141,145,147,148,150,152,153,154,161,162,163,167,168,171,172,173,174,175,176,183,185,190,192,193,194,195,196,197,198,206,207,212,213,216,217,218,228,229,234,235,236,241,242,255,256,257,258,259,260,263,264,278,279,280,285,286,296,298,299,300,302,303,305,306,307,308,318,319,320,324,325,326,327,328,329,330
426,426,136
13,14,15,16,17,18,19,20,21,22,27,33,36,37,38,41,42,43,44,55,58,59,60,61,63,64,65,76,80,81,83,86,87,88,96,98,102,103,104,105,106,108,109,110,117,120,124,125,126,127,128,130,131,132,139,141,146,147,148,150,152,153,154,161,162,163,168,169,170,171,172,173,174,175,176,183,184,185,189,190,193,194,195,196,197,198,206,207,212,213,217,218,219,220,228,229,234,235,236,241,242,256,257,258,262,263,264,277,279,280,284,285,286,295,296,297,298,299,300,302,303,306,307,308,318,319,320,321,322,324,325,326,327,328,329,330
146,146,131
7,13,14,15,16,17,18,19,20,21,22,27,36,37,38,39,41,42,43,59,60,63,64,65,74,76,80,81,84,85,86,87,88,96,98,102,103,104,105,108,109,110,117,118,124,125,126,127,128,130,131,132,139,140,142,147,151,152,153,154,163,168,169,170,171,172,173,174,175,176,183,184,185,195,198,206,207,209,212,213,216,217,218,219,220,226,229,234,235,236,238,239,240,241,242,253,255,256,257,258,261,262,263,264,271,277,278,279,280,283,284,285,286,297,298,300,303,304,307,308,316,317,319,320,321,325,326,327,328,329,330
398,398,139
1,6,14,15,16,17,18,19,20,21,22,27,32,36,38,41,42,43,44,54,55,58,59,60,61,63,64,65,74,76,77,80,81,82,84,86,87,96,98,102,103,104,105,106,108,109,110,117,118,120,121,124,125,126,130,131,132,139,142,146,152,153,154,162,163,168,169,171,172,173,174,175,176,183,184,185,186,190,193,194,195,196,197,206,207,209,212,213,214,216,217,218,219,220,228,229,234,235,236,240,241,242,249,253,255,256,257,259,262,263,264,277,279,280,285,286,296,297,298,299,300,303,304,305,306,307,308,317,318,319,320,321,322,325,326,327,328,329,330
391,391,142
17,19,20,21,22,26,27,32,33,36,37,41,42,43,44,54,55,59,60,61,63,64,65,77,78,80,81,82,84,85,86,87,96,98,102,103,104,105,106,107,108,109,110,118,120,124,125,126,127,128,129,130,131,139,141,142,146,147,150,152,153,154,161,162,163,168,169,170,172,173,175,176,183,184,185,186,190,193,195,196,197,198,205,206,207,209,212,213,215,217,218,219,220,228,229,235,236,238,239,240,241,242,250,255,257,258,260,261,262,263,264,275,277,279,280,281,284,285,286,295,297,298,299,300,302,303,305,306,307,308,316,317,319,320,321,322,325,326,327,328,329,330
416,416,138
6,15,16,17,19,20,21,22,26,27,32,33,36,38,41,42,43,44,58,60,61,63,64,65,66,76,80,81,82,85,86,87,96,98,102,103,104,105,106,108,109,110,118,120,124,125,126,127,128,129,130,131,132,139,141,146,147,148,152,153,154,161,168,169,170,171,173,174,176,183,184,185,190,193,195,196,197,198,206,207,209,212,216,217,218,219,220,229,234,235,236,237,239,240,241,242,249,253,255,257,258,262,263,264,273,275,277,278,279,280,282,285,286,295,296,297,298,299,300,302,303,305,307,308,316,317,318,319,320,321,322,324,325,326,327,328,329,330
79,79,121
17,19,20,21,22,25,26,27,37,41,42,43,44,50,57,63,64,65,76,80,81,82,83,85,86,87,96,97,98,102,103,104,105,108,109,110,118,120,124,126,128,130,131,132,139,141,142,146,147,148,149,152,153,154,169,171,174,175,176,185,186,187,188,190,192,193,197,198,206,207,209,211,212,216,217,228,229,234,239,240,241,242,249,253,255,256,257,258,262,263,264,273,275,276,277,280,281,286,295,296,297,298,299,303,305,306,307,308,316,317,318,319,320,321,324,325,326,327,328,329,330
408,408,143
2,6,17,18,19,20,21,22,26,27,33,34,35,37,39,40,41,42,43,44,57,60,63,64,65,66,76,82,86,87,96,104,107,108,109,110,118,120,121,125,126,128,130,131,132,141,143,146,147,148,149,152,153,154,162,163,169,170,171,172,174,175,176,183,184,185,186,191,193,194,195,196,197,198,206,207,208,209,210,211,212,213,214,217,218,219,220,228,229,232,233,234,235,240,241,242,250,253,255,257,258,260,262,263,264,271,272,273,275,277,278,279,281,283,284,285,286,295,297,298,299,300,301,302,303,304,305,306,307,308,316,317,318,319,320,321,323,324,325,327,328,329,330
551,551,128
17,18,19,20,21,22,27,37,39,40,41,42,43,44,63,64,65,66,76,77,84,85,86,87,97,98,105,107,108,109,110,118,120,121,125,126,129,130,131,132,139,141,143,146,147,148,149,152,153,154,162,163,165,168,169,170,171,173,174,175,176,183,187,192,194,196,197,198,206,207,209,210,211,212,216,217,218,219,220,229,231,232,233,234,235,240,241,242,253,255,256,262,263,264,272,273,274,276,277,278,279,283,284,285,286,295,297,298,300,302,303,305,307,308,316,317,318,319,320,321,323,324,325,326,327,328,329,330
86,86,134
17,18,19,20,21,22,27,35,40,41,42,43,44,61,62,63,64,65,66,76,77,84,85,87,96,98,104,105,106,107,108,109,120,125,126,128,129,130,131,143,146,147,148,149,152,153,154,161,165,168,169,170,173,174,175,176,183,185,191,192,193,194,195,196,197,198,206,207,208,209,210,211,212,213,214,217,218,219,220,229,231,233,234,235,236,239,240,241,242,253,255,256,257,258,260,262,263,264,272,273,274,276,277,278,279,280,282,284,285,286,290,295,297,298,299,300,302,303,305,307,308,316,317,318,319,320,321,322,324,326,327,328,329,330
371,371,137
1,12,15,16,17,18,19,20,21,22,26,27,33,40,41,42,43,44,54,60,61,62,63,64,65,66,76,77,84,85,87,97,101,105,107,108,110,125,126,129,130,131,132,140,142,143,146,147,148,149,151,152,153,154,162,168,169,170,173,174,175,176,183,184,185,187,190,192,193,194,195,196,197,198,207,208,209,211,212,215,216,217,218,219,220,229,232,233,234,235,236,239,240,241,242,249,250,253,255,256,257,258,262,263,264,269,273,274,277,278,279,280,285,286,290,296,298,299,300,302,304,305,306,307,308,317,318,319,320,321,324,325,326,327,328,329,330
364,364,133
2,17,19,20,21,22,26,27,33,39,40,41,42,43,44,54,56,63,64,65,66,76,77,84,85,86,87,88,96,105,106,107,108,109,110,120,125,126,127,128,129,130,131,140,141,142,143,147,148,150,151,152,153,154,160,161,162,168,169,170,173,174,175,176,183,185,191,192,193,195,196,197,198,207,208,209,211,212,215,216,217,218,219,220,228,229,232,233,234,235,239,240,241,242,249,250,253,255,256,257,258,262,263,264,272,278,280,282,283,284,285,286,290,295,298,299,300,302,303,305,306,307,308,317,320,321,322,324,326,327,328,329,330
240,240,136
2,6,16,17,18,19,20,21,22,26,27,28,34,39,40,41,42,43,44,50,54,56,62,63,64,65,66,76,77,84,85,86,88,98,105,106,107,108,109,110,120,125,126,127,128,129,130,131,132,141,142,143,147,148,149,150,151,152,153,161,162,165,169,170,173,174,175,176,183,184,185,191,192,193,194,195,196,197,198,207,208,209,212,215,216,217,218,219,220,228,229,233,234,235,239,240,241,242,249,253,255,256,262,263,264,272,273,276,278,280,281,285,286,290,295,296,298,299,300,301,303,304,305,307,308,317,318,320,321,322,323,325,326,327,328,330
362,362,132
6,12,13,16,17,18,19,20,21,22,27,28,34,40,41,42,43,44,54,60,62,63,64,65,66,76,84,85,86,87,98,106,107,108,110,118,120,125,126,127,128,129,130,131,132,139,141,147,148,149,150,151,152,153,161,162,164,169,170,172,173,174,175,176,183,184,190,191,192,193,194,195,196,197,198,204,207,208,212,213,215,217,218,219,220,229,234,235,239,240,241,242,253,254,255,256,258,261,262,263,264,272,273,274,276,277,278,280,281,283,284,285,286,290,294,295,299,300,302,303,306,307,317,318,319,320,321,322,326,327,328,330
248,248,141
12,13,16,17,18,19,20,21,22,27,28,34,39,40,41,42,43,44,50,55,60,61,62,63,64,65,66,76,77,78,84,85,86,87,88,98,99,105,106,107,108,110,125,126,127,128,129,130,131,132,136,141,142,143,147,148,149,151,152,153,154,162,169,170,173,174,175,176,184,187,191,192,193,194,195,196,197,198,207,208,209,211,212,213,214,216,217,218,219,220,229,233,234,235,236,238,239,240,241,242,253,254,255,256,257,258,261,262,263,264,272,273,274,276,277,278,284,285,286,294,295,296,297,299,300,302,304,305,306,307,308,316,317,318,319,320,321,326,327,328,330
14,14,125
9,14,16,17,18,19,21,22,27,39,40,41,42,43,44,60,62,63,64,65,66,76,78,83,84,85,86,87,88,96,98,104,105,107,108,110,120,125,126,128,129,130,131,132,141,142,143,147,152,153,154,162,164,169,170,172,173,174,175,176,183,192,193,194,195,196,197,198,211,212,214,216,217,218,219,220,229,232,233,234,235,236,239,240,241,242,247,253,256,258,260,262,263,264,272,273,274,276,278,282,283,284,285,286,290,294,295,296,298,299,300,303,305,306,307,308,317,320,321,322,323,324,325,328,329
6,6,131
6,14,16,17,18,19,20,21,22,27,38,39,40,41,42,43,44,50,60,62,63,64,65,66,84,85,86,87,88,98,104,106,107,108,110,120,121,125,126,127,128,129,130,131,132,142,143,147,150,151,152,153,154,160,162,164,169,170,171,172,173,174,175,176,183,185,192,193,194,195,196,197,198,207,212,213,214,216,217,218,219,220,228,229,234,235,238,239,240,241,242,253,256,258,260,262,263,264,272,273,275,276,277,278,281,282,283,284,285,286,290,295,297,298,299,303,305,307,308,314,317,319,320,321,322,323,325,326,327,328,330
256,256,134
6,17,18,19,20,22,27,28,35,39,40,41,42,44,62,63,64,66,76,84,85,86,87,88,98,104,105,107,108,110,119,125,127,128,129,130,131,132,142,143,148,149,150,151,152,153,154,160,161,162,168,169,170,171,172,173,174,175,176,183,184,190,191,192,193,194,195,196,197,198,209,212,213,214,215,216,217,218,219,220,228,229,234,236,238,239,240,241,242,250,253,255,256,257,258,260,262,263,264,269,277,278,279,280,281,283,284,285,286,295,297,298,299,300,302,303,304,305,306,307,308,314,315,317,319,320,321,322,325,326,327,328,329,330
263,263,138
2,6,17,18,20,21,22,27,40,41,42,43,44,50,60,61,62,63,64,65,66,76,80,83,84,85,86,87,88,98,107,108,109,110,119,125,126,127,128,129,130,131,132,143,149,150,151,152,154,160,164,170,171,172,173,174,175,176,184,191,192,193,194,195,196,197,198,206,208,210,212,213,214,215,216,217,218,219,220,228,229,233,234,235,236,240,241,242,250,253,254,255,256,257,258,261,262,263,264,269,272,275,277,278,279,280,281,283,284,285,286,290,294,295,298,299,300,301,302,303,304,305,306,307,308,314,316,317,319,320,321,322,323,324,325,326,329,330
324,324,130
17,18,20,21,22,27,36,39,40,41,42,43,44,60,61,62,63,64,65,66,76,82,83,84,85,86,87,88,98,104,105,106,107,108,109,110,125,127,128,130,132,143,148,149,151,152,153,160,169,170,171,172,173,174,175,176,183,184,191,192,193,194,195,196,197,198,211,214,215,216,217,218,219,220,228,229,233,234,236,237,238,239,240,241,242,247,250,253,255,256,257,258,259,260,262,263,264,269,272,278,279,280,281,283,284,285,286,295,298,299,301,302,303,305,306,308,309,314,317,320,321,322,323,324,325,326,327,328,329,330
12,12,129
6,17,18,19,20,21,22,27,40,41,42,43,44,60,62,63,64,65,66,76,83,84,85,86,87,88,98,104,105,106,107,108,109,110,117,118,125,126,127,128,132,141,142,147,148,149,150,151,152,153,154,160,162,169,170,171,172,173,174,175,176,183,184,190,191,193,194,195,196,197,198,212,216,217,218,219,220,229,233,234,235,236,237,238,240,241,242,253,255,256,257,258,259,260,261,262,263,264,269,272,273,275,277,278,279,280,281,283,284,285,286,295,299,303,305,306,308,317,320,321,322,323,324,325,326,327,328,329,330
322,322,133
6,10,17,18,20,21,22,27,36,40,41,42,43,44,55,61,63,64,65,66,82,83,84,85,86,87,88,98,104,106,107,108,109,110,117,118,120,125,126,127,128,129,130,132,141,149,150,151,152,153,154,160,162,169,170,171,172,173,174,175,176,190,191,192,193,194,195,196,197,198,212,213,216,217,218,219,220,229,233,235,236,238,239,240,241,242,253,255,256,257,258,259,260,261,262,263,264,272,275,277,278,279,280,281,282,283,284,285,286,293,295,297,298,300,302,303,304,305,306,307,308,316,317,319,320,321,322,325,326,327,328,329,330
564,564,126
2,6,17,18,20,21,27,36,40,42,43,44,50,55,58,59,60,62,63,64,65,66,76,82,84,85,86,87,88,98,104,105,106,107,108,109,110,117,125,127,128,130,132,143,148,149,150,151,152,153,160,162,169,170,171,172,173,174,175,176,184,193,194,195,196,197,198,212,213,215,216,217,218,219,220,229,233,234,235,236,238,240,241,242,253,255,256,257,258,259,260,261,262,263,264,272,275,278,279,280,281,282,283,285,286,293,295,298,299,301,305,306,307,308,314,317,319,320,321,322,325,326,327,328,329,330
280,280,138
6,13,17,18,19,20,21,27,35,39,40,41,42,43,44,55,58,61,62,63,64,65,66,76,84,85,86,87,88,98,104,105,106,107,108,109,110,117,118,124,126,127,128,129,130,132,139,142,147,148,149,150,151,152,153,154,160,162,170,171,172,173,174,175,176,184,186,191,192,193,194,195,196,197,198,207,209,212,213,215,216,217,218,219,220,228,229,233,234,235,236,237,238,239,240,241,242,253,255,256,257,259,260,262,263,264,272,273,275,277,278,279,280,281,282,284,285,286,295,298,301,302,304,305,306,307,308,317,319,320,321,323,325,326,327,328,329,330
103,103,144
6,17,18,19,27,33,39,40,41,42,43,56,58,62,63,64,65,66,76,77,80,83,84,85,86,87,88,104,105,106,107,108,109,110,121,124,127,128,129,130,131,132,142,147,148,149,150,151,152,153,154,162,165,169,170,171,172,173,174,175,176,183,184,190,191,192,193,194,195,196,197,198,209,212,213,214,215,216,217,218,219,220,228,229,232,233,234,235,236,237,238,239,240,241,242,250,253,254,256,257,258,259,260,261,262,263,264,272,273,275,277,278,279,280,281,282,283,284,285,286,295,296,297,298,300,301,302,303,305,306,307,308,314,316,317,319,320,321,323,324,325,327,328,330
456,456,140
6,17,18,20,28,35,37,39,40,41,42,43,56,59,61,62,63,64,65,80,85,86,87,88,101,103,105,106,107,108,109,110,117,122,126,127,128,129,130,131,132,148,149,151,152,153,154,165,168,169,170,171,172,173,174,175,176,183,184,191,192,193,194,195,196,197,198,205,212,213,214,215,216,217,218,219,220,228,229,234,235,236,237,238,239,240,241,242,250,253,256,257,258,259,260,261,262,263,264,271,272,273,275,277,278,279,280,281,282,283,284,285,286,295,297,298,299,300,301,302,303,305,306,307,308,314,316,317,319,320,321,322,323,324,325,326,327,328,329,330
448,448,139
6,7,18,27,35,39,40,41,42,55,56,57,58,59,61,62,63,64,65,77,80,82,85,86,87,88,100,101,105,106,107,108,109,110,117,120,121,126,127,128,129,130,132,148,149,151,152,153,154,169,170,171,172,173,174,175,176,184,190,191,192,193,194,195,196,197,198,205,206,212,213,215,216,217,218,219,220,228,229,234,235,236,237,238,239,240,241,242,253,254,256,257,258,259,260,261,262,263,264,271,272,273,275,277,278,279,280,281,282,283,284,285,286,294,295,297,299,300,301,302,303,304,305,306,307,308,316,317,319,321,322,323,324,325,326,327,328,329,330
569,569,128
6,18,22,27,35,40,41,42,44,57,59,61,62,63,64,77,78,79,82,84,85,86,87,88,101,103,104,107,108,109,110,126,127,128,129,130,131,132,148,149,150,151,152,153,154,168,170,171,172,173,174,175,176,184,190,191,192,193,194,195,196,197,198,205,206,207,212,213,214,215,216,217,218,219,220,228,229,234,235,238,239,240,241,242,255,256,257,258,259,260,261,262,263,264,265,271,272,278,279,280,281,283,284,286,295,298,299,300,301,302,303,304,305,306,307,308,316,317,319,320,322,323,324,325,327,328,329,330
126,126,135
6,7,19,22,27,35,37,39,40,41,44,55,59,63,64,76,79,80,81,82,83,84,85,86,87,88,99,101,102,103,104,107,108,109,110,120,121,123,126,127,128,129,130,131,132,139,144,148,149,150,152,153,154,162,170,171,172,173,174,175,176,184,191,192,193,194,195,196,197,198,206,213,214,215,216,217,218,219,220,226,228,234,235,237,238,239,240,241,242,248,249,256,257,258,259,260,261,262,263,264,271,272,278,279,280,281,282,283,285,286,292,294,298,299,300,301,302,303,304,305,306,307,316,317,320,321,322,323,324,325,326,327,328,329,330
117,117,135
6,18,22,28,34,35,37,40,41,44,56,57,59,63,64,66,76,79,80,82,83,84,85,86,87,88,95,98,99,100,101,102,103,104,107,108,109,110,117,123,124,126,127,128,129,130,131,139,144,148,149,150,151,152,153,154,162,170,171,172,173,175,176,184,190,191,192,193,194,195,196,197,198,206,207,213,214,215,216,217,218,219,220,228,234,235,237,238,239,240,241,242,245,248,249,256,257,258,259,260,261,262,263,264,271,272,278,279,280,282,283,284,285,286,292,295,299,300,301,303,305,306,308,316,317,319,320,321,322,323,325,327,328,329,330
450,450,137
6,18,22,28,37,40,41,43,44,55,56,57,58,59,61,63,64,66,79,80,82,84,85,86,87,88,95,100,101,102,103,104,107,108,109,110,117,121,123,126,127,128,129,130,131,132,144,145,148,149,151,152,153,154,169,170,171,172,173,174,175,176,184,185,187,188,190,191,192,193,194,195,196,197,198,206,207,213,214,215,216,217,218,219,220,224,226,228,229,235,237,239,240,241,242,248,249,256,257,258,259,261,262,263,264,272,277,278,279,280,282,283,284,285,286,295,297,298,299,300,301,302,303,304,305,307,308,316,319,320,322,323,324,326,327,328,329
470,470,134
6,15,17,18,28,34,35,37,41,43,44,55,58,59,63,64,66,78,79,80,81,83,84,85,86,87,88,97,100,101,103,104,107,108,109,110,117,121,123,126,127,128,129,130,131,139,148,149,150,151,152,153,154,161,169,170,171,172,173,174,175,176,184,185,187,191,192,193,194,195,196,197,198,205,213,214,215,216,217,218,219,220,226,228,235,237,238,239,240,241,242,248,254,256,257,258,259,260,261,262,263,264,272,277,278,279,280,281,282,283,284,285,286,288,295,298,299,300,301,303,304,305,307,308,316,317,319,320,321,322,323,324,328,330
124,124,134
1,6,13,15,17,18,19,22,28,35,37,40,42,43,44,57,59,63,64,66,76,78,80,82,84,85,86,87,99,101,102,103,104,107,108,109,110,117,121,123,124,126,127,128,129,130,131,132,139,148,149,151,152,153,154,161,165,169,170,171,172,173,175,176,184,187,190,191,192,193,194,195,196,197,198,206,213,215,216,217,218,219,220,226,228,229,234,235,236,237,238,239,240,241,242,248,256,257,258,259,260,261,262,263,264,272,278,279,280,281,282,283,284,285,286,300,301,302,303,305,307,308,316,319,320,321,322,323,324,325,326,327,328,330
132,132,131
6,15,18,22,35,36,40,57,58,59,63,64,66,77,78,79,80,84,86,87,99,100,101,104,105,107,108,109,110,117,121,123,127,128,130,131,132,139,143,149,151,152,153,154,169,171,172,173,174,175,176,184,187,188,190,191,193,194,195,196,197,198,206,207,209,210,212,213,216,217,218,219,220,232,234,235,238,239,240,241,242,249,253,254,255,256,257,259,260,261,262,263,264,271,272,277,278,279,280,281,282,283,284,285,286,292,294,298,299,300,301,302,303,304,305,306,307,308,314,316,319,320,321,322,323,324,325,326,328,329,330
190,190,135
6,7,15,16,18,22,26,27,28,34,35,36,37,40,43,59,62,63,66,77,79,83,84,86,88,99,100,102,106,108,109,110,120,123,127,128,130,131,132,139,142,144,145,148,150,152,153,154,161,162,163,165,169,172,173,174,175,176,184,187,191,192,193,194,195,196,197,198,206,207,209,210,213,214,216,217,218,219,220,228,229,233,235,237,238,239,240,241,242,249,253,254,255,257,258,259,260,261,262,263,264,271,272,277,278,279,280,281,282,283,284,285,286,292,294,297,298,299,300,301,302,303,304,305,306,307,308,314,315,316,319,320,322,323,324
418,418,107
6,15,16,18,22,28,34,35,36,40,43,50,58,63,76,77,79,83,84,86,88,102,103,107,108,109,110,117,120,121,122,123,124,128,129,130,131,132,142,144,145,150,151,153,154,164,165,166,168,169,171,172,173,174,175,176,183,184,185,191,192,193,194,195,196,197,198,206,207,208,209,213,215,216,217,218,219,220,228,232,235,237,238,239,240,241,242,248,249,250,253,254,255,257,258,259,260,261,262,263,264,272,278,283,285,286,309
253,253,37
6,16,27,28,50,57,58,59,102,109,110,117,121,123,153,169,170,171,172,175,176,184,193,194,195,197,198,210,213,216,217,218,219,220,240,241,242
257,257,16
221,243,244,245,265,266,267,287,288,289,290,291,309,310,311,317
338,338,39
133,155,156,157,177,178,179,180,181,199,200,201,202,203,221,222,223,224,225,243,244,245,246,247,248,252,265,266,267,287,288,289,296,309,310,313,314,318,320
500,500,57
67,89,90,91,92,111,112,113,114,115,133,134,135,136,137,155,156,157,158,159,177,178,179,180,181,182,199,200,201,202,203,221,222,223,224,225,230,243,244,245,246,247,248,252,253,265,266,267,273,276,287,288,309,310,320,323,324
501,501,67
1,23,24,25,45,46,47,48,67,68,69,70,71,72,89,90,91,92,93,94,111,112,113,114,115,116,117,133,134,135,136,137,138,139,155,156,157,158,159,177,178,179,180,181,199,200,201,202,203,208,209,221,222,223,230,231,232,243,244,245,254,265,266,267,302,303,325
81,81,66
1,2,3,4,5,6,23,24,25,26,27,28,45,46,47,48,49,50,51,67,68,69,70,71,72,73,89,90,91,92,93,94,95,111,112,113,114,115,116,117,133,134,135,136,137,140,155,156,157,158,159,177,178,179,180,199,200,201,202,208,209,210,218,222,223,224
318,318,53
4,5,6,7,23,24,25,26,27,28,29,45,46,47,48,49,50,51,52,67,68,69,70,71,72,73,89,90,91,92,93,94,95,111,112,113,114,115,116,117,133,134,135,136,137,138,139,157,158,159,179,180,202
140,140,40
1,2,3,4,5,6,7,8,23,24,25,26,27,28,29,30,45,46,47,48,49,50,51,52,67,68,69,70,71,72,73,90,91,92,93,94,95,113,114,137
114,114,20
1,4,5,6,7,8,9,23,24,25,26,27,28,29,30,46,47,50,51,70
503,503,12
19,20,21,22,42,43,44,65,66,88,110,132
393,393,58
19,20,21,22,42,43,44,63,64,65,66,87,88,109,110,132,151,152,153,154,173,174,175,176,192,197,198,210,219,220,229,231,235,251,252,254,269,271,272,273,274,275,279,292,293,294,295,296,297,298,299,312,316,317,318,319,320,323
92,92,51
19,20,21,22,41,42,43,44,63,64,65,66,84,86,87,88,106,109,110,123,128,129,131,132,144,153,154,166,174,175,176,186,209,226,229,231,232,233,251,254,268,271,272,273,274,277,292,294,296,297,316
277,277,40
17,18,19,20,21,22,41,42,43,44,62,63,64,65,66,85,86,87,88,105,106,108,109,110,123,130,131,132,153,154,164,175,176,186,188,198,208,231,273,296
573,573,7
21,22,41,43,65,66,88
452,452,17
190,234,236,256,257,258,278,279,280,300,301,302,303,322,323,324,325
186,186,22
187,188,209,210,231,232,253,254,255,275,276,277,297,298,299,300,301,319,320,321,322,323
278,278,52
9,10,30,31,52,54,73,74,95,96,117,119,141,142,164,165,181,185,186,187,188,205,208,209,227,228,229,230,231,232,250,251,252,253,254,272,273,274,275,276,277,294,295,296,297,298,310,316,317,318,319,320
21,21,52
9,29,30,31,51,52,72,73,74,93,95,115,116,117,137,138,158,159,160,180,181,203,204,205,206,225,226,227,228,246,247,248,249,267,270,271,272,273,275,289,291,292,293,294,295,310,311,313,314,315,316,317
436,436,42
29,51,73,93,94,95,114,115,116,136,137,138,157,158,159,180,181,182,201,202,203,223,224,244,245,246,247,265,266,267,268,269,270,288,289,290,291,309,310,311,313,314
20,20,32
91,134,135,136,156,157,158,177,178,179,199,200,201,202,221,222,223,224,243,244,245,246,265,266,267,268,287,288,289,309,310,311
265,265,17
90,111,112,133,134,155,156,177,178,199,200,221,243,244,265,287,309
85,85,11
42,44,64,65,176,195,197,218,219,220,263
512,512,82
17,18,19,20,21,22,39,40,41,42,43,44,60,62,63,64,65,66,81,82,83,84,85,86,87,88,103,104,105,106,107,108,109,110,126,127,128,129,130,132,148,149,150,151,152,153,154,170,171,172,173,174,175,176,191,192,193,194,195,196,197,198,216,217,218,219,220,239,240,241,242,262,263,264,284,285,286,306,307,308,329,330
90,90,110
15,17,18,19,20,21,22,36,37,38,39,40,41,42,43,44,57,59,60,61,62,63,64,65,66,81,82,83,84,85,86,87,88,102,103,104,105,106,107,108,109,110,125,126,127,128,129,130,131,132,146,148,149,150,151,152,153,154,168,169,170,171,172,173,174,175,176,191,192,193,194,195,196,197,198,213,214,216,217,218,219,220,235,236,239,240,241,242,257,258,259,260,261,262,263,264,279,280,282,283,284,285,286,306,307,308,326,327,328,329
205,205,116
14,15,17,18,19,20,21,22,37,39,40,41,42,43,44,57,58,59,60,61,62,63,65,66,80,81,82,83,84,85,86,87,88,102,103,104,105,106,107,108,109,110,125,126,127,128,129,130,131,132,146,148,149,150,151,152,153,154,168,169,170,171,172,173,174,175,176,190,191,192,193,194,195,196,197,198,213,214,215,216,217,218,219,220,234,235,238,239,240,241,242,255,256,257,258,259,260,261,262,263,264,278,279,281,282,283,284,285,286,306,307,308,326,327,329,330
302,302,104
14,17,18,19,20,21,22,37,39,40,41,42,43,44,59,60,61,62,63,65,66,80,81,82,84,85,86,87,88,103,104,105,106,107,108,110,125,126,127,128,129,130,131,132,148,149,150,151,152,153,154,168,170,171,172,174,175,176,191,192,193,194,195,196,197,198,213,214,215,216,217,218,219,220,235,236,237,238,239,240,241,242,243,257,258,259,260,261,262,263,264,279,281,282,283,285,286,303,305,307,308,326,329,330
291,291,133
14,16,17,18,19,20,21,22,37,38,39,40,41,42,43,44,58,59,60,62,63,64,65,66,80,81,82,83,84,85,86,87,88,101,102,103,104,105,106,107,108,109,110,122,124,125,126,127,128,129,130,131,132,145,146,148,149,150,151,152,153,154,168,169,170,171,172,173,174,175,176,190,191,192,193,194,195,196,197,198,211,212,213,214,215,216,217,218,219,220,231,234,235,236,237,238,239,240,241,242,243,252,253,254,255,257,258,259,260,261,262,263,264,274,279,280,281,282,283,284,285,286,298,301,302,304,305,306,307,308,325,326,330
468,468,130
17,18,19,20,21,22,36,37,39,40,41,42,43,44,58,59,60,62,63,65,66,79,80,81,82,85,86,87,88,101,102,103,104,105,106,107,110,124,125,126,127,128,129,130,131,132,142,143,145,146,148,149,150,151,152,153,154,164,166,167,168,169,170,171,172,174,175,176,190,191,192,193,194,195,197,198,210,211,212,213,214,215,216,217,218,219,220,230,231,234,235,236,238,239,240,241,242,253,255,256,257,258,259,260,261,262,263,264,274,276,279,280,281,282,283,284,285,286,301,304,305,307,308,309,323,325,327,328,329,330
447,447,140
14,15,16,17,18,19,20,21,22,36,37,39,40,41,42,43,44,57,58,59,62,63,65,66,79,80,81,82,84,85,86,87,88,100,101,102,103,104,106,107,108,109,110,120,123,124,125,126,127,129,130,131,132,142,143,145,146,147,148,149,150,152,153,154,162,167,168,170,171,172,174,175,176,190,191,192,193,194,195,196,197,198,209,210,211,212,213,214,215,216,217,218,219,220,230,231,234,235,236,237,238,239,240,241,242,252,254,255,256,257,258,259,260,261,262,263,264,276,278,279,280,281,282,283,284,285,286,298,299,300,301,304,305,306,307,308,325,327,328,330
134,134,106
14,15,17,18,19,20,21,22,36,39,40,41,42,43,44,57,58,59,63,65,66,80,81,82,86,87,88,100,101,102,103,104,107,109,110,124,125,126,127,129,130,131,132,146,148,149,152,153,154,167,168,169,170,171,172,174,175,176,191,192,193,194,195,196,197,198,213,214,215,216,217,218,219,220,235,236,237,239,240,241,242,253,255,256,257,258,259,260,261,262,263,264,277,279,280,281,283,284,285,286,304,306,307,308,325,330
458,458,130
8,17,18,19,20,21,22,36,37,39,40,41,42,43,44,58,59,61,62,63,64,65,66,78,79,80,81,82,84,85,86,87,88,100,101,102,103,104,105,106,107,108,110,121,122,123,126,127,129,130,131,132,143,145,146,147,148,149,151,152,154,167,168,169,170,171,172,174,175,176,191,192,193,194,195,196,197,198,210,213,214,215,216,217,218,219,220,229,230,231,235,236,237,238,239,240,241,242,253,254,255,256,257,258,259,260,261,262,263,264,276,279,280,282,283,284,285,286,304,305,306,307,308,315,319,320,321,325,327,330
451,451,133
8,17,18,19,20,21,22,36,38,39,40,41,42,43,44,49,58,59,63,64,65,66,80,81,82,84,86,88,90,103,104,105,106,107,109,110,120,121,122,123,126,127,129,130,131,132,145,146,147,148,149,151,152,153,154,164,167,168,169,170,171,172,174,175,176,190,191,192,193,194,195,196,197,198,210,211,213,214,215,216,217,218,219,220,229,230,231,235,236,237,238,239,240,241,242,253,254,256,257,258,259,260,261,262,263,264,271,272,273,276,279,280,281,282,283,284,285,286,293,297,298,304,305,306,307,308,315,325,326,327,328,329,330
464,464,136
16,17,18,19,20,21,22,36,38,39,40,41,42,43,44,49,58,59,62,63,64,65,66,72,79,80,81,82,84,85,86,88,100,101,102,103,104,105,106,107,108,109,110,121,122,123,124,125,126,127,129,130,131,132,142,146,148,149,151,152,153,154,167,168,169,170,171,174,175,176,184,189,190,191,192,193,194,196,197,198,210,211,213,214,215,216,217,218,219,220,230,231,235,236,237,238,239,240,241,242,253,254,256,257,258,259,260,261,262,263,264,265,271,273,276,279,280,281,282,283,284,285,286,293,297,300,304,306,307,308,315,319,326,328,329,330
