504,606
502,502,131
3,4,5,6,7,8,9,10,11,12,15,16,17,18,19,20,21,22,26,27,28,29,30,31,32,33,34,35,36,39,40,41,42,43,44,49,51,52,53,54,55,56,57,60,62,63,64,65,66,73,74,75,76,77,78,81,82,85,86,87,88,96,103,104,107,108,109,110,118,125,126,129,130,131,132,146,147,151,152,153,154,165,168,169,172,173,174,175,176,194,195,196,197,198,209,212,216,217,218,219,220,224,231,232,238,239,241,242,243,253,260,262,264,265,266,267,275,281,282,284,286,287,288,289,297,304,306,309,310,313,326
109,109,127
1,2,4,5,6,15,16,17,18,19,20,21,22,23,24,25,26,27,39,41,42,43,44,46,61,62,63,64,65,66,67,83,84,85,86,87,90,105,107,108,109,110,114,115,127,128,129,130,131,132,135,137,138,149,150,151,152,153,154,155,156,170,171,172,173,174,175,176,177,178,179,180,182,185,186,191,192,193,194,195,196,197,198,199,200,203,207,216,217,218,219,220,221,224,225,239,240,241,242,245,246,258,259,261,262,263,264,266,268,280,283,284,285,286,287,288,289,304,305,306,307,308,309,310,328,329,330
178,178,140
1,4,5,6,7,11,12,14,15,16,17,18,19,20,21,22,23,24,26,27,31,32,39,40,41,42,43,44,45,47,52,53,54,56,60,61,62,63,64,65,66,67,75,82,83,84,85,86,87,88,100,103,104,105,107,110,126,127,129,131,132,135,143,146,148,149,150,151,152,153,154,155,156,162,165,170,171,172,173,174,175,176,185,186,187,191,192,193,194,195,196,197,198,203,205,209,216,217,218,219,220,221,224,225,226,231,239,240,241,242,252,258,259,261,262,264,268,272,273,274,280,281,283,284,286,287,288,289,292,305,306,307,308,309,311,318,327,328,329,330
116,116,135
1,25,26,27,31,35,36,39,40,41,42,43,44,45,46,47,53,54,56,62,63,64,65,66,67,74,75,78,79,81,82,83,84,85,86,87,88,97,99,100,103,104,105,106,107,110,118,121,123,124,125,126,127,128,129,131,132,141,143,145,146,148,149,150,151,152,153,154,165,166,168,169,170,171,172,173,174,175,176,186,187,190,191,192,193,194,195,196,197,198,203,205,209,215,216,217,218,219,220,224,225,226,231,232,233,237,239,240,241,242,252,254,258,259,260,261,262,263,264,268,269,272,273,274,280,281,282,283,284,286,287,288,322,329,330
185,185,144
1,25,26,27,35,36,37,38,39,40,41,42,43,44,45,46,47,51,52,53,54,56,62,63,64,65,66,67,73,74,75,78,79,80,81,82,83,84,85,86,87,88,90,94,97,98,99,100,101,103,104,105,106,107,109,110,118,121,122,123,124,125,126,127,128,129,130,131,132,140,141,142,143,145,146,147,148,149,150,151,152,153,154,169,185,186,190,191,192,193,194,195,196,197,198,202,203,205,208,209,213,215,216,224,225,226,230,231,232,233,237,239,240,241,242,244,248,252,254,256,258,259,260,261,262,263,264,268,269,272,273,274,276,278,280,281,282,283,284,286,287,288,322,330
169,169,139
1,2,3,4,5,6,7,35,36,37,38,39,65,66,67,73,74,75,76,78,79,80,81,82,83,84,85,86,87,88,90,91,93,94,97,98,99,100,101,102,103,104,105,107,108,109,110,114,118,121,122,123,124,125,126,127,128,129,130,131,132,142,143,145,146,147,148,149,150,151,152,153,154,162,165,166,167,202,203,205,208,209,211,212,213,215,216,217,232,233,234,237,238,239,240,241,242,248,249,252,253,254,255,256,258,259,260,261,262,263,264,268,269,272,273,274,276,278,280,281,282,283,284,286,287,299,300,303,304,305,306,307,308,309,312,316,320,322,330
161,161,146
2,3,4,5,6,7,10,25,34,35,36,37,38,39,40,41,42,65,66,67,73,74,75,76,77,78,79,80,81,82,83,84,85,86,87,88,90,91,93,94,97,98,99,100,101,102,103,104,105,107,108,109,110,113,114,118,121,122,123,124,125,126,127,128,129,130,131,132,140,142,143,145,146,147,148,149,150,151,152,153,154,162,165,166,167,168,169,170,171,172,173,174,237,238,239,240,241,242,247,248,249,251,252,253,254,255,256,258,259,260,261,262,263,264,265,268,269,271,272,273,274,276,278,279,280,281,282,283,284,285,286,299,300,301,302,303,304,305,306,307,308,309,315,316,320,329
153,153,145
1,26,34,35,36,37,38,39,40,41,42,43,44,45,46,47,48,49,51,52,53,54,55,56,58,59,60,61,62,63,64,145,146,147,148,149,150,151,152,153,154,162,164,165,166,167,168,169,170,171,172,173,174,175,176,186,188,189,190,191,192,193,194,195,196,197,198,202,203,204,205,206,207,208,209,210,211,212,213,214,215,216,217,218,219,220,224,225,226,227,229,230,231,232,233,234,235,237,238,239,240,241,242,244,247,248,249,250,251,252,253,254,255,256,258,259,260,261,262,263,264,265,268,269,271,272,273,274,276,277,278,279,280,281,282,283,284,285,286,289,321,322,328,329,330
95,95,151
1,26,34,35,36,37,38,39,40,41,42,43,44,45,46,47,48,49,51,52,53,54,55,56,58,59,60,61,62,63,64,73,150,151,152,153,154,162,163,164,165,166,167,168,169,170,171,172,173,174,175,176,182,184,186,187,188,189,190,191,192,193,194,195,196,197,198,202,203,204,205,206,207,208,209,210,211,212,213,214,215,216,217,218,219,220,221,224,225,226,227,228,229,230,231,232,233,234,235,237,238,239,240,241,242,244,246,247,248,249,250,251,252,253,254,255,256,257,258,259,260,261,262,263,264,265,268,269,270,271,272,273,274,276,277,278,279,280,281,282,283,284,285,286,287,289,321,322,328,329,330
87,87,154
1,26,28,29,31,32,34,35,36,37,39,40,41,42,43,44,45,46,47,48,49,51,52,53,55,56,58,59,60,61,62,63,64,65,66,67,147,148,149,150,151,152,153,154,162,163,164,165,166,167,168,169,170,171,172,173,174,175,176,182,185,186,187,188,189,190,191,192,193,194,195,196,197,198,202,203,204,205,206,207,208,209,210,211,212,213,214,215,216,220,221,224,225,226,227,228,229,230,231,232,233,234,235,236,237,238,239,242,243,244,245,246,247,248,249,250,251,252,253,254,258,259,260,261,262,263,264,265,268,269,270,271,272,273,274,276,277,279,280,281,282,283,284,285,286,287,288,289,313,321,322,328,329,330
136,136,149
27,34,35,36,37,39,40,41,42,43,44,45,46,47,48,49,50,51,52,53,55,56,58,59,60,61,62,63,64,67,73,74,147,148,149,150,151,152,153,154,162,163,164,166,167,168,169,170,171,172,173,174,175,176,182,185,186,187,188,189,190,191,192,193,194,195,197,198,202,203,204,205,206,207,208,209,210,211,212,213,214,215,216,218,220,221,222,224,225,226,227,228,229,230,231,232,233,234,235,236,237,238,239,242,243,244,245,246,247,248,249,250,251,252,253,254,258,259,260,261,262,263,264,265,268,269,270,271,272,273,277,279,280,281,282,283,284,285,286,287,288,289,313,321,322,323,328,329,330
120,120,147
31,34,35,36,37,38,39,40,41,42,43,44,45,46,47,48,49,51,52,53,55,56,58,59,60,61,62,63,64,74,75,76,147,148,149,150,151,152,153,154,162,163,165,166,167,168,169,170,171,172,173,175,176,182,183,184,185,188,189,190,191,192,193,194,195,197,198,202,203,204,205,206,207,208,209,210,211,212,213,214,215,216,218,220,221,222,224,225,226,227,228,229,230,231,232,233,234,235,236,237,238,239,241,242,243,244,245,246,247,248,249,250,251,252,253,258,259,260,261,262,263,264,265,268,269,270,271,272,273,277,280,281,282,283,284,285,286,287,288,289,313,321,322,323,328,329,330
112,112,149
32,34,35,36,37,38,39,40,41,42,43,44,45,46,47,48,49,51,52,53,55,56,58,59,60,61,62,63,64,76,149,150,151,152,153,154,155,162,163,166,167,168,169,170,171,172,173,175,176,182,183,184,185,186,188,189,190,191,192,193,194,195,196,197,198,202,203,204,205,206,207,208,209,210,211,212,213,214,215,216,217,218,219,220,221,222,224,225,226,227,228,229,230,231,232,233,234,235,236,237,238,239,240,241,242,243,244,245,246,247,248,249,250,251,252,253,258,259,260,261,262,263,264,265,268,269,270,271,272,273,275,277,280,281,282,283,284,285,286,287,288,289,313,321,322,323,328,329,330
31,31,145
34,35,36,37,38,39,40,41,42,43,44,45,46,47,48,49,50,51,52,53,54,55,56,58,59,60,61,62,63,64,151,152,153,154,155,156,162,163,164,166,167,168,169,170,171,172,173,175,176,182,183,184,185,186,187,188,189,190,191,192,193,194,195,196,197,198,202,203,204,205,206,207,208,209,210,211,212,213,214,215,216,218,219,220,221,222,224,225,226,227,228,229,230,231,232,233,234,235,236,237,238,239,240,241,242,243,244,245,246,247,248,249,250,251,252,253,258,259,260,261,262,263,264,265,268,275,277,280,281,282,283,284,285,286,287,288,289,313,321,322,323,324,328,329,330
46,46,141
1,34,35,37,38,39,40,41,42,43,44,45,46,47,48,49,50,51,52,53,55,56,58,59,60,61,62,63,64,150,151,152,153,154,155,156,162,163,164,166,167,168,169,170,171,172,173,175,176,177,182,183,184,185,186,188,189,190,191,192,193,194,195,196,197,198,202,203,204,205,206,207,208,209,210,211,212,213,214,215,216,218,219,220,221,222,224,225,226,227,228,229,230,231,232,233,234,236,237,238,239,240,241,242,243,244,245,246,247,248,249,250,251,252,253,258,259,260,261,262,263,264,265,280,281,282,283,284,285,286,287,288,289,313,321,322,323,324,328,329,330
7,7,143
34,35,37,38,39,40,41,42,43,44,45,46,47,48,49,50,51,52,55,56,58,60,61,62,63,64,132,149,150,151,152,153,154,155,156,162,163,164,165,167,168,169,170,171,172,173,175,176,177,182,183,184,185,186,189,190,191,192,193,194,195,196,197,198,199,202,203,204,205,206,207,208,209,210,211,212,214,215,216,217,218,219,220,221,222,224,225,226,227,228,229,230,231,232,233,234,237,238,239,240,241,242,243,244,245,246,247,248,249,250,251,252,253,258,259,260,261,262,263,264,272,273,275,277,280,281,282,283,284,285,286,287,288,289,290,313,321,322,323,324,328,329,330
30,30,141
5,34,35,37,38,39,40,41,42,43,44,45,46,48,49,50,52,54,55,56,58,60,61,62,63,64,151,152,153,154,155,156,162,163,164,165,167,168,169,170,171,172,173,175,176,177,178,182,183,184,185,186,189,190,191,192,193,194,195,196,197,198,199,200,202,203,204,205,206,207,208,209,210,211,212,214,215,216,218,219,220,221,222,225,226,227,228,229,230,231,232,233,234,237,238,239,240,241,242,243,244,245,246,247,248,249,250,251,252,253,257,258,259,260,261,262,263,264,265,277,280,281,282,283,284,285,286,287,288,289,290,313,321,322,323,324,325,327,328,329,330
45,45,134
34,35,36,37,38,39,40,41,42,43,44,45,46,48,49,50,52,53,55,56,58,59,61,62,63,64,151,152,153,155,156,164,165,167,168,169,170,171,172,173,175,176,177,178,182,183,184,185,186,187,189,190,191,192,193,194,195,196,197,198,199,200,201,202,203,204,205,206,209,210,211,212,213,214,215,216,218,219,220,221,222,225,226,227,228,229,230,231,232,233,234,235,236,237,238,239,240,241,242,243,244,245,246,247,248,249,250,251,252,253,256,257,258,259,260,261,262,263,264,265,277,287,288,289,313,321,322,323,324,325,327,328,329,330
574,574,141
8,9,10,33,34,35,36,37,38,39,40,41,42,65,66,67,68,70,72,73,74,75,77,78,79,80,81,82,83,84,85,86,87,88,89,90,92,93,94,97,98,100,101,102,103,104,105,106,107,108,109,110,113,114,118,119,121,122,123,125,127,128,129,130,131,134,135,136,142,143,144,145,147,148,149,150,152,153,235,237,238,239,240,241,242,244,245,246,247,248,249,250,251,252,253,254,256,257,258,259,260,261,262,263,264,265,267,268,269,270,271,272,273,275,277,280,281,282,283,284,285,286,287,288,301,302,303,304,305,306,307,308,309,310,311,312,314,315,316,321,322
21,21,134
1,2,3,39,40,41,42,43,44,53,55,57,58,61,63,64,65,66,67,68,70,72,73,74,76,77,78,79,80,81,82,83,84,85,86,87,88,89,90,93,94,96,98,100,101,102,103,104,105,106,107,108,109,110,111,112,113,114,118,119,122,123,125,127,128,129,130,131,135,136,141,144,145,147,148,231,232,233,234,237,238,239,240,241,242,243,244,245,246,247,248,249,250,251,252,253,254,255,256,257,258,259,260,261,262,263,264,265,267,268,269,270,271,272,273,275,277,280,281,282,283,284,285,286,287,288,289,290,291,292,293,327,328,330
5,5,132
7,34,35,37,38,39,65,66,67,72,77,78,79,80,81,82,83,84,85,86,87,88,89,90,91,93,94,95,96,98,100,101,102,103,104,105,106,107,108,109,110,111,112,114,118,119,122,123,125,126,127,128,129,130,131,135,136,141,142,143,145,147,148,149,233,234,237,238,239,240,241,242,243,244,245,246,247,248,249,250,251,252,253,254,255,256,257,258,259,260,261,262,263,264,265,267,268,269,270,271,272,273,275,277,280,281,282,283,284,285,286,287,288,301,302,303,304,305,306,307,308,309,310,311,312,313,314,315,316,321,322,330
20,20,134
34,35,36,37,38,39,40,41,42,43,44,54,55,58,59,61,62,63,64,148,149,150,151,152,153,155,156,157,162,164,165,167,168,169,170,171,172,173,174,175,176,177,178,179,181,182,183,185,188,189,190,191,192,193,194,195,196,197,198,199,200,201,202,203,204,206,207,208,211,214,215,216,217,218,219,220,221,222,223,224,225,226,227,228,229,230,233,234,237,238,239,240,241,242,243,244,245,246,247,248,249,250,251,252,253,254,255,256,257,258,259,270,279,280,281,282,283,284,285,286,287,288,289,313,321,322,323,324,325,326,327,328,329,330
89,89,143
1,34,35,36,37,38,39,40,41,42,43,44,54,55,58,61,62,63,64,149,150,151,152,153,155,157,162,163,164,165,166,167,168,169,170,171,172,173,174,175,176,177,178,179,181,182,183,184,185,188,190,191,193,194,195,196,197,198,199,200,201,202,203,204,205,206,207,208,210,211,212,214,215,217,218,219,220,221,222,223,224,225,226,227,228,229,230,233,234,236,237,238,239,240,241,242,243,244,245,246,247,248,249,250,251,253,254,255,256,257,258,259,267,268,269,270,271,273,275,277,278,279,280,281,282,283,284,285,286,287,288,289,313,321,322,323,324,325,326,327,328,329,330
58,58,131
1,34,35,36,37,38,39,40,41,42,43,44,45,55,58,60,61,62,63,64,152,153,157,162,163,164,165,167,168,169,170,171,172,173,174,175,176,177,178,179,181,182,183,184,185,186,188,189,190,191,193,194,195,196,197,198,199,200,201,202,203,204,205,206,207,208,209,210,211,212,213,214,215,217,218,219,220,221,222,223,224,225,226,227,228,229,230,233,234,236,237,238,239,240,241,244,245,246,247,248,249,250,251,253,254,255,256,257,258,259,260,261,282,283,284,285,286,287,288,289,313,321,322,323,324,325,326,327,328,329,330
73,73,140
1,35,36,37,38,39,40,41,42,43,44,45,55,58,59,60,61,62,63,64,148,149,150,151,152,153,162,164,165,166,167,169,170,171,172,173,174,175,176,177,178,179,183,184,185,186,188,189,190,191,193,194,195,196,197,198,199,200,201,202,203,204,205,206,207,208,209,211,212,214,215,217,218,219,220,221,222,223,224,225,226,227,228,229,233,234,236,237,238,239,240,241,242,243,244,245,246,247,248,249,251,252,253,254,255,256,257,258,259,260,261,269,270,271,272,275,277,278,279,280,281,282,283,284,285,286,287,288,289,313,321,322,323,324,325,326,327,328,329,330
80,80,144
1,35,36,37,38,39,40,41,42,43,44,55,58,59,60,61,62,63,64,141,147,148,149,150,151,152,153,161,162,163,164,165,166,167,169,170,171,172,173,174,175,176,177,179,183,184,185,186,190,191,193,194,195,196,197,198,199,200,201,202,203,204,205,206,208,209,211,212,214,215,217,218,219,220,221,222,223,224,225,226,227,228,229,233,234,237,238,239,240,241,242,243,244,245,246,247,248,249,251,252,253,254,255,256,257,258,259,260,261,262,264,265,267,268,269,270,271,272,273,275,276,277,278,279,280,281,282,283,284,285,286,287,288,289,313,321,322,324,325,326,327,328,329,330
18,18,139
1,35,36,37,38,39,40,41,42,43,44,46,55,58,59,60,61,62,63,64,147,148,149,150,151,152,153,161,164,165,166,167,168,169,170,171,172,173,174,175,176,181,182,183,184,185,186,187,191,193,194,195,196,197,198,199,200,201,202,203,204,205,206,209,211,212,214,215,216,217,218,219,220,221,222,223,224,225,226,227,228,229,233,234,236,237,238,239,240,241,242,243,244,245,246,247,248,249,250,252,253,254,255,256,257,258,259,260,261,262,263,272,273,274,275,276,277,278,279,280,281,282,283,284,285,286,287,288,289,313,321,322,324,325,326,327,328,329,330
473,473,147
1,33,35,36,37,38,39,40,41,42,43,44,46,54,55,62,63,64,65,66,73,76,78,79,80,81,82,83,84,85,86,87,88,98,100,101,102,103,104,105,106,107,108,109,110,111,112,119,122,123,124,125,126,127,128,129,130,131,132,133,134,135,141,143,145,147,148,149,150,151,152,153,160,169,170,171,172,173,174,180,181,183,184,186,187,188,191,225,226,227,228,231,233,234,236,237,238,240,241,242,243,244,245,246,247,248,254,255,256,257,258,259,260,261,262,263,264,265,266,267,268,269,270,272,273,274,275,276,277,278,279,280,281,282,283,284,285,286,287,288,313,314,316,317,322,329,330
474,474,144
1,33,35,36,37,38,39,40,41,42,43,44,45,46,54,55,62,63,64,65,66,76,78,79,80,81,82,83,84,85,86,87,88,97,98,101,102,103,104,105,106,107,108,109,110,111,112,121,122,123,124,125,126,127,128,129,130,131,132,133,134,135,141,142,145,147,148,149,150,151,152,153,154,155,157,160,178,179,180,186,188,189,190,191,225,226,227,228,229,232,233,234,236,237,240,241,242,243,244,245,246,247,248,254,255,256,257,259,260,261,262,263,264,265,266,267,268,270,271,272,273,274,275,276,277,278,279,280,281,282,283,284,285,286,287,288,313,314,315,316,317,322,329,330
1,1,146
34,35,36,37,38,39,40,41,42,43,44,45,46,55,56,58,59,60,61,62,63,64,148,149,150,151,152,153,154,155,157,161,163,164,167,168,169,170,171,172,173,174,175,176,177,178,179,180,181,182,183,188,189,190,193,194,195,196,197,198,199,202,203,204,205,206,207,210,211,212,214,215,216,217,218,219,220,221,222,223,224,225,226,227,228,230,232,233,234,235,236,237,239,240,241,242,243,244,245,246,247,248,253,254,255,256,257,259,260,261,262,263,264,265,267,268,270,271,272,273,274,275,276,277,278,279,280,281,282,283,284,285,286,287,288,289,290,313,321,322,325,326,327,328,329,330
476,476,143
34,35,36,37,38,39,40,41,42,43,44,45,46,47,55,56,58,60,61,62,63,64,150,151,152,153,154,155,157,161,162,163,164,167,168,169,170,171,172,173,174,175,176,177,178,179,180,181,182,183,184,188,189,190,194,195,196,197,198,199,201,202,203,204,205,206,207,208,210,211,212,214,215,216,217,218,219,220,221,222,223,224,225,226,227,230,232,233,234,236,237,238,239,240,241,242,243,244,245,246,247,248,251,253,254,255,256,257,258,259,260,261,262,263,264,265,274,275,276,277,278,279,280,281,282,283,284,285,286,287,288,289,290,313,321,322,324,325,326,327,328,329,330
458,458,144
34,35,36,37,38,39,40,41,42,43,44,45,46,47,49,55,56,58,60,61,62,63,64,154,155,156,157,162,163,164,167,168,169,170,171,172,173,174,175,176,177,178,179,180,181,182,183,184,185,188,189,190,192,194,195,196,197,198,199,201,202,203,204,205,206,207,208,209,210,211,212,214,215,216,217,218,219,220,221,222,223,224,225,226,227,230,232,233,234,236,237,238,239,240,241,242,243,244,245,246,247,248,249,250,251,252,253,254,255,256,257,258,259,260,261,262,263,264,274,275,276,277,278,279,280,281,282,283,284,285,286,287,288,289,290,313,321,322,325,326,327,328,329,330
479,479,139
34,35,36,37,38,39,40,41,42,43,44,45,46,47,49,50,55,56,58,59,60,61,62,63,64,152,153,154,155,156,157,162,163,164,167,168,169,170,171,172,173,174,175,176,177,178,179,180,181,182,183,184,185,188,189,192,194,195,196,197,198,199,200,201,202,203,204,205,206,209,210,211,212,214,215,217,218,219,220,222,224,225,226,227,230,232,233,234,236,237,238,239,240,241,242,243,244,245,246,247,248,249,250,251,252,253,255,256,257,258,259,260,261,262,263,264,265,266,267,277,280,281,282,283,284,285,286,287,288,289,313,321,322,325,326,327,328,329,330
432,432,147
34,35,36,37,38,39,40,41,42,43,44,45,46,47,49,50,55,56,58,60,61,62,63,64,152,153,154,155,156,157,160,162,163,164,165,167,168,169,170,171,172,173,174,175,176,177,178,179,180,181,183,184,185,186,188,189,192,194,195,196,197,198,199,200,201,202,203,204,205,206,207,209,210,211,212,214,215,217,218,219,220,224,225,226,227,230,232,233,234,235,236,237,238,239,240,241,242,243,244,245,246,247,248,251,252,253,255,256,257,258,259,260,261,262,263,264,265,266,267,273,274,275,276,277,278,279,280,281,282,283,284,285,286,287,288,289,290,313,321,322,323,325,326,327,328,329,330
433,433,148
34,35,36,37,38,39,40,41,42,43,44,45,46,47,49,50,55,56,58,60,61,62,63,64,151,152,153,154,155,156,157,160,162,163,164,165,167,168,169,170,171,172,173,174,175,176,177,178,179,180,181,183,184,185,186,188,189,190,192,195,196,197,198,199,200,201,202,203,204,205,206,207,209,210,211,215,216,217,218,219,220,224,225,226,227,229,230,231,232,234,236,237,239,240,241,242,243,245,246,247,248,253,254,255,256,257,258,259,260,261,262,263,264,265,266,267,268,269,272,273,274,275,276,277,278,279,280,281,282,283,284,285,286,287,288,289,290,313,321,322,323,324,325,326,327,328,329,330
182,182,142
34,35,36,37,38,39,40,41,42,43,44,45,46,47,49,50,55,58,59,60,61,62,63,64,150,151,152,153,154,155,156,157,162,163,164,165,167,168,169,170,171,172,173,174,175,176,177,178,179,180,181,183,184,185,186,188,189,190,192,195,196,197,198,199,200,201,202,203,204,205,206,207,210,211,213,215,216,217,218,219,220,224,225,226,227,228,230,231,232,234,235,236,237,239,240,241,242,245,246,247,248,250,252,253,254,255,256,257,258,260,261,262,263,264,265,266,267,268,278,279,280,281,282,283,284,285,286,287,288,289,290,313,321,322,323,324,325,326,327,328,329,330
463,463,144
34,35,36,37,38,39,40,41,42,43,44,45,46,47,48,49,50,55,58,59,60,61,62,63,64,153,154,155,156,157,162,163,164,165,166,167,168,169,170,171,172,173,174,175,176,177,178,179,180,181,183,184,185,186,187,188,189,190,192,195,196,197,198,199,200,201,202,203,204,205,206,207,208,209,210,211,212,215,216,217,218,219,220,222,224,225,226,227,228,230,231,232,233,234,236,237,240,241,242,245,246,247,248,250,251,253,254,255,256,257,258,260,261,262,263,264,265,266,267,268,269,278,279,280,281,282,283,284,285,286,287,288,289,313,321,322,323,324,325,326,327,328,329,330
455,455,137
34,35,36,37,38,39,40,41,42,43,44,45,46,47,48,49,50,51,55,56,58,59,60,61,62,63,64,155,156,157,162,163,164,165,167,168,169,170,171,172,173,174,175,176,177,178,179,180,181,183,184,185,186,187,188,189,190,192,195,196,197,198,199,200,201,202,203,204,205,206,207,208,209,210,211,212,215,216,217,218,219,220,221,222,223,224,225,226,227,228,229,230,231,233,234,237,238,240,241,242,243,244,245,246,247,248,249,250,251,254,255,256,258,260,261,262,263,264,266,267,268,269,270,279,287,288,313,321,322,323,324,325,326,327,328,329,330
437,437,135
34,35,36,37,38,39,40,41,42,43,44,45,46,47,48,49,51,54,55,56,58,59,60,61,62,63,64,156,157,162,163,164,165,167,168,169,170,171,172,173,174,175,176,177,178,179,180,181,183,184,185,186,187,188,189,190,192,195,196,197,198,199,200,201,202,203,204,205,206,207,208,209,210,211,212,215,216,217,218,219,220,221,222,223,224,225,226,227,228,229,230,231,233,234,235,237,238,239,240,241,242,243,244,245,246,247,248,249,250,251,252,253,255,256,258,260,261,262,263,264,266,267,268,287,288,321,322,323,324,325,326,327,328,329,330
172,172,137
17,18,25,26,27,28,29,30,31,32,34,35,36,37,38,39,40,41,42,43,44,45,46,47,48,51,54,55,56,65,66,67,68,69,70,71,72,74,75,76,77,79,80,81,82,83,84,85,86,87,88,89,90,93,96,97,98,99,100,101,102,103,104,105,106,107,108,109,110,111,112,115,118,119,120,121,122,123,124,125,126,127,128,129,130,131,132,133,134,139,140,141,142,143,144,145,146,147,148,149,150,151,152,153,154,155,156,157,177,178,185,186,187,188,190,192,243,244,258,259,261,262,263,264,267,268,269,270,271,272,275,276,277,278,279,280,305
122,122,134
7,8,9,16,33,34,35,36,37,38,39,40,41,42,43,49,50,51,126,127,128,129,130,131,132,133,134,139,140,141,142,143,144,145,146,147,148,149,150,151,152,153,154,155,156,157,161,162,163,164,165,167,168,169,170,171,172,173,174,175,176,177,178,179,180,181,183,184,185,186,187,188,192,193,195,196,197,198,199,200,201,202,203,204,205,206,207,208,209,212,214,216,217,218,219,220,221,222,223,224,225,226,227,228,229,230,233,234,237,239,240,241,242,246,247,248,249,250,251,252,254,255,256,258,261,262,263,276,277,282,283,284,285,286
113,113,133
7,8,9,10,16,28,29,30,31,32,33,43,44,45,46,69,73,74,75,76,77,78,79,80,81,82,83,84,85,86,87,88,89,154,155,156,157,161,162,163,164,165,166,167,168,169,170,171,172,173,174,175,176,177,178,180,181,183,185,186,188,192,193,195,196,197,198,199,200,201,202,203,204,205,206,207,208,209,210,212,214,216,217,218,219,220,223,224,225,226,227,228,229,230,231,233,234,237,239,240,241,242,248,249,250,251,252,254,255,256,257,260,261,262,263,264,275,276,277,278,279,280,281,282,283,284,285,286,301,324,325,326,329
154,154,132
34,35,36,37,38,39,40,41,42,43,44,46,50,51,54,55,56,58,59,60,61,62,63,64,139,140,142,143,144,145,146,147,148,149,150,151,152,153,154,155,156,157,161,162,164,165,166,167,168,169,170,171,172,173,174,175,176,177,178,179,180,181,183,185,186,188,189,190,192,193,197,198,201,202,203,204,205,206,207,208,209,210,212,214,216,217,218,219,220,225,226,227,228,229,230,231,233,234,237,239,240,241,242,249,250,252,254,255,256,257,260,261,262,263,264,275,276,277,278,279,280,284,285,286,309,322,324,325,326,328,329,330
394,394,126
37,38,39,40,41,42,43,44,46,50,51,54,55,56,57,58,59,60,61,62,63,64,65,66,67,71,72,73,74,75,76,77,78,79,80,81,82,83,84,85,86,87,88,89,90,91,92,93,96,97,98,99,100,101,102,103,104,105,106,107,108,109,110,111,112,113,118,119,120,121,122,123,124,125,126,127,128,129,130,131,132,133,134,139,140,142,143,144,145,146,147,148,149,150,151,152,153,154,155,156,157,161,162,164,229,230,261,262,263,264,275,276,277,278,279,280,281,282,283,284,285,286,326,328,329,330
120,120,133
1,10,11,12,13,14,15,16,17,18,19,20,21,22,29,30,31,32,33,34,36,37,38,39,40,41,65,74,106,119,120,121,146,147,148,149,150,151,152,153,154,156,157,161,162,165,166,167,168,169,170,171,172,173,175,176,179,180,181,183,184,185,186,188,189,192,197,198,202,203,204,205,207,208,209,210,212,214,216,217,218,219,220,226,227,228,229,230,231,233,234,236,237,238,239,240,241,250,251,252,253,255,256,257,258,260,261,262,263,264,275,276,277,285,286,300,302,303,304,305,306,307,308,309,322,323,324,325,326,327,328,329,330
385,385,139
7,8,9,11,12,13,14,15,16,17,18,29,31,32,34,36,37,38,39,40,41,65,66,71,72,73,74,75,76,77,78,79,80,81,82,83,84,85,86,87,88,92,93,94,96,97,98,99,100,101,102,103,104,105,106,107,108,109,110,111,112,113,115,118,119,120,121,122,123,124,125,126,127,128,129,130,131,132,133,134,139,140,142,143,144,145,146,147,148,150,151,152,153,154,157,161,162,163,165,166,167,168,169,170,171,172,173,176,179,180,181,183,192,197,198,274,275,276,277,279,280,282,283,284,285,286,300,301,302,303,304,305,306,307,308,322,323,327,328
387,387,142
2,3,7,33,34,36,37,38,39,65,66,72,73,74,75,76,77,78,79,80,81,82,83,84,85,86,87,88,92,93,94,96,97,98,99,100,101,102,103,104,105,106,107,108,109,110,112,113,115,118,119,120,121,122,123,124,126,127,128,129,130,131,132,134,139,140,141,142,143,144,145,146,147,148,150,151,152,153,154,157,161,162,163,164,165,166,167,203,204,206,207,208,209,210,232,233,234,238,239,240,241,242,249,250,251,252,253,254,256,257,259,260,261,262,263,264,274,275,277,278,279,280,281,282,283,284,285,286,296,297,300,301,302,303,304,305,306,307,308,309,322,330
169,169,139
7,33,35,36,37,38,39,65,66,72,73,74,75,76,77,78,79,80,81,82,83,84,85,86,87,88,92,93,94,96,97,98,99,100,101,102,103,104,105,106,107,108,109,110,113,115,118,119,120,121,122,123,124,126,127,128,129,130,131,132,134,139,140,141,142,143,144,145,146,147,148,149,150,151,152,153,154,157,161,163,164,165,166,167,203,204,207,208,209,210,232,233,234,238,239,240,241,242,250,251,252,253,254,256,257,259,260,261,262,263,264,273,274,275,277,279,280,281,282,283,284,285,286,296,297,298,300,301,302,303,304,305,306,307,308,311,320,322,330
55,55,145
2,7,23,32,33,35,36,40,41,42,43,44,46,50,51,52,54,55,56,57,58,67,71,72,73,74,75,76,77,79,80,81,82,83,84,85,86,87,128,129,130,131,161,163,164,165,166,167,168,169,170,171,172,173,176,180,181,183,184,186,187,188,189,190,191,192,193,194,197,198,203,204,207,208,209,210,211,212,213,214,215,217,218,219,220,226,227,228,229,230,231,232,233,234,236,237,240,241,242,250,251,252,254,255,256,257,258,260,261,262,263,264,273,274,275,276,279,280,281,282,283,284,285,286,297,298,299,300,302,303,304,305,306,307,308,309,319,322,323,324,325,326,327,329,330
390,390,146
35,36,37,38,39,40,41,42,43,44,50,51,52,54,55,56,58,59,60,61,62,63,64,71,72,73,74,75,81,139,140,141,142,143,144,145,146,147,148,149,150,151,152,153,154,157,161,163,164,165,166,167,168,169,170,171,172,173,176,179,180,181,183,184,185,186,187,188,189,190,191,192,193,194,197,198,202,203,204,206,207,208,209,210,211,212,213,214,215,217,218,219,220,226,227,228,229,230,231,232,233,234,236,240,241,242,249,250,251,252,254,255,256,257,258,259,260,261,262,263,264,271,273,274,275,276,277,279,280,281,282,283,284,285,286,308,309,322,323,324,325,326,327,328,329,330
71,71,146
8,35,36,37,38,39,40,41,42,43,44,46,50,51,52,54,55,56,58,59,60,61,62,63,64,75,76,77,78,80,87,140,141,142,143,144,145,146,147,148,149,150,151,152,153,154,156,157,161,163,164,165,166,167,168,169,170,171,172,173,174,176,179,180,181,183,184,185,186,187,188,189,190,191,192,193,194,195,197,198,202,203,204,206,207,208,209,210,211,212,213,214,215,216,218,219,220,226,227,228,229,230,231,232,233,234,238,239,240,241,242,249,250,251,252,253,254,256,257,258,260,261,262,263,264,271,273,274,275,276,279,280,281,283,284,285,286,322,323,324,325,326,327,328,329,330
87,87,141
22,28,29,31,32,35,36,37,38,39,40,41,42,43,44,45,46,50,51,52,54,55,56,57,58,59,60,61,62,63,64,65,75,134,139,140,141,142,144,145,146,147,149,150,151,152,153,154,156,157,161,163,164,166,167,168,169,170,171,172,173,174,176,178,179,180,181,183,184,185,186,188,189,190,192,193,194,195,197,198,202,203,204,206,207,210,211,212,214,215,218,219,220,226,227,230,231,232,233,234,237,238,239,240,241,242,247,249,251,252,253,256,258,260,261,262,263,264,271,273,274,275,276,277,279,280,281,283,284,285,286,287,322,323,324,325,326,327,328,329,330
45,45,137
35,36,37,38,39,40,41,42,43,44,45,47,50,51,52,54,55,56,57,58,59,60,61,62,63,64,80,81,139,140,141,142,144,145,146,147,149,150,151,152,153,154,156,157,161,163,164,166,167,168,169,170,171,172,173,174,176,178,179,180,181,183,184,185,186,188,189,190,192,193,194,195,197,198,201,202,203,204,206,207,210,211,212,213,215,218,219,220,226,227,228,229,230,231,232,233,234,235,238,239,240,241,242,247,249,251,252,253,256,258,260,261,262,263,264,271,273,274,276,277,279,280,281,282,283,284,285,286,322,323,324,325,326,327,328,329,330
367,367,133
35,36,37,38,39,40,41,42,43,44,46,50,51,52,54,55,56,58,59,60,61,62,63,64,140,141,142,143,144,145,146,147,148,149,150,151,152,153,154,156,161,163,164,165,166,167,168,169,170,171,172,173,174,176,178,179,180,181,183,184,185,186,187,188,189,190,191,192,193,194,195,197,198,201,202,203,204,206,207,208,209,210,211,212,213,215,218,219,220,226,227,228,229,230,231,232,233,234,235,238,239,240,241,242,247,249,250,251,252,253,254,263,264,273,274,277,280,281,282,283,284,285,286,321,322,323,324,325,326,327,328,329,330
329,329,146
22,28,29,31,32,35,36,37,38,39,41,42,43,44,50,51,52,54,55,56,57,58,59,60,61,63,64,65,66,70,71,72,73,74,75,76,131,132,134,139,140,141,142,143,144,145,146,147,149,150,151,152,153,154,156,163,165,166,167,168,169,171,172,173,174,176,177,178,180,181,184,185,186,187,188,189,190,192,193,194,195,197,198,201,202,203,204,206,207,208,209,210,211,212,216,218,219,220,226,227,228,229,230,231,232,233,234,235,237,238,239,240,241,242,247,249,250,251,252,253,255,257,258,260,261,262,263,264,273,274,277,280,282,283,284,285,286,287,321,322,323,324,325,326,328,330
358,358,146
35,36,37,39,41,42,43,44,50,51,52,54,55,56,58,59,60,61,63,64,68,71,72,73,74,75,76,77,78,80,81,82,83,84,134,140,141,142,143,144,145,146,147,148,149,150,151,152,153,154,156,157,163,165,166,167,168,169,170,171,172,173,174,176,177,178,180,184,185,186,187,188,189,190,192,193,194,195,196,197,198,202,203,206,207,208,209,210,211,212,213,216,217,218,219,220,226,227,228,229,230,231,232,233,234,235,237,238,239,240,241,242,247,249,250,251,252,253,255,256,257,258,260,261,262,263,264,273,274,277,279,280,281,282,283,284,285,286,309,321,323,324,325,326,328,330
341,341,129
35,36,37,39,41,42,43,44,45,46,50,51,52,54,55,56,59,60,61,62,63,64,131,132,133,134,140,141,142,143,144,145,146,147,149,150,151,152,153,154,156,157,163,165,166,167,168,169,171,172,173,176,177,180,183,184,185,186,187,188,189,190,192,193,194,195,197,198,202,203,206,207,208,209,210,211,212,216,218,219,220,226,227,228,229,230,231,232,233,234,235,237,238,239,240,241,242,247,249,250,251,252,253,255,256,257,261,262,263,264,273,274,275,276,277,278,280,281,283,284,285,286,321,323,324,325,326,328,330
215,215,148
6,7,8,35,36,37,39,40,41,42,43,44,50,51,52,54,55,56,59,60,61,62,63,64,74,75,76,78,80,81,82,83,84,85,86,137,140,141,142,143,144,145,146,147,148,149,150,151,152,153,154,156,157,159,161,163,165,166,167,168,169,170,171,172,173,175,176,177,179,181,183,184,185,186,187,188,189,190,192,193,194,195,197,198,201,202,203,204,206,207,208,209,210,211,212,215,216,218,219,220,226,227,228,229,230,231,232,233,234,235,237,238,239,240,241,242,247,249,250,251,253,254,255,256,257,258,261,262,263,264,273,274,275,276,277,281,282,283,284,285,286,321,322,324,325,326,328,330
323,323,140
31,32,35,36,37,38,39,40,41,42,43,44,50,51,52,54,55,56,58,59,60,61,62,63,64,76,139,140,141,142,143,144,145,146,147,149,150,151,152,153,154,156,157,159,161,163,165,166,167,168,169,171,172,173,174,175,176,177,178,179,181,183,184,185,186,187,188,189,190,192,193,194,195,196,197,198,202,203,204,206,207,208,209,210,211,212,215,216,218,219,220,226,227,228,230,231,232,233,234,235,237,238,239,240,241,242,247,249,250,251,252,253,254,255,256,257,260,261,262,263,264,273,274,275,276,277,279,281,283,284,285,286,306,321,322,324,325,326,328,330
207,207,150
26,32,35,36,37,38,39,40,41,42,43,44,45,50,51,52,54,55,56,59,60,61,62,63,64,65,66,67,71,72,73,74,80,140,141,143,144,145,146,147,149,150,151,152,153,154,156,157,159,161,163,165,166,167,168,169,170,171,172,173,174,175,176,177,178,179,180,181,183,184,185,186,187,188,189,190,192,193,194,195,196,197,198,202,203,204,206,208,209,210,211,212,215,216,217,218,219,220,226,227,228,230,231,232,233,234,235,236,237,238,239,240,241,242,247,249,250,251,252,253,254,255,256,257,261,262,263,264,273,274,275,276,277,278,279,281,283,284,285,286,307,308,321,324,325,326,327,328,329,330
316,316,135
6,8,9,10,11,12,13,14,15,16,17,18,33,56,59,60,61,118,119,121,122,123,124,125,126,127,128,129,130,131,132,137,139,140,141,143,144,145,146,147,148,149,150,151,152,153,154,159,161,165,166,167,168,169,170,171,172,173,174,175,176,177,178,179,180,181,183,184,186,187,188,189,190,192,193,194,195,196,197,198,201,202,203,204,206,208,209,210,211,212,214,216,217,218,219,220,226,227,228,230,231,232,233,234,235,237,238,239,240,241,242,247,249,250,251,252,253,254,255,256,257,261,262,263,264,273,274,275,276,277,279,281,283,319,320
199,199,152
8,9,10,11,12,13,14,15,16,17,18,19,20,21,22,28,30,31,32,51,52,54,55,56,58,65,66,118,119,121,122,123,124,125,126,127,128,129,130,131,132,137,139,140,141,143,144,145,146,147,149,150,151,152,153,154,161,165,166,167,168,169,171,172,173,174,175,176,177,178,179,180,181,183,184,186,187,188,189,190,192,193,194,195,196,197,198,201,202,203,204,206,208,209,210,211,212,214,216,217,218,219,220,226,227,228,230,231,232,233,234,235,237,238,239,240,241,242,247,249,251,252,253,254,255,256,257,259,260,261,262,263,264,273,274,275,276,277,279,281,282,283,284,285,286,297,298,301,302,303,314,329
327,327,148
2,6,20,21,22,35,36,37,38,39,40,41,42,43,44,45,50,51,52,54,55,56,58,59,60,61,62,63,64,87,88,93,95,137,139,140,141,143,144,145,146,147,149,150,151,152,153,154,161,165,166,167,168,169,171,172,173,174,175,176,177,178,179,180,181,183,184,186,187,188,189,190,192,194,195,196,197,198,201,202,203,204,206,208,209,210,211,212,214,216,217,218,219,220,226,227,230,231,232,233,234,235,236,238,239,240,241,242,247,251,252,253,254,255,256,257,260,261,262,263,264,268,273,274,275,276,277,278,279,281,282,283,284,285,286,306,307,308,321,322,323,324,325,326,327,328,329,330
183,183,151
17,18,19,20,21,22,28,31,32,35,36,37,38,39,40,41,42,43,44,46,49,50,51,52,54,55,56,58,59,60,61,62,63,64,65,66,68,72,73,74,75,76,78,79,80,131,132,133,137,139,140,141,143,144,145,146,147,149,150,151,152,153,154,161,165,166,167,168,169,170,171,172,173,174,175,176,177,179,183,184,186,187,188,189,192,194,195,196,197,198,201,202,203,204,208,209,210,211,212,214,216,217,218,219,220,226,227,230,231,232,233,234,235,239,240,241,242,247,251,252,253,254,255,256,257,260,261,262,263,264,268,273,274,275,276,277,280,282,283,284,285,286,322,323,324,325,326,327,328,329,330
310,310,150
35,36,37,38,39,40,41,42,43,44,50,51,52,54,55,56,58,59,60,61,62,64,71,72,73,74,75,76,78,79,80,81,82,83,85,86,87,88,95,129,130,131,132,137,139,140,141,143,144,145,146,147,148,149,150,151,152,153,154,161,165,166,167,168,169,170,171,172,173,174,175,176,183,184,186,187,188,189,191,193,194,195,196,197,198,201,202,203,204,208,209,210,211,212,216,217,218,219,220,226,227,230,231,232,233,234,239,240,241,242,244,247,251,252,253,254,255,256,257,260,261,262,263,264,268,273,274,275,276,277,279,282,283,284,285,286,307,308,314,315,318,322,323,324,325,326,327,328,329,330
311,311,148
12,13,14,15,16,17,18,19,35,36,37,38,39,40,41,42,43,44,50,51,52,54,55,56,58,59,60,61,62,64,88,90,95,96,139,140,141,143,144,145,146,147,148,149,150,151,152,153,154,161,165,166,167,168,169,170,171,172,173,174,175,176,180,183,184,186,187,188,189,191,192,193,194,195,196,197,198,201,202,204,208,209,210,211,212,214,215,217,218,219,220,226,227,230,231,232,233,234,236,238,239,240,241,242,244,245,247,251,252,253,254,255,256,257,258,259,260,261,262,263,264,268,272,273,274,275,276,277,278,279,281,282,283,284,285,286,289,313,321,322,323,324,325,326,327,328,329,330
303,303,152
18,19,20,21,22,30,31,32,35,36,37,38,39,40,41,42,43,44,50,51,52,54,55,56,57,58,59,60,61,62,64,65,66,72,73,74,75,76,78,79,80,81,82,133,137,139,140,141,143,144,145,146,147,148,149,150,151,152,153,154,161,165,166,167,168,169,170,171,172,173,174,175,176,180,183,184,186,187,188,189,191,193,194,195,196,197,198,201,202,204,208,209,210,211,212,217,218,219,220,222,226,227,230,231,232,233,234,238,239,240,241,242,245,247,251,252,253,254,255,256,257,258,260,261,262,263,264,267,272,273,274,275,276,277,278,279,281,283,284,285,286,289,321,322,323,324,325,326,327,328,329,330
127,127,142
10,12,13,14,15,35,36,37,38,39,40,41,42,43,44,50,52,54,55,56,58,59,60,61,62,64,84,85,86,87,88,137,139,140,141,143,144,145,146,147,148,149,150,151,152,153,154,161,165,166,167,168,169,170,171,172,173,174,175,176,180,183,184,186,187,188,189,190,194,195,196,197,198,201,202,204,208,209,210,211,212,214,215,216,217,218,219,220,222,226,227,230,231,232,233,234,236,238,239,240,241,242,245,247,251,252,253,254,255,256,257,260,261,262,263,264,266,267,272,273,274,275,276,277,278,279,281,283,284,285,286,289,321,322,323,324,325,326,327,328,329,330
111,111,136
11,35,36,37,38,39,40,41,42,43,44,50,52,54,55,56,58,59,60,61,62,64,97,137,139,140,141,143,144,145,146,147,148,149,150,151,152,153,154,161,165,166,167,168,169,170,171,172,173,174,175,176,177,180,183,184,186,187,188,189,190,192,193,194,195,196,197,198,201,202,204,208,209,210,211,212,215,216,217,218,219,220,226,227,230,231,232,233,234,238,239,240,241,242,244,245,247,250,251,252,253,254,255,256,257,260,261,262,263,264,266,267,272,273,274,275,277,278,279,281,282,283,284,285,286,313,321,322,323,324,325,326,327,328,329,330
494,494,144
10,11,12,13,14,15,35,36,37,38,39,40,41,42,43,44,46,50,52,54,55,56,58,59,60,61,62,63,64,84,85,86,87,88,137,139,140,141,143,144,145,146,147,148,149,150,151,152,153,154,161,164,165,166,167,168,169,170,171,172,173,174,175,176,180,183,184,186,187,188,189,190,191,192,193,194,195,196,197,198,201,202,204,208,209,210,211,212,216,217,218,219,220,226,227,230,231,232,233,234,238,239,240,241,242,244,245,247,250,251,252,253,254,255,256,260,261,262,263,264,267,272,273,274,275,277,278,279,281,282,283,284,285,286,313,321,322,323,325,326,327,328,329,330
172,172,140
1,12,13,14,15,16,35,36,37,38,39,40,41,42,43,44,45,50,54,55,58,59,60,61,62,63,64,85,86,87,88,95,132,137,139,143,144,146,147,148,149,150,151,152,153,154,161,165,166,167,168,169,170,171,172,173,174,175,176,180,183,184,186,187,188,189,190,191,192,193,195,196,197,198,199,201,202,204,208,209,210,211,212,216,217,218,219,220,221,226,227,230,231,232,233,234,238,239,240,241,242,247,250,251,252,253,254,255,256,260,261,262,263,264,267,272,273,274,275,276,277,278,279,281,282,283,284,285,286,313,321,322,323,324,325,326,327,328,329,330
141,141,138
10,13,14,16,36,37,38,39,40,41,42,43,44,47,50,54,55,58,59,60,61,62,63,64,86,87,88,132,137,144,146,147,148,149,150,151,152,153,154,155,156,165,166,167,168,169,170,171,172,174,175,176,177,180,182,183,184,186,187,188,189,190,191,192,193,195,196,197,198,199,201,202,203,204,208,209,210,211,212,215,216,217,218,219,220,221,226,227,230,231,232,233,234,238,239,240,241,242,247,250,251,252,253,254,255,256,259,260,261,262,263,264,266,267,272,273,274,275,276,277,278,279,281,282,283,284,285,286,321,322,323,324,325,326,327,328,329,330
102,102,141
1,12,13,14,16,17,18,19,20,21,22,23,31,65,66,72,74,75,76,79,80,81,82,83,84,85,86,87,88,90,95,96,101,102,103,104,105,106,107,108,109,110,118,122,123,124,125,126,127,128,129,130,131,132,137,144,145,146,147,148,149,150,151,152,153,154,161,165,166,167,168,169,171,172,174,175,176,180,196,197,198,201,202,203,204,208,209,210,211,212,215,217,218,219,220,221,226,227,230,231,232,233,234,237,238,239,240,241,242,244,245,247,250,251,252,253,254,255,257,260,261,262,263,264,272,273,274,275,276,277,279,281,282,283,284,285,286,323,324,329,330
449,449,143
12,13,16,17,18,19,20,21,22,45,65,66,72,74,75,79,80,81,82,83,84,85,86,87,88,95,96,101,102,103,104,105,106,107,108,109,110,118,122,123,124,125,126,127,130,131,132,137,144,145,146,147,148,149,150,151,152,153,154,155,156,161,165,166,167,168,169,170,171,172,173,174,175,176,177,178,180,182,183,186,187,196,197,198,201,202,203,204,205,208,209,210,211,212,217,218,219,220,226,227,230,231,232,233,234,235,238,239,240,241,242,244,245,247,250,251,252,253,254,255,257,260,261,262,263,264,272,273,274,275,276,277,279,282,283,284,285,286,323,324,328,329,330
448,448,149
12,16,17,18,19,20,21,22,23,65,66,67,74,75,79,80,81,82,83,84,85,86,87,88,89,95,96,101,102,103,104,105,106,107,108,109,110,111,112,118,122,123,124,125,126,127,130,131,132,133,134,137,144,145,146,147,148,149,150,151,152,153,154,161,165,166,167,168,169,170,171,172,173,174,175,176,180,196,197,198,201,202,203,204,208,209,210,211,212,213,214,216,217,218,219,220,223,225,226,230,231,232,233,234,237,238,239,240,241,242,243,244,245,247,250,251,252,253,254,255,256,257,258,260,261,262,263,264,266,267,272,273,274,275,276,277,278,279,281,282,283,284,285,286,323,324,328,329,330
421,421,140
12,16,17,18,19,20,21,22,30,31,65,66,72,74,79,80,81,82,83,84,85,86,87,88,95,96,101,102,103,104,105,106,107,108,109,110,118,122,123,124,125,126,127,128,129,130,131,132,137,144,145,146,147,148,149,150,151,152,153,154,161,165,166,167,168,169,170,171,172,196,197,198,199,200,201,202,203,204,208,209,210,211,212,213,214,215,216,217,218,219,220,223,225,226,230,231,232,233,234,238,239,240,241,242,244,245,247,250,251,252,253,254,255,256,257,260,261,262,263,264,267,272,273,274,275,276,277,278,279,280,282,283,284,285,286,323,324,328,329,330
519,519,142
12,16,17,18,19,20,21,22,31,65,66,68,72,74,79,80,81,82,83,84,85,86,87,88,90,95,96,97,101,102,103,104,105,106,107,108,109,110,111,118,122,123,124,125,126,127,128,129,130,131,132,134,137,144,145,147,148,149,150,151,152,153,154,156,161,165,166,167,168,169,170,171,172,173,196,197,198,201,202,203,204,208,209,210,211,212,214,215,216,217,218,219,220,223,225,226,230,231,232,233,234,237,238,239,240,241,242,244,245,247,250,251,252,253,254,255,257,260,261,262,263,264,267,272,273,274,275,276,277,278,279,281,282,283,284,285,286,323,324,328,329,330
123,123,139
37,38,39,40,41,42,43,44,49,60,61,62,63,64,65,66,72,74,79,80,81,82,83,84,85,86,87,88,96,97,101,102,103,104,105,106,107,108,109,110,118,122,123,124,125,126,127,128,129,130,131,132,139,143,144,145,147,148,149,150,151,152,153,154,186,187,188,189,190,191,193,194,196,197,198,202,203,204,208,209,210,211,212,214,215,216,220,222,223,225,226,230,231,232,233,234,238,239,240,241,242,245,247,248,250,251,252,253,254,255,257,260,261,262,263,264,265,266,267,269,271,272,273,274,275,276,277,278,279,283,284,285,286,315,322,323,328,329,330
169,169,139
37,38,39,40,41,42,43,44,60,61,62,63,64,65,66,68,72,74,79,80,81,82,83,84,85,86,87,88,89,90,91,96,97,101,102,103,104,105,106,107,108,109,110,112,118,122,123,124,125,126,127,128,129,130,131,132,133,134,137,139,143,144,145,146,147,148,149,150,151,152,153,154,155,156,186,187,203,204,208,209,210,211,212,213,214,215,216,220,222,223,225,226,230,231,232,233,234,237,238,239,240,241,242,245,247,252,253,254,255,256,259,260,261,262,263,264,266,267,269,271,272,273,274,275,276,277,278,279,280,283,284,285,286,315,322,323,328,329,330
176,176,144
38,39,40,41,42,43,44,60,61,62,63,64,65,66,71,74,79,80,81,82,83,84,85,86,87,88,89,91,95,96,97,101,102,103,104,105,106,107,108,109,110,115,118,122,123,124,125,127,128,129,130,131,132,137,143,144,145,146,147,148,149,150,151,152,153,154,186,187,193,194,195,196,197,198,202,203,204,208,209,210,211,212,214,215,216,220,223,225,226,230,231,232,233,234,237,238,239,240,241,242,243,244,245,247,248,250,251,252,253,254,255,256,259,260,261,262,263,264,266,267,270,271,272,273,274,275,276,277,278,279,280,283,284,285,286,287,288,314,315,322,323,328,329,330
95,95,150
1,38,39,40,41,42,43,44,61,62,63,64,65,66,74,79,80,81,82,83,84,85,86,87,88,90,95,96,97,101,102,103,104,105,106,107,108,109,110,112,118,122,123,124,125,127,128,129,130,131,132,134,135,137,143,144,145,146,147,148,149,150,151,152,153,154,155,156,186,187,188,193,194,195,196,197,198,199,202,203,204,208,209,210,211,212,214,215,216,221,223,225,226,230,231,232,233,234,236,237,238,239,240,241,242,243,244,245,247,248,250,251,253,254,255,256,257,258,259,260,261,262,263,264,265,266,267,271,272,273,274,275,276,277,278,282,283,284,285,286,287,288,314,315,316,322,323,328,329,330
129,129,143
5,25,38,39,40,41,42,43,44,60,61,62,63,64,65,66,72,79,80,81,82,83,84,85,86,87,88,90,95,97,101,102,103,104,105,106,107,108,109,110,122,123,124,125,126,127,128,129,130,131,132,144,145,146,147,148,149,150,152,153,154,182,183,186,187,188,189,190,191,192,193,194,195,196,197,198,202,203,204,208,209,210,211,212,213,214,215,216,220,223,225,226,230,231,232,233,234,235,236,237,238,239,240,241,242,244,245,247,250,251,252,253,254,255,256,257,258,259,260,261,262,263,264,266,267,271,272,273,274,275,276,277,282,283,284,285,286,287,314,315,322,328,329
79,79,148
16,17,18,19,21,22,58,59,60,61,62,63,65,66,71,79,80,81,82,83,84,85,86,87,88,95,97,101,102,103,104,105,106,107,108,109,110,123,124,127,128,129,130,131,132,134,144,145,146,147,148,149,150,152,153,154,156,169,170,171,172,173,174,175,177,178,183,186,187,188,189,190,191,192,193,195,196,197,198,199,200,202,203,204,208,209,210,211,212,213,215,216,225,226,230,231,232,233,234,236,237,238,239,241,242,244,245,247,250,251,252,253,254,255,256,257,258,259,260,261,262,263,264,266,267,271,272,273,274,275,276,277,279,280,282,283,284,285,286,287,314,315,316,317,318,319,321,329
71,71,142
13,14,16,17,18,19,21,22,24,58,59,60,61,62,63,65,66,79,80,81,82,83,84,85,86,87,88,95,101,102,103,104,105,106,107,108,109,110,123,124,127,128,129,130,131,132,144,145,146,147,148,149,150,151,152,153,154,155,169,170,171,173,174,175,176,177,183,186,187,188,189,190,191,192,194,195,196,197,198,203,204,208,209,210,211,212,213,215,216,225,230,231,232,233,234,236,237,238,239,241,242,247,250,251,252,253,254,255,256,258,259,260,261,262,263,264,266,267,272,273,274,275,276,277,278,280,281,282,283,284,285,286,287,288,314,315,316,317,318,319,321,329
70,70,140
33,36,38,39,40,41,42,43,44,60,61,62,63,64,65,66,72,79,80,81,82,83,84,85,86,87,88,95,101,102,103,104,105,106,107,108,109,110,122,123,124,125,126,127,128,130,131,132,144,145,147,148,149,150,151,152,153,154,155,178,183,186,187,188,189,190,191,192,195,196,197,198,199,200,203,204,208,209,210,211,212,213,214,215,216,220,221,222,225,226,230,231,232,233,234,236,237,238,239,240,241,242,247,250,251,252,253,254,255,256,258,259,260,261,262,263,264,266,267,272,273,274,275,276,277,278,280,282,283,284,285,286,287,288,314,315,322,323,327,328
62,62,145
7,36,38,39,40,41,42,43,44,47,58,59,60,61,62,63,64,65,66,67,69,79,80,81,82,83,84,85,86,87,88,92,101,102,103,104,105,106,107,108,109,110,122,123,124,125,126,127,128,130,131,132,144,145,147,148,149,150,151,152,153,154,155,165,166,167,168,169,170,171,173,174,175,176,180,181,187,188,189,190,191,192,196,197,198,199,203,208,209,210,211,212,213,214,215,216,217,218,219,220,225,226,230,231,232,233,234,236,237,238,239,240,241,242,250,251,252,253,254,255,256,257,258,259,260,261,262,263,264,272,273,274,275,276,277,279,280,282,283,284,285,286,325,327,328
77,77,140
33,36,38,39,40,41,42,43,44,60,61,62,63,64,65,66,68,79,80,81,82,83,84,85,86,87,88,89,90,101,102,103,104,105,106,107,108,109,110,122,123,124,125,126,127,128,129,130,131,132,144,145,146,147,148,149,150,151,152,153,154,155,169,177,181,187,188,189,190,191,192,193,195,196,197,198,199,204,208,209,210,211,212,213,214,215,216,220,222,225,230,231,232,233,234,235,236,237,238,239,240,241,242,243,250,251,252,253,254,255,256,257,258,259,260,261,262,263,264,265,272,273,274,275,276,277,279,280,282,283,284,285,286,288,314,315,322,323,327,328
575,575,139
1,2,3,38,39,40,41,42,43,44,51,55,58,59,60,61,62,63,64,65,66,69,79,80,81,82,83,84,85,86,87,88,95,101,102,103,104,105,106,107,108,109,110,122,123,124,125,126,127,128,129,130,131,132,143,144,145,146,147,148,149,150,151,152,153,154,155,165,166,167,168,169,170,171,173,174,198,199,204,208,209,210,211,212,213,214,215,216,217,218,219,220,225,230,231,232,233,234,235,236,237,238,239,240,241,242,243,250,251,252,253,254,255,256,257,258,259,260,261,262,263,264,267,272,273,274,275,276,277,279,280,281,282,283,284,285,286,327,328
61,61,133
7,36,38,39,40,41,42,43,44,55,58,59,60,61,62,63,64,65,66,79,80,81,82,83,84,85,86,87,88,95,101,102,103,104,105,106,107,108,109,110,111,112,122,123,124,125,126,127,128,129,130,131,132,143,144,145,146,147,148,149,150,151,152,153,154,155,165,166,196,197,198,199,204,208,209,210,211,212,213,214,215,216,217,218,219,220,221,225,230,231,232,233,234,235,236,237,238,239,240,241,242,243,251,252,253,254,255,256,257,258,259,260,261,262,263,264,272,273,274,275,276,277,279,280,281,282,283,284,285,286,325,327,328
6,6,130
3,38,39,40,41,42,43,44,46,55,58,59,61,62,63,64,65,66,68,79,80,81,82,83,84,85,86,87,88,89,90,101,102,103,104,105,106,107,108,109,110,111,112,122,123,124,125,126,127,128,129,130,131,132,133,143,144,145,146,147,148,149,150,151,152,197,198,199,200,204,208,209,210,211,212,213,214,215,216,217,218,219,220,221,225,229,230,231,232,233,234,235,236,237,238,239,240,241,242,248,251,252,253,254,255,256,257,258,259,260,261,262,263,264,272,273,274,275,276,277,279,280,282,283,284,285,286,325,327,328
566,566,134
36,38,39,40,41,42,43,44,55,58,59,61,62,63,64,65,66,69,79,80,81,82,83,84,85,86,87,88,90,91,101,102,103,104,105,106,107,108,109,110,111,122,123,124,125,126,127,128,129,130,131,132,133,143,144,145,146,147,148,150,151,152,153,154,155,165,166,167,168,169,170,171,196,197,198,199,208,209,210,211,212,213,214,215,216,217,218,219,220,221,229,230,231,232,233,234,235,236,237,238,240,241,242,248,251,252,253,254,255,256,257,258,259,260,261,262,263,264,265,273,274,275,276,277,279,280,282,283,284,285,286,325,327,328
333,333,137
12,14,36,38,39,40,41,42,43,44,55,58,59,61,62,63,64,65,66,79,81,82,83,84,85,86,87,88,101,102,103,104,105,106,107,108,109,110,114,122,123,124,125,126,127,128,129,130,131,132,134,143,144,145,146,147,150,151,152,153,154,155,165,166,167,168,169,170,171,173,175,176,177,180,186,187,192,195,196,197,198,199,208,209,210,211,212,213,215,216,217,218,219,220,221,229,230,231,232,233,234,236,237,238,239,240,242,243,248,251,252,253,254,255,257,258,259,260,261,262,263,264,265,273,274,275,276,279,280,282,283,285,286,324,325,327,328
5,5,132
1,38,39,40,41,43,44,49,55,56,57,58,59,60,61,62,63,64,65,66,76,79,81,82,83,84,85,86,87,88,89,101,102,103,104,105,106,107,108,109,110,121,122,123,124,125,126,127,128,129,130,131,132,134,143,144,145,146,147,148,149,150,151,152,153,154,157,165,166,167,168,169,171,173,197,198,199,208,209,210,211,212,213,214,215,216,217,218,219,220,221,229,230,231,232,233,234,235,236,237,238,239,240,242,243,248,251,252,253,254,255,257,258,259,260,261,263,264,265,273,274,275,276,279,280,282,283,285,286,327,328,330
319,319,138
37,38,39,41,43,44,55,56,57,58,59,60,61,62,63,64,65,66,76,79,82,83,84,85,86,87,88,101,102,103,104,105,106,107,108,109,110,111,121,122,123,124,125,126,127,128,129,130,131,132,134,143,144,145,146,147,148,149,150,151,152,153,154,156,165,166,167,168,169,171,172,174,175,176,177,183,186,187,197,198,199,200,208,209,210,211,212,213,216,217,218,219,220,221,223,229,230,231,232,233,234,236,237,238,239,240,242,243,245,251,252,253,254,255,257,258,259,260,261,263,264,265,273,274,275,276,279,280,281,282,283,284,285,286,325,327,328,330
318,318,142
37,38,39,41,42,43,44,47,55,56,57,58,59,60,61,62,63,64,65,66,68,76,78,79,82,83,84,85,86,87,88,99,100,101,102,103,104,105,106,107,108,109,110,116,121,122,123,124,125,126,127,128,129,130,131,132,133,143,144,145,146,147,148,149,150,151,152,153,154,156,162,165,166,167,168,169,170,171,172,197,198,199,200,208,209,210,211,212,213,214,216,217,218,219,220,221,223,229,230,231,232,233,234,236,237,238,239,240,241,242,243,251,252,253,254,255,257,258,259,260,261,262,263,264,265,273,274,275,276,277,278,279,280,281,282,283,285,286,326,327,328,330
73,73,131
1,2,38,39,41,42,43,44,55,56,57,58,59,60,61,62,63,64,65,66,76,78,79,81,82,83,84,85,86,87,88,91,99,100,101,102,103,104,105,106,107,108,109,110,112,121,122,123,124,125,126,127,128,129,130,131,132,140,143,144,145,146,147,148,149,150,151,152,153,154,156,158,162,165,198,199,200,208,209,210,211,212,213,214,215,216,230,231,232,233,234,236,237,238,239,240,241,242,243,244,251,252,253,254,255,257,258,259,260,261,262,263,264,265,267,273,274,275,276,277,278,279,280,281,282,283,285,286,327,328,330
309,309,140
37,38,39,41,42,43,44,55,56,57,58,59,60,61,62,63,64,65,66,76,78,79,82,83,84,85,86,87,88,99,100,101,102,103,104,105,106,107,108,109,110,121,122,123,124,125,126,127,128,129,130,131,132,140,143,144,145,146,147,148,149,150,151,152,153,154,155,156,159,165,166,167,168,169,197,198,199,200,202,208,209,210,211,212,213,214,216,217,218,219,220,221,229,230,231,232,233,234,235,236,237,238,239,240,241,242,243,244,251,252,253,254,255,257,258,259,260,261,262,263,264,265,273,274,275,276,277,278,279,280,281,282,283,284,285,286,326,327,328,330
302,302,145
37,38,39,41,42,43,44,55,56,57,58,59,60,61,62,63,64,65,66,78,79,82,83,84,85,86,87,88,99,100,101,102,103,104,105,106,107,108,109,110,114,121,122,123,124,125,126,127,128,129,130,131,132,134,140,143,144,145,146,147,148,149,150,151,152,153,154,156,165,166,167,168,169,170,171,172,173,174,176,197,198,199,200,208,209,210,211,212,213,214,216,217,218,219,220,221,222,230,231,232,233,234,235,236,237,238,239,240,241,242,243,244,251,252,253,254,255,256,257,258,259,260,261,262,263,264,265,273,274,275,276,277,278,279,280,281,282,283,284,285,286,326,327,328,330
64,64,133
1,38,39,41,42,43,44,55,56,57,58,59,60,61,62,63,64,65,66,78,79,81,82,83,84,85,86,87,88,99,100,101,102,103,104,105,106,107,108,109,110,116,121,122,123,124,125,126,127,128,129,130,131,132,143,144,145,146,147,148,149,150,151,152,153,154,165,198,199,200,201,208,209,210,211,212,213,214,215,216,217,218,219,220,230,231,232,233,234,235,236,237,238,239,240,241,242,243,244,251,252,253,254,255,256,257,258,259,260,261,262,263,264,265,267,273,274,275,276,277,278,279,280,281,282,283,284,285,286,326,327,328,330
64,64,141
37,38,39,41,42,43,44,55,56,57,58,59,60,61,62,63,64,65,66,78,79,82,83,84,85,86,87,88,99,100,101,102,103,104,105,106,107,108,109,110,112,121,122,123,124,125,126,127,129,130,131,132,143,144,145,146,147,148,149,150,151,152,153,154,155,165,166,167,168,169,170,171,172,173,174,175,176,197,198,199,200,208,209,210,211,213,214,215,216,217,218,219,220,221,230,231,232,233,234,235,236,237,238,239,240,241,242,243,244,251,252,253,254,255,256,257,258,259,260,261,262,263,264,273,274,275,276,277,278,279,280,281,282,283,284,285,286,326,327,328,330
48,48,146
37,38,39,41,42,43,44,55,56,57,58,59,60,61,62,63,64,65,66,78,79,82,83,84,85,86,87,88,93,99,100,101,102,103,104,105,106,107,108,109,110,112,121,122,123,124,125,126,127,129,130,131,132,143,144,145,146,147,148,149,150,152,153,154,156,165,166,167,168,170,172,173,174,175,176,177,178,187,188,189,190,191,193,194,195,197,199,200,208,209,210,211,213,214,215,216,217,218,219,220,221,223,230,231,232,233,234,235,236,237,238,239,240,241,242,252,253,254,255,256,257,258,259,260,261,262,263,264,273,274,275,276,277,278,279,280,281,282,283,284,285,286,326,327,328,330
465,465,145
14,15,17,18,19,20,21,22,35,38,60,61,62,63,64,65,66,78,79,81,82,83,84,85,86,87,88,99,100,101,103,104,105,106,107,108,109,110,121,122,123,124,125,126,127,129,130,131,132,134,135,143,144,145,146,147,148,149,150,152,153,154,156,165,166,167,168,170,172,173,188,191,196,197,199,206,209,210,211,213,214,215,216,217,218,219,220,221,230,231,232,233,234,235,236,237,238,239,240,241,242,245,252,253,254,255,256,257,258,259,260,261,262,263,264,273,274,275,276,277,278,279,280,281,282,283,284,285,286,287,300,301,302,303,304,305,306,307,323,324,325,326,327,329,330
476,476,139
8,14,15,17,18,19,20,21,22,35,65,66,78,79,82,83,84,85,86,87,88,99,100,101,103,104,105,106,107,108,109,110,121,122,123,124,125,126,127,129,130,131,132,143,144,145,146,147,148,149,150,152,153,154,156,165,166,167,168,170,171,172,173,174,175,176,177,178,186,188,189,190,191,193,194,196,197,198,206,209,210,211,213,214,215,216,217,218,219,220,230,231,232,233,234,235,236,237,238,239,240,241,242,243,245,252,253,254,255,256,257,258,259,260,261,262,263,264,266,273,274,275,276,277,278,279,280,281,282,283,284,285,286,287,289,323,324,329,330
478,478,141
3,14,15,16,17,18,19,20,21,35,36,37,38,39,41,42,43,44,58,59,60,61,62,63,64,100,101,103,104,105,106,107,124,125,126,127,129,130,131,132,143,145,146,147,149,150,152,153,154,165,166,167,168,170,171,172,173,174,175,176,178,186,187,188,189,190,191,193,194,196,197,200,206,209,210,211,213,214,215,216,217,218,219,220,230,231,232,233,234,235,236,237,238,239,240,241,242,243,244,252,253,254,255,256,257,258,259,260,261,262,263,264,266,274,275,276,277,278,279,280,281,282,283,284,285,286,287,288,289,319,320,321,322,323,324,325,326,327,328,329,330
450,450,141
3,10,14,15,16,17,18,19,20,21,22,35,36,37,38,39,41,42,43,44,46,58,59,60,61,62,63,64,79,100,101,103,104,105,123,124,125,126,129,130,131,132,143,145,146,147,149,150,152,153,154,165,166,167,168,170,171,172,173,174,175,176,178,186,187,188,189,190,191,192,193,194,196,199,206,209,210,211,213,214,215,216,217,218,219,220,221,231,232,233,234,235,236,237,238,239,240,241,242,243,244,252,253,254,255,256,257,258,259,260,261,262,263,264,274,275,276,277,278,279,280,281,282,283,284,285,286,288,289,319,320,321,322,323,324,325,326,327,328,329,330
568,568,140
10,14,15,42,43,44,58,59,60,61,62,63,64,100,101,103,104,105,106,107,108,109,110,122,123,124,125,126,129,130,131,132,143,144,145,146,147,150,152,153,154,156,165,167,168,171,172,173,174,175,176,177,178,186,188,189,190,191,192,193,194,195,196,206,209,210,211,213,214,215,216,217,218,219,220,231,232,233,234,235,236,237,238,239,240,241,242,243,252,253,254,255,256,257,258,259,260,261,262,263,264,267,274,276,284,285,286,289,295,296,297,298,299,300,301,302,303,304,305,306,307,308,309,310,312,316,317,318,319,320,321,322,323,324,325,326,327,328,329,330
424,424,147
36,37,38,39,41,42,43,44,54,65,66,79,82,83,84,85,86,87,88,100,101,103,104,105,106,107,108,109,110,122,123,124,125,126,127,129,130,131,132,143,144,145,146,147,150,152,153,154,157,165,167,168,171,172,173,174,175,176,186,188,189,190,191,192,193,194,195,196,197,200,209,210,211,213,214,215,216,217,218,219,220,231,232,233,234,235,236,237,238,239,240,241,242,243,252,253,254,255,256,257,258,259,260,261,262,263,264,274,275,276,277,278,279,280,281,282,283,284,285,286,287,296,297,298,299,300,301,302,303,304,305,306,307,308,309,310,312,316,317,318,319,320,321,322,328,329,330
174,174,141
10,11,14,17,18,19,20,21,22,31,32,36,37,38,39,41,42,43,44,54,60,61,62,63,64,65,66,79,82,83,84,85,86,87,88,101,103,104,105,106,107,108,109,110,122,123,124,125,126,127,129,130,131,132,143,144,145,146,147,149,150,152,153,154,165,167,168,170,172,173,174,176,186,189,190,192,193,194,195,196,197,198,200,202,210,211,213,214,215,216,217,218,219,220,231,232,233,234,235,236,237,238,239,240,241,242,252,253,254,255,256,257,258,259,260,261,262,263,264,265,266,274,275,276,277,278,279,280,281,282,283,284,285,286,288,322,323,327,328,329,330
425,425,146
8,10,15,16,17,18,19,20,21,30,31,32,36,37,38,43,44,65,66,79,82,83,84,85,86,87,88,97,103,104,105,106,107,108,109,110,122,123,125,126,127,129,130,131,132,144,146,147,149,150,152,153,154,156,165,168,170,171,172,173,174,176,178,186,190,193,194,195,196,197,198,200,210,211,213,214,215,232,233,234,235,236,237,238,239,240,241,242,246,253,254,255,256,257,258,259,260,261,262,263,264,265,274,275,276,277,278,279,280,281,282,283,284,285,286,288,296,297,298,299,300,301,302,303,304,305,306,307,308,310,311,316,317,318,319,320,321,322,323,324,325,326,327,328,329,330
435,435,136
8,15,16,36,38,43,60,62,63,65,66,68,69,76,82,83,84,85,86,87,88,104,105,106,107,108,109,110,123,126,127,129,130,131,132,144,145,147,149,150,152,153,154,156,165,167,168,170,171,172,173,174,175,176,177,178,195,196,197,198,199,200,209,211,213,214,215,216,217,219,220,221,222,224,232,233,234,235,236,237,238,239,240,241,242,243,246,253,254,255,256,257,258,259,260,261,262,263,264,265,274,275,276,277,278,279,280,281,282,283,284,285,286,288,289,296,297,298,299,300,301,302,303,304,305,306,307,308,309,310,316,317,318,319,329,330
181,181,138
8,15,17,19,20,21,32,38,39,41,42,43,44,60,61,62,63,64,65,66,75,76,81,84,85,86,87,88,105,106,107,108,109,123,126,127,129,130,131,132,135,144,145,147,149,150,151,152,153,154,157,167,170,171,172,173,174,175,176,178,189,190,191,193,194,195,196,197,198,200,202,209,212,213,214,215,216,217,219,220,221,222,224,232,233,234,235,236,237,238,239,240,241,242,243,246,248,253,254,255,256,257,258,259,260,261,262,263,264,266,274,275,276,277,278,279,280,281,282,283,284,285,286,289,296,302,303,304,305,306,307,308,309,323,325,328,329,330
286,286,134
10,12,19,20,21,30,31,32,38,39,41,42,43,44,55,59,60,62,63,64,65,66,75,76,77,81,84,85,86,87,88,105,106,107,108,109,113,123,127,129,130,131,132,145,146,148,149,150,151,152,153,154,157,167,170,171,172,173,174,175,176,183,190,191,192,193,194,195,196,197,198,200,202,209,210,212,213,215,216,217,219,220,231,233,234,235,236,237,238,239,240,241,242,254,255,256,257,258,259,260,261,262,263,264,269,274,275,276,277,278,279,280,281,282,283,284,285,286,296,300,301,302,303,304,305,306,307,308,324,325,327,328,329,330
172,172,129
7,8,10,12,16,17,18,19,20,21,30,31,38,39,40,41,42,43,44,55,59,60,63,64,65,66,68,76,77,81,84,85,86,87,88,90,98,106,107,108,109,120,123,126,129,130,131,132,140,145,146,149,150,151,152,153,154,156,157,167,168,170,171,172,173,174,175,176,192,193,194,195,196,197,198,199,209,210,211,212,213,215,216,217,219,220,231,233,234,235,236,237,238,239,240,241,242,245,254,255,256,257,258,259,260,261,262,263,264,274,275,276,277,278,279,280,281,282,283,284,285,286,307,324,325,327,328,329,330
113,113,133
8,10,12,16,17,18,20,21,22,30,31,34,38,39,40,42,43,44,60,61,63,64,65,66,76,77,81,84,85,86,87,88,94,98,99,106,107,108,109,120,129,130,131,132,135,145,146,150,151,152,153,154,167,168,170,171,172,173,174,175,176,178,189,192,193,194,195,196,197,198,199,209,210,211,213,215,216,217,218,219,220,223,231,232,233,234,235,236,237,238,239,240,241,242,254,255,256,257,258,259,260,261,262,263,264,274,275,276,277,278,279,280,281,282,283,284,285,286,298,300,301,302,303,305,306,307,308,324,325,327,328,329,330
401,401,131
8,22,30,31,34,38,39,40,42,43,44,60,61,62,64,65,66,75,76,77,81,84,86,87,88,90,98,99,106,107,108,109,120,126,127,129,130,131,132,135,142,145,146,147,149,150,151,152,153,154,167,168,169,171,172,173,174,175,176,177,178,189,190,192,193,194,195,196,197,198,200,202,209,210,211,212,214,215,216,217,218,219,220,231,232,234,235,237,238,239,240,241,242,253,255,256,257,258,259,260,261,262,263,264,276,277,278,279,280,281,282,283,284,285,286,298,299,300,301,302,303,304,305,308,324,325,326,327,328,329,330
129,129,138
8,16,17,18,19,22,30,31,32,34,38,39,40,41,42,43,44,55,60,61,62,64,65,66,75,76,77,78,81,84,86,87,88,98,99,106,107,108,109,120,121,126,127,129,130,131,132,142,146,147,148,151,152,153,154,167,168,169,171,172,173,174,175,176,178,179,189,190,191,193,194,195,196,197,198,202,209,210,211,212,214,215,216,217,218,219,220,226,231,232,235,236,237,238,239,240,241,242,256,257,258,259,260,261,262,263,264,276,277,278,279,280,281,282,283,284,285,286,298,299,300,301,302,303,304,305,306,307,308,312,323,324,325,326,327,328,329,330
145,145,144
8,9,12,17,18,19,20,21,22,30,31,32,34,35,38,39,40,41,42,43,44,52,54,55,60,61,62,63,64,66,68,76,77,78,81,85,86,87,88,97,99,106,108,109,120,121,126,127,130,131,132,142,146,147,148,149,151,152,153,154,167,168,169,170,171,172,173,174,175,176,188,189,190,191,193,194,195,196,197,198,204,210,211,212,213,214,215,216,217,218,219,220,231,232,233,235,236,238,239,240,241,242,254,256,257,258,259,260,261,262,263,264,275,276,277,278,279,280,281,282,283,284,285,286,298,299,300,301,302,303,304,305,306,307,308,322,323,324,325,326,327,328,329,330
395,395,135
8,9,11,12,13,18,19,20,21,22,29,30,31,34,35,39,40,41,42,43,44,61,62,63,64,66,76,77,78,85,87,88,99,108,109,119,120,125,126,127,131,132,142,146,147,148,149,150,151,152,153,154,156,157,159,164,167,168,169,170,173,174,175,176,188,189,191,192,193,194,195,196,197,198,210,211,212,213,215,216,217,218,219,220,231,232,233,235,236,237,238,239,240,241,242,253,254,255,256,257,258,259,260,261,262,263,264,275,276,277,279,280,281,282,284,285,286,298,299,300,301,302,304,305,306,307,308,323,324,325,326,327,328,329,330
378,378,135
8,9,12,13,19,20,21,22,31,34,35,39,40,41,42,44,56,57,61,62,63,64,66,76,78,84,85,87,88,91,93,99,100,103,104,106,107,108,109,120,126,127,129,131,132,147,148,149,150,151,152,153,154,163,167,168,169,170,171,173,174,175,176,179,189,190,191,192,194,195,196,197,198,204,205,210,211,212,213,215,216,217,218,219,220,232,233,234,236,237,238,239,240,241,242,253,254,255,257,258,259,260,261,262,263,264,275,276,277,279,280,281,282,283,284,285,286,298,299,300,301,302,303,304,305,306,307,308,323,324,325,326,327,329,330
370,370,130
8,9,12,13,17,19,20,21,34,35,39,40,41,42,44,54,55,60,61,62,63,64,66,76,78,84,85,86,87,88,97,99,104,105,106,107,108,109,120,126,127,128,131,132,147,148,149,150,151,152,153,154,168,169,170,171,173,174,175,176,189,190,191,192,194,195,196,197,198,204,210,211,212,213,215,216,217,218,219,220,232,233,234,236,237,238,239,240,241,242,253,254,255,256,257,258,259,260,261,262,263,264,275,279,280,281,282,283,284,285,286,298,299,300,301,302,303,304,305,306,307,308,312,322,323,324,325,326,327,329
55,55,142
9,10,12,13,17,19,20,22,31,32,34,35,39,40,41,42,43,44,53,54,55,61,62,63,64,66,76,77,78,82,83,84,85,86,87,88,97,98,101,104,105,106,107,108,109,120,121,126,127,128,131,132,138,142,144,147,148,149,150,151,152,153,154,156,157,164,168,169,170,171,173,174,175,176,189,190,191,192,193,194,195,196,197,198,204,208,211,212,213,215,216,217,218,220,232,233,234,235,236,237,238,239,240,241,242,251,254,255,256,257,258,259,260,261,262,263,264,279,280,281,282,283,284,285,286,301,302,303,304,305,306,307,308,309,322,323,324,325,326,327,328,329
390,390,145
9,12,13,18,19,20,21,22,30,31,32,34,35,36,39,40,41,42,43,44,53,54,55,61,62,63,64,66,75,76,77,78,83,84,85,86,87,88,97,98,104,105,106,107,108,109,120,126,127,128,129,131,132,142,144,147,148,149,150,151,152,153,154,164,168,169,170,171,173,174,175,176,186,190,191,192,193,194,195,196,197,198,204,211,212,213,215,216,217,218,220,232,233,234,235,236,237,238,239,240,241,242,251,254,255,256,257,258,259,260,261,262,263,264,276,277,279,280,281,282,283,284,285,286,298,299,300,301,302,303,304,305,306,307,308,309,322,323,324,325,326,327,328,329,330
54,54,141
9,11,12,13,18,19,20,21,22,30,31,32,35,36,40,41,42,43,44,54,55,61,62,63,64,66,75,76,77,78,83,84,85,86,87,88,97,98,99,104,105,106,107,108,109,120,122,126,127,128,129,131,132,142,144,147,148,149,150,151,152,153,154,159,164,169,170,171,173,174,175,176,186,190,191,192,193,194,195,196,197,198,205,211,212,213,215,216,217,218,220,233,234,235,236,237,238,239,240,241,242,254,255,256,257,258,259,260,261,262,263,264,276,277,279,280,281,282,283,284,285,286,299,300,301,302,303,304,305,306,307,308,309,322,323,324,325,326,327,328,329
373,373,137
9,11,12,13,18,19,20,21,22,30,31,33,35,36,40,41,42,43,44,54,55,61,62,63,64,66,75,76,77,78,83,84,85,86,87,88,97,98,104,105,106,107,108,109,115,120,126,127,128,129,131,132,142,147,148,149,150,151,152,153,154,156,159,164,169,170,171,173,174,175,176,190,191,192,193,194,195,196,197,198,206,212,213,215,216,217,218,220,233,234,235,236,237,238,239,240,241,242,254,255,256,257,258,259,260,261,262,263,264,276,277,279,280,281,282,283,284,285,286,299,300,301,302,303,304,307,308,309,321,322,323,324,325,326,327,328,330
346,346,141
8,9,10,11,13,14,15,18,19,20,21,22,31,33,34,35,36,40,41,42,43,44,55,62,63,64,66,75,76,77,78,83,84,85,86,87,88,92,97,98,105,106,107,108,109,110,119,120,126,127,128,129,130,131,132,142,143,145,148,149,150,151,152,153,154,156,159,164,169,170,171,173,174,175,176,181,191,192,193,194,196,197,198,201,212,213,215,216,217,218,220,233,234,235,236,237,238,239,240,241,242,255,256,257,258,259,260,261,262,263,264,276,277,279,280,281,282,283,284,285,286,299,300,301,302,303,304,305,306,307,308,319,320,321,322,323,324,325,326,327,328
337,337,139
9,11,12,13,15,18,19,20,21,22,30,31,32,33,35,36,40,41,42,43,44,55,62,63,64,66,75,76,77,78,83,84,85,86,87,88,97,98,99,105,106,107,108,109,110,119,120,121,126,127,128,129,130,131,132,142,144,145,148,149,150,151,152,153,154,157,159,164,170,171,173,174,175,176,186,191,192,193,194,196,197,198,204,205,209,212,213,215,216,217,218,220,226,234,235,237,238,239,240,241,242,255,256,257,258,259,260,261,262,263,264,276,277,279,280,281,282,283,284,285,286,298,299,301,302,303,305,306,307,308,320,321,322,323,324,325,326,327,328
338,338,134
7,9,10,11,12,13,15,18,19,20,21,22,30,31,32,34,35,36,37,40,41,43,44,50,54,57,58,59,63,64,66,75,77,78,80,85,86,87,88,97,98,101,107,108,109,110,119,120,121,123,129,130,131,132,138,141,142,145,151,152,153,154,157,159,173,174,175,176,186,191,192,193,195,197,198,209,213,215,216,217,218,220,226,234,237,238,239,240,241,242,249,251,255,256,257,258,259,260,261,262,263,264,273,277,279,280,281,282,283,284,285,286,298,299,300,301,302,303,304,305,306,307,308,320,321,322,323,324,325,326,327,328,329,330
340,340,122
9,11,12,13,15,19,21,22,31,32,35,36,40,41,43,44,54,59,63,64,65,66,75,76,85,86,87,88,93,97,107,108,109,110,116,119,120,128,129,130,131,132,138,145,151,152,153,154,159,164,170,173,174,175,176,178,186,188,193,195,197,198,200,209,213,214,215,216,217,218,220,223,228,234,237,238,239,240,241,242,252,255,256,257,258,259,260,261,262,263,264,277,279,280,281,282,283,284,285,286,298,299,300,301,302,303,304,305,306,307,308,320,321,322,323,324,325,326,327,328,329,330
330,330,133
9,11,12,13,15,16,19,21,22,31,32,35,36,38,41,42,43,44,52,53,54,57,58,59,63,64,65,66,75,76,85,86,87,88,97,107,108,109,110,115,117,119,120,127,128,129,130,131,132,141,145,150,151,152,153,154,159,161,164,165,166,170,172,173,174,175,176,188,193,194,195,197,198,200,204,209,213,214,215,216,217,218,220,225,230,237,238,239,240,241,242,248,252,256,257,258,259,261,262,263,264,269,277,278,279,280,281,283,284,285,286,298,299,300,301,302,303,304,305,306,307,308,320,321,322,323,324,325,326,327,328,329,330
43,43,133
9,11,12,13,16,19,20,21,22,30,31,32,35,36,38,41,42,43,44,54,55,56,59,62,63,64,65,66,75,76,85,86,87,88,97,102,107,108,109,110,119,120,121,129,130,131,132,141,145,150,151,152,153,154,156,159,161,164,165,173,174,175,176,179,182,188,193,194,195,197,198,200,204,205,207,209,210,211,214,215,216,217,218,220,222,225,237,238,239,240,242,248,249,253,256,257,258,259,261,262,263,264,269,279,280,281,283,284,285,286,295,298,299,300,301,302,303,304,305,306,307,308,320,321,322,323,324,325,326,327,328,329,330
26,26,134
9,11,12,13,16,18,19,20,21,22,30,31,32,33,34,35,36,38,41,42,43,44,54,55,56,59,60,63,64,65,66,75,76,86,87,88,97,98,102,106,108,109,110,119,120,121,129,130,131,132,141,146,151,152,153,154,164,171,173,174,175,176,179,186,188,193,194,195,197,198,204,209,210,211,215,216,218,219,220,222,223,225,226,228,236,237,238,239,240,242,248,249,256,257,258,259,260,261,263,264,269,270,279,280,281,282,283,284,285,286,295,298,299,301,302,303,304,305,306,307,308,315,316,317,320,322,323,324,325,326,327,328,329,330
67,67,137
9,11,13,15,16,19,21,22,30,31,32,35,36,38,39,41,42,43,44,54,55,56,59,60,61,63,64,65,66,75,76,78,82,86,87,88,97,98,99,100,102,103,106,108,109,110,115,120,121,129,130,131,132,140,146,151,152,153,154,164,171,172,173,174,175,176,178,179,186,188,194,195,196,197,198,201,202,204,209,210,215,216,218,219,220,225,226,236,237,238,239,240,242,248,249,252,257,258,259,260,261,263,264,268,269,270,279,280,281,282,283,284,285,286,295,299,301,302,303,304,305,306,307,308,315,316,320,321,322,323,324,325,326,327,328,329,330
207,207,141
8,9,11,13,16,17,19,20,21,22,30,31,32,35,36,38,39,41,42,43,44,54,55,59,60,61,63,64,65,66,75,76,77,78,82,83,86,87,88,89,97,98,99,100,102,103,108,109,110,120,121,128,129,130,131,132,138,140,143,145,146,147,150,151,152,153,154,164,171,172,173,174,175,176,178,186,188,190,194,195,196,197,198,203,204,205,209,210,214,215,216,217,219,220,225,226,237,238,239,240,242,248,249,252,257,258,259,261,263,264,267,268,269,270,279,281,282,283,284,285,292,295,299,301,302,303,304,305,306,307,308,321,322,323,324,325,326,327,328,329,330
307,307,139
8,9,11,12,13,16,17,19,20,21,22,30,31,32,33,35,36,38,39,41,42,43,44,46,54,55,57,59,60,61,63,64,65,66,75,76,77,78,79,82,85,86,87,88,97,98,99,100,102,103,107,108,109,110,120,121,128,129,130,131,132,142,143,145,146,147,150,152,153,154,160,164,172,173,174,175,176,181,186,188,190,193,194,195,196,197,198,203,204,205,209,210,211,212,214,216,217,218,220,223,225,226,237,238,239,240,242,248,249,252,257,258,259,261,262,263,264,267,268,269,270,275,278,279,282,283,284,285,290,292,293,295,296,299,326,327,328,329,330
199,199,139
8,9,10,11,12,13,15,16,17,19,20,21,22,30,31,32,35,38,39,41,42,43,44,53,54,56,57,59,60,61,62,63,64,65,66,73,74,75,76,77,78,79,82,85,86,87,88,97,98,99,100,103,107,109,110,120,121,122,130,131,132,142,143,145,146,147,150,152,153,154,159,160,164,172,173,174,175,176,181,182,186,188,190,193,194,195,196,197,198,200,202,203,204,205,209,210,211,212,216,217,218,220,223,225,226,236,237,238,240,242,248,249,253,254,257,258,259,261,262,263,264,267,268,269,270,275,278,279,283,284,285,286,290,293,326,327,328,329,330
32,32,141
9,11,12,13,14,16,17,20,21,22,30,31,32,35,36,38,39,40,41,42,44,53,54,57,58,59,60,61,62,63,64,65,66,75,76,77,78,79,82,83,85,86,87,88,97,98,99,100,102,103,105,107,109,110,120,121,122,125,130,131,132,138,140,142,143,145,147,150,151,152,153,154,160,164,172,173,174,175,176,181,182,186,188,190,194,195,196,197,198,200,202,203,204,205,209,210,211,212,215,216,217,218,219,220,221,223,225,226,232,233,236,237,238,240,241,242,243,248,256,258,261,262,263,264,268,270,275,279,283,284,285,286,290,291,296,300,326,327,328,329,330
73,73,146
11,12,13,14,16,17,20,21,22,31,32,33,34,35,36,38,39,40,41,42,43,44,53,54,55,57,58,59,60,61,62,63,64,65,66,75,76,77,79,82,83,84,85,87,88,97,98,99,100,102,103,104,105,107,108,109,110,120,121,122,125,126,127,129,130,131,132,142,143,147,150,151,152,153,154,160,164,172,173,174,175,176,179,182,188,190,194,195,196,197,198,203,204,205,207,209,210,215,216,217,218,219,220,225,226,233,234,237,238,239,240,241,242,245,258,260,261,262,263,264,271,275,276,279,280,281,282,283,284,285,286,288,291,292,296,301,302,303,304,305,306,326,327,328,329,330
485,485,136
11,12,13,14,16,17,19,20,21,22,32,57,58,59,60,61,62,63,66,73,75,76,77,79,82,83,84,85,87,88,96,97,98,99,103,104,105,107,108,109,110,120,125,126,127,129,130,131,132,138,142,145,147,149,150,151,152,153,154,172,173,174,175,176,182,188,190,191,194,195,196,197,198,203,204,207,209,215,216,217,218,219,220,224,225,226,233,234,237,238,239,240,241,242,245,247,249,250,252,253,254,255,258,259,260,261,262,263,264,269,271,275,276,278,279,280,281,282,283,284,285,286,288,305,306,307,308,310,313,314,315,318,319,321,329,330
151,151,145
11,13,14,16,17,19,20,21,39,40,41,42,43,44,53,54,57,58,59,60,61,62,63,64,66,73,75,76,77,78,79,82,83,84,85,86,87,88,96,97,98,99,101,102,103,104,105,107,108,109,110,119,120,125,126,127,129,130,131,132,142,144,145,146,147,148,149,150,151,152,153,154,165,170,172,173,174,175,176,187,188,190,191,194,195,196,197,198,203,204,209,212,215,216,217,218,219,220,221,222,224,225,232,233,234,237,238,239,240,241,242,249,250,252,253,254,255,258,259,260,261,262,263,264,268,270,271,272,275,276,279,280,281,282,283,284,285,286,292,293,326,327,328,329,330
474,474,142
39,40,41,42,43,44,53,54,55,57,58,59,60,61,62,63,64,66,73,75,76,77,78,79,82,83,84,85,86,87,88,96,97,98,99,100,101,102,103,104,105,107,108,109,110,118,119,120,121,125,126,127,129,130,131,132,141,142,143,144,146,147,148,149,150,151,152,153,154,165,166,170,171,172,173,174,175,176,188,190,191,192,194,195,198,203,205,209,210,211,212,215,216,217,218,219,220,222,225,228,229,232,233,234,237,238,239,240,241,242,243,250,252,253,254,255,258,259,260,261,262,263,264,270,271,274,275,276,280,281,282,283,284,285,286,292,293,326,327,328,329,330
295,295,142
33,34,35,36,39,65,66,75,76,77,78,82,83,84,85,86,87,88,96,97,98,99,100,102,103,104,105,107,108,109,110,118,119,120,121,122,124,125,126,127,129,130,131,132,141,142,143,144,146,147,148,149,150,151,152,153,154,165,170,171,172,173,174,175,176,188,190,191,205,209,210,211,212,214,215,216,217,218,219,220,222,225,226,227,228,229,232,233,234,237,238,239,240,241,242,244,245,246,247,248,250,251,253,254,255,259,260,261,262,263,264,265,266,267,269,270,271,274,275,276,278,280,281,283,284,285,286,296,297,299,302,303,304,305,306,307,308,313,314,318,319,330
180,180,138
34,35,36,48,65,66,75,76,77,78,80,82,83,84,85,86,87,88,96,97,98,99,100,102,103,104,105,107,108,109,110,118,119,120,121,122,124,125,126,127,128,129,130,131,132,138,141,142,143,144,146,147,148,149,150,151,152,153,154,160,165,170,171,172,173,174,175,176,205,207,209,210,211,212,214,215,216,217,218,219,220,221,222,225,228,229,232,233,234,237,238,239,240,241,242,244,245,247,249,250,253,254,255,259,261,262,263,264,265,267,269,270,271,272,274,275,276,278,280,283,284,285,286,296,297,299,304,305,306,307,308,312,313,314,318,320,329,330
464,464,147
36,65,66,73,76,77,78,79,80,81,82,83,84,85,86,87,88,96,97,98,99,100,101,102,103,104,105,107,108,109,110,118,119,120,121,122,123,124,125,126,127,128,129,130,131,132,134,141,142,143,144,146,148,149,150,151,152,153,154,164,165,166,167,170,171,172,173,174,175,176,188,190,191,192,194,195,198,205,207,209,210,211,212,214,215,216,217,218,219,220,221,222,228,229,231,232,233,234,237,238,239,240,241,242,245,247,249,250,253,254,255,259,261,262,263,264,267,268,269,270,271,272,275,276,278,280,283,284,285,286,296,297,299,300,305,306,307,308,312,313,314,318,320,322,328,329,330
457,457,148
18,19,20,21,22,38,39,40,41,42,43,44,45,55,56,57,58,59,60,61,62,63,64,65,66,76,77,78,80,81,82,83,84,85,86,87,88,97,123,124,125,126,127,128,129,130,131,132,140,141,142,143,144,146,148,149,150,151,152,153,154,164,165,166,167,170,171,172,173,175,176,188,190,191,192,194,196,197,198,205,209,210,211,212,214,215,216,217,218,219,220,221,222,224,227,228,231,232,233,234,237,238,239,240,241,242,245,247,248,249,250,251,253,254,255,259,261,262,263,264,267,269,270,271,272,273,275,276,278,279,280,283,284,285,286,288,290,291,292,306,313,322,323,326,327,328,329,330
502,502,140
38,39,40,41,42,65,66,77,78,80,81,82,83,84,85,86,87,88,98,99,100,102,103,104,105,107,108,109,110,119,120,121,122,123,124,125,126,127,128,129,130,131,138,140,141,142,143,144,145,146,147,148,149,150,151,152,153,154,160,164,165,166,167,170,171,172,173,175,176,186,187,188,190,191,192,194,196,197,198,209,211,212,214,215,216,218,219,220,222,227,233,238,240,241,242,249,250,254,255,258,259,261,262,263,264,269,270,271,272,275,276,278,279,280,283,284,285,286,293,294,296,297,298,299,300,305,306,307,308,312,313,314,318,320,321,322,327,328,329,330
148,148,136
18,19,20,21,22,23,58,60,65,66,77,78,79,80,81,83,84,85,86,87,97,99,100,101,102,103,105,107,108,109,110,120,121,122,123,124,125,126,127,128,129,130,131,140,141,142,143,144,145,146,147,148,149,150,151,152,153,154,164,165,166,167,170,171,172,173,174,175,176,186,187,188,192,194,195,196,197,198,207,209,211,212,214,215,216,218,219,220,231,233,236,238,240,241,242,246,249,250,254,255,258,259,262,263,264,270,271,272,275,276,278,279,280,284,285,286,293,295,297,298,299,300,305,306,307,308,314,318,319,320,321,322,327,328,329,330
109,109,131
19,20,23,38,39,41,42,43,44,59,60,65,66,75,78,80,81,83,84,85,86,87,99,100,101,102,103,105,106,107,108,109,121,122,123,124,125,126,127,128,129,130,131,143,144,145,146,147,148,149,150,151,152,153,154,164,165,166,167,170,171,172,173,174,175,176,186,187,188,189,192,193,194,195,196,197,198,208,209,211,214,215,216,217,218,221,234,236,238,240,241,242,249,250,251,254,255,258,259,262,263,264,271,272,275,276,278,279,280,284,285,286,297,298,299,300,301,302,305,306,307,308,314,316,318,319,320,321,322,329,330
162,162,116
65,66,75,80,81,83,84,85,86,87,88,100,101,102,103,105,106,107,108,109,121,122,123,124,125,126,127,128,129,130,131,143,144,145,146,147,148,149,150,151,152,153,154,165,166,167,170,197,198,199,204,208,209,211,214,215,216,217,218,219,220,221,228,234,236,238,240,241,242,249,250,253,254,255,258,259,262,263,264,266,267,268,271,272,275,276,278,279,280,284,285,286,293,294,296,297,298,299,300,301,302,305,306,307,308,314,316,318,319,320,321,322,327,328,329,330
407,407,147
3,38,39,40,41,42,43,44,52,60,61,65,66,76,81,83,84,85,86,87,97,100,101,102,103,104,105,106,107,108,109,121,122,123,124,125,126,127,128,129,130,131,143,144,145,146,147,148,149,150,151,152,153,154,165,166,167,168,170,171,172,173,174,175,176,186,187,188,189,190,191,192,193,194,195,196,197,198,199,204,207,208,209,210,211,212,214,215,216,217,218,219,220,221,230,232,233,234,236,241,242,249,250,254,255,258,259,263,264,271,272,275,276,278,279,280,281,284,285,286,287,293,294,295,296,297,298,299,300,301,302,305,306,307,308,314,315,316,318,319,320,321,322,327,328,329,330
519,519,140
8,11,16,17,18,19,20,21,22,37,38,39,40,41,42,43,44,57,60,61,62,63,64,65,66,81,84,85,86,87,90,97,103,104,105,106,107,108,109,122,123,124,125,126,127,128,129,130,131,143,144,145,146,147,148,149,150,151,152,153,154,165,166,167,168,170,171,172,173,174,175,176,177,187,188,189,190,191,192,193,194,195,196,197,198,207,208,209,210,211,212,214,215,217,218,219,220,221,229,230,231,232,233,234,236,241,242,244,249,250,254,255,258,259,263,264,271,272,276,278,279,280,281,284,285,286,287,293,294,295,296,297,298,299,300,301,327,328,329,330
192,192,140
11,17,37,38,39,40,41,42,43,44,60,61,65,66,75,84,85,86,87,88,103,104,105,106,107,108,109,120,122,123,124,125,126,127,128,129,130,131,141,144,145,146,147,148,149,150,151,152,153,154,165,166,167,168,170,171,172,173,174,175,176,187,188,189,191,192,193,194,195,196,197,198,208,209,210,211,212,214,215,216,217,218,219,220,221,222,228,229,230,231,232,233,234,236,237,238,241,242,243,244,250,253,254,255,258,259,263,264,271,272,276,278,279,280,281,284,285,286,287,288,290,293,298,299,300,301,302,305,306,307,308,313,314,315,316,318,319,320,321,322
161,161,133
3,9,11,12,14,15,37,38,39,40,41,42,43,44,52,60,61,62,63,64,65,66,76,84,85,86,87,88,103,104,105,106,107,108,109,119,120,125,126,127,128,129,130,131,141,144,145,146,147,148,149,150,151,152,153,154,158,165,166,167,168,169,170,171,172,173,174,175,176,187,188,189,191,192,193,194,195,196,197,198,199,205,208,209,210,211,212,214,215,216,218,219,220,221,222,226,228,229,230,231,232,233,234,236,237,238,241,242,244,250,251,253,254,255,258,259,263,264,271,272,276,278,279,280,281,284,285,286,288,327,328,329,330
424,424,145
5,9,11,12,16,17,35,39,40,41,42,43,44,60,61,62,63,64,65,66,84,85,86,87,88,97,98,99,103,104,105,106,107,108,109,120,125,126,127,128,129,130,131,132,134,141,144,145,146,147,148,149,150,151,152,153,154,166,167,168,169,170,171,172,173,174,175,176,187,188,189,192,193,194,195,196,197,198,199,209,210,211,212,214,215,216,217,218,219,220,221,222,227,229,230,231,232,233,234,236,237,238,241,242,244,250,251,252,253,254,255,258,259,263,264,271,272,276,278,279,280,281,285,286,288,293,294,306,307,310,311,312,314,315,316,318,319,320,321,322,323,327,328,329,330
98,98,135
5,12,13,16,17,19,20,21,22,37,38,41,42,43,44,62,63,64,65,66,84,85,86,87,88,95,98,103,104,105,106,107,108,109,110,120,124,125,126,127,128,129,130,131,141,142,145,146,147,148,149,150,151,152,153,154,166,167,168,169,170,171,172,173,174,175,187,188,189,192,193,194,195,196,197,198,199,209,210,211,212,214,215,216,217,218,219,220,221,222,230,231,232,233,234,236,237,238,241,242,243,244,251,252,253,254,258,259,263,264,266,272,278,279,280,281,285,286,288,293,294,298,299,300,301,302,303,306,307,308,314,327,328,329,330
375,375,150
5,7,16,17,18,19,20,21,22,30,31,35,37,38,40,41,42,43,44,61,62,63,64,65,66,77,84,85,86,87,88,101,104,106,107,108,109,124,125,127,128,129,130,131,145,146,147,148,149,150,151,152,153,154,166,167,168,169,170,171,172,173,174,175,188,189,192,193,194,195,196,197,198,199,205,209,210,211,214,215,216,217,218,220,221,222,230,231,232,233,234,236,237,238,239,242,243,244,245,251,252,253,254,258,259,263,264,266,273,274,275,276,278,279,280,281,285,286,288,293,294,295,296,297,298,299,300,301,302,303,304,305,306,307,308,314,315,316,318,319,320,321,322,323,324,325,327,328,329,330
71,71,144
5,15,16,17,18,19,20,21,35,37,38,39,40,41,42,43,44,55,59,61,62,63,64,65,66,77,78,84,85,86,87,88,99,100,101,106,107,108,109,124,125,127,128,129,130,131,132,144,145,146,147,148,149,150,151,152,153,154,166,167,168,169,170,171,172,173,174,175,177,188,189,190,192,193,194,195,196,197,200,209,210,211,214,215,216,217,218,220,230,231,232,233,234,236,237,238,239,242,243,244,251,252,253,254,258,259,260,264,266,267,271,273,274,275,276,278,279,280,281,285,286,288,293,296,298,299,300,301,302,303,306,307,308,312,315,316,320,321,322,323,327,328,329,330
120,120,138
5,9,10,12,13,15,16,17,18,19,20,21,36,37,38,39,40,41,42,43,44,50,55,57,58,59,60,61,63,64,65,66,76,77,78,80,81,84,85,86,87,88,100,101,102,106,107,108,109,125,127,128,129,130,131,133,146,147,148,149,150,151,152,153,154,166,167,168,169,170,171,172,173,174,175,187,188,189,190,192,193,194,195,196,197,209,210,211,214,215,216,217,218,219,220,228,230,231,232,233,234,236,237,238,239,240,242,243,244,249,252,253,254,258,259,260,264,265,266,267,271,272,274,275,276,278,279,280,281,282,285,286,293,296,325,328,329,330
70,70,138
5,17,18,19,20,21,38,39,40,41,42,43,44,50,55,57,58,59,60,61,63,64,65,66,76,77,78,79,80,81,83,85,86,87,88,100,101,102,106,107,108,109,122,125,127,128,129,130,131,146,147,148,149,150,151,152,153,154,167,168,169,170,171,172,173,174,175,176,188,189,190,192,193,194,195,196,197,198,200,209,210,211,214,215,216,217,218,219,220,221,222,230,231,232,233,234,236,237,238,239,240,242,243,249,252,253,254,255,256,258,259,260,264,265,266,267,271,272,275,276,278,279,280,281,282,285,286,287,293,315,316,322,323,324,325,328,329,330
31,31,134
5,34,35,36,38,65,66,76,77,78,79,80,81,83,85,86,87,88,99,100,101,102,106,107,108,109,122,124,125,127,128,129,130,131,132,145,146,147,148,149,150,151,152,153,154,167,168,169,170,171,172,173,174,175,176,179,188,189,190,192,193,194,195,196,200,210,211,214,215,216,217,218,219,231,232,233,234,236,237,238,239,240,242,245,249,251,252,253,254,255,256,258,259,260,264,265,266,267,271,272,273,275,276,278,279,280,281,282,285,286,288,295,296,297,298,299,300,301,302,303,304,306,307,308,309,311,315,316,319,320,321,322,329,330
69,69,134
5,12,13,15,16,17,18,19,20,38,39,40,41,42,43,44,50,53,54,59,60,61,63,64,65,66,75,76,77,78,79,80,81,82,83,85,86,87,88,98,100,101,102,106,107,108,109,122,124,125,127,128,129,130,131,146,147,148,149,150,151,152,153,154,166,168,169,170,171,172,173,174,175,176,187,189,190,192,193,194,195,196,197,198,210,211,212,214,215,216,217,218,219,231,232,233,234,236,237,238,239,240,242,244,253,254,255,256,258,259,260,261,264,265,266,267,271,272,273,274,275,276,278,279,280,281,282,285,286,289,325,328,329,330
38,38,131
11,38,39,40,41,42,43,44,50,53,55,59,61,63,64,65,66,76,77,78,79,80,81,82,83,85,86,87,88,100,101,102,103,104,106,107,108,109,110,120,122,124,127,128,129,130,131,144,146,147,148,149,150,151,152,153,154,168,169,170,171,172,173,174,175,176,189,190,191,192,193,194,197,198,200,201,209,210,211,214,215,216,217,218,219,220,222,232,233,234,236,237,238,239,240,241,242,244,253,254,255,256,257,258,259,260,261,263,264,266,267,272,273,275,276,278,279,280,281,282,285,286,287,289,293,307,308,315,328,329,330
22,22,130
18,34,35,36,37,38,39,40,41,42,65,66,76,77,78,79,80,81,82,83,85,86,87,88,99,100,101,102,103,104,106,107,108,109,110,120,122,123,124,127,128,129,130,131,144,145,146,147,148,149,150,151,152,153,154,156,168,169,170,171,172,173,174,175,176,188,189,192,195,211,214,215,216,217,218,219,220,232,233,234,236,237,238,239,240,241,242,243,245,251,253,254,255,256,257,258,259,260,261,263,264,266,267,272,275,276,278,279,280,281,282,286,287,288,299,300,301,302,303,304,307,308,311,315,316,318,319,320,321,322
83,83,134
5,12,13,15,16,17,38,39,40,41,42,43,44,50,56,57,58,59,60,61,63,64,65,66,73,78,79,80,81,82,83,85,86,87,88,101,102,106,107,108,109,110,120,125,127,128,129,130,131,144,145,146,147,148,149,150,151,152,153,154,166,167,169,170,171,172,173,174,175,176,187,190,192,193,194,195,198,205,211,212,214,215,216,217,218,219,220,231,232,233,234,236,237,238,239,240,241,242,253,254,255,256,257,258,259,260,261,263,264,265,266,267,271,272,274,275,276,278,279,280,281,282,283,286,289,304,309,311,315,316,318,328,329,330
90,90,136
5,11,12,13,15,16,17,18,19,39,40,41,42,43,44,50,56,57,58,59,60,63,64,65,66,73,75,77,78,79,81,85,86,87,88,103,106,107,108,109,110,120,122,125,128,129,130,131,144,145,146,147,148,149,150,151,152,153,154,166,167,169,170,171,172,173,174,175,176,187,190,192,193,194,195,196,197,198,209,210,211,212,214,215,216,217,218,219,220,223,233,234,236,237,238,239,240,241,242,244,254,255,256,258,259,260,261,263,264,265,266,267,275,276,278,279,280,281,282,283,286,289,294,297,298,299,301,302,303,304,323,324,325,328,329,330
319,319,143
11,12,13,16,17,18,19,20,21,22,27,28,32,34,35,39,40,41,42,43,44,50,54,58,60,63,64,65,66,68,73,75,76,77,78,79,81,85,86,87,88,98,100,103,106,107,108,109,110,120,121,122,125,129,130,131,142,144,145,146,147,148,150,151,152,153,154,166,167,168,169,171,172,173,174,175,176,187,188,189,190,192,193,194,195,196,197,198,201,209,212,214,215,216,217,218,219,220,233,234,236,237,238,239,240,241,242,245,254,255,256,257,258,259,260,261,263,264,265,267,268,275,276,278,279,280,281,282,283,286,287,288,289,294,295,297,298,299,325,326,328,329,330
318,318,138
6,11,20,21,22,39,40,41,42,43,44,50,51,58,60,61,63,64,65,66,73,75,76,77,78,79,82,83,85,86,87,88,96,97,98,99,100,101,102,103,104,105,107,108,109,110,111,120,121,122,123,124,125,126,129,130,131,132,142,144,145,146,147,150,151,152,153,154,166,167,168,169,171,172,173,174,175,176,187,188,189,192,193,195,196,198,209,212,214,215,216,217,218,219,220,232,233,234,236,237,238,239,240,241,242,254,255,256,258,259,260,261,263,264,265,267,268,272,276,278,279,280,281,282,283,286,287,289,294,300,301,302,307,310,311,328,329,330
89,89,142
11,12,13,15,16,17,18,19,20,21,22,27,28,32,35,36,37,38,39,40,41,42,43,44,50,51,55,57,58,59,60,61,63,64,65,66,73,75,76,77,78,85,86,87,88,96,97,98,99,100,101,102,107,108,109,110,120,121,122,123,124,125,129,130,131,132,144,145,146,147,151,152,153,154,166,167,168,169,171,172,173,174,175,176,181,188,189,192,193,194,195,196,197,198,210,211,212,214,215,216,217,218,219,220,233,234,236,237,238,239,240,241,242,255,256,258,259,260,261,263,264,265,267,276,278,279,281,282,283,285,286,287,289,294,298,299,300,301,325,326,329,330
310,310,145
11,12,15,16,18,34,35,37,38,39,40,41,42,43,44,50,51,58,60,61,63,64,65,66,73,75,76,77,78,79,81,82,86,87,88,96,97,98,99,100,101,102,107,108,109,110,120,121,122,123,125,129,130,131,132,144,145,146,147,148,151,152,153,154,165,166,167,168,169,171,172,173,174,175,176,188,189,192,193,194,195,196,197,198,210,211,212,214,215,216,217,218,219,220,234,236,237,238,239,240,241,242,243,255,256,258,259,260,261,262,263,264,265,266,267,276,278,279,280,281,282,283,285,286,287,288,289,290,294,298,299,300,301,302,303,304,305,307,309,320,321,322,326,329,330
572,572,134
1,20,21,22,27,34,35,37,39,43,60,65,66,73,75,76,77,78,79,80,83,86,87,88,96,97,98,99,100,101,102,103,107,108,109,110,120,121,122,123,124,125,126,129,130,131,132,144,145,146,147,148,151,152,153,154,166,167,168,169,173,174,175,176,188,189,192,193,194,195,196,198,210,211,214,215,216,217,218,219,220,232,234,236,237,238,239,240,241,242,248,254,255,256,257,258,259,260,261,262,263,264,267,268,270,276,278,279,280,281,282,283,285,286,287,288,298,299,300,301,302,303,304,305,307,308,311,312,316,320,321,322,329,330
302,302,145
23,34,35,36,39,40,41,42,43,44,51,55,57,58,59,60,61,63,64,65,66,73,75,76,77,78,81,82,83,86,87,88,96,97,98,99,100,101,102,103,104,105,106,108,109,110,120,121,122,123,124,125,126,129,130,131,132,144,145,146,147,148,151,152,153,154,166,167,168,169,173,174,175,176,188,189,190,192,193,194,195,196,197,198,210,211,214,215,216,217,218,219,220,228,232,233,234,236,237,238,239,240,241,242,254,256,258,259,260,261,262,263,267,268,269,271,278,279,280,281,282,283,284,285,286,287,288,289,298,299,300,301,302,303,304,305,307,312,316,318,320,321,322,329,330
33,33,125
25,34,35,36,65,66,73,75,76,77,78,79,80,81,83,86,87,88,97,98,99,100,101,102,103,104,105,108,109,110,120,121,122,123,124,125,126,130,131,132,144,145,146,147,148,151,152,153,154,166,167,168,169,173,174,175,176,188,189,190,193,194,198,210,211,212,214,215,216,217,218,219,220,232,233,234,236,237,238,239,240,241,242,244,245,246,256,258,259,260,261,262,263,265,266,267,278,279,281,282,283,284,286,287,288,294,295,298,299,300,301,302,303,304,305,306,307,310,312,318,320,321,322,329,330
2,2,135
3,4,5,6,10,11,12,13,15,16,17,18,19,20,21,22,26,29,32,33,34,35,36,37,38,39,40,41,42,43,44,50,51,56,58,59,60,61,63,64,65,66,73,80,81,83,86,87,88,102,103,104,105,107,108,109,110,125,126,128,130,131,132,147,148,151,152,153,154,173,174,175,176,178,194,195,196,197,198,215,216,217,218,219,220,236,237,238,239,240,241,242,244,245,259,260,261,262,263,264,265,266,270,278,279,281,282,283,284,287,288,296,299,300,301,302,303,304,305,306,307,309,310,311,312,317,321,322,323,324,325,326,327,329,330
464,464,144
5,6,10,11,12,13,18,19,20,21,22,26,27,28,29,34,35,36,40,41,42,43,44,51,54,56,57,58,59,61,63,64,65,66,77,80,81,83,84,86,87,88,99,104,105,107,108,109,110,124,126,127,128,129,130,131,132,134,143,146,147,148,150,152,153,154,167,171,173,174,175,176,191,194,195,196,197,198,200,203,204,211,215,216,217,218,219,220,224,229,236,237,238,239,240,241,242,243,250,257,259,260,261,262,263,264,265,268,270,271,274,278,279,281,282,283,284,286,287,288,290,291,299,300,301,302,303,304,305,306,307,309,310,311,312,314,321,322,323,324,325,326,327,329
9,9,143
3,4,5,6,9,10,11,12,13,17,18,19,20,21,22,32,34,35,36,41,42,43,44,56,57,58,59,61,63,64,65,66,80,81,83,86,87,88,102,103,105,106,107,108,109,110,120,121,124,126,127,128,129,130,131,132,143,149,150,151,152,153,154,167,168,170,171,172,173,174,175,176,194,195,196,197,198,199,204,205,215,216,217,218,219,220,226,234,237,238,239,240,241,242,247,251,255,256,259,260,261,262,263,264,267,269,271,279,280,281,282,283,284,285,286,287,288,289,292,300,301,302,303,304,305,306,307,309,310,311,312,313,314,315,321,322,323,324,325,326,327,328,329
1,1,141
5,11,12,13,19,20,21,22,26,27,28,33,34,35,36,41,42,43,44,49,51,55,56,58,59,61,62,63,64,65,66,77,81,86,87,88,100,102,103,104,105,106,107,108,109,110,120,122,123,124,126,127,129,130,131,132,143,144,145,146,147,148,149,151,152,153,154,166,167,173,174,175,176,188,194,195,196,197,198,206,215,216,217,218,219,220,229,237,238,239,240,241,242,249,252,259,260,261,262,263,264,267,269,271,279,280,281,282,283,284,285,286,287,288,289,290,291,292,296,300,301,302,303,304,305,306,307,308,309,310,312,313,317,320,322,323,324,325,326,327,329
569,569,144
5,6,10,11,12,13,17,18,19,20,21,22,26,27,28,31,33,34,35,36,40,41,42,43,44,57,58,59,61,63,64,65,66,69,72,80,81,86,87,88,104,105,106,107,108,109,110,120,121,124,126,129,130,131,132,142,144,145,146,147,148,149,150,151,152,153,154,166,167,168,171,173,174,175,176,193,194,195,196,197,198,202,208,209,212,214,215,216,217,218,219,220,221,230,237,238,239,240,241,243,246,259,260,261,262,263,266,267,269,271,279,281,282,283,284,285,287,288,290,291,292,293,299,300,301,302,303,304,305,306,307,309,310,311,312,313,314,317,322,323,324,325,326,327
432,432,143
3,4,5,6,9,10,11,12,13,18,19,20,21,22,26,27,28,34,35,36,40,41,42,43,44,49,50,51,56,57,58,59,63,64,65,66,74,76,77,80,81,82,84,85,86,87,88,104,105,106,107,108,109,110,115,120,124,125,126,127,129,130,131,132,142,150,151,152,153,154,168,169,170,172,173,174,175,176,190,191,194,195,196,197,198,212,214,215,216,217,218,219,220,224,234,237,238,239,240,241,242,247,250,259,260,261,262,263,264,266,269,271,280,281,282,283,284,285,287,288,289,290,291,292,293,301,302,303,304,305,306,310,311,312,313,314,322,323,324,325,326,327,328
561,561,140
4,9,11,12,14,17,19,20,21,22,26,27,28,29,33,34,35,36,41,42,43,44,49,58,59,63,64,65,66,74,77,80,81,86,87,88,101,102,103,105,106,107,108,109,110,120,122,124,126,127,129,130,131,132,143,144,145,146,147,148,149,150,151,152,153,154,166,167,169,172,173,174,175,176,189,190,191,193,194,195,196,197,198,209,211,214,215,216,217,218,219,220,224,231,237,238,239,240,241,242,253,259,260,261,262,263,264,280,281,282,283,284,285,287,288,290,291,292,293,294,295,301,302,303,304,305,306,307,310,311,312,313,314,317,322,323,324,325,326,327
191,191,140
4,5,6,11,12,19,20,21,22,26,27,28,34,35,40,41,42,43,44,49,50,51,57,58,59,61,63,64,65,66,72,79,80,81,83,84,86,87,88,101,102,104,105,107,108,109,110,123,124,126,127,128,129,130,131,132,143,144,145,146,147,148,149,150,151,152,153,154,167,168,169,171,172,173,174,175,176,188,189,190,191,193,194,195,196,197,198,215,216,217,218,219,220,229,237,238,239,240,241,242,246,251,252,259,260,261,262,263,264,265,268,273,281,282,283,284,285,287,288,289,291,294,301,302,303,304,305,306,310,311,313,314,315,316,323,324,325,326,327,328
174,174,142
5,6,10,11,12,13,17,18,19,20,21,22,26,27,28,29,33,34,35,40,41,42,43,44,49,50,51,56,58,59,61,63,64,65,66,80,81,83,84,86,87,88,102,104,105,107,108,109,110,115,124,125,126,127,129,130,131,132,137,144,149,150,151,152,153,154,166,168,169,171,172,173,174,175,176,179,193,194,195,196,197,198,202,209,211,212,214,215,216,217,218,219,220,225,229,232,238,239,240,241,242,251,259,260,261,262,263,264,281,282,283,284,285,287,288,289,291,294,295,296,297,301,302,303,304,305,306,310,311,312,313,314,315,316,317,319,323,324,325,326,327,328
553,553,136
9,11,12,13,14,17,18,19,20,21,22,30,32,34,35,36,37,40,41,42,43,44,48,54,55,56,58,59,61,63,64,65,66,71,74,76,77,78,79,80,81,82,83,84,85,86,87,88,96,101,102,103,105,106,107,108,109,110,119,120,122,124,125,126,127,128,129,130,131,132,142,147,148,149,150,151,153,154,171,172,175,176,180,194,195,197,198,218,219,220,223,225,231,240,241,242,247,251,261,262,263,264,267,281,282,283,284,285,286,287,288,289,291,292,294,295,302,303,304,305,306,308,309,310,311,312,313,316,317,323,324,325,326,327,328,329
173,173,139
1,3,5,6,7,9,10,11,12,13,14,15,17,19,20,21,22,27,28,29,30,32,34,35,36,37,41,42,43,44,48,50,52,57,58,63,64,65,66,71,72,73,76,79,80,81,85,86,87,88,96,102,103,104,105,107,108,109,110,119,120,123,124,126,130,131,132,136,143,148,149,151,152,153,154,167,170,171,173,174,175,176,180,188,189,191,194,196,197,198,209,216,217,218,219,220,231,237,238,239,240,241,242,260,261,262,263,264,274,279,281,282,283,284,285,286,292,295,296,302,303,304,306,307,310,311,312,313,314,316,317,318,323,324,325,326,327,328,329
131,131,135
1,5,6,7,8,9,10,11,12,13,14,18,19,20,21,22,26,27,28,30,32,33,34,35,40,41,42,43,44,48,49,50,52,57,62,63,64,65,66,71,72,73,80,83,85,86,87,88,104,105,107,108,110,111,120,123,126,127,128,129,131,132,142,143,145,148,149,150,151,153,154,165,168,170,172,175,176,189,190,191,192,193,194,196,197,198,212,214,216,217,218,219,220,225,231,232,234,236,237,238,239,240,241,242,244,252,253,259,260,261,262,263,264,269,274,279,282,283,284,285,286,296,301,306,307,312,313,314,316,318,324,325,326,328,329
400,400,132
4,5,6,7,10,11,12,17,20,21,22,26,27,29,32,39,42,43,44,48,49,50,52,56,57,58,59,60,63,64,65,66,70,71,72,73,74,77,78,79,80,82,83,85,86,87,88,96,97,98,106,107,108,109,110,119,120,121,122,125,126,130,132,143,146,148,151,153,154,166,168,171,174,175,176,190,192,193,194,197,198,208,209,214,216,218,219,220,231,232,234,236,237,238,239,240,241,242,244,251,252,254,255,256,259,260,261,262,263,264,273,275,277,279,281,283,284,285,294,295,299,301,304,305,306,307,310,326,327,328,329,330
410,410,127
1,4,5,6,7,10,11,12,13,15,18,19,20,21,22,26,27,32,34,35,37,41,42,43,44,45,48,49,50,52,60,63,64,65,66,70,71,72,80,81,82,85,86,87,88,94,96,97,102,103,104,107,108,109,110,119,120,121,123,125,126,127,128,129,130,132,142,143,148,149,151,154,166,167,170,171,175,176,188,189,191,193,194,197,198,201,211,212,213,215,216,218,219,220,234,236,239,240,241,242,251,252,254,257,259,261,262,263,264,272,274,276,277,280,281,282,283,284,285,286,299,301,304,306,327,328,329
113,113,133
1,3,4,5,6,7,10,11,12,13,19,20,21,22,26,27,28,30,32,34,35,38,41,42,43,44,45,47,49,50,52,63,64,65,66,70,71,72,73,74,75,79,80,81,83,85,86,87,88,94,95,96,97,98,99,103,104,105,106,107,108,110,119,120,121,123,124,126,127,129,132,142,143,144,147,148,149,154,166,167,168,172,175,176,188,189,192,194,197,198,212,215,216,218,219,220,231,232,234,236,237,239,240,241,242,251,252,255,257,259,261,262,263,264,273,274,277,279,282,283,284,285,286,303,305,306,308,309,323,324,325,326,327
96,96,132
3,4,5,6,7,10,11,12,18,19,20,21,22,26,27,28,30,31,32,41,42,43,44,45,50,51,56,57,58,59,63,64,65,66,70,71,73,74,75,76,80,82,83,86,87,88,93,94,96,97,102,105,107,108,109,110,119,120,121,122,124,126,128,129,130,132,141,142,143,144,145,146,148,149,150,151,152,153,154,165,166,167,168,170,171,172,176,188,190,192,193,194,197,198,211,213,214,215,216,219,220,230,231,234,236,237,239,240,241,242,251,253,259,261,262,263,264,274,275,282,283,284,285,286,302,304,305,307,308,324,326,328
566,566,138
3,4,6,7,11,12,13,15,16,20,21,22,26,31,32,34,35,36,37,38,41,42,43,44,45,49,50,52,57,58,60,64,65,66,70,71,72,73,74,75,80,81,83,86,87,88,92,94,95,96,98,100,101,102,103,104,105,106,107,108,109,117,119,120,121,122,124,127,129,130,131,132,143,144,145,147,148,149,151,152,154,164,165,166,167,171,172,173,176,188,189,190,192,193,194,197,198,211,212,213,214,215,216,217,218,219,220,230,234,237,240,241,242,251,252,253,259,261,262,264,274,275,281,283,285,286,298,299,302,303,304,305,306,307,308,324,327,328
187,187,135
4,5,6,7,10,12,13,18,19,20,22,24,25,26,27,28,29,31,32,35,41,42,43,44,45,48,49,50,51,57,60,63,64,65,66,70,71,73,74,81,85,86,87,88,92,93,94,95,96,97,98,99,102,103,104,105,106,107,108,109,110,117,119,120,121,122,124,125,126,127,128,129,130,131,141,142,143,144,148,149,150,151,152,153,154,164,165,166,167,170,171,172,173,175,176,188,189,191,192,194,197,198,214,215,216,219,220,236,237,238,240,241,242,252,253,259,261,262,263,274,275,276,277,283,285,286,298,302,305,306,307,321,325,326,327
15,15,138
1,2,4,5,6,7,8,9,10,13,14,19,20,21,22,24,25,27,28,29,30,31,32,33,39,42,43,44,48,51,53,58,59,64,65,66,71,73,74,75,82,83,85,86,87,88,92,93,94,95,96,97,98,99,102,103,104,105,107,108,109,110,116,117,118,120,121,122,125,126,128,129,130,131,132,140,141,142,143,144,145,148,149,150,151,152,153,154,164,165,166,167,172,173,174,176,188,189,190,192,194,197,198,211,216,219,220,234,238,240,241,242,252,253,262,263,264,273,274,275,276,277,284,285,286,297,298,299,304,305,306,307,319,320,321,327,328,329
144,144,144
1,2,3,4,5,6,7,8,9,12,13,14,16,20,21,22,24,25,26,27,28,29,30,32,33,34,35,36,39,44,48,49,50,51,52,53,56,57,58,65,66,71,72,73,74,79,80,81,83,87,88,94,95,96,97,98,99,102,103,104,105,106,108,109,110,115,116,117,118,119,120,121,122,123,125,126,127,128,129,131,132,141,142,143,144,147,148,149,150,153,154,165,166,167,168,169,170,171,175,176,188,189,192,193,198,210,211,212,216,218,219,220,234,240,241,242,250,252,253,255,256,262,263,264,273,274,275,276,277,284,285,297,298,299,304,305,306,307,309,321,326,327,328,329
370,370,131
1,3,4,5,6,7,8,9,10,11,12,13,17,19,20,22,24,25,26,27,28,29,30,32,39,43,44,48,49,50,51,52,53,55,56,60,61,64,65,66,72,74,76,79,80,81,83,84,87,88,94,95,96,97,98,99,102,103,104,105,109,110,115,116,117,118,119,120,121,125,126,127,129,131,132,141,142,143,144,148,149,150,151,154,164,165,166,169,172,174,176,188,189,192,194,195,196,197,198,211,212,216,217,218,219,220,241,255,261,262,263,264,272,273,274,275,276,284,285,297,298,304,307,320,321,322,325,326,327,328,329
389,389,138
1,3,5,6,7,8,9,10,12,20,22,24,25,26,28,29,30,31,32,33,39,40,44,51,52,53,55,56,57,58,59,61,65,66,71,73,74,75,76,79,80,81,82,83,88,96,97,98,102,103,104,105,106,110,115,116,117,118,119,120,121,122,125,126,127,128,129,132,139,140,141,142,143,144,146,147,148,149,150,154,164,165,166,167,169,170,171,172,176,186,188,189,190,193,197,198,211,212,213,214,218,219,220,234,236,237,238,239,240,241,242,247,261,262,263,264,273,274,275,276,277,281,282,283,284,285,286,297,298,299,304,306,307,308,320,321,322,329
46,46,135
1,3,4,5,6,7,8,10,12,15,16,17,19,21,22,23,24,26,30,31,32,33,34,35,36,39,42,43,44,48,50,51,52,53,54,57,59,60,62,65,66,68,71,72,73,74,75,77,79,80,81,83,84,86,88,94,95,96,97,98,102,103,104,105,109,110,115,117,118,119,120,121,125,126,128,129,140,141,142,143,144,146,147,148,149,150,153,154,164,165,166,167,168,173,175,176,188,189,197,198,211,212,213,214,216,217,218,219,220,234,237,238,240,241,242,261,262,263,274,275,276,277,278,281,282,283,284,286,296,297,304,305,306,320,321
353,353,142
1,2,3,4,5,6,7,8,9,10,12,16,21,22,23,24,26,27,29,30,31,32,34,35,36,39,44,48,49,50,51,52,53,55,61,65,66,74,75,76,80,81,82,83,84,88,90,94,95,97,98,102,103,104,105,106,110,115,117,118,119,120,121,125,126,127,128,130,140,141,142,143,144,145,148,149,151,154,164,165,166,168,171,172,174,175,176,186,188,189,190,192,198,209,211,212,213,217,218,219,220,234,235,236,237,238,239,240,241,242,261,262,263,264,274,275,276,280,281,282,283,284,286,295,296,297,298,299,304,305,306,307,308,309,319,320,321,325,326,327,328,329
365,365,129
1,3,4,6,7,8,10,11,19,20,21,22,23,24,25,26,27,28,30,31,32,33,39,42,43,44,49,50,51,52,53,56,57,58,59,64,65,66,68,72,73,75,76,77,78,80,81,82,83,84,86,87,88,90,94,96,97,98,103,104,105,106,110,117,118,119,120,121,125,126,127,130,140,141,142,143,144,147,148,149,151,152,153,164,165,166,168,176,186,188,189,195,198,209,211,212,213,219,220,224,234,236,241,242,260,261,262,263,281,282,283,284,285,286,295,296,297,298,299,304,305,307,319,320,321,325,327,328,329
78,78,142
1,2,3,5,6,7,8,10,11,14,20,21,22,23,24,25,26,27,28,30,31,32,33,35,39,40,44,48,50,51,52,53,54,57,58,59,65,66,68,72,73,74,75,77,79,80,81,82,84,87,88,90,94,95,96,97,98,102,103,104,105,106,110,117,118,119,120,121,125,126,127,128,129,130,132,138,140,141,142,143,144,146,147,148,149,150,151,152,154,164,165,166,167,172,173,176,188,189,198,209,211,212,213,216,218,219,220,234,235,236,239,240,241,242,260,261,262,263,264,278,281,282,283,284,285,286,287,295,297,299,304,305,306,307,318,319,320,321,322,325,327,328
337,337,140
1,2,3,4,5,6,7,8,9,10,11,12,16,17,20,21,22,24,25,26,27,28,30,31,32,33,34,35,37,38,39,42,44,49,50,51,53,54,55,61,62,65,66,74,76,80,81,82,83,84,87,88,94,95,97,98,99,102,103,104,105,106,109,110,116,117,118,119,120,121,126,127,128,131,139,140,141,142,143,144,148,149,150,151,153,163,164,165,166,168,172,173,174,176,188,189,190,198,209,211,212,213,216,218,219,220,234,236,237,239,240,241,242,259,260,261,262,263,264,280,281,282,283,284,285,303,304,305,306,307,308,319,320,321,325,326,327,328,329,330
61,61,130
1,2,3,4,5,6,7,8,9,10,17,20,21,22,23,24,25,26,27,28,29,30,31,32,40,43,44,49,50,51,53,54,57,62,64,65,66,72,73,74,76,77,80,82,83,84,87,88,94,95,96,97,98,99,102,104,105,106,109,110,117,118,119,120,121,122,124,126,127,128,129,130,131,140,141,142,143,144,145,147,148,149,150,151,154,162,163,164,165,166,168,169,170,171,173,174,175,186,188,190,192,193,194,195,196,208,209,213,214,215,217,236,237,240,242,259,263,264,281,285,286,307,308,320,321,322,325,326,328,329
339,339,137
1,2,3,4,5,6,7,8,9,10,13,14,15,17,18,19,20,21,22,24,25,26,27,28,29,30,31,32,35,36,37,39,40,41,42,44,46,51,53,54,56,57,58,59,60,63,64,66,72,73,74,75,79,81,82,83,84,85,94,96,97,98,100,103,104,105,106,107,108,114,117,118,119,120,121,122,123,125,126,127,128,130,131,132,138,139,140,141,142,143,144,145,147,149,152,153,162,164,165,166,169,170,173,175,186,188,189,192,194,195,196,198,209,212,214,217,218,226,234,235,238,242,263,282,286,301,305,306,307,308,309,319,321,322,325,327,329
208,208,138
1,2,3,4,5,6,7,8,9,10,12,13,14,15,17,18,19,20,21,22,24,25,26,27,28,29,30,31,32,33,34,36,37,40,41,44,46,49,50,51,52,53,55,56,58,59,62,63,64,65,66,75,76,79,80,81,85,95,97,98,99,100,101,102,103,104,105,106,107,108,116,117,118,119,120,121,122,123,124,125,126,129,130,138,139,140,141,142,143,144,145,146,147,148,151,152,153,154,161,162,163,164,165,166,167,169,171,173,175,186,188,189,190,191,195,196,197,209,211,213,218,234,235,236,242,243,259,264,280,282,285,286,308,315,316,319,328,329
43,43,134
1,2,3,4,5,6,7,8,9,10,11,12,17,18,19,20,23,24,25,26,27,28,29,30,31,32,36,37,40,41,42,46,51,52,53,54,57,58,59,60,61,63,68,72,73,74,76,77,79,80,81,82,83,84,85,86,94,95,96,98,99,100,101,102,103,104,105,106,116,117,118,119,120,121,122,123,124,125,126,127,128,129,132,138,139,140,141,142,143,144,145,146,147,152,164,165,169,186,188,189,190,191,192,195,196,197,198,209,211,212,213,216,226,234,235,236,249,257,258,259,264,270,280,281,285,286,294,295,307,308,315,316,328,329
34,34,130
1,2,3,4,5,6,7,8,9,14,15,18,19,21,22,24,25,26,27,28,29,30,31,35,36,37,40,41,43,44,46,47,51,52,53,54,57,59,61,63,64,65,66,67,68,70,73,74,75,77,78,79,80,81,83,84,85,94,96,97,98,99,100,101,103,105,106,117,118,119,120,121,122,123,124,125,126,128,129,138,139,140,141,142,143,144,145,146,147,161,164,165,166,169,170,174,175,177,186,188,189,191,192,196,208,209,211,213,214,233,234,236,238,240,248,258,259,262,264,270,277,280,285,286,293,295,307,308,316,329
42,42,134
1,2,3,4,5,6,7,8,9,10,14,15,16,17,18,19,20,21,24,25,26,27,28,29,30,31,34,36,37,38,40,41,42,44,47,50,51,52,53,55,56,57,58,59,60,61,63,64,67,68,70,75,78,79,80,81,82,84,85,86,94,95,97,98,99,100,101,102,103,104,105,106,107,116,117,118,119,120,121,122,123,124,125,126,127,130,138,139,140,141,142,143,144,145,146,147,148,161,162,164,165,166,167,169,170,174,186,188,190,191,192,196,197,208,209,212,213,214,215,233,234,236,237,248,263,270,280,281,286,291,295,308,316,329
315,315,138
1,2,3,4,5,6,7,8,9,10,11,12,17,18,19,20,21,25,26,27,28,29,30,32,36,37,41,43,44,47,49,50,51,52,54,55,56,57,59,63,66,67,68,70,72,73,74,77,78,79,81,83,84,85,86,87,88,90,93,95,98,99,100,101,103,105,106,107,116,117,118,119,120,121,122,123,125,126,128,129,130,132,139,140,141,142,143,144,145,146,147,148,149,161,164,165,166,167,169,172,177,186,188,189,190,191,192,194,195,196,209,212,214,215,219,234,236,237,253,254,256,257,258,259,260,264,270,271,277,280,281,286,291,294,295,308,316,330
297,297,148
1,2,3,4,5,6,7,8,9,11,12,13,14,15,18,19,21,25,26,27,28,29,30,35,37,38,41,42,46,47,48,49,50,51,52,53,54,57,58,59,60,61,62,63,64,66,68,73,74,75,76,77,78,79,80,81,83,84,85,86,88,90,93,94,96,99,100,101,102,103,104,105,106,107,108,110,116,117,118,119,120,121,122,123,124,125,126,127,128,129,130,131,139,140,141,142,143,144,145,147,149,152,164,165,166,167,168,169,174,185,186,188,190,191,192,193,194,195,209,213,214,215,217,218,219,220,231,232,234,235,237,239,248,254,256,257,258,259,269,270,271,280,281,286,292,295,308,330
8,8,134
1,2,3,4,5,6,7,8,10,18,21,25,26,27,28,29,31,37,40,41,43,44,46,48,50,51,53,55,57,58,59,60,63,64,65,66,75,76,78,79,80,81,83,84,85,88,90,93,94,95,96,97,98,99,100,102,103,104,105,106,108,109,110,116,117,118,119,120,121,122,123,125,127,128,130,139,140,141,142,143,144,145,147,162,163,164,165,166,167,174,185,186,188,193,194,196,208,209,211,212,213,215,217,219,232,233,234,235,236,238,239,248,256,258,259,261,262,263,269,270,280,281,284,285,286,292,293,295,303,308,312,313,329,330
57,57,145
1,2,3,4,5,6,7,8,9,10,11,12,17,18,19,20,21,22,23,25,26,27,28,29,31,32,41,42,44,46,50,52,54,55,56,58,59,60,61,62,63,66,74,76,77,79,80,81,85,86,87,88,97,98,100,101,102,103,106,107,108,109,110,117,118,119,120,121,122,123,128,132,139,140,141,142,144,145,146,148,151,152,153,162,163,164,165,166,167,175,186,188,189,190,191,193,196,208,209,211,212,213,214,215,216,218,219,230,231,232,233,236,237,238,240,243,254,256,258,259,260,261,263,264,268,269,270,271,276,278,280,281,282,285,286,292,293,294,300,303,308,312,313,329,330
183,183,144
1,2,3,4,5,6,7,8,9,13,20,25,26,27,28,29,30,33,37,41,42,43,46,47,48,50,51,52,53,54,55,56,57,58,59,60,63,65,68,74,76,77,78,79,80,81,82,83,84,86,96,99,100,101,102,103,104,105,106,107,109,117,118,119,120,121,122,123,125,128,129,130,139,140,141,142,144,145,146,147,148,149,150,151,162,163,164,165,166,167,168,169,174,175,176,177,186,188,189,190,191,196,198,208,209,210,211,212,213,214,215,217,219,230,232,233,234,236,238,240,241,242,248,254,256,258,259,260,262,264,270,271,276,280,281,284,285,292,294,304,308,309,317,330
174,174,134
3,4,5,6,7,8,10,13,14,20,21,22,23,24,25,26,27,28,29,30,31,33,39,40,41,42,46,50,51,53,54,55,57,58,64,75,76,77,78,79,80,81,83,85,86,87,88,89,96,97,98,99,100,101,102,103,105,106,107,108,118,119,120,121,122,123,124,125,127,128,130,131,141,142,143,144,145,146,147,149,152,163,164,165,166,167,168,169,170,173,175,186,187,188,189,190,191,192,193,194,195,198,208,209,210,211,215,216,217,218,219,230,231,232,233,236,237,238,253,254,262,264,271,294,304,307,308,314,316,317,326,328,329,330
151,151,148
1,4,5,6,7,8,10,11,12,17,19,20,21,22,24,25,26,27,28,29,32,34,35,36,38,39,40,41,42,46,47,50,51,52,54,56,57,58,60,61,62,64,65,68,69,74,75,76,77,78,79,80,82,84,85,86,87,96,97,98,99,100,101,102,103,104,105,107,109,118,119,120,121,122,123,124,125,126,128,129,141,142,143,144,145,146,147,148,151,153,164,165,166,167,168,169,170,185,186,187,188,189,190,191,192,208,209,210,211,215,216,218,230,231,232,233,236,237,238,239,243,253,254,256,261,264,271,277,280,281,282,284,286,293,294,300,301,304,307,308,313,314,315,316,317,326,329,330
294,294,138
1,4,5,6,7,8,9,10,11,12,13,15,18,22,26,27,28,29,30,31,33,37,39,40,42,45,46,48,50,51,53,54,55,56,57,58,59,63,64,65,68,74,75,76,77,78,79,80,81,86,87,96,97,98,99,100,101,102,103,105,107,108,109,118,119,120,121,122,123,124,125,128,130,131,139,141,142,143,144,145,146,147,148,152,153,162,164,165,166,167,168,169,170,172,185,186,187,188,189,190,191,194,208,209,210,211,216,220,230,232,233,234,235,237,238,242,253,254,256,259,260,261,263,264,277,282,286,294,300,304,307,308,315,316,317,326,329,330
466,466,140
1,3,4,5,6,7,8,9,10,11,12,13,14,20,21,24,26,27,28,29,30,31,32,33,37,39,40,42,43,46,48,50,51,53,54,55,56,57,58,60,63,64,65,74,75,76,77,78,79,80,83,84,85,86,96,97,98,99,100,101,102,103,107,109,118,119,120,121,122,123,124,125,128,139,141,142,143,144,145,146,147,148,162,164,165,166,167,168,169,170,172,176,185,186,187,188,189,190,194,195,208,209,210,211,215,216,217,230,232,233,234,236,237,240,242,253,254,258,264,275,277,282,283,284,286,294,300,304,307,308,309,315,316,317,322,324,326,327,329,330
487,487,142
5,6,7,8,9,10,11,12,13,14,19,26,27,28,29,34,35,36,39,40,41,42,43,48,51,52,54,55,56,57,58,62,64,65,67,71,73,74,75,76,77,78,79,80,82,86,96,97,98,99,100,101,102,103,104,106,107,108,110,112,117,118,119,120,121,122,123,124,125,126,128,132,139,140,141,142,143,144,145,146,147,148,150,151,162,164,165,166,167,168,169,170,185,186,187,188,189,190,197,198,208,209,210,211,212,214,216,217,230,232,233,234,236,237,239,253,254,256,257,258,259,262,264,275,280,281,282,283,286,294,300,304,306,308,313,315,316,317,322,326,329,330
110,110,122
2,5,6,7,8,9,10,11,12,13,14,26,27,28,29,30,31,33,36,37,39,41,42,48,49,53,54,55,56,57,58,59,64,65,74,75,76,77,78,79,80,81,86,87,96,97,98,99,100,101,102,103,105,106,107,112,118,119,120,121,122,123,124,125,139,140,147,148,152,164,165,166,167,168,169,170,186,187,188,190,192,208,209,210,212,213,214,216,217,218,232,234,236,239,253,254,256,258,259,260,262,264,275,280,282,284,286,292,294,300,302,303,304,308,315,316,317,322,325,326,327,330
187,187,135
2,3,4,5,6,7,8,9,10,11,12,13,14,20,22,26,27,28,29,31,32,33,36,42,43,47,48,49,50,53,54,55,56,57,58,59,60,63,64,65,68,74,75,76,77,78,79,80,85,86,87,96,97,98,99,100,101,102,103,106,107,109,113,118,119,120,121,122,123,124,125,129,131,139,140,141,142,143,144,145,146,147,148,164,165,166,168,169,170,173,186,187,188,190,191,192,209,210,212,213,216,217,219,232,234,235,236,237,238,239,240,253,254,256,258,260,262,263,264,275,276,278,280,282,286,294,300,308,315,316,317,322,326,327,328
450,450,137
3,4,5,6,7,8,9,10,11,12,13,14,20,21,25,27,28,29,31,32,33,34,35,36,40,42,43,49,50,51,52,54,55,56,57,58,64,65,72,73,74,75,76,77,78,79,80,83,86,88,96,97,98,99,100,101,102,103,104,106,107,109,110,120,121,122,123,124,125,126,129,130,142,143,144,145,146,147,148,149,151,152,160,164,165,166,167,168,169,170,171,173,175,186,187,188,189,190,191,192,195,196,198,209,211,212,213,216,217,220,233,235,237,238,239,242,253,258,260,261,275,277,280,283,284,300,305,308,315,316,317,322,326,327,328,329,330
511,511,121
4,6,7,8,9,10,11,12,13,14,15,16,21,22,27,28,29,30,31,32,33,34,35,36,37,41,43,44,49,50,51,53,54,55,65,66,73,74,75,76,77,82,85,86,88,96,98,99,105,106,107,108,115,120,121,122,128,129,130,131,142,143,144,145,146,147,151,161,164,169,170,171,176,186,187,189,190,191,192,193,194,195,216,217,231,232,233,235,237,238,252,253,254,257,258,259,260,261,264,277,278,280,281,283,284,300,302,303,304,305,306,308,316,317,322,325,326,327,328,329,330
163,163,132
4,6,7,8,9,10,11,12,13,14,15,20,21,22,26,27,28,29,30,31,32,33,34,35,36,41,43,44,49,50,53,54,55,65,66,73,75,76,84,85,86,88,96,98,106,107,108,115,120,121,122,128,129,130,142,143,144,145,146,147,150,151,152,159,164,165,167,168,169,170,171,172,173,186,187,188,189,190,191,192,193,194,195,198,209,211,212,213,214,215,216,217,231,233,234,236,237,238,240,250,254,257,258,259,260,261,263,264,277,278,280,281,282,283,284,298,300,302,303,304,305,306,307,308,316,317,322,325,326,328,329,330
448,448,136
3,4,5,7,8,9,10,11,12,13,14,15,20,21,22,24,26,28,29,30,31,32,33,34,35,36,42,43,44,50,52,53,54,55,57,58,62,64,65,66,72,73,75,76,78,79,85,86,87,96,97,98,100,104,108,109,110,120,121,122,125,126,127,130,142,143,144,145,146,147,148,150,152,164,165,166,167,168,169,170,171,172,173,174,186,187,188,189,190,191,192,196,209,210,211,212,213,214,215,216,218,220,231,233,234,236,237,238,239,240,242,256,257,258,259,260,261,262,263,264,277,278,280,281,282,283,284,303,304,305,307,316,317,324,325,330
139,139,136
3,4,7,8,9,10,11,12,13,14,15,16,20,21,22,24,27,28,29,30,31,32,33,34,35,36,37,38,42,43,44,49,50,52,53,54,55,63,64,65,66,72,73,74,75,76,77,83,85,86,87,92,93,96,97,98,99,105,108,109,120,121,122,130,132,142,143,144,145,146,147,149,150,152,159,164,165,166,167,168,169,170,171,172,173,174,186,187,188,189,190,191,192,196,209,210,211,212,213,214,215,216,218,219,233,234,236,237,238,239,240,241,256,257,258,259,260,261,262,277,278,280,281,282,284,298,300,302,303,305,307,316,327,328,329,330
432,432,146
3,4,6,7,8,9,10,11,12,13,14,15,20,21,22,24,28,29,30,31,32,33,34,35,36,37,41,42,43,44,50,52,53,54,55,56,59,64,65,66,72,73,74,75,76,84,86,87,88,93,94,96,97,98,106,108,115,120,121,122,123,130,131,142,143,144,145,146,147,150,152,164,165,166,167,168,169,170,171,172,173,174,176,182,186,187,188,189,190,191,192,193,194,195,196,197,209,210,211,212,213,214,215,216,217,218,232,233,234,236,237,238,239,240,241,254,256,257,258,259,260,262,275,277,278,279,280,281,282,284,285,298,300,302,303,305,306,307,316,317,321,324,325,328,329,330
488,488,145
3,4,5,6,8,9,10,11,12,13,14,15,28,29,32,33,34,35,36,37,42,43,44,45,50,52,53,54,55,56,57,58,64,65,66,72,73,74,75,76,78,79,86,87,88,96,97,98,100,108,114,115,120,121,122,127,128,130,131,136,137,142,143,144,145,146,150,152,154,164,165,166,167,168,169,170,171,172,173,174,175,176,186,187,188,189,190,191,192,193,194,196,197,198,210,211,212,213,214,215,216,218,232,233,234,235,236,237,238,240,241,254,256,257,258,259,260,262,263,275,277,278,279,280,281,282,283,284,285,286,300,302,303,304,306,316,317,321,322,324,325,326,327,328,329
424,424,144
2,3,4,5,6,8,9,10,11,12,13,14,15,16,17,20,21,22,24,25,27,28,29,30,31,32,33,34,35,36,37,38,42,43,44,45,50,51,52,53,54,55,56,57,63,64,65,66,72,73,74,75,76,77,87,96,97,98,99,105,108,109,110,120,121,122,129,130,131,136,138,142,143,144,145,146,149,152,153,164,165,166,167,168,169,170,171,172,174,175,186,187,188,189,190,191,192,193,194,196,197,210,211,212,213,215,216,218,219,232,233,234,237,238,240,241,253,254,256,257,259,260,261,262,263,264,275,277,278,279,280,281,282,283,284,285,286,298,300,302,303,325,326,329
390,390,147
2,3,4,5,8,9,10,11,12,13,14,15,16,20,21,22,24,26,28,29,30,31,32,33,34,35,36,37,39,41,42,43,44,45,50,51,52,53,54,55,56,57,59,63,64,65,66,71,72,73,74,75,76,87,93,96,97,98,106,108,109,110,120,121,123,129,130,131,134,138,142,143,144,145,146,147,152,153,158,164,165,166,167,168,169,171,172,174,175,186,187,188,189,190,191,192,193,194,196,197,210,211,212,213,215,216,217,218,219,220,232,233,234,237,238,239,240,241,242,256,257,259,260,261,262,263,264,275,277,278,279,281,282,284,285,286,296,300,303,304,321,322,324,325,326,328,329
95,95,143
5,6,7,8,9,10,11,12,13,14,15,16,20,21,22,28,29,30,31,32,33,34,35,36,37,39,42,43,44,51,52,53,54,55,56,57,58,61,65,66,71,72,73,74,75,76,78,79,80,87,93,94,96,97,98,100,108,109,110,115,120,121,128,130,131,143,144,145,146,147,150,151,152,153,154,166,167,168,170,171,172,173,174,175,176,188,189,190,192,193,194,195,196,197,198,210,211,213,214,215,216,217,218,219,220,233,236,237,238,239,240,241,242,257,258,259,260,261,262,263,264,277,279,281,282,284,285,286,296,300,301,303,304,305,306,307,320,322,324,325,326,328,329
128,128,129
5,6,8,9,10,11,12,13,14,15,16,20,21,22,27,28,29,30,31,32,33,34,35,36,37,43,44,51,52,53,54,55,56,57,60,65,66,73,76,77,86,87,88,93,95,97,99,105,108,110,120,121,126,130,131,132,133,143,144,145,146,148,149,151,152,153,154,163,166,167,168,169,170,171,172,173,175,176,188,189,190,192,193,194,195,196,197,198,210,211,212,214,215,216,218,219,220,233,235,236,237,238,239,240,241,256,257,258,259,260,261,263,264,277,279,280,281,282,283,285,297,303,305,307,322,325,326,327,328
71,71,142
5,6,8,9,10,11,12,13,14,15,16,20,21,22,27,28,29,30,31,32,33,34,35,36,37,40,41,42,43,44,51,52,53,54,55,56,57,58,59,60,63,65,66,73,76,77,83,84,86,87,88,93,105,106,107,108,110,118,119,120,121,122,127,129,130,131,132,142,143,144,145,146,147,148,149,151,152,153,154,163,166,167,168,169,170,171,172,173,175,176,188,189,190,191,192,193,194,195,197,198,210,211,212,214,215,216,217,218,220,233,235,236,237,238,239,240,257,258,259,260,261,277,279,280,281,282,283,285,300,301,302,303,304,305,307,320,322,324,325,326,327,328
97,97,141
5,6,7,12,13,14,15,16,19,20,21,25,29,30,31,32,33,34,35,36,37,41,42,43,44,51,52,53,54,55,56,57,63,64,65,66,73,74,75,76,78,79,80,84,85,86,87,88,93,98,100,105,106,107,108,109,110,111,115,121,122,127,129,130,131,132,135,142,143,144,145,146,147,148,149,150,151,152,153,154,158,163,166,167,168,170,171,172,173,174,175,176,188,189,190,191,192,193,194,195,197,198,211,213,214,215,216,217,218,236,237,238,239,240,242,257,258,259,260,261,262,279,280,281,282,283,284,285,288,299,302,304,305,306,320,322,325,326,327,328,329
70,70,139
3,4,5,6,7,10,11,15,16,19,41,42,43,44,51,52,53,54,55,56,57,63,64,65,66,70,72,73,74,75,76,77,78,79,81,84,85,86,87,88,94,96,97,99,105,106,107,108,109,110,121,122,123,126,127,129,130,131,132,142,143,144,145,146,147,148,149,150,151,152,153,154,158,159,164,166,167,168,169,170,171,172,173,174,175,176,188,189,190,191,192,193,194,195,197,198,211,213,214,215,216,217,218,219,220,233,236,237,238,239,240,242,257,258,259,260,261,262,264,278,279,280,281,282,283,284,285,305,306,307,320,321,322,324,325,326,327,328,329
77,77,139
2,5,6,7,8,9,10,11,19,33,34,35,36,37,40,41,42,43,44,51,52,53,54,55,56,57,63,64,65,66,73,74,75,76,77,78,79,82,83,84,85,86,87,88,94,105,106,107,108,109,120,121,122,127,128,129,130,131,132,140,142,143,144,145,146,147,148,149,150,151,152,153,154,158,159,166,167,168,169,170,171,172,173,174,175,176,180,188,189,190,191,192,193,194,195,197,198,211,212,213,214,215,216,217,218,219,220,234,236,237,238,239,240,241,242,257,258,259,260,261,262,264,278,279,280,281,282,283,284,285,300,302,303,306,326,327,328,329,330
61,61,134
6,7,40,41,42,43,44,51,52,53,54,55,56,57,61,62,63,64,65,66,73,74,75,76,77,78,79,80,83,84,85,86,87,88,94,98,100,105,106,107,108,109,115,120,121,122,125,127,128,129,130,131,132,142,143,144,145,146,147,148,149,150,151,152,153,154,158,159,162,163,164,166,167,168,169,170,171,172,173,174,175,176,179,182,188,189,190,191,192,193,194,195,196,197,198,211,212,213,214,215,216,217,218,220,234,236,237,238,239,240,241,242,256,257,258,259,260,261,262,263,264,278,279,280,281,282,283,284,285,326,327,328,329,330
61,61,131
2,19,20,21,29,32,35,37,40,41,42,43,44,52,53,54,55,56,57,61,63,64,65,66,74,75,76,77,78,79,80,81,83,84,85,86,87,88,94,96,97,99,101,105,106,107,108,109,111,112,120,121,122,126,127,128,129,130,131,136,142,143,144,145,146,147,148,149,150,151,152,154,159,163,166,167,168,169,170,171,172,173,174,176,188,189,190,191,192,193,194,195,196,197,198,211,212,213,214,215,216,217,218,220,234,236,237,238,239,240,241,242,256,257,258,259,260,261,262,264,279,280,281,282,283,284,285,310,326,327,328
91,91,134
6,7,8,9,19,20,21,29,30,32,33,34,35,36,37,40,41,42,43,44,52,53,54,55,56,57,61,63,64,65,66,74,75,76,77,78,79,80,82,83,84,85,86,87,88,94,102,105,106,107,108,109,111,119,120,121,122,127,128,129,130,131,141,142,143,144,145,146,147,148,149,150,151,152,154,159,163,166,167,168,169,170,171,172,173,174,176,188,189,190,191,192,193,194,195,196,198,212,213,214,215,216,217,218,219,220,223,234,236,237,238,239,240,241,242,257,258,259,260,261,262,264,279,280,281,282,283,284,285,286,326,327,328,330
83,83,135
7,9,10,13,14,20,21,29,30,31,32,33,34,35,36,37,40,41,42,43,44,52,53,54,55,56,57,61,63,64,65,66,72,73,74,75,76,77,78,79,80,83,84,85,86,87,88,100,103,105,106,107,108,118,120,121,122,123,125,127,128,129,130,131,132,133,142,143,144,145,146,147,148,149,150,151,152,153,154,164,167,168,169,170,171,172,173,174,175,176,189,190,191,192,194,195,196,198,212,213,216,217,218,219,220,234,236,237,238,239,240,241,242,257,259,260,261,262,263,264,279,280,281,282,283,284,285,286,302,305,306,307,327,328,329
90,90,137
7,9,10,11,12,13,14,15,16,18,30,31,32,33,34,35,36,37,40,41,43,52,53,54,55,56,57,61,65,66,75,76,77,78,79,80,87,88,97,98,99,101,104,105,106,108,109,117,120,121,122,123,125,126,128,129,130,131,132,135,137,141,142,143,144,145,146,147,148,149,150,151,152,153,154,163,164,166,167,168,169,170,171,172,173,174,175,176,189,190,192,195,196,197,198,212,213,214,215,216,217,218,219,220,234,237,238,239,240,241,242,257,259,260,261,262,263,280,281,282,283,284,285,286,302,303,304,305,306,307,313,322,324,325,327,328,329
319,319,141
7,8,10,11,12,13,14,15,16,18,28,30,31,32,33,34,35,36,37,38,40,41,43,44,48,50,52,53,54,55,56,57,61,62,65,66,75,76,77,78,79,80,82,87,88,96,97,98,99,101,105,106,109,112,117,119,120,121,122,123,126,129,130,131,132,135,141,142,143,145,146,147,148,149,150,152,153,163,164,167,168,169,170,171,172,173,174,175,176,190,192,195,196,197,198,212,213,214,215,216,217,218,219,220,236,237,238,239,240,241,242,257,258,259,260,261,262,263,266,270,280,281,282,283,284,285,286,302,303,304,305,306,307,320,322,324,325,327,328,329,330
28,28,132
5,6,7,8,10,11,12,13,14,15,16,18,19,22,29,31,36,37,40,41,42,44,51,53,54,55,56,57,61,62,63,66,75,76,77,78,79,80,84,87,88,95,97,98,99,100,103,106,107,109,113,118,119,120,121,122,123,124,125,126,127,130,131,132,139,140,141,142,145,146,147,148,149,150,152,153,154,160,163,164,167,168,169,170,171,172,173,174,175,176,190,192,193,194,195,196,197,198,213,214,215,216,217,218,219,235,236,237,238,239,240,241,257,258,259,260,261,262,263,264,280,281,282,283,284,285,286,303,327,328,329,330
58,58,123
7,8,9,10,11,12,13,14,15,40,41,44,53,54,55,56,57,61,62,65,66,75,76,77,78,79,80,88,91,95,97,98,99,100,101,103,104,105,106,108,109,113,117,118,119,120,121,122,123,124,125,126,128,129,131,132,139,140,141,142,145,146,147,148,149,150,151,152,153,154,160,161,163,167,168,169,170,171,172,173,174,175,184,190,192,193,194,195,196,197,198,213,214,215,216,217,218,219,236,237,238,239,240,241,258,259,260,261,262,263,264,280,281,282,283,284,285,286,326,327,328,329,330
310,310,145
10,11,12,13,14,15,17,18,19,20,22,30,31,32,33,34,35,36,37,39,40,41,43,44,53,54,55,56,57,61,62,66,72,75,76,77,78,79,80,85,88,95,96,97,98,99,100,101,103,104,106,108,109,110,117,118,119,120,121,122,123,124,125,126,128,129,131,132,139,140,141,142,143,144,145,146,147,148,149,150,153,154,160,161,163,167,168,169,170,171,172,173,174,175,184,191,192,193,194,195,196,197,198,213,214,215,216,217,218,219,220,236,237,238,239,240,241,242,258,259,260,261,262,263,264,280,281,282,283,284,285,286,298,302,303,304,305,306,307,324,325,326,328,329,330
50,50,127
11,12,13,14,17,18,19,20,22,33,34,35,36,37,40,41,42,44,54,55,56,57,61,62,66,72,76,77,78,79,80,84,87,88,98,99,100,101,103,104,106,107,109,118,120,121,122,123,124,125,126,127,130,131,132,140,141,142,143,144,145,147,148,149,150,153,154,160,163,167,168,169,170,171,172,173,174,175,192,193,194,195,196,197,198,213,214,215,216,217,218,219,220,236,237,238,239,240,241,242,258,259,260,261,262,263,264,280,281,282,283,284,285,286,300,302,303,304,305,306,307,308,324,325,326,328,329
302,302,144
8,9,11,12,13,14,16,17,18,19,21,22,32,33,34,35,36,37,40,41,44,49,50,51,53,54,55,56,57,61,62,63,66,72,76,77,78,79,80,84,87,88,98,99,100,101,103,104,105,106,107,108,109,110,118,119,120,121,122,123,124,125,126,127,128,129,130,131,132,141,144,145,146,147,148,149,150,151,152,153,154,160,162,163,168,169,170,171,172,173,174,175,176,182,183,191,192,193,194,195,196,197,198,214,215,216,217,218,219,220,236,237,238,239,240,241,242,258,259,260,261,262,263,264,280,281,282,283,284,285,286,298,299,300,302,303,304,305,306,308,324,325,326,328
80,80,134
9,10,12,13,15,18,19,32,33,34,35,36,37,38,39,40,41,43,44,45,50,54,55,56,57,58,60,61,62,63,64,66,72,76,77,78,79,80,81,83,84,85,88,97,98,99,100,101,103,104,105,106,108,109,110,118,119,120,121,122,123,125,126,128,129,131,132,140,141,145,146,147,148,149,150,153,154,160,161,162,168,169,170,171,172,173,174,175,176,180,192,193,194,195,196,197,198,214,215,216,217,218,219,220,236,237,238,239,240,241,242,259,260,261,262,263,264,281,282,283,285,286,300,303,304,305,306,308,322,325,326,327,328,330
56,56,144
9,10,12,13,14,15,16,17,18,19,20,21,22,31,32,33,34,35,36,37,38,39,40,41,42,43,44,51,53,55,56,57,58,60,61,62,63,64,65,66,75,76,77,78,79,80,81,82,83,84,85,86,87,88,95,96,98,99,100,101,103,104,105,106,107,108,109,110,117,119,120,121,122,123,125,126,127,129,130,131,132,141,142,143,145,147,148,149,150,153,154,164,169,171,172,173,174,175,176,194,195,196,197,198,201,216,217,218,219,220,234,237,239,240,241,242,256,260,261,262,263,264,279,281,282,283,284,285,286,299,300,303,304,305,306,307,308,321,325,326,327,328,329,330
456,456,145
1,8,10,11,12,14,16,17,18,19,20,22,32,34,35,36,37,38,39,40,41,42,43,44,49,51,53,54,55,56,57,58,60,61,62,63,64,65,66,72,76,77,78,79,80,81,82,83,84,85,86,87,88,94,96,97,98,99,100,101,103,104,105,106,107,108,109,110,117,119,120,121,122,123,125,126,127,129,130,131,132,142,144,145,147,148,150,153,154,164,169,172,173,174,175,176,180,194,195,196,197,198,215,216,217,218,219,220,237,238,239,240,241,242,260,261,262,263,264,276,277,281,282,283,284,285,286,297,299,300,302,303,304,305,306,307,308,322,324,325,326,327,328,329,330
475,475,141
1,10,11,13,15,16,18,19,20,21,30,32,33,34,35,36,37,38,39,40,41,42,43,44,45,49,52,53,54,55,56,57,59,60,61,62,63,64,66,72,77,78,79,80,82,83,84,85,86,87,88,94,95,96,97,98,99,100,101,103,104,105,106,109,110,117,118,119,120,121,122,123,124,125,126,129,131,132,139,140,142,145,146,147,148,153,154,169,170,172,173,174,175,176,180,192,193,194,195,196,197,198,215,216,217,218,219,220,226,238,239,240,241,242,259,260,261,262,263,264,276,277,279,281,282,283,284,285,302,303,305,307,308,322,324,325,326,327,328,329,330
448,448,149
1,2,7,9,10,11,12,13,14,15,17,19,20,21,22,30,32,33,34,35,36,37,38,39,40,41,42,43,44,45,49,50,54,55,56,57,61,62,63,64,66,76,77,78,79,80,81,82,83,84,85,86,88,94,98,99,100,101,103,104,105,106,107,110,117,118,120,121,122,123,124,125,126,127,129,131,132,136,139,140,142,143,145,146,147,148,149,151,153,154,163,164,169,170,171,172,173,174,175,176,180,184,187,192,193,194,195,196,197,198,214,215,216,217,218,219,220,238,239,240,241,242,259,260,261,262,263,264,280,281,282,283,284,285,286,290,300,303,304,305,306,307,308,320,325,326,327,329,330
440,440,149
1,2,9,10,11,12,13,16,17,18,19,20,29,30,32,33,34,35,36,37,38,39,40,41,42,43,50,51,54,55,56,57,59,61,62,63,64,65,67,72,75,76,77,78,79,80,81,82,84,85,86,88,94,96,97,98,99,100,101,103,104,105,106,107,109,110,117,118,119,120,121,122,123,124,125,126,127,131,132,136,139,140,141,142,143,145,147,148,153,154,163,164,170,171,172,173,174,175,176,192,194,195,196,197,198,214,215,216,217,218,219,220,238,239,240,241,242,256,257,258,259,260,261,262,263,264,277,278,279,280,281,282,283,284,285,286,301,302,303,305,306,307,308,324,325,327,328,329,330
0,0,142
1,2,6,8,11,12,13,15,20,21,29,30,32,33,34,35,40,41,42,43,44,50,51,54,55,56,57,58,59,60,61,62,63,64,65,66,67,73,75,77,78,79,80,82,84,85,87,88,89,94,96,97,99,100,101,102,103,104,105,106,108,109,110,117,118,119,120,121,122,123,124,125,126,130,131,132,139,140,141,143,145,147,148,153,154,161,162,163,164,170,171,172,173,174,175,176,194,195,196,197,198,203,215,216,217,218,219,220,226,235,237,238,239,240,241,242,257,258,260,261,262,264,277,279,281,282,283,284,285,286,303,305,306,307,308,324,325,326,327,328,329,330
461,461,128
11,12,13,14,17,20,21,22,30,33,34,35,38,40,41,42,43,44,45,50,51,55,56,57,61,62,63,64,71,72,77,78,79,80,84,85,89,96,98,99,100,101,103,104,105,106,107,110,117,118,121,122,123,124,125,126,127,131,132,139,140,141,142,144,145,146,147,148,149,153,154,162,164,170,171,172,173,174,175,176,183,194,195,196,197,198,215,216,217,218,219,220,234,235,237,238,239,240,241,242,255,256,260,261,262,263,264,276,278,282,283,284,285,286,289,299,303,304,306,307,308,324,325,326,327,328,329,330
462,462,130
2,8,11,12,13,16,18,19,20,21,22,30,33,34,35,37,39,40,41,42,43,44,45,49,50,51,52,55,56,57,59,61,62,63,64,72,78,79,80,84,85,86,87,89,93,96,97,98,99,100,101,103,104,105,106,108,110,118,121,122,123,125,126,128,132,139,140,142,145,147,148,149,154,161,162,164,170,171,172,173,174,175,176,183,185,194,195,196,197,198,205,206,215,216,217,218,219,220,235,237,238,239,240,241,242,260,261,262,263,264,274,278,282,283,284,286,299,303,304,305,306,307,308,324,325,326,327,328,329,330
434,434,133
8,11,12,13,15,16,18,19,20,21,22,23,24,29,30,32,33,34,35,36,37,40,41,42,43,44,50,51,54,55,56,57,61,62,63,64,66,72,75,78,79,80,84,85,86,88,96,99,100,101,103,104,105,106,110,118,119,120,121,122,123,125,126,128,132,133,139,140,141,142,145,147,148,149,152,154,161,162,164,171,172,173,174,175,176,183,185,194,195,196,197,198,206,216,217,218,219,220,221,226,238,239,240,242,243,257,260,261,262,263,264,265,279,281,282,283,284,286,300,302,303,304,305,306,307,308,324,325,326,327,328,329,330
182,182,137
2,10,11,12,13,14,15,17,20,21,22,29,32,33,34,35,36,38,43,44,49,50,51,53,54,55,56,57,58,59,60,61,65,66,67,73,75,76,77,78,79,80,82,88,93,96,97,98,99,100,101,102,103,104,105,110,118,119,120,121,122,123,124,125,126,127,132,139,140,141,142,145,147,148,149,150,153,154,161,162,163,164,171,172,173,175,176,183,184,185,194,195,197,198,212,215,216,218,219,220,236,237,238,239,242,243,246,258,259,260,261,262,263,264,265,281,282,283,284,285,286,287,300,303,304,305,306,307,308,313,324,325,326,327,328,329,330
190,190,132
8,11,12,13,14,16,18,20,21,22,24,26,32,33,34,35,37,38,39,40,41,42,43,44,46,50,51,53,54,55,56,57,58,59,60,61,62,64,65,66,69,70,73,75,76,77,78,79,80,84,88,96,97,99,100,101,103,104,105,110,111,118,120,121,122,123,124,125,126,127,132,133,134,139,140,141,145,147,148,149,153,154,155,162,164,171,175,176,183,196,197,198,214,216,217,218,219,220,221,236,238,239,240,241,243,258,260,261,262,263,264,265,266,280,281,282,283,284,285,286,287,301,303,304,305,306,307,324,325,326,327,328
181,181,137
7,10,11,12,13,14,15,16,18,19,20,21,22,28,29,31,32,33,34,35,36,37,39,40,41,42,43,44,47,50,51,53,54,55,56,57,58,59,60,61,63,64,65,66,72,73,75,76,77,78,79,80,81,83,84,85,87,88,96,97,98,99,100,101,102,103,104,105,106,108,110,117,118,119,120,121,122,123,125,126,127,130,132,139,140,141,145,146,148,149,152,154,164,174,175,176,183,193,196,197,198,199,217,219,220,221,236,238,240,241,242,257,260,261,262,263,264,265,266,279,280,281,282,283,284,285,286,302,303,304,306,307,324,325,326,328,329
139,139,132
10,11,12,13,14,15,18,19,20,21,22,29,32,33,34,35,36,39,41,43,44,50,51,53,54,55,56,57,58,59,61,62,63,64,65,66,75,76,78,79,80,83,84,85,87,88,94,95,96,97,98,99,100,101,102,103,104,105,106,109,110,113,117,118,119,121,122,123,125,126,127,129,130,132,139,140,141,142,145,146,151,152,153,154,162,171,173,174,175,176,184,185,194,195,196,197,198,199,204,206,217,218,219,220,221,228,237,239,240,241,242,259,261,262,263,280,281,283,284,286,301,303,304,305,306,307,308,309,324,325,326,327
155,155,136
9,10,11,12,13,14,15,16,18,19,20,21,22,29,32,33,34,35,36,37,39,41,42,43,44,50,51,52,53,54,55,56,57,58,59,60,61,62,63,64,65,66,69,73,75,76,78,79,80,83,84,85,87,88,94,95,96,97,98,99,100,101,102,103,104,105,106,109,110,118,119,120,121,123,124,125,126,127,128,129,130,131,132,139,140,141,145,150,151,152,153,154,162,173,174,175,176,184,193,195,196,197,198,199,206,215,217,218,219,220,238,239,240,241,242,259,262,263,264,280,281,282,284,285,303,304,305,306,307,308,324,325,326,327,328,329
537,537,132
8,10,11,12,13,14,15,17,18,19,20,21,22,26,29,31,32,33,34,35,36,37,38,39,40,41,42,43,44,50,51,53,54,55,56,57,58,59,60,61,62,63,64,65,66,72,73,75,76,77,78,79,80,83,84,85,87,88,96,97,98,99,100,101,102,103,104,105,106,109,110,118,119,120,121,123,124,125,126,128,129,130,131,132,134,140,141,145,151,152,153,154,162,173,174,175,176,184,185,186,193,195,196,197,198,206,207,215,217,218,219,220,229,236,240,241,242,257,259,260,263,264,279,281,282,283,284,285,324,326,327,328
401,401,134
8,10,11,12,13,14,15,18,31,33,34,35,36,37,39,40,41,42,43,44,50,51,53,54,55,56,57,58,59,61,62,63,64,65,66,72,73,75,76,78,79,80,83,84,85,87,88,94,96,97,98,99,100,101,102,103,104,106,107,109,110,118,119,120,122,123,124,125,127,128,129,130,131,132,140,141,142,145,149,151,152,153,154,162,164,165,173,174,175,176,184,185,186,187,194,195,196,197,198,206,207,208,215,216,217,218,219,220,229,237,240,241,242,259,260,261,262,263,264,281,282,283,284,285,301,303,304,305,306,309,326,327,328,330
104,104,136
6,8,10,11,12,13,14,15,16,17,18,19,20,21,22,29,30,31,32,33,34,35,36,37,39,40,41,42,43,44,50,51,52,53,54,55,56,57,58,59,61,62,63,64,65,66,72,73,75,76,78,79,80,83,84,85,87,88,94,96,97,98,99,100,101,102,103,104,107,108,109,110,118,119,120,122,123,124,125,129,130,131,132,134,140,141,142,145,152,153,154,162,164,172,174,175,176,184,185,186,187,195,196,197,198,207,215,217,218,219,220,229,237,239,240,241,242,259,260,261,262,263,264,281,282,283,284,285,297,303,304,325,326,327,329,330
162,162,134
8,10,11,12,13,14,15,16,17,18,19,20,21,22,30,31,32,33,35,36,37,38,39,40,41,42,43,44,51,52,53,54,55,56,57,58,59,60,61,62,63,64,65,66,72,73,75,76,78,79,80,85,87,88,94,96,97,98,99,100,101,102,103,104,107,108,109,110,117,118,119,120,121,122,123,124,125,130,131,132,140,141,142,145,153,154,162,164,173,175,176,184,185,186,187,193,194,195,196,197,198,207,215,217,218,219,220,237,239,240,241,242,260,261,262,263,264,279,281,282,283,284,285,303,304,305,306,307,308,309,325,326,327,330
128,128,140
6,9,10,11,12,13,14,15,17,18,19,20,21,22,28,31,32,33,34,35,36,37,38,39,40,41,42,43,44,48,51,52,53,54,55,56,57,58,59,60,61,62,63,64,65,66,71,72,74,75,76,77,78,79,80,84,87,88,93,94,96,97,98,99,100,101,102,103,104,105,107,108,109,110,115,118,119,120,121,122,123,124,125,130,131,132,134,140,141,142,145,153,154,162,163,164,174,175,176,185,186,195,196,197,198,215,216,217,218,219,220,226,236,237,238,239,240,241,242,260,261,262,263,264,280,281,282,283,285,286,302,303,304,305,307,308,324,326,327,328
144,144,143
8,10,11,12,13,14,15,16,17,18,19,20,21,22,30,31,32,33,34,35,36,37,39,40,41,42,43,44,53,54,55,56,57,58,59,60,61,62,63,64,65,66,73,74,75,76,77,78,79,80,82,85,86,87,88,96,97,98,99,100,101,102,103,105,107,109,110,111,118,119,120,121,122,123,124,125,126,129,130,131,132,139,140,141,142,143,145,146,151,152,153,154,161,163,164,165,173,174,175,176,184,185,186,192,193,194,195,196,197,198,214,215,216,217,218,219,220,236,237,238,239,242,250,259,260,261,262,263,264,280,281,282,283,284,302,303,304,305,306,325,326,327,328
379,379,138
8,10,11,13,14,15,16,17,18,19,20,21,22,28,30,31,32,33,35,36,37,38,39,40,41,42,43,44,50,52,53,54,55,57,58,59,60,61,62,64,65,66,72,73,74,75,76,78,79,80,82,85,87,94,95,96,97,98,99,100,101,102,103,104,107,108,109,110,117,118,119,120,121,122,123,124,125,130,131,132,139,140,141,142,143,145,152,153,154,162,163,164,165,169,173,174,175,176,184,185,187,188,191,192,193,194,195,196,198,214,215,218,219,220,235,236,237,238,239,240,242,250,259,260,261,262,263,264,281,282,283,303,304,305,310,325,326,328
389,389,137
9,10,11,12,13,14,15,17,18,19,20,22,31,32,33,34,35,36,37,38,39,40,41,43,44,53,54,55,56,57,58,59,60,61,62,65,66,72,74,75,76,77,78,79,80,82,87,88,95,96,97,98,99,100,101,102,103,107,108,109,110,118,119,120,121,122,123,124,125,126,130,131,132,133,139,140,141,142,143,145,146,152,153,154,163,164,165,166,173,174,175,176,179,184,185,186,187,191,193,195,196,197,198,214,215,217,218,220,231,236,237,238,239,240,241,242,253,258,259,260,261,262,263,264,274,280,281,283,302,303,304,305,309,325,326,327,328
496,496,136
8,9,10,11,12,13,14,15,16,17,18,19,20,22,30,31,32,33,34,35,36,37,39,40,41,44,52,53,54,55,56,57,58,59,60,61,65,66,72,73,75,76,77,78,79,80,81,85,86,87,88,96,97,98,99,100,101,102,103,104,108,109,110,118,119,120,121,122,123,124,125,131,132,133,139,140,141,142,144,145,146,153,154,162,163,164,165,173,174,175,176,184,186,187,191,192,193,194,195,196,197,209,215,216,218,219,220,231,236,237,238,239,240,241,242,253,259,260,261,262,263,264,274,281,282,283,285,286,303,304,305,308,323,326,327,328
38,38,126
8,9,10,11,13,14,15,16,19,20,22,30,31,32,33,35,36,37,38,44,50,52,53,54,55,58,59,65,66,73,75,76,77,78,79,80,81,82,85,87,88,95,96,97,98,99,100,101,102,103,104,109,110,111,117,118,119,120,121,122,123,124,125,126,130,131,132,133,141,142,143,144,145,146,153,154,162,164,174,176,185,186,187,188,192,194,195,196,198,207,208,209,213,214,215,218,219,220,231,235,236,238,239,240,241,242,259,260,261,262,263,264,280,282,283,285,286,303,304,305,306,308,309,325,326,328
37,37,132
8,9,10,11,12,13,14,15,18,21,22,30,31,32,33,34,35,36,37,38,39,40,41,42,44,53,54,55,56,57,58,59,60,65,66,75,76,77,78,79,80,81,82,87,88,95,96,97,98,99,100,101,102,103,104,109,110,116,118,119,120,121,122,123,124,125,126,131,132,133,139,140,141,142,143,145,146,153,154,162,163,164,171,173,176,184,185,186,187,188,196,198,208,209,213,214,215,217,218,219,220,231,232,235,238,239,240,241,254,256,258,259,260,261,262,263,264,280,281,282,283,285,296,303,304,305,306,308,325,326,327,328
37,37,129
7,8,9,10,11,13,14,15,16,22,31,32,33,35,36,37,40,42,44,52,53,54,55,56,57,58,59,60,66,72,75,76,77,78,79,80,81,82,86,88,89,97,98,99,100,101,102,103,104,108,110,111,117,118,119,120,121,122,123,124,125,126,131,132,139,140,141,142,143,144,145,146,151,152,153,162,164,175,176,185,186,187,188,191,193,194,196,197,198,208,209,214,215,216,218,219,220,232,236,237,238,239,240,241,254,258,259,260,261,262,263,278,280,281,282,283,284,285,286,296,303,304,305,306,308,325,326,327,328
231,231,145
1,7,8,9,10,11,13,14,15,16,17,18,19,20,22,28,31,32,33,35,36,37,38,39,41,44,52,53,54,55,56,57,58,59,60,61,65,66,73,74,76,77,79,80,81,85,87,88,89,94,95,97,98,99,101,102,103,109,110,117,118,119,120,121,123,124,125,132,140,141,142,143,144,145,146,147,151,152,153,154,160,162,164,165,166,167,169,171,172,173,174,175,176,177,184,186,187,188,191,192,193,194,195,196,197,198,209,213,214,215,219,220,231,232,233,236,237,238,239,240,241,242,254,259,260,261,262,263,264,280,281,282,284,286,302,303,304,305,306,308,325,326,327,328,330
69,69,135
1,6,8,9,10,11,12,13,14,15,17,18,19,21,22,31,32,33,35,36,37,38,39,40,41,42,43,44,50,53,54,55,56,57,58,59,60,61,65,66,73,75,76,77,78,79,80,81,82,87,88,94,97,98,99,100,101,102,103,104,107,108,109,110,111,119,120,121,122,123,124,125,126,128,130,132,133,141,142,143,144,145,146,147,149,151,152,153,154,155,172,173,174,175,176,177,187,188,191,193,194,195,197,198,210,213,214,215,216,217,218,219,220,221,231,236,237,238,239,240,241,242,251,258,259,260,261,262,264,276,283,285,304,326,330
27,27,132
1,8,9,10,11,12,13,14,15,16,18,19,20,21,22,32,33,34,35,36,37,38,39,40,41,42,43,44,51,53,54,55,56,57,58,59,60,63,64,66,67,75,76,77,78,80,81,82,85,86,87,88,89,97,98,99,100,101,102,103,106,107,108,110,111,120,121,122,123,124,125,126,128,129,130,131,132,133,140,142,143,144,145,146,147,149,150,151,152,153,154,155,166,167,168,170,171,172,173,174,175,176,177,188,189,193,195,196,197,198,199,200,214,218,219,220,221,236,237,240,241,242,258,259,263,264,274,286,304,326,327,329
349,349,129
1,7,9,10,11,13,14,15,16,17,19,20,21,22,23,31,32,33,34,35,36,37,38,39,40,41,43,44,45,53,54,55,56,57,58,59,60,61,64,65,66,67,75,76,77,78,79,80,81,82,87,88,96,97,98,99,100,101,102,103,107,109,110,111,119,120,121,122,123,124,125,131,132,133,141,142,143,144,145,146,147,151,152,153,154,155,165,166,167,168,171,172,173,174,175,176,177,185,188,192,196,197,198,199,210,211,215,220,221,233,236,237,242,243,244,252,258,259,263,264,274,281,282,286,296,304,307,326,327
93,93,135
1,7,9,10,11,13,14,15,18,19,20,21,22,23,30,31,32,33,35,36,38,39,40,41,42,45,52,53,54,55,57,58,59,60,61,65,66,67,73,75,76,77,78,79,80,81,82,85,86,87,88,89,97,98,99,100,101,102,106,107,108,109,110,111,118,119,120,121,122,123,124,125,126,128,129,130,131,132,133,141,142,143,144,145,146,147,149,150,151,152,153,154,155,164,166,167,172,173,174,175,176,177,178,187,188,189,192,193,194,195,196,197,198,199,209,210,211,214,220,222,232,233,236,237,242,252,258,259,266,274,275,282,304,326,327
569,569,144
2,7,8,9,10,11,13,14,15,17,18,19,22,23,30,31,32,33,34,35,36,37,38,39,40,41,42,43,44,45,51,52,53,54,55,56,57,58,59,60,61,64,65,66,67,74,75,76,77,78,79,80,81,82,87,88,89,96,97,98,99,100,101,102,103,108,110,118,119,120,121,122,123,124,125,126,130,132,141,142,143,144,145,146,150,151,153,154,163,164,165,166,167,168,171,172,173,174,176,177,178,186,187,188,189,190,193,194,195,197,198,199,210,211,214,215,216,220,221,222,233,236,237,242,252,255,258,259,265,266,267,275,281,282,284,286,298,303,304,308,319,320,326,327
67,67,139
2,8,9,10,11,13,14,15,18,19,21,22,29,30,31,32,33,35,36,37,39,40,41,42,43,44,45,51,53,54,55,57,61,63,64,67,74,75,76,77,78,80,81,82,87,88,95,97,98,99,100,102,103,106,107,108,109,110,119,120,121,122,123,124,125,128,129,130,131,132,142,143,144,145,146,147,149,150,151,153,154,164,165,166,167,168,171,172,174,175,176,177,186,187,188,189,190,192,193,194,195,196,197,198,199,200,209,210,211,219,220,221,222,233,234,236,237,241,242,244,254,255,256,258,259,262,264,266,267,275,280,281,282,285,286,304,308,326,327
206,206,141
1,2,7,8,9,10,11,12,13,14,15,17,18,19,20,21,22,24,29,30,32,33,35,36,39,40,41,42,43,45,46,52,53,54,55,57,58,59,60,61,66,67,73,75,76,77,78,79,80,81,82,86,87,88,95,96,97,98,99,100,101,102,103,109,110,118,119,120,121,122,123,124,129,131,132,133,141,142,143,144,145,146,147,149,152,153,154,164,166,167,168,171,172,173,174,176,177,188,189,190,193,194,195,197,198,199,210,211,214,215,219,220,221,222,233,234,236,237,241,242,255,258,259,262,263,265,275,281,282,285,286,289,297,304,305,311,319,325,326,327,330
41,41,137
9,10,11,12,13,14,15,17,18,20,22,24,30,32,33,35,36,37,39,40,41,42,44,45,46,51,52,53,54,55,57,58,59,60,61,65,67,73,75,76,77,78,79,80,81,82,88,97,98,99,100,101,102,103,108,109,110,120,121,122,123,124,129,130,131,132,133,142,143,144,145,146,147,150,151,152,153,154,166,167,168,171,172,173,174,176,177,178,188,189,190,193,196,197,198,199,200,211,212,215,219,220,221,222,233,234,236,237,241,242,243,244,258,259,260,262,263,265,266,275,277,281,282,285,286,287,289,303,304,305,311,319,320,325,326,327,328
41,41,136
8,9,10,14,15,16,17,18,19,22,24,30,31,32,33,36,38,39,40,41,43,45,46,51,52,53,54,55,57,61,67,73,74,75,76,77,78,79,82,88,90,95,96,97,98,99,100,101,102,103,104,105,108,109,111,112,118,119,120,121,122,123,124,125,130,131,132,133,134,142,143,145,146,147,149,151,152,153,154,155,166,167,168,171,172,174,176,177,178,189,190,193,196,197,198,199,200,209,211,212,215,218,219,220,221,222,233,234,237,238,241,242,243,244,256,259,261,262,263,265,266,275,281,282,285,287,288,289,303,304,305,308,309,319,326,327
310,310,130
2,8,9,10,14,15,17,18,19,20,21,22,24,29,30,31,32,33,35,39,40,45,46,51,52,53,54,55,57,58,59,60,61,66,67,75,76,77,78,79,80,82,88,90,95,96,97,99,100,101,102,103,104,109,110,112,119,121,123,124,130,131,132,134,141,144,145,146,147,150,151,152,153,154,156,166,167,168,171,172,174,175,176,177,178,189,190,193,195,196,197,198,199,200,211,215,216,218,219,220,221,222,234,237,238,241,242,243,244,256,259,262,263,265,266,267,281,282,285,286,287,288,297,303,305,308,309,319,325,327
300,300,136
2,8,9,10,12,14,15,17,18,19,20,21,22,24,29,30,31,32,33,35,37,39,40,41,44,45,51,52,53,54,55,56,57,58,60,61,65,66,67,75,76,77,78,79,81,82,87,88,89,90,99,100,101,103,104,109,110,111,112,119,121,122,123,124,125,130,131,132,134,145,146,147,148,150,151,152,153,154,156,168,169,172,174,175,176,177,178,189,190,193,194,195,196,197,198,199,200,215,216,217,218,219,220,221,222,223,232,234,236,237,238,239,240,241,242,243,244,245,259,260,261,262,263,265,266,267,281,282,286,288,289,303,305,308,310,330
463,463,146
7,8,9,10,13,15,17,18,19,20,21,22,23,24,29,30,31,32,33,35,36,37,39,40,41,42,43,44,45,52,53,54,55,56,57,60,61,64,65,66,67,68,76,77,78,79,81,82,85,86,87,88,89,97,98,99,100,101,104,108,109,110,112,121,122,123,124,125,129,130,131,132,134,142,145,146,147,150,151,152,153,154,156,164,167,168,169,172,173,174,175,176,178,189,190,191,194,195,196,197,198,199,200,209,210,211,212,213,215,216,217,218,219,220,221,222,232,235,237,238,240,241,242,244,245,259,260,263,264,265,266,281,282,286,288,289,298,303,304,305,307,308,309,310,311,330
293,293,136
7,8,9,10,11,15,17,18,19,20,21,22,24,29,31,32,33,36,39,40,41,43,44,45,46,51,52,53,54,55,56,57,58,60,61,63,66,67,69,75,76,77,78,79,80,82,85,87,88,98,99,100,101,102,103,104,107,108,110,112,120,121,122,123,129,130,132,133,134,143,144,145,146,153,154,156,166,167,168,172,173,174,176,178,188,189,190,191,195,196,197,198,199,200,211,212,213,216,218,219,220,221,222,234,235,238,239,240,241,244,245,256,259,260,263,264,265,266,267,276,281,282,284,286,287,288,289,298,304,307,308,310,320,326,327,330
143,143,137
8,9,10,11,15,16,17,18,22,23,24,25,29,30,31,32,33,34,38,39,40,42,43,44,45,46,51,52,53,54,55,56,57,58,60,61,64,65,66,67,75,76,77,78,79,80,81,82,86,87,88,91,97,98,99,100,104,107,108,109,110,120,121,122,123,124,125,126,129,130,132,134,142,143,145,147,154,156,157,166,167,168,172,174,176,178,179,188,189,190,195,196,197,198,200,201,211,212,213,216,218,219,220,221,222,223,234,235,238,239,240,241,243,244,245,254,256,260,263,264,266,267,282,286,288,290,299,304,307,308,310,311,320,326,327,329,330
188,188,138
1,3,7,8,9,10,13,15,16,17,18,23,24,25,29,30,31,32,33,38,39,40,42,44,45,46,47,51,52,53,54,55,57,59,60,61,63,65,66,75,76,77,78,79,81,82,85,86,87,88,90,96,97,98,99,100,104,107,108,109,110,113,121,122,123,124,125,126,129,130,131,132,142,143,144,145,147,148,154,156,166,167,168,169,170,172,174,176,178,179,189,190,191,195,196,197,198,200,201,211,212,213,215,218,219,220,221,222,223,234,235,237,238,240,241,243,244,245,256,260,263,264,266,267,282,286,288,289,304,307,308,310,312,320,327,328,329,330
465,465,143
1,2,3,7,8,9,10,11,15,16,17,18,21,22,25,29,30,31,32,33,38,39,40,43,44,45,47,51,52,53,54,55,57,58,59,60,61,63,64,65,66,67,69,75,76,77,78,79,80,82,87,88,90,91,97,98,99,100,101,102,103,104,107,109,110,112,113,120,121,122,123,126,130,131,132,133,135,143,145,146,148,151,154,156,157,164,166,167,168,169,172,174,175,176,178,179,190,191,195,196,197,198,200,201,211,212,213,218,219,220,222,223,234,235,238,240,241,242,243,244,245,257,260,262,263,264,265,266,267,282,284,285,286,288,289,307,308,310,312,320,327,329,330
103,103,135
1,3,8,9,10,11,14,15,16,17,18,22,25,30,31,32,33,38,39,40,43,44,45,46,47,51,53,54,55,57,58,60,61,66,69,75,76,77,78,79,81,82,87,88,91,96,97,98,99,100,101,102,104,108,109,110,112,120,121,122,123,124,125,126,130,131,132,135,142,143,145,146,147,152,153,154,155,156,157,166,168,169,172,173,174,175,176,177,179,190,191,195,196,197,198,199,200,201,211,212,213,218,219,220,222,223,234,235,237,239,241,242,243,244,245,256,257,260,263,264,265,266,267,279,284,286,288,307,308,310,312,320,327,329,330
179,179,127
1,3,7,8,9,10,13,15,16,17,25,30,31,32,33,38,39,40,43,44,47,51,52,53,54,55,60,61,63,64,65,66,68,69,74,76,77,78,79,81,82,85,86,88,90,91,96,97,98,99,100,101,104,105,107,109,110,112,122,123,125,126,129,130,131,132,135,143,145,146,148,156,157,168,170,174,175,176,179,189,190,195,196,197,198,199,201,212,213,214,217,218,219,220,221,222,223,234,235,238,239,240,241,242,243,244,245,255,257,263,264,266,267,279,282,286,288,290,301,304,307,308,310,312,327,329,330
512,512,143
1,3,7,8,9,10,11,13,14,15,16,17,21,22,23,24,25,26,29,30,31,32,33,34,36,37,38,39,40,42,44,47,51,52,53,54,56,59,60,61,66,68,69,75,77,78,79,82,85,87,88,91,96,100,103,104,107,109,110,113,119,122,123,124,125,126,129,130,131,132,135,141,145,146,148,151,153,156,157,167,168,170,173,176,178,179,187,189,190,191,195,196,197,198,199,200,201,212,213,214,217,218,219,220,221,222,223,234,235,240,241,242,244,245,257,262,263,264,265,266,267,268,277,279,282,285,286,288,289,301,304,306,307,308,309,310,311,312,326,327,328,329,330
148,148,137
4,8,9,10,14,15,16,17,21,22,23,24,25,31,32,33,36,38,39,42,43,44,47,55,56,60,64,65,66,68,69,70,77,78,79,81,82,87,88,90,91,99,100,101,102,103,104,108,109,110,111,113,122,123,124,125,126,129,130,131,132,134,135,143,145,146,147,148,149,151,153,156,157,167,168,170,173,174,176,178,189,190,191,192,194,198,199,200,201,212,213,217,219,220,221,222,223,224,234,235,236,240,241,242,243,244,245,246,257,262,263,264,265,266,267,268,279,284,285,286,288,290,301,304,306,307,308,309,310,311,312,313,326,327,328,329,330
415,415,144
2,3,4,8,9,10,14,15,16,17,24,25,26,31,32,33,36,38,39,41,42,44,46,48,55,59,60,62,63,64,66,69,70,73,76,77,78,79,81,82,85,86,87,88,90,91,92,97,99,101,102,104,107,108,109,110,111,112,113,123,124,125,126,129,131,132,133,134,135,145,146,147,148,149,151,153,154,155,157,166,167,168,169,170,173,174,178,180,190,191,192,194,197,198,199,200,201,202,212,213,216,217,219,220,221,222,223,224,234,235,236,241,242,243,244,245,246,255,257,263,264,265,266,267,268,279,280,285,286,287,288,290,301,304,307,308,310,311,312,323,326,327,329,330
421,421,139
4,5,8,9,10,13,14,15,16,17,21,22,24,25,26,31,32,33,36,38,39,43,44,46,48,54,55,60,62,63,65,66,69,70,76,77,78,79,80,82,87,88,91,99,100,101,102,103,104,108,109,110,113,121,122,123,125,126,129,130,131,132,135,145,146,147,148,151,152,154,155,156,157,158,166,167,168,170,172,173,174,175,179,180,188,189,190,195,198,199,200,202,212,216,217,218,220,221,222,223,224,234,235,240,241,242,243,244,245,246,247,257,263,264,265,266,267,268,277,279,280,285,286,288,289,290,299,301,306,307,308,310,311,312,324,327,328,329,330
519,519,146
3,4,5,9,10,11,14,15,16,17,22,25,26,27,30,31,32,33,35,36,37,38,39,42,43,44,47,48,54,55,60,64,65,66,69,70,76,77,78,79,80,81,82,86,87,88,90,92,98,99,101,102,103,104,108,109,110,113,114,121,122,123,125,126,129,130,131,132,134,135,136,146,147,148,149,151,152,158,167,168,169,170,173,174,175,176,189,190,191,194,197,198,199,200,202,212,213,214,216,217,218,219,220,221,222,223,224,234,235,239,241,242,243,244,245,246,256,257,258,262,263,264,266,268,277,279,280,285,286,288,289,290,299,301,302,307,308,311,312,321,322,323,326,327,329,330
432,432,146
3,4,5,8,9,10,11,13,14,15,16,17,21,25,26,27,29,31,32,33,36,37,38,39,41,44,47,48,49,53,54,55,56,59,60,63,64,66,67,69,70,77,78,79,80,81,82,86,88,90,91,92,99,101,102,103,104,107,108,109,110,113,114,121,123,125,126,131,132,135,136,146,148,151,153,154,156,157,158,169,170,172,173,174,175,178,179,189,190,192,194,196,197,198,199,200,202,212,213,214,216,217,220,221,222,224,234,235,236,239,241,242,243,244,246,257,258,261,262,263,264,266,268,277,279,280,281,282,285,286,289,290,299,301,302,303,305,307,308,311,312,321,327,328,329,330
192,192,139
4,5,8,9,10,11,12,13,14,15,16,17,21,25,26,30,31,32,33,36,37,38,39,41,42,43,47,48,54,55,56,59,63,69,70,76,77,78,82,85,87,88,91,92,98,99,101,102,103,104,107,108,109,110,113,114,124,125,126,129,130,131,132,135,136,144,145,146,148,151,152,157,158,167,170,173,174,176,178,180,189,190,192,195,197,198,199,200,201,211,212,213,214,217,218,220,221,222,233,234,235,236,238,239,240,241,242,244,246,257,258,261,262,263,264,266,268,279,280,285,286,289,290,291,299,301,302,306,307,308,311,312,313,321,324,325,327,329,330
192,192,139
5,8,9,10,11,12,13,14,15,16,17,20,21,25,26,27,31,32,33,34,36,37,38,39,42,43,47,48,49,53,54,55,59,62,64,65,66,69,70,76,77,78,79,81,82,86,87,88,99,101,103,104,108,109,110,113,114,121,124,125,126,129,130,131,132,136,144,147,148,151,152,154,157,158,167,169,170,171,172,173,174,175,176,181,189,190,194,195,196,197,198,199,203,212,213,214,216,217,218,219,220,221,224,235,236,239,240,241,242,244,245,246,257,258,259,263,264,266,268,279,285,286,287,289,290,299,301,302,307,308,311,312,313,321,324,327,328,329,330
137,137,144
4,5,8,9,10,11,12,13,14,15,16,17,22,25,26,27,30,31,32,33,34,36,37,38,39,41,42,43,44,47,48,49,54,55,56,58,59,60,62,63,64,65,66,70,71,76,77,78,79,85,86,87,88,90,91,92,98,99,100,101,103,104,107,108,109,110,113,114,115,121,122,123,125,126,129,131,132,136,148,151,153,154,156,167,169,170,171,173,174,175,176,178,179,180,189,190,195,196,197,198,200,201,203,212,213,217,218,220,221,224,234,235,236,238,240,241,242,244,246,257,258,259,263,264,266,268,279,280,286,289,290,291,299,301,302,303,311,312,313,321,327,328,329,330
129,129,145
4,5,8,9,12,13,14,15,16,17,20,21,22,25,26,27,29,30,34,36,37,38,39,41,42,43,48,49,57,59,60,62,63,64,65,66,69,70,71,78,79,82,84,85,86,87,88,90,91,92,93,96,101,102,103,104,107,108,109,110,112,113,114,115,123,125,126,129,130,131,132,133,136,137,146,148,151,152,153,154,158,168,169,173,174,175,176,178,179,180,188,189,191,193,195,197,198,200,203,214,217,218,220,221,223,224,225,235,236,238,239,240,241,242,244,245,246,247,259,261,262,263,264,266,267,268,269,281,286,287,289,290,291,300,304,305,306,307,308,311,312,313,327,329,330
128,128,128
4,5,8,12,13,14,15,16,17,20,27,38,39,41,42,43,44,48,54,55,56,57,59,60,62,65,66,70,71,76,78,84,86,88,91,92,93,101,103,106,108,109,110,112,114,115,121,122,123,125,126,129,130,131,132,133,136,144,148,149,152,154,167,170,171,173,174,176,185,189,190,192,194,195,196,197,198,201,206,207,218,219,220,221,223,225,228,229,230,236,237,238,241,242,244,245,246,247,251,253,257,258,259,262,263,264,267,268,271,272,273,274,280,281,285,286,289,290,291,296,300,307,308,316,327,328,329,330
97,97,147
9,10,12,13,14,15,16,17,19,20,22,26,27,32,34,35,36,37,38,39,42,43,44,48,49,54,55,56,57,59,60,62,63,64,65,66,70,71,76,82,85,86,88,90,92,93,101,103,106,107,109,110,114,115,121,122,123,124,125,126,129,130,131,132,136,144,147,148,149,151,152,153,154,157,158,159,170,173,174,176,178,179,181,189,190,193,196,197,198,200,201,202,212,214,217,218,219,220,221,222,223,225,236,237,241,242,244,245,247,251,252,258,259,263,264,267,268,272,273,274,275,278,279,281,285,286,290,291,292,296,297,300,303,305,307,308,309,313,314,315,316,319,324,327,328,329,330
70,70,140
9,10,12,13,14,15,16,17,19,21,22,26,27,32,35,37,38,39,41,42,43,48,49,54,55,59,60,62,63,64,65,66,70,71,76,79,82,86,87,88,90,92,93,100,101,107,108,109,110,114,115,121,123,124,125,126,130,131,132,136,137,147,148,149,151,152,153,154,158,170,173,174,175,176,180,184,190,195,196,197,198,200,207,212,213,217,219,220,222,225,230,234,235,236,241,242,244,245,246,247,250,251,253,256,263,264,266,267,268,271,272,273,274,278,281,285,286,290,291,292,293,294,295,296,300,302,305,307,308,312,314,315,316,317,318,322,327,328,329,330
70,70,140
9,10,12,13,14,15,16,17,19,20,21,22,23,27,31,32,34,35,36,37,38,39,40,41,42,43,48,49,54,57,59,60,63,64,65,66,70,71,72,78,79,80,81,82,85,86,87,88,90,92,93,100,101,107,108,109,110,115,121,123,125,126,129,130,131,132,134,135,137,146,147,148,149,152,154,158,159,167,170,173,174,175,176,180,189,196,197,198,199,200,201,203,212,217,220,234,235,236,241,242,244,245,247,256,263,264,268,269,270,272,273,274,275,278,279,281,283,284,285,286,291,292,293,294,295,296,300,301,302,306,307,308,312,315,316,317,318,322,329,330
92,92,140
5,9,10,12,13,14,15,16,17,20,22,27,28,34,35,36,37,38,39,40,41,42,43,44,49,50,54,56,60,63,65,66,71,78,80,82,87,88,92,100,101,103,107,108,109,110,114,115,121,125,129,130,131,132,134,135,145,147,151,152,153,154,159,161,170,173,174,175,176,180,183,184,185,186,189,195,196,197,198,200,201,202,203,206,211,212,213,215,219,220,222,223,224,226,228,229,234,237,241,242,244,245,246,247,248,252,253,256,259,262,263,264,267,269,270,278,280,281,285,286,290,291,292,293,294,295,296,306,307,308,309,312,315,316,317,318,326,328,329,330
69,69,133
6,9,10,12,13,14,15,16,17,19,21,22,32,33,34,35,36,37,38,39,40,41,42,43,44,50,54,56,60,62,63,64,65,66,71,72,77,78,80,82,86,87,88,93,100,101,108,109,110,114,121,122,125,129,130,131,132,134,137,147,148,149,151,152,153,154,158,170,171,173,174,175,176,180,181,193,195,196,197,198,202,203,212,213,217,218,220,223,224,234,235,241,242,244,245,246,248,251,257,259,262,263,264,266,268,270,273,278,279,281,286,290,291,293,294,295,296,302,306,307,308,314,315,316,317,318,324,325,326,327,328,329,330
342,342,145
6,9,10,11,12,13,14,15,16,17,19,20,21,22,32,33,34,35,36,37,38,39,40,41,42,43,44,49,58,59,60,62,63,64,65,66,76,79,80,81,82,85,86,87,88,93,94,100,101,107,108,109,110,114,115,122,125,130,132,136,137,144,147,148,152,153,154,158,159,167,170,171,173,175,176,180,183,185,191,192,193,195,196,197,198,201,202,206,207,212,213,218,220,225,229,230,234,241,242,245,246,247,248,250,251,253,256,257,258,259,262,264,268,269,270,272,274,275,278,281,284,286,290,293,294,296,297,302,306,307,308,309,313,314,315,316,317,318,324,325,326,327,328,329,330
91,91,134
6,9,10,12,13,14,15,16,17,20,22,28,32,33,34,35,36,37,38,39,41,42,43,44,50,56,58,59,60,63,64,65,66,72,76,78,79,81,82,85,86,87,88,90,94,99,102,103,107,108,109,110,113,114,122,123,125,127,129,130,131,132,135,136,144,145,146,147,148,151,152,154,170,171,173,174,175,176,180,181,189,193,195,196,197,198,201,203,212,220,225,234,235,241,242,246,247,252,256,258,262,264,269,270,272,274,278,279,280,281,285,286,290,293,294,295,302,305,306,307,308,312,313,314,315,316,317,318,319,324,326,328,329,330
566,566,134
6,9,12,13,14,15,16,17,19,20,22,32,34,35,36,37,38,39,41,42,43,44,54,58,59,60,61,62,64,65,66,72,77,79,82,85,86,87,88,90,93,95,101,102,103,108,109,110,123,125,127,130,131,132,133,136,137,147,148,149,151,152,153,154,170,171,173,174,175,176,180,181,184,189,196,197,198,201,203,206,207,211,212,213,219,220,223,224,225,230,233,234,235,241,242,246,247,253,256,258,262,263,264,268,269,270,271,272,273,276,278,279,280,284,285,286,289,290,292,293,294,295,300,302,306,307,308,315,316,317,323,328,329,330
90,90,135
8,10,11,12,13,14,15,16,17,19,20,21,22,31,35,36,37,38,39,41,42,43,44,54,57,59,61,62,63,64,65,66,67,72,73,79,86,87,88,91,93,95,101,102,108,109,110,113,116,117,123,125,126,127,129,130,131,132,133,136,137,138,139,147,148,149,152,153,154,158,159,168,171,174,175,176,180,183,189,195,196,197,198,201,203,210,211,213,218,219,220,223,225,226,227,228,229,232,233,234,241,242,246,247,248,250,252,264,268,271,274,275,277,278,280,284,286,290,291,292,293,296,300,302,307,308,313,315,318,320,322,323,327,328,330
5,5,132
8,9,10,12,13,14,15,16,17,22,35,36,37,38,39,41,42,43,44,55,56,57,59,61,62,63,64,66,71,73,78,86,87,88,91,92,93,94,95,99,100,101,102,108,110,115,116,117,122,125,127,130,132,133,137,138,139,145,146,147,148,149,152,153,154,156,171,175,176,180,193,196,197,198,201,202,205,207,211,218,219,220,224,227,228,229,233,234,235,242,245,246,249,252,253,254,255,256,260,263,264,268,269,270,271,275,276,278,280,281,282,285,286,291,294,297,300,303,305,308,312,313,315,316,318,319,321,322,326,328,329,330
5,5,133
4,9,10,12,13,14,15,16,17,19,22,31,33,34,35,36,37,38,39,41,42,43,44,55,58,59,60,64,65,66,77,78,82,85,86,87,88,93,94,95,99,100,101,107,108,109,110,117,122,123,125,126,129,130,131,132,136,139,147,149,152,153,154,156,171,175,176,183,195,196,197,198,201,205,207,211,218,219,220,224,225,228,229,230,233,234,235,241,242,246,247,249,252,255,256,257,260,262,263,264,269,270,271,274,275,276,277,278,279,281,285,286,291,292,296,297,299,300,303,306,308,314,315,316,318,319,320,321,322,323,328,329,330
89,89,142
9,10,11,12,13,14,15,16,17,19,20,21,22,31,32,33,34,35,36,37,38,39,40,41,42,43,44,56,58,59,60,63,64,65,66,78,86,87,88,91,94,95,96,99,100,101,102,107,108,109,110,116,117,122,125,130,131,132,134,137,139,146,147,148,153,154,161,170,171,175,176,179,181,183,185,189,191,194,196,198,201,203,205,206,207,211,213,217,218,219,220,223,224,225,226,228,233,234,235,241,242,247,249,252,255,256,264,269,271,274,275,276,277,278,281,285,286,291,292,293,294,296,297,298,299,302,306,308,314,315,316,317,318,319,320,321,322,323,327,328,329,330
310,310,146
10,11,12,13,14,15,16,19,20,21,22,32,33,35,36,37,38,39,40,41,42,43,52,58,59,60,61,62,63,64,65,66,77,78,85,87,88,95,99,100,101,102,108,109,110,115,117,122,125,129,131,132,134,136,137,139,145,148,152,153,154,159,161,163,166,167,170,171,174,175,176,179,181,183,189,193,196,198,201,203,205,208,211,214,218,219,220,224,225,227,228,229,230,232,233,234,241,242,247,249,252,253,255,256,264,269,270,271,275,277,278,280,281,285,286,290,291,292,293,294,295,296,297,298,299,302,304,305,306,307,308,312,313,314,315,316,317,318,319,320,321,322,323,327,328,330
50,50,127
9,10,11,12,13,14,15,16,18,19,20,21,22,31,32,33,35,36,37,38,39,41,42,43,59,60,62,63,64,65,66,72,77,78,85,86,87,88,92,94,99,100,108,109,110,112,115,117,122,125,131,132,139,146,153,154,157,159,170,171,175,176,179,180,181,183,193,196,197,198,203,205,211,218,219,220,224,227,228,229,230,233,234,241,242,246,247,249,251,252,255,256,260,263,264,268,269,270,275,277,278,280,281,284,285,286,291,292,293,296,298,299,300,301,302,306,308,313,315,318,319,320,322,323,327,328,330
49,49,131
9,10,11,12,13,14,15,16,19,20,21,22,31,32,35,36,37,38,39,41,42,44,55,59,60,62,63,64,65,66,74,77,78,86,87,88,94,99,100,108,109,110,115,117,122,125,131,132,135,137,138,139,147,153,154,157,166,170,171,175,176,180,181,183,193,196,197,198,201,203,205,206,207,210,211,218,219,220,224,227,228,229,230,231,233,234,241,242,246,247,249,252,253,255,256,258,263,264,268,269,271,274,275,277,278,280,281,284,285,286,291,292,293,294,296,297,303,306,308,315,316,318,319,321,322,323,326,327,328,329,330
80,80,135
3,8,10,11,12,13,14,15,19,20,21,22,32,35,36,37,38,39,40,41,42,44,54,55,57,59,60,61,62,63,64,65,74,78,79,80,82,86,87,88,93,94,100,101,103,108,109,110,115,116,122,125,131,132,138,145,147,148,153,154,159,170,171,175,176,180,181,183,189,192,193,196,197,198,202,203,205,206,207,211,214,218,219,220,224,225,227,228,233,234,235,240,241,242,246,247,253,255,256,262,263,264,268,269,271,274,275,278,279,280,281,283,284,285,286,291,292,293,296,299,306,308,315,316,317,318,319,320,322,323,326,327,328,329,330
293,293,138
10,11,12,13,14,15,19,20,21,22,31,32,33,35,36,37,38,39,40,41,42,43,44,52,54,59,60,62,63,64,66,71,73,81,82,85,86,87,88,94,99,100,102,108,109,110,115,116,122,123,129,131,132,134,138,145,147,148,152,153,154,170,171,173,175,176,180,181,182,183,189,193,194,196,197,198,202,203,205,210,211,218,219,220,224,225,227,228,233,234,240,241,242,246,247,253,255,256,257,260,261,262,263,264,268,269,271,274,276,277,278,279,280,283,284,285,286,291,293,294,295,296,297,299,300,306,308,312,313,315,316,317,318,319,322,323,328,330
464,464,144
8,9,10,11,12,13,14,15,16,19,20,21,22,25,27,31,32,33,36,37,38,39,41,42,43,44,46,47,51,55,59,60,61,62,63,64,67,80,81,82,85,86,87,100,107,108,109,110,122,123,126,127,130,131,139,147,149,152,153,154,158,159,161,166,170,173,175,176,180,181,182,183,188,189,193,197,198,202,203,211,218,219,220,224,225,229,230,233,234,241,242,246,247,249,252,253,254,255,256,257,261,262,263,264,267,269,270,271,272,273,274,276,277,280,284,285,286,289,291,292,293,294,295,296,297,298,300,306,308,314,315,316,317,318,319,320,321,322,323,324,325,326,329,330
110,110,144
9,10,11,12,13,14,15,20,21,22,32,35,36,37,38,39,41,42,43,44,49,51,52,55,58,59,60,61,62,63,64,65,66,71,77,78,81,82,86,87,101,107,108,109,110,122,123,125,130,131,132,136,138,144,145,148,149,151,152,153,154,158,159,161,166,173,174,175,176,181,183,185,188,193,194,197,198,202,203,204,205,210,211,218,219,220,224,225,226,227,232,233,234,241,242,246,247,248,249,250,252,253,255,261,263,264,267,271,272,273,274,276,277,278,284,285,286,292,293,294,295,297,298,299,300,302,303,306,307,308,314,315,316,317,319,320,321,322,323,325,326,327,329,330
466,466,139
9,10,11,12,13,14,15,18,19,20,21,22,25,31,32,33,34,35,36,37,38,39,41,42,43,44,47,55,58,59,60,62,63,64,66,77,82,86,87,88,108,109,110,122,123,125,129,130,131,132,136,137,138,145,147,149,151,152,153,154,159,161,169,170,171,174,175,176,180,181,183,188,192,193,194,196,197,198,202,203,204,205,210,211,218,219,220,225,226,227,233,241,242,247,248,250,251,252,254,255,262,263,264,272,273,274,275,276,277,284,285,286,291,293,294,295,296,297,298,299,300,303,306,307,308,313,315,316,317,318,319,320,321,322,325,326,327,329,330
477,477,139
9,10,11,12,13,14,15,19,20,21,22,25,33,35,36,37,38,41,42,43,44,55,58,59,60,62,63,64,66,79,80,81,82,85,86,87,88,104,108,109,110,123,125,131,132,137,138,147,148,149,152,153,154,159,161,167,169,170,171,174,175,176,181,183,185,188,192,193,195,196,197,198,203,204,205,210,211,215,218,219,220,225,226,227,233,241,242,247,248,249,250,251,252,253,254,255,260,262,263,264,271,272,273,274,275,276,277,278,282,284,285,286,291,293,294,295,296,297,298,299,300,303,304,305,306,307,308,313,315,316,317,319,320,321,322,326,327,329,330
561,561,130
9,10,11,12,13,14,15,20,21,22,30,33,35,36,37,38,40,41,42,43,44,47,49,55,57,58,59,60,62,63,64,66,77,78,79,80,81,82,85,86,87,88,100,104,107,108,109,110,123,125,131,132,137,138,139,148,149,152,153,154,159,160,161,167,170,171,174,175,176,181,188,189,192,193,197,198,203,204,205,208,210,211,218,219,220,225,226,227,233,241,242,247,248,249,250,251,252,255,263,264,269,270,272,273,274,275,276,277,282,284,285,286,291,293,294,295,296,297,298,315,316,317,318,319,322,325,326,327,329,330
199,199,143
9,10,11,12,13,14,15,20,21,22,30,33,35,36,37,38,40,41,42,43,44,53,55,57,58,59,60,62,63,64,66,77,78,79,80,81,82,85,86,87,88,99,101,104,107,108,109,110,123,125,129,130,131,132,137,139,145,148,149,153,154,159,160,161,167,170,171,174,175,176,181,188,192,193,197,198,203,204,205,210,211,218,219,220,225,226,227,233,241,242,247,248,249,250,252,253,255,260,263,264,267,269,270,271,272,273,274,275,276,277,282,283,284,285,286,291,292,293,294,295,296,297,298,299,300,306,307,308,313,315,316,317,318,319,320,321,322,325,326,327,328,329,330
199,199,141
9,10,11,12,14,15,20,21,22,25,30,31,32,33,35,36,37,38,40,41,42,43,44,47,48,55,57,58,59,60,62,63,64,66,70,81,82,85,86,87,88,101,104,107,108,109,110,129,131,132,137,148,149,153,154,159,160,161,170,171,174,175,176,181,182,188,192,193,197,198,203,204,205,206,210,211,219,220,226,227,228,233,241,242,247,248,249,250,252,253,254,255,260,263,264,269,270,271,272,273,274,275,276,277,278,280,282,283,284,285,286,291,292,293,294,295,296,297,298,299,300,305,306,307,308,312,313,315,316,317,318,319,320,321,322,325,326,327,328,329,330
471,471,135
9,10,11,12,15,20,21,22,30,31,33,35,36,37,40,41,42,43,44,47,48,55,57,58,59,60,62,63,64,66,77,81,82,85,86,87,88,99,100,101,104,107,108,109,129,131,132,137,138,148,149,153,154,159,160,161,166,169,170,171,174,175,176,181,182,183,188,192,193,198,203,204,205,206,210,211,219,220,226,227,228,232,233,241,242,247,248,249,250,252,254,255,260,263,264,269,270,271,272,273,274,275,276,277,278,282,283,284,285,286,291,292,293,294,295,296,297,298,299,303,304,305,306,307,315,316,317,318,319,320,321,326,327,328,329
107,107,137
9,10,11,12,13,15,20,21,22,30,31,32,33,35,36,37,38,40,41,42,43,44,53,55,56,58,59,60,61,62,63,64,66,69,77,78,81,82,85,86,87,88,100,104,109,123,132,137,138,145,146,152,153,154,155,159,160,161,167,169,170,175,176,181,182,183,188,192,193,194,196,198,203,204,205,206,210,211,215,220,226,227,228,232,233,242,247,248,249,250,251,252,253,254,255,260,263,264,269,270,271,272,273,274,275,276,277,278,282,283,284,285,291,292,293,294,295,296,297,298,299,305,306,307,308,314,315,316,317,318,319,320,321,322,326,328,329
552,552,140
9,10,11,12,14,15,20,21,22,30,31,32,33,35,36,37,42,43,44,53,58,59,60,61,62,63,66,78,80,81,82,83,84,85,86,87,88,95,96,99,100,103,104,106,108,109,110,115,117,130,132,137,139,140,152,153,154,159,160,161,174,175,176,181,182,183,187,188,192,195,196,197,198,203,204,205,206,210,217,218,220,226,227,228,232,233,234,238,240,241,242,245,247,248,249,250,254,255,260,261,262,263,264,269,270,271,272,273,274,275,276,277,278,279,283,284,285,291,293,294,295,296,297,298,299,300,305,306,307,308,312,314,316,319,320,321,322,328,329,330
164,164,136
9,10,12,14,15,17,20,21,22,30,31,32,35,36,37,38,42,43,44,52,53,55,58,59,60,61,62,63,64,65,66,77,78,80,81,82,83,84,85,86,93,94,95,96,100,103,104,106,108,109,110,116,117,121,128,130,132,137,138,139,143,152,154,159,160,161,165,172,175,176,181,182,183,187,188,192,195,196,197,198,203,204,205,206,210,217,218,219,220,226,227,228,232,233,238,240,241,242,247,248,249,250,251,254,255,260,261,262,269,270,271,272,273,274,275,276,277,283,284,285,295,296,297,298,299,300,305,306,307,308,322,323,325,328,329,330
164,164,130
9,10,11,12,13,14,15,17,19,20,21,22,30,31,32,34,35,36,37,41,42,43,44,53,55,58,59,60,61,62,63,64,65,66,80,81,82,84,85,86,88,93,94,95,99,104,105,106,107,109,110,116,117,118,121,124,126,128,130,132,137,138,139,148,150,154,160,161,172,174,176,182,183,187,189,194,195,196,197,198,203,204,205,206,209,210,215,216,218,220,226,227,228,232,238,239,240,241,245,247,248,249,250,253,254,255,260,261,264,273,274,275,276,277,283,284,285,286,297,298,299,303,305,306,307,308,327,328,329,330
172,172,129
9,10,11,12,13,14,15,21,22,30,31,32,34,35,36,37,42,43,44,53,56,58,59,60,62,63,64,65,66,77,80,81,82,83,84,85,86,88,94,95,102,103,104,105,106,107,108,109,110,117,118,121,124,126,128,129,130,131,132,137,138,139,142,148,149,150,152,154,159,160,161,164,165,166,169,172,174,175,176,182,183,189,192,194,195,196,197,204,205,206,209,210,211,214,217,218,220,226,227,228,232,233,238,241,242,250,254,255,260,264,274,275,276,277,283,284,285,299,303,304,305,306,307,308,309,326,327,328,329
438,438,133
9,12,13,14,15,17,19,20,21,31,32,34,35,36,42,43,44,51,53,55,56,58,59,60,62,63,64,65,66,74,75,80,81,82,83,84,85,86,87,88,95,96,99,100,102,103,104,105,106,107,108,109,110,116,117,118,121,126,128,129,130,131,138,139,145,147,149,150,152,154,159,160,161,164,165,171,172,174,182,183,187,192,194,195,196,197,198,203,204,205,206,209,210,211,216,217,218,219,220,226,227,228,232,233,237,238,239,240,241,242,254,255,256,260,263,264,275,276,277,278,281,283,284,285,304,305,306,307,308,327,328,329,330
401,401,135
9,11,12,13,14,15,17,20,21,22,30,31,32,34,35,36,38,39,41,42,43,44,53,55,56,58,59,60,61,62,63,64,65,66,74,75,77,80,81,82,83,84,85,86,87,94,95,102,103,104,105,106,107,108,109,110,116,117,118,121,124,126,128,129,130,131,132,137,138,139,140,149,160,161,164,169,171,172,174,176,181,182,183,186,187,188,194,195,197,198,203,204,205,206,209,210,215,216,218,219,220,227,228,232,233,237,238,239,240,241,252,254,255,256,260,262,263,264,275,276,277,278,279,283,284,285,303,305,306,307,308,327,328,329,330
566,566,140
9,12,13,14,15,17,20,21,22,31,33,34,35,36,38,39,41,42,43,44,52,53,56,58,59,60,61,62,63,64,65,66,73,74,75,80,81,82,83,84,85,86,87,88,99,101,103,104,106,107,108,109,110,117,118,121,124,126,128,129,130,132,137,138,139,140,142,148,149,150,151,152,160,161,162,164,171,172,174,175,176,181,182,183,188,192,194,198,204,205,209,210,211,215,216,217,218,219,220,228,232,233,234,237,238,240,241,242,254,255,256,260,261,262,263,264,275,276,277,278,279,280,283,284,285,298,299,301,303,304,305,306,307,308,309,325,326,327,328,330
162,162,132
9,12,13,14,15,17,20,21,22,31,34,36,38,39,42,43,44,52,53,55,56,58,59,60,64,65,66,73,74,75,77,78,80,81,82,83,84,85,86,88,99,102,103,104,106,107,108,109,110,116,118,121,123,125,126,127,128,129,130,138,139,140,147,148,149,150,151,152,160,161,162,164,165,170,171,175,176,182,183,187,188,194,198,204,205,209,210,214,215,216,217,218,219,220,228,232,233,234,237,238,239,240,241,242,253,254,255,260,261,262,263,264,274,275,276,277,278,279,283,284,285,298,299,300,305,306,307,308,326,327,328,330
15,15,138
1,3,9,13,14,15,17,19,20,21,22,30,31,32,33,34,36,39,40,41,42,44,52,53,55,56,58,59,60,61,62,65,66,73,74,75,78,80,81,82,83,84,85,87,88,94,96,98,99,102,103,104,105,106,107,108,109,110,116,121,124,125,126,128,129,131,132,138,139,140,142,148,149,150,151,152,160,161,162,164,181,182,183,184,186,195,197,198,204,205,209,210,211,215,216,217,218,219,220,232,233,234,237,238,239,240,241,250,253,254,255,256,259,260,261,262,264,274,275,276,277,278,279,283,284,285,286,287,298,299,300,302,304,305,306,308,327,328
378,378,136
3,14,15,17,21,22,31,32,34,36,39,41,42,52,55,56,58,59,60,61,62,63,64,65,66,73,74,77,78,80,81,82,83,84,85,86,87,88,96,98,99,102,103,104,105,106,107,108,109,110,117,120,121,124,125,126,128,129,130,131,132,138,139,140,145,148,149,150,151,152,153,160,162,164,176,182,183,197,198,204,205,206,209,210,214,215,216,217,218,219,220,227,229,231,232,233,234,237,238,239,240,241,251,252,254,255,256,260,261,262,263,264,273,274,276,277,278,279,283,284,285,286,293,299,300,301,303,305,306,308,322,323,324,327,328,330
47,47,138
3,4,14,15,17,19,20,21,22,24,25,32,36,38,39,42,43,44,52,58,59,60,63,64,65,66,74,77,78,80,81,82,83,84,85,86,87,88,95,96,98,99,102,103,104,105,106,107,108,109,110,116,117,120,121,125,126,127,128,129,130,131,138,140,149,151,153,154,160,162,164,176,182,183,184,186,187,188,193,194,196,198,204,205,209,215,216,218,219,220,226,227,229,230,231,232,233,234,236,237,238,239,240,241,251,252,254,255,256,257,260,261,262,263,264,273,276,277,278,279,281,282,283,284,285,286,298,299,300,303,305,306,307,308,321,327,328,330
389,389,138
3,4,14,15,17,19,20,21,25,36,38,39,41,42,43,44,54,59,63,64,65,66,77,80,81,82,84,86,87,88,95,96,99,101,102,103,104,105,106,107,108,109,110,120,121,125,126,127,128,129,130,131,132,138,140,143,147,148,149,151,152,153,154,160,161,162,164,170,171,173,176,181,183,184,187,188,194,196,197,198,204,205,209,211,215,218,219,220,226,227,229,230,231,232,233,234,236,237,238,239,240,241,250,252,254,255,256,260,261,262,263,264,273,274,275,276,277,278,283,284,285,298,299,302,303,305,306,307,308,320,321,322,324,325,326,327,328,330
390,390,145
3,4,14,15,19,20,21,22,36,41,42,43,44,54,58,60,63,64,65,66,67,73,77,78,80,81,82,84,85,86,87,88,95,96,99,101,102,103,104,105,106,107,108,109,110,117,118,120,121,123,125,126,127,128,129,130,131,132,138,140,143,147,148,151,152,153,154,160,162,164,169,170,171,176,181,183,184,186,194,196,197,198,204,205,209,210,211,214,215,218,219,220,227,229,230,231,232,233,237,238,239,240,241,242,249,250,251,252,253,254,255,256,257,260,261,262,263,264,273,276,277,278,279,282,283,284,285,287,298,299,302,303,305,306,307,308,321,322,323,324,325,326,327,328,330
71,71,138
3,4,5,12,14,15,17,19,20,21,22,36,41,42,43,44,56,58,60,63,64,65,66,77,80,81,82,87,88,95,99,102,103,104,105,106,107,108,109,110,114,116,120,121,123,124,125,126,128,129,130,131,132,140,144,147,148,151,152,153,154,160,164,170,171,172,173,174,176,181,182,183,184,186,187,194,196,197,198,204,205,209,215,218,219,220,226,227,229,230,231,232,238,239,240,241,242,248,249,250,251,252,253,254,255,256,259,260,261,262,263,270,273,276,277,278,280,282,283,284,285,286,293,298,299,302,303,304,305,306,307,308,321,322,326,327,328,330
37,37,131
3,4,12,14,16,20,21,22,25,36,41,42,43,56,58,60,63,64,65,66,77,80,81,82,87,88,95,99,101,102,103,104,105,106,107,108,109,110,121,125,126,128,129,130,131,132,140,143,147,148,149,151,152,153,154,160,169,170,171,176,181,182,186,187,194,196,197,198,204,205,208,209,214,215,218,219,220,226,227,228,230,231,232,234,237,238,239,240,241,242,247,248,249,251,252,253,254,255,256,259,260,261,262,263,264,270,273,276,277,278,279,282,283,284,285,293,298,299,300,301,303,304,305,306,308,321,322,323,326,327,330
37,37,132
3,4,12,20,21,22,36,38,39,41,42,43,56,58,63,64,65,66,77,80,81,82,84,87,99,101,102,103,104,105,106,107,108,109,110,118,121,125,126,127,128,129,130,131,132,140,143,147,148,149,151,152,153,154,160,162,170,171,174,176,181,182,186,187,192,194,197,198,204,205,208,210,215,217,219,220,224,226,227,228,229,230,231,232,234,236,237,238,239,241,242,247,248,249,251,252,253,254,255,256,259,260,261,262,263,264,270,272,273,275,276,277,278,279,281,282,283,284,285,293,294,298,299,300,301,309,323,324,325,326,327,330
28,28,135
3,4,5,12,20,21,22,41,42,43,44,58,63,64,65,66,77,80,81,86,87,88,103,104,105,106,107,108,109,110,121,125,126,127,128,129,130,131,132,140,142,143,147,148,149,151,152,154,159,160,162,170,171,172,173,174,176,181,182,184,186,192,193,194,197,198,204,205,206,208,215,217,219,220,226,227,228,230,231,234,236,237,238,239,241,242,247,248,249,250,251,252,253,254,255,259,260,261,262,263,264,270,272,274,275,276,277,278,279,280,282,283,284,285,287,293,294,298,299,300,301,302,303,304,305,308,316,320,321,322,323,325,326,327,330
44,44,130
4,5,16,20,21,22,25,26,27,40,41,42,43,44,58,60,63,64,65,66,68,77,80,85,86,87,88,103,104,105,106,107,108,109,110,121,125,126,127,128,129,130,131,132,138,140,143,148,149,150,151,152,154,160,161,162,166,170,171,172,173,174,176,181,182,184,192,193,194,195,197,198,203,204,205,208,209,215,218,219,220,226,227,228,230,231,237,238,240,241,242,247,248,249,250,251,252,253,254,258,259,260,261,262,263,264,270,271,272,275,276,277,278,282,283,284,285,293,294,298,301,302,306,315,316,320,322,323,327,330
320,320,142
4,5,16,20,21,22,25,26,27,38,41,42,43,44,47,56,58,60,61,62,63,64,65,66,68,77,80,84,85,86,87,88,90,102,103,104,105,106,108,109,110,111,125,126,127,128,129,130,131,138,143,148,149,150,151,152,153,154,160,161,162,165,170,171,172,173,174,176,181,182,183,184,185,192,193,194,195,197,198,203,204,205,208,209,216,218,220,226,227,230,231,238,240,242,247,248,249,252,253,254,259,260,261,262,263,264,269,270,271,275,276,277,278,282,283,284,285,286,292,293,294,296,298,299,300,301,303,305,306,307,308,315,316,320,321,322,323,324,325,326,327,330
341,341,123
3,4,5,14,16,20,21,22,25,26,27,38,41,42,43,44,58,60,62,63,64,65,66,68,77,80,82,84,85,86,87,88,89,90,99,103,104,106,108,109,110,125,126,127,128,129,130,138,143,148,149,150,151,152,153,154,159,160,161,170,171,172,173,174,176,181,182,183,184,185,192,193,194,195,197,198,208,209,218,220,226,227,230,231,238,239,240,242,247,248,249,252,253,254,259,260,261,262,263,264,269,270,271,275,276,277,278,280,282,283,284,285,286,292,293,297,298,299,300,301,303,314,330
490,490,130
2,4,5,14,16,20,21,22,25,26,41,42,43,44,49,58,60,62,63,64,65,66,68,77,80,82,85,86,87,88,89,90,99,101,103,104,106,108,109,110,117,125,126,127,128,130,132,138,143,147,148,149,150,151,153,154,159,160,161,163,165,170,171,173,174,175,176,181,182,183,184,185,191,192,193,194,195,196,197,198,203,204,205,207,208,209,215,216,218,219,220,226,227,230,231,237,239,240,241,242,247,248,249,252,253,254,262,264,269,270,271,275,276,277,278,281,282,283,284,285,286,291,292,293,305,324,325,327,328,330
26,26,135
2,4,5,14,16,20,21,22,26,27,28,36,38,39,41,42,43,44,47,48,49,58,60,61,62,63,64,65,66,68,70,77,80,82,85,86,87,88,89,90,99,101,103,104,106,108,109,110,117,125,126,127,128,130,132,143,148,149,150,151,153,154,159,160,161,163,170,171,173,174,175,176,182,183,184,185,192,193,194,195,196,198,203,204,205,207,208,209,215,216,217,220,225,226,227,230,231,239,240,241,247,248,249,252,253,254,258,264,269,270,271,274,275,276,277,280,282,283,284,285,286,291,292,293,297,300,308,313,314,315,316,321,326,328,330
224,224,145
2,3,4,5,14,15,23,26,27,28,38,39,41,42,43,44,47,48,49,60,61,62,63,64,65,66,68,70,77,80,82,84,85,86,87,88,89,90,99,101,103,106,107,108,109,110,112,125,126,128,129,130,132,148,149,150,151,152,153,154,156,160,161,163,170,171,173,174,175,176,182,184,185,192,193,194,195,196,198,203,204,205,207,208,209,215,216,217,220,225,226,227,230,231,232,238,239,240,241,244,245,247,248,249,252,253,254,255,260,263,264,269,270,271,274,275,276,277,280,282,283,284,285,286,289,290,291,292,293,295,297,298,299,300,301,302,303,304,305,306,308,311,313,328,330
326,326,120
2,3,4,5,14,41,42,43,44,47,48,49,60,61,62,63,64,65,66,67,68,70,77,82,84,85,86,87,88,89,90,92,99,101,103,106,107,108,109,111,112,114,125,126,128,129,130,132,133,134,147,148,149,150,152,153,154,155,161,162,163,169,170,171,172,173,174,175,176,182,184,191,192,193,194,198,203,204,205,207,225,226,227,229,230,231,237,238,239,241,242,245,247,248,249,252,253,254,263,264,268,269,270,271,274,275,276,277,281,282,284,285,286,289,290,291,292,293,328,330
316,316,137
5,14,16,19,20,21,22,23,38,39,41,42,43,44,45,47,48,49,60,61,62,63,64,65,66,67,68,70,77,82,84,85,86,87,88,89,90,92,99,103,106,107,108,109,111,112,113,114,125,126,127,128,129,130,132,133,134,136,147,148,149,150,152,153,154,160,161,163,169,170,171,172,173,174,175,176,178,182,183,184,191,192,193,194,195,196,203,204,207,208,214,215,216,217,218,219,225,226,227,229,230,231,238,239,241,242,247,248,249,252,253,254,262,263,264,268,269,270,271,274,275,276,277,284,285,286,288,289,290,291,292,293,295,326,327,328,330
317,317,136
5,12,14,16,19,20,21,22,23,38,39,45,46,47,60,61,62,65,66,67,68,70,77,80,82,84,85,86,87,88,89,90,92,94,99,103,106,107,109,110,111,112,113,114,124,125,126,128,129,130,132,133,134,136,138,147,148,149,150,151,152,153,154,156,160,169,170,171,173,174,181,182,183,184,186,191,192,193,194,195,196,202,203,204,206,207,208,214,215,216,225,226,227,229,230,231,238,239,240,241,242,246,247,248,249,251,252,253,255,259,260,262,263,264,268,269,270,271,274,275,276,277,280,284,285,286,288,313,314,315,321,323,326,327,328,330
318,318,144
12,14,16,19,20,21,22,36,38,39,41,43,44,48,49,60,61,62,63,64,65,66,70,72,82,84,85,86,87,88,92,93,94,99,103,106,107,108,109,110,112,113,114,116,117,124,125,126,128,129,130,132,136,137,147,148,149,150,151,152,153,154,155,160,161,163,165,168,169,170,171,172,173,174,175,176,181,182,183,184,186,187,191,193,194,195,196,197,198,203,214,215,216,217,218,219,225,226,227,229,230,231,238,239,240,241,242,246,247,248,249,251,252,253,262,263,264,268,269,270,271,274,275,277,278,279,281,284,285,286,288,313,314,315,319,321,322,323,324,325,326,327,328,330
175,175,148
1,14,16,19,20,21,22,36,38,39,42,43,44,48,50,60,61,62,63,64,65,66,70,72,78,82,84,85,86,87,88,92,93,94,103,104,106,107,108,109,110,112,113,114,116,117,125,126,127,128,129,130,131,132,133,134,136,137,141,147,148,150,152,153,154,158,160,161,163,165,169,170,172,173,174,175,176,177,181,182,183,184,185,186,187,191,195,196,197,217,218,219,220,224,225,226,227,228,229,230,231,238,239,240,244,246,247,248,249,251,252,262,263,264,268,269,270,271,274,275,277,281,282,284,285,286,288,290,291,292,293,305,306,313,314,315,316,319,320,321,322,323,324,325,326,327,328,330
292,292,139
1,14,16,19,20,21,22,38,39,59,60,61,62,63,64,65,66,68,70,72,78,82,84,85,86,87,88,90,91,92,93,94,103,104,106,107,108,109,110,112,113,114,116,117,125,127,128,129,131,132,134,136,137,138,141,145,147,148,150,152,153,154,156,158,159,161,162,163,164,165,169,170,172,173,174,175,176,181,182,183,184,186,190,191,197,203,204,205,217,218,219,225,226,227,228,229,230,231,237,238,239,240,242,244,245,246,247,248,260,261,262,263,264,268,269,270,271,274,275,276,281,282,284,288,313,314,315,317,319,320,321,322,323,324,325,326,327,328,330
462,462,149
38,39,41,42,43,44,45,46,49,59,60,61,62,63,64,65,66,68,72,78,82,84,85,86,87,88,89,90,91,92,93,94,103,104,106,107,108,109,110,112,113,114,116,117,125,127,128,129,131,132,134,136,137,138,140,141,147,148,149,150,151,152,153,154,156,158,159,161,162,163,164,169,170,171,172,173,174,175,176,179,180,181,182,184,186,191,192,193,194,197,198,201,203,204,205,206,207,215,216,217,218,219,221,224,226,227,228,229,230,231,237,239,240,241,242,244,245,246,247,248,249,250,251,252,261,262,263,264,268,269,270,271,273,274,275,276,278,279,282,284,289,290,291,292,295,326,327,328,330
166,166,146
2,38,39,41,42,43,44,45,46,59,60,61,62,63,64,65,66,72,78,82,84,85,86,87,88,90,91,92,93,94,103,104,105,106,107,108,109,110,112,113,114,116,117,125,128,129,130,131,132,134,137,138,139,140,141,146,147,148,149,150,151,152,154,158,159,160,161,162,163,164,169,170,171,172,173,174,175,176,177,179,180,181,182,184,185,186,191,201,203,204,205,206,207,214,215,216,217,218,219,226,227,228,229,230,231,237,239,240,241,242,244,245,246,247,248,249,250,251,252,253,259,261,262,263,264,268,269,270,271,273,274,275,276,277,278,284,286,289,290,291,292,293,327,328,329,330
142,142,138
38,39,41,42,43,44,46,56,59,60,61,62,63,64,65,66,70,71,72,78,82,84,85,86,87,88,90,91,92,93,94,103,104,105,106,107,108,109,110,112,114,116,117,125,128,129,131,132,134,136,137,139,140,141,146,147,148,149,150,151,152,158,159,161,162,163,164,169,170,171,172,173,174,197,201,203,204,205,206,207,208,209,214,215,216,217,218,219,222,226,227,228,229,230,237,238,239,240,241,242,244,245,246,247,248,249,250,251,252,253,259,260,261,262,263,264,266,268,269,270,271,273,274,275,276,277,278,284,286,288,289,290,291,292,326,327,328,330
126,126,133
38,39,41,42,43,44,55,56,59,60,61,62,63,64,65,66,71,72,78,82,84,85,86,87,88,90,92,93,94,103,104,105,106,107,108,109,110,112,114,116,117,125,126,127,128,129,131,132,133,134,136,137,139,140,141,146,147,148,149,150,151,152,158,159,161,162,163,164,168,169,170,171,172,197,198,201,203,205,206,207,208,214,216,217,218,219,221,223,226,227,228,229,230,237,238,239,240,242,244,245,248,250,251,252,253,254,258,259,260,261,262,263,264,269,270,271,273,274,275,276,277,283,284,286,288,289,290,291,292,326,327,328,330
149,149,139
38,39,41,42,43,44,56,59,60,61,62,63,64,65,66,68,72,78,82,84,85,86,87,88,89,90,92,93,94,103,104,105,106,107,108,109,110,113,114,116,117,118,125,126,127,128,129,131,132,137,138,139,140,141,146,148,149,150,151,152,154,155,158,159,160,161,162,163,164,167,170,171,172,173,174,175,179,180,181,184,185,186,191,192,193,194,197,207,208,217,218,219,221,230,237,238,239,240,242,245,248,250,251,252,254,257,258,259,260,261,262,263,264,270,271,273,274,275,276,277,284,290,291,292,293,308,310,318,319,320,321,322,323,324,325,326,327,328,330
502,502,143
4,38,39,41,42,43,44,46,56,57,59,60,61,62,63,64,65,66,68,72,78,82,84,85,86,87,88,89,92,93,94,103,104,105,106,107,108,109,110,113,114,116,117,125,126,127,128,129,131,132,137,138,139,140,146,148,149,150,151,152,153,158,159,160,161,162,163,164,170,171,172,173,174,175,176,179,180,183,184,185,186,190,191,192,193,201,203,204,205,206,207,208,212,216,217,218,219,220,222,223,224,225,226,227,228,229,230,236,238,239,240,241,242,248,250,251,252,254,257,258,259,260,261,262,263,264,270,271,272,273,274,275,276,277,284,288,290,292,293,326,327,328,330
133,133,129
38,39,41,42,43,44,48,59,60,61,62,63,64,65,66,71,72,82,84,85,86,87,88,89,93,94,102,103,104,105,106,107,108,109,110,114,116,117,125,126,127,128,129,130,131,132,136,137,138,139,140,146,148,149,150,151,152,153,158,159,160,161,162,163,164,201,203,204,205,206,207,208,216,217,218,219,220,222,223,224,225,227,228,229,230,232,236,238,240,241,242,244,248,250,251,252,253,254,255,257,258,259,260,261,262,263,264,266,270,271,272,273,274,275,276,277,282,283,284,286,288,290,292,293,326,327,328,329,330
109,109,132
15,17,19,20,21,22,59,60,61,62,63,64,65,66,79,82,84,85,86,87,88,89,93,94,99,102,103,104,105,106,107,108,109,110,116,117,124,125,126,127,129,130,131,132,136,137,138,139,140,141,147,148,150,151,152,153,154,158,159,160,180,181,182,183,184,185,186,191,192,193,194,195,196,197,198,201,203,204,205,206,207,208,212,216,225,227,228,229,236,237,239,240,241,242,244,245,246,247,248,250,251,252,253,254,255,258,259,260,261,262,263,264,270,271,272,273,274,275,277,282,283,284,285,313,314,315,316,318,319,320,321,330
448,448,147
15,19,20,21,22,30,35,38,39,43,59,60,61,62,63,64,65,66,82,84,85,86,87,88,89,90,93,94,102,103,104,105,106,107,108,109,110,116,117,124,125,126,127,129,130,131,132,134,136,137,138,139,140,147,148,150,151,152,153,154,158,159,160,161,162,164,168,169,170,171,172,173,174,175,176,178,180,181,182,183,185,186,187,188,191,192,205,206,212,217,224,225,226,227,228,229,233,236,237,239,240,241,242,244,245,246,247,248,258,259,260,261,262,263,264,270,271,272,273,274,277,282,283,284,285,287,292,306,308,309,311,314,315,316,317,318,319,320,321,322,323,325,326,327,328,329,330
448,448,140
5,15,16,17,19,20,21,22,59,60,61,62,63,64,65,66,68,70,82,84,85,86,87,88,89,90,92,93,94,96,102,103,104,105,106,107,108,109,110,114,115,116,117,124,125,126,127,129,130,131,137,138,139,140,146,147,148,149,150,151,152,153,154,157,158,159,160,193,194,195,196,197,198,201,203,204,205,206,207,210,212,214,215,216,225,226,227,228,229,230,231,233,234,236,237,238,239,240,241,242,244,245,246,247,248,250,251,252,254,255,258,259,260,261,262,263,264,266,270,271,272,273,274,277,278,281,282,283,284,285,287,314,315,316,317,318,319,320,321,330
108,108,136
4,5,15,16,17,19,20,21,22,59,60,61,62,63,64,65,66,68,70,82,84,85,86,87,89,90,91,92,93,94,102,103,104,105,106,107,108,110,111,113,114,115,116,117,118,124,125,126,127,128,129,130,131,135,136,137,138,139,140,146,147,148,149,150,151,152,153,157,158,159,160,186,187,190,191,192,201,203,209,210,212,214,215,216,225,226,227,228,229,230,231,232,233,236,237,238,239,240,241,242,244,245,246,247,248,258,259,260,261,262,263,264,266,270,271,272,273,274,275,276,277,278,281,282,283,284,285,314,315,316,317,318,319,320,321,330
154,154,137
4,5,15,16,17,19,20,21,22,35,59,60,61,62,63,64,65,66,68,69,72,82,84,85,86,87,89,90,91,92,93,94,102,103,104,105,106,107,108,109,110,113,114,115,116,117,118,124,125,126,127,128,130,131,135,136,137,138,139,140,146,147,148,150,151,152,153,156,157,158,159,160,185,186,187,190,191,192,201,209,210,214,215,216,225,226,227,228,229,231,232,233,236,237,238,239,240,241,242,244,245,246,247,248,257,258,259,260,261,262,263,264,266,270,271,272,273,274,276,277,278,281,282,283,284,285,286,288,314,315,316,317,318,319,320,321,330
169,169,142
4,15,16,17,19,20,21,22,59,60,61,62,63,65,66,68,69,82,84,85,86,87,88,89,91,92,93,94,103,104,105,106,107,108,110,113,114,115,116,117,118,125,126,127,128,130,131,135,136,137,138,139,140,147,148,150,151,152,153,154,156,157,158,159,160,185,186,187,191,193,194,195,201,202,203,204,205,206,207,208,209,210,211,212,214,215,216,224,225,226,227,228,229,231,232,233,236,237,238,239,240,241,242,244,245,246,247,248,249,250,257,258,259,260,261,262,263,264,266,270,271,272,273,274,276,277,278,281,282,283,284,285,286,288,314,315,316,318,319,321,329,330
184,184,140
4,13,38,39,40,41,42,43,48,49,50,59,60,61,62,63,64,65,66,68,69,82,84,85,86,87,89,91,92,93,94,103,104,105,106,107,108,109,111,113,114,115,116,117,118,125,126,127,128,130,131,135,136,137,138,139,140,147,148,150,151,152,153,154,157,158,159,160,161,162,164,198,201,202,203,204,205,206,208,209,211,214,215,216,230,231,233,234,236,237,238,239,240,241,242,243,245,246,247,248,249,250,251,252,254,255,256,258,259,260,261,262,263,264,266,268,270,271,272,273,274,275,276,277,278,281,282,283,284,285,286,288,289,290,292,293,326,327,328,330
535,535,139
4,5,8,15,16,17,19,20,21,22,59,60,61,62,63,64,65,69,82,83,84,85,86,87,89,91,92,93,94,103,104,105,106,107,108,113,114,115,116,117,118,125,126,127,128,130,137,138,139,140,147,148,150,151,152,153,154,157,158,159,160,193,194,195,196,197,198,201,202,203,204,205,206,208,209,214,215,216,225,226,227,228,229,231,233,236,237,238,239,240,241,242,245,246,247,248,249,250,251,252,253,254,255,256,258,259,260,261,262,263,264,265,266,268,270,271,272,273,274,276,277,278,279,281,282,283,284,285,286,288,313,314,315,316,317,318,319,320,321
144,144,131
5,16,17,19,20,21,22,60,61,62,63,64,65,69,82,83,84,85,86,89,99,103,104,105,106,107,108,109,110,112,113,117,118,125,126,127,128,129,130,131,134,138,139,140,141,147,148,149,150,151,152,153,154,159,160,193,194,195,196,197,198,201,202,203,204,205,206,207,208,209,212,214,215,216,226,227,228,229,231,233,236,237,238,239,240,241,242,245,246,247,248,249,250,251,253,254,255,256,257,258,259,260,261,262,263,264,270,271,272,273,274,276,277,278,279,281,282,283,284,285,286,288,313,314,315,316,317,318,319,321,330
71,71,141
5,17,19,20,21,22,27,32,35,38,39,42,43,44,48,54,60,61,62,63,64,65,82,84,85,86,88,89,104,105,106,107,108,109,111,117,126,127,128,129,130,131,138,141,149,150,151,152,153,154,156,160,162,171,172,173,174,175,176,182,186,190,192,193,194,195,196,197,198,201,202,203,204,207,209,214,215,216,217,218,219,220,223,224,226,227,228,231,233,234,236,237,238,239,240,241,242,244,245,246,248,249,250,251,253,254,255,256,258,259,260,261,262,263,264,266,270,271,272,276,277,278,279,281,282,283,284,285,286,288,289,290,292,293,294,295,296,326,327,328,330
374,374,151
3,5,17,19,20,21,22,27,38,39,40,42,43,44,48,60,61,62,63,64,65,68,82,84,85,86,88,93,104,105,106,107,108,109,111,117,126,127,128,129,130,131,132,136,137,138,141,149,150,151,152,153,154,156,160,168,171,172,173,174,175,176,179,181,186,192,193,194,195,196,197,198,201,202,207,209,214,215,216,217,218,219,220,223,224,225,228,231,233,234,236,237,238,239,240,241,242,245,246,248,249,250,251,253,254,255,256,259,260,261,262,263,264,268,270,271,272,275,276,277,278,279,280,281,282,283,284,285,286,288,289,290,292,293,294,298,299,300,301,302,303,304,305,306,307,308,310,326,327,328,330
97,97,144
5,15,16,17,19,20,21,22,60,61,62,63,64,65,70,71,72,82,83,84,85,86,92,93,94,101,104,105,106,107,108,109,111,112,115,116,117,126,127,128,130,131,132,134,136,137,138,139,141,148,149,150,151,152,153,154,156,159,160,162,170,171,172,173,174,176,179,180,181,192,193,194,195,196,197,198,201,202,206,207,208,209,212,214,215,216,217,225,228,229,230,231,233,234,236,237,238,239,240,241,242,243,245,246,247,248,249,250,253,254,255,256,257,259,260,261,262,263,264,270,271,272,274,275,276,277,278,279,280,281,282,283,284,285,286,313,315,316,317,318,319,320,321,330
70,70,139
5,38,39,40,41,42,43,48,49,50,60,61,62,63,64,65,66,70,71,72,82,83,84,85,86,89,92,93,94,104,105,106,107,108,109,110,111,113,115,116,117,126,127,128,130,131,132,134,136,137,138,139,148,149,150,151,152,153,154,156,157,158,159,160,162,163,170,171,172,173,198,201,202,203,204,208,209,214,215,216,217,218,219,220,221,222,224,225,226,227,228,229,230,231,233,234,237,238,239,240,241,242,243,244,248,249,250,253,254,255,256,259,260,261,262,263,264,270,271,272,276,277,278,279,280,282,283,284,285,286,287,289,290,292,293,327,328,329,330
31,31,133
39,40,41,42,43,49,50,60,61,62,63,64,66,71,72,82,83,84,85,86,92,93,94,104,105,106,107,108,109,111,113,115,116,126,127,128,130,131,132,135,136,137,138,139,140,141,148,149,150,151,152,153,154,157,158,159,160,161,163,168,170,171,172,173,174,175,176,179,180,181,192,193,194,195,196,197,198,201,214,215,231,233,234,237,238,239,240,241,242,243,244,248,249,250,253,254,255,256,259,260,261,262,263,264,266,268,270,271,272,276,277,278,279,282,283,284,285,286,287,289,290,292,293,294,322,323,324,325,326,327,328,329,330
61,61,132
38,39,40,41,42,43,49,50,60,61,62,63,64,66,68,71,72,80,82,83,84,85,86,93,94,104,105,106,107,108,109,111,113,115,116,127,128,129,130,131,132,135,136,137,138,139,140,141,149,150,151,152,153,154,157,158,159,160,161,164,171,198,201,202,203,207,208,212,215,216,217,218,219,220,221,222,224,229,231,233,234,236,237,238,239,240,241,242,243,244,245,249,250,251,253,254,255,256,257,258,260,261,262,263,264,266,268,269,270,271,272,274,275,276,277,278,279,282,283,284,285,286,288,289,290,292,293,326,327,328,329,330
45,45,121
38,39,40,41,42,43,49,50,60,61,62,63,64,66,68,71,72,82,83,84,85,86,93,94,105,106,107,108,109,111,113,115,116,127,128,129,130,132,135,136,137,138,139,140,141,149,150,151,152,154,156,157,197,198,201,202,203,205,207,208,215,216,217,218,219,220,221,222,224,227,228,229,231,233,234,237,238,239,240,241,242,243,244,245,249,250,251,252,253,254,255,256,260,261,262,263,269,270,271,272,274,275,276,277,278,279,280,281,282,283,284,285,286,288,289,290,291,326,327,328,330
91,91,135
38,39,40,41,42,43,49,50,60,61,62,63,64,66,68,71,72,79,83,84,85,86,93,94,105,106,107,108,109,111,112,113,115,116,127,128,129,130,132,135,136,137,138,149,150,151,152,154,157,158,159,160,161,168,171,172,173,174,175,176,178,179,180,181,182,186,193,194,195,197,198,201,202,203,204,206,215,216,217,218,219,220,221,222,224,225,226,228,229,231,233,234,237,238,239,240,241,242,243,244,245,248,249,250,251,252,253,254,255,256,260,261,262,263,269,270,271,272,274,275,276,277,278,279,283,284,285,286,288,290,291,326,327,328,330
60,60,133
15,17,19,20,21,60,61,62,66,71,83,84,85,86,89,105,106,107,108,109,110,113,115,127,128,129,130,132,134,135,137,138,149,150,151,152,153,154,157,158,160,161,171,172,173,174,175,176,179,181,184,186,193,194,195,196,197,198,200,201,202,204,206,212,215,216,217,218,219,220,221,222,224,226,229,230,231,233,234,236,237,238,239,240,241,242,243,244,245,249,250,251,252,253,254,255,256,257,258,260,261,262,263,264,266,269,270,271,272,275,276,277,278,279,283,284,285,286,287,288,305,306,307,308,309,313,315,316,320,321,328,329,330
333,333,139
15,17,19,20,21,40,41,42,50,60,61,62,63,83,84,85,86,105,106,107,108,109,110,115,127,128,129,130,132,135,137,141,149,150,151,152,153,154,157,158,160,161,162,171,172,173,174,175,176,179,181,184,193,194,195,196,197,198,200,201,202,205,206,207,208,209,215,216,217,218,219,220,222,224,226,227,230,231,233,234,237,238,239,240,241,243,244,251,253,254,255,256,257,260,261,262,263,264,266,269,272,273,275,276,277,278,279,280,281,282,283,284,285,286,287,288,297,298,300,301,302,305,306,308,313,315,316,318,320,321,322,323,324,325,326,327,328,329,330
352,352,145
7,15,16,17,19,20,21,38,39,40,41,42,43,44,51,60,61,62,63,64,79,83,84,85,86,87,105,106,107,108,109,110,112,115,127,128,129,130,132,137,141,149,150,151,152,153,154,157,158,159,160,161,162,164,171,172,173,175,176,178,179,180,181,184,185,191,193,194,195,196,197,198,200,201,202,203,205,206,207,208,209,215,216,217,218,219,220,222,224,226,231,233,234,238,239,240,241,243,244,248,251,253,254,255,256,257,260,261,262,263,264,266,275,276,277,278,279,280,281,283,284,285,286,287,288,291,293,294,303,304,305,306,308,310,313,315,316,319,320,321,323,326,327,329,330
43,43,122
7,16,17,19,20,21,60,61,62,63,83,84,85,86,87,105,106,107,109,110,115,116,127,128,129,130,137,141,149,150,152,153,154,157,158,159,160,161,162,172,173,175,176,179,180,194,195,197,198,200,201,202,203,204,205,206,207,208,209,216,217,218,219,220,221,222,224,226,228,230,231,233,234,236,238,239,240,241,242,243,244,245,246,248,250,251,253,254,255,256,257,258,260,261,262,263,264,266,270,271,275,276,277,278,279,280,281,283,284,285,286,287,288,299,305,315,316,319,320,321,329,330
337,337,142
7,16,17,19,20,21,40,60,61,62,63,64,79,83,84,85,87,96,105,106,107,109,110,115,116,127,128,129,130,132,134,137,150,152,153,154,157,158,159,160,161,162,172,173,175,176,179,180,181,183,184,185,186,190,194,195,197,198,200,201,202,203,204,205,206,207,208,216,217,218,219,220,222,223,224,225,226,227,228,230,233,234,238,239,240,241,242,243,244,245,247,248,249,250,251,253,254,255,256,257,259,260,261,262,263,264,266,269,271,272,273,275,276,277,278,279,280,281,282,283,284,285,286,287,288,290,293,294,297,298,299,300,302,311,312,315,316,318,321,328,329,330
35,35,127
7,15,16,19,20,21,60,61,62,63,64,83,84,85,87,96,105,106,107,110,115,116,128,130,132,134,137,138,150,152,153,154,156,158,159,160,161,172,173,175,176,178,179,180,181,183,184,185,186,194,195,196,197,198,200,201,202,203,205,206,207,208,216,217,218,219,220,221,225,226,227,228,229,230,233,234,237,238,239,240,241,242,243,244,245,247,248,250,251,253,254,255,256,257,260,261,262,263,264,266,269,272,273,275,276,277,278,279,280,281,283,284,285,286,287,288,305,306,313,314,315,316,317,318,319,320,321
88,88,134
14,15,16,17,19,20,21,59,60,61,62,63,64,65,83,84,85,87,88,94,96,105,106,107,110,115,116,128,129,130,131,132,134,135,137,138,150,153,154,158,159,160,162,163,172,173,174,175,179,180,181,183,184,185,186,194,195,197,198,200,201,202,203,205,206,208,209,212,216,217,218,225,226,227,228,229,230,231,233,234,236,238,239,240,241,242,243,244,245,248,250,251,253,254,255,256,257,258,260,261,262,263,264,266,269,272,273,275,276,277,278,279,280,281,283,284,285,286,287,288,289,290,304,313,314,315,316,318,319,320,321,325,329,330
34,34,132
12,15,16,19,20,21,59,60,61,62,63,64,65,66,73,83,84,85,87,88,96,105,106,107,109,110,115,116,128,130,131,132,134,137,138,150,153,154,158,159,160,161,162,163,172,173,174,175,176,179,180,181,182,183,184,185,190,194,195,197,198,200,201,202,203,204,205,206,208,216,217,218,224,227,228,229,230,238,239,240,242,243,244,245,246,248,250,251,252,254,255,256,257,259,261,262,263,264,266,269,272,273,274,275,276,277,278,279,280,281,282,283,284,285,286,287,288,304,305,306,307,308,309,315,316,318,319,320,321,327,329,330
301,301,140
12,15,16,17,19,20,21,30,59,60,61,62,63,64,65,66,74,83,84,85,87,88,95,96,105,106,107,109,110,115,116,128,130,131,132,137,138,150,152,153,154,158,159,160,161,162,163,172,173,175,176,179,180,181,182,183,184,185,195,196,197,198,200,201,202,203,205,206,207,217,218,220,221,222,223,224,227,229,230,237,239,240,242,243,244,245,246,248,250,251,252,254,255,256,257,261,262,263,264,266,268,269,271,272,273,275,276,277,278,279,280,281,282,283,284,285,286,287,288,291,292,293,294,295,296,302,303,304,305,308,315,316,317,318,319,320,321,324,329,330
103,103,150
8,15,16,17,19,20,21,29,37,38,39,40,41,42,44,59,60,61,62,63,64,65,66,78,83,84,85,87,88,94,105,106,107,109,110,115,128,130,131,132,137,138,150,153,154,157,158,159,160,161,162,163,173,175,176,180,181,182,183,184,185,195,196,197,198,200,201,202,203,205,206,217,218,220,221,222,223,224,225,226,227,231,233,234,236,239,240,241,242,243,244,245,248,250,253,254,255,256,257,258,260,261,262,263,264,266,268,269,272,273,275,276,277,278,279,280,281,282,283,284,285,286,287,288,291,293,294,295,296,297,305,306,307,308,309,310,313,314,315,316,318,319,320,321,323,324,326,327,329,330
25,25,141
12,15,16,17,19,20,21,39,40,41,42,58,60,61,62,63,64,65,66,78,83,84,85,87,88,94,95,105,106,107,109,110,115,128,130,131,132,137,138,144,153,154,159,160,161,163,173,174,175,176,180,181,182,183,185,195,196,197,198,201,202,203,204,205,206,218,219,220,221,222,223,224,225,226,227,228,238,239,240,241,242,243,244,245,247,248,249,250,253,254,255,256,257,259,260,261,262,263,264,266,268,269,272,274,275,276,277,278,279,280,281,282,283,284,285,286,287,288,292,293,294,295,296,297,299,305,306,307,310,313,314,315,316,318,319,320,321,325,326,327,330
135,135,142
12,15,16,19,20,21,22,58,60,61,62,63,65,66,78,82,83,84,85,87,88,96,105,106,107,109,110,128,130,131,132,152,153,154,160,161,163,173,174,175,176,179,180,181,182,183,185,195,196,197,198,201,202,203,204,205,206,208,214,218,219,220,222,223,224,225,226,227,228,229,230,237,239,240,241,242,243,244,245,246,247,248,249,251,253,254,255,256,257,260,261,262,263,264,266,268,269,270,271,272,274,275,276,277,278,279,280,281,282,283,284,285,286,287,288,290,291,292,293,297,298,299,300,301,302,303,304,305,306,307,308,309,310,313,314,315,316,317,318,319,320,321
569,569,134
9,12,15,16,19,20,21,22,58,60,61,62,63,65,66,74,78,80,82,83,84,85,88,96,105,106,107,110,128,130,131,132,153,154,160,161,162,163,173,174,175,176,181,182,183,184,185,195,196,197,198,201,202,203,204,205,206,207,208,212,215,217,218,219,220,222,223,224,225,226,227,228,229,230,231,233,236,239,240,241,242,243,244,245,246,247,248,249,251,252,253,254,255,256,257,260,261,262,263,264,266,268,269,270,271,272,274,275,276,277,278,279,280,281,282,283,284,285,286,287,288,305,306,307,308,313,314,315,316,317,318,319,320,321
449,449,148
9,12,15,16,19,20,21,22,35,58,60,61,62,63,65,66,78,80,82,83,84,85,88,94,96,102,105,106,107,110,115,128,131,132,137,138,153,154,157,160,161,162,163,164,173,175,176,181,182,183,184,185,186,196,197,198,199,201,202,203,204,205,206,207,208,218,219,220,221,222,223,224,225,226,227,228,229,231,238,239,240,241,242,243,244,245,247,248,249,251,252,253,254,256,257,259,260,261,262,263,264,266,269,270,271,272,274,275,276,277,278,279,280,281,282,283,284,285,286,287,288,290,291,297,298,299,300,301,302,303,304,305,306,307,308,309,310,311,312,313,314,315,316,317,318,319,320,321
432,432,143
9,12,15,16,19,20,21,22,58,60,61,62,63,65,66,78,80,82,83,84,85,88,94,96,105,106,107,109,110,128,131,132,152,153,154,158,160,161,162,163,172,175,176,180,181,182,183,184,185,196,197,201,202,203,204,205,206,207,208,214,218,219,220,222,223,224,225,226,227,228,230,239,240,241,242,243,244,245,247,248,249,251,252,253,254,256,257,260,261,262,263,264,266,269,270,271,272,274,275,276,277,278,279,280,281,282,283,284,285,286,287,288,290,291,292,293,294,295,296,297,298,299,300,301,302,303,304,305,306,307,308,309,311,312,313,314,315,316,317,318,319,320,321
561,561,145
4,9,15,16,19,20,21,22,58,60,61,62,63,65,66,78,80,82,83,84,85,87,88,94,96,105,106,107,109,110,128,131,132,153,154,157,160,161,162,163,174,175,176,180,181,182,183,184,185,196,197,202,203,204,205,206,207,208,212,215,217,218,219,220,222,223,224,225,226,227,228,230,234,236,239,240,241,242,243,244,245,246,247,248,249,250,251,252,253,254,255,256,257,258,259,260,261,262,263,264,266,268,269,270,271,272,273,274,275,276,277,278,279,280,281,282,283,284,285,286,287,288,297,298,299,300,301,302,303,305,306,307,308,309,311,312,313,314,315,316,317,318,319,320,321
191,191,134
9,15,16,19,20,22,58,60,61,62,63,66,78,80,82,83,84,85,88,96,102,105,106,107,110,128,131,132,153,154,160,161,162,163,164,174,175,176,177,179,181,182,183,184,185,196,197,198,202,203,204,205,206,207,208,217,218,219,220,223,224,225,226,227,228,229,230,231,238,239,240,241,242,243,244,245,246,247,248,249,250,251,253,254,256,257,258,259,260,261,262,263,264,266,268,269,270,271,272,273,274,275,276,277,278,279,280,281,282,283,284,285,286,287,288,297,298,299,305,306,307,308,309,310,312,313,314,315,316,317,318,319,320,321
560,560,137
15,16,19,20,22,58,59,60,61,62,63,66,73,78,80,82,83,84,85,88,105,106,107,110,128,131,132,152,153,154,160,161,162,163,172,174,175,176,179,181,182,183,184,185,196,197,201,202,203,204,205,206,207,208,211,214,218,219,220,223,224,225,226,227,228,229,230,239,240,241,242,243,244,245,246,247,248,249,250,251,252,253,254,256,257,258,259,260,261,262,263,264,265,266,268,269,270,271,272,273,274,275,276,277,278,279,280,281,282,283,284,285,286,287,288,297,298,299,300,301,302,305,306,307,308,309,310,312,313,314,315,316,317,318,319,320,321
434,434,136
15,16,19,20,22,59,60,61,62,63,66,80,82,83,84,85,87,88,103,104,105,106,107,109,110,123,128,131,132,153,154,157,160,174,175,179,180,181,182,184,185,193,195,196,197,200,202,203,204,205,206,207,208,212,215,218,219,220,223,224,225,226,227,228,229,230,233,234,236,239,240,241,242,244,245,246,247,248,249,250,251,252,253,254,255,256,257,258,259,260,261,262,263,264,265,266,268,269,270,271,272,273,275,276,277,278,279,280,281,282,283,284,285,286,287,288,297,298,299,305,306,307,308,309,310,311,312,313,314,315,316,317,318,319,320,321
552,552,138
16,17,19,20,22,37,38,39,40,41,43,44,59,60,61,62,63,66,80,82,83,84,85,87,88,102,103,104,105,106,109,110,123,128,131,132,153,154,161,162,174,175,179,180,181,182,184,185,194,195,196,197,202,203,204,206,207,208,218,219,220,223,225,226,227,228,229,230,231,239,240,241,242,245,246,247,248,249,250,251,252,254,256,257,258,259,260,261,262,263,264,266,268,269,270,271,272,273,275,276,277,278,279,280,281,282,283,284,285,286,287,288,290,291,292,293,294,297,298,299,300,301,302,303,305,306,307,308,309,312,313,314,318,326,327,328,329,330
426,426,135
15,16,17,19,20,22,59,60,61,62,63,66,80,82,83,84,85,88,98,102,103,104,105,106,109,110,123,124,125,126,127,128,131,132,152,153,154,158,161,163,172,174,175,176,179,180,181,182,184,185,190,195,196,197,198,201,202,203,204,206,207,208,209,214,216,218,219,220,223,225,226,227,228,229,230,231,237,238,239,240,241,242,245,246,247,248,249,250,251,252,254,256,257,258,259,260,261,262,263,264,268,269,270,271,272,273,274,275,276,277,278,279,280,281,282,283,284,285,286,297,298,299,300,301,302,303,304,305,306,307,308,327,328,329,330
164,164,128
15,16,17,19,20,22,32,59,60,65,66,73,76,80,82,83,84,85,88,94,98,102,103,104,105,106,109,110,120,123,124,126,127,128,129,130,131,132,141,147,151,152,153,154,158,160,161,163,166,174,175,179,180,181,182,184,185,186,193,195,196,197,198,200,202,203,204,205,206,207,208,209,215,217,223,224,225,226,227,228,229,230,231,233,234,238,239,240,241,242,246,247,248,249,250,251,252,253,254,255,256,257,258,259,260,261,262,263,264,265,273,274,275,276,277,278,279,280,281,282,283,284,285,286,327,328,329,330
180,180,136
15,16,17,19,20,21,22,32,36,37,38,39,40,41,43,44,54,59,60,61,62,63,66,73,76,80,82,83,84,85,87,88,98,102,103,104,105,106,109,110,120,123,126,127,128,130,131,140,148,149,152,153,158,160,161,163,166,167,173,174,175,179,181,182,183,184,185,186,194,195,196,197,198,202,203,204,205,206,207,208,209,210,211,217,218,219,220,225,226,227,228,229,230,231,233,238,239,240,241,242,250,251,252,254,255,256,257,258,259,260,261,262,263,264,275,276,277,278,279,280,281,282,283,284,285,286,301,302,303,306,307,308,327,328,329,330
567,567,138
15,16,17,19,20,21,22,32,36,37,38,39,40,41,43,44,54,59,60,61,62,63,66,73,76,80,82,83,84,85,87,88,97,98,102,103,104,105,106,108,109,120,123,125,126,127,128,130,131,135,142,143,145,146,148,152,153,157,160,161,162,163,164,165,166,167,174,175,179,181,182,183,184,185,186,191,195,196,197,198,203,204,205,206,207,208,209,210,211,214,216,217,218,219,220,227,228,230,231,233,237,238,239,240,241,242,251,252,254,255,256,257,258,259,260,261,262,263,264,277,278,279,280,281,282,283,284,285,286,301,302,303,304,305,327,328,329,330
179,179,129
15,16,17,19,20,37,38,39,40,41,43,44,54,59,60,61,62,63,66,76,79,82,83,84,85,87,88,94,98,101,102,103,104,105,106,109,120,121,123,124,125,126,127,128,130,131,132,142,145,146,147,148,152,153,154,157,160,161,162,164,167,168,174,175,181,182,183,184,185,186,190,193,195,196,197,198,203,204,205,206,207,208,209,210,211,215,217,218,219,220,228,229,230,231,233,234,236,238,239,240,241,242,252,253,254,255,256,257,258,259,260,261,262,263,264,277,278,279,280,281,282,283,284,285,286,327,328,329,330
403,403,140
15,16,17,19,22,38,39,40,41,43,44,54,59,60,61,62,63,65,66,76,82,83,84,87,88,94,98,103,104,105,106,109,110,119,120,121,123,124,125,127,128,130,131,132,134,137,141,142,145,146,147,148,149,151,152,153,157,161,164,167,168,173,174,175,176,181,182,183,184,185,186,189,190,194,195,196,197,198,204,205,206,207,208,209,210,211,212,217,218,219,220,228,229,230,231,233,234,238,239,240,241,242,252,253,254,255,256,257,258,259,260,261,262,263,264,276,277,278,279,280,281,282,283,284,285,286,301,302,303,304,305,306,307,308,309,326,327,328,329,330
162,162,131
12,15,16,17,19,38,39,40,41,43,44,47,51,59,60,61,62,63,65,66,80,82,83,84,87,88,98,103,104,105,106,109,114,119,121,123,124,125,127,128,130,131,132,134,136,141,142,145,146,147,148,149,151,152,153,161,163,164,167,168,169,170,174,175,176,182,183,184,185,186,189,190,195,196,197,198,204,205,206,207,208,209,210,211,212,214,216,217,218,219,220,228,229,230,231,233,234,238,239,240,241,242,252,253,254,255,256,257,258,259,260,261,262,263,264,276,277,278,279,280,281,282,283,284,285,286,326,327,328,329,330
385,385,137
12,15,16,17,19,21,22,51,59,60,61,62,63,65,66,81,82,83,84,87,88,102,103,104,105,106,108,109,114,120,121,124,125,127,128,130,131,132,134,136,141,143,145,146,147,148,149,151,152,153,154,160,163,165,167,168,169,170,174,175,176,182,183,184,185,189,190,195,196,197,198,205,206,208,209,210,211,212,213,215,217,218,219,220,228,229,230,231,233,234,236,237,238,239,240,241,242,251,252,254,255,256,257,258,259,260,261,262,263,264,274,275,276,277,278,279,280,281,282,283,284,285,286,300,301,302,303,304,305,306,307,308,326,327,328,329,330
369,369,141
12,16,17,19,22,37,38,39,40,41,42,43,44,59,60,61,62,63,65,66,81,82,83,84,85,86,87,88,103,104,105,106,107,109,114,124,125,127,128,129,130,131,132,134,135,136,137,145,146,147,148,149,150,151,152,153,160,165,167,168,169,170,171,173,174,175,176,182,189,190,191,194,195,196,197,198,205,208,209,211,212,213,217,218,219,220,227,229,230,231,233,234,238,239,240,241,242,251,252,254,255,256,257,258,259,260,261,262,263,264,265,274,275,276,277,278,279,280,281,282,283,284,285,286,300,301,302,303,304,305,306,307,308,322,323,325,326,327,328,329,330
152,152,144
11,12,13,16,17,19,22,31,34,37,39,41,43,44,54,60,61,62,63,65,66,81,83,84,85,86,87,88,99,104,105,106,107,109,115,123,124,125,127,128,129,130,131,132,134,136,137,142,146,147,148,149,150,151,152,153,158,160,165,167,168,169,170,171,174,175,176,189,190,191,196,197,198,205,208,209,211,212,213,214,216,217,218,219,220,226,227,229,230,231,233,234,238,239,240,241,242,251,252,254,255,256,257,258,259,260,261,262,263,264,274,275,276,277,278,279,280,281,282,283,284,285,286,297,298,299,300,301,302,303,304,305,306,307,308,322,323,324,325,326,327,328,329,330
389,389,139
11,12,13,16,17,19,21,22,57,58,60,65,66,77,81,83,84,85,86,87,88,98,99,102,104,105,106,108,109,115,120,124,127,128,129,130,131,132,134,136,137,143,146,147,148,149,150,151,152,153,154,158,159,161,165,166,167,168,169,170,171,174,175,176,182,183,185,186,189,190,191,196,197,198,205,206,208,209,210,211,212,213,215,217,218,219,220,226,227,228,229,230,231,233,234,236,237,238,239,240,241,242,249,250,251,252,253,254,255,256,257,258,259,260,261,262,263,264,274,275,276,277,278,279,280,281,282,283,284,285,286,305,306,310,326,327,328,329,330
71,71,139
11,12,13,38,39,40,41,43,44,54,57,58,59,61,62,63,64,65,66,73,77,82,83,84,86,87,88,98,99,103,104,105,106,108,109,114,115,120,121,127,128,129,130,131,132,134,136,137,143,145,146,148,149,150,151,152,153,154,158,161,165,167,168,169,170,171,173,174,175,176,182,185,189,190,191,195,196,197,205,206,208,209,210,211,212,213,217,218,219,220,226,227,228,229,230,231,233,234,236,238,239,240,241,242,249,250,251,252,253,254,255,256,257,258,259,260,261,262,263,264,272,274,275,276,277,278,279,280,281,282,283,284,285,286,326,327,328,329,330
353,353,138
11,14,15,16,17,34,35,36,37,38,39,40,41,42,65,66,73,77,82,83,84,86,87,88,98,99,104,105,106,108,109,114,115,120,121,125,127,128,129,130,131,132,136,137,142,143,146,148,149,150,151,152,153,154,158,161,162,164,165,167,168,169,170,171,172,174,175,176,181,182,185,187,189,190,193,196,197,203,204,205,206,207,208,209,214,236,239,240,241,242,249,250,251,252,253,254,255,256,257,258,259,260,261,262,263,264,272,274,275,276,277,278,279,280,281,282,283,284,285,286,299,300,301,302,303,304,305,306,307,308,318,319,322,324,325,328,329,330
54,54,143
11,13,14,15,16,19,21,22,57,58,59,60,65,66,73,77,81,82,83,84,86,87,88,93,95,98,99,104,105,106,108,109,114,115,116,120,121,127,128,129,130,131,132,136,137,142,143,146,147,148,149,150,151,152,153,154,158,159,161,162,164,165,169,170,171,172,174,175,176,181,182,183,184,185,186,187,190,191,193,196,197,198,202,203,204,205,206,207,208,209,210,211,212,213,226,227,228,229,230,231,233,234,236,237,239,240,241,242,249,250,251,252,253,254,255,256,257,258,259,260,261,262,263,264,273,274,275,276,277,278,279,280,281,282,283,284,285,286,321,327,328,329,330
78,78,141
11,13,14,15,16,19,21,22,29,34,35,37,38,41,43,44,57,58,59,60,61,64,65,66,74,76,79,80,81,82,83,84,86,87,88,95,98,99,104,105,106,107,108,109,110,114,116,120,121,127,128,129,130,131,132,136,137,142,148,149,150,151,152,153,154,158,159,160,161,162,164,165,168,169,170,171,172,173,174,175,176,181,182,183,184,185,186,187,190,191,217,226,227,228,229,230,231,233,234,236,238,239,240,241,242,247,253,254,255,256,257,258,259,260,261,262,263,264,273,274,275,276,277,278,279,280,281,282,283,284,285,286,294,295,296,309,321,327,328,329,330
497,497,133
1,11,12,13,14,15,16,17,19,21,22,57,58,59,60,61,65,66,76,79,80,82,83,84,86,87,88,95,98,99,104,105,106,107,108,109,110,111,116,120,121,127,128,129,130,131,132,135,136,137,142,149,150,151,152,153,154,158,159,193,194,196,197,198,202,203,204,205,206,207,208,209,210,211,212,213,214,215,216,225,226,227,228,229,230,231,233,234,236,239,240,241,242,247,249,250,251,252,253,254,255,256,257,258,259,260,261,262,263,264,269,270,272,273,274,275,276,277,278,279,280,281,282,283,284,285,286,310,321,327,328,329,330
329,329,144
11,12,13,14,15,16,17,19,21,57,58,59,60,61,65,66,76,78,79,80,82,83,84,86,87,88,95,98,99,101,104,105,106,107,108,109,110,111,116,120,121,126,127,128,129,130,131,132,135,136,137,138,142,146,147,149,150,151,152,153,154,158,159,181,182,186,187,190,191,193,194,196,197,198,201,202,203,204,205,206,207,208,209,210,212,213,214,215,224,225,226,227,228,229,230,231,232,233,234,236,239,240,241,242,247,249,250,251,252,253,254,255,256,257,258,259,260,261,262,263,264,269,270,272,273,274,275,276,277,278,279,280,281,282,283,284,285,286,315,321,327,328,329,330
339,339,143
38,39,40,43,44,51,53,54,55,56,57,58,59,60,61,62,64,65,66,69,73,78,79,80,81,82,83,84,86,87,88,94,98,99,101,103,104,105,106,107,108,109,110,111,116,120,121,126,127,128,129,130,131,132,135,136,137,138,139,142,149,150,151,152,153,154,158,159,160,161,163,164,165,198,201,202,203,204,205,206,207,208,209,210,211,212,213,214,215,218,219,220,223,230,231,232,233,234,236,237,238,239,240,241,242,249,250,251,252,253,255,256,257,258,259,260,261,262,263,264,269,270,271,272,273,274,275,276,277,278,279,280,281,282,283,284,285,286,326,327,328,329,330
341,341,132
11,12,13,14,15,16,17,19,21,23,33,34,35,36,37,61,121,125,127,161,163,164,165,166,168,169,171,172,173,174,175,176,181,182,183,185,186,187,188,190,191,192,193,194,195,196,197,198,201,202,203,204,205,206,207,208,209,211,212,213,214,215,217,218,219,220,223,224,225,226,227,228,229,230,231,232,233,234,236,237,239,240,241,242,246,249,250,251,252,253,255,256,257,258,259,260,261,262,273,274,275,282,283,284,285,286,291,294,295,296,297,298,299,300,301,302,303,304,305,306,307,308,315,316,317,318,319,320,321,322,323,324
342,342,134
33,34,35,36,37,38,39,40,43,44,45,51,53,54,55,56,61,62,63,64,65,66,67,69,72,73,74,78,79,80,81,82,83,84,85,86,87,88,93,98,100,101,102,103,104,105,106,107,108,109,110,111,114,115,116,120,121,127,128,129,130,131,132,137,138,139,142,147,149,150,151,152,153,154,158,159,160,185,186,225,226,227,228,229,230,231,232,234,236,237,239,240,241,242,246,247,248,253,254,255,256,257,258,259,260,261,262,263,264,269,271,272,273,274,275,276,277,278,279,280,281,282,283,284,285,286,287,315,316,322,323,328,329,330
333,333,141
34,35,36,37,38,39,40,42,43,44,45,46,47,51,53,54,55,56,58,59,60,61,62,63,64,149,150,151,152,153,154,158,159,160,161,164,165,166,168,170,171,172,174,175,176,181,182,183,184,185,186,187,188,190,191,192,193,194,196,197,198,202,203,204,205,206,207,208,209,211,212,213,214,216,218,219,220,223,224,225,226,227,228,229,230,231,232,233,234,236,237,238,239,240,241,242,246,247,248,249,250,251,252,253,254,255,256,257,258,259,260,261,262,263,264,269,272,273,274,275,277,278,279,280,281,282,283,284,285,286,313,321,322,323,324,325,326,327,328,329,330
334,334,148
2,33,34,35,36,37,38,39,40,42,43,44,45,46,47,51,53,54,55,56,61,62,63,64,65,66,67,69,70,72,73,74,76,77,78,79,80,81,82,83,84,85,86,87,88,95,97,100,101,102,103,104,105,106,107,108,109,110,114,115,120,121,123,125,127,128,129,130,131,132,135,136,137,138,139,140,142,143,149,150,151,152,153,154,158,159,160,185,186,187,188,225,226,227,228,229,230,231,233,234,236,237,238,239,240,241,242,245,246,247,248,253,254,255,256,257,258,259,260,261,262,263,264,267,269,270,272,273,274,275,277,278,279,280,281,282,283,284,285,286,314,315,316,322,323,328,329,330
325,325,142
1,34,35,36,37,38,39,41,42,43,44,45,46,47,51,53,54,55,56,58,59,60,61,62,63,64,147,149,150,151,152,153,154,158,159,160,161,163,165,166,168,171,172,174,175,176,181,182,183,184,185,186,187,188,189,190,191,192,194,196,197,198,202,203,205,206,207,208,209,211,212,213,214,215,216,217,218,219,220,221,222,223,224,225,226,227,228,229,230,231,233,234,236,237,238,239,240,241,242,245,247,248,249,250,251,252,253,256,257,258,259,260,261,262,263,264,267,268,274,275,276,277,278,279,280,281,282,283,284,285,286,289,321,322,323,324,325,326,327,328,329,330
326,326,149
33,34,35,36,37,38,39,42,43,44,45,46,51,53,54,55,56,61,62,63,64,65,66,67,68,69,72,73,74,76,77,78,79,80,81,82,83,84,85,86,87,88,89,90,94,95,96,97,98,99,100,101,102,103,104,105,106,107,108,109,110,111,115,117,123,124,125,127,128,129,130,131,132,135,136,137,138,142,143,148,149,150,151,152,153,154,158,159,160,185,187,188,225,226,227,228,229,230,231,232,233,234,236,237,238,239,240,241,242,245,247,248,253,256,257,258,259,260,261,262,263,264,267,268,269,270,271,272,273,274,275,276,277,278,279,280,281,282,283,285,286,287,315,316,322,323,328,329,330
191,191,152
33,34,35,36,37,38,39,41,42,43,44,45,46,51,53,54,55,56,61,62,63,64,65,66,67,68,69,72,73,74,76,77,78,79,80,81,82,83,84,85,86,87,88,89,90,91,94,95,96,97,98,99,100,101,102,103,104,105,106,107,108,109,110,111,117,118,119,123,124,125,127,128,129,130,131,132,135,137,138,142,143,149,150,151,152,153,154,158,159,160,185,187,188,190,191,225,226,227,228,229,230,231,233,234,236,237,238,239,240,241,242,246,247,248,253,256,257,258,259,260,261,262,263,264,267,268,269,270,271,272,273,274,275,276,277,278,279,280,281,282,283,284,285,286,287,315,316,322,323,328,329,330
309,309,142
1,34,35,36,37,38,39,42,43,44,46,47,51,53,54,55,56,58,59,60,61,62,63,64,149,150,151,152,153,154,158,159,160,165,166,170,172,173,174,175,176,180,181,182,183,184,185,187,188,189,190,191,192,193,195,196,197,198,201,202,203,204,205,206,207,208,209,210,211,212,213,214,215,216,217,218,219,220,221,222,223,224,225,226,227,228,229,230,231,233,234,236,237,238,239,240,241,242,244,246,247,248,249,250,251,252,253,256,257,258,259,260,261,262,263,264,265,268,276,277,278,279,280,281,282,283,284,285,286,287,289,313,321,322,323,324,325,326,327,328,329,330
301,301,146
34,35,36,37,38,39,40,41,42,43,44,45,47,53,54,55,56,58,59,60,61,62,63,64,151,152,153,154,158,159,160,165,166,170,171,172,173,174,175,176,180,181,182,183,184,185,187,188,190,191,192,193,194,195,196,197,198,201,202,203,204,205,206,207,208,209,210,211,212,213,214,215,216,217,218,219,220,221,222,223,224,225,226,227,228,229,230,231,234,236,237,238,239,240,241,242,243,244,245,246,247,248,249,250,251,252,253,254,256,257,258,259,260,261,262,263,264,265,268,273,274,275,276,277,278,279,280,281,282,283,284,285,286,287,289,313,321,322,323,324,325,326,327,328,329,330
302,302,154
23,34,35,36,37,38,39,40,41,42,43,44,45,53,54,55,56,58,59,60,61,62,63,64,69,79,80,151,152,153,154,158,159,160,165,169,170,171,172,173,174,175,176,180,181,182,183,185,187,188,190,191,192,193,194,195,196,197,198,201,202,203,204,205,206,207,208,209,210,211,212,213,214,215,216,217,218,219,220,221,223,224,225,226,227,228,229,230,231,234,236,237,238,239,240,241,242,243,244,245,246,247,248,249,250,251,252,253,254,255,256,257,258,259,260,261,262,263,264,265,268,269,270,271,272,273,274,275,276,277,278,279,280,281,282,283,284,285,286,287,288,289,290,313,321,322,323,324,325,326,327,328,329,330
294,294,155
34,35,36,37,38,39,40,41,42,43,44,45,46,48,49,51,53,54,55,56,58,59,60,61,62,63,64,80,154,157,158,159,160,163,165,169,170,171,172,173,174,175,176,179,180,181,182,183,187,188,189,192,193,194,195,196,197,198,201,202,203,204,205,206,207,208,209,210,211,212,213,214,215,216,217,218,219,220,221,223,224,225,226,227,228,229,230,231,233,234,236,237,238,239,240,241,242,243,244,245,246,247,248,249,250,251,252,253,254,255,256,257,258,259,260,261,262,263,264,265,266,268,269,270,271,272,273,274,275,276,277,278,279,280,281,282,283,284,285,286,287,288,289,290,312,321,322,323,324,325,326,327,328,329,330
295,295,155
11,12,13,14,15,16,17,19,20,21,22,29,34,35,36,37,38,39,40,42,43,44,46,48,49,51,53,54,55,56,57,58,59,60,61,62,63,64,65,66,67,68,69,70,71,72,73,74,76,77,78,79,80,81,82,83,84,85,86,87,88,89,90,96,97,98,99,100,101,102,103,104,105,106,107,108,109,110,111,112,116,117,118,119,120,121,122,123,124,125,126,127,128,129,130,131,132,133,134,135,136,143,145,146,147,148,149,150,153,154,155,156,157,158,159,169,170,171,172,173,174,178,179,180,181,182,183,187,188,192,232,281,282,283,284,285,286,287,297,305,306,307,308,310,311,312,317,318,319,320,321,323,328,329,330
487,487,144
3,11,12,13,14,15,16,17,19,20,21,22,27,29,34,35,36,37,38,39,40,42,43,44,46,48,49,51,53,54,55,56,57,58,59,60,61,62,63,64,65,66,67,68,69,70,71,72,73,74,76,77,78,79,80,81,82,83,84,85,86,87,88,89,90,91,92,93,95,96,97,98,99,100,101,102,103,104,105,106,107,108,109,110,111,112,116,117,118,119,120,121,122,123,124,125,126,127,128,135,136,145,146,147,148,153,154,155,157,158,159,169,170,171,172,173,174,175,178,179,182,187,188,192,232,281,282,283,284,285,297,298,305,306,307,308,312,318,319,320,321,323,329,330
134,134,143
23,34,35,36,37,38,39,40,41,42,43,44,47,48,49,50,51,53,54,55,56,58,59,60,61,62,63,64,152,153,154,155,157,158,159,163,164,168,169,170,171,172,173,174,175,176,177,179,181,182,188,192,193,194,195,196,197,198,202,203,204,205,208,209,210,211,212,213,214,215,216,217,218,219,220,221,222,223,224,225,226,227,228,229,230,231,232,233,234,236,237,238,239,240,241,242,243,244,245,246,247,248,249,250,251,252,253,254,255,256,257,258,259,260,261,262,263,264,265,266,267,268,269,279,280,281,282,283,284,285,286,287,288,321,322,323,324,325,326,327,328,329,330
495,495,149
34,35,36,37,38,39,40,41,42,43,44,48,49,50,51,53,54,55,56,58,59,60,61,62,63,64,153,154,155,156,157,158,159,163,164,165,168,169,170,171,172,173,174,175,176,177,180,181,182,183,192,193,194,195,196,197,198,202,203,204,205,209,210,211,212,213,214,215,216,217,218,219,220,221,222,223,224,225,226,227,228,229,230,231,232,233,234,236,237,238,239,240,241,242,243,244,245,246,247,248,249,250,251,252,253,255,256,257,258,259,260,261,262,263,264,265,266,267,268,269,270,273,274,275,276,277,278,279,280,281,282,283,284,285,286,287,288,289,290,321,322,323,324,325,326,327,328,329,330
110,110,142
34,35,36,37,38,39,40,41,42,43,44,49,50,51,53,54,55,56,58,59,60,61,62,63,64,155,156,157,158,159,163,164,165,167,168,169,170,171,172,173,174,175,176,177,178,180,181,182,184,185,191,192,193,194,195,196,197,198,199,201,202,203,204,205,206,210,211,212,213,214,215,216,217,218,219,220,221,222,223,224,225,226,227,228,229,230,231,232,233,234,236,237,238,239,240,241,242,243,244,245,246,247,248,249,250,251,252,253,255,256,257,258,259,260,261,262,263,264,265,266,267,277,281,282,283,284,285,286,287,288,289,313,321,322,323,324,325,326,327,328,329,330
125,125,139
1,34,35,36,37,38,39,40,41,42,43,44,49,50,51,53,54,55,56,58,59,60,61,62,63,64,151,152,153,154,155,158,159,163,164,165,167,168,169,170,171,172,173,174,175,176,181,182,184,185,186,191,192,193,194,195,196,197,198,202,203,204,205,210,211,212,213,214,215,216,217,218,219,220,221,222,223,224,225,226,227,228,229,230,231,232,233,234,236,237,238,239,240,241,242,243,244,245,246,247,248,249,251,252,253,254,255,256,257,258,259,260,261,262,263,264,265,266,267,278,281,282,283,284,285,286,288,289,313,321,322,323,324,325,326,327,328,329,330
171,171,135
1,34,35,36,37,38,39,40,41,42,43,44,48,50,51,53,54,55,56,58,59,60,61,62,63,64,148,149,150,151,152,153,154,159,163,164,165,167,168,169,170,171,172,173,174,175,176,181,182,184,185,186,187,190,191,192,193,194,195,196,197,198,203,204,209,211,212,213,214,215,216,217,218,219,220,221,222,223,225,226,228,229,230,231,232,233,234,236,237,238,239,240,241,242,244,245,246,247,248,249,251,252,253,254,255,256,257,258,259,260,261,262,263,264,266,267,268,278,282,283,284,285,286,288,289,313,321,322,323,324,325,326,327,328,330
511,511,149
34,35,36,37,38,39,40,41,42,43,50,51,53,54,55,56,57,58,59,60,61,62,63,64,73,74,148,149,150,151,152,153,154,159,163,164,165,166,167,168,169,170,171,172,173,174,175,176,181,182,185,186,187,190,191,192,193,194,195,196,197,198,201,203,204,206,207,211,212,213,214,215,216,217,218,219,220,222,223,225,226,228,229,230,232,233,234,236,237,238,239,240,241,242,244,245,246,247,248,249,250,251,252,253,254,255,256,257,258,259,260,261,262,263,264,266,267,268,269,270,271,272,273,274,275,276,277,278,279,280,281,282,283,284,285,286,287,288,289,313,321,322,323,324,325,326,327,328,330
170,170,139
34,35,36,37,38,39,40,41,42,43,50,51,53,54,55,56,58,59,60,61,62,63,64,152,153,154,157,159,163,164,165,167,168,169,170,171,172,173,174,175,176,179,181,182,185,186,187,188,189,190,191,192,193,194,195,196,197,198,200,201,203,204,205,208,210,211,212,213,214,215,216,217,218,219,220,222,223,224,225,226,227,228,229,230,232,233,234,236,237,238,239,240,241,242,243,244,245,246,247,248,249,250,251,252,253,254,255,256,257,258,259,260,261,262,263,264,266,267,276,280,281,282,283,284,285,286,287,288,289,313,321,322,323,324,325,326,327,328,330
162,162,139
34,35,36,37,38,39,40,41,42,43,50,51,53,54,55,56,58,59,60,61,62,63,64,152,153,154,155,157,159,163,164,165,167,168,169,170,171,172,173,174,175,176,179,181,182,184,185,186,187,188,189,190,191,192,193,194,195,196,197,199,201,202,203,204,205,208,210,211,212,213,214,215,216,217,218,219,220,221,222,223,225,226,227,228,229,230,231,232,233,234,236,237,238,239,240,241,242,243,244,245,246,247,250,251,252,253,254,255,256,257,258,259,260,261,262,263,264,265,266,276,281,282,283,284,285,286,287,288,289,313,321,322,323,324,325,326,327,328,330
169,169,138
34,35,36,37,38,39,40,41,42,43,44,45,46,51,53,54,55,56,58,59,60,61,62,63,64,155,156,157,158,159,163,164,165,167,168,169,170,171,172,173,174,175,176,181,182,185,186,187,188,189,190,191,192,193,194,195,196,197,199,200,201,202,203,204,205,206,207,208,209,210,211,212,213,214,215,216,217,218,219,221,222,223,225,226,227,229,230,232,233,234,236,237,238,239,240,241,242,243,244,245,246,247,250,251,252,253,254,255,256,257,258,259,260,261,262,263,264,265,266,267,268,278,285,286,287,288,289,313,321,322,323,324,325,326,327,328,329,330
161,161,145
1,6,34,35,36,37,38,39,40,41,42,43,44,45,47,51,53,54,55,56,58,59,60,61,62,63,64,156,157,158,159,163,164,165,167,168,169,170,171,172,173,174,175,176,177,181,182,185,186,187,188,189,190,191,192,193,194,195,196,197,199,200,202,203,204,205,208,209,210,211,212,213,214,215,216,217,218,219,221,222,223,224,225,226,227,229,230,232,233,234,236,237,238,239,240,241,242,243,244,245,246,247,249,250,251,252,253,254,255,256,257,258,259,260,261,262,263,264,265,266,267,268,277,279,280,281,282,283,284,285,286,287,288,289,313,321,322,323,324,325,326,327,328,329,330
153,153,146
34,35,36,37,38,39,40,41,42,43,44,45,48,51,53,54,55,56,58,59,60,61,62,63,64,157,158,159,163,164,165,167,168,169,170,171,172,173,174,175,176,179,180,181,182,184,185,186,187,188,189,190,191,192,193,194,195,196,197,200,202,203,204,205,208,209,210,211,212,213,214,215,216,217,218,219,221,222,223,224,225,226,227,228,229,230,231,232,233,234,236,237,238,239,240,241,242,243,244,245,246,247,248,249,250,251,252,253,254,255,256,257,258,259,260,261,262,263,264,265,266,267,276,277,278,279,280,281,282,283,284,285,286,287,288,289,313,321,322,323,324,325,326,327,328,330
95,95,151
34,35,36,37,38,39,40,41,42,43,44,49,50,51,53,54,55,56,58,59,60,61,62,63,64,156,157,158,159,163,164,165,166,167,168,169,170,171,172,173,174,175,176,179,180,181,182,184,185,186,187,188,189,190,191,192,193,194,195,196,197,200,201,202,203,204,205,206,208,209,210,211,212,213,214,215,216,217,218,219,220,221,224,225,226,227,228,229,230,231,232,233,234,236,237,238,239,240,241,242,243,244,245,246,247,248,249,251,252,253,254,255,256,257,258,259,260,261,262,263,264,265,266,271,273,274,275,276,277,278,279,280,281,282,283,284,285,286,287,288,289,313,321,322,323,324,325,326,327,328,330
121,121,144
34,35,36,37,38,39,40,41,42,43,44,46,49,51,52,54,55,56,58,59,60,61,62,63,64,154,155,156,157,158,159,163,164,165,167,168,169,170,171,172,173,174,175,176,177,179,180,181,182,185,186,187,188,189,190,191,192,193,194,195,196,197,198,200,201,202,203,204,205,208,209,210,211,212,213,214,215,216,217,218,219,220,224,225,226,227,228,229,230,231,232,233,234,236,237,238,239,240,241,242,243,246,247,248,249,251,252,253,254,255,256,257,258,259,260,261,262,263,264,265,267,277,278,279,280,281,282,283,284,285,286,287,288,289,313,321,322,323,324,325,326,327,328,330
113,113,149
22,34,35,36,37,38,39,40,41,42,51,52,54,55,56,58,59,60,61,62,63,64,150,151,152,153,154,156,158,159,163,164,165,166,167,168,169,170,171,172,173,174,175,176,179,180,181,182,183,185,186,187,188,189,190,191,192,193,194,195,196,197,198,201,202,203,204,205,208,209,210,211,212,213,214,215,216,217,218,219,220,223,224,225,226,227,228,229,230,231,232,233,234,236,237,238,239,240,241,242,246,247,249,251,252,253,254,255,256,257,258,259,260,261,262,263,264,265,267,268,270,271,273,274,275,276,277,278,279,280,281,282,283,284,285,286,287,288,313,321,322,323,324,325,326,327,328,329,330
128,128,146
34,35,36,37,38,39,40,41,42,44,51,52,54,55,56,58,59,60,61,62,63,64,149,150,151,152,154,156,158,159,163,164,165,166,167,168,169,170,171,172,173,174,176,179,181,182,184,185,186,187,188,189,190,191,192,193,194,195,196,197,198,201,202,203,204,205,207,208,209,210,211,212,213,214,215,216,217,218,219,220,221,223,224,225,226,227,228,229,230,232,233,234,236,237,238,239,240,241,242,246,247,249,252,253,254,255,256,257,258,259,260,261,262,263,264,265,268,270,271,272,273,274,275,276,277,278,279,280,281,282,283,284,285,286,288,313,321,322,323,324,325,326,327,328,329,330
47,47,148
34,35,36,37,38,39,40,41,42,49,51,52,54,55,56,58,59,60,61,62,63,64,88,149,150,151,152,154,156,157,158,159,163,164,165,166,167,168,169,170,171,172,173,174,176,179,181,182,186,187,188,189,190,191,192,193,194,195,196,198,201,202,203,204,205,207,208,209,210,211,212,213,214,215,216,217,218,219,220,223,224,225,226,227,228,229,230,232,233,234,236,237,238,239,240,241,243,246,247,248,249,250,252,253,254,255,256,257,258,259,260,261,262,263,264,265,266,269,270,271,272,273,274,275,276,277,278,279,280,281,282,283,284,285,286,288,289,313,321,322,323,324,325,326,327,328,329,330
96,96,150
34,35,36,37,38,39,40,41,42,44,49,51,52,54,55,56,58,59,60,61,62,63,64,154,156,157,158,159,163,164,165,166,167,168,169,170,171,172,173,174,175,176,177,179,180,181,182,183,186,187,188,189,190,191,192,193,194,195,196,198,199,201,202,203,204,205,207,208,209,210,211,212,213,214,215,216,217,218,219,220,223,224,225,226,227,228,229,230,231,232,233,234,236,237,238,239,240,241,243,244,246,247,248,249,250,252,253,254,255,256,257,258,259,260,261,262,263,264,265,270,271,272,273,274,275,276,277,278,279,280,281,282,283,284,285,286,287,288,289,313,321,322,323,324,325,326,327,328,329,330
23,23,143
34,35,36,37,38,39,40,41,42,43,51,52,54,55,56,58,59,60,61,62,63,64,157,158,159,163,164,165,167,168,169,170,171,172,173,174,175,176,177,178,179,180,181,182,184,186,187,188,189,190,191,192,193,194,195,196,197,198,199,201,202,203,204,205,206,207,208,209,210,211,212,213,214,215,216,217,218,219,220,223,224,225,226,227,228,229,230,231,232,233,234,236,237,238,239,240,241,242,244,245,246,247,248,249,250,251,252,253,254,255,256,257,258,259,260,261,262,263,274,276,277,278,279,280,281,282,283,284,285,286,287,288,313,321,322,323,324,325,326,327,328,329,330
7,7,146
34,35,36,37,38,39,40,41,42,43,51,54,55,56,58,59,60,61,62,63,64,152,154,157,158,159,164,165,167,168,169,170,171,172,173,174,175,176,177,178,179,180,181,182,186,187,188,189,190,191,192,193,194,195,196,197,198,199,201,202,203,204,205,206,207,208,209,210,211,212,213,214,215,216,217,218,219,220,221,222,224,225,226,227,228,229,230,231,232,233,234,235,236,237,238,239,240,241,242,244,245,246,247,248,249,250,251,252,253,254,255,256,257,258,259,260,261,271,272,273,274,275,276,277,278,279,280,281,282,283,284,285,286,287,290,313,321,322,323,324,325,326,327,328,329,330
30,30,137
8,10,11,12,62,63,64,122,129,130,131,132,135,136,137,138,141,143,145,146,147,148,149,150,151,152,154,155,156,157,158,159,160,164,165,168,169,170,171,172,173,174,175,176,177,178,179,180,181,182,183,185,186,187,188,189,190,191,192,193,194,195,196,197,198,199,200,201,202,203,204,205,206,207,208,209,210,211,212,213,214,215,216,217,218,219,220,222,224,225,226,227,228,229,230,231,232,233,234,236,237,238,239,240,241,242,243,245,246,247,248,249,250,251,252,253,254,255,256,257,258,259,260,261,262,263,268,269,270,271,272,273,274,275,276,277,321
45,45,134
34,36,37,38,39,40,141,143,145,146,147,148,149,150,151,152,153,154,155,156,157,158,159,160,164,165,168,169,170,171,172,173,174,175,176,177,178,179,180,181,182,183,184,186,187,188,189,190,191,192,193,194,195,196,197,198,199,200,201,202,203,204,205,206,207,208,209,210,211,212,213,214,215,216,217,218,219,220,222,223,224,225,226,227,228,229,230,231,232,239,240,241,242,243,245,246,247,248,249,250,251,252,253,254,255,256,257,258,259,260,261,262,263,266,269,270,271,272,273,274,275,276,277,278,279,280,281,282,283,284,285,286,287,330
29,29,136
34,35,36,37,138,139,141,143,144,145,146,147,148,149,150,151,152,154,155,156,157,158,159,160,164,165,166,168,169,170,171,172,173,174,175,176,177,178,179,180,181,182,183,186,187,188,189,190,191,192,193,194,195,196,197,198,199,200,201,202,203,204,205,206,207,208,209,210,211,212,213,214,215,216,217,218,219,220,222,223,224,225,226,227,228,230,231,232,233,234,236,237,238,239,240,241,242,245,246,247,248,249,250,251,252,253,254,255,256,257,258,259,260,261,262,263,264,269,270,271,272,273,274,275,276,277,278,279,280,281,282,283,284,285,286,330
21,21,134
18,33,62,63,64,129,131,132,133,134,135,136,137,139,141,142,143,144,145,146,147,148,149,150,151,154,155,156,157,160,163,164,165,168,169,170,171,172,173,174,175,176,177,178,179,180,181,182,183,185,186,187,189,190,191,192,193,194,195,196,197,198,199,200,201,202,203,204,205,206,207,209,210,211,212,213,214,215,216,217,218,219,220,221,222,223,224,225,226,227,228,229,230,231,232,233,234,236,237,238,239,240,241,242,244,245,246,247,248,249,250,251,252,253,254,255,256,257,258,259,260,261,262,263,264,267,269,270,271,272,273,274,275,276
59,59,136
4,8,11,12,17,33,126,127,128,129,132,133,134,137,139,141,142,143,144,145,146,147,148,149,150,151,154,155,156,157,160,161,163,164,165,168,169,170,171,172,173,175,176,177,178,179,180,182,183,184,186,187,189,190,191,192,193,194,195,196,197,198,199,200,201,202,203,204,205,206,207,209,210,211,212,213,214,215,216,217,218,219,220,221,222,223,224,225,226,227,228,229,230,231,232,233,234,236,237,238,239,240,241,242,244,245,246,247,248,249,250,251,252,253,254,255,256,257,258,259,260,261,262,263,264,267,269,270,271,272,320,322,323,324,325,326
264,264,150
3,4,6,8,12,13,14,15,16,17,18,19,33,62,128,129,132,133,134,136,137,139,141,142,143,144,145,146,147,148,149,150,151,152,154,155,156,157,159,160,161,163,164,165,168,169,170,171,172,173,175,176,177,178,179,180,182,183,184,186,187,188,189,190,191,192,193,194,195,196,197,198,199,200,201,202,203,204,205,206,207,208,209,210,211,212,213,214,215,216,217,218,219,220,221,222,223,224,225,226,227,228,229,230,231,232,233,234,236,237,238,239,240,241,242,243,244,245,246,247,248,249,250,251,253,254,255,256,257,258,259,260,261,262,263,264,266,267,268,269,270,271,272,319,320,321,322,323,324,325
66,66,138
34,35,36,37,39,40,41,44,49,52,55,56,58,59,60,61,62,64,155,156,157,158,159,160,161,163,164,165,168,169,170,171,172,173,175,176,177,178,179,180,181,182,183,184,185,186,187,190,191,192,193,194,195,196,197,198,199,200,201,202,203,204,205,206,207,209,210,211,212,213,214,215,216,217,218,219,220,221,222,223,224,225,226,227,228,229,231,232,233,234,236,237,238,239,240,241,242,243,244,245,246,247,248,249,250,251,253,254,255,256,257,258,259,260,269,277,278,279,280,281,282,283,284,285,286,287,288,313,321,322,323,324,325,326,327,328,329,330
27,27,138
3,34,35,36,37,39,40,41,43,44,49,55,56,58,59,60,61,62,63,64,155,157,158,159,160,161,163,164,165,168,169,170,171,172,173,174,175,176,177,178,180,181,182,183,184,185,186,187,190,191,192,193,194,195,196,197,198,199,200,201,203,204,205,206,207,209,210,211,212,213,214,215,216,217,218,219,220,221,222,223,224,225,226,227,228,229,231,232,233,234,236,237,238,239,240,241,242,243,244,245,246,247,248,249,250,251,252,253,254,255,256,257,258,259,260,261,271,279,280,281,282,283,284,285,286,287,288,313,321,322,323,324,325,326,327,328,329,330
42,42,138
34,35,36,37,39,40,41,42,43,44,45,49,50,54,55,56,58,59,60,61,62,63,64,157,158,160,161,163,164,165,168,169,170,171,172,173,174,175,176,177,178,180,181,182,183,184,185,186,187,190,191,192,193,194,195,196,197,198,199,200,201,203,204,205,206,207,208,209,211,212,214,215,216,217,218,219,220,221,222,223,224,225,226,227,228,229,230,231,232,233,234,236,237,238,239,240,241,242,243,244,245,246,247,248,249,250,251,252,253,254,255,256,257,258,259,260,261,262,263,264,265,284,285,286,287,288,289,313,321,322,323,324,325,326,327,328,329,330
26,26,138
34,35,36,37,39,40,41,42,43,44,49,50,52,54,55,56,58,60,61,62,63,64,158,160,161,163,164,165,168,169,170,171,172,173,174,175,176,177,178,179,180,181,182,183,184,185,186,187,190,191,192,193,194,195,196,197,198,199,200,201,202,203,204,205,206,207,208,209,211,212,214,215,216,217,218,219,220,221,222,223,224,225,226,227,228,229,230,231,232,233,234,236,237,238,239,240,241,242,243,244,245,246,247,248,249,250,251,252,253,254,255,256,257,258,259,260,261,262,263,264,265,284,285,286,287,288,289,313,321,322,323,324,325,326,327,328,329,330
472,472,151
34,35,36,37,39,40,41,42,43,44,49,50,54,55,56,58,60,61,63,64,68,157,158,160,161,163,164,165,168,169,170,171,172,173,174,175,176,177,178,179,180,181,182,183,184,185,186,187,190,191,192,193,194,195,196,197,198,199,200,201,202,203,204,205,206,207,208,209,211,212,214,215,216,217,218,219,220,221,222,223,224,225,226,227,228,229,230,231,232,233,234,236,237,238,239,240,241,242,243,244,245,246,247,248,249,250,251,252,253,254,255,256,257,258,259,260,261,262,263,270,271,272,273,274,275,276,277,278,279,280,281,282,283,284,285,286,287,288,289,290,313,321,322,323,324,325,326,327,328,329,330
33,33,144
34,36,37,39,40,41,42,43,44,46,49,50,51,54,55,56,58,59,60,61,63,64,157,158,160,161,163,164,165,168,169,170,171,172,173,174,175,176,177,178,179,180,181,182,183,184,185,186,187,190,191,192,193,194,195,196,197,198,199,200,202,203,204,205,206,207,208,209,211,212,214,215,216,217,218,219,220,221,222,223,224,225,226,227,228,229,230,231,232,233,234,236,237,238,239,240,241,242,244,245,246,247,248,249,250,251,252,253,254,255,256,257,258,259,260,261,262,263,264,273,277,278,279,280,281,282,283,284,285,286,287,288,289,313,321,322,323,324,325,326,327,328,329,330
17,17,148
34,36,37,39,40,41,42,43,44,49,50,51,54,55,56,58,59,60,61,62,63,64,155,156,157,158,160,161,163,164,165,168,169,170,171,172,174,175,176,177,178,180,181,182,183,184,185,186,187,190,191,192,193,194,195,196,197,198,199,200,202,203,204,205,206,207,208,209,211,212,214,215,216,217,218,219,220,221,223,225,226,227,228,229,230,231,232,233,234,236,237,238,239,240,241,242,244,245,246,247,248,249,250,251,252,253,254,255,256,257,258,259,260,261,262,263,264,265,272,273,274,275,276,277,278,279,280,281,282,283,284,285,286,287,288,289,290,313,321,322,323,324,325,326,327,328,329,330
24,24,149
34,36,37,39,40,41,42,43,44,49,50,51,52,54,55,56,58,59,60,61,62,63,64,156,157,158,160,161,163,164,165,168,169,170,171,172,174,175,176,177,178,180,181,182,183,184,185,186,187,190,191,192,193,194,195,196,197,198,199,200,202,203,204,205,206,207,208,209,211,212,214,215,216,217,218,219,220,221,223,225,226,227,228,229,230,231,232,233,234,236,237,238,239,240,241,242,243,244,245,246,247,248,249,250,251,252,253,254,255,256,257,258,259,260,261,262,263,264,265,272,273,274,275,276,277,278,279,280,281,282,283,284,285,286,287,288,289,290,313,321,322,323,324,325,326,327,328,329,330
8,8,149
34,36,37,40,42,43,44,50,51,52,54,55,56,58,59,60,61,62,63,64,70,155,156,157,158,160,161,163,164,165,168,169,170,171,172,174,175,176,177,178,180,181,182,183,184,185,186,187,190,191,192,193,194,195,196,197,198,199,200,201,202,203,204,205,206,207,208,209,211,212,214,215,216,217,218,219,220,221,222,223,224,225,226,227,228,229,230,231,232,233,234,236,237,238,239,240,241,242,243,245,246,247,248,249,250,251,252,253,254,255,256,257,258,259,260,261,262,270,271,272,273,274,275,276,277,278,279,280,281,282,283,284,285,286,287,288,289,290,313,321,322,323,324,325,326,327,328,329,330
0,0,149
34,36,37,40,42,43,44,46,51,54,55,56,58,59,60,61,62,63,64,154,155,156,157,158,160,161,163,164,165,168,169,170,171,172,173,174,175,176,177,178,180,181,182,183,184,185,186,187,190,191,192,193,194,195,196,197,198,199,200,201,202,203,204,205,206,207,208,209,211,212,214,215,216,217,218,219,220,221,222,223,224,225,226,227,228,229,230,231,232,233,234,236,237,238,239,240,241,242,243,245,246,247,248,249,250,251,252,253,254,255,256,257,258,259,263,264,265,267,268,269,270,271,272,273,274,275,276,277,278,279,280,281,282,283,284,285,289,290,313,321,322,323,324,325,326,327,328,329,330
568,568,141
34,36,37,39,40,42,43,44,45,46,54,55,56,58,59,61,62,63,64,155,156,157,158,160,161,163,164,165,168,169,170,171,172,173,174,175,176,177,178,180,181,182,183,184,185,186,187,189,190,191,192,193,194,195,196,197,198,199,200,201,202,203,204,205,206,207,208,209,211,212,214,215,216,217,218,219,220,221,222,223,224,225,226,227,228,229,230,231,232,233,234,236,237,238,239,240,241,242,243,245,246,247,248,249,250,251,252,253,254,255,256,257,258,259,260,269,273,274,275,276,277,278,279,280,281,282,283,284,285,289,313,321,322,323,324,325,326,327,328,329,330
470,470,147
34,35,36,37,38,39,40,42,44,45,46,54,55,56,58,59,61,63,64,155,156,157,158,160,161,163,164,165,168,169,170,171,172,173,174,175,176,177,178,180,181,182,183,184,185,186,187,189,190,191,192,193,194,195,196,197,198,199,200,201,202,203,204,205,206,207,208,209,210,211,212,214,215,216,217,218,219,220,221,222,223,224,225,226,227,228,229,230,231,232,233,234,236,237,238,239,240,241,242,243,245,246,247,248,249,250,251,252,253,254,255,256,257,258,259,267,268,269,270,271,272,273,274,275,276,277,278,279,280,281,282,283,287,288,289,290,313,321,322,323,324,325,326,327,328,329,330
471,471,149
34,35,36,37,38,40,42,44,46,54,55,56,58,59,60,61,63,64,154,155,157,158,159,160,161,163,164,165,168,169,170,171,172,173,174,175,176,177,178,180,181,182,183,184,185,186,187,189,190,191,192,193,194,195,196,197,198,199,200,201,202,203,204,205,206,207,208,209,210,211,212,214,215,216,217,218,219,220,221,222,223,224,225,226,227,228,229,230,231,232,233,234,236,237,238,239,240,241,242,243,244,245,246,247,248,249,250,251,252,253,255,256,257,258,263,265,266,267,268,269,270,271,272,273,274,275,276,277,278,279,280,281,282,283,287,288,289,290,313,321,322,323,324,325,326,327,328,329,330
453,453,141
34,35,36,37,38,40,42,43,44,46,48,50,52,53,54,55,56,58,59,61,62,63,64,157,158,159,160,161,163,164,165,168,169,170,171,172,173,174,175,176,177,178,180,181,182,183,184,185,186,187,189,190,191,192,193,194,195,196,197,198,199,200,201,202,204,205,206,207,208,209,210,211,212,214,215,216,217,218,219,220,221,222,223,224,225,226,227,228,229,230,231,232,233,234,236,237,238,239,240,241,242,243,244,245,246,247,248,249,250,251,252,253,255,256,257,258,259,260,261,262,272,279,280,281,282,283,286,287,288,289,313,321,322,323,324,325,326,327,328,329,330
444,444,140
35,36,37,38,39,40,41,42,43,44,45,46,53,54,56,58,59,61,62,63,64,71,155,156,157,158,159,160,161,163,164,165,168,169,170,171,172,173,174,175,176,179,180,181,182,183,184,185,186,187,189,190,191,192,193,194,195,196,197,198,199,200,201,204,205,206,207,208,209,210,211,212,214,215,216,217,218,219,220,221,222,223,224,225,226,227,228,229,230,231,232,233,234,236,237,238,239,240,241,242,243,244,245,246,247,248,249,250,251,252,253,255,256,257,258,259,260,261,271,278,279,280,281,282,283,286,287,288,289,313,321,322,323,324,325,326,327,328,329,330
455,455,139
35,36,37,38,39,40,41,42,43,45,53,56,58,59,60,61,62,63,64,149,150,151,152,154,155,156,157,158,159,160,161,163,164,165,168,169,170,171,172,173,174,175,176,179,180,181,182,183,184,185,186,187,189,190,191,192,193,194,195,196,197,198,199,200,201,203,204,205,206,207,208,209,210,211,212,214,215,216,217,218,219,220,221,222,223,224,225,226,227,228,229,230,231,232,233,234,236,237,239,240,241,242,243,244,245,246,247,248,249,250,251,252,262,263,265,266,267,268,269,270,271,272,273,274,275,276,277,278,279,280,281,282,283,286,287,288,289,327,330
427,427,136
3,4,6,9,12,13,14,15,16,35,36,37,38,39,119,120,121,123,124,125,126,127,128,129,130,131,133,135,136,138,140,141,142,143,144,145,146,147,148,149,150,151,152,154,155,156,157,158,159,160,161,164,165,168,169,170,171,172,173,174,175,176,177,178,179,180,181,182,183,184,185,186,187,189,190,191,192,193,194,195,196,197,198,199,200,201,203,204,206,207,208,209,210,211,212,214,215,216,217,218,219,220,221,222,223,224,225,226,227,228,229,230,231,232,233,234,236,237,239,240,241,242,243,244,245,246,247,248,249,250,251,252,282,283,286,310
545,545,136
3,4,6,9,11,12,13,14,15,16,17,18,20,21,22,35,36,37,38,119,120,121,123,124,125,126,127,128,129,130,131,133,135,136,138,139,140,141,142,143,144,145,146,147,148,149,150,151,152,154,155,156,157,158,159,160,161,164,165,168,169,170,171,172,173,174,175,176,178,179,180,181,182,183,184,185,186,187,189,190,191,192,193,194,195,196,197,198,200,201,203,204,205,206,207,208,209,210,211,212,214,215,216,217,218,219,220,221,222,223,224,225,226,227,228,229,230,231,232,233,234,236,237,238,239,240,241,242,246,247,248,249,250,251,283,286
447,447,141
3,4,37,38,39,40,41,43,49,53,54,56,57,58,59,60,61,62,63,64,65,66,69,73,75,77,78,79,80,81,82,83,84,85,86,87,88,90,92,95,96,98,99,100,101,102,103,104,105,106,107,108,109,110,111,112,113,117,119,120,121,122,123,124,125,126,127,128,129,130,133,135,136,138,139,140,141,142,143,144,145,146,147,148,149,150,151,152,153,154,155,156,157,158,159,160,161,162,164,165,168,169,170,171,229,230,231,232,233,234,236,237,238,239,240,241,242,251,252,253,255,256,257,258,259,260,261,262,263,264,277,278,279,280,281,282,283,286,309,328,330
188,188,133
1,2,3,4,6,40,41,43,49,50,53,54,56,57,58,59,60,61,62,63,64,65,66,74,75,77,78,79,80,81,82,83,84,85,86,87,88,90,92,93,95,96,97,98,99,100,101,102,103,104,105,106,107,108,109,110,112,113,114,117,118,119,120,121,122,123,124,125,126,127,128,129,130,133,134,135,136,138,139,140,141,142,143,144,145,146,147,148,149,150,151,152,153,154,155,156,157,158,159,160,161,222,232,233,234,236,237,238,239,240,241,242,253,255,256,257,258,259,260,261,262,263,264,277,278,279,280,281,282,283,286,328,330
96,96,133
1,2,3,4,5,6,9,10,14,15,22,25,31,32,33,38,41,42,43,44,57,65,66,75,76,77,78,79,80,81,82,83,84,85,125,150,151,152,153,154,155,156,157,158,159,160,161,162,163,164,165,168,169,170,171,172,173,174,175,176,180,181,182,183,184,185,186,187,188,189,190,191,192,193,194,195,196,197,198,204,205,206,207,208,209,210,211,212,214,215,216,217,218,219,220,228,229,230,231,232,233,234,236,237,238,239,240,241,242,253,254,255,256,257,258,259,260,261,262,263,264,277,278,279,280,281,282,283,286,301,302,327,330
566,566,141
2,3,4,6,9,10,11,20,22,25,31,32,33,35,36,37,38,39,40,41,42,43,44,48,50,53,54,55,56,57,75,76,77,78,79,80,81,82,83,84,85,86,87,88,92,118,119,120,121,125,126,127,128,129,130,131,132,140,158,159,160,161,162,163,164,165,168,169,170,171,172,173,174,175,176,181,182,183,184,185,186,187,188,189,190,191,192,193,194,195,196,197,198,205,206,207,208,209,210,211,212,214,215,216,217,218,219,220,230,231,232,233,234,236,237,238,239,240,241,242,253,254,255,256,257,258,259,260,261,262,263,282,283,286,301,302,303,304,305,306,307
384,384,137
1,2,3,4,6,9,10,15,16,24,25,26,31,32,33,35,36,37,38,39,40,43,44,56,57,58,59,75,76,77,78,79,80,81,82,83,84,109,110,114,119,120,121,122,123,124,150,151,152,153,154,157,158,159,160,161,162,163,164,165,168,169,170,171,172,173,174,175,176,182,183,184,185,186,187,188,189,190,191,192,193,194,195,196,197,198,206,207,208,209,210,211,212,214,215,216,217,218,219,220,230,231,232,233,234,236,237,238,239,240,241,242,253,254,255,256,257,258,259,260,261,262,263,264,276,277,278,279,280,281,282,283,286,303,304,326,330
376,376,139
2,3,4,6,9,25,28,29,31,32,33,34,35,36,37,38,39,40,41,42,46,65,66,68,70,75,76,77,78,79,80,81,82,83,84,85,86,87,88,92,97,98,99,100,101,102,103,104,105,106,107,108,109,110,118,119,120,121,122,123,124,125,126,127,128,129,130,131,132,136,138,139,140,142,143,144,145,146,147,148,149,150,151,152,153,154,158,160,161,162,163,164,165,167,168,169,170,171,231,232,233,234,236,237,238,239,240,241,242,253,254,255,256,257,258,259,260,263,264,276,277,278,279,280,281,282,283,286,300,301,302,303,304,305,306,307,308,327,328
15,15,140
1,2,3,4,6,7,40,41,42,44,45,46,47,53,54,55,56,57,58,59,60,61,62,63,64,65,66,68,70,72,75,76,77,78,79,80,81,82,83,84,85,86,87,88,92,94,97,98,99,101,102,103,104,105,106,107,108,109,110,119,121,122,124,125,126,127,128,129,130,131,132,137,138,139,140,142,143,144,145,146,147,148,149,150,151,152,153,154,158,160,161,162,164,165,167,207,208,209,210,211,212,214,215,216,217,218,219,232,233,234,236,237,238,239,240,241,242,253,254,255,256,257,258,259,260,261,262,263,264,276,277,278,279,280,281,282,283,286,310,330
379,379,140
1,2,3,4,6,7,40,41,42,44,45,46,47,50,53,54,55,56,57,58,59,60,61,62,64,65,66,67,68,69,70,72,75,76,77,78,79,80,81,82,83,84,85,86,87,88,92,93,94,97,98,99,101,102,103,104,105,106,107,108,109,110,114,115,116,119,121,123,124,125,126,127,128,129,130,131,132,137,138,139,140,142,143,144,145,146,147,148,149,150,151,152,153,154,160,161,164,165,167,203,207,208,209,210,211,212,232,233,234,236,237,238,239,240,241,242,251,252,253,254,255,256,257,258,259,260,261,262,263,264,276,277,278,279,280,281,282,283,286,330
370,370,138
2,3,4,6,7,34,35,36,37,38,39,57,65,66,67,68,69,70,72,75,76,77,78,79,80,81,82,83,84,85,86,87,88,92,93,94,97,98,99,101,102,103,104,105,106,107,108,109,110,113,115,116,119,121,123,124,125,126,127,128,129,130,131,132,137,138,139,140,142,143,144,145,146,147,148,149,150,151,152,153,154,160,161,164,165,167,203,206,207,208,209,232,233,234,236,237,238,239,240,241,242,251,252,253,254,255,256,257,258,259,260,261,262,263,264,272,273,276,277,278,279,280,281,282,283,286,299,300,301,302,303,304,305,306,307,308,327,328
30,30,138
2,3,4,6,7,34,35,36,37,38,39,57,65,66,67,68,69,70,71,72,75,76,77,78,79,80,81,82,83,84,86,87,88,90,91,92,93,94,97,98,99,100,101,102,103,104,105,106,107,108,109,110,113,115,116,119,121,124,125,126,127,128,129,130,131,132,137,138,139,140,142,143,144,145,146,147,148,149,150,151,152,153,154,160,161,162,164,165,167,232,233,234,236,237,238,239,240,241,242,250,251,252,253,254,255,256,257,258,259,260,261,262,263,264,271,272,273,276,277,278,279,280,281,282,283,286,299,300,301,302,303,304,305,306,307,308,327,328
87,87,136
1,2,3,4,6,7,9,10,11,12,13,14,15,16,17,33,50,54,55,56,58,116,119,121,124,125,126,127,128,129,130,131,132,137,138,139,140,142,143,144,145,146,147,148,149,150,151,152,153,154,160,161,162,164,165,167,168,169,170,171,172,173,174,175,176,182,183,185,186,187,188,189,190,191,192,193,194,195,196,197,198,203,204,205,206,207,208,209,210,211,212,214,215,216,217,218,219,220,225,228,229,230,231,232,233,234,241,242,250,251,252,253,254,255,256,257,258,259,260,261,262,263,264,271,272,273,276,277,278,279,280,281,282,283,286,309
383,383,145
1,2,3,4,6,9,10,11,12,13,14,15,16,17,18,20,21,22,23,24,38,39,40,41,42,44,45,46,50,51,57,59,60,61,121,122,123,124,125,126,127,128,129,130,131,132,134,135,137,138,139,140,141,142,143,144,146,147,148,149,150,151,152,153,154,159,160,161,162,164,165,167,168,169,170,171,172,173,174,175,176,182,183,185,186,187,188,189,190,191,192,193,194,195,196,197,198,204,205,206,207,208,209,210,211,212,214,215,216,217,218,219,220,225,228,229,230,231,232,233,234,236,237,238,239,240,241,242,247,248,250,251,252,253,254,255,256,257,258,259,260,261,276,309,327
78,78,142
1,2,3,4,6,9,10,11,12,13,14,15,16,17,18,33,54,55,56,124,125,126,127,128,129,130,131,132,134,135,136,137,138,139,140,141,142,143,144,146,147,148,149,150,151,152,153,154,158,159,160,161,162,164,165,167,168,169,170,171,172,173,174,175,176,181,182,185,186,187,188,189,190,191,192,193,194,195,196,197,198,204,205,206,207,208,209,210,211,212,214,215,216,217,218,219,220,226,227,228,229,230,231,232,233,234,236,237,238,239,240,241,242,247,248,250,251,252,253,254,255,256,257,258,259,260,261,262,263,264,271,272,273,276,277,278,279,280,281,282,283,309
367,367,134
1,18,34,35,36,37,38,39,40,42,43,44,45,46,47,50,54,55,56,134,135,136,137,138,139,140,142,143,144,146,147,148,149,150,151,152,153,154,158,159,160,161,162,164,165,168,169,170,171,172,173,174,175,176,177,182,183,185,186,187,188,189,190,191,192,193,194,195,196,197,198,205,206,207,208,209,210,211,212,214,215,216,217,218,219,220,226,227,228,229,230,231,232,233,234,236,237,238,239,240,241,242,247,248,250,251,252,253,254,255,256,257,258,259,260,261,262,263,264,270,271,272,273,276,277,278,279,280,281,282,283,284,285,286
358,358,147
1,2,3,4,6,9,10,11,12,13,14,15,16,17,18,19,20,33,34,35,56,58,59,127,128,129,130,131,132,134,135,136,137,138,139,140,142,143,144,146,147,148,149,150,151,152,153,154,155,157,158,159,160,161,162,164,165,168,169,170,171,172,173,174,175,176,177,179,182,183,184,185,186,187,188,189,190,191,192,193,194,195,196,197,198,200,205,206,207,208,209,210,211,212,214,215,216,217,218,219,220,223,227,229,230,231,232,233,234,236,237,238,239,240,241,242,248,250,251,252,253,254,255,256,257,258,259,260,261,262,263,264,270,272,273,276,277,278,279,280,281,282,283,285,286,311,320
208,208,148
1,15,16,17,18,19,20,21,24,26,34,35,36,37,38,39,40,41,42,44,45,46,47,50,54,55,56,57,58,59,60,138,139,140,142,143,144,146,147,148,149,150,151,152,153,154,155,157,158,159,160,161,162,164,165,167,168,169,170,171,172,173,174,175,176,177,179,181,182,183,184,185,186,187,188,189,190,191,192,193,194,195,196,197,198,199,200,204,205,206,207,208,209,210,211,212,214,215,216,217,218,219,220,227,229,230,231,232,233,234,236,237,238,239,240,241,242,250,251,252,253,254,255,256,257,258,259,260,261,262,263,264,270,272,273,274,276,277,278,279,280,281,282,283,285,286,287,321
340,340,140
1,10,14,15,16,17,18,34,35,36,37,60,134,135,136,137,138,139,140,142,143,144,146,147,148,149,150,151,152,153,154,155,157,158,159,160,161,162,164,165,168,170,171,172,173,174,175,176,177,179,180,181,182,183,184,185,186,187,188,189,190,191,192,193,194,195,196,197,198,199,200,201,203,204,205,206,207,208,209,210,211,212,214,215,216,217,218,219,220,224,226,227,228,229,230,231,232,233,234,236,237,238,239,240,241,242,246,247,249,250,251,252,253,254,255,256,257,258,259,260,261,262,263,264,266,270,271,272,273,274,276,277,278,279,280,281,282,285,286,310
215,215,152
1,15,16,17,18,19,20,21,22,24,26,34,35,36,37,38,39,40,41,42,43,44,45,46,47,50,51,54,57,143,144,146,147,148,149,150,151,152,153,154,155,157,158,159,160,161,162,163,164,165,168,170,171,172,173,174,175,176,177,179,180,181,182,183,184,185,186,187,188,189,190,191,192,193,194,195,196,197,198,199,200,201,203,204,205,206,207,208,209,210,211,212,214,215,216,217,218,219,220,222,223,224,225,226,227,228,229,230,231,232,233,234,236,237,238,239,240,241,242,245,249,250,251,252,253,254,255,256,257,258,259,260,261,262,263,264,266,269,271,272,273,274,276,277,278,279,280,281,282,284,285,286
333,333,141
1,34,35,36,37,38,39,40,41,142,143,144,145,146,147,148,149,150,151,152,153,154,155,157,158,159,160,161,162,164,165,166,167,168,169,170,171,172,173,174,175,176,177,179,180,181,182,183,184,185,186,187,188,189,190,191,192,193,194,195,196,197,198,199,200,201,202,203,204,205,206,207,208,209,210,211,212,214,215,216,217,218,219,220,221,222,223,224,225,226,227,228,229,230,231,233,234,236,237,238,239,240,241,242,245,248,249,251,252,253,254,255,256,257,258,259,260,261,262,263,264,266,268,269,271,272,273,274,275,276,277,278,279,280,281,282,283,284,285,286,289
343,343,146
1,35,36,37,38,39,40,41,42,43,44,45,46,47,48,50,147,148,149,150,151,152,153,154,155,157,158,159,160,161,162,164,165,168,169,170,171,172,173,174,175,176,177,179,180,181,182,183,184,185,186,187,188,189,190,191,192,193,194,195,196,197,198,199,200,201,202,203,204,205,206,207,208,209,210,211,212,214,215,216,217,218,219,220,221,222,223,224,225,226,227,228,229,230,231,232,233,234,236,237,238,239,240,241,242,244,245,247,248,249,251,252,253,254,255,256,257,258,259,260,261,262,263,264,266,267,268,269,270,271,272,273,274,275,276,277,278,279,280,281,282,283,284,285,286,289
325,325,142
1,36,37,38,39,40,41,42,43,44,147,148,149,150,151,152,153,154,155,157,158,159,160,161,162,163,164,165,167,168,169,170,171,172,173,174,175,176,177,178,179,180,181,182,183,184,185,186,187,188,189,190,191,192,193,194,195,196,197,198,199,200,201,202,203,204,205,206,207,208,209,210,211,212,214,215,216,217,218,219,220,221,222,223,224,225,226,227,228,229,230,231,232,233,234,236,237,238,244,245,246,247,248,249,250,251,252,253,254,255,256,257,258,259,260,261,262,263,264,266,267,268,269,270,271,272,273,274,275,276,277,278,279,280,281,282,283,284,285,286,287,289
326,326,149
34,36,37,38,39,40,41,42,43,44,45,46,47,51,54,150,151,152,153,154,155,157,158,159,160,161,162,164,165,168,169,170,171,172,173,174,175,176,177,178,179,180,181,182,183,184,185,186,187,188,189,190,191,192,193,194,195,196,197,198,199,200,201,202,203,204,205,206,207,208,209,210,211,212,214,215,216,217,218,219,220,221,222,223,224,225,226,227,228,229,230,231,232,233,234,236,237,238,239,240,241,242,243,244,245,246,247,248,249,250,251,252,253,254,255,256,257,258,259,260,261,262,263,264,265,266,267,268,269,270,271,272,273,274,275,276,277,278,279,280,281,282,283,284,285,286,287,288,289
191,191,153
18,19,20,21,22,31,35,36,37,38,39,40,41,42,43,146,147,148,149,150,151,152,153,154,155,157,158,159,160,161,162,164,165,168,169,170,171,172,173,174,175,176,177,178,179,180,181,182,183,184,185,186,187,188,189,190,191,192,193,194,195,196,197,198,199,200,201,202,203,204,205,206,207,208,209,210,211,212,214,215,216,217,218,219,220,221,222,223,224,225,226,227,228,229,230,231,232,233,234,236,237,238,239,240,241,242,243,244,245,246,247,248,249,250,251,252,253,254,255,256,257,258,259,260,261,262,263,264,265,266,267,268,269,270,271,272,273,274,275,276,277,278,279,280,281,282,283,284,285,286,287,288,322
183,183,151
15,21,22,36,37,38,39,40,41,42,43,44,47,48,53,147,148,149,150,151,152,153,154,155,157,158,159,160,161,162,163,164,165,168,169,170,171,172,173,174,175,176,177,178,179,180,181,182,183,184,185,186,187,188,189,190,191,192,193,194,195,196,197,198,199,200,201,202,203,204,206,207,208,209,210,211,212,214,215,216,217,219,220,221,222,223,224,225,226,227,228,229,230,231,232,233,234,236,237,238,239,240,241,242,243,244,245,246,247,248,249,250,251,252,253,254,255,256,257,258,259,260,261,262,263,264,265,266,267,268,269,270,271,272,273,274,275,276,277,278,279,280,281,282,283,284,285,286,287,288,321
301,301,147
22,27,34,36,37,38,39,40,41,144,145,146,147,148,149,150,151,152,153,154,155,157,158,159,160,161,162,164,165,168,169,170,171,172,173,174,175,176,177,178,179,180,181,182,183,184,185,186,187,188,189,190,191,192,193,194,195,196,197,198,199,200,201,202,203,204,206,207,208,209,210,211,212,214,216,217,219,220,221,222,223,224,225,226,227,228,229,230,231,232,233,234,236,237,238,239,240,241,242,243,244,245,246,247,248,249,250,251,252,253,254,255,256,257,258,259,260,261,262,263,264,265,266,267,268,269,270,271,272,273,274,275,276,277,278,279,280,281,282,283,284,285,286,287,288,289,321
302,302,154
1,12,15,16,17,18,19,20,21,22,36,37,38,63,143,144,145,146,147,148,149,150,151,152,153,154,155,157,158,159,160,161,162,164,165,167,168,169,170,171,172,173,174,175,176,177,178,179,180,181,182,183,184,185,186,187,188,189,190,191,192,193,194,195,196,197,198,199,200,201,202,203,204,206,207,208,209,210,211,212,214,216,217,218,219,220,221,222,223,224,225,226,227,228,229,230,231,232,233,234,236,237,238,239,240,241,242,243,244,245,246,247,248,249,250,251,252,253,254,255,256,257,258,259,260,261,262,264,265,266,267,268,269,270,271,272,273,274,275,276,277,278,279,280,281,282,283,284,286,287,288,289,321,322
294,294,155
10,11,12,15,16,18,19,20,21,22,35,36,37,63,143,144,145,146,147,148,149,150,151,152,153,154,155,157,158,159,160,161,162,163,164,165,167,168,169,171,172,173,174,175,176,177,178,179,180,181,182,183,184,185,186,187,188,189,190,191,192,193,194,195,196,197,198,199,200,201,202,203,204,205,206,207,208,209,210,211,212,214,216,217,218,219,220,221,222,223,224,225,226,227,228,229,230,231,232,233,234,236,237,238,239,240,241,242,243,244,245,246,247,248,249,250,251,252,253,254,255,256,257,258,259,260,261,262,264,265,266,267,268,269,270,271,272,273,274,275,276,277,278,279,280,281,282,283,284,286,287,288,289,321,322
295,295,155
15,16,18,19,20,22,23,34,36,37,38,39,41,42,43,44,145,146,147,148,149,150,151,152,153,154,155,158,159,160,161,162,164,165,167,168,169,171,172,173,174,175,176,177,178,179,180,181,182,183,184,185,186,187,188,189,190,191,192,193,194,195,196,197,198,199,200,201,202,203,204,205,206,207,208,209,210,211,212,214,216,217,219,220,221,222,223,224,225,226,227,228,229,230,231,232,233,234,236,237,238,239,240,241,242,243,244,245,246,247,248,249,250,251,252,253,254,255,256,257,258,259,260,261,262,264,265,266,267,268,269,270,271,272,273,274,275,276,277,278,279,280,281,282,283,284,285,286,287,288,289,322,323,324,325
487,487,146
1,34,37,38,39,40,41,42,43,44,47,48,50,51,54,55,56,58,59,150,151,152,153,154,155,158,159,160,161,162,164,165,167,168,169,171,172,173,174,175,176,177,178,179,180,181,182,183,184,185,186,187,188,189,190,191,192,193,194,195,196,197,198,199,200,201,202,203,204,205,206,207,208,209,210,211,212,214,216,217,219,220,221,223,224,225,226,227,228,229,230,231,232,233,234,236,237,238,239,240,241,242,243,244,245,246,247,252,253,254,255,256,257,258,259,260,261,262,264,265,266,267,268,269,270,271,272,273,274,275,276,277,278,279,280,281,282,283,284,285,286,287,288,289,290,313
134,134,143
34,35,37,38,39,40,41,42,43,44,47,48,50,51,52,54,55,56,58,59,60,61,63,64,160,161,162,163,164,165,167,168,169,170,171,172,173,174,175,176,177,178,179,180,181,182,183,184,185,186,187,188,189,190,191,192,194,195,196,197,198,199,200,201,202,203,204,205,206,207,208,209,210,211,212,214,216,217,218,219,220,221,223,224,225,226,227,228,229,230,231,232,233,234,236,237,238,239,240,241,242,243,244,245,246,247,248,249,250,251,252,253,254,255,256,257,258,259,260,261,262,263,264,265,274,282,283,284,285,286,287,288,289,313,321,322,323,324,325,326,327,328,330
495,495,147
34,35,37,38,39,40,41,42,43,44,47,48,50,51,54,55,56,58,59,60,61,63,64,159,160,161,162,164,165,167,168,169,170,171,172,173,174,175,176,177,178,179,180,181,182,183,184,185,186,187,188,189,190,191,192,194,195,196,197,198,199,200,201,202,203,204,205,206,207,208,209,210,211,212,214,216,217,218,219,220,221,222,223,224,225,226,227,229,230,231,232,233,234,236,237,238,239,240,241,242,243,244,245,246,247,248,249,250,251,252,253,254,255,256,257,258,259,260,261,262,263,264,273,276,277,278,279,280,281,282,283,284,285,286,287,288,289,313,321,322,323,324,325,326,327,328,330
110,110,143
1,34,35,37,38,39,40,41,42,43,44,45,47,48,50,51,54,55,56,58,59,60,61,62,63,64,159,160,161,162,165,167,168,169,170,171,172,173,174,175,176,177,178,179,180,181,182,183,184,185,186,187,188,189,190,191,192,194,195,196,197,198,199,200,201,202,203,204,205,206,207,208,209,210,211,212,214,216,217,219,220,221,222,223,224,225,226,227,229,230,231,232,233,234,236,237,238,239,240,241,242,243,244,245,246,247,248,249,250,251,252,253,254,255,256,257,258,259,260,261,262,263,264,265,266,275,282,283,284,285,286,287,288,289,313,321,322,323,324,326,327,328,330
