504,558
313,313,58
168,191,214,216,237,238,242,243,253,259,260,263,265,266,267,268,276,279,280,281,282,284,288,289,290,291,292,293,301,302,303,304,305,307,310,311,312,313,314,315,316,317,318,324,325,326,327,328,334,335,336,337,338,339,340,341,342,343
154,154,43
193,216,217,218,219,239,240,249,250,251,252,253,262,266,271,272,273,276,290,291,292,293,294,295,296,297,312,313,314,315,316,317,318,319,333,334,335,336,337,338,339,340,341
327,327,44
193,194,217,218,219,240,244,249,250,251,262,263,266,267,268,271,272,273,276,290,291,292,293,294,295,296,312,313,314,315,316,317,318,319,320,333,334,335,336,337,338,339,340,341
514,514,45
193,194,195,216,217,218,219,239,240,249,250,251,262,263,266,268,271,272,273,276,290,291,292,293,294,295,296,297,311,312,313,314,315,316,317,318,333,334,335,336,337,338,339,340,341
363,363,45
193,194,196,216,217,218,219,240,243,249,250,251,261,262,263,266,267,271,272,273,290,291,292,294,295,296,297,312,313,314,315,316,317,318,319,320,333,334,335,336,337,338,339,340,341
16,16,50
23,46,193,194,195,196,216,217,218,219,239,240,249,250,251,252,253,262,263,266,271,272,273,276,289,290,291,292,293,294,295,296,297,312,313,314,315,316,317,318,319,332,333,334,335,336,337,338,340,341
86,86,58
19,20,21,22,23,42,43,44,45,46,65,66,67,68,69,89,90,91,92,112,113,114,115,136,137,138,159,160,161,183,184,204,206,207,226,227,228,229,230,249,250,251,252,253,272,273,274,275,276,295,296,297,299,314,320,322,334,345
256,256,76
18,19,20,21,22,23,41,42,43,44,45,46,63,64,65,66,67,68,69,87,88,89,90,91,110,111,112,113,114,133,134,135,136,137,138,157,158,159,160,161,181,182,183,184,203,204,205,206,207,225,226,227,228,229,230,249,250,251,252,253,272,273,274,275,276,295,296,297,298,299,318,319,320,321,322,345
37,37,105
11,12,13,14,15,16,17,18,19,34,35,36,37,38,39,40,41,42,59,61,62,63,64,65,85,107,108,112,113,126,127,128,130,131,132,149,150,151,153,154,155,173,174,175,176,177,178,196,197,198,199,200,201,202,203,220,221,222,223,224,225,226,227,243,244,245,246,247,248,249,250,251,266,267,268,269,270,271,272,273,290,291,292,293,294,295,296,297,313,314,315,316,317,318,319,320,336,337,338,339,340,341,342,343,344
18,18,131
3,4,5,6,7,8,9,10,11,12,27,28,29,30,31,32,33,34,35,51,52,53,54,55,56,57,59,74,75,76,77,78,79,80,98,99,100,101,102,103,122,123,124,125,126,127,143,144,145,146,147,148,149,150,151,167,168,169,170,171,172,173,174,191,192,193,194,195,196,197,198,199,213,214,215,216,217,218,219,220,221,222,223,237,238,239,240,241,242,243,244,245,262,263,264,265,266,267,268,285,286,287,288,289,290,291,292,307,308,309,310,311,312,313,314,315,316,317,318,330,331,332,333,334,335,336,337,338,339,340,341
252,252,131
1,2,3,4,5,6,7,24,25,26,27,28,29,30,31,47,48,49,50,51,52,53,54,55,70,71,72,73,74,75,76,77,78,93,94,95,96,97,98,99,100,116,117,118,119,120,121,122,123,139,140,141,142,143,144,145,146,162,163,164,165,166,167,168,169,185,186,187,188,189,190,191,192,208,209,210,211,212,213,214,215,216,231,232,233,234,235,236,237,238,239,254,255,256,257,258,259,260,261,266,278,279,280,281,282,283,284,286,287,289,301,302,303,304,305,306,307,309,310,312,325,326,327,328,329,330,331,332,333,334,335
265,265,118
1,2,3,24,25,26,27,28,47,48,49,50,51,70,71,72,73,74,93,94,95,96,97,98,116,117,118,119,120,121,122,139,140,141,142,143,144,145,146,147,162,163,164,165,166,167,168,169,185,186,187,188,189,190,191,192,208,209,210,211,212,213,214,215,231,232,233,234,235,236,237,238,239,254,255,256,257,258,259,260,261,262,277,278,279,280,281,282,283,284,285,286,287,289,300,301,302,303,304,305,306,307,308,309,310,311,323,324,325,326,327,328,329,330,331,332,333,334
67,67,113
1,2,24,25,47,48,49,70,71,72,73,74,93,94,95,96,97,116,117,118,119,120,121,139,140,141,142,143,144,162,163,164,165,166,167,168,169,170,185,186,187,188,189,190,191,192,208,209,210,211,212,213,214,215,231,232,233,234,235,236,237,238,239,254,255,256,257,258,259,260,261,262,265,267,277,278,279,280,281,282,283,284,285,286,287,288,289,300,301,302,303,304,305,306,307,308,309,310,311,312,323,324,325,326,327,328,329,330,331,332,333,334,335
22,22,112
47,70,93,94,95,116,117,118,119,124,139,140,141,142,143,146,147,150,151,162,163,164,165,166,167,170,185,186,187,188,189,190,191,208,209,210,211,212,213,214,218,223,231,232,233,234,235,236,237,239,247,254,255,256,257,258,259,260,266,267,268,269,270,277,278,279,280,281,282,283,284,285,286,287,288,289,290,291,292,293,300,301,302,303,304,305,306,307,308,309,310,311,312,313,314,315,316,323,324,325,326,327,328,329,330,331,332,333,334,335,336,337
29,29,108
93,116,118,123,124,125,126,127,128,139,147,148,149,150,151,154,162,163,164,170,173,174,185,186,187,188,191,194,195,208,209,210,211,212,216,218,223,224,231,232,233,234,235,236,244,245,246,247,248,254,255,256,257,258,259,266,267,268,269,270,277,278,279,280,281,282,283,285,286,287,288,289,290,291,292,293,294,300,301,302,303,304,305,306,307,308,309,310,311,312,313,315,316,323,324,325,326,327,328,329,330,331,333,334,335,336,337,339
302,302,103
102,103,124,125,126,127,128,130,146,147,148,149,150,151,154,162,164,166,170,172,173,174,185,186,187,194,195,208,209,210,211,215,218,225,226,231,232,233,234,242,245,246,247,248,249,254,255,256,257,258,259,265,266,267,268,269,270,271,272,277,278,279,280,281,282,286,287,288,289,290,291,292,293,294,295,300,301,302,303,304,305,309,310,311,312,313,314,315,316,317,323,324,325,326,327,328,333,334,335,336,337,338,339
302,302,96
102,103,104,105,108,123,124,125,126,127,128,130,146,147,148,149,150,151,159,170,171,172,173,174,178,179,182,194,195,196,201,202,203,204,205,218,220,222,224,225,226,227,228,245,246,247,248,249,256,266,267,268,269,270,271,277,278,279,280,281,286,287,288,289,290,291,292,293,294,300,301,302,303,304,305,310,311,312,313,314,315,316,317,323,324,325,326,327,333,334,335,336,337,338,339,340
211,211,88
102,103,104,105,106,107,124,125,126,127,128,130,147,148,149,150,151,170,171,172,173,174,175,193,194,195,196,198,201,202,206,216,217,218,219,220,222,223,224,225,226,228,239,240,243,245,246,247,248,249,265,266,267,268,269,270,271,272,273,286,287,288,289,290,291,292,293,294,295,304,310,311,312,313,314,315,316,317,323,332,333,334,335,336,337,338,339,340
570,570,80
102,103,104,123,124,125,126,127,128,129,147,148,149,150,151,152,154,170,171,172,173,174,175,193,194,195,196,197,198,202,205,206,207,216,218,221,222,223,224,225,226,229,230,243,244,245,246,247,248,265,266,267,268,269,270,271,288,289,290,291,292,293,294,310,312,313,314,315,316,317,318,333,334,335,336,337,338,339,340,341
520,520,80
151,159,160,174,176,178,179,180,181,182,195,196,197,198,199,200,201,202,203,204,205,218,219,220,221,222,223,224,225,226,227,241,242,243,244,245,246,247,248,249,250,263,264,265,266,267,268,269,270,271,272,286,287,288,289,290,291,292,293,294,295,303,309,310,311,312,313,314,315,316,317,332,333,334,335,336,337,338,339,340
447,447,78
126,127,151,159,174,175,183,195,197,198,199,200,201,202,203,204,205,218,219,220,221,222,223,224,225,226,227,234,241,242,243,244,245,246,247,248,249,250,258,264,265,266,267,268,269,270,271,272,286,287,288,289,290,291,292,293,294,295,303,309,310,311,312,313,314,315,316,317,318,332,333,334,335,336,337,338,339,340
212,212,78
151,157,161,174,178,179,181,182,196,197,198,199,200,201,202,203,204,205,217,218,219,220,221,222,223,224,225,226,227,241,242,243,244,245,246,247,248,249,250,264,265,266,267,268,269,270,271,272,286,287,288,289,290,291,292,293,294,295,303,309,310,311,312,313,314,315,316,317,318,332,333,334,335,336,337,338,339,340
552,552,76
127,138,174,175,180,181,182,197,198,199,200,201,202,204,211,220,221,222,223,224,225,226,227,234,241,242,243,244,245,246,247,248,249,250,257,258,264,265,266,267,268,269,270,271,272,280,287,288,289,290,291,292,293,294,295,303,309,310,311,312,313,314,315,316,317,318,331,332,333,334,335,336,337,338,339,340
279,279,71
174,178,179,196,198,199,201,202,203,204,218,219,220,221,222,223,224,225,226,227,241,242,243,244,245,246,247,248,249,250,264,265,266,267,268,269,270,271,272,286,287,288,289,290,291,292,293,294,295,303,309,310,311,312,313,314,315,316,317,318,327,331,332,333,334,335,336,337,338,339,340
455,455,70
174,175,176,198,199,201,202,204,219,220,221,222,223,224,225,226,227,234,241,242,243,244,245,246,247,248,249,250,258,264,265,266,267,268,269,270,271,272,279,286,287,288,289,290,291,292,293,294,295,303,309,310,311,312,313,314,315,316,317,318,331,332,333,334,335,336,337,338,339,340
570,570,68
151,174,180,197,198,199,200,201,202,203,219,220,221,222,223,224,225,226,241,242,243,244,245,246,247,248,249,250,264,265,266,267,268,269,270,271,272,286,287,288,289,290,291,292,293,294,295,303,309,310,311,312,313,314,315,316,317,318,331,332,333,334,335,336,337,338,339,340
16,16,63
175,199,200,201,202,218,221,222,223,224,225,226,227,234,242,243,244,245,246,247,248,249,250,264,265,266,267,268,269,270,271,272,286,287,288,289,290,291,292,293,294,295,303,309,310,311,312,313,314,315,316,317,318,331,332,333,334,335,336,337,338,339,340
430,430,63
177,178,179,198,199,200,201,202,219,220,221,222,223,224,225,242,243,244,245,246,247,248,249,264,265,266,267,268,269,270,271,272,280,287,288,289,290,291,292,293,294,295,303,309,310,311,312,313,314,315,316,317,318,331,332,333,334,335,336,337,338,339,340
323,323,72
155,156,159,160,176,177,178,179,181,182,197,198,199,200,201,202,203,204,220,221,222,223,224,225,226,242,243,244,245,246,247,248,249,250,264,265,266,267,268,269,270,271,272,282,283,287,291,292,293,295,302,303,304,305,306,308,309,310,312,313,315,316,317,325,326,330,331,332,333,334,336,339
324,324,68
155,156,176,177,178,179,182,183,197,198,199,200,201,202,203,219,220,221,222,223,224,225,226,241,242,243,244,245,246,247,248,249,264,265,266,267,268,269,270,271,272,281,282,283,287,288,290,291,292,293,295,303,304,305,306,308,309,310,312,313,315,316,325,326,329,331,332,334
336,336,70
155,156,160,175,176,177,178,179,180,182,197,198,199,200,201,202,203,204,205,219,220,221,222,223,224,225,226,243,244,245,246,247,248,249,264,265,266,267,268,270,271,272,279,280,282,283,290,293,295,302,303,304,305,306,308,309,310,311,313,317,325,326,331,332,333,334,335,337,338,339
499,499,67
154,155,156,176,177,178,179,180,181,183,198,199,200,201,202,203,204,219,220,221,222,223,224,225,226,227,242,243,244,245,246,247,248,249,264,265,266,268,269,270,271,272,281,282,283,287,290,295,302,303,304,305,308,309,310,312,313,315,325,326,332,333,334,335,337,338,339
258,258,68
154,155,156,175,176,177,178,179,180,181,182,198,199,200,201,202,203,204,220,221,222,223,224,225,226,227,237,241,242,243,244,245,246,247,248,249,265,266,267,268,270,271,272,281,282,283,287,293,295,302,303,304,305,309,310,313,315,325,326,331,332,333,334,335,336,337,338,339
506,506,68
154,155,156,160,176,177,178,179,180,181,182,198,199,200,201,202,203,204,220,221,222,223,224,225,226,227,241,242,243,244,245,246,247,248,249,264,265,266,268,270,271,272,280,281,282,283,287,290,293,295,302,303,304,305,308,309,310,313,314,315,325,326,330,331,334,336,337,339
498,498,68
154,155,156,160,175,176,177,178,179,180,181,182,198,199,200,201,202,203,204,220,221,222,223,224,225,226,227,242,243,244,245,246,247,248,249,250,265,266,267,270,271,272,273,281,282,283,288,290,291,292,293,302,303,304,305,309,312,315,325,326,330,331,333,334,336,337,338,339
506,506,69
154,155,157,159,175,177,178,179,180,181,182,198,199,200,201,202,204,221,222,223,224,225,226,227,241,242,244,245,246,247,248,249,250,265,266,267,270,271,272,273,280,281,282,283,287,288,291,292,293,302,303,304,305,306,309,312,313,315,324,325,326,330,331,332,334,336,337,338,339
447,447,75
128,131,132,133,134,149,150,151,152,153,154,155,156,157,158,159,172,174,175,176,177,178,179,180,181,195,197,198,199,200,201,202,205,218,219,220,221,222,226,241,242,243,244,245,248,249,250,258,266,267,271,273,281,282,288,289,290,291,302,303,304,305,306,311,312,317,325,326,329,330,331,332,334,335,339
363,363,80
107,111,113,130,131,132,133,135,136,137,138,153,154,155,156,157,158,159,160,174,175,176,178,179,180,181,182,183,197,198,199,200,202,203,204,205,215,222,223,225,226,227,244,248,249,250,259,269,270,271,272,273,280,281,282,287,290,293,294,295,296,302,303,304,305,308,312,313,314,317,325,326,327,330,331,334,335,336,337,338
333,333,79
110,111,130,131,132,133,134,135,136,137,153,154,155,156,158,159,160,174,175,176,178,180,181,182,183,197,198,199,200,202,204,205,206,214,215,221,222,223,225,226,227,228,244,246,247,248,249,250,258,259,269,273,281,282,287,290,293,294,295,302,303,304,305,306,308,312,313,317,324,325,326,327,330,331,334,335,336,337,338
341,341,81
107,108,113,114,130,131,132,133,135,136,137,138,153,155,158,159,160,174,175,176,180,181,182,183,199,200,202,203,204,205,206,215,220,223,224,225,226,227,228,244,245,247,248,249,250,251,258,259,267,269,270,271,273,280,281,282,289,291,292,294,295,302,303,304,305,308,312,314,315,316,317,325,326,327,328,330,331,334,335,336,338
19,19,82
90,107,108,113,114,130,131,132,133,134,135,136,137,138,158,159,160,161,174,175,176,179,181,182,183,200,203,204,205,206,214,220,221,222,223,225,226,227,228,243,244,245,247,248,249,250,251,258,259,267,268,269,270,271,273,280,281,282,289,290,291,292,294,302,303,304,305,308,314,316,317,324,325,326,327,330,331,334,335,336,337,338
88,88,85
90,91,107,108,113,114,115,130,131,132,133,136,137,138,156,159,160,161,174,175,176,181,182,183,200,202,203,204,205,206,214,215,221,224,225,226,227,228,235,243,244,247,248,249,250,251,258,259,267,268,269,270,271,273,279,280,281,282,289,290,291,292,295,302,303,304,305,306,308,313,314,315,316,317,325,326,327,328,330,331,334,335,336,337,338
265,265,85
85,90,91,92,107,108,112,113,114,115,130,131,132,136,137,138,153,154,157,159,160,161,174,175,179,181,182,183,184,198,201,202,203,204,206,214,220,221,225,226,227,228,229,235,244,246,247,248,249,250,251,258,259,268,269,270,271,272,273,276,280,281,282,289,290,293,294,295,302,303,304,305,308,315,317,325,326,327,328,330,331,334,335,336,337
116,116,86
67,85,90,91,92,107,108,112,113,114,115,130,131,132,136,137,138,158,159,160,161,174,175,176,181,182,183,184,192,198,201,202,203,204,205,206,214,220,224,225,226,227,228,229,244,246,247,248,249,250,251,258,259,267,268,269,270,271,272,273,274,280,281,282,290,291,292,293,295,302,303,304,305,308,309,310,313,315,317,325,326,331,332,335,336,338
318,318,86
69,90,91,92,107,108,112,113,114,115,130,131,132,136,137,138,153,155,157,158,159,160,161,175,179,180,181,182,183,184,202,203,204,206,214,222,224,225,226,227,228,229,235,236,244,245,247,248,249,250,251,258,259,266,267,268,270,271,273,274,279,280,281,282,289,290,291,292,293,302,303,304,305,306,308,309,310,313,314,317,326,327,332,335,336,338
355,355,87
20,43,44,45,46,63,64,66,67,69,84,85,86,90,91,92,106,107,108,109,129,130,131,137,152,153,158,159,160,161,163,175,179,181,182,183,184,201,202,203,204,205,206,223,224,226,227,228,245,246,247,248,249,250,251,259,267,268,269,270,272,273,274,280,281,289,290,291,292,293,294,302,308,309,310,311,312,313,314,316,317,323,324,331,332,333,338
132,132,86
21,23,43,45,46,62,67,68,69,84,85,90,91,92,107,108,109,113,114,115,128,129,130,131,136,138,151,152,153,158,159,160,174,175,177,179,180,181,182,183,184,201,202,203,204,205,206,207,221,222,225,226,227,228,229,244,245,246,247,248,249,250,251,258,259,267,268,269,270,271,272,281,282,289,291,292,293,294,295,304,311,314,315,317,337,338
355,355,87
19,21,22,23,43,44,45,46,68,69,84,85,90,92,106,107,108,112,113,114,115,128,129,130,132,135,138,151,153,156,158,159,161,175,176,177,180,181,182,183,184,198,201,202,203,204,205,206,207,214,221,222,223,225,226,227,228,229,236,244,245,246,247,248,249,250,258,259,268,269,270,271,272,273,281,290,291,292,293,294,295,304,315,316,317,337,338
126,126,88
22,23,45,46,67,68,69,84,85,88,89,90,91,92,106,107,108,113,115,128,130,135,136,138,151,153,157,158,159,160,161,174,175,176,177,179,180,181,182,183,184,202,203,204,205,206,207,214,221,222,225,226,227,228,229,235,244,245,246,247,248,249,250,251,258,259,266,267,269,270,271,272,273,280,281,290,292,293,294,295,303,304,315,316,317,327,337,338
280,280,91
19,22,23,42,45,46,64,67,68,69,84,85,86,89,90,91,92,106,107,108,111,113,115,130,133,135,136,137,138,151,152,153,156,158,159,160,161,170,175,179,181,182,183,184,198,202,203,204,205,206,207,214,220,221,223,224,225,226,227,229,236,244,245,246,247,248,249,250,251,258,259,267,268,269,270,271,272,281,282,290,291,293,294,295,304,315,317,327,333,337,338
308,308,95
22,23,43,44,45,46,66,67,68,69,84,85,86,89,90,91,92,105,106,107,108,109,110,112,113,115,130,131,132,133,134,135,136,137,138,153,155,157,158,159,160,161,179,180,181,182,183,184,198,202,203,204,205,206,207,214,221,222,223,224,225,226,227,244,245,246,247,248,249,250,258,259,266,267,268,270,271,272,280,281,290,293,294,295,303,304,312,313,315,316,317,327,333,337,338
273,273,99
20,22,23,43,44,45,46,63,65,66,67,68,69,84,85,86,87,88,89,90,91,92,105,106,107,108,109,110,111,112,113,114,115,129,130,131,132,134,135,136,137,138,155,157,158,159,160,161,173,179,180,181,182,183,184,198,202,203,204,205,206,214,221,222,223,224,225,226,227,228,236,244,245,246,247,248,249,250,258,259,266,267,269,270,271,272,281,288,290,293,294,295,304,316,317,327,333,337,338
124,124,107
19,20,22,23,44,45,46,63,65,66,67,68,69,84,85,86,87,88,89,90,91,92,105,107,108,109,110,111,112,113,114,115,128,129,130,131,132,133,134,135,136,137,138,150,157,158,159,160,161,170,177,179,180,181,182,183,184,191,202,203,204,205,206,207,214,215,223,225,226,227,235,236,244,246,247,248,249,258,259,265,266,267,269,270,271,272,280,281,282,288,290,293,294,295,303,310,313,314,315,316,317,318,327,333,336,337,338
309,309,115
15,16,17,18,19,20,21,22,23,39,40,41,42,43,44,45,46,61,62,63,64,65,66,67,68,69,82,83,84,85,86,87,88,89,90,91,92,102,105,106,107,108,109,110,111,112,113,114,115,127,128,129,130,132,133,134,135,136,137,138,147,148,150,151,154,155,157,158,159,160,161,169,170,179,180,181,182,183,184,192,202,203,204,207,214,215,223,224,225,226,236,247,248,249,250,258,266,267,270,271,272,281,290,293,294,295,303,304,314,315,316,317,318,337,338
259,259,118
1,2,3,4,5,6,7,8,9,10,11,12,13,14,15,16,17,18,19,20,21,22,23,24,25,26,27,30,31,32,33,36,37,38,39,40,41,42,43,44,45,46,47,48,49,50,54,57,59,60,61,62,63,64,65,66,67,68,69,82,83,84,85,86,87,88,89,90,91,92,105,106,107,108,109,110,111,112,113,114,115,127,128,129,130,132,133,134,135,136,137,138,147,154,155,156,157,158,159,160,161,169,170,173,177,180,181,182,183,191,192,201,202,203,213,225,226,246
305,305,128
1,2,3,4,5,6,7,8,9,10,11,12,13,14,15,16,17,18,19,20,21,22,23,24,25,26,27,28,29,30,31,32,33,34,35,36,37,38,39,40,41,42,43,44,45,46,47,48,49,50,51,52,53,54,55,56,57,58,59,60,61,62,63,64,65,66,67,68,69,70,71,72,73,74,75,76,78,79,80,81,82,83,84,85,86,87,88,89,90,91,92,93,94,95,96,102,106,107,108,109,110,111,112,113,114,115,124,125,128,129,130,133,134,135,136,137,138,153,155,156,157,158,159,160,161,170,181,182
548,548,140
1,2,3,4,5,6,7,8,9,10,11,15,16,17,18,19,20,21,22,23,24,25,26,27,28,29,30,31,32,33,34,35,37,38,39,40,41,42,43,44,45,46,47,48,49,50,51,52,53,54,55,56,57,58,59,60,61,62,63,64,65,66,67,68,69,70,71,72,73,74,75,76,77,78,79,80,81,82,83,84,85,86,87,88,89,90,91,92,93,94,95,96,97,98,99,100,101,102,103,104,106,107,108,109,110,111,112,113,114,115,116,117,118,119,120,121,122,123,124,125,126,127,128,130,134,135,136,138,139,140,141,142,143,144,145,158,159,160,169,170
540,540,147
17,18,19,20,21,22,23,38,39,40,41,42,43,44,45,46,60,61,62,63,64,65,66,67,68,69,71,72,77,78,79,80,81,82,83,84,85,86,87,88,89,90,91,92,93,94,95,96,97,98,99,101,102,105,106,107,108,109,110,111,112,113,114,115,116,117,118,119,120,121,122,123,124,125,126,129,130,131,132,133,134,135,136,137,138,139,140,141,142,143,144,145,146,147,148,152,154,155,156,157,158,159,160,162,163,164,165,166,167,168,169,170,177,178,180,181,182,185,186,187,188,189,190,191,192,193,198,200,208,209,210,212,213,215,216,222,223,226,232,235,236,244,245,246,249,258,266
533,533,140
45,46,68,69,84,85,90,92,112,113,114,115,136,137,138,153,156,157,158,159,160,161,169,170,171,174,175,176,177,178,179,180,181,182,183,188,189,190,191,192,193,194,197,198,199,200,201,202,203,204,205,211,212,213,214,215,216,217,219,220,221,222,223,224,225,226,227,228,232,233,234,235,236,238,239,240,241,243,244,245,246,247,248,249,250,251,254,255,256,257,258,259,263,264,265,266,267,268,270,271,272,273,277,278,279,280,281,282,283,284,285,288,289,290,291,292,294,300,302,303,304,305,309,310,311,312,313,314,316,324,325,326,327,331,332,333,334,335,337,338
258,258,114
100,113,136,137,138,158,159,160,170,177,179,180,181,182,183,193,198,199,201,202,203,204,205,215,220,221,222,223,224,225,226,227,228,235,242,243,244,245,246,247,248,249,250,251,252,253,258,259,264,266,267,268,269,270,271,272,273,274,280,281,282,283,285,286,287,288,289,290,291,292,293,294,295,296,297,298,304,305,306,307,308,309,310,311,312,313,314,315,316,317,318,319,320,321,325,326,327,328,329,330,331,332,333,334,335,336,337,338,339,340,341,342,344,345
286,286,96
181,182,183,201,202,203,204,205,206,216,221,223,224,225,226,227,228,229,230,245,246,247,248,249,250,251,252,253,265,266,267,268,269,270,271,272,273,274,275,282,283,284,285,286,287,288,289,290,291,292,293,294,295,296,297,298,304,305,306,307,308,309,310,311,312,313,314,315,316,317,318,319,320,321,322,325,326,327,328,329,330,331,332,333,334,335,336,337,338,339,340,341,342,343,344,345
291,291,96
22,23,45,46,67,68,69,84,85,86,89,90,91,92,106,110,112,113,114,115,134,135,136,137,156,157,158,159,160,170,178,179,180,181,192,199,200,201,202,203,204,206,223,224,225,226,227,228,229,245,246,247,248,249,250,251,252,255,258,266,268,269,270,271,272,273,274,281,290,291,292,293,294,296,305,310,311,312,313,314,315,316,317,318,319,320,321,332,333,334,335,336,337,338,340,345
141,141,90
22,23,45,46,62,66,67,68,69,83,84,85,86,90,91,92,106,107,111,112,113,114,115,135,136,137,154,156,157,158,159,160,169,170,178,179,180,181,182,183,193,200,201,202,203,204,205,222,223,224,225,226,227,228,245,246,247,248,249,250,251,266,268,269,270,271,272,273,281,282,290,291,292,293,294,304,309,310,311,312,313,314,315,327,332,333,334,335,337,338
380,380,84
21,22,23,44,45,46,61,62,63,64,65,67,68,69,83,84,85,86,87,88,89,90,91,92,106,107,110,111,112,113,114,115,130,131,135,136,137,138,156,157,159,160,169,170,177,179,180,181,192,200,201,202,203,204,223,225,245,248,249,250,266,267,268,270,271,272,273,281,282,289,290,291,305,311,312,313,315,327,328,331,332,333,334,335
97,97,80
22,23,39,44,45,46,61,62,63,65,66,67,68,69,84,85,86,88,89,90,91,92,107,109,110,111,112,113,114,115,135,136,154,155,156,157,158,159,175,176,179,180,181,201,202,203,205,223,224,225,226,245,247,248,249,250,266,267,268,271,272,281,282,288,289,290,304,305,306,308,309,310,311,326,327,328,331,332,333,334
266,266,81
22,23,44,45,46,61,62,63,64,65,66,67,68,69,83,84,85,86,87,88,89,90,91,92,107,108,109,111,112,113,114,115,131,135,136,154,155,157,158,159,179,180,181,182,198,201,202,203,205,224,226,245,246,247,248,249,250,266,267,268,271,272,288,289,290,291,304,305,306,308,309,310,311,326,327,328,331,332,333,334,335
123,123,81
22,23,39,40,44,45,46,61,62,63,64,65,67,68,69,84,85,86,87,88,89,90,91,92,109,110,111,112,113,114,115,131,132,134,135,136,154,155,156,157,158,159,160,175,178,179,180,181,182,201,202,203,206,223,224,225,245,246,247,248,249,250,266,267,268,271,272,289,290,304,305,309,310,311,326,327,328,331,332,333,334
51,51,82
21,22,23,38,39,40,44,45,46,61,62,63,64,65,66,67,68,69,83,84,85,86,87,88,89,90,91,92,110,111,112,113,114,115,131,132,133,134,135,136,137,154,156,157,158,159,160,178,179,180,181,182,202,203,206,224,225,226,244,246,247,248,249,250,266,267,268,271,272,290,291,305,306,309,310,311,326,327,331,332,333,334
253,253,82
21,22,23,38,39,40,44,45,46,61,62,63,64,65,66,67,68,69,83,85,86,88,89,90,91,92,106,111,112,113,114,115,131,132,133,134,137,138,153,154,155,156,157,158,159,160,179,180,181,182,200,201,202,203,224,225,226,244,246,247,248,249,259,266,267,268,271,272,281,288,290,291,304,305,309,310,311,326,327,332,333,334
380,380,83
21,22,23,38,39,40,42,44,45,46,61,62,63,64,65,66,67,68,69,83,84,85,86,87,88,89,90,91,92,109,110,111,112,113,114,115,132,133,134,135,136,137,138,153,157,158,159,160,176,178,179,180,181,182,201,202,203,224,226,243,244,247,248,249,250,266,267,270,271,289,290,291,305,309,310,311,326,327,328,331,332,333,334
90,90,82
21,22,23,38,39,40,44,45,46,61,62,63,64,65,67,68,69,83,84,85,86,87,88,89,90,91,92,109,110,111,112,113,114,115,131,132,133,134,136,137,138,153,155,156,158,159,160,179,180,181,182,200,201,203,224,225,226,243,244,247,248,249,266,267,271,282,288,289,290,291,304,305,306,309,310,311,326,327,331,332,333,334
360,360,82
16,17,21,22,23,38,39,40,44,45,46,60,61,62,63,64,65,67,68,69,82,83,84,85,86,87,88,89,90,91,92,109,110,111,112,113,114,115,132,133,134,136,137,138,156,157,158,159,160,178,179,180,181,182,202,203,224,225,226,244,247,248,249,266,267,270,288,289,290,305,306,309,310,311,312,326,327,328,331,332,333,334
14,14,78
16,20,21,22,23,38,39,41,42,43,44,45,46,60,61,62,63,64,65,66,67,68,69,84,85,86,88,89,90,108,109,110,111,113,114,131,132,133,135,136,153,154,155,156,158,159,178,179,180,181,199,200,201,202,203,222,223,224,243,244,245,265,266,267,288,289,290,291,304,309,310,311,326,327,331,332,333,334
248,248,70
17,19,20,21,22,23,39,41,43,44,45,46,62,63,64,65,66,67,68,69,85,86,87,88,89,90,109,110,113,131,132,135,153,154,155,156,157,176,177,178,179,200,202,220,221,224,225,226,243,244,245,248,249,264,265,266,281,286,287,288,289,301,304,308,309,310,326,331,332,333
81,81,70
17,20,21,22,23,39,40,41,42,43,44,45,46,62,63,64,66,67,68,69,85,86,87,88,89,90,108,109,110,114,131,132,134,136,153,154,155,156,159,177,178,179,180,201,202,221,224,225,226,243,244,245,248,264,265,266,282,286,287,288,289,303,304,308,309,310,326,331,332,333
75,75,70
17,19,20,21,22,23,40,41,43,45,46,62,63,64,65,66,67,68,69,85,86,88,89,90,108,109,110,113,114,130,131,132,134,135,153,155,156,157,176,177,178,179,201,202,203,221,224,225,242,243,244,245,247,248,264,265,266,267,282,286,287,288,308,309,310,311,326,331,332,333
12,12,71
17,19,20,21,22,23,40,41,42,44,45,46,62,63,64,65,66,67,85,86,87,89,90,108,109,110,111,112,113,130,131,132,133,134,135,136,153,154,155,156,157,176,178,179,202,221,224,225,242,243,244,245,248,264,265,266,267,282,286,287,288,304,305,308,309,310,319,326,331,332,333
558,558,70
19,20,21,22,23,40,41,42,43,44,45,46,49,62,63,64,65,66,67,68,69,85,86,87,88,89,90,91,92,108,109,110,111,112,113,114,115,135,136,137,138,155,156,157,176,178,179,201,202,203,221,224,225,242,243,244,245,265,266,267,286,287,288,304,309,310,311,326,332,333
557,557,65
17,18,19,20,21,22,23,40,41,42,43,44,45,46,62,63,64,65,66,67,68,69,86,87,88,89,90,91,92,109,110,111,112,113,114,115,132,133,134,135,136,137,138,156,157,158,159,160,161,179,180,181,182,183,184,202,204,206,207,229,230,252,253,299,322
86,86,77
15,16,17,18,19,20,21,22,23,39,40,41,42,43,44,45,46,62,63,64,65,66,67,68,69,85,86,87,88,89,90,91,92,108,109,110,111,112,113,114,115,131,132,133,134,135,136,137,138,154,155,156,157,158,159,160,161,178,179,180,181,182,183,184,201,202,203,204,205,206,207,224,225,226,229,230,252
89,89,108
12,13,14,15,17,18,19,20,21,22,36,37,38,39,40,41,42,43,58,59,60,61,62,63,64,65,66,81,83,84,85,86,87,88,89,106,107,108,109,110,111,112,113,114,122,129,130,131,132,133,134,135,136,151,152,153,154,155,156,157,158,159,174,175,176,177,178,179,180,181,197,198,199,200,201,202,203,204,219,220,221,222,223,224,225,226,242,243,244,245,246,247,248,249,250,265,266,267,268,269,270,271,272,273,289,290,296,318
251,251,139
1,2,4,5,6,7,8,9,10,26,27,28,29,30,31,32,33,34,35,36,37,49,50,51,52,53,54,55,56,57,58,59,60,72,73,74,75,76,77,78,79,80,81,82,96,99,100,101,102,108,119,120,122,123,124,125,130,131,132,143,144,145,146,147,151,152,153,154,155,156,167,168,169,170,173,174,175,176,177,178,179,191,192,194,195,196,197,198,199,200,201,202,203,218,219,220,221,222,223,224,225,240,241,242,243,244,245,246,247,262,263,264,265,266,267,271,285,286,287,288,289,290,294,302,308,309,310,311,312,313,331,332,333,334,335,336,337,338,339
236,236,133
1,2,3,4,5,6,7,24,25,26,27,28,29,30,31,47,48,49,50,51,52,53,54,69,70,71,72,73,74,75,76,77,78,93,94,95,96,97,98,99,100,101,116,117,118,119,120,121,122,123,139,140,141,142,143,144,145,146,147,162,163,164,165,166,167,168,169,185,186,187,188,189,190,191,208,209,210,211,212,213,215,232,233,234,235,236,237,238,242,254,255,256,257,258,259,260,261,263,265,277,278,279,280,281,282,283,284,285,286,287,288,300,302,303,304,305,306,307,308,309,310,311,325,326,327,328,329,330,331,332,333,334,335
264,264,119
1,2,3,24,25,26,27,47,48,49,50,51,70,71,72,73,74,93,94,95,96,97,98,116,117,118,119,120,121,122,123,139,140,141,142,143,144,145,162,163,164,165,166,167,168,169,185,186,187,188,189,190,191,208,209,210,211,212,213,214,231,232,233,234,235,236,237,238,239,242,254,255,256,257,258,259,260,261,262,263,264,265,277,278,279,280,281,282,283,284,285,286,287,288,300,301,302,303,304,305,306,307,308,309,310,311,323,324,325,326,327,328,329,330,331,332,333,334,339
562,562,113
1,24,25,26,47,48,70,71,72,73,74,93,94,95,96,97,116,117,118,119,120,121,139,140,141,142,143,144,145,162,163,164,165,166,167,168,169,185,186,187,188,189,190,191,193,208,209,210,211,212,213,214,215,216,231,232,233,234,235,236,237,238,241,242,254,255,256,257,258,259,260,261,262,263,265,266,277,278,279,280,281,282,283,284,285,286,287,288,300,301,302,303,304,305,306,307,308,309,310,311,323,324,325,326,327,328,329,330,331,332,333,334,335
222,222,111
24,25,70,93,94,116,117,118,139,140,141,142,144,162,163,164,165,166,167,168,172,185,186,187,188,189,190,191,192,193,208,209,210,211,212,213,214,215,216,217,218,219,220,221,231,232,233,234,235,236,237,238,239,240,241,242,243,244,254,255,256,257,258,259,260,261,262,263,264,265,266,277,278,279,280,281,282,283,284,285,286,287,288,289,299,300,301,302,303,304,305,306,307,308,309,310,311,312,323,324,325,326,327,328,329,330,331,332,333,334,335
119,119,107
21,43,66,67,87,89,90,109,110,111,112,113,134,140,164,166,168,176,185,188,189,192,196,198,200,201,208,209,210,211,212,213,216,217,219,220,221,223,231,232,233,234,235,236,237,238,239,240,241,242,243,244,245,254,255,256,257,258,259,260,261,262,263,264,265,266,267,277,278,279,280,281,282,283,284,285,286,287,288,289,290,300,301,302,303,304,305,306,307,308,309,310,311,313,323,324,325,326,327,328,329,330,331,332,333,334,335
238,238,101
18,19,20,21,22,23,42,43,44,45,46,64,65,66,67,68,69,86,87,88,89,90,91,92,109,110,111,112,113,114,134,136,151,153,177,187,199,200,219,220,221,222,223,233,234,235,236,238,239,240,241,242,243,256,257,258,260,261,262,263,264,265,266,277,278,279,280,281,282,283,284,285,286,287,288,289,300,301,302,303,304,305,306,307,308,309,310,311,323,324,325,326,327,328,329,330,331,332,333,334,335
452,452,93
18,19,20,21,22,23,41,42,43,44,45,46,63,64,65,66,67,68,69,86,87,88,89,90,91,92,109,110,111,112,113,114,115,129,130,134,152,153,174,176,197,199,200,201,219,220,221,222,223,233,241,242,243,244,245,257,258,262,263,264,265,266,278,280,281,282,283,284,285,286,287,288,302,303,304,305,306,307,308,309,310,311,324,325,326,327,328,329,330,331,332,333,334
48,48,87
18,19,20,21,22,23,40,41,42,43,44,45,46,63,64,65,66,67,68,69,86,87,88,89,90,91,92,108,109,110,111,112,113,114,129,130,134,153,176,177,197,199,200,218,219,220,221,222,223,239,241,242,243,244,245,246,262,263,264,265,266,282,284,285,286,287,288,302,303,304,305,306,307,308,309,310,311,325,326,327,328,329,330,331,332,333,334
392,392,84
19,20,21,22,23,41,42,43,44,45,46,63,64,65,66,67,68,69,86,87,88,89,90,91,92,109,110,111,112,113,114,115,130,131,134,135,136,137,138,157,158,159,160,174,177,196,200,218,220,221,222,240,241,242,244,245,262,263,264,265,280,282,285,286,287,288,302,303,304,305,306,308,309,310,311,325,326,327,328,329,331,332,333,334
230,230,85
46,85,107,108,128,129,130,131,132,133,151,152,153,154,155,156,165,167,169,173,174,175,176,177,178,188,189,195,196,197,198,199,200,211,213,218,219,220,221,222,223,235,236,238,240,241,242,243,244,258,259,260,261,262,263,264,265,266,279,280,281,282,283,284,285,286,287,288,301,302,303,305,307,308,309,310,323,324,325,326,328,329,330,331,332
230,230,81
107,128,129,130,131,133,143,150,151,152,153,154,155,156,165,166,167,169,173,174,175,176,177,178,179,188,189,190,196,197,198,199,200,211,212,213,214,217,218,219,220,221,235,236,237,241,242,243,244,258,259,260,261,262,263,264,265,266,280,281,282,283,284,285,286,287,288,304,305,306,307,308,309,310,324,325,326,327,329,330,332
40,40,81
22,45,108,125,128,129,130,131,132,133,142,143,150,151,152,153,154,155,156,165,167,169,173,174,175,176,177,178,187,188,189,191,195,196,197,198,199,200,212,213,214,217,218,219,220,221,235,236,237,241,242,243,244,257,258,259,260,261,262,263,264,265,281,282,283,284,285,286,287,302,304,305,306,307,308,309,323,324,325,326,327
204,204,80
23,106,107,111,127,128,129,130,131,132,142,143,150,151,152,153,154,155,156,165,166,173,174,175,176,177,178,188,189,190,195,196,197,198,199,200,211,213,214,218,219,220,235,236,237,241,242,243,244,256,257,258,259,260,261,263,264,265,266,279,280,281,282,283,285,286,287,300,301,302,303,304,305,308,309,324,325,326,327,328
499,499,78
86,129,130,131,132,133,142,143,146,150,151,152,153,154,155,156,165,166,167,173,174,175,176,177,178,187,188,189,190,195,196,197,198,199,200,211,212,213,214,218,219,220,235,236,237,241,242,243,258,259,260,261,262,263,264,265,279,280,281,282,283,285,286,287,300,301,302,304,305,306,308,309,323,324,325,326,327,329
406,406,74
23,90,127,128,129,130,131,133,150,151,152,153,154,155,156,165,166,167,173,174,175,176,177,178,187,188,189,195,196,197,198,199,200,211,212,213,214,218,219,220,235,236,237,238,241,242,243,258,259,260,261,263,264,265,278,280,281,282,283,284,285,286,287,288,301,302,303,304,305,308,310,324,325,326
467,467,72
22,23,66,103,107,129,130,131,132,133,144,151,152,153,154,155,156,165,166,167,173,174,175,176,178,187,188,189,196,197,198,199,200,212,213,214,218,219,220,235,236,237,241,242,258,259,260,261,262,263,264,265,277,278,281,282,283,285,286,287,301,303,304,305,306,308,309,323,324,325,327,328
451,451,67
23,90,91,129,130,131,133,147,150,151,152,153,154,155,165,166,167,173,174,175,176,178,188,189,191,196,197,198,199,200,211,212,213,214,218,219,221,222,235,236,237,238,241,242,257,258,259,260,261,264,280,281,282,283,285,286,287,301,302,303,304,305,308,324,325,326,327
416,416,65
81,85,90,103,104,126,127,128,130,131,132,148,149,150,151,153,154,155,156,165,172,173,174,176,177,178,179,188,191,192,194,195,196,199,200,213,214,217,218,219,220,235,236,240,242,243,257,258,259,260,265,279,281,282,283,300,301,303,304,305,323,324,325,326,327
324,324,70
36,101,104,124,126,127,128,143,147,148,151,165,166,169,170,171,172,173,190,191,192,193,195,196,211,213,214,215,216,217,218,219,235,236,237,238,241,242,257,258,259,260,264,277,278,279,280,281,282,285,286,287,300,301,302,303,304,305,308,309,310,311,323,324,325,326,327,328,330,331
430,430,66
101,102,103,104,125,126,127,128,146,147,148,151,165,166,167,169,170,171,172,173,191,192,193,194,195,196,214,216,217,218,219,235,236,237,238,241,258,259,260,263,264,277,279,280,281,282,285,286,287,300,301,302,303,304,305,308,309,323,324,325,326,327,328,329,330,331
451,451,63
103,104,105,124,125,126,127,128,143,144,147,148,149,151,165,166,167,169,170,173,191,192,193,195,196,212,213,214,215,217,235,236,237,238,258,259,260,263,264,278,279,280,281,285,286,287,300,301,302,303,304,305,306,307,308,309,323,324,325,326,327,328,330
317,317,62
81,104,105,125,126,127,128,142,147,148,164,165,166,167,169,171,173,188,189,190,191,193,196,212,213,235,236,237,240,241,257,258,259,260,261,263,264,277,278,279,280,281,282,283,285,286,287,300,301,302,303,304,308,323,324,325,326,327,328,329,330,331
484,484,56
103,127,143,165,166,169,171,173,188,190,191,192,193,196,197,198,212,214,219,234,235,236,237,238,240,257,258,259,260,261,263,265,277,278,279,280,281,282,285,286,287,300,301,302,303,304,306,307,308,309,323,324,325,326,327,329
240,240,58
104,140,142,143,144,148,164,165,166,167,170,173,188,189,190,191,197,198,211,212,213,214,215,219,234,235,236,237,240,256,257,258,259,260,261,263,264,277,278,279,280,281,282,283,286,300,301,302,303,304,308,323,324,325,326,327,328,330
529,529,55
47,131,142,144,147,164,165,166,167,169,187,188,189,190,191,192,197,198,211,212,213,214,215,216,219,234,235,236,237,238,256,257,258,259,260,263,277,278,279,280,281,282,285,300,301,302,303,304,308,323,324,325,326,327,343
254,254,56
47,70,109,131,142,143,144,151,165,166,167,171,188,189,190,191,192,193,197,211,212,213,214,219,234,235,236,237,238,257,258,259,260,261,277,278,279,280,281,282,285,286,300,301,302,303,304,306,308,309,323,324,325,326,327,329
430,430,57
18,41,80,81,82,85,86,101,102,103,104,105,125,126,127,128,147,148,149,150,151,169,170,171,172,173,174,190,192,193,194,195,214,215,216,217,218,236,237,238,239,240,241,258,259,281,300,301,302,303,323,324,325,326,327,329,331
91,91,63
18,81,101,104,105,107,123,124,125,126,127,128,141,142,147,148,149,150,151,163,164,165,171,172,188,193,194,195,215,216,217,239,241,242,263,264,277,278,279,280,281,282,285,287,300,301,302,303,304,305,307,308,309,323,324,325,326,327,328,329,330,331,332
14,14,64
18,64,80,81,82,101,102,104,105,106,107,123,125,126,127,128,144,147,148,149,150,151,164,165,167,170,171,172,188,189,191,193,194,195,211,214,215,216,217,234,241,257,277,278,279,280,281,282,285,287,300,301,302,303,308,323,324,325,326,327,328,329,330,331
316,316,66
18,19,64,80,81,82,101,102,104,105,106,107,124,125,126,127,128,143,147,148,149,150,151,164,165,166,167,170,171,172,173,188,189,192,194,195,211,214,215,216,238,241,257,258,277,279,280,281,282,285,286,300,301,302,303,304,308,323,324,325,326,327,328,329,330,331
370,370,70
17,18,19,20,42,80,81,82,83,102,103,104,105,106,107,126,127,128,141,142,150,151,164,165,166,167,168,170,173,174,187,188,189,191,192,193,194,195,211,214,215,216,234,241,242,258,263,279,280,281,282,285,286,287,300,301,302,303,304,305,308,323,324,325,326,327,328,329,330,331
308,308,71
18,19,42,63,79,80,81,82,83,101,102,103,105,106,124,125,127,128,144,147,148,149,150,151,164,165,166,167,170,171,173,187,188,189,191,192,193,194,195,211,213,214,215,216,234,238,241,242,257,264,277,278,279,280,281,285,300,301,302,303,304,308,323,324,325,326,327,328,329,330,331
330,330,70
19,42,63,80,81,101,102,104,105,106,123,126,127,128,142,144,148,149,150,151,164,165,166,167,168,169,170,171,172,173,188,189,190,191,192,193,194,195,211,214,215,217,234,241,242,258,259,277,278,279,280,281,282,285,300,301,302,303,305,308,309,323,324,325,326,327,328,329,330,331
102,102,69
19,20,63,80,81,83,101,102,103,104,105,106,124,125,127,128,141,142,143,147,148,149,150,151,163,164,165,166,167,169,171,187,188,189,190,191,192,193,194,214,215,217,235,238,241,242,258,279,280,282,285,300,301,302,303,304,305,307,308,309,323,324,325,326,327,328,329,330,331
473,473,71
19,41,63,82,83,101,102,103,104,105,106,119,124,127,128,143,144,146,147,148,149,150,151,164,165,166,167,168,169,170,171,172,173,188,189,190,191,192,193,194,211,214,215,216,217,234,237,241,257,258,264,278,279,280,281,300,301,302,303,304,305,308,309,323,324,325,326,327,328,329,331
72,72,59
39,40,41,42,57,59,60,61,79,80,81,82,83,102,103,104,105,106,107,125,126,129,148,164,167,171,192,194,195,196,197,214,215,217,219,234,239,240,241,278,279,280,281,285,300,301,302,303,304,308,323,324,325,326,327,328,329,330,331
492,492,66
19,60,82,83,84,102,104,105,106,125,127,128,141,143,148,149,151,152,172,173,174,191,192,193,194,195,196,197,214,215,216,217,218,219,220,234,238,239,241,263,264,278,279,280,281,282,285,286,287,300,301,302,303,304,305,307,308,309,323,324,325,326,327,328,329,330
550,550,68
18,19,20,60,61,79,80,82,83,84,101,102,104,105,106,107,123,126,127,141,143,148,151,152,169,170,171,172,173,174,191,192,193,194,195,196,214,215,216,217,219,220,234,241,242,263,278,279,280,281,282,285,286,300,301,302,303,304,309,323,324,325,326,327,328,329,330,331
159,159,71
17,18,19,58,59,81,82,83,84,101,102,103,104,106,107,123,125,126,128,148,149,151,152,169,170,172,173,174,175,192,193,194,195,196,214,215,216,217,218,219,220,234,238,239,240,241,242,263,264,279,280,285,286,287,300,301,302,303,304,305,308,309,323,324,325,326,327,328,329,330,331
159,159,74
12,17,18,19,20,24,35,59,60,61,78,82,83,84,100,104,106,107,124,125,126,129,130,147,148,149,151,165,169,170,172,173,174,175,191,192,193,196,197,213,214,215,216,217,218,219,220,238,240,241,242,263,264,278,279,280,281,286,300,301,302,303,304,305,309,323,324,325,326,327,328,329,330,331
502,502,80
14,15,17,18,19,20,37,59,60,61,78,79,81,83,84,102,103,104,106,107,123,124,125,126,127,130,142,143,147,148,149,150,151,169,173,174,175,191,192,193,196,197,214,215,216,217,218,219,220,234,239,240,241,242,243,257,264,278,279,280,281,282,285,286,287,300,301,302,303,304,305,309,323,324,325,326,327,328,330,331
249,249,89
1,11,12,13,14,15,16,17,19,20,24,33,35,39,59,61,62,81,83,84,85,100,101,104,106,107,119,124,125,126,127,129,130,142,143,144,147,148,149,151,165,169,170,173,175,191,192,193,195,196,207,214,216,217,218,219,220,221,238,239,240,241,242,243,256,263,264,265,278,279,280,281,282,287,300,301,302,303,304,309,323,324,325,326,327,329,330,331,332
473,473,100
1,2,8,10,11,12,13,14,15,16,17,18,19,20,21,22,23,24,33,34,35,36,37,38,40,41,45,46,47,48,55,60,61,62,77,78,79,82,83,84,85,88,89,100,101,102,103,107,108,109,119,123,124,125,130,143,147,148,155,165,169,173,174,191,193,196,198,214,217,218,219,240,242,243,244,256,257,259,264,265,266,277,278,279,281,282,286,300,301,302,303,304,305,309,323,324,325,326,327,328
133,133,110
1,2,3,4,5,6,7,8,9,10,11,12,13,14,15,16,17,18,19,20,21,22,23,24,25,26,27,28,29,30,31,32,33,34,35,36,37,38,39,40,41,42,43,44,45,46,47,48,49,53,54,55,56,57,58,59,60,61,62,63,64,65,66,67,68,69,70,71,72,75,79,80,81,82,83,84,85,86,87,88,89,90,91,92,95,99,100,102,104,107,108,111,113,115,119,123,129,130,142,147,155,300,301,302,303,304,325,326,327,339
318,318,111
1,2,3,4,5,6,7,8,9,10,11,12,13,14,15,16,17,18,19,20,21,22,23,24,25,26,27,28,29,30,31,32,33,34,35,36,37,38,39,40,41,42,43,44,45,46,47,48,49,50,51,52,53,54,55,56,58,59,60,61,62,63,64,65,66,67,68,69,70,72,73,74,75,76,81,82,83,84,85,86,87,88,89,90,91,92,95,96,97,98,101,103,105,106,107,108,109,110,111,112,119,129,130,131,132,133,153,154,155,166,326
549,549,125
1,2,3,4,5,6,7,8,9,10,11,12,13,14,15,16,17,18,19,20,21,22,23,24,25,26,27,28,29,30,31,32,33,34,35,36,37,38,39,40,41,42,43,44,45,46,47,48,49,50,51,52,53,54,55,56,57,58,59,60,61,62,63,64,65,66,67,68,69,70,71,72,73,74,75,76,77,78,79,80,81,82,83,84,85,86,87,88,89,90,91,92,93,94,95,96,97,98,99,100,101,102,103,105,106,107,108,112,113,117,118,119,120,122,123,125,129,130,142,143,145,146,150,166,331
548,548,134
1,2,3,4,5,6,7,8,9,10,11,12,13,14,15,16,17,18,19,20,21,22,23,24,25,26,27,28,29,30,31,32,33,34,35,36,37,38,39,40,41,42,43,44,45,46,47,48,49,50,51,52,53,54,55,56,57,58,59,60,61,62,63,64,65,66,67,68,69,70,71,72,73,74,75,76,77,78,79,80,81,82,83,84,85,86,88,89,90,91,92,93,94,95,96,97,98,99,100,101,102,103,105,106,107,108,110,112,113,116,117,118,119,120,121,122,123,124,127,128,138,139,140,141,142,143,144,145,146,165,166,167,168,189
515,515,148
1,2,7,8,9,11,24,25,26,30,31,32,33,35,36,38,41,42,47,48,49,50,51,52,53,54,55,56,57,58,59,60,61,62,63,71,72,73,74,75,76,77,78,79,80,81,82,83,84,85,87,88,93,94,95,96,97,98,99,100,101,102,103,105,106,107,108,113,114,115,116,117,118,119,120,121,122,123,124,127,128,129,130,136,137,138,139,140,141,142,143,144,145,146,150,151,157,158,159,161,162,163,164,165,166,167,168,169,170,179,180,185,186,187,188,189,190,191,196,201,202,208,209,210,211,212,213,214,221,222,231,232,233,235,236,243,255,277,278,279,280,281,300,301,302,303,304,326
532,532,137
83,105,142,143,144,145,150,165,166,167,168,169,174,175,188,189,190,191,192,193,194,195,196,197,198,208,209,210,211,212,213,214,215,216,217,218,219,220,221,224,225,226,227,230,231,232,233,234,235,236,237,238,239,240,241,242,243,244,245,246,247,248,249,250,251,252,253,254,255,256,257,258,259,260,261,262,263,264,265,266,267,268,269,270,271,272,273,274,275,277,278,279,280,281,282,283,284,285,286,288,289,290,291,292,293,294,295,296,297,298,300,301,302,303,304,305,309,310,311,312,313,314,315,316,317,323,324,325,326,327,328,332,333,334,335,336,337
110,110,103
129,150,151,165,169,188,190,213,214,217,225,236,237,240,241,242,243,248,255,256,259,260,261,262,263,264,266,267,271,272,273,274,275,276,277,278,279,280,281,282,283,284,285,286,287,288,289,290,291,292,293,294,295,296,297,298,299,300,301,302,303,304,305,306,307,308,309,310,311,312,313,314,315,316,317,318,319,320,321,322,323,324,325,326,327,328,329,330,331,332,333,334,335,336,337,338,339,340,341,342,343,344,345
546,546,82
82,83,104,105,106,107,127,128,142,190,191,213,225,240,243,248,249,263,264,265,266,267,271,272,273,277,278,279,280,281,282,283,284,285,286,287,288,289,290,294,296,297,298,299,300,301,302,303,304,305,306,307,308,309,310,311,312,317,319,320,321,322,323,324,325,326,327,328,329,330,331,332,333,334,335,337,340,341,342,343,344,345
419,419,68
59,60,61,82,83,84,104,105,106,107,123,124,127,128,129,142,143,149,150,151,165,166,168,169,188,189,190,191,212,213,214,235,236,237,255,256,257,259,260,277,278,279,280,281,282,283,299,300,301,302,303,304,305,319,320,321,322,323,324,325,326,327,328,331,342,343,344,345
179,179,58
9,59,60,61,81,82,83,84,101,102,104,105,106,107,123,124,127,128,142,143,149,150,151,165,166,169,188,189,190,191,212,213,214,235,236,237,259,260,277,278,279,280,281,282,283,300,301,302,303,304,305,323,324,325,326,327,331,345
266,266,47
59,80,82,83,84,104,105,106,125,126,127,128,142,143,145,166,167,168,189,190,191,213,214,235,236,237,260,277,278,279,280,281,282,283,300,301,302,303,304,305,323,324,325,326,327,328,331
255,255,51
38,57,59,60,61,80,82,83,84,102,103,104,105,106,123,125,127,143,144,145,159,167,168,169,190,191,213,214,235,236,237,257,259,260,278,279,280,281,282,283,300,301,302,303,304,305,306,323,324,325,326
192,192,47
38,59,60,61,80,81,82,83,84,102,103,104,105,106,125,127,143,144,145,167,168,169,190,191,213,214,235,236,237,256,258,259,278,279,280,281,282,300,301,302,303,304,305,323,324,325,326
355,355,47
38,57,59,60,61,80,82,83,84,102,103,104,105,106,125,127,144,145,167,168,169,190,191,213,214,235,236,237,258,259,260,278,279,280,281,282,300,301,302,303,304,305,323,324,325,326,331
67,67,47
38,59,60,61,81,82,83,84,102,103,104,105,106,119,125,126,127,143,167,168,169,190,191,192,213,214,235,236,237,256,259,278,279,280,281,282,300,301,302,303,304,305,323,324,325,326,331
558,558,48
38,57,59,60,61,80,81,82,83,84,102,103,104,105,106,125,126,127,144,145,166,167,168,169,190,191,192,212,213,214,235,236,237,278,279,280,281,282,300,301,302,303,304,323,324,325,326,331
418,418,48
38,59,60,61,80,81,82,83,84,102,103,104,105,106,125,127,142,143,166,167,168,169,190,191,192,212,213,214,235,236,237,258,259,278,279,280,281,282,300,301,302,303,304,305,323,324,325,326
227,227,49
38,59,60,61,80,81,82,83,84,102,103,104,105,106,124,125,127,142,143,166,167,168,169,189,190,191,192,212,213,214,235,236,237,259,278,279,280,281,282,300,301,302,303,304,323,324,325,326,331
360,360,50
38,59,60,61,80,81,82,83,84,103,104,105,106,119,125,126,127,142,143,144,145,167,168,169,189,190,191,192,212,213,214,235,236,237,259,278,279,280,281,282,300,301,302,303,304,305,323,324,325,326
360,360,42
38,59,60,61,81,82,83,84,102,103,104,105,127,142,144,166,167,168,189,190,191,192,213,214,236,237,258,259,278,279,280,281,282,300,301,302,303,304,323,324,325,326
360,360,47
15,16,24,37,38,39,59,60,61,82,96,119,120,121,122,123,126,142,143,144,145,146,165,166,167,168,169,189,190,191,212,213,214,236,237,238,258,259,260,280,281,282,300,303,304,327,331
360,360,47
15,16,17,37,38,39,59,60,61,73,81,82,119,120,121,122,123,142,143,144,145,146,165,166,167,168,169,189,190,191,212,213,214,235,236,237,238,258,259,260,279,280,281,282,303,304,331
298,298,50
15,16,24,37,38,39,59,60,61,82,98,119,120,121,122,123,124,127,142,143,144,145,146,165,166,167,168,169,189,190,191,192,212,213,214,235,236,237,238,258,259,260,279,280,281,282,303,304,326,331
70,70,50
15,16,17,24,37,38,39,59,60,61,81,96,119,120,121,122,123,142,143,144,145,146,165,166,167,168,169,189,190,191,212,213,214,235,236,237,238,257,258,259,260,279,280,281,282,303,304,305,326,331
67,67,54
15,16,23,24,37,38,45,46,59,60,69,72,90,92,97,98,113,119,120,121,122,123,138,142,143,144,145,146,165,166,167,168,169,189,190,191,212,213,214,235,236,237,257,258,259,260,280,281,282,303,304,305,326,331
364,364,60
15,16,17,18,19,20,21,22,23,37,38,39,42,43,44,45,46,65,66,67,68,69,88,89,90,91,92,111,112,113,114,115,135,136,137,138,159,160,161,166,182,183,184,205,206,207,229,230,236,252,253,258,259,275,276,298,299,321,322,345
294,294,77
14,15,16,17,18,19,20,21,22,23,37,38,39,40,41,42,43,44,45,46,61,63,64,65,66,67,68,69,87,88,89,90,91,92,109,110,111,112,113,114,115,133,134,135,136,137,138,156,157,158,159,160,161,179,180,181,182,183,184,203,204,205,206,207,227,228,229,230,251,252,253,275,276,299,321,322,345
77,77,111
9,10,11,12,13,14,15,16,17,34,36,37,38,39,40,43,44,56,58,59,60,61,65,66,80,81,82,83,84,85,86,87,88,89,90,102,103,106,107,108,109,110,111,112,113,127,128,129,130,131,132,133,134,135,136,152,153,154,155,156,157,158,159,175,176,177,178,179,180,181,182,183,199,200,201,202,203,204,205,206,207,222,223,224,225,226,227,228,246,247,248,249,250,251,269,270,271,272,273,274,293,294,295,296,317,318,319,320,341,342,343
555,555,135
1,2,3,4,5,6,7,8,9,10,11,25,27,28,29,30,31,32,33,34,35,37,48,49,51,52,53,54,55,57,58,59,60,61,62,72,75,76,77,78,79,80,81,82,83,84,97,98,99,100,101,102,103,104,105,106,107,108,120,121,122,123,124,125,127,128,129,130,143,144,145,146,147,148,149,150,151,152,153,166,167,168,169,170,171,172,173,174,175,176,177,178,190,191,192,193,194,195,196,198,199,200,214,215,217,218,219,222,223,224,237,240,242,243,245,246,247,263,266,268,269,270,286,287,292,293,308,309,314,315,316,331,332,337,338
555,555,131
1,2,3,4,5,6,7,8,24,25,26,27,28,29,30,31,47,48,49,50,51,52,53,54,70,71,72,73,74,75,77,93,94,95,96,97,98,99,100,116,117,118,119,120,121,122,123,139,140,141,142,143,144,145,146,162,163,164,165,166,167,168,169,185,186,187,188,189,190,191,192,194,208,209,210,211,212,213,214,215,217,231,232,233,234,235,236,237,238,239,240,254,255,256,257,258,259,260,261,262,263,278,279,280,281,282,283,284,285,286,287,301,302,303,304,305,306,307,308,309,310,325,326,327,328,329,330,331,332,333,336
345,345,116
1,2,3,4,5,24,25,26,27,28,29,47,48,49,50,51,52,53,70,71,72,73,74,75,93,94,95,96,97,98,116,117,118,119,120,121,122,139,140,141,142,143,144,145,162,163,164,165,166,167,168,185,186,187,188,189,190,191,208,209,210,211,212,213,214,215,216,231,232,233,234,235,236,237,238,239,254,255,256,257,258,259,260,261,262,263,277,278,279,280,281,282,283,284,285,300,301,302,303,304,305,306,307,308,309,323,324,325,326,327,328,329,330,331,332,333
29,29,109
1,2,3,24,25,26,27,47,48,49,50,51,70,71,72,73,74,75,93,94,95,96,97,98,116,117,118,119,120,121,122,139,140,141,142,143,144,145,162,163,164,165,166,167,168,185,186,187,188,189,190,191,208,209,210,211,212,213,214,231,232,233,234,235,236,237,238,239,254,255,256,257,258,259,260,261,262,277,278,279,280,281,282,283,284,285,286,300,301,302,303,304,305,306,307,308,309,310,323,324,325,326,327,328,329,330,331,332,333
431,431,103
1,24,47,49,70,71,72,73,93,94,95,96,97,116,117,118,119,120,121,122,139,140,141,142,143,144,162,163,164,165,166,167,168,185,186,187,188,189,190,191,192,193,194,196,208,209,210,211,212,213,214,216,219,231,232,233,234,235,236,237,238,254,255,256,257,258,259,260,261,262,263,264,277,278,279,280,281,282,283,284,285,286,300,301,302,303,304,305,306,307,308,309,323,324,325,326,327,328,329,330,331,332,333
27,27,97
72,73,75,95,96,97,118,119,120,121,122,140,141,142,143,144,145,162,164,165,166,167,168,169,170,173,184,185,186,187,188,189,190,191,193,196,197,208,209,210,211,212,213,214,216,219,231,232,233,234,235,236,237,238,239,240,241,254,255,256,257,258,259,261,262,263,265,277,278,279,280,281,282,283,284,285,286,300,301,302,303,304,305,306,307,308,309,323,324,325,326,327,328,329,330,331,332
111,111,88
75,96,97,98,99,119,120,121,122,124,142,143,144,145,164,165,166,167,168,170,171,186,187,188,189,190,191,192,193,194,196,208,209,210,211,212,213,218,219,231,232,233,234,235,236,237,238,254,255,256,257,258,259,260,261,262,263,264,277,278,279,280,281,282,283,284,285,287,300,301,302,303,304,305,306,307,308,310,323,324,325,326,327,328,329,330,331,332
310,310,79
76,96,97,99,101,119,120,121,122,142,143,144,145,147,164,165,166,167,168,170,171,188,189,190,191,193,194,196,211,212,213,216,217,218,219,221,232,234,235,236,239,240,241,254,255,256,258,259,261,262,263,265,277,278,279,280,281,285,286,287,300,301,302,303,304,307,308,309,310,323,324,325,326,327,328,329,330,331,332
41,41,71
75,96,98,99,119,120,121,122,123,124,142,143,144,145,146,147,148,164,165,166,167,168,169,170,171,172,188,189,190,191,194,195,211,212,213,214,215,216,217,218,219,234,235,238,239,241,242,258,260,261,262,263,265,281,283,284,285,287,301,303,304,306,308,309,324,325,328,329,330,331,332
293,293,59
14,15,29,36,95,96,98,101,118,119,120,121,122,141,142,143,144,145,148,164,165,166,167,168,172,188,189,190,193,194,211,212,213,214,216,217,234,235,236,237,239,240,257,258,259,260,263,280,281,285,286,287,301,303,308,309,324,325,331
312,312,65
95,96,97,101,119,120,121,122,124,125,141,142,143,144,145,146,147,148,149,164,165,166,167,168,169,171,172,188,189,190,191,193,194,195,196,211,212,213,216,217,218,235,236,239,240,257,258,260,262,263,281,282,285,286,303,304,308,309,324,326,327,329,330,331,332
520,520,63
73,75,96,97,118,119,120,121,122,123,124,125,142,143,144,145,146,147,148,164,165,166,167,168,170,171,172,173,188,189,190,193,194,195,211,212,213,216,217,218,234,235,238,239,240,257,258,259,262,263,281,282,284,285,286,303,304,308,309,326,327,330,331
499,499,63
32,95,96,97,98,101,119,120,121,122,123,124,142,143,144,145,146,147,148,164,165,166,167,168,170,171,172,188,189,190,193,194,195,211,212,213,216,217,218,235,236,238,239,240,257,258,259,261,262,263,280,281,285,286,300,301,303,304,308,309,323,325,330
483,483,61
73,95,96,97,101,118,119,120,121,122,124,125,142,143,144,146,147,148,149,150,165,166,167,170,171,172,188,189,190,193,194,195,196,211,212,213,216,217,234,235,236,237,239,240,258,259,262,263,280,281,282,285,286,303,304,308,309,326,327,330,331
283,283,57
95,96,97,101,119,120,121,122,123,124,125,142,143,144,145,147,148,149,165,166,167,168,171,172,189,190,193,194,195,196,211,212,213,216,217,234,235,236,239,240,257,258,259,263,280,281,282,285,286,303,304,308,309,326,327,330,331
204,204,57
95,96,101,119,120,121,122,124,125,142,143,144,145,146,147,148,149,165,166,167,170,171,172,189,190,193,194,195,196,211,212,213,216,217,218,234,235,236,237,239,240,258,261,262,263,281,282,284,285,286,303,304,308,309,326,330,331
250,250,57
72,95,96,119,120,121,124,125,142,143,144,146,147,148,149,165,166,167,170,171,172,189,190,193,194,195,211,212,213,216,217,218,234,235,236,239,240,257,258,259,261,262,263,280,281,282,284,285,286,303,304,307,308,309,326,330,331
9,9,53
95,96,97,118,119,120,124,125,142,143,144,147,148,149,166,167,170,171,172,189,190,193,194,195,196,211,212,213,216,217,218,234,235,240,257,258,259,261,262,263,280,281,284,285,286,303,304,307,308,309,326,330,331
454,454,45
24,47,70,95,96,119,128,142,143,144,166,167,168,169,172,188,189,190,191,192,193,211,212,213,214,215,216,234,235,236,240,256,257,258,259,278,279,280,281,282,301,302,324,325,326
459,459,54
1,24,47,48,70,71,72,94,126,128,142,149,165,166,167,171,172,188,189,190,191,193,211,212,213,214,216,217,218,233,234,235,236,240,255,256,257,258,259,263,278,279,280,281,285,301,302,303,304,308,324,325,326,327
497,497,50
1,47,71,95,127,128,142,148,149,165,166,167,172,188,189,190,193,195,211,212,213,216,218,233,234,235,236,237,240,241,256,257,258,259,263,278,279,280,281,285,286,301,302,303,304,308,324,325,326,327
553,553,52
1,24,47,71,72,94,128,142,165,166,167,170,171,188,189,190,191,193,195,210,211,212,213,214,216,217,218,233,234,235,239,240,256,257,258,259,263,278,279,280,281,285,301,302,303,304,305,308,324,325,326,327
233,233,51
24,47,70,71,93,94,104,105,126,127,128,142,165,166,167,188,189,190,193,195,210,211,212,213,216,217,233,234,235,236,240,256,257,258,259,262,263,278,279,280,281,285,301,302,303,304,308,324,325,326,327
513,513,47
1,24,47,48,71,105,127,128,142,151,165,166,167,188,189,190,191,210,211,212,213,214,217,233,234,235,237,240,256,257,258,259,263,278,279,280,281,285,301,302,303,304,305,324,325,326,327
305,305,45
24,47,70,71,72,93,127,128,142,151,164,165,166,167,188,189,190,210,211,212,213,233,234,235,236,256,257,258,259,278,279,280,281,282,285,301,302,303,304,305,308,324,325,326,327
513,513,44
24,47,70,71,93,94,128,141,142,151,164,165,166,167,188,189,190,191,210,211,212,213,214,233,234,235,236,256,257,258,259,278,279,280,281,282,285,301,302,303,304,324,325,326
29,29,43
24,47,70,71,93,94,128,141,142,164,165,166,167,188,189,190,210,211,212,213,233,234,235,236,237,240,256,257,258,259,278,279,280,281,282,301,302,303,304,305,324,325,326
410,410,51
24,47,48,70,71,118,126,128,141,142,149,150,151,164,165,166,167,171,172,188,189,190,191,195,210,211,212,214,217,233,234,235,256,257,258,259,260,278,279,280,281,282,301,302,303,304,305,324,325,326,328
528,528,48
1,24,32,47,48,70,71,94,105,141,142,164,165,166,167,187,188,189,190,206,210,211,212,213,217,233,234,235,236,237,241,255,256,257,258,259,278,279,280,281,282,301,302,303,304,324,325,326
29,29,48
1,24,25,47,48,70,71,72,93,94,95,141,142,164,165,166,167,188,189,190,210,211,212,213,217,218,233,234,235,236,237,255,256,257,258,259,278,279,280,281,282,301,302,303,304,324,325,326
534,534,51
1,24,25,47,48,70,71,94,112,118,119,141,142,143,164,165,166,167,187,188,189,190,210,211,212,213,217,218,233,234,235,236,237,255,256,257,258,259,260,278,279,280,281,282,301,302,303,304,324,325,326
431,431,54
1,24,25,47,48,71,94,119,141,142,143,164,165,166,167,172,187,188,189,190,195,210,211,212,213,217,218,233,234,235,236,237,239,240,255,256,257,258,259,260,278,279,280,281,282,301,302,303,304,305,324,325,326,327
359,359,53
1,24,25,47,48,49,71,72,118,119,141,142,143,164,165,166,167,172,187,188,189,190,194,195,210,211,212,213,217,233,234,235,236,237,239,255,256,257,258,259,260,278,279,280,281,282,301,302,303,304,305,325,326
73,73,54
1,24,25,47,48,71,95,119,141,142,143,164,165,166,167,172,188,189,190,194,195,210,211,212,213,217,233,234,235,236,237,238,239,255,256,257,258,259,260,278,279,280,281,282,283,301,302,303,304,305,324,325,326,329
83,83,54
1,24,25,47,48,95,119,141,142,143,164,165,166,167,172,187,188,189,190,194,195,210,211,212,213,214,217,233,234,235,236,237,239,255,256,257,258,259,260,278,279,280,281,282,301,302,303,304,323,325,326,327,328,329
342,342,55
1,24,25,47,48,71,118,119,141,142,143,164,165,166,167,172,187,188,189,190,194,195,210,211,212,213,214,216,217,233,234,235,236,237,239,255,256,257,258,259,260,278,279,280,281,282,301,302,303,304,305,323,324,325,326
375,375,50
1,24,25,48,59,60,82,83,104,105,106,117,119,128,142,164,165,166,167,173,187,188,189,190,210,211,212,213,233,234,235,236,237,256,257,258,259,260,278,279,280,281,282,301,302,303,304,319,325,326
74,74,60
1,24,25,36,48,49,72,82,104,105,106,118,119,126,127,128,141,142,143,150,151,164,165,166,172,173,187,188,189,190,193,194,196,211,212,213,217,234,235,236,237,239,257,258,259,279,280,281,282,304,305,306,307,323,324,325,326,327,329,330
359,359,63
1,2,24,25,48,56,72,95,104,105,106,118,119,126,127,129,141,142,143,149,164,165,166,167,173,187,188,189,193,210,211,212,213,214,216,233,234,235,236,237,238,239,255,257,258,259,260,261,279,280,281,282,284,302,304,305,306,307,323,324,326,328,330
75,75,69
1,24,25,47,48,72,82,83,95,96,103,105,106,118,119,126,127,128,129,141,142,143,144,149,151,164,165,166,167,168,173,174,187,188,189,190,191,193,196,209,210,211,212,213,214,216,217,232,233,234,235,237,239,257,258,259,279,281,282,303,304,305,306,307,323,324,327,329,330
351,351,71
1,24,25,47,48,71,72,82,95,105,106,107,118,119,123,124,126,141,142,143,144,149,151,164,165,166,167,168,174,186,187,188,189,191,193,194,210,211,212,213,214,216,219,232,233,234,235,236,237,238,239,241,255,256,257,258,259,279,280,281,282,283,300,302,304,323,324,326,327,329,330
159,159,78
1,24,25,32,47,48,49,55,56,57,71,72,83,95,104,105,106,107,118,119,122,123,126,127,129,130,141,142,143,144,145,149,163,164,165,166,167,168,169,173,186,187,188,189,191,210,211,212,213,214,216,232,233,234,235,236,237,238,239,240,257,258,259,260,279,280,281,282,283,300,303,304,308,323,324,329,330,331
482,482,86
1,2,8,24,25,32,33,34,38,47,48,49,55,56,61,77,78,82,83,94,95,96,101,103,104,105,106,107,117,118,119,120,122,123,126,127,128,129,130,140,141,142,143,151,163,164,165,166,167,173,174,177,186,187,188,189,190,191,193,209,210,211,212,213,216,233,234,235,236,237,239,241,256,257,258,259,280,281,282,304,305,323,324,326,329,330
316,316,96
1,2,3,5,7,8,9,10,11,12,13,14,15,16,24,25,26,28,29,30,31,32,33,47,48,49,50,53,54,57,62,70,71,72,73,75,77,81,83,85,94,95,96,98,99,104,105,106,107,118,119,121,126,127,128,129,130,140,141,142,143,163,164,165,166,167,168,173,186,187,188,189,190,191,193,196,210,211,212,213,214,232,233,234,235,236,258,259,280,281,282,305,306,323,329,330
542,542,106
1,2,3,4,5,6,7,8,9,10,11,12,13,14,15,16,17,18,19,20,21,22,23,24,25,26,27,28,29,30,31,32,33,34,35,36,37,38,39,40,41,42,43,44,45,46,47,48,49,50,51,52,53,54,55,56,57,58,59,60,61,62,63,65,66,67,68,69,70,71,72,73,74,75,76,78,79,80,81,82,83,84,85,86,93,94,95,98,99,102,104,105,106,107,119,127,128,140,143,164,165,188,211,212,213,281
333,333,107
1,2,3,4,5,6,7,8,9,10,11,12,13,14,15,16,17,18,19,20,21,22,23,24,25,26,27,28,29,30,31,32,33,34,35,36,37,38,39,40,41,42,43,44,45,46,47,48,49,50,51,52,53,59,60,61,62,63,64,65,66,67,68,69,70,71,72,73,74,75,76,84,85,86,87,93,95,96,97,98,99,105,106,107,108,109,110,116,118,119,121,122,131,132,140,141,142,143,144,146,150,154,155,165,166,188,211
301,301,123
1,2,3,4,5,6,7,8,9,10,11,12,13,14,15,16,17,18,19,20,21,22,23,24,25,26,27,28,29,30,31,32,33,34,35,36,37,38,39,40,41,42,43,44,45,46,47,48,49,50,51,52,53,54,55,56,57,58,59,60,61,62,63,64,65,66,67,68,69,70,71,72,73,74,75,76,77,78,79,80,81,82,83,86,87,88,89,91,92,93,94,95,96,97,98,99,100,101,102,106,108,110,111,116,117,118,119,120,121,123,124,128,139,140,141,142,143,144,145,162,163,167,186
251,251,136
1,2,3,4,5,6,7,8,9,10,11,12,13,14,15,16,18,19,20,21,22,23,24,25,26,27,28,29,30,31,32,33,34,35,36,37,38,39,40,41,43,44,45,46,47,48,49,50,51,52,53,54,55,56,57,58,59,60,61,65,66,67,68,69,70,71,72,73,74,75,76,77,78,79,80,81,82,83,84,85,86,87,88,89,90,91,92,93,94,95,96,97,98,99,100,101,102,104,105,106,107,109,111,112,113,114,116,117,118,119,120,121,122,123,124,127,139,140,141,142,143,144,145,146,162,163,164,165,166,167,168,185,186,189,190,235
531,531,147
1,2,6,7,8,9,24,25,26,27,28,29,30,31,32,33,34,35,47,48,49,50,51,52,53,54,55,56,57,59,68,69,70,71,72,73,74,75,76,77,78,79,80,81,89,90,91,92,93,94,95,96,97,98,99,100,101,102,104,112,113,114,115,116,117,118,119,120,121,122,123,124,125,126,127,128,134,135,136,137,138,139,140,141,142,143,144,145,146,147,148,156,157,158,159,160,161,162,163,164,165,166,167,168,169,178,179,180,181,182,185,186,187,188,189,190,191,192,201,202,203,204,208,209,210,211,212,213,214,225,231,232,233,234,235,254,255,258,274,277,278,279,280,281,282,303,304
243,243,133
119,142,143,144,145,163,164,165,166,167,168,169,184,185,186,187,188,189,190,191,192,193,194,195,204,205,206,207,208,209,210,211,212,213,214,215,216,217,219,224,225,226,227,228,229,230,231,232,233,234,235,236,237,238,239,240,241,242,247,248,249,250,251,252,254,255,256,257,258,259,260,261,262,264,266,267,268,269,270,271,272,273,274,275,276,277,278,279,280,281,282,283,284,285,289,290,291,292,293,294,295,296,297,298,300,301,302,303,304,305,306,312,313,314,315,316,317,318,319,323,324,325,326,327,330,331,334,335,336,337,338,339,340
300,300,97
165,166,167,168,188,189,190,191,211,212,213,214,233,234,235,236,237,238,248,253,256,257,258,259,260,261,262,263,266,267,275,276,277,278,279,280,281,282,283,284,286,287,289,290,292,293,294,295,296,297,298,299,300,301,302,303,304,305,306,307,308,309,310,312,313,314,315,316,317,318,319,320,321,322,323,324,325,326,327,328,329,330,331,332,333,334,335,336,337,338,339,340,341,342,343,344,345
384,384,77
119,135,142,143,165,166,167,168,189,190,207,230,234,235,236,248,253,257,258,259,260,266,267,272,279,280,281,282,283,284,287,288,289,290,294,296,297,298,299,300,301,302,303,304,305,306,307,308,309,310,312,313,317,318,320,321,322,323,324,325,326,327,328,329,330,331,332,334,335,337,338,340,341,342,343,344,345
245,245,59
25,71,96,118,119,120,142,143,144,145,163,165,166,167,168,188,189,190,191,211,212,213,214,233,234,235,236,256,257,258,259,278,279,280,281,282,283,284,300,302,303,304,305,306,320,321,322,323,325,326,327,329,330,331,341,342,343,344,345
472,472,46
25,48,72,118,119,120,142,143,144,145,146,165,166,167,168,188,189,190,191,211,212,214,234,235,236,256,257,258,259,279,280,281,282,283,300,302,303,304,305,306,325,326,327,330,331,345
500,500,25
119,142,143,165,166,167,168,189,190,191,211,212,234,235,257,258,259,280,281,282,302,304,305,326,327
570,570,28
96,119,120,142,167,234,235,236,256,257,258,259,260,278,279,280,281,282,283,300,301,302,303,304,305,306,325,327
336,336,26
119,120,143,167,234,235,236,257,258,259,278,279,280,281,282,283,300,301,302,303,304,305,306,325,326,327
107,107,28
119,120,142,143,212,213,234,235,236,256,257,258,259,278,279,280,281,282,283,300,301,302,303,304,305,306,325,327
107,107,28
72,120,149,212,234,235,236,237,256,257,258,259,278,279,280,281,282,283,300,301,302,303,304,305,306,325,326,327
12,12,29
97,119,120,167,212,213,234,235,236,237,256,257,258,259,278,279,280,281,282,283,300,301,302,303,304,305,323,325,327
553,553,30
2,120,211,212,214,234,235,236,237,256,257,258,259,260,278,279,280,281,282,283,300,301,302,303,304,305,306,325,326,327
67,67,32
97,119,120,143,212,213,214,233,234,235,236,237,256,257,258,259,278,279,280,281,282,283,300,301,302,303,304,305,306,323,325,327
15,15,34
96,119,120,145,190,191,211,212,213,214,234,235,236,237,256,257,258,259,278,279,280,281,282,283,300,301,302,303,304,305,306,325,326,327
460,460,26
120,214,233,234,235,236,237,256,257,258,259,278,279,280,281,282,283,300,301,302,303,304,305,325,326,327
37,37,32
74,145,167,168,191,212,234,235,236,237,254,255,256,257,258,259,260,277,278,279,280,281,282,283,300,301,302,303,304,305,323,326
387,387,31
167,168,212,213,214,233,234,235,236,237,256,257,258,259,260,277,278,279,280,281,282,283,300,301,302,303,304,305,323,325,326
223,223,35
74,141,145,167,168,190,191,211,212,213,233,234,235,236,237,256,257,258,259,260,277,278,279,280,281,282,283,300,301,302,303,304,305,323,326
12,12,33
145,167,168,189,212,213,214,233,234,235,236,237,256,257,258,259,260,277,278,279,280,281,282,283,300,301,302,303,304,305,323,326,327
52,52,42
23,72,74,119,143,144,145,167,168,189,190,191,212,213,233,234,235,236,237,255,256,257,258,259,260,277,278,279,280,281,282,283,300,301,302,303,304,305,323,325,326,327
23,23,56
19,20,21,22,23,42,43,44,45,46,65,66,67,68,69,88,89,90,91,92,112,113,114,115,135,136,137,138,159,160,161,183,184,206,207,229,230,234,235,236,252,253,256,257,258,276,278,279,280,281,299,302,303,304,322,345
240,240,75
16,17,18,19,20,21,22,23,39,40,41,42,43,44,45,46,63,64,65,66,67,68,69,86,87,88,89,90,91,92,109,110,111,112,113,114,115,133,134,135,136,137,138,156,157,158,159,160,161,180,181,182,183,184,203,204,205,206,207,227,228,229,230,250,251,252,253,274,275,276,298,299,321,322,345
338,338,111
9,10,11,12,13,14,15,17,33,34,35,36,37,38,42,43,57,58,59,60,61,62,63,64,65,66,67,79,80,81,82,83,84,85,86,87,88,89,90,93,103,104,105,106,107,108,109,110,111,112,113,127,129,130,131,132,133,134,135,136,137,153,154,155,156,157,158,159,176,177,178,179,180,181,182,183,199,200,201,202,203,204,205,224,225,226,227,228,247,248,249,250,251,252,271,272,273,274,275,276,295,296,297,298,299,319,320,321,322,342,343
21,21,137
2,3,4,5,6,7,8,9,10,11,12,13,25,26,27,28,29,30,31,32,33,34,35,36,39,49,50,51,52,53,54,55,56,57,58,60,72,73,74,75,76,77,78,79,80,81,82,96,97,98,99,100,101,102,103,104,119,120,121,122,123,124,125,126,127,143,144,145,146,147,148,149,150,166,167,168,169,170,190,191,192,201,213,214,215,220,224,225,235,236,237,238,240,242,243,244,247,248,259,260,261,262,263,265,266,267,268,269,270,285,286,288,289,290,291,292,293,294,295,302,309,310,311,313,314,315,316,317,318,332,333,336,337,338,339,340,341
538,538,130
1,2,3,4,5,6,24,25,26,27,28,29,30,47,48,49,50,51,52,53,54,70,71,72,73,74,75,76,77,78,93,94,95,96,97,98,99,100,116,117,118,119,120,121,122,123,139,140,141,142,143,144,145,146,162,163,164,165,166,167,168,169,185,186,187,188,189,190,191,192,208,209,210,211,212,213,214,215,231,232,233,234,235,236,237,238,254,255,256,257,258,259,260,261,262,263,265,277,278,279,280,281,282,283,284,285,287,288,301,302,303,304,305,306,307,308,309,310,311,325,326,327,328,329,330,331,332,333,334,337
244,244,116
1,2,3,4,24,25,26,27,47,48,49,50,70,71,72,73,74,75,93,94,95,96,97,98,116,117,118,119,120,121,122,139,140,141,142,143,144,145,162,163,164,165,166,167,168,169,185,186,187,188,189,190,191,192,208,209,210,211,212,213,214,215,231,232,233,234,235,236,237,238,254,255,256,257,258,259,260,261,262,265,277,278,279,280,281,282,283,284,285,286,287,288,300,301,302,303,304,305,306,307,308,309,310,311,323,324,325,326,327,328,329,330,331,332,333,334
88,88,109
1,2,3,4,24,25,26,47,48,49,50,70,71,72,73,74,93,94,95,96,97,116,117,118,119,120,121,122,139,140,141,142,143,144,145,162,163,164,165,166,167,168,169,171,185,186,187,188,189,190,191,192,208,209,210,211,212,213,214,215,231,232,233,234,235,236,237,238,239,254,255,256,257,258,259,260,261,262,277,278,279,280,281,282,283,284,285,286,300,301,302,303,304,305,306,307,308,309,323,324,325,326,327,328,329,330,331,332,333
43,43,102
1,3,4,24,25,26,27,47,49,70,71,72,73,93,94,95,96,97,98,99,116,117,118,119,120,121,122,139,140,141,142,143,144,145,162,163,164,165,166,167,168,185,186,187,188,189,190,191,208,209,210,211,212,213,214,216,231,232,233,234,235,236,237,238,254,255,256,257,258,259,260,261,277,278,279,280,281,282,283,284,285,286,300,301,302,303,304,305,306,307,308,309,323,324,325,326,327,328,329,330,331,332
303,303,95
2,3,4,26,27,28,31,32,49,50,53,63,73,74,75,76,93,98,116,117,118,121,122,126,139,140,141,142,143,144,162,163,164,165,166,167,168,169,185,186,187,188,189,190,208,209,210,211,212,213,214,231,232,233,234,235,236,237,238,239,240,254,255,256,257,258,259,260,261,277,278,279,280,281,282,283,284,285,300,301,302,303,304,305,306,307,308,323,324,325,326,327,328,329,330
81,81,87
1,2,3,4,9,26,27,28,31,49,50,52,53,54,74,75,76,80,98,99,116,120,121,122,141,142,143,144,145,162,164,165,166,167,185,186,187,188,189,190,191,208,209,210,211,212,213,214,231,232,233,234,235,236,237,254,255,256,257,258,259,260,261,277,278,279,280,281,282,283,284,300,301,302,303,304,305,306,307,308,323,324,325,326,327,328,329
452,452,78
2,4,7,9,11,26,27,28,31,32,33,34,35,49,53,54,55,56,58,75,76,80,81,98,99,103,122,126,127,143,144,167,185,187,189,208,209,210,211,212,213,214,231,232,233,234,235,236,237,238,254,255,256,257,258,259,260,277,278,279,280,281,282,283,300,301,302,303,304,305,306,323,324,325,326,327,328,329
553,553,71
3,4,11,26,27,31,32,33,34,35,50,52,53,54,55,56,57,58,74,75,76,80,81,97,98,99,104,121,122,126,127,143,144,166,188,208,209,210,211,212,213,231,232,233,234,235,236,237,254,255,256,257,258,259,277,278,279,280,281,282,300,301,302,303,304,305,324,325,326,327,328
520,520,67
2,6,9,11,31,32,48,49,50,51,54,72,73,74,75,96,98,121,125,144,145,146,169,173,174,175,185,191,195,196,197,198,208,213,217,218,219,220,233,234,235,236,255,256,257,258,259,260,261,277,278,279,280,281,282,283,300,301,302,303,304,305,323,324,325,326,327
223,223,63
1,2,3,4,10,11,12,26,27,32,33,34,35,36,55,57,58,59,80,81,141,144,185,188,189,190,208,209,210,211,212,213,214,231,232,233,234,235,236,237,254,255,256,257,258,259,277,278,279,280,281,282,300,301,302,303,304,305,306,323,324,325,326
468,468,58
1,2,3,4,11,25,26,27,32,33,34,35,36,55,56,57,58,80,120,144,185,186,187,188,189,208,209,210,211,212,213,214,231,232,233,234,235,236,237,254,255,256,257,258,259,277,278,279,280,281,282,300,301,302,303,324,325,326
468,468,59
2,3,4,10,12,13,25,26,27,28,32,33,34,35,55,58,80,120,143,144,165,166,168,186,187,188,189,190,208,209,210,211,212,213,214,231,232,233,234,235,236,254,255,256,257,258,259,277,278,279,280,281,300,301,302,303,325,326,327
404,404,57
2,3,4,11,26,27,28,34,35,48,49,55,58,72,80,121,140,141,144,165,166,167,187,188,189,191,208,210,211,212,213,214,231,232,233,234,235,236,254,255,256,257,258,259,277,278,279,280,281,300,301,302,303,324,325,326,327
469,469,53
1,2,3,4,11,25,26,27,48,49,56,71,80,144,145,163,165,168,187,188,191,208,209,210,211,212,213,214,231,232,233,234,235,236,237,254,255,256,257,258,259,277,278,279,280,281,300,301,302,303,304,326,327
517,517,55
1,2,3,4,25,26,27,48,49,71,140,141,162,164,165,166,167,185,186,187,188,189,190,208,210,211,212,213,214,231,232,233,234,235,236,237,254,255,256,257,258,259,277,278,279,280,281,300,302,303,304,325,326,327,328
212,212,51
2,3,4,25,26,27,49,71,72,141,144,164,165,166,167,185,187,188,190,209,210,211,212,213,214,231,232,233,234,235,236,254,255,256,257,258,259,277,278,279,280,281,300,301,302,303,304,305,325,326,327
204,204,47
2,3,4,26,27,49,71,72,141,144,164,165,166,187,188,191,210,211,212,213,231,232,233,234,235,236,254,255,256,257,258,259,277,278,279,280,281,282,300,301,302,303,304,305,325,326,327
458,458,43
2,3,4,25,26,27,49,70,71,118,139,141,149,164,165,172,187,210,211,212,213,214,232,233,234,235,236,254,255,256,257,258,277,278,279,280,300,302,303,325,326,327,328
325,325,48
71,94,95,118,140,141,142,143,164,165,166,186,187,188,189,190,191,208,210,211,212,213,231,232,233,234,235,236,254,255,256,257,258,259,260,277,278,279,280,281,282,283,302,303,304,305,326,327
310,310,47
70,94,118,119,140,141,142,163,164,165,187,188,189,190,191,210,211,212,213,231,232,233,234,235,236,237,254,255,256,257,258,259,260,278,279,280,281,282,283,300,302,304,305,306,325,326,327
21,21,47
71,72,95,118,140,141,142,163,164,165,166,187,188,189,190,191,210,211,212,213,214,233,234,235,236,237,254,255,256,257,258,259,260,277,278,279,280,281,282,283,302,303,304,305,325,326,327
147,147,46
118,140,141,143,163,164,165,187,188,189,190,191,210,211,212,213,214,231,233,234,235,236,237,254,255,256,257,258,259,260,277,278,279,280,281,282,283,301,302,303,304,305,323,325,326,327
482,482,43
71,118,141,163,164,165,166,187,188,189,190,191,210,211,212,213,214,233,234,235,236,237,254,255,256,257,258,259,260,278,279,280,281,282,283,300,302,303,304,305,325,326,327
305,305,44
70,140,143,165,166,187,188,189,190,191,210,211,212,213,214,233,234,235,236,237,254,255,256,257,258,259,260,277,278,279,280,281,282,283,300,301,302,303,304,305,306,325,326,327
29,29,43
71,118,141,143,165,166,187,188,189,190,191,210,211,212,213,214,232,233,234,235,236,237,254,255,256,257,258,259,260,277,278,279,281,282,283,301,302,303,304,305,325,326,327
521,521,42
120,142,143,165,166,167,168,188,189,190,191,210,211,212,213,214,233,234,235,236,237,254,255,256,257,258,259,260,277,278,279,280,281,282,283,302,303,304,305,306,326,327
111,111,47
2,56,57,72,80,94,95,96,117,120,165,188,189,190,191,210,211,212,213,214,231,233,234,235,236,237,254,255,256,257,258,259,260,279,281,282,283,284,302,305,323,324,325,326,327,328,329
480,480,44
70,73,93,94,118,119,120,141,142,143,165,166,167,168,188,189,190,191,211,212,213,214,234,235,236,237,257,258,259,260,280,281,282,283,302,303,304,305,306,325,326,327,328,329
83,83,42
47,72,94,119,120,142,143,144,165,166,167,168,187,188,189,190,191,211,212,213,214,233,234,235,236,237,258,259,260,279,280,281,282,283,302,303,304,305,306,326,327,328
14,14,42
48,97,119,120,142,143,164,165,166,167,168,187,188,189,190,191,211,212,213,214,234,235,236,237,257,258,259,260,280,281,282,283,302,303,304,305,306,325,326,327,328,329
341,341,45
25,97,118,119,120,141,142,143,164,165,166,167,168,187,188,189,190,191,210,211,212,213,214,233,234,235,236,237,257,258,259,260,280,281,282,283,302,303,304,305,306,325,326,327,328
512,512,43
48,71,73,95,97,118,119,120,142,143,165,166,167,168,187,188,189,190,210,211,212,213,214,233,234,235,236,237,257,258,259,260,280,281,282,283,302,303,304,305,306,325,326
340,340,44
48,71,94,118,119,120,141,142,143,164,165,166,167,187,188,189,190,191,211,212,213,214,233,234,235,236,237,257,258,259,260,278,279,280,281,282,283,301,302,303,305,306,325,326
397,397,45
48,71,94,97,119,120,141,142,143,164,165,166,167,168,188,189,190,191,210,211,212,213,214,233,234,235,236,237,256,257,258,259,260,277,279,280,281,283,300,302,303,305,306,325,326
542,542,45
25,71,72,97,118,119,120,141,142,143,163,164,165,166,168,187,188,189,190,191,210,211,212,213,214,233,234,235,236,237,256,257,258,260,280,281,282,283,301,302,303,305,306,325,326
513,513,37
2,10,12,13,14,24,25,34,35,36,57,73,94,95,96,97,117,118,119,120,141,142,143,165,185,188,189,193,208,213,255,260,284,299,307,323,324
510,510,44
1,24,25,48,49,72,95,118,120,142,165,168,170,188,191,193,210,211,216,237,238,239,255,257,260,261,262,277,278,280,282,283,284,301,302,303,304,305,306,307,323,324,328,329
239,239,48
1,24,25,47,48,72,95,119,120,141,142,163,164,165,166,188,193,210,211,216,234,237,238,239,255,257,258,260,261,262,277,280,282,283,284,300,301,302,303,304,305,306,307,323,324,327,328,329
468,468,49
1,24,25,71,72,73,94,118,119,139,142,164,165,167,187,188,193,211,214,216,233,234,236,237,238,239,255,257,258,260,261,262,278,280,281,282,283,284,300,301,302,303,304,305,306,307,325,328,329
100,100,53
12,24,48,49,71,72,95,118,119,120,141,142,143,164,165,187,188,189,211,212,216,233,235,237,239,255,257,258,260,261,262,278,279,280,281,282,283,284,300,301,302,303,304,305,306,307,323,324,325,326,327,328,329
114,114,60
24,47,48,49,71,72,94,95,96,118,119,142,143,145,163,164,166,168,186,187,188,189,193,211,212,213,214,234,235,236,237,238,256,257,258,259,260,261,262,278,279,280,281,282,283,284,300,301,302,303,304,305,306,307,323,324,325,326,328,329
494,494,69
1,11,12,13,24,25,47,50,72,73,94,96,117,118,119,120,123,140,141,142,144,145,164,165,166,186,187,188,189,193,211,212,213,214,216,233,234,235,236,237,238,239,257,258,259,260,261,262,277,279,280,281,282,283,284,300,301,302,303,304,305,306,307,323,325,326,327,328,329
280,280,88
1,2,4,5,6,7,10,11,12,14,24,25,26,27,28,34,35,47,48,49,50,70,71,72,73,74,93,94,95,96,101,116,117,118,119,120,121,123,124,139,142,143,144,145,163,164,165,166,167,168,170,186,187,188,189,190,193,211,212,213,233,234,235,236,237,238,257,258,260,261,279,280,281,282,283,284,301,302,304,305,306,307,323,324,325,326,327,329
265,265,101
1,2,3,4,5,6,7,8,9,10,11,12,13,14,15,16,17,18,19,20,21,22,23,24,25,26,27,28,29,30,31,32,33,34,35,36,37,38,39,40,41,42,43,44,45,46,47,48,49,50,51,52,53,54,55,56,57,58,59,61,62,63,64,65,66,67,68,69,70,71,72,73,74,75,76,77,78,79,80,83,84,90,92,93,94,95,96,97,98,99,100,101,102,116,117,118,119,123,124,139,167
485,485,104
1,2,3,4,5,6,7,8,9,10,11,12,13,14,15,16,17,18,19,20,21,22,23,24,25,28,29,30,31,32,33,34,36,37,38,39,40,41,42,43,44,45,46,47,51,52,53,54,55,56,57,58,59,60,61,62,63,66,67,68,69,70,75,76,77,78,79,80,81,82,83,84,89,90,91,92,94,98,99,100,101,102,103,113,114,115,116,117,119,121,122,123,124,125,136,137,138,148,159,160,161,182,183,184
228,228,123
1,2,3,4,5,6,7,8,9,10,11,12,13,14,15,16,17,18,19,20,21,22,23,24,25,26,27,28,29,30,31,32,33,34,35,36,37,38,39,40,41,42,43,44,45,46,47,48,49,50,51,52,53,54,55,56,57,58,59,60,61,62,63,64,65,66,67,68,69,70,71,72,73,74,75,76,77,78,79,80,81,82,83,84,85,87,88,89,90,91,92,93,94,95,96,97,98,99,100,102,103,104,105,107,112,113,116,117,118,119,120,121,123,124,125,139,140,141,142,143,144,165,166
251,251,135
1,2,3,4,5,6,7,8,9,10,11,12,13,14,15,16,17,18,19,20,21,22,23,24,25,26,27,28,29,30,31,32,33,34,35,36,37,38,39,40,41,42,43,44,45,46,47,48,49,50,51,52,53,54,55,56,57,58,59,60,61,62,63,64,65,66,67,68,69,70,71,72,73,74,75,76,77,78,79,80,81,82,83,84,85,86,87,88,89,90,91,93,94,95,96,97,98,99,100,101,102,103,104,105,106,107,108,109,110,111,112,113,116,117,118,119,120,121,122,125,126,127,130,139,140,141,142,143,144,145,162,163,164,165,343
508,508,147
1,2,3,9,24,25,26,27,29,30,31,32,47,48,49,50,51,52,53,54,55,70,71,72,73,74,75,76,77,78,83,84,85,86,87,88,93,94,95,96,97,98,99,100,101,102,104,105,106,107,108,109,110,111,116,117,118,119,120,121,122,123,125,126,127,128,129,130,131,132,133,139,140,141,142,143,144,145,146,147,148,149,150,151,152,153,154,155,156,162,163,164,165,166,167,168,169,171,172,173,174,175,176,177,178,179,185,186,187,188,189,190,191,195,196,197,198,199,208,209,210,211,212,213,214,218,219,220,221,231,232,233,235,236,242,243,244,254,255,258,259,266,280,281,282,303,345
235,235,126
117,118,119,140,141,142,143,148,149,162,163,164,165,166,168,169,170,171,172,173,174,185,186,187,188,189,190,191,192,193,194,195,196,208,209,210,211,212,213,214,215,216,217,218,219,220,221,225,231,232,233,234,235,236,237,238,239,240,241,242,243,244,245,247,254,255,256,257,258,259,260,261,262,263,264,265,266,267,268,270,277,278,279,280,281,282,283,284,285,286,287,288,289,290,291,292,300,301,302,303,304,305,306,307,308,309,310,311,312,313,314,323,324,325,326,327,328,329,330,331,332,333,334,335,336,337
278,278,92
188,210,211,213,214,232,233,234,235,236,237,242,255,256,257,258,259,260,261,263,264,265,266,267,277,278,279,280,281,282,283,284,285,286,287,288,289,290,291,292,294,295,296,297,298,299,300,301,302,303,304,305,306,307,308,309,310,311,312,313,314,315,316,317,318,319,320,321,322,323,324,325,326,327,328,329,330,331,332,333,334,335,336,337,338,339,340,341,342,343,344,345
500,500,70
234,235,236,249,257,258,259,261,263,266,267,272,273,274,275,279,280,281,282,283,284,285,286,287,289,290,291,294,295,296,297,298,299,302,303,304,305,306,307,308,309,310,311,312,313,314,318,319,320,321,322,323,324,325,326,327,328,329,330,331,332,334,335,338,340,341,342,343,344,345
202,202,54
25,48,71,72,119,139,164,169,185,186,188,189,193,211,213,214,234,235,236,237,238,249,256,257,258,259,260,261,266,279,280,281,282,283,284,298,300,302,303,304,305,306,307,320,321,322,326,327,331,341,342,343,344,345
419,419,44
25,48,71,72,119,139,164,188,189,193,211,214,234,235,236,237,238,249,257,258,259,260,261,266,279,280,281,282,283,284,302,303,304,305,306,320,321,322,326,327,331,343,344,345
145,145,20
24,164,213,214,235,236,257,258,259,260,280,281,282,283,300,304,305,306,327,345
193,193,21
1,24,163,186,213,214,232,236,237,255,258,259,260,281,282,283,304,305,306,327,331
100,100,17
1,24,140,213,214,236,237,258,259,260,281,282,283,304,305,306,327
139,139,15
1,186,213,214,236,237,258,259,260,281,282,283,304,305,306
375,375,15
1,24,213,214,236,237,258,259,260,281,282,283,304,305,306
84,84,17
1,24,186,187,213,214,236,237,258,259,260,281,282,283,304,305,306
543,543,17
1,24,213,214,236,237,255,256,258,259,260,281,282,283,304,305,306
27,27,18
1,24,162,186,213,214,236,237,255,256,258,259,281,282,283,304,305,306
84,84,21
1,24,140,162,187,213,214,236,237,238,255,256,258,259,281,282,283,304,305,306,331
6,6,10
162,237,258,259,281,282,283,304,305,306
461,461,23
24,48,49,72,96,140,145,162,168,186,187,188,214,237,256,259,281,282,283,304,305,306,327
455,455,24
2,24,48,49,72,139,145,162,163,168,186,187,188,214,233,237,255,281,282,283,304,305,306,327
220,220,26
1,2,24,48,49,71,72,96,145,167,168,186,187,188,191,233,237,258,281,282,283,304,305,306,327,331
80,80,25
1,2,24,48,49,72,96,139,140,145,167,168,186,187,188,191,214,233,237,281,282,283,304,305,327
478,478,30
1,2,23,24,48,49,72,96,139,140,145,163,168,169,185,186,187,188,191,213,214,233,237,281,282,283,304,305,306,327
311,311,41
18,19,20,21,22,23,42,43,44,45,46,66,67,68,69,89,90,91,92,112,113,114,115,136,137,138,159,160,161,183,184,206,207,230,253,276,281,299,304,322,345
51,51,67
15,16,17,18,19,20,21,22,23,39,40,41,42,43,44,45,46,62,63,64,65,66,67,68,69,86,87,88,89,90,91,92,109,110,111,112,113,114,115,133,134,135,136,137,138,156,157,158,159,160,161,180,181,182,183,184,206,207,229,230,252,253,276,298,321,322,345
254,254,103
9,10,11,12,13,14,15,16,17,18,19,20,21,22,32,33,34,35,36,37,38,39,40,41,42,43,44,45,46,57,58,59,60,61,62,63,64,65,66,67,68,80,81,82,83,84,85,86,87,88,90,103,104,105,106,107,108,109,110,111,113,127,128,129,130,131,132,133,134,135,151,152,153,154,155,156,157,158,175,176,177,178,179,180,198,199,200,201,202,203,223,224,225,246,247,248,249,270,271,272,294,320,343
77,77,127
1,2,3,4,5,6,7,8,9,10,11,12,13,14,15,24,25,27,28,29,30,31,32,33,34,35,36,37,48,49,50,51,52,53,54,55,56,57,58,59,60,72,73,74,75,76,77,78,79,80,81,82,83,95,96,97,98,99,100,101,102,103,104,105,119,120,121,122,123,124,125,126,127,128,142,143,144,145,146,147,148,149,150,166,167,168,169,170,171,172,173,189,190,191,192,193,194,195,196,213,214,215,216,217,218,236,237,238,239,240,243,263,266,267,268,289,290,291,292,293,313,314,315,336,337,338,342
538,538,128
1,2,3,4,5,6,7,24,25,26,27,28,29,30,46,47,48,49,50,51,52,53,54,70,71,72,73,74,75,76,77,93,94,95,96,97,98,99,100,101,116,117,118,119,120,121,122,123,124,139,140,141,142,143,144,145,146,147,148,162,163,164,165,166,167,168,169,170,171,185,186,187,188,189,190,191,192,193,194,208,209,210,211,212,213,214,215,216,231,232,233,234,235,236,237,238,239,254,255,256,257,258,259,260,261,262,278,279,280,281,282,283,284,285,302,303,304,305,306,307,308,326,327,328,329,330,331,332
346,346,114
1,2,3,4,24,25,26,27,28,47,48,49,50,51,70,71,72,73,74,75,93,94,95,96,97,98,116,117,118,119,120,121,122,139,140,141,142,143,144,145,162,163,164,165,166,167,168,169,170,185,186,187,188,189,190,191,192,208,209,210,211,212,213,214,215,216,217,231,232,233,234,235,236,237,238,239,254,255,256,257,258,259,260,261,262,277,278,279,280,281,282,283,284,285,300,301,302,303,304,305,306,307,308,309,323,324,325,326,327,328,329,330,331,332
29,29,107
1,2,3,24,25,26,47,48,49,50,70,71,72,73,93,94,95,96,97,98,116,117,118,119,120,121,122,139,140,141,142,143,144,162,163,164,165,166,167,168,169,185,186,187,188,189,190,191,192,208,209,210,211,212,213,214,215,216,231,232,233,234,235,236,237,238,239,240,254,255,256,257,258,259,260,261,262,277,278,279,280,281,282,283,284,285,286,300,301,302,303,304,305,306,307,308,309,323,324,325,326,327,328,329,330,331,332
294,294,104
1,2,3,24,25,26,47,48,49,70,71,72,73,93,94,95,96,97,111,116,117,118,119,120,121,139,140,141,142,143,144,162,163,164,165,166,167,168,185,186,187,188,189,190,191,208,209,210,211,212,213,214,215,217,231,232,233,234,235,236,237,238,239,240,254,255,256,257,258,259,260,261,262,263,277,278,279,280,281,282,283,284,285,286,300,301,302,303,304,305,306,307,308,309,323,324,325,326,327,328,329,330,331,332
254,254,99
1,3,4,24,25,26,27,47,48,49,53,70,71,72,73,93,94,95,96,99,116,117,118,119,120,122,139,140,141,142,143,145,162,163,164,165,166,167,185,186,187,188,189,190,191,208,209,210,211,212,213,214,215,217,218,231,232,233,234,235,236,237,238,240,241,254,255,256,257,258,259,260,263,277,278,279,280,281,282,283,286,287,300,301,302,303,304,305,306,307,323,324,325,326,327,328,329,330,331
544,544,93
1,2,3,4,9,24,26,47,48,49,53,70,71,72,93,94,98,99,116,117,118,119,121,122,123,139,140,141,142,143,144,162,163,164,165,167,168,185,186,187,188,189,191,208,209,210,211,212,213,214,217,218,231,232,233,234,235,236,237,240,254,255,256,257,258,259,260,263,277,278,279,280,281,282,283,286,300,301,302,303,304,305,306,309,310,323,324,325,326,327,328,329,335
65,65,86
2,3,26,31,47,70,71,72,75,76,93,94,96,98,99,116,117,122,139,140,141,162,163,164,165,174,185,186,187,188,189,190,191,193,194,208,209,210,211,212,213,217,231,232,233,234,235,236,237,238,254,255,256,257,258,259,260,261,262,277,278,279,280,281,282,283,284,285,300,301,302,303,304,305,306,307,308,323,324,325,326,327,328,329,330,336
427,427,80
1,2,3,8,26,27,30,31,50,53,55,70,72,75,76,77,78,93,94,116,117,122,139,140,141,147,162,163,170,186,187,190,194,208,209,210,211,217,231,232,233,234,235,236,237,238,239,241,254,255,257,258,259,260,261,262,277,278,280,281,282,283,284,285,300,301,302,303,304,305,306,307,308,323,325,328,329,330,336,337
375,375,83
92,114,115,116,132,133,135,136,137,138,139,140,154,155,156,158,159,160,161,162,163,174,176,177,178,179,180,181,182,183,184,185,190,196,197,198,199,200,201,202,203,204,205,206,207,208,219,220,221,222,223,224,225,226,227,228,229,230,245,246,247,248,249,250,251,252,253,258,264,268,271,272,273,274,275,295,296,297,298,319,320,328,337
463,463,79
1,2,4,7,8,23,24,25,26,30,31,47,48,49,50,53,58,59,70,71,72,73,75,76,78,80,82,93,94,95,96,98,101,102,103,104,105,116,117,118,121,122,125,126,140,141,142,146,147,148,163,164,165,170,171,184,187,188,190,210,211,212,214,215,231,234,235,236,237,238,254,258,259,260,300,307,323,328,331
536,536,72
1,4,8,24,27,47,48,52,58,59,70,71,72,75,76,79,81,82,93,94,95,96,97,98,99,103,104,105,117,118,119,120,121,122,123,125,126,141,142,143,146,148,163,164,165,169,186,187,188,189,190,209,210,211,212,213,214,215,231,234,235,236,237,238,254,258,259,260,277,282,308,328
476,476,72
1,2,8,24,25,26,30,35,36,47,48,49,52,57,58,59,70,71,72,75,76,79,80,81,82,93,94,95,96,98,99,102,103,116,117,118,119,120,121,122,123,125,138,139,140,141,142,143,146,162,163,164,165,166,167,185,186,187,188,189,194,209,210,211,212,213,233,235,236,237,258,308
362,362,68
1,24,25,35,36,47,48,49,52,56,58,59,70,71,75,76,79,80,81,82,93,94,95,98,102,103,117,118,119,121,122,125,126,127,139,140,141,142,143,144,148,149,163,164,165,166,167,170,171,172,186,187,188,189,193,194,209,210,211,212,213,214,234,235,236,237,238,258
458,458,63
1,2,6,8,24,25,30,36,47,57,58,59,70,71,75,76,81,82,93,94,95,98,102,103,104,105,117,118,119,121,125,126,127,139,140,141,142,145,148,149,163,164,166,167,170,171,186,187,188,189,194,210,211,212,213,214,216,235,236,237,238,258,259
488,488,59
1,8,13,24,25,30,35,36,47,48,57,58,59,70,71,80,82,93,94,95,98,102,103,104,105,116,117,118,119,120,125,126,127,139,140,141,142,143,148,149,163,164,165,166,170,171,186,187,188,189,193,211,212,216,235,236,237,238,258
383,383,55
1,24,25,36,47,48,58,59,70,71,79,80,81,82,83,93,94,95,102,103,104,105,116,117,118,119,125,126,127,139,140,141,142,148,149,150,163,164,165,166,169,170,171,172,188,189,193,194,211,212,216,217,235,238,258
221,221,49
24,25,35,36,47,48,58,59,70,71,78,80,81,82,95,102,103,104,105,116,117,118,119,123,124,125,126,127,139,140,141,142,148,149,150,163,165,166,169,171,172,187,188,189,193,194,212,216,235
446,446,54
21,22,23,43,44,45,46,57,58,65,66,67,68,69,70,71,80,88,89,90,91,92,93,94,102,103,111,112,113,114,115,116,117,125,126,135,136,138,139,140,141,142,148,163,164,188,191,192,213,215,234,289,312,336
120,120,58
1,8,10,24,35,36,47,57,58,59,70,71,78,80,82,83,89,90,93,94,101,103,105,113,116,117,118,125,126,127,135,139,140,141,142,149,158,163,164,165,167,168,169,170,172,188,189,191,192,211,215,217,234,241,264,285,287,288
240,240,57
8,24,25,35,36,47,57,58,61,70,71,80,82,83,93,101,102,103,104,105,111,112,113,114,116,117,118,126,127,135,140,141,142,149,150,156,163,165,168,169,170,171,172,188,191,192,193,194,211,215,217,241,264,275,285,288,298
211,211,56
8,24,25,30,47,48,70,71,79,80,81,82,93,94,95,101,103,104,105,112,113,116,117,125,126,127,135,136,137,140,141,142,148,149,150,163,164,165,168,170,171,172,188,192,194,211,215,217,234,241,262,264,275,285,298,343
229,229,58
16,24,25,47,48,57,70,71,81,93,94,95,103,104,105,106,111,112,117,118,125,126,127,128,137,140,141,142,148,149,160,163,164,165,168,171,172,188,189,192,193,194,211,215,216,217,235,239,240,261,262,263,275,282,285,298,304,343
350,350,53
8,24,25,47,70,71,80,93,94,95,103,104,113,116,117,125,126,127,140,141,142,148,149,164,165,166,167,171,172,188,189,190,192,193,194,195,211,212,215,216,234,235,236,239,240,258,261,262,275,279,282,326,328
454,454,51
8,24,25,31,47,48,70,71,93,94,103,104,116,117,118,140,141,142,143,145,149,163,164,165,166,167,168,171,187,188,189,190,211,212,215,216,234,235,236,240,258,259,261,262,275,279,281,282,304,321,326
29,29,47
9,24,25,31,47,48,70,71,93,94,95,104,116,117,118,140,141,142,143,144,145,148,164,165,166,167,168,188,189,190,191,211,212,215,234,235,236,240,258,259,261,279,281,282,284,304,326
455,455,45
24,47,48,70,71,80,93,94,116,117,118,140,141,142,143,144,145,164,165,166,167,168,170,188,189,190,211,212,234,235,236,258,259,261,279,280,281,282,283,303,304,305,326,344,345
335,335,42
7,19,20,21,23,46,58,80,81,82,94,96,102,103,104,105,118,125,126,127,141,147,148,164,165,166,167,170,171,188,189,193,205,212,228,229,235,253,276,281,321,344
29,29,46
7,31,47,48,56,57,58,70,71,78,79,80,81,93,94,95,102,103,104,117,125,126,141,142,143,147,148,165,166,167,170,171,188,189,193,194,211,212,235,258,280,281,282,300,303,326
210,210,45
47,48,56,57,58,70,71,79,80,81,94,95,101,102,103,104,116,117,118,124,125,126,140,141,142,143,147,148,165,166,167,170,171,188,193,194,211,212,235,236,258,281,282,326,328
367,367,43
33,47,56,57,58,70,71,78,79,80,81,93,94,95,101,102,103,104,124,125,126,140,141,142,143,147,148,165,166,167,170,171,188,193,211,212,234,235,258,281,282,305,326
501,501,46
24,47,56,57,58,70,71,78,79,80,81,93,94,101,102,103,117,118,123,124,125,126,140,141,142,143,147,148,165,166,167,169,170,171,188,190,194,211,212,235,236,258,259,281,282,305
4,4,46
24,33,34,47,55,56,57,58,70,71,78,79,80,81,94,101,102,103,118,123,124,125,126,140,141,142,143,146,147,148,165,166,169,170,171,188,190,193,211,212,235,236,258,259,281,282
143,143,46
33,47,55,56,57,58,70,71,78,79,80,81,93,94,95,101,102,103,117,118,123,124,125,126,141,142,143,146,147,148,165,166,167,169,170,171,188,190,212,213,235,236,258,259,281,282
66,66,47
33,47,48,55,56,57,58,70,71,78,79,80,81,93,94,95,101,102,103,117,118,123,124,125,126,140,141,142,146,147,148,165,166,167,169,170,171,188,193,212,213,235,236,258,259,281,282
101,101,47
47,48,55,56,57,58,70,71,78,79,80,81,93,94,95,101,102,103,117,118,119,124,125,126,140,141,142,145,146,147,148,165,166,167,168,169,170,171,188,189,190,211,213,235,236,281,282
124,124,39
47,54,55,56,70,71,77,78,79,80,81,94,100,101,102,103,104,118,123,124,125,126,142,143,145,146,147,148,166,167,169,170,171,190,193,213,235,258,259
482,482,42
1,9,24,31,32,33,34,48,55,56,57,70,71,72,78,79,80,81,94,95,100,101,102,103,104,118,119,123,124,125,126,141,146,147,148,149,165,168,170,171,213,235
20,20,45
10,24,32,33,34,47,49,55,56,57,58,70,71,72,77,78,79,80,81,93,94,95,100,101,102,103,104,118,119,123,124,125,126,142,145,146,147,148,149,168,169,170,171,190,213
318,318,48
9,24,25,31,32,33,34,35,47,48,49,54,55,56,57,58,70,71,72,77,78,79,80,94,95,100,101,102,103,104,119,122,123,124,125,126,142,145,146,147,148,165,168,170,171,190,213,235
150,150,53
4,9,10,11,24,25,31,32,33,34,47,48,49,54,55,56,57,58,70,71,72,73,77,78,79,80,81,94,95,100,101,102,103,118,119,122,123,124,125,126,139,142,145,146,147,148,165,168,169,170,171,190,235
356,356,61
1,4,8,9,11,24,26,28,30,31,32,33,34,35,47,48,49,50,51,53,54,55,56,57,58,70,71,72,73,77,78,79,80,81,93,94,95,99,100,101,102,103,117,119,123,124,125,126,141,142,145,146,147,148,165,168,169,170,171,213,235
340,340,70
1,3,4,5,6,7,8,9,10,11,22,23,24,26,27,28,30,31,32,33,34,35,47,48,49,50,51,53,54,55,56,57,70,71,72,73,74,75,77,78,79,80,81,93,94,95,96,99,100,101,102,103,104,117,123,124,125,126,140,141,142,146,147,148,164,165,170,188,190,211
214,214,85
1,3,4,5,6,9,10,11,12,14,15,20,23,24,25,26,27,28,30,31,32,33,34,35,36,43,45,46,47,48,49,50,51,53,55,56,57,63,68,69,70,71,72,73,74,75,77,78,79,80,88,92,93,94,95,96,98,100,101,102,103,113,114,117,118,119,123,124,125,138,139,140,141,142,145,146,147,148,163,164,165,168,169,170,186
510,510,99
1,2,3,4,5,6,7,8,9,10,11,12,13,14,15,16,17,18,19,20,21,22,23,24,25,26,27,28,29,30,31,32,33,34,35,36,37,38,40,42,43,44,45,46,47,48,49,50,51,52,53,54,55,56,57,58,59,60,65,66,67,68,69,70,71,72,73,74,78,79,80,81,82,83,84,85,88,90,91,92,93,94,95,96,100,101,102,103,108,113,114,115,117,119,123,124,141,146,147
510,510,106
1,2,3,4,5,6,7,8,9,10,11,12,13,14,15,16,17,18,19,20,21,22,23,24,25,26,27,29,30,31,32,33,34,35,36,37,38,39,40,41,42,43,44,45,46,47,48,49,52,55,56,57,58,59,60,61,62,63,64,65,67,68,69,70,71,72,73,75,76,78,79,80,81,83,84,85,86,87,91,92,93,94,95,96,97,98,100,107,108,115,116,117,118,119,120,121,138,139,140,142,143,144,145,163,167,334
228,228,121
1,2,3,4,5,6,7,8,9,10,11,12,13,14,15,16,17,18,19,20,21,22,23,24,25,26,27,28,29,30,31,32,33,34,35,36,37,38,39,40,41,42,43,44,45,46,47,48,49,50,51,52,53,54,55,56,57,58,59,60,61,62,63,64,65,66,67,68,69,70,71,72,73,74,75,76,77,78,79,80,81,82,83,84,85,88,89,90,93,94,95,96,97,98,99,100,101,102,103,104,116,117,118,119,120,121,122,123,124,125,126,139,140,141,142,143,146,147,164,167,337
250,250,134
1,2,3,4,5,6,7,8,9,10,11,12,13,14,15,16,17,18,19,20,21,22,23,24,25,26,27,28,29,30,31,32,33,34,35,36,37,38,39,40,41,42,43,44,45,46,47,48,49,50,51,52,53,54,55,56,57,58,59,60,61,62,63,64,65,66,67,68,69,70,71,72,73,74,75,76,77,78,79,80,81,82,83,84,85,86,87,88,89,90,91,92,93,94,95,96,97,98,99,100,101,102,103,104,105,106,107,108,109,116,117,118,119,120,121,122,123,124,125,126,127,139,140,141,142,143,144,145,146,147,163,164,166,167
515,515,147
1,24,25,26,47,48,49,50,51,52,53,56,57,61,70,71,72,73,74,75,76,77,79,80,81,83,84,85,86,87,88,91,93,94,95,96,97,98,99,100,102,103,104,105,106,107,108,109,110,113,116,117,118,119,120,121,122,123,124,125,126,127,128,129,130,131,132,133,139,140,141,142,143,144,145,146,147,149,150,151,152,153,154,155,156,162,163,164,165,166,167,168,169,170,171,173,174,175,176,177,178,185,186,187,188,189,190,191,192,193,194,195,196,198,199,208,209,210,211,212,213,214,215,216,217,231,232,233,234,235,236,237,254,255,256,257,258,259,260,261,277,278,279,280,281,282,344
243,243,130
124,145,146,147,163,164,165,166,167,168,169,186,187,188,189,190,191,192,193,195,201,202,208,209,210,211,212,213,214,215,216,217,218,219,223,224,225,226,227,228,231,232,233,234,235,236,237,238,239,240,241,242,244,245,246,247,248,249,250,252,254,255,256,257,258,259,260,261,262,263,264,265,266,268,269,270,271,272,273,275,277,278,279,280,281,282,283,284,285,286,287,288,291,292,293,294,295,296,298,300,301,302,303,304,305,306,307,308,309,310,311,314,315,316,317,318,323,324,325,326,327,328,329,330,331,332,333,338,341,342
258,258,96
167,168,186,188,190,191,213,214,233,236,237,238,240,252,253,254,255,256,259,260,261,263,264,266,267,270,271,272,275,276,277,278,279,280,281,282,283,284,285,286,287,288,289,290,293,294,295,296,297,298,299,300,301,302,303,304,305,306,307,308,309,310,311,313,314,315,316,317,318,319,320,321,322,323,324,325,326,327,328,329,330,331,332,333,334,335,336,337,338,339,340,341,342,343,344,345
511,511,76
71,72,123,124,147,168,190,191,213,214,236,237,238,260,264,266,267,273,274,275,276,278,279,282,283,284,285,286,287,288,289,290,293,294,296,297,298,299,300,301,302,303,305,306,307,308,309,310,311,312,313,314,317,318,319,320,321,322,323,324,326,330,331,332,334,335,336,337,338,339,340,341,342,343,344,345
113,113,57
24,25,47,48,56,70,71,72,79,94,99,100,101,102,119,120,121,123,124,145,146,147,167,168,169,170,190,191,192,213,214,232,235,236,237,238,256,259,260,267,275,279,282,283,297,298,299,301,302,303,319,320,321,322,343,344,345
378,378,43
1,24,25,47,48,56,70,71,72,79,94,95,99,102,118,119,120,121,123,124,145,146,147,167,168,169,170,190,191,192,213,214,236,237,260,282,283,298,320,321,322,344,345
27,27,23
48,71,72,101,119,121,123,124,145,146,147,165,167,168,169,189,190,191,213,214,236,282,283
165,165,28
47,70,72,119,121,142,143,144,145,146,165,166,167,168,169,189,190,191,213,214,236,237,258,259,281,282,283,305
193,193,26
47,71,72,119,121,142,143,144,145,146,147,165,166,167,168,169,189,190,191,213,258,279,281,282,283,305
573,573,24
47,49,70,72,98,119,121,142,143,144,145,147,166,167,168,169,189,190,191,237,281,282,283,305
506,506,26
47,49,70,71,119,121,122,141,142,143,144,145,146,166,167,168,169,189,190,191,213,236,281,282,283,305
375,375,28
47,48,49,70,72,98,119,121,122,123,141,143,144,145,146,166,167,168,169,189,190,191,213,236,281,282,283,305
7,7,30
47,48,49,70,71,72,73,98,119,121,123,141,142,143,144,145,146,166,167,168,169,189,190,191,213,236,281,282,283,305
336,336,30
47,48,49,70,71,72,98,119,120,121,123,141,143,144,145,146,165,166,167,168,169,189,190,191,213,236,259,281,282,305
18,18,31
47,48,49,70,71,72,98,119,120,121,122,123,141,142,143,144,145,146,165,166,167,168,169,189,190,191,236,259,281,282,305
32,32,20
76,98,120,121,122,123,141,143,144,145,146,166,167,168,189,190,259,281,282,305
537,537,31
2,25,49,75,76,95,96,98,99,119,120,121,122,141,142,143,144,145,146,147,166,167,168,169,190,191,258,259,281,282,305
537,537,33
2,24,49,72,75,95,96,97,98,99,118,119,120,121,122,123,141,142,143,144,145,146,147,166,167,168,169,190,191,258,281,282,305
24,24,35
2,25,27,48,49,75,76,95,96,97,98,99,119,120,121,122,123,141,142,143,144,145,146,147,166,167,168,169,190,191,236,259,281,282,305
462,462,36
2,25,49,51,53,75,76,96,97,98,99,118,119,120,121,122,123,141,142,143,144,145,146,147,166,167,168,169,190,191,236,258,259,281,282,305
66,66,40
2,23,25,45,46,49,68,69,74,75,76,96,97,98,99,119,120,121,122,123,141,142,143,144,145,146,147,166,167,168,169,189,190,191,236,258,259,281,282,305
470,470,51
2,18,19,20,21,22,23,42,43,44,45,46,65,66,67,68,69,89,90,91,92,112,113,114,115,121,135,136,137,138,144,145,159,160,161,167,168,182,183,184,206,207,229,230,253,276,282,299,321,322,345
514,514,73
16,17,18,19,20,21,22,23,37,39,40,41,42,43,44,45,46,62,63,64,65,66,67,68,69,86,87,88,89,90,91,92,109,110,111,112,113,114,115,133,134,135,136,137,138,156,157,158,159,160,161,180,181,182,183,184,204,205,206,207,228,229,230,251,252,253,274,275,276,298,299,322,345
242,242,108
9,10,11,12,13,14,15,16,17,18,19,20,33,34,35,36,37,38,39,40,41,42,43,57,58,59,60,61,62,63,64,65,66,79,80,81,82,83,84,85,86,87,88,89,103,105,106,107,108,109,110,111,112,113,127,129,130,131,132,133,134,135,136,152,153,154,155,156,157,158,159,176,177,178,179,180,181,182,199,200,201,202,203,205,223,224,225,226,227,246,247,248,250,270,271,272,273,293,294,295,296,317,318,319,320,341,342,343
236,236,133
1,2,3,4,5,6,7,8,9,10,11,12,13,14,25,26,27,28,29,30,31,32,33,34,35,37,48,49,50,51,52,53,54,55,56,57,58,60,72,73,74,75,76,77,78,79,80,81,96,97,98,99,100,101,102,103,104,105,119,120,121,122,123,124,125,126,127,128,142,143,144,145,146,147,148,149,150,151,166,167,168,169,170,171,172,173,174,175,191,192,193,194,195,196,197,198,199,214,215,216,217,218,219,220,221,222,239,241,242,243,244,245,249,264,265,266,267,268,269,288,289,290,291,292,296,312,313,314,318,336,337,338,342
556,556,132
1,2,3,4,5,6,7,24,25,26,27,28,29,30,47,48,49,50,51,52,53,70,71,72,73,74,75,76,93,94,95,96,97,98,99,116,117,118,119,120,121,122,123,124,125,139,140,141,142,143,144,145,146,147,162,163,164,165,166,167,168,169,170,171,185,186,187,188,189,190,191,192,193,194,208,209,210,211,212,213,214,215,216,217,218,232,233,234,235,236,237,238,239,240,241,242,255,256,257,258,259,260,261,262,263,264,280,281,282,283,284,285,286,287,288,303,304,305,306,307,309,310,311,312,313,329,330,331,332,333,334,335
429,429,117
1,2,3,4,23,24,25,26,27,28,47,48,49,50,51,70,71,72,73,74,75,93,94,95,96,97,98,116,117,118,119,120,121,122,139,140,141,142,143,144,145,162,163,164,165,166,167,168,169,185,186,187,188,189,190,191,192,208,209,210,211,212,213,214,215,231,232,233,234,235,236,237,238,254,255,256,257,258,259,260,261,262,263,277,278,279,280,281,282,283,284,285,286,287,300,301,302,303,304,305,306,307,308,309,310,323,324,325,326,327,328,329,330,331,332,333,334
42,42,109
1,2,3,24,25,26,27,47,48,49,50,51,70,71,72,73,74,75,93,94,95,96,97,98,116,117,118,119,120,121,122,139,140,141,142,143,144,145,146,162,163,164,165,166,167,168,169,185,186,187,188,189,190,191,192,207,208,209,210,211,212,213,214,231,232,233,234,235,236,237,238,254,255,256,257,258,259,260,261,277,278,279,280,281,282,283,284,285,300,301,302,303,304,305,306,307,308,309,323,324,325,326,327,328,329,330,331,332,333
254,254,104
1,2,3,24,25,26,27,47,48,49,50,70,71,72,73,74,75,93,94,95,96,97,98,99,116,117,118,119,120,121,122,139,140,141,142,143,144,162,163,164,165,166,167,168,185,186,187,188,189,190,191,208,209,210,211,212,213,214,231,232,233,234,235,236,237,239,254,255,256,257,258,259,260,261,277,278,279,280,281,282,283,284,285,300,301,302,303,304,305,306,307,308,309,323,324,325,326,327,328,329,330,331,332,333
89,89,98
1,3,4,5,6,24,25,26,27,28,29,47,48,49,50,51,52,70,71,72,73,74,75,76,93,94,95,96,97,98,99,116,117,118,119,120,121,122,139,140,141,142,143,144,145,146,162,163,164,165,166,185,186,187,188,189,190,208,209,210,211,212,213,231,232,233,234,235,236,237,254,255,256,257,258,259,277,278,279,280,281,282,285,300,301,302,303,304,305,306,323,324,325,326,327,328,329,330
412,412,88
1,2,3,4,5,24,25,26,27,28,47,49,51,70,71,72,73,74,93,94,95,96,97,98,99,116,117,118,119,120,121,122,123,139,140,141,142,143,144,145,146,162,163,164,165,166,167,185,186,187,188,189,208,209,210,212,213,214,231,232,233,234,236,237,254,255,256,257,277,278,279,280,281,282,300,301,302,303,304,305,306,323,324,325,326,327,328,330
28,28,81
3,4,27,28,48,50,51,52,70,71,73,74,77,93,94,95,96,97,98,99,100,116,117,118,119,120,121,122,123,124,139,141,142,143,144,145,146,162,163,164,165,166,167,170,185,186,187,188,190,191,208,209,210,231,232,233,234,235,254,255,256,257,259,260,277,278,279,280,281,300,301,302,303,304,305,323,324,325,326,327,328
571,571,71
3,4,5,25,26,27,28,48,49,50,71,72,73,75,76,78,93,94,95,96,97,98,99,100,101,116,117,118,119,120,121,122,123,139,141,142,143,144,145,146,162,164,165,166,167,186,187,188,189,209,211,232,233,254,255,256,257,258,277,278,300,302,304,305,323,324,325,326,327,328,329
477,477,72
47,70,71,75,96,98,99,101,119,120,121,122,124,139,141,142,143,144,162,164,165,166,167,168,187,188,189,190,191,192,206,207,209,213,214,215,229,230,231,235,251,252,253,254,255,258,260,274,275,276,277,281,282,283,286,298,300,301,303,304,305,306,309,321,323,324,325,326,327,328,329,343
26,26,67
5,6,7,59,75,78,79,95,96,97,98,99,100,118,119,120,121,122,123,124,139,141,142,143,144,145,146,164,166,167,168,169,190,191,192,213,214,231,234,235,236,237,254,255,257,258,259,260,277,278,279,281,282,283,300,301,302,303,304,305,306,323,324,325,326,327,328
64,64,61
30,72,73,75,95,97,98,99,118,119,120,121,122,123,124,141,143,144,145,146,147,163,164,165,166,167,168,169,188,190,191,192,211,213,214,231,232,234,235,236,237,254,255,257,258,259,260,261,277,278,279,281,282,283,300,302,303,305,323,326,327
284,284,60
72,73,77,95,98,99,102,118,119,120,121,122,123,124,141,142,143,144,145,146,147,164,165,167,168,169,188,190,191,211,212,213,214,231,234,235,236,237,254,255,256,258,259,260,261,277,278,279,280,281,282,283,300,301,302,304,305,323,324,330
157,157,56
72,77,95,100,102,118,119,121,122,123,125,142,144,145,146,164,167,168,169,188,189,190,191,211,212,213,214,215,231,232,234,235,236,237,254,255,256,257,258,259,260,261,277,278,279,280,281,282,300,301,302,303,304,305,323,330
157,157,49
95,118,121,122,123,124,125,139,141,144,145,146,147,164,166,167,168,169,188,189,190,191,208,212,213,214,215,231,232,233,234,235,236,237,254,255,256,258,260,277,278,279,280,281,282,300,301,330,331
150,150,47
77,95,99,100,123,125,141,142,144,145,146,163,166,167,168,185,188,189,190,192,212,213,214,231,232,233,234,235,236,237,254,255,256,257,258,259,260,277,278,279,280,300,301,302,303,305,331
541,541,45
72,95,118,119,122,125,141,145,146,166,167,168,169,185,188,189,190,191,208,212,213,214,231,232,233,234,235,236,238,254,255,256,257,258,260,277,278,279,280,300,301,302,303,308,331
358,358,38
118,122,125,142,145,162,165,166,167,168,169,185,188,189,190,208,209,213,231,232,233,235,254,255,256,258,259,277,278,279,300,301,302,303,308,326,331,332
491,491,39
21,22,23,94,116,117,118,140,141,169,170,185,188,191,192,213,215,231,232,233,235,236,237,254,255,256,261,277,278,279,284,301,307,308,309,329,330,331,332
146,146,51
11,48,70,71,93,94,103,104,116,118,140,141,163,166,169,188,190,192,193,194,210,212,215,232,233,234,236,237,255,256,257,264,277,278,279,280,285,286,300,301,302,306,307,308,309,323,324,325,330,331,332
481,481,48
21,44,45,48,71,116,117,118,140,141,163,170,192,210,212,213,215,233,234,235,237,238,255,256,257,264,277,278,279,280,285,286,300,301,302,303,307,308,309,310,323,324,325,326,330,331,332,333
479,479,48
23,44,47,48,70,71,72,116,117,118,140,141,163,189,210,212,214,215,216,233,234,237,240,255,256,257,258,263,264,278,279,280,285,286,300,301,302,303,307,308,309,323,324,325,326,331,332,333
90,90,48
21,23,44,46,47,48,68,71,72,116,117,140,141,149,163,187,193,194,210,211,215,216,233,234,235,240,255,256,257,262,278,279,280,284,285,286,300,301,302,303,309,310,323,325,326,331,332,333
277,277,50
23,45,46,47,48,67,70,71,94,117,140,141,163,164,166,187,210,211,212,233,234,235,240,255,256,257,258,262,263,278,279,280,281,284,285,286,300,301,302,308,309,310,324,325,326,327,331,332,333,334
520,520,48
22,23,46,47,70,71,93,94,117,139,140,141,163,164,165,167,187,189,190,210,211,212,213,233,234,235,236,255,256,257,258,261,262,263,278,279,280,281,285,286,300,301,302,309,325,326,332,334
548,548,48
45,46,47,70,71,93,94,117,118,140,141,163,164,167,187,188,189,190,210,211,212,213,233,234,235,236,240,255,256,257,258,262,263,278,279,280,281,285,286,302,303,304,323,325,326,327,332,333
324,324,46
35,47,71,117,118,139,140,141,142,164,165,166,167,168,187,188,189,190,210,211,212,213,233,234,235,236,255,256,257,258,259,278,279,280,281,282,300,303,304,305,310,323,325,326,327,332
413,413,53
117,141,160,169,170,192,193,194,195,205,210,211,212,215,216,217,218,233,234,235,238,239,240,241,255,256,257,258,261,262,263,264,278,279,280,281,284,285,286,287,288,301,302,306,307,308,309,310,324,327,328,344,345
29,29,60
8,32,47,55,57,70,71,72,93,94,95,116,117,118,128,140,141,142,144,164,165,171,172,188,189,190,211,212,216,217,218,234,235,236,240,241,258,259,260,263,264,278,279,281,282,283,286,287,300,301,302,305,306,307,310,311,323,324,326,332
293,293,57
8,32,57,71,80,93,94,95,117,118,140,141,142,145,164,165,166,167,168,170,171,188,189,190,211,212,216,217,218,234,235,236,240,241,257,258,259,260,263,264,278,279,281,282,283,284,286,287,300,301,302,304,305,306,307,323,326
70,70,57
32,47,55,56,57,70,71,72,93,94,95,116,117,118,119,140,141,142,144,145,146,147,165,166,167,168,169,170,188,189,190,212,213,234,235,236,237,240,256,257,258,259,260,261,263,278,279,280,281,282,283,284,302,304,305,306,328
91,91,59
56,70,71,78,79,93,94,95,96,117,118,119,122,140,141,142,143,144,145,146,147,164,165,166,167,168,169,170,188,189,190,191,192,212,213,233,234,235,236,237,256,257,258,259,260,261,278,279,280,281,282,283,284,302,303,304,305,306,329
76,76,57
8,56,71,94,95,96,117,118,119,123,141,142,143,144,145,146,147,164,165,166,167,168,169,170,188,189,190,191,211,212,213,214,233,235,236,237,238,256,257,258,259,260,261,278,279,280,281,282,283,284,302,303,304,305,306,323,326
29,29,60
8,71,72,79,93,94,95,96,117,118,119,120,123,124,140,141,142,143,144,145,146,147,165,166,167,168,169,170,189,190,191,212,213,214,215,233,234,235,236,237,255,256,257,258,259,260,261,277,278,279,280,281,282,283,284,302,304,305,306,326
465,465,61
48,71,72,94,95,96,117,118,119,120,123,141,142,143,144,145,146,147,165,166,167,168,169,170,188,189,190,191,192,211,212,213,214,215,233,235,236,237,238,255,256,257,258,259,260,261,262,278,279,280,281,282,283,284,301,302,303,304,305,306,329
348,348,63
48,56,71,94,95,96,118,119,120,140,142,143,144,145,146,147,165,166,167,168,169,170,188,189,190,191,192,210,212,213,214,215,233,234,235,236,237,238,239,255,256,257,258,259,260,261,262,277,278,279,280,281,282,283,284,302,303,304,305,306,307,326,328
483,483,64
71,94,95,101,118,119,124,125,136,141,142,143,144,147,148,149,165,166,169,170,171,172,173,190,191,193,194,195,196,214,215,216,217,218,219,220,237,238,239,240,241,253,260,261,262,263,264,283,284,285,286,305,306,307,308,309,327,328,329,330,331,332,344,345
340,340,69
25,48,54,71,72,101,117,123,126,141,142,143,144,145,146,147,148,149,164,165,166,167,168,169,170,171,172,173,191,192,193,194,195,196,211,213,214,215,216,217,218,220,234,236,237,238,239,257,258,259,260,261,262,277,281,282,283,284,285,303,304,305,306,307,308,328,329,330,331
159,159,71
56,72,78,79,94,101,117,122,126,141,142,143,144,145,146,147,148,149,150,165,167,168,169,170,171,172,189,191,192,193,194,195,196,211,213,214,215,216,217,218,233,234,236,237,238,239,255,256,257,258,259,260,261,262,263,279,281,282,283,284,285,286,305,306,307,308,328,329,330,331,345
265,265,72
32,56,78,94,101,117,118,122,123,124,141,142,143,144,145,146,147,148,165,166,167,168,169,170,171,172,173,189,190,191,192,193,194,195,211,213,214,215,216,217,218,234,235,236,237,238,239,240,255,256,258,259,260,261,262,263,280,281,282,283,284,285,304,305,306,307,308,327,328,329,330,331
159,159,75
9,31,54,55,56,78,79,94,101,117,118,121,122,123,124,141,142,143,144,145,146,147,148,164,165,166,167,168,169,170,171,172,190,191,192,193,194,195,196,211,213,214,215,216,217,233,234,235,236,237,238,239,256,257,258,259,260,261,262,263,281,282,283,284,285,286,304,305,306,307,308,328,329,330,331
264,264,83
8,31,32,33,34,55,56,57,78,79,94,99,101,117,118,120,123,124,141,142,143,144,145,146,147,148,165,166,167,168,169,170,171,172,189,190,191,192,193,194,210,211,213,214,215,216,217,233,234,235,236,237,238,239,255,256,257,258,259,260,261,262,263,279,281,282,283,284,285,286,301,303,304,305,306,307,308,324,327,328,329,330,331
339,339,93
8,9,10,12,30,31,32,33,34,47,54,55,56,57,70,71,72,74,77,78,79,94,99,100,101,104,117,118,121,122,123,124,141,142,145,146,147,148,163,164,165,166,167,168,169,170,171,172,185,186,187,188,189,190,191,192,193,194,195,196,210,211,213,214,215,216,217,233,234,237,238,239,255,257,258,259,260,261,262,279,281,282,283,284,285,301,305,306,307,308,328,329,330
241,241,101
7,8,9,10,11,12,14,23,30,31,32,33,35,47,53,54,55,57,59,70,71,74,76,77,78,80,90,93,94,98,99,100,101,102,117,118,121,122,123,124,139,141,142,144,145,146,147,148,162,163,164,165,166,167,168,169,170,171,185,186,187,188,189,191,192,193,194,210,211,214,215,216,217,234,235,237,238,239,255,257,258,259,260,261,262,263,277,279,282,283,284,285,286,305,306,307,308,328,329,330,331
266,266,107
1,2,3,4,5,6,7,8,9,10,11,12,13,14,15,16,17,19,20,21,22,23,24,25,26,27,28,29,30,31,32,33,34,35,36,37,38,39,41,43,44,45,46,47,48,49,51,52,53,54,55,56,57,58,59,60,61,62,66,67,68,69,70,71,72,75,76,77,78,80,81,82,88,89,93,94,98,99,100,101,117,122,123,124,141,144,145,146,147,148,163,165,168,169,170,193,194,215,216,282,283,284,285,305,306,307,328
125,125,112
1,2,3,4,5,6,7,8,9,10,11,12,13,14,15,16,17,18,19,20,21,22,23,24,25,26,27,28,29,30,31,32,33,34,35,36,37,38,39,40,41,42,43,44,45,46,47,48,49,50,51,52,53,54,55,56,57,58,59,60,61,62,67,68,70,73,74,75,76,77,78,79,80,81,82,83,84,85,97,98,99,100,101,102,103,105,106,107,108,120,121,122,123,124,125,126,127,128,129,130,144,145,146,147,168,169,170,192,193,215,283,338
118,118,125
1,2,3,4,5,6,7,8,9,10,11,12,13,14,15,16,17,18,19,20,21,22,23,24,25,26,27,28,29,30,31,32,33,34,35,36,37,38,39,40,41,42,43,44,45,46,47,48,49,50,51,52,53,54,55,56,57,58,59,60,61,62,63,64,65,66,67,68,69,70,71,72,73,74,75,76,77,78,79,80,82,83,84,85,93,94,95,96,97,98,99,100,101,102,106,107,108,109,116,117,118,119,120,121,122,123,124,125,130,139,140,142,143,144,145,146,147,163,166,168,169,170,189,192,239
243,243,137
1,2,3,4,5,6,7,8,9,10,11,12,13,14,15,16,17,18,19,20,21,22,23,24,25,26,27,28,29,30,31,32,33,34,35,36,37,38,39,40,41,42,43,44,45,46,47,48,49,50,51,52,53,54,55,56,57,58,59,60,61,62,63,64,65,66,67,68,69,70,71,72,73,74,75,76,77,78,79,82,83,84,85,87,88,89,90,93,94,95,96,97,98,99,100,101,102,103,106,107,108,110,111,112,113,116,117,118,119,120,121,122,123,124,125,130,139,140,141,142,143,144,145,146,147,162,163,164,165,166,167,168,169,170,185,186,189
531,531,147
2,3,5,7,8,9,10,13,14,25,26,27,28,29,30,31,32,33,34,35,36,37,38,39,40,47,48,49,50,51,52,53,54,55,56,57,58,59,60,61,62,70,71,72,73,74,75,76,77,78,79,80,81,82,83,84,85,86,90,91,93,94,95,96,97,98,99,100,101,102,103,104,105,106,107,108,113,114,116,117,118,119,120,121,122,123,124,125,126,129,130,135,136,139,140,141,142,143,144,145,146,147,148,153,154,158,162,163,164,165,166,167,168,169,170,171,175,185,186,187,188,189,190,191,192,193,208,209,210,211,212,213,214,215,232,233,234,235,236,237,238,254,258,259,260,282,344
548,548,139
77,78,99,100,101,102,103,122,123,124,125,126,135,143,146,147,162,164,166,167,169,174,175,176,177,185,186,188,189,190,191,192,193,194,196,197,198,199,200,201,208,209,210,211,212,213,214,215,216,219,220,221,222,223,231,232,233,234,235,236,237,238,239,241,242,243,244,245,246,247,249,254,255,256,257,258,259,260,261,262,263,264,265,266,267,268,269,270,271,272,277,278,279,280,281,282,283,284,285,286,287,288,289,290,291,292,293,294,300,301,302,303,304,305,306,307,308,309,310,312,313,314,315,316,323,324,325,326,327,328,329,330,331,332,333,335,336,337,338
260,260,107
49,169,170,189,190,191,192,212,213,214,215,220,233,236,237,238,239,240,241,242,243,244,255,256,257,258,259,260,261,262,263,264,265,266,267,268,270,271,272,276,277,278,279,280,281,282,283,284,285,286,288,289,290,291,292,293,294,295,296,297,298,299,300,301,302,303,304,305,306,307,308,309,310,311,312,313,314,315,316,317,318,319,320,321,322,323,324,325,326,327,329,330,331,332,333,334,335,336,337,338,339,340,341,342,343,344,345
361,361,91
33,55,56,57,58,77,78,79,80,100,101,102,103,107,123,124,125,146,147,167,168,169,189,191,192,213,214,215,236,237,243,244,258,259,260,261,265,266,267,268,276,281,282,283,284,287,288,289,290,291,294,298,299,303,304,305,306,307,308,309,310,311,312,313,314,317,318,319,320,321,322,325,326,327,328,329,330,331,332,333,334,335,336,338,339,340,341,342,343,344,345
493,493,78
9,10,11,32,33,34,54,55,56,57,58,77,78,79,80,81,83,84,100,101,102,103,107,119,122,123,124,125,126,127,143,145,146,147,148,166,167,168,169,170,175,189,190,191,192,193,212,213,214,215,233,236,237,238,256,257,258,259,260,261,266,280,281,282,283,303,304,305,306,308,321,322,326,327,331,343,344,345
106,106,71
5,9,10,11,15,28,32,33,34,35,51,54,55,56,57,58,77,78,79,80,81,83,100,101,102,103,106,107,119,122,123,124,125,126,127,142,143,144,145,146,147,148,165,166,167,168,169,170,186,189,190,191,192,212,213,214,236,237,258,259,260,261,266,281,282,283,304,305,306,327,331
393,393,59
9,10,11,31,32,33,34,35,54,55,56,57,58,77,78,79,80,82,84,85,100,101,102,103,106,107,122,123,124,125,143,144,145,146,147,166,167,168,169,170,189,190,191,213,214,215,236,237,259,260,266,281,282,283,304,305,306,326,327
368,368,64
9,10,11,12,15,28,32,33,34,35,36,56,57,58,59,77,78,79,80,81,82,84,99,101,102,104,106,122,123,124,145,146,147,148,168,169,170,172,186,190,191,192,193,212,213,214,215,233,235,236,237,256,257,258,259,260,279,280,281,282,283,304,305,326
103,103,62
9,10,11,12,13,15,28,32,33,34,35,36,56,57,58,59,76,78,79,80,81,82,99,101,104,105,122,123,124,125,139,145,146,147,148,168,169,170,190,191,192,213,214,215,233,236,237,256,257,258,259,260,280,281,282,283,303,304,305,306,326,327
13,13,62
9,10,11,12,13,15,28,32,33,34,35,36,37,55,56,57,58,59,60,79,80,81,82,83,84,85,101,102,104,122,123,124,125,139,145,146,147,148,168,169,170,190,191,192,193,213,214,215,237,245,256,257,258,259,260,280,281,282,283,304,305,327
74,74,63
9,10,11,12,13,15,28,32,33,34,35,36,37,55,56,57,58,59,78,79,80,81,82,84,101,102,104,105,122,123,124,125,139,145,146,147,148,168,169,170,190,191,192,193,213,214,233,237,256,257,258,259,260,280,281,282,283,303,304,305,326,327,332
194,194,64
9,10,11,12,13,14,15,28,32,33,34,35,36,37,55,56,57,58,59,60,77,78,79,80,81,82,83,84,101,102,122,123,124,125,139,145,146,147,148,163,167,168,169,170,190,191,192,193,214,215,233,237,256,257,258,259,260,266,281,282,283,304,305,306
263,263,65
5,9,10,11,12,13,14,28,32,33,34,35,36,37,55,56,57,58,59,60,78,79,80,81,82,99,101,102,122,123,124,125,139,140,145,146,147,148,163,167,168,169,170,190,191,192,193,214,215,233,237,257,258,259,260,281,282,283,303,304,305,306,325,326,327
176,176,67
9,10,11,12,13,14,28,32,33,34,35,36,37,55,56,57,58,59,62,77,79,80,81,82,84,93,102,106,116,122,123,124,125,139,145,146,147,148,168,169,170,186,190,191,192,193,210,213,214,215,233,237,256,257,258,259,260,266,281,282,283,303,304,305,306,325,327
268,268,67
9,10,11,12,13,14,31,32,33,34,35,36,37,55,56,57,58,59,60,62,78,79,80,81,82,84,97,99,100,102,105,106,116,122,123,124,125,127,139,145,146,147,148,167,168,169,170,190,191,192,213,214,237,238,256,257,258,259,260,281,282,283,303,304,305,306,326
108,108,61
9,10,11,12,13,14,32,33,34,35,36,37,54,55,56,57,58,59,61,62,78,79,80,81,82,84,93,100,102,103,116,122,123,124,125,139,145,146,147,148,167,168,169,170,191,192,213,214,215,235,237,258,259,260,281,282,283,303,304,305,306
368,368,70
11,12,13,14,15,32,33,34,35,36,37,57,58,59,60,61,62,70,71,79,80,93,94,102,116,117,119,123,124,125,139,145,146,147,162,166,168,169,170,185,186,189,190,191,209,210,211,212,213,214,232,233,234,235,236,256,257,258,259,278,281,282,300,301,303,304,305,323,324,325
346,346,69
9,11,12,13,14,15,34,35,36,37,38,56,57,58,59,60,61,62,70,79,80,93,94,102,103,116,117,119,122,123,124,125,139,140,145,146,147,162,163,168,169,170,185,186,190,191,209,210,212,213,214,232,233,234,235,236,256,257,258,260,278,280,281,282,300,301,305,323,324
137,137,71
8,11,12,13,14,15,33,34,35,36,37,38,56,57,58,59,60,61,62,70,79,80,93,94,102,116,117,123,124,125,139,145,146,147,162,164,168,169,170,185,186,188,190,191,209,210,211,212,213,214,232,233,234,235,236,256,257,258,259,260,277,278,280,281,282,283,300,301,304,305,323
31,31,71
11,12,13,14,15,33,34,35,36,37,38,56,57,58,59,60,61,62,70,71,76,79,93,94,102,116,117,119,122,123,124,139,140,143,145,146,147,162,163,168,169,170,185,186,187,190,191,209,210,211,212,213,232,233,234,235,236,255,256,257,259,266,277,278,280,281,282,300,304,305,323
346,346,75
6,8,10,11,12,13,14,15,30,33,34,35,36,37,38,56,57,58,59,60,61,62,70,76,79,82,83,93,94,102,116,117,118,122,123,124,140,145,146,147,162,163,164,168,169,170,185,186,188,190,191,209,210,211,212,213,214,232,233,234,235,236,256,257,258,259,260,277,278,281,282,300,304,305,323
83,83,81
11,12,13,14,15,16,17,18,19,20,21,22,23,33,34,35,36,37,38,39,40,41,43,44,45,46,56,57,58,59,60,62,66,67,68,69,89,90,91,92,111,112,113,114,115,123,124,135,136,137,138,145,146,147,159,160,161,168,169,182,183,184,186,206,207,212,229,230,233,234,235,252,253,257,276,281,282,299,300,322,345
112,112,85
13,14,15,16,17,18,19,20,21,22,23,37,38,39,40,41,42,43,44,45,46,60,61,62,63,64,65,66,67,68,69,86,87,88,89,90,91,92,109,110,111,112,113,114,115,131,132,133,134,135,136,137,138,156,157,158,159,160,161,179,180,181,182,183,184,203,204,205,206,207,226,227,228,229,230,250,251,252,253,274,275,276,299,322,345
78,78,112
9,10,11,12,13,14,15,16,17,18,32,33,34,35,36,37,38,39,40,41,56,57,58,59,60,61,62,63,64,66,67,79,81,82,83,84,85,86,87,88,89,90,103,104,105,106,107,108,109,110,111,112,113,114,128,129,130,131,132,133,134,135,136,151,152,153,154,155,156,157,158,159,175,176,177,178,179,180,181,182,197,198,199,200,201,202,203,204,221,222,223,224,225,226,227,245,246,247,248,249,250,269,270,271,272,289,292,293,294,295,317,345
554,554,137
2,3,4,5,6,7,8,9,10,11,12,13,14,25,26,27,28,29,30,31,32,33,34,35,36,37,50,51,52,53,54,55,56,58,59,60,73,74,75,76,77,78,79,81,82,83,84,96,97,98,99,100,101,102,103,104,105,106,120,122,123,124,125,126,127,130,133,139,143,144,145,146,147,148,149,153,154,155,167,168,169,170,171,172,173,175,176,177,190,191,192,193,194,195,196,197,199,200,202,214,215,219,220,221,222,223,224,238,241,242,243,244,245,246,247,264,265,266,267,268,269,287,288,289,290,291,292,311,312,313,314,315,334,335,336,337,343
554,554,132
1,2,3,4,5,6,7,24,25,26,27,28,29,30,47,48,49,50,51,52,53,70,71,72,73,74,75,76,77,93,94,95,96,97,98,99,100,116,117,118,119,120,121,122,123,139,140,141,142,143,144,145,146,162,163,164,165,166,167,168,169,170,185,186,187,188,189,190,191,192,193,208,209,210,211,212,213,214,215,216,226,231,232,233,234,235,236,237,239,254,255,256,257,258,259,260,261,277,278,279,280,281,282,283,284,285,286,288,289,300,301,302,303,304,305,306,307,308,310,311,312,313,324,326,327,328,330,332,333,334,335,336
22,22,120
1,2,3,4,24,25,26,27,28,47,48,49,50,51,52,70,71,72,73,74,75,93,94,95,96,97,98,99,116,117,118,119,120,121,122,139,140,141,142,143,144,145,146,162,163,164,165,166,167,168,185,186,187,188,189,190,191,192,193,208,209,210,211,212,213,214,215,231,232,233,234,235,236,237,238,239,254,255,256,257,258,259,260,261,262,277,278,279,280,281,282,283,284,285,300,301,302,303,304,305,306,307,308,309,311,312,323,324,325,326,327,328,329,330,331,332,333,334,335,336
552,552,113
1,2,3,4,24,25,26,27,47,48,49,50,51,52,70,71,72,73,74,75,93,94,95,96,97,98,116,117,118,119,120,121,122,139,140,141,142,143,144,145,162,163,164,165,166,167,168,169,185,186,187,188,189,190,191,192,208,209,210,211,212,213,214,215,216,231,232,233,234,235,236,237,238,239,254,255,256,257,258,259,260,261,262,277,278,279,280,281,282,283,284,285,300,301,302,303,304,305,306,307,308,323,324,325,326,327,328,329,330,331,332,333,334
345,345,111
1,2,3,4,24,25,26,27,47,48,49,50,69,70,71,72,73,74,75,93,94,95,96,97,98,116,117,118,119,120,121,139,140,141,142,143,144,145,162,163,164,165,166,167,168,185,186,187,188,189,190,191,193,208,209,210,211,212,213,214,215,216,231,232,233,234,235,236,237,238,239,254,255,256,257,258,259,260,261,262,263,277,278,279,280,281,282,283,284,300,301,302,303,304,305,306,308,309,310,323,324,325,326,327,328,329,330,331,332,333,334
536,536,106
1,2,3,4,5,6,7,8,24,25,26,27,28,30,31,47,48,49,50,51,52,70,71,72,73,74,75,93,94,95,96,97,98,116,117,118,119,120,121,122,139,140,141,142,143,144,145,162,163,164,165,166,167,168,178,185,186,187,188,189,190,191,208,209,210,211,212,213,214,231,232,233,234,235,237,254,255,256,257,258,269,277,278,279,280,281,282,283,284,285,300,301,302,303,304,305,306,307,323,324,325,326,327,328,329,331
541,541,100
1,2,3,4,5,6,24,25,26,27,28,29,30,47,48,49,50,51,52,53,70,71,72,73,74,75,76,93,94,95,96,97,98,99,116,117,118,119,120,121,122,139,140,141,142,143,144,145,162,163,164,165,166,167,185,186,187,188,189,190,208,209,210,211,212,214,215,231,232,233,234,235,238,254,255,256,257,259,261,262,269,277,278,279,280,281,284,300,301,302,303,304,305,306,315,323,324,326,327,328
35,35,95
1,2,3,4,5,12,13,14,24,25,26,27,28,29,30,31,37,47,48,49,50,51,52,53,54,70,71,72,73,74,75,76,81,82,93,94,95,96,97,98,99,103,104,105,116,117,118,119,120,121,122,139,140,141,142,143,144,162,163,164,165,166,177,185,186,187,188,189,190,200,201,208,209,210,211,212,222,231,232,233,234,235,254,255,256,257,277,278,279,300,301,302,323,324,325
119,119,93
1,2,3,4,5,6,7,8,9,13,14,15,24,25,26,27,28,29,30,47,48,49,50,51,52,53,54,70,71,72,73,74,75,76,77,82,93,94,95,96,97,98,99,100,107,116,117,118,119,120,121,122,139,140,141,142,143,144,162,163,164,165,166,178,185,186,187,188,189,200,201,208,209,210,211,212,223,231,232,233,234,235,246,254,255,256,257,277,278,300,301,323,324
275,275,93
1,2,3,4,5,10,11,12,13,14,15,16,17,18,24,25,26,27,28,34,35,36,37,47,48,49,50,51,70,71,72,73,74,75,93,94,95,96,97,98,116,117,118,119,120,121,132,139,140,141,142,143,144,162,163,164,165,166,167,176,185,186,187,188,189,208,209,210,211,231,232,233,234,254,255,256,277,278,280,300,301,302,311,323,324,325,326,327,330,333,334,336,339
393,393,88
1,2,3,4,5,6,7,8,24,25,26,27,28,29,30,31,47,48,49,50,51,52,53,54,55,70,71,72,73,74,75,76,77,78,93,94,95,96,97,98,99,100,101,116,117,118,119,120,121,122,123,139,140,141,142,143,144,145,162,163,164,165,166,167,168,185,186,187,188,189,190,208,209,210,211,212,231,232,233,234,254,255,256,277,278,300,301,323
282,282,85
1,2,3,4,5,6,7,8,24,25,26,27,28,29,30,31,32,47,48,49,50,51,52,53,54,55,70,71,72,73,74,75,76,77,93,94,95,96,97,98,99,109,116,117,118,119,120,121,139,140,141,142,143,144,162,163,164,165,166,167,168,185,186,187,188,189,191,208,209,210,211,212,231,232,233,234,254,255,256,277,278,300,301,323,333
571,571,85
1,2,3,4,5,6,7,8,9,24,25,26,27,28,29,30,31,32,47,48,49,50,51,52,53,54,55,70,71,72,73,74,75,76,77,78,93,94,95,96,97,98,99,116,117,118,119,120,121,122,139,140,141,142,143,144,162,163,164,165,166,167,185,186,187,188,189,190,208,209,210,211,212,231,232,233,234,254,255,256,275,277,278,300,323
571,571,84
1,2,3,4,5,6,7,8,9,24,25,26,27,28,29,30,31,32,47,48,49,50,51,52,53,54,55,70,71,72,73,74,75,76,77,93,94,95,96,97,98,116,117,118,119,120,121,139,140,141,142,143,144,145,162,163,164,165,166,167,168,185,186,187,188,189,208,209,210,211,231,232,233,234,254,255,256,277,278,300,301,323,324,331
363,363,83
1,2,3,4,5,6,7,8,9,24,25,26,27,28,29,30,31,32,47,48,49,50,51,52,53,54,70,71,72,73,74,75,76,77,93,94,95,96,97,98,99,101,116,117,118,119,120,121,122,139,140,141,142,143,144,145,162,163,164,165,166,167,185,186,187,188,189,208,209,210,211,231,232,233,234,254,255,256,277,278,300,301,323
529,529,82
1,2,3,4,5,6,7,8,24,25,26,27,28,29,30,31,32,47,48,49,50,51,52,53,54,55,59,70,71,72,73,74,75,76,78,93,94,95,96,97,98,116,117,118,119,120,121,139,140,141,142,143,144,145,146,162,163,164,165,166,167,185,186,187,188,189,208,209,210,211,231,232,233,254,255,256,277,278,279,300,301,323
528,528,80
1,2,3,4,5,6,7,8,24,25,26,27,28,29,30,31,47,48,49,50,51,52,53,54,55,58,70,71,72,73,74,75,76,93,94,95,96,97,98,99,116,117,118,119,120,121,122,139,140,141,142,143,144,145,162,163,164,165,166,185,186,187,188,189,208,209,210,211,231,232,233,234,254,255,256,277,278,300,301,323
347,347,77
1,2,3,4,5,6,7,8,24,25,26,27,28,29,30,31,47,48,49,50,51,52,53,54,70,71,72,73,74,75,76,77,93,94,95,96,97,98,99,116,117,118,119,120,121,139,140,141,142,143,144,162,163,164,165,166,185,186,187,188,189,208,209,210,211,231,232,233,254,255,256,277,278,279,300,301,323
500,500,81
1,2,3,4,5,6,8,24,25,26,27,28,29,30,31,46,47,48,49,50,51,52,53,70,71,72,73,75,76,93,94,95,96,97,98,116,117,118,119,120,121,139,140,141,142,143,162,164,166,185,186,208,209,221,222,232,243,244,245,249,255,265,266,267,268,272,277,278,288,289,290,294,295,300,301,312,315,317,323,337,338
501,501,72
1,2,3,4,5,6,7,8,9,24,25,26,27,28,29,30,31,32,47,48,49,50,51,52,53,54,55,56,70,71,72,73,74,75,76,77,78,93,94,95,96,97,98,99,100,116,117,118,119,120,121,122,139,140,141,142,162,163,164,165,185,186,187,208,209,231,232,255,278,300,301,323
383,383,69
1,2,3,4,5,6,7,8,9,24,25,26,27,28,29,30,31,32,47,48,49,50,51,52,53,54,70,71,72,73,74,75,76,77,93,94,95,96,97,98,99,116,117,118,119,120,139,140,141,142,162,163,164,165,185,186,208,209,210,231,232,254,255,256,278,279,300,301,323
346,346,65
1,2,3,4,5,6,7,8,9,24,25,26,27,28,29,30,31,32,47,48,49,50,51,52,53,54,55,70,71,72,73,74,75,76,77,93,94,95,96,97,98,116,117,118,119,120,139,140,141,142,162,163,164,185,186,208,209,210,231,232,255,278,300,301,323
399,399,62
1,2,3,4,5,6,7,8,9,24,25,26,27,28,29,30,31,32,47,48,49,50,51,52,53,54,55,70,71,72,73,75,76,93,94,95,96,97,98,117,118,119,120,125,139,140,141,142,162,163,164,185,186,209,210,231,232,255,278,300,301,323
354,354,55
1,2,3,4,5,6,7,8,9,24,25,26,27,28,29,30,31,32,47,48,49,50,51,53,54,55,70,71,72,73,94,95,96,97,117,118,119,139,140,141,142,162,163,164,186,208,209,210,231,232,255,278,300,301,323
399,399,55
1,2,3,4,5,6,7,8,9,24,25,26,27,28,29,30,31,32,47,48,49,50,52,53,54,70,71,72,73,93,94,95,96,97,116,117,118,119,120,139,140,141,142,162,163,164,186,209,232,255,277,278,300,301,323
225,225,54
1,2,3,4,5,6,7,8,9,24,25,26,27,28,29,30,31,32,47,48,49,50,51,52,54,70,71,72,73,93,94,95,96,97,116,117,118,119,120,139,140,141,142,162,163,164,186,209,232,254,279,300,301,323
308,308,55
1,2,3,4,5,6,7,8,9,24,25,26,27,28,29,31,32,47,48,49,50,51,53,70,71,72,73,93,94,95,96,97,117,118,119,120,139,140,141,142,162,163,164,166,186,209,231,232,233,255,277,278,300,301,323
235,235,85
1,2,3,5,6,7,8,9,20,21,24,25,26,27,29,30,31,47,48,49,50,51,71,72,73,80,94,95,96,97,117,118,119,120,132,133,141,142,154,155,159,162,166,171,172,173,174,175,176,177,181,186,195,196,200,204,208,209,216,226,231,232,265,266,267,268,287,288,289,290,291,299,300,301,310,311,312,313,316,321,322,333,334,335,336
330,330,66
1,2,3,4,5,6,7,8,9,10,24,25,26,27,28,29,30,31,47,48,49,50,51,52,53,71,72,73,74,75,93,94,95,96,97,98,116,117,118,119,139,140,141,142,162,163,164,165,185,186,187,208,209,210,211,231,232,233,254,255,256,277,278,300,301,323
293,293,66
1,2,3,4,5,6,7,8,9,24,25,26,27,28,29,30,31,47,48,49,50,51,52,53,71,72,73,74,75,93,94,95,96,97,98,116,117,118,119,120,139,140,141,142,143,162,163,164,165,185,186,187,188,209,210,211,231,232,233,254,255,256,277,278,300,323
34,34,68
1,2,3,4,5,6,7,8,24,25,26,27,28,29,30,31,48,49,50,51,53,57,58,71,72,73,74,75,93,94,95,96,97,98,99,116,117,118,119,120,139,140,141,142,143,162,163,164,165,166,185,186,187,208,209,210,211,231,232,233,254,255,256,277,278,300,301,323
494,494,70
2,3,4,5,6,7,8,9,24,25,26,27,28,29,30,31,47,48,49,50,51,52,53,58,71,72,73,74,75,81,93,94,95,96,97,98,116,117,118,119,120,123,139,140,141,142,144,162,163,164,165,166,185,186,187,188,208,209,210,231,232,233,254,255,256,277,278,300,323,324
494,494,72
1,2,3,4,5,6,7,8,24,25,26,27,28,29,30,31,32,48,49,50,51,53,55,57,58,70,71,72,73,74,75,93,94,95,96,97,98,116,117,118,119,120,121,139,140,141,142,143,162,163,164,165,166,169,185,186,187,188,208,209,210,211,231,232,233,254,255,256,277,278,300,323
291,291,73
1,2,3,4,5,6,7,8,25,26,27,28,29,30,31,48,49,50,51,52,53,54,58,71,72,73,74,75,93,94,95,96,97,98,116,117,118,119,120,121,139,140,141,142,143,146,162,163,164,165,166,169,185,186,187,188,208,209,210,211,214,231,232,233,254,255,256,257,277,278,300,301,323
289,289,75
1,2,3,4,5,6,7,8,9,24,25,26,27,28,30,31,35,47,48,49,50,51,52,53,70,71,72,73,74,75,81,93,94,95,96,97,98,116,117,118,119,120,122,139,140,141,142,143,162,163,164,165,167,169,185,186,187,188,208,209,210,214,231,232,233,234,254,255,256,277,278,279,300,301,323
346,346,77
2,3,4,5,6,7,8,9,24,25,26,27,28,29,30,31,47,48,49,50,51,52,53,57,58,70,71,72,73,74,75,76,93,94,95,96,97,98,116,117,118,119,120,121,139,140,141,142,143,147,162,163,164,165,169,170,177,185,186,187,188,208,209,210,211,212,231,232,233,254,255,256,277,278,300,301,323
316,316,69
3,4,5,6,26,27,28,48,49,50,51,70,71,72,73,74,75,93,94,95,96,97,98,105,116,117,118,119,120,128,139,140,141,142,143,147,157,164,165,166,175,176,177,178,179,185,186,196,197,198,199,200,217,218,219,220,221,222,232,240,242,243,244,255,266,277,278,300,323
473,473,73
1,3,4,5,6,24,25,26,27,28,29,30,47,48,49,50,51,52,53,54,70,71,72,73,74,75,76,93,94,95,96,97,116,117,118,120,121,123,124,139,140,141,142,146,147,148,162,163,164,165,174,175,185,186,187,189,197,208,209,210,211,231,232,234,254,255,256,257,277,278,279,300,301
355,355,76
1,2,3,4,5,6,7,8,24,25,26,27,28,29,30,36,47,48,49,50,51,52,53,59,70,71,72,73,74,75,76,93,94,95,96,97,98,116,117,118,119,120,121,124,139,140,141,142,146,147,154,162,163,164,165,174,175,185,186,187,189,208,209,210,211,231,232,233,254,255,256,257,277,278,279,300
332,332,77
1,2,3,4,5,6,7,24,25,27,28,29,30,36,47,48,49,50,51,52,53,58,59,70,71,72,73,74,75,76,80,93,94,95,96,97,98,116,117,118,119,121,123,124,139,140,141,142,146,147,162,163,164,165,169,174,175,185,186,187,188,189,208,209,210,211,231,232,233,234,254,255,256,257,277,278,279
324,324,79
1,2,3,4,5,6,7,8,13,24,25,26,27,28,29,30,36,47,48,49,50,51,52,57,70,71,72,73,74,75,93,94,95,96,97,98,116,117,118,119,120,121,123,124,139,140,141,142,143,146,147,151,154,162,163,164,165,166,169,174,175,185,186,187,188,189,208,209,210,211,231,232,233,254,255,256,257,277,278
330,330,84
1,2,3,4,5,6,7,8,13,24,25,26,27,28,29,30,36,47,48,49,50,51,52,53,57,59,70,71,72,73,74,75,88,93,94,95,96,97,99,101,116,117,118,119,120,121,122,123,124,130,139,140,141,142,143,146,162,163,164,165,166,169,175,176,185,186,187,188,191,193,208,209,210,211,231,232,233,234,254,255,256,257,278,279
205,205,88
1,2,3,4,5,6,7,8,11,13,24,25,26,27,28,29,30,47,48,49,50,51,52,53,57,59,70,71,72,73,74,75,76,77,93,94,95,96,97,98,99,100,101,116,117,118,119,120,121,122,123,124,125,130,139,140,141,142,144,145,146,156,162,163,164,165,166,168,169,175,185,186,187,188,198,208,209,210,211,231,232,233,234,254,255,256,277,278
257,257,96
1,2,3,4,5,6,7,9,11,12,13,16,19,20,22,24,25,26,27,28,29,30,34,36,37,47,48,49,50,51,52,53,70,71,72,73,74,75,77,93,94,95,96,97,98,100,101,116,117,118,119,120,121,122,123,134,139,140,141,142,143,144,145,146,154,162,163,164,165,166,167,168,185,186,187,188,189,190,191,208,209,210,211,212,213,231,232,233,234,254,255,256,257,258,277,278
90,90,105
1,2,3,4,5,6,7,8,9,10,11,12,13,14,15,16,17,18,19,20,21,22,23,24,25,26,27,28,29,30,31,32,33,34,35,36,37,38,39,40,41,42,43,44,45,46,47,48,49,50,51,52,53,54,55,56,57,58,59,61,62,63,64,65,66,68,69,70,71,72,73,74,75,77,79,84,85,90,91,93,94,95,96,97,113,116,117,118,119,134,139,140,141,142,162,163,164,185,186,187,210,231,232,254,255
313,313,106
1,2,3,4,5,6,7,8,9,10,11,12,13,14,15,16,17,18,19,20,21,22,23,24,25,26,27,28,29,30,31,32,33,34,35,36,37,38,39,40,41,43,47,48,49,50,51,52,53,54,55,56,57,58,59,60,61,70,71,72,73,74,75,76,77,78,79,80,81,93,94,95,96,97,98,99,100,101,102,103,108,109,110,111,116,117,118,119,121,122,123,124,125,126,129,130,131,132,133,139,140,141,142,153,162,326
227,227,123
1,2,3,4,5,6,7,8,9,10,11,12,13,14,15,16,17,18,19,20,21,22,23,24,25,26,27,28,29,30,31,32,33,34,35,36,37,38,39,40,41,42,43,44,45,46,47,48,49,50,51,52,53,54,55,56,57,58,59,60,61,62,63,64,65,66,67,68,69,70,71,72,73,74,75,76,77,78,79,81,82,83,84,85,86,87,90,93,94,95,96,97,98,99,100,105,106,107,108,116,117,118,119,120,121,122,123,124,126,130,139,140,141,143,144,145,146,162,164,167,168,186,209
250,250,138
1,2,3,4,5,6,7,8,9,10,11,12,13,14,15,16,17,18,19,20,21,22,23,24,25,26,27,28,29,30,31,32,34,35,36,37,38,39,40,41,42,43,44,45,46,47,48,49,50,51,52,53,54,55,56,57,59,60,61,62,63,64,65,66,67,68,69,70,71,72,73,74,75,76,77,78,81,83,84,85,86,87,88,89,90,91,92,93,94,95,96,97,98,99,100,103,104,105,106,107,108,111,112,113,114,115,116,117,118,119,120,121,122,123,127,128,129,130,139,140,141,142,143,144,145,146,148,162,163,164,165,166,167,168,185,186,208,345
540,540,147
1,2,3,4,5,6,24,25,26,27,28,29,30,32,37,47,48,49,50,51,52,53,54,55,56,60,61,62,70,71,72,73,74,75,76,77,78,79,80,83,84,90,93,94,95,96,97,98,99,100,101,102,103,104,105,106,107,110,111,112,113,114,115,116,117,118,119,120,121,122,123,124,125,126,127,132,133,134,135,136,137,139,140,141,142,143,144,145,146,147,148,151,152,153,154,155,156,157,158,159,162,163,164,165,166,167,168,169,170,171,174,175,176,177,178,179,180,185,186,187,188,189,190,192,193,198,201,202,208,209,210,211,212,213,214,232,233,234,236,254,255,256,258,259,280,281,303
548,548,140
94,95,116,117,118,119,122,123,124,139,140,141,142,145,146,147,162,163,164,167,168,185,186,187,188,189,190,197,199,208,209,210,211,212,213,214,215,216,220,221,225,231,232,233,234,235,236,237,238,239,240,241,242,243,244,247,248,249,250,251,252,253,254,255,256,257,258,259,260,261,262,263,264,265,266,267,268,270,271,272,273,274,275,276,277,278,279,280,281,282,283,284,285,286,287,288,289,290,291,293,294,295,296,297,298,299,300,301,302,303,304,305,306,307,309,310,311,312,313,315,316,317,318,319,322,323,325,326,327,328,329,330,331,333,334,335,337,338,339,340
293,293,108
145,168,186,187,191,197,198,208,209,210,211,213,214,215,216,220,232,233,234,235,236,237,238,239,248,251,252,253,254,255,256,257,258,259,260,261,263,266,267,270,271,272,273,274,275,276,278,279,280,281,282,284,285,286,287,288,289,290,292,293,294,295,296,297,298,299,300,301,302,303,305,306,307,308,309,310,311,312,313,314,315,316,317,318,319,320,321,322,326,327,328,329,330,331,332,333,334,335,336,337,338,339,340,341,342,343,344,345
203,203,94
2,3,5,24,25,28,48,49,55,71,72,95,102,103,116,117,118,119,122,123,124,125,139,140,141,142,145,146,162,163,164,165,167,168,185,186,187,209,210,232,233,236,248,249,251,252,255,256,258,259,266,267,271,272,273,274,275,276,280,281,282,286,287,288,289,290,294,296,297,298,299,307,308,309,310,311,313,318,319,320,321,322,330,331,332,333,334,335,340,341,342,343,344,345
437,437,76
1,2,3,4,5,6,24,25,26,27,28,47,48,49,55,71,72,77,79,80,93,94,95,96,101,102,103,116,117,118,119,121,122,123,124,125,126,139,140,141,142,144,145,146,147,148,162,163,164,165,166,167,168,185,186,187,209,210,232,233,234,236,255,256,258,259,278,280,282,319,320,321,322,343,344,345
510,510,68
1,2,3,4,5,6,24,25,26,27,28,32,47,48,49,55,70,71,72,75,77,79,80,93,94,95,96,99,101,102,103,116,117,118,119,122,123,124,125,139,140,141,142,144,145,146,147,162,163,164,165,166,167,168,185,186,187,209,210,232,233,236,255,256,258,259,280,282
130,130,48
1,2,3,4,5,6,9,24,28,32,48,49,55,70,71,77,93,94,95,102,116,117,118,119,121,122,123,125,139,140,141,142,144,145,162,163,164,165,167,168,186,209,210,233,258,259,280,282
210,210,47
1,2,4,5,24,25,47,48,49,55,70,71,72,76,93,94,95,100,116,117,118,119,139,140,141,142,143,144,162,163,164,165,166,167,168,185,186,187,189,233,236,256,257,258,259,280,300
573,573,44
1,2,4,5,24,25,27,47,48,49,70,71,72,75,76,93,94,95,100,116,117,118,119,121,139,140,141,142,144,162,163,164,165,166,167,168,186,188,233,256,258,259,280,281
329,329,44
1,2,4,5,24,25,47,48,49,70,71,72,93,94,95,100,116,117,118,119,121,139,140,141,142,143,144,145,162,163,164,165,166,167,168,187,189,233,236,256,257,258,259,280
388,388,42
1,2,4,5,24,25,27,47,48,49,70,71,72,93,94,95,116,117,118,119,121,139,140,141,142,143,144,145,162,163,164,165,166,168,186,187,189,233,256,258,259,280
378,378,43
1,2,3,4,5,24,25,47,48,49,70,71,72,93,94,95,116,117,118,119,121,139,140,141,142,143,144,145,162,163,164,165,166,167,168,188,189,233,236,256,258,259,280
545,545,43
1,2,4,5,24,25,47,48,49,55,70,71,72,93,94,95,116,117,118,119,121,139,140,141,142,143,144,162,163,164,165,166,167,168,188,189,233,236,256,257,258,259,280
67,67,43
1,2,4,5,24,25,47,48,49,55,70,71,93,94,95,116,117,118,119,121,139,140,141,142,143,144,145,162,163,164,165,166,167,168,188,210,211,233,236,256,258,259,280
145,145,43
1,2,4,5,9,24,25,32,47,48,57,70,71,93,94,95,116,117,118,119,139,140,141,142,143,144,162,163,164,165,166,168,186,187,188,189,232,233,236,256,258,259,280
