504,547
492,492,64
2,13,19,20,21,23,42,43,44,46,64,65,66,67,69,87,88,89,90,91,92,110,111,112,113,114,115,133,134,135,137,157,160,179,180,183,184,202,203,204,205,206,225,226,227,228,251,273,274,276,295,296,297,298,299,318,319,321,322,341,342,343,344,345
213,213,62
19,20,21,22,23,39,43,44,46,58,62,63,66,69,83,84,85,89,90,91,92,107,111,112,113,114,115,129,130,134,137,138,152,153,154,157,158,159,160,161,177,180,181,182,183,184,200,203,204,205,206,223,226,246,265,276,288,298,299,322,344,345
508,508,39
15,16,20,21,23,39,42,43,44,46,66,69,90,92,111,112,113,114,115,137,138,153,157,161,177,180,184,193,203,205,223,225,226,273,296,299,322,344,345
493,493,60
14,15,19,20,21,23,39,42,43,44,61,62,65,67,69,84,85,89,90,92,107,108,112,113,114,115,128,129,130,134,137,138,149,153,154,156,157,159,160,161,175,180,184,203,204,205,225,226,227,228,229,246,250,276,296,298,299,322,343,345
233,233,48
20,21,23,39,42,43,44,46,63,67,69,90,92,107,112,113,114,115,129,130,131,137,138,149,153,157,159,161,180,184,203,204,205,206,226,228,273,276,288,295,296,298,299,310,321,322,343,345
206,206,69
15,16,20,21,23,39,43,44,61,63,65,66,67,69,86,89,90,91,92,106,107,112,113,114,115,128,131,134,137,138,152,153,157,159,160,161,180,183,184,200,203,204,205,206,223,225,226,227,228,229,250,251,252,253,273,276,288,295,296,297,298,299,317,321,322,333,343,344,345
365,365,71
14,15,16,20,21,23,39,42,43,44,61,62,63,64,67,69,83,84,86,87,90,91,92,106,108,109,111,112,113,114,115,128,129,130,131,137,138,150,151,152,157,159,161,182,184,200,203,204,205,225,226,227,228,229,250,253,273,276,288,295,296,297,298,299,317,320,321,322,343,344,345
189,189,72
16,20,21,22,23,39,43,46,61,62,63,64,69,80,84,86,89,90,91,92,108,109,111,112,113,114,115,127,128,129,131,134,137,138,151,152,153,157,159,160,161,182,184,200,203,204,205,206,225,226,227,228,229,250,253,273,274,276,288,295,296,297,298,299,317,319,321,322,333,343,344,345
258,258,57
16,20,21,23,38,39,43,46,62,63,69,83,84,86,87,90,91,92,106,108,109,112,113,114,115,128,129,137,138,152,153,154,157,160,161,176,177,184,200,204,205,213,225,226,228,273,276,288,296,297,299,319,322,333,343,344,345
385,385,83
13,14,15,16,20,21,38,39,43,46,57,58,60,61,62,63,64,65,67,69,80,82,83,84,85,86,87,88,89,90,92,105,106,107,108,109,112,113,114,115,127,128,129,130,137,138,148,149,150,151,152,153,159,160,161,173,176,177,178,184,200,202,203,204,205,223,225,226,246,249,288,295,296,317,319,333,335,340,341,342,343,344,345
158,158,63
13,14,15,20,21,38,39,43,46,58,60,61,62,63,65,66,67,69,79,80,83,84,85,86,87,88,89,102,105,106,108,109,111,112,113,114,125,127,128,129,131,134,137,148,149,150,151,152,159,177,200,202,223,224,225,226,246,248,316,317,333,335,340
306,306,51
23,46,69,92,114,115,131,137,138,160,161,182,183,184,205,206,207,227,228,229,230,249,250,251,252,253,271,272,273,274,275,276,294,295,296,297,298,299,317,318,319,320,321,322,339,340,341,342,343,344,345
538,538,125
16,17,18,19,20,37,38,39,40,41,42,43,44,60,62,63,64,65,66,67,84,85,86,87,88,106,107,108,109,110,111,128,129,130,131,132,133,134,150,151,152,153,154,155,156,157,166,173,174,175,176,177,178,179,180,195,196,197,198,199,200,201,202,203,204,217,218,219,220,221,222,223,224,225,240,241,242,243,244,245,246,247,248,249,263,264,265,266,267,268,269,270,271,272,286,287,288,289,290,291,292,293,294,295,308,309,310,311,312,313,314,315,316,317,318,331,332,333,334,335,336,337,338,339,340
531,531,142
3,4,5,6,7,8,9,10,11,12,13,25,26,27,28,29,30,31,32,33,34,35,48,49,50,51,52,53,54,55,56,57,71,72,73,74,75,76,77,78,79,80,93,94,95,96,97,98,99,100,101,102,116,117,118,119,120,121,122,123,124,125,139,140,141,142,143,144,145,146,147,148,162,163,164,165,166,167,168,169,170,185,186,187,188,189,190,191,192,193,194,208,209,210,211,212,213,214,215,216,231,232,233,234,235,236,237,238,239,254,255,256,257,258,259,260,261,277,278,279,280,281,282,283,284,285,300,301,302,303,304,305,306,307,323,324,325,326,327,328,329,330
236,236,121
1,2,3,4,5,6,7,8,9,10,24,25,26,27,28,29,30,31,32,33,47,48,49,50,51,52,53,54,55,56,70,71,72,73,74,75,76,77,78,93,94,95,96,97,98,99,100,101,116,117,118,119,120,121,122,123,139,140,141,142,143,144,145,146,148,162,163,164,165,166,167,168,169,185,186,187,188,189,190,191,192,208,209,210,211,212,213,214,231,232,233,234,235,236,237,254,255,256,257,258,259,277,278,279,280,281,282,283,300,301,302,303,304,305,306,323,324,325,326,327,328
264,264,109
1,2,3,4,5,6,7,8,9,10,24,25,26,27,28,29,30,31,32,47,48,49,50,51,52,53,54,55,70,71,72,73,74,75,76,77,93,94,95,96,97,98,99,100,116,117,118,119,120,121,122,123,139,140,141,142,143,144,145,146,162,163,164,165,166,167,168,169,185,186,187,188,189,190,208,209,210,211,212,213,214,231,232,233,234,235,236,254,255,256,257,258,259,277,278,279,280,281,300,301,302,303,304,305,323,324,325,326,327
13,13,101
1,2,3,4,5,6,7,8,10,24,25,26,27,28,29,30,31,47,48,49,50,51,52,53,70,71,72,73,74,75,76,93,94,95,96,97,98,99,116,117,118,119,120,121,122,123,139,140,141,142,143,144,145,146,162,163,164,165,166,167,168,169,185,186,187,188,189,190,195,208,209,210,211,212,231,232,233,234,235,254,255,256,257,259,277,278,279,280,281,282,300,301,302,303,304,306,323,324,325,326,327
127,127,84
1,2,3,4,5,6,7,9,24,25,26,27,28,29,30,47,48,49,50,51,70,71,72,73,74,93,94,95,96,98,116,117,118,119,120,121,123,139,140,141,142,143,146,162,163,164,165,166,168,169,185,186,187,188,190,195,208,209,210,211,212,213,231,232,233,234,235,236,254,255,256,257,259,277,278,279,280,300,301,302,323,324,325,327
563,563,74
1,2,3,4,5,6,7,17,24,25,26,27,28,29,40,47,48,49,50,51,70,71,72,73,74,93,94,95,96,97,116,119,138,139,142,155,161,162,163,164,165,166,185,186,187,188,195,208,209,210,211,212,213,231,232,233,234,235,236,254,255,256,257,259,277,278,279,294,300,301,302,317,318,323
204,204,71
2,5,6,24,25,28,47,70,71,93,146,154,162,164,186,187,195,208,209,210,211,213,218,231,232,233,234,236,237,254,255,256,257,258,259,260,262,263,264,277,278,279,280,281,282,283,284,285,286,287,288,289,300,301,302,303,306,307,308,309,311,312,323,324,325,327,328,329,330,333,334
276,276,58
5,28,96,162,170,185,186,187,188,193,194,196,208,209,210,211,213,216,218,231,232,233,234,236,237,254,255,256,257,258,259,260,262,275,276,277,279,280,281,282,285,286,301,302,303,304,305,306,307,311,323,324,325,327,328,329,330,334
8,8,67
6,7,75,77,96,97,98,99,119,120,124,142,143,163,164,166,167,168,169,186,187,188,190,191,192,194,195,211,212,213,214,217,234,235,236,237,238,240,254,255,256,259,260,261,262,263,277,278,279,282,283,284,300,301,302,303,304,305,306,324,325,326,327,328,329,330,331
490,490,55
6,7,54,75,77,99,120,122,123,143,144,146,163,165,166,167,168,169,186,187,188,190,191,192,193,194,211,213,214,234,235,236,237,238,239,254,255,256,262,275,277,278,279,285,300,301,302,303,304,305,307,323,324,325,329
422,422,35
2,6,19,22,25,26,41,42,47,48,66,88,111,171,208,209,230,232,233,251,252,253,254,255,274,275,277,278,298,301,302,320,321,324,344
345,345,41
6,98,120,165,166,185,188,189,191,192,194,208,209,212,214,215,217,231,238,239,240,252,254,255,256,261,277,278,279,283,284,301,302,306,307,321,323,324,325,328,329
381,381,29
1,2,3,4,5,24,25,26,47,66,70,71,88,117,230,252,253,275,276,277,278,279,285,298,301,302,306,321,330
141,141,24
3,4,7,15,18,24,25,41,47,66,71,88,90,229,230,252,253,274,275,276,297,298,299,321
30,30,16
3,18,24,41,229,252,253,258,275,276,279,285,298,300,301,326
240,240,43
1,2,3,7,15,16,18,24,25,30,41,47,48,49,50,59,64,65,70,92,163,169,170,186,193,194,209,217,251,252,257,258,261,262,275,279,280,281,282,304,307,327,329
240,240,43
1,2,5,7,8,18,24,25,26,27,30,41,47,49,56,64,65,70,87,94,103,116,117,141,143,163,195,217,235,251,252,258,275,276,280,281,298,303,304,324,327,329,330
204,204,48
1,2,4,7,8,16,18,24,25,27,28,29,30,41,47,49,64,70,71,141,142,146,163,186,187,188,194,209,211,235,240,251,252,256,258,275,279,281,285,302,303,304,306,307,308,326,327,330
247,247,48
1,2,5,6,7,8,18,24,28,29,30,47,64,65,71,116,117,139,141,142,146,185,186,187,194,195,208,209,211,234,235,251,252,258,275,281,285,302,303,304,307,308,323,324,326,327,329,330
111,111,46
1,2,3,5,6,7,8,18,24,25,26,28,29,30,41,47,49,64,70,71,117,118,119,139,141,163,164,169,185,186,211,217,234,252,258,262,274,285,286,302,304,307,308,326,329,330
393,393,46
1,2,5,6,7,8,18,24,25,26,29,30,47,49,70,95,118,119,140,142,163,167,185,186,187,190,209,210,211,234,235,252,256,258,281,285,301,302,303,306,307,308,323,326,329,330
292,292,46
1,2,3,6,7,8,18,24,28,29,31,47,70,94,118,120,139,141,142,146,162,163,185,186,187,194,210,211,234,235,252,256,258,275,280,281,301,302,307,323,324,325,326,327,329,330
311,311,44
1,3,6,7,8,12,24,25,29,47,49,53,70,118,120,123,139,141,162,163,185,186,187,208,209,210,211,217,234,235,252,256,257,258,280,285,301,302,307,325,326,328,329,330
88,88,30
1,5,6,7,8,24,141,182,185,186,194,208,209,210,211,252,259,279,281,301,302,303,304,307,323,324,325,326,329,330
311,311,43
1,2,3,5,6,7,25,26,28,29,31,48,51,52,167,168,186,208,209,210,211,234,235,255,256,258,279,281,282,284,285,301,302,303,304,307,308,325,326,328,329,330,331
260,260,42
1,2,5,6,7,8,24,25,26,29,47,185,186,187,234,235,252,255,256,257,258,259,261,277,280,281,282,285,300,301,302,303,304,307,308,309,323,324,325,326,329,330
37,37,43
1,2,3,5,6,7,24,25,26,29,47,186,208,211,235,252,254,256,257,258,261,262,278,279,280,281,282,283,285,286,300,301,302,303,306,307,308,309,324,325,326,329,330
322,322,43
1,3,6,7,24,25,29,47,51,143,144,145,185,186,190,208,232,234,235,251,252,254,256,257,258,259,261,278,279,280,281,282,283,285,301,302,303,306,307,309,325,326,327
52,52,46
1,2,5,6,7,24,26,29,47,144,145,190,208,213,232,251,252,255,256,258,259,260,261,275,276,277,278,279,280,281,282,283,284,285,301,302,303,304,305,306,307,323,325,326,327,330
143,143,52
1,3,6,7,8,9,19,24,28,29,47,49,51,52,115,143,144,167,188,190,209,213,229,235,252,253,255,256,258,259,260,262,275,276,278,279,280,281,282,283,285,298,303,304,305,306,307,323,325,327,328,330
74,74,68
15,16,17,18,19,21,22,23,39,40,41,42,43,44,45,46,64,65,66,67,68,69,87,88,89,90,91,92,111,113,114,115,133,134,135,136,137,138,156,159,160,161,180,181,182,183,184,205,206,207,229,230,251,252,253,273,274,275,276,297,298,299,320,321,322,343,344,345
297,297,100
7,8,12,13,14,15,16,17,18,19,20,21,22,23,31,37,38,39,40,41,42,43,44,45,46,61,62,63,64,65,66,67,68,69,85,86,87,88,89,90,91,92,108,109,110,111,112,113,114,115,132,133,134,135,136,137,138,155,156,157,158,159,160,161,180,181,182,183,184,204,205,206,207,227,228,229,230,249,250,251,252,253,273,274,275,276,292,294,296,297,298,299,318,319,320,321,322,340,342,345
312,312,109
14,15,16,17,18,19,20,21,22,23,36,38,39,40,41,42,43,44,45,46,61,62,63,64,65,66,67,68,69,84,85,86,87,88,89,90,91,92,108,109,110,111,112,113,114,115,131,132,133,134,135,136,137,138,154,155,156,157,158,159,160,161,178,179,180,181,182,183,184,201,202,203,204,205,206,207,225,226,227,228,229,230,248,249,250,251,252,253,271,272,273,274,275,276,294,295,296,297,298,299,318,319,320,321,322,342,343,344,345
258,258,122
12,13,14,15,16,17,18,19,20,21,22,23,37,38,39,40,41,42,43,44,45,46,59,60,61,62,63,64,65,66,67,68,69,84,85,86,87,88,89,90,91,92,106,107,108,109,110,111,112,113,114,115,130,131,132,133,134,135,136,137,138,153,154,155,156,157,158,159,160,161,177,178,179,180,181,182,183,184,201,202,203,204,205,206,207,224,225,226,227,228,229,230,248,249,250,251,252,253,271,272,273,274,275,276,277,294,295,296,297,298,299,317,318,319,320,321,322,340,342,343,344,345
533,533,146
9,10,11,12,13,14,15,16,17,18,32,33,34,35,36,37,38,39,40,41,42,56,57,58,59,60,61,62,63,64,65,80,81,82,83,84,85,86,87,88,89,104,105,106,107,108,109,110,111,112,113,128,129,130,131,132,133,134,151,152,153,154,155,156,157,158,173,174,175,176,177,178,179,180,181,182,196,197,198,199,200,201,202,203,204,205,206,219,220,221,222,223,224,225,226,227,228,229,244,245,246,247,248,249,250,251,252,253,266,268,269,270,271,272,273,274,275,276,290,291,292,293,294,295,296,297,298,314,315,316,317,318,319,320,321,322,323,337,338,339,340,341,342,343,344,345
541,541,122
1,2,3,4,5,6,24,25,26,27,28,29,30,47,48,49,50,51,52,53,70,71,72,73,74,75,76,77,93,94,95,96,97,98,99,116,117,118,119,120,121,122,123,139,140,141,142,143,144,145,146,162,163,164,165,166,167,168,169,186,187,188,189,190,191,192,193,194,209,210,211,212,213,214,215,216,217,233,234,235,236,237,238,239,240,255,256,257,258,259,260,261,262,263,279,280,281,282,283,284,285,286,287,302,303,304,305,306,307,308,309,310,325,326,327,328,329,330,331,332,333,334
300,300,75
1,2,24,25,47,48,70,71,72,93,94,95,116,117,118,119,139,140,141,142,143,162,163,164,165,166,185,186,187,188,189,208,209,210,211,212,231,232,233,234,235,236,237,254,255,256,257,258,259,260,262,277,278,279,280,281,282,283,284,300,301,302,303,304,305,306,307,323,324,325,326,327,328,329,330
356,356,55
29,30,52,93,98,99,116,117,120,121,123,139,141,162,163,185,186,187,206,208,209,210,211,228,229,230,231,232,233,251,252,253,254,255,256,259,260,261,262,277,278,279,280,282,284,300,301,302,303,305,323,324,325,326,328
469,469,32
21,22,23,30,45,52,116,121,163,185,186,187,206,207,209,228,229,230,251,252,253,255,259,277,278,282,283,300,301,323,324,334
408,408,16
21,22,23,98,206,207,228,229,230,251,252,253,259,260,277,283
186,186,4
228,229,251,252
410,410,29
46,63,85,87,102,111,112,114,129,138,150,152,153,159,161,172,179,180,201,204,224,225,226,244,246,268,299,322,345
285,285,24
85,109,112,114,115,128,129,138,152,161,180,203,224,225,227,244,245,246,268,291,299,305,322,345
169,169,22
39,85,92,110,111,114,115,129,138,149,152,153,180,225,227,246,247,298,299,321,322,345
283,283,30
62,63,83,84,85,86,112,114,115,128,130,135,136,137,138,151,152,153,158,159,177,180,224,225,244,267,268,299,322,345
353,353,41
13,21,37,39,62,63,83,84,85,86,89,92,102,112,114,115,127,135,136,137,138,151,157,158,159,179,180,181,184,203,224,225,246,264,267,299,322,330,341,343,345
356,356,38
36,39,62,63,83,85,86,92,109,111,112,114,115,127,128,135,136,137,138,152,157,158,159,161,177,180,181,202,223,224,225,246,267,288,299,322,343,345
514,514,35
20,21,36,39,62,63,85,86,92,112,127,128,135,136,137,149,153,157,158,159,161,177,180,224,225,226,246,267,268,298,299,321,322,343,345
256,256,55
13,15,20,21,32,36,39,62,63,67,83,84,85,86,89,92,102,109,111,112,113,115,126,127,128,135,136,137,138,150,151,152,153,156,157,158,159,161,177,179,180,181,202,223,224,225,227,246,253,276,299,321,322,344,345
375,375,70
13,16,21,32,37,39,60,62,63,67,83,84,85,89,90,105,108,109,111,112,113,114,115,125,126,127,128,130,134,135,136,137,138,150,151,153,156,157,158,159,177,179,180,181,200,201,202,203,204,205,223,224,225,226,227,230,245,246,247,253,276,286,287,298,299,315,321,322,343,345
324,324,75
13,15,21,32,35,37,40,44,60,62,63,67,83,84,85,86,89,105,108,109,111,112,113,122,126,127,128,129,130,134,135,136,137,138,149,150,152,153,154,156,157,158,159,160,177,179,180,181,184,200,201,202,203,204,205,223,224,225,226,227,230,245,246,253,268,276,286,298,299,309,321,322,343,344,345
54,54,70
13,14,15,20,21,37,39,43,61,62,63,83,84,89,105,109,111,112,113,122,127,128,129,130,134,135,136,137,138,144,149,150,152,153,156,157,158,160,161,177,179,180,181,184,200,202,203,204,205,206,223,224,225,226,227,230,245,246,253,268,276,299,314,315,321,322,335,343,344,345
457,457,75
15,20,21,35,36,37,38,43,60,61,62,63,83,84,85,86,88,102,109,111,112,113,122,127,128,129,130,133,135,136,137,138,144,149,150,151,152,153,154,156,157,158,159,161,177,179,180,181,184,200,201,202,203,204,205,206,223,224,225,227,230,246,253,276,285,291,298,299,315,320,322,332,341,344,345
425,425,75
13,14,15,20,21,23,31,36,38,40,43,60,61,62,63,83,84,85,86,102,108,109,112,113,122,125,127,128,129,130,135,136,137,149,150,151,152,153,154,156,157,158,159,177,179,180,181,184,186,200,202,203,204,205,206,223,224,225,226,228,230,245,253,260,268,274,276,299,314,315,320,321,322,344,345
209,209,63
13,14,15,20,21,36,60,61,62,63,83,84,85,86,89,106,109,112,113,122,127,128,129,130,133,134,135,136,137,144,149,152,153,156,157,158,166,177,179,180,184,200,201,202,203,204,205,206,223,224,225,228,229,230,245,268,276,299,314,321,322,344,345
207,207,84
12,13,14,15,20,21,36,37,38,40,43,54,60,61,62,63,83,84,86,89,102,105,106,107,109,112,113,122,125,127,128,129,130,131,133,134,135,136,137,144,149,151,152,153,156,157,158,159,161,166,177,179,180,181,184,189,200,202,203,204,205,206,223,224,225,226,228,229,230,245,268,274,276,298,299,316,320,321,322,336,339,343,344,345
304,304,77
13,14,15,20,21,31,36,39,40,43,60,61,62,63,83,84,86,89,105,106,108,109,112,113,125,127,128,129,130,133,134,135,136,137,144,149,151,152,153,156,157,158,159,166,167,176,177,179,180,181,184,200,202,203,204,205,206,223,224,225,226,227,228,229,268,274,276,298,299,314,315,320,321,322,343,344,345
60,60,64
13,14,15,17,20,21,31,40,60,61,62,63,66,83,84,85,86,89,105,109,112,113,125,127,128,129,130,134,135,136,137,144,149,151,152,153,156,157,158,177,179,180,181,200,202,203,204,205,206,223,224,225,226,227,228,229,246,258,274,276,298,321,322,345
213,213,73
13,14,17,20,21,36,38,40,43,60,61,62,63,66,83,84,85,86,89,105,106,109,112,113,125,127,128,129,130,133,134,135,136,137,144,145,151,152,153,156,157,158,176,177,179,180,181,200,202,203,204,205,206,223,224,225,226,227,228,229,230,246,253,274,275,297,298,314,319,320,321,322,345
492,492,78
13,14,17,20,21,23,30,31,35,36,37,38,43,53,58,60,61,62,63,83,84,85,86,102,105,106,108,109,112,113,125,126,127,128,129,131,134,135,136,137,144,145,151,152,153,156,157,158,161,176,177,179,180,181,184,200,202,203,204,205,206,223,224,225,226,227,228,230,268,273,274,286,297,320,321,322,343,345
211,211,56
13,14,17,20,21,28,30,35,36,38,40,43,53,58,61,62,63,83,84,85,86,105,106,108,109,112,113,121,127,128,129,130,134,135,137,144,151,153,156,176,177,179,180,181,200,202,203,204,205,206,223,225,226,227,228,274
382,382,63
13,14,15,17,20,21,28,30,31,35,36,38,40,43,51,58,60,61,62,63,83,84,85,86,105,106,107,108,109,112,113,121,127,128,129,130,131,134,135,144,151,152,153,156,157,176,177,179,181,200,201,202,203,204,205,223,225,226,227,228,299,322,345
416,416,64
13,14,17,20,21,28,30,36,38,39,40,43,57,58,60,61,62,63,69,76,83,84,85,86,98,105,106,107,108,112,113,127,128,129,130,133,134,137,144,148,150,151,152,153,156,157,158,177,179,181,200,203,204,205,223,224,225,226,227,228,273,309,344,345
495,495,62
11,13,14,16,17,20,21,36,37,39,40,43,58,60,61,62,63,69,83,84,85,86,98,105,106,108,109,112,113,127,128,129,130,148,150,151,152,153,156,157,175,176,177,179,180,181,189,200,202,203,204,205,223,224,225,226,227,228,273,296,322,345
206,206,64
13,20,21,27,28,30,34,37,39,40,43,58,59,60,61,62,63,76,80,83,84,85,86,91,98,99,105,106,107,108,109,112,113,121,127,128,129,130,148,150,151,152,153,156,175,176,177,179,180,181,200,202,203,204,223,224,225,226,227,228,250,273,299,319
135,135,66
10,11,13,14,15,16,20,21,28,30,35,37,39,40,43,57,58,60,61,62,63,80,83,85,86,98,105,106,107,108,109,112,113,127,128,129,130,148,149,150,151,152,153,156,165,177,179,180,200,202,223,224,225,226,227,228,246,250,273,296,318,321,322,330,344,345
379,379,67
10,11,12,13,14,15,16,20,21,28,30,35,37,39,40,43,58,60,62,63,83,84,85,86,99,105,106,107,108,109,112,113,126,127,128,129,130,131,150,151,152,153,154,156,157,166,175,176,177,179,180,184,189,200,202,203,205,223,224,225,226,227,228,246,250,296,302
187,187,76
11,12,13,14,15,16,17,20,21,27,28,30,35,37,38,39,40,43,56,57,60,61,62,63,83,84,85,86,99,105,106,107,108,109,112,113,121,125,127,128,129,130,131,135,150,151,152,153,154,156,165,166,175,176,177,179,180,184,200,202,203,223,224,225,226,227,228,246,250,253,273,296,302,321,322,345
492,492,76
7,10,11,12,13,15,16,19,20,21,28,30,32,33,34,37,38,39,43,56,57,58,60,61,62,63,64,74,76,77,79,80,83,84,85,86,92,98,105,106,109,113,115,125,126,127,128,129,137,149,150,151,152,153,156,157,164,165,166,179,180,189,203,205,212,226,227,228,229,242,250,253,273,296,302,345
412,412,46
7,10,11,12,14,15,20,21,32,37,43,58,60,61,62,76,79,83,84,85,105,106,109,110,113,127,128,129,149,150,151,153,156,157,165,166,178,179,180,200,226,227,279,300,302,303
345,345,53
23,45,46,68,69,91,92,113,114,115,136,137,138,160,161,182,183,184,204,205,206,207,227,228,229,230,250,251,252,253,272,273,274,275,276,294,295,296,297,298,299,317,318,319,320,321,322,340,341,342,343,344,345
516,516,127
17,18,19,20,21,22,23,38,40,41,42,44,45,46,60,61,63,64,65,66,68,83,84,85,86,87,88,89,105,107,108,109,110,111,112,113,128,130,131,132,133,134,135,136,152,153,154,155,156,157,158,173,174,175,176,177,178,179,180,195,196,197,198,199,200,201,202,203,217,218,219,220,221,222,223,224,226,240,241,242,243,244,245,246,249,263,264,265,266,267,268,269,270,272,285,286,287,288,289,290,291,292,293,294,295,307,308,309,310,311,312,313,314,315,316,317,329,330,331,332,333,334,335,336,337,338,339
515,515,143
3,4,5,6,7,8,9,10,11,12,13,26,27,28,29,30,31,32,33,34,35,48,49,50,51,52,53,54,55,56,57,58,71,72,73,74,75,76,77,78,79,80,94,95,96,97,98,99,100,101,102,116,117,118,119,120,121,122,123,124,125,139,140,141,142,143,144,145,146,147,148,162,163,164,165,166,167,168,169,170,171,185,186,187,188,189,190,191,192,193,194,208,209,210,211,212,213,214,215,216,217,231,232,233,234,235,236,237,238,239,254,255,256,257,258,259,260,261,262,277,278,279,280,281,282,283,284,300,301,302,303,304,305,307,323,324,325,326,327,328,329,330,345
305,305,119
1,2,3,4,5,6,7,8,9,10,11,24,25,26,27,28,29,30,31,32,33,47,48,49,50,51,52,53,54,55,70,71,72,73,74,75,76,77,78,93,94,95,96,97,98,99,100,116,117,118,119,120,121,122,123,139,140,141,142,143,144,145,146,162,163,164,165,166,167,168,169,185,186,187,188,189,190,191,208,209,210,211,212,213,214,215,231,232,233,234,235,236,254,255,256,257,258,259,277,278,279,280,281,282,283,300,301,302,303,304,305,306,323,324,325,326,327,328,329
220,220,110
1,2,3,4,5,6,7,8,9,10,24,25,26,27,28,29,30,31,47,48,49,50,51,52,53,54,55,70,71,72,73,74,75,76,93,94,95,96,97,98,99,100,116,117,118,119,120,121,122,123,124,139,140,141,142,143,144,145,146,162,163,164,165,166,167,168,185,186,187,188,189,190,208,209,210,211,212,213,214,231,232,233,234,235,236,254,255,256,257,258,259,277,278,279,280,282,300,301,302,303,304,305,323,324,325,326,327,328,329,330
294,294,104
1,2,3,4,5,6,7,8,24,25,26,27,28,29,30,31,34,35,47,48,49,50,51,54,70,71,72,73,74,75,93,94,95,96,98,99,116,117,118,119,120,121,122,123,124,139,140,141,142,143,144,145,146,162,163,164,165,166,167,168,169,182,185,186,187,188,189,194,208,209,210,211,212,217,231,232,233,234,254,255,256,257,277,278,279,280,281,282,300,301,302,303,304,306,307,323,324,325,326,327,328,329,330,331
132,132,88
1,2,3,4,5,6,7,8,24,25,26,27,28,29,31,33,47,48,49,50,51,52,70,71,72,73,93,94,95,96,102,116,117,118,119,120,121,123,139,140,141,143,144,146,162,163,164,165,167,185,186,187,188,189,190,208,209,210,211,212,213,214,231,232,233,234,235,254,255,256,277,278,279,280,300,301,302,305,307,323,324,325,326,327,328,329,330,331
281,281,74
1,2,3,4,5,24,25,26,27,28,47,49,51,70,71,93,94,95,96,116,118,119,139,140,162,163,164,185,186,194,208,209,210,211,217,218,219,233,240,241,242,251,252,263,264,265,266,274,275,278,287,288,289,295,296,297,301,307,310,311,312,313,317,318,323,327,328,329,330,333,334,335,336,340
58,58,67
1,5,24,28,49,51,59,64,87,94,116,118,139,140,155,161,162,163,164,178,185,186,187,208,209,210,211,231,232,233,234,240,254,255,256,257,258,259,262,277,278,279,280,281,282,283,284,286,300,302,303,304,305,306,307,323,324,325,326,327,328,329,330,331,333,334,335
18,18,59
1,8,24,36,51,59,116,139,140,162,163,164,185,186,187,194,195,208,209,210,231,232,233,234,254,255,256,257,258,259,260,277,278,279,280,281,282,283,300,302,303,304,305,306,307,308,323,324,325,326,327,328,329,330,331,332,333,334,335
536,536,60
29,98,99,116,117,119,120,121,139,140,141,142,143,144,163,164,165,168,185,186,187,190,208,209,210,212,213,232,233,234,254,255,256,257,258,259,260,277,279,280,281,282,283,284,300,302,303,304,305,306,307,323,324,325,326,327,328,329,330,331
459,459,53
5,25,29,98,99,118,139,140,141,143,144,145,163,186,190,191,208,209,210,231,232,233,234,237,254,255,256,257,258,259,279,280,281,282,283,300,302,303,304,305,306,307,308,323,324,325,326,327,328,329,330,331,335
147,147,36
186,187,208,209,210,231,232,233,234,254,255,256,257,258,259,277,278,279,280,281,282,283,300,302,303,304,305,306,323,325,326,327,328,329,330,335
509,509,42
1,2,3,4,5,25,55,98,186,208,209,231,232,233,254,255,256,257,258,259,277,278,279,280,281,282,283,300,301,303,304,305,306,307,323,324,325,326,327,328,329,330
417,417,35
3,185,186,208,209,210,231,232,233,234,255,256,257,258,259,278,279,280,281,282,300,302,303,304,305,306,323,324,325,326,327,328,329,330,334
397,397,29
186,208,209,232,233,234,254,255,256,257,258,259,281,282,283,300,304,305,306,307,323,324,325,326,327,328,329,330,334
493,493,22
209,232,255,256,257,258,279,280,281,300,302,303,304,305,306,323,324,325,326,327,328,329
550,550,40
185,186,187,189,208,209,210,211,212,232,233,234,235,254,255,256,257,258,259,277,278,279,280,281,282,300,301,302,303,304,305,306,323,324,325,326,327,328,329,330
106,106,40
163,186,208,209,210,211,212,231,232,233,234,235,254,255,256,257,258,259,277,278,279,280,281,282,300,301,302,303,304,305,306,323,324,325,326,327,328,329,330,340
131,131,43
162,163,165,185,186,187,208,209,210,211,212,231,232,233,234,235,254,255,256,257,258,259,277,278,279,280,281,282,300,301,302,303,304,305,306,323,324,325,326,327,328,329,330
299,299,44
163,165,185,186,187,188,208,209,210,211,212,231,232,233,234,235,254,255,256,257,258,259,277,278,279,280,281,282,283,300,301,302,303,304,305,306,323,324,325,326,327,328,329,330
225,225,43
162,163,165,185,186,187,188,208,209,210,211,212,231,232,233,234,235,254,255,256,257,258,259,277,278,279,280,281,282,283,300,302,303,304,305,306,323,324,325,326,327,328,329
127,127,44
163,165,185,186,187,188,208,209,210,211,212,231,232,233,234,235,254,255,256,257,258,259,277,278,279,280,281,282,283,284,300,301,302,303,304,305,306,323,324,325,326,327,328,329
410,410,43
162,163,165,185,186,187,208,209,210,211,212,231,233,234,235,254,255,256,257,258,259,277,278,279,280,281,282,283,284,300,301,302,303,304,305,306,323,324,325,326,327,328,329
69,69,45
163,185,186,187,188,208,209,210,211,212,231,232,233,234,235,254,255,256,257,258,259,277,278,279,280,281,282,283,284,300,301,302,303,304,305,306,323,324,325,326,327,328,329,330,341
489,489,36
185,186,208,209,210,232,233,234,254,255,256,257,258,277,278,279,280,281,282,283,284,300,301,302,303,304,305,306,307,324,325,326,327,328,329,330
151,151,41
185,186,187,208,209,210,211,231,232,233,234,235,254,255,256,257,258,277,278,279,280,281,282,283,284,300,301,302,303,304,305,306,307,323,324,325,326,327,328,329,330
359,359,42
185,186,187,188,208,209,210,211,231,232,233,234,235,255,256,257,258,259,277,278,279,280,281,282,283,284,300,301,302,303,304,305,306,307,323,324,325,326,327,328,329,330
29,29,45
185,186,187,188,208,209,210,211,212,231,232,233,234,235,254,255,256,257,258,259,277,278,279,280,281,282,283,284,300,301,302,303,304,305,306,307,323,324,325,326,327,328,329,330,339
133,133,45
185,186,187,188,208,209,210,211,212,231,232,233,234,235,236,254,255,256,257,258,259,277,278,279,280,281,282,283,284,300,301,302,303,304,305,306,307,323,324,325,326,327,328,329,330
134,134,49
185,186,187,188,208,209,210,211,212,231,232,233,234,235,236,254,255,256,257,258,259,277,278,279,280,281,282,283,284,300,301,302,303,304,305,306,307,308,323,324,325,326,327,328,329,330,331,339,340
398,398,50
50,185,186,187,188,208,209,210,211,212,231,232,233,234,235,236,254,255,256,257,258,259,277,278,279,280,281,282,283,284,300,301,302,303,304,305,306,307,308,323,324,325,326,327,328,329,330,331,339,340
289,289,72
16,17,18,19,20,21,22,23,42,44,45,46,65,66,67,68,69,88,91,92,115,185,186,187,207,208,209,210,211,229,230,232,234,252,253,254,255,256,257,258,275,277,278,279,280,281,282,283,284,298,299,300,301,302,303,304,305,306,307,308,323,324,325,326,327,328,329,330,331,332,333,339
297,297,108
15,16,17,18,19,20,21,22,23,40,41,42,43,44,45,46,64,65,66,67,68,69,86,87,88,90,91,92,107,110,111,112,113,114,115,131,132,133,134,136,137,138,155,159,160,161,164,181,182,183,184,205,206,207,209,210,211,228,229,230,232,233,234,235,249,252,253,254,255,256,259,260,273,274,275,276,277,278,279,280,282,283,284,298,299,300,301,302,303,304,305,306,307,308,317,321,323,324,325,326,327,328,329,330,331,332,338,340
103,103,114
13,14,15,16,17,18,19,20,21,22,23,37,38,39,40,41,42,43,44,45,46,61,62,63,64,65,66,67,68,69,84,85,86,87,88,89,90,91,92,108,109,110,111,112,113,114,115,130,131,132,133,134,135,136,137,138,153,154,155,156,157,158,159,160,161,178,179,180,181,182,183,184,203,204,205,206,207,225,226,227,228,229,230,249,250,251,252,253,271,272,273,274,275,276,295,296,297,298,299,304,306,316,317,319,320,321,322,324,339,340,342,343,344,345
118,118,124
12,13,14,15,16,17,18,19,20,21,22,23,36,37,38,39,40,41,42,43,44,45,46,60,61,62,63,64,65,66,67,68,69,83,84,85,86,87,88,89,90,91,92,106,107,108,109,110,111,112,113,114,115,130,131,132,133,134,135,136,137,138,153,154,155,156,157,158,159,160,161,177,178,179,180,181,182,183,184,201,202,203,204,205,206,207,224,225,226,227,228,229,230,247,248,249,250,251,252,253,271,272,273,274,275,276,295,296,297,298,299,318,319,320,321,322,338,339,340,341,342,343,344,345
523,523,147
8,9,10,11,12,13,14,15,16,17,18,32,33,34,35,36,37,38,39,40,41,42,56,57,58,59,60,61,62,63,64,65,80,81,82,83,84,85,86,87,88,89,103,104,105,106,107,108,109,110,111,112,113,128,129,130,131,132,133,134,135,136,148,151,152,153,154,155,156,157,158,159,174,175,176,177,178,179,180,181,182,183,196,197,198,199,200,201,202,203,204,205,206,220,221,222,223,224,225,226,227,228,229,245,246,247,248,249,250,251,252,253,269,270,271,272,273,274,275,276,291,292,293,294,295,296,297,298,299,314,315,316,317,318,319,320,321,322,337,338,339,340,341,342,343,344,345
250,250,122
1,2,3,4,5,6,24,25,26,27,28,29,30,47,48,49,50,51,52,53,70,71,72,73,74,75,76,92,93,94,95,96,97,98,99,100,116,117,118,119,120,121,122,123,124,139,140,141,142,143,144,145,146,147,162,163,164,165,166,167,168,169,185,186,187,188,189,190,191,192,193,194,208,209,210,211,212,213,214,215,217,218,231,232,233,234,235,236,237,238,240,241,254,255,256,257,258,259,260,277,280,281,282,283,284,302,303,304,305,306,307,308,311,312,324,325,326,329,330,331,334,335
299,299,71
24,47,48,70,71,93,94,95,116,117,118,139,140,141,162,163,164,185,186,187,188,190,208,209,210,211,212,213,214,231,232,233,234,235,236,237,254,255,256,257,258,259,260,261,277,278,279,280,281,282,283,284,285,300,301,302,303,304,305,306,307,308,323,324,325,326,327,328,329,330,331
464,464,47
139,185,186,187,190,208,209,210,211,212,213,231,232,233,234,235,236,254,255,256,257,258,259,277,278,279,280,281,282,283,284,300,301,302,303,304,305,306,307,323,324,325,326,327,328,329,330
342,342,31
185,186,187,209,210,231,234,235,254,255,256,258,277,278,279,280,281,282,300,302,303,306,307,323,324,325,326,327,328,329,330
552,552,25
185,186,187,208,210,255,256,277,278,279,280,281,282,283,284,300,302,303,305,306,307,325,326,328,330
105,105,19
185,186,187,188,234,255,256,258,277,280,281,283,303,306,307,326,327,328,330
420,420,10
62,63,90,91,114,137,160,184,226,322
79,79,14
95,140,163,185,186,209,233,234,258,281,283,305,306,307
520,520,12
140,166,186,234,258,281,283,304,305,306,307,328
261,261,9
140,163,185,209,234,258,305,306,307
241,241,8
185,186,209,234,258,305,306,307
220,220,4
186,258,307,328
246,246,3
185,186,209
472,472,1
218
460,460,4
60,61,83,137
410,410,20
60,62,83,84,85,113,115,137,138,158,159,180,184,207,223,224,226,253,291,345
417,417,7
13,61,83,115,128,137,184
412,412,6
61,83,115,137,184,322
218,218,4
39,40,85,137
57,57,2
83,137
65,65,2
39,83
98,98,1
185
552,552,1
255
461,461,3
255,328,329
459,459,13
15,16,20,21,39,40,63,83,95,109,137,250,253
552,552,10
29,47,48,49,52,185,306,326,328,329
389,389,12
29,47,48,70,120,163,166,185,306,326,328,329
280,280,15
47,48,49,120,143,162,163,185,303,304,306,326,327,328,329
311,311,14
47,48,52,143,162,163,185,187,303,304,326,327,328,329
553,553,14
47,48,98,143,162,185,210,233,303,304,326,327,328,329
553,553,13
47,48,49,98,143,162,163,185,233,326,327,328,329
6,6,12
47,48,143,162,185,233,303,304,326,327,328,329
454,454,7
47,48,162,326,327,328,329
254,254,12
37,38,39,59,60,61,62,85,87,108,205,321
456,456,10
24,25,47,48,162,185,274,299,328,345
290,290,60
23,45,46,68,69,91,92,113,114,115,136,137,138,159,160,161,162,182,183,184,204,205,206,207,226,227,228,229,230,249,250,251,252,253,271,272,273,274,275,276,294,295,296,297,298,299,316,317,318,319,320,321,322,339,340,341,342,343,344,345
541,541,128
14,15,16,17,18,19,20,21,22,23,36,37,38,39,40,41,42,43,44,45,46,59,60,61,62,63,64,65,66,67,68,69,82,83,84,85,86,87,88,89,91,105,106,107,109,110,111,112,128,129,130,131,132,133,134,135,152,153,154,155,156,157,158,174,175,176,177,178,179,180,181,188,195,197,198,199,200,201,202,203,217,218,219,220,221,222,223,224,225,226,241,242,243,244,245,247,248,249,264,265,266,267,268,269,271,287,288,289,290,291,292,293,294,310,311,312,313,314,315,316,333,334,335,336,337,338,339,340
524,524,143
2,3,4,5,6,7,8,9,10,11,12,13,14,24,25,26,27,28,29,30,31,32,33,34,35,36,37,47,48,49,50,51,52,53,54,55,56,57,58,70,71,72,73,74,75,76,77,78,79,80,93,94,95,96,97,98,99,100,101,102,103,117,118,119,120,121,122,123,124,125,139,140,141,142,143,144,145,146,162,163,164,165,166,167,185,186,187,188,189,190,191,193,208,209,210,211,212,213,214,215,216,217,231,232,233,234,235,236,237,238,239,241,254,255,256,257,258,259,260,261,277,278,279,280,281,282,283,299,300,301,302,303,304,305,306,323,324,325,326,327,328,329,330
556,556,120
1,2,3,4,5,6,7,8,9,10,24,25,26,27,28,29,30,31,32,33,47,48,49,50,51,52,53,54,55,56,70,71,72,73,74,75,76,77,78,93,94,95,96,97,98,99,100,101,116,117,118,119,120,121,122,123,124,139,140,141,142,143,144,145,146,147,162,163,164,165,166,167,168,169,170,185,186,187,188,189,190,191,192,208,209,210,211,212,213,214,215,231,232,233,234,235,236,237,254,255,256,257,258,259,277,278,279,280,281,300,301,302,303,304,305,323,324,325,326,327
541,541,110
1,2,3,4,5,6,7,8,9,24,25,26,27,28,29,30,31,32,47,48,49,50,51,52,53,54,55,70,71,72,73,74,75,76,77,93,94,95,96,97,98,99,100,116,117,118,119,120,121,122,123,124,139,140,141,142,143,144,145,146,147,162,163,164,165,166,167,168,169,170,185,186,187,188,189,190,194,208,209,210,211,212,213,231,232,233,234,235,254,255,256,257,277,278,279,280,281,300,301,302,303,306,307,323,324,325,326,327,328,329
27,27,103
1,2,3,4,5,6,7,8,9,24,25,26,27,28,29,30,31,32,33,47,48,49,50,51,52,53,55,70,71,72,73,74,75,76,77,93,94,95,96,97,98,99,100,116,117,118,119,120,121,122,123,124,139,140,141,142,143,144,145,146,147,162,163,164,165,166,167,168,170,171,185,186,188,189,190,194,195,208,210,211,212,217,218,231,233,234,242,277,278,283,284,300,301,302,303,307,323,324,326,327,328,329,330
48,48,91
1,2,3,4,5,8,9,24,25,26,28,29,31,33,47,48,49,50,51,52,53,55,70,71,72,73,74,75,76,77,93,94,95,96,97,98,99,116,117,118,119,120,121,122,123,139,140,141,142,143,144,145,146,147,162,163,164,165,166,167,171,185,186,187,188,189,194,195,210,211,212,217,233,254,277,278,284,285,300,301,302,303,304,305,306,307,323,324,326,327,331
133,133,78
1,2,3,4,5,6,10,11,24,25,26,27,28,29,32,33,34,35,47,48,49,50,51,52,53,55,56,70,71,72,73,74,75,76,77,78,93,94,95,96,97,98,99,116,117,118,119,120,121,122,139,140,141,142,143,144,145,146,167,168,188,189,194,212,217,218,240,263,300,301,302,303,323,324,325,326,328,329
529,529,76
1,2,3,4,5,24,40,47,48,49,50,63,70,71,72,73,74,75,76,86,87,93,94,95,96,97,98,99,116,117,118,119,120,121,122,123,139,140,141,142,143,144,146,147,162,163,169,185,186,187,193,208,209,210,216,217,219,231,232,233,240,262,263,300,301,303,310,323,324,325,326,330,332,333,335,336
512,512,71
1,5,24,38,47,48,49,50,70,71,72,73,74,75,76,93,94,95,96,97,98,116,117,118,119,120,121,122,139,140,141,142,143,144,146,162,163,164,169,170,185,186,187,192,193,208,209,210,216,217,218,231,232,233,241,242,269,270,300,301,302,303,310,323,324,325,328,330,332,333,335
451,451,70
1,47,48,49,50,70,71,72,73,74,75,93,94,95,96,97,98,99,110,116,117,118,119,120,121,122,139,140,141,142,143,144,145,146,162,163,164,167,169,185,186,187,188,190,191,192,193,208,209,210,215,216,217,218,231,232,233,235,240,254,262,263,264,279,293,300,323,332,333,335
544,544,64
47,48,49,50,70,71,72,73,74,75,88,93,94,95,96,97,98,99,116,117,118,119,120,121,122,139,140,141,142,143,144,146,162,163,164,165,168,169,170,185,186,187,192,193,194,208,209,210,211,216,217,218,231,232,233,241,261,279,292,293,300,309,332,333
513,513,56
47,48,49,50,70,71,72,73,74,93,94,95,96,97,98,99,116,117,118,119,120,121,122,139,140,142,143,144,146,162,163,169,170,185,186,192,193,194,208,209,210,216,217,218,219,231,232,233,240,262,293,300,309,310,332,333
345,345,55
47,48,50,70,71,72,73,74,93,94,95,96,97,98,116,117,118,119,120,121,122,139,140,143,144,145,146,162,163,169,185,186,187,191,192,193,208,209,210,211,216,217,218,219,231,232,233,241,254,255,277,278,323,332,333
396,396,51
47,48,70,71,72,73,74,75,93,94,95,96,97,98,116,117,118,119,120,121,122,139,140,142,143,144,162,163,168,169,185,186,192,193,208,209,210,215,216,217,218,219,231,232,233,240,278,305,332,333,339
533,533,49
47,48,49,50,70,71,72,73,74,75,94,95,96,97,98,116,117,118,119,120,121,139,145,162,163,167,168,169,185,186,187,191,192,193,208,209,210,211,216,217,218,219,231,232,241,309,331,332,339
402,402,45
47,49,50,70,71,72,73,74,93,94,95,96,97,116,117,118,119,120,121,139,140,141,142,143,144,145,162,163,168,169,185,186,192,193,208,209,210,217,232,233,323,332,337,338,339
412,412,51
96,97,116,120,121,122,139,143,146,162,163,165,166,185,186,187,188,189,192,193,208,209,210,211,212,219,233,234,235,255,258,260,278,280,282,283,300,301,309,323,328,329,331,332,333,334,335,336,337,338,339
23,23,52
74,96,97,98,99,116,120,121,122,139,142,143,144,145,146,162,163,169,185,186,187,188,189,192,193,208,209,210,211,218,219,231,232,233,234,235,241,282,314,315,323,324,328,331,332,333,334,335,336,337,338,339
342,342,56
95,96,97,98,99,116,118,119,120,121,122,139,143,162,163,165,166,169,185,186,187,188,189,192,208,209,210,211,212,217,218,219,233,234,235,256,279,282,305,306,309,313,314,315,323,328,329,330,331,332,333,334,335,336,337,338
547,547,57
74,96,97,98,99,116,120,122,139,143,144,145,146,162,163,166,185,186,187,188,189,192,193,194,195,208,209,210,211,212,218,219,231,234,235,241,257,258,282,283,307,309,313,314,315,323,325,328,330,331,332,333,334,335,336,337,338
342,342,56
97,116,119,120,121,122,139,143,162,163,166,185,186,187,188,189,192,193,208,209,210,211,212,218,219,233,234,235,242,256,278,280,282,285,301,305,306,308,309,313,314,315,323,324,328,329,330,331,332,333,334,335,336,337,338,339
75,75,57
74,96,97,98,116,139,143,144,145,162,163,166,185,186,187,188,192,193,194,195,208,209,210,211,217,218,219,231,242,258,259,262,282,283,284,285,290,306,307,308,309,313,314,315,323,328,329,330,331,332,333,334,335,336,337,338,339
20,20,57
96,97,98,116,119,123,139,146,163,186,187,188,189,194,208,209,210,211,212,218,219,232,234,235,238,239,242,261,282,283,284,285,286,290,305,306,307,308,309,312,313,314,315,323,324,325,328,329,330,331,332,334,335,336,337,338,339
126,126,58
74,96,98,116,117,118,120,139,142,143,145,146,163,186,187,189,192,193,194,210,211,217,218,219,234,240,242,260,263,279,282,283,284,285,286,290,291,306,307,308,309,312,313,314,315,323,328,329,330,331,332,333,334,335,336,337,338,339
322,322,56
95,97,98,116,119,130,131,132,133,139,140,153,162,163,164,185,186,187,188,189,209,210,211,215,216,218,219,234,261,262,280,282,284,285,286,301,306,307,308,309,312,313,314,323,324,328,329,330,331,332,333,334,335,336,338,339
83,83,53
116,139,190,194,217,218,219,239,240,241,242,256,257,258,262,263,277,278,279,280,281,283,284,285,291,300,301,302,303,305,306,307,308,309,312,313,314,315,323,324,325,326,327,328,329,330,331,332,335,336,337,338,339
529,529,53
116,139,163,164,194,217,218,219,234,235,240,241,242,256,257,258,263,277,278,279,280,281,283,284,285,289,291,300,301,302,303,305,306,307,308,309,312,313,314,315,323,324,325,328,329,330,331,332,335,336,337,338,339
77,77,56
116,139,140,162,194,212,217,218,219,239,240,241,242,243,257,258,261,262,263,264,277,278,279,280,281,283,284,285,289,291,300,301,302,303,305,306,307,308,309,312,313,314,315,323,324,325,328,329,330,331,332,335,336,337,338,339
133,133,58
99,116,139,163,194,217,218,219,233,234,235,240,241,242,243,256,257,260,263,264,277,279,280,281,282,283,284,285,289,290,291,300,301,302,303,305,306,307,308,309,312,313,314,315,323,324,325,328,329,330,331,332,333,335,336,337,338,339
232,232,59
99,116,139,140,194,217,218,219,239,240,241,242,243,257,258,261,262,263,264,277,278,279,280,281,283,284,285,286,289,290,291,300,301,302,303,304,305,306,307,308,309,310,312,313,314,315,323,324,325,328,329,330,331,332,335,336,337,338,339
342,342,62
99,116,120,139,162,163,164,194,217,218,219,234,235,240,241,242,243,256,257,262,263,264,265,266,277,279,280,281,282,283,284,285,286,289,290,291,300,301,302,303,305,306,307,308,309,310,312,313,314,323,324,325,326,328,329,330,331,335,336,337,338,339
542,542,82
14,15,16,17,18,19,20,22,23,38,39,40,42,44,45,46,62,63,64,65,67,68,69,91,92,108,110,111,114,115,116,131,132,133,134,138,139,140,153,155,173,180,197,199,217,218,219,229,240,241,242,246,262,269,277,279,280,283,285,290,292,293,298,300,301,302,303,306,313,314,315,316,323,324,325,328,329,330,335,336,338,339
264,264,108
12,14,15,16,17,18,19,20,21,22,23,35,38,39,40,41,42,43,44,45,46,64,65,66,67,68,69,86,87,88,89,90,91,92,107,108,109,110,111,113,114,115,131,132,133,134,135,137,138,148,155,157,160,161,164,176,179,199,202,203,206,207,217,218,219,225,229,230,240,241,242,243,252,264,266,274,275,276,279,280,284,285,289,290,291,292,293,294,298,299,300,301,302,307,308,313,314,315,316,317,323,324,328,329,336,337,338,339
487,487,112
13,14,15,16,17,18,19,20,21,22,23,37,38,39,40,41,42,43,44,45,46,60,61,62,63,64,65,66,67,68,69,84,85,86,87,88,89,90,91,92,107,108,109,110,111,112,113,114,115,130,131,132,133,134,135,136,137,138,154,155,156,157,158,159,160,161,177,178,179,180,181,182,183,184,202,203,204,205,206,207,225,226,227,228,229,230,249,250,251,252,253,271,273,274,275,276,297,298,299,312,315,319,320,321,322,335,337,338,339,343,344,345
346,346,124
13,14,15,16,17,18,19,20,21,22,23,36,37,38,39,40,41,42,43,44,45,46,60,61,62,63,64,65,66,67,68,69,83,84,85,86,87,88,89,90,91,92,107,108,109,110,111,112,113,114,115,130,131,132,133,134,135,136,137,138,154,155,156,157,158,159,160,161,176,177,178,179,180,181,182,183,184,199,200,201,202,203,204,205,206,207,224,225,226,227,228,229,230,246,247,248,249,250,251,252,253,271,272,273,274,275,276,294,295,296,297,298,299,319,320,321,322,337,338,339,342,343,344,345
515,515,146
9,10,11,12,13,14,15,16,17,18,33,34,35,36,37,38,39,40,41,57,58,59,60,61,62,63,64,65,80,81,82,84,85,86,87,88,103,104,105,106,107,108,109,110,111,112,128,129,130,131,132,133,134,135,136,151,152,153,154,155,156,157,158,159,173,174,175,176,177,178,179,180,181,182,196,197,198,199,200,201,202,203,204,205,206,220,221,222,223,224,225,226,227,228,229,242,243,244,245,246,247,248,249,250,251,252,265,266,268,270,271,272,273,274,275,289,290,291,292,293,294,295,296,297,298,299,313,314,315,316,317,318,319,320,321,322,336,337,338,339,340,341,342,343,344,345
251,251,125
1,2,3,4,5,6,7,24,25,26,27,28,29,47,48,49,50,51,52,53,70,71,72,73,74,75,76,93,94,95,96,97,98,99,100,116,117,118,119,120,121,122,123,132,139,140,141,142,143,144,145,146,162,163,164,165,166,167,168,169,185,186,187,188,189,190,191,192,193,208,209,210,211,212,213,214,215,216,217,233,234,235,236,237,238,239,255,256,257,258,259,260,261,262,263,277,280,281,282,283,284,285,286,287,302,303,304,305,306,307,308,309,310,311,313,325,326,327,328,329,330,331,332,333,334
303,303,78
1,2,24,25,47,48,49,70,71,72,93,94,95,96,116,117,118,119,122,139,140,141,142,143,162,163,164,165,185,186,187,188,189,208,209,210,211,212,231,232,233,234,235,236,237,254,255,256,257,258,259,260,261,277,278,279,280,281,282,283,300,301,302,303,304,305,306,307,323,324,325,326,327,328,329,330,331,332
473,473,62
13,16,17,18,41,79,80,81,82,102,103,104,105,121,122,125,126,127,131,132,148,149,151,154,155,178,185,208,219,231,232,235,254,255,258,266,277,278,279,280,281,288,289,290,300,301,302,303,312,313,314,323,324,325,326,330,331,334,335,336,337,338
158,158,45
13,16,17,18,41,79,81,82,102,103,104,105,125,126,127,131,132,148,149,154,155,178,219,242,254,256,266,277,287,288,289,290,300,302,312,313,314,323,324,325,331,335,336,337,338
439,439,36
13,16,17,18,79,80,82,102,103,104,105,125,131,154,155,215,266,277,278,289,290,300,301,302,303,312,313,314,324,325,330,331,335,336,337,338
268,268,31
13,16,17,18,41,79,82,102,103,104,105,126,127,131,154,155,242,266,277,288,289,290,312,313,314,330,331,335,336,337,338
574,574,4
160,216,230,246
574,574,7
89,112,160,230,246,253,299
430,430,11
58,85,89,90,91,112,160,230,253,299,322
12,12,16
60,63,79,89,90,91,113,129,160,200,207,230,253,299,322,345
36,36,20
60,62,63,83,85,91,112,129,160,207,211,229,230,245,253,276,291,299,322,345
247,247,22
42,61,62,63,66,83,84,91,102,112,113,160,172,183,207,226,229,230,253,276,299,322
71,71,16
62,83,84,91,102,112,183,203,206,207,226,230,253,276,299,322
10,10,25
39,62,63,83,85,87,91,106,107,109,127,128,151,160,183,204,206,226,227,229,230,253,276,299,322
328,328,31
16,40,43,61,62,63,64,67,85,86,91,107,112,127,128,182,183,204,206,225,226,227,229,230,233,246,253,276,298,299,322
357,357,54
16,17,20,21,40,43,61,62,63,64,67,83,84,85,86,89,90,91,102,106,107,115,126,127,128,133,134,137,138,156,159,160,181,183,184,202,205,206,210,225,226,227,228,229,230,249,250,253,276,298,299,321,322,345
161,161,36
16,20,21,39,61,62,63,66,85,91,115,128,138,160,181,184,205,206,207,223,224,225,226,227,228,229,230,246,253,276,298,299,321,322,344,345
398,398,48
16,20,21,38,39,40,43,44,61,62,63,65,66,67,85,86,87,89,109,115,128,151,160,183,184,202,203,204,205,223,224,225,226,227,228,229,230,245,246,250,253,276,298,299,321,322,344,345
366,366,54
17,20,21,38,39,40,43,44,60,61,62,63,67,85,86,87,89,92,106,109,112,115,126,128,130,150,151,157,160,181,184,200,202,204,205,206,224,225,226,227,228,229,230,246,249,250,253,276,298,299,321,322,344,345
358,358,52
16,20,21,38,39,40,41,43,44,56,60,61,62,63,66,83,84,85,86,87,109,112,115,126,128,137,149,150,151,184,200,202,205,223,224,225,226,227,228,229,230,246,249,250,253,276,298,299,321,322,344,345
163,163,44
20,21,38,39,40,43,44,62,63,66,83,84,85,86,87,89,92,106,112,115,128,157,184,200,202,203,205,211,223,224,225,226,227,228,246,249,250,253,276,299,321,322,344,345
163,163,45
16,20,21,38,39,40,43,44,61,62,63,64,66,85,86,87,92,106,115,128,130,137,160,184,186,200,202,205,223,224,225,226,227,228,250,251,253,268,272,276,299,321,322,344,345
302,302,55
18,20,21,38,39,40,43,44,60,61,62,63,64,67,83,84,85,86,87,92,105,106,115,128,130,137,150,151,153,157,158,159,160,184,200,202,205,223,224,226,227,228,246,249,250,251,253,268,272,276,299,321,322,344,345
293,293,52
16,19,20,21,38,39,40,41,43,44,60,61,62,63,64,66,83,84,85,86,87,106,108,112,115,128,149,157,158,159,200,201,202,205,223,224,225,226,228,229,231,249,250,251,253,268,272,276,299,321,322,344
343,343,51
16,17,18,20,21,39,40,41,42,44,64,66,87,106,110,112,115,126,127,128,131,133,150,151,152,156,157,158,160,180,184,200,202,205,223,224,225,226,227,228,249,250,251,253,273,276,299,321,322,344,345
92,92,27
20,21,39,40,41,43,64,87,109,137,150,153,158,201,205,223,224,228,246,253,276,299,321,322,329,344,345
350,350,41
16,17,20,21,39,40,41,64,66,87,109,112,128,133,138,150,151,157,158,160,182,200,201,205,206,223,224,225,226,227,228,246,250,253,273,276,299,321,322,344,345
350,350,41
14,16,17,18,20,21,39,40,41,43,64,87,109,110,128,133,137,151,152,153,156,157,181,200,202,205,223,224,225,227,228,253,268,270,275,276,299,321,322,344,345
350,350,41
14,15,16,17,18,20,21,39,40,41,64,87,109,110,112,115,128,133,137,151,152,153,156,157,159,181,200,223,224,225,227,228,246,253,270,276,299,322,343,344,345
224,224,28
15,17,18,20,39,40,41,43,64,87,133,137,153,157,180,191,200,201,223,227,228,268,276,299,321,322,344,345
334,334,39
14,17,18,20,21,39,40,41,42,64,87,109,110,112,126,128,133,138,153,156,157,158,179,180,225,226,227,228,246,250,253,268,276,299,322,341,343,344,345
205,205,35
17,18,19,20,21,39,40,41,64,87,109,127,152,153,156,157,158,180,181,200,201,223,224,226,227,228,241,245,276,299,321,322,341,344,345
350,350,46
13,14,16,17,18,19,20,21,39,40,41,64,87,109,110,112,127,128,133,137,138,144,151,152,153,156,157,172,179,200,205,226,227,228,250,253,270,276,298,299,321,322,341,343,344,345
141,141,52
13,14,15,16,17,19,20,21,23,39,40,43,44,62,64,87,109,110,112,130,133,137,144,152,156,157,158,178,179,181,199,200,201,202,204,223,224,226,227,244,246,249,250,268,270,298,322,341,342,343,344,345
46,46,25
13,19,20,21,39,43,61,62,63,85,86,87,109,157,200,201,202,203,223,226,245,246,257,268,292
36,36,57
23,46,68,69,91,92,113,114,115,136,137,138,159,160,161,181,182,183,184,199,204,205,206,207,226,227,228,229,230,249,250,251,252,253,272,273,274,275,276,294,295,296,297,298,299,317,318,319,320,321,322,340,341,342,343,344,345
548,548,129
2,15,16,17,18,19,20,37,38,39,40,41,42,43,61,62,63,64,65,66,67,69,82,83,84,85,86,87,88,89,91,105,106,107,108,109,110,111,112,114,128,129,130,131,132,133,134,135,136,151,152,153,154,155,156,157,158,174,175,176,177,178,179,180,181,195,196,197,198,199,200,201,202,218,219,220,221,222,223,224,226,240,241,242,243,244,245,246,247,249,263,264,265,266,267,268,269,270,271,285,286,287,288,289,290,291,292,293,294,308,309,310,311,312,313,314,315,316,317,331,332,333,334,335,336,337,338,339,340
515,515,143
3,4,5,6,7,8,9,11,12,13,27,28,29,30,31,32,33,34,35,36,49,50,51,52,53,54,55,56,57,58,71,72,73,74,75,76,77,78,79,80,94,95,96,97,98,99,100,101,102,103,116,117,118,119,120,121,122,123,124,125,139,140,141,142,143,144,145,146,147,148,162,163,164,165,166,167,168,169,170,171,185,186,187,188,189,190,191,192,193,194,208,209,210,211,212,213,214,215,216,231,232,233,234,235,236,237,238,239,240,254,255,256,257,258,259,260,261,262,277,278,279,280,281,282,283,284,300,301,302,303,304,305,306,307,323,324,325,326,327,328,329,330,345
538,538,120
1,2,3,4,5,6,7,8,9,10,11,24,25,26,27,28,29,30,31,32,33,34,47,48,49,50,51,52,53,54,55,70,71,72,73,74,75,76,77,78,79,93,94,95,96,97,98,99,100,101,102,116,117,118,119,120,121,122,123,139,140,141,142,143,144,145,146,162,163,164,165,166,167,168,169,185,186,187,188,189,190,191,208,209,210,211,212,213,214,231,232,233,234,235,236,237,254,255,256,257,258,259,277,278,279,280,281,282,300,301,302,303,304,305,323,324,325,326,327,328
472,472,110
1,2,3,4,5,6,7,8,9,10,24,25,26,27,28,29,30,31,32,33,47,48,49,50,51,52,53,54,55,56,70,71,72,73,74,75,76,77,78,93,94,95,96,97,98,99,100,116,117,118,119,120,121,122,123,139,140,141,142,143,144,145,146,162,163,164,165,166,167,168,185,186,187,188,189,190,208,209,210,211,212,213,231,232,233,234,235,236,254,255,256,257,258,259,277,278,279,280,281,282,300,301,302,303,304,323,324,325,326,327
435,435,104
1,2,3,4,5,6,7,8,9,24,25,26,27,28,29,30,31,32,47,48,49,50,51,52,53,54,70,71,72,73,74,75,76,77,93,94,95,96,97,98,99,100,116,117,118,119,120,121,122,139,140,141,142,143,144,162,163,164,165,166,185,186,187,188,189,190,192,195,208,209,210,211,212,214,215,231,232,233,234,237,254,255,256,257,258,259,277,278,279,280,281,282,300,301,302,303,304,305,306,323,324,325,326,327
481,481,92
1,2,3,4,5,6,7,8,24,25,26,27,28,29,30,31,47,48,49,50,51,52,53,54,62,70,71,72,73,74,75,76,77,78,93,94,95,96,97,98,116,117,118,119,120,121,123,129,139,140,141,142,162,163,164,165,167,171,185,186,188,190,208,209,210,211,212,216,231,232,233,235,254,255,256,257,258,277,278,279,280,281,300,301,302,303,304,305,306,323,324,326
475,475,82
1,2,3,4,5,6,7,24,25,26,28,29,32,51,54,70,71,77,120,140,141,142,143,159,162,163,164,165,166,185,186,188,189,190,193,194,208,209,216,217,218,219,231,232,233,234,235,238,239,240,254,255,256,257,258,259,260,262,263,277,278,279,280,281,282,283,284,285,292,300,301,302,303,304,305,306,314,323,324,325,326,337
544,544,77
2,3,10,11,12,13,24,25,26,29,33,34,47,49,53,84,85,86,96,104,106,107,109,119,122,123,129,130,131,132,140,143,144,145,146,155,162,163,166,167,168,169,186,208,209,213,221,231,232,233,237,244,248,254,255,256,257,259,262,263,266,277,278,279,280,285,286,301,302,303,306,322,324,330,338,339,340
410,410,66
1,2,18,24,25,26,29,30,41,47,48,71,85,88,91,104,107,118,128,129,130,131,140,141,142,151,153,155,163,167,169,171,178,186,194,195,208,209,233,234,239,240,254,255,256,257,258,259,262,263,277,278,279,280,281,284,286,300,301,302,303,305,306,324,325,326
259,259,67
1,3,4,5,7,24,26,27,28,29,30,32,47,48,50,51,52,70,71,72,73,74,75,93,94,95,96,97,98,116,117,118,119,120,121,122,140,141,142,143,144,145,163,164,165,166,167,186,187,189,190,210,211,212,255,256,259,260,278,279,280,281,301,302,303,307,324
354,354,58
27,28,29,47,48,49,50,51,52,70,72,73,74,93,94,95,96,97,98,116,118,119,120,121,122,140,141,142,143,144,145,163,164,165,166,167,187,232,254,255,256,257,259,260,277,278,279,280,281,300,301,302,303,304,305,307,324,325
454,454,46
47,70,116,119,127,132,140,141,142,151,165,175,195,211,232,233,255,256,257,258,262,277,278,279,280,281,300,301,302,303,304,305,306,313,314,315,323,324,325,326,330,331,332,336,337,338
499,499,46
1,26,27,47,48,49,70,71,72,75,94,96,97,117,118,119,120,140,141,142,143,163,164,165,186,187,255,256,257,258,277,278,279,280,281,282,301,302,303,304,305,324,325,326,328,337
23,23,39
47,71,140,141,142,143,163,185,209,232,233,255,256,257,258,277,278,279,280,281,282,283,300,301,302,303,304,305,306,309,323,324,325,326,328,331,332,336,337
113,113,36
119,141,142,163,185,188,232,254,255,256,257,258,262,277,278,279,280,281,282,283,301,302,303,304,305,306,308,323,324,325,326,327,328,329,336,337
261,261,28
29,164,232,254,255,256,257,258,277,278,279,280,281,282,300,301,302,303,304,307,323,324,325,326,327,328,330,331
15,15,39
209,217,232,238,254,255,256,257,260,261,262,277,278,279,280,281,285,300,301,302,303,304,305,306,307,308,309,323,324,325,326,327,328,329,330,331,332,336,337
421,421,42
29,141,163,185,186,208,254,255,256,257,259,262,277,278,279,280,281,284,285,286,300,301,302,303,304,305,306,307,308,313,323,324,325,326,327,328,329,330,331,332,336,337
389,389,45
1,47,116,142,185,234,240,254,255,256,262,277,278,279,280,281,282,283,284,285,286,300,301,302,303,304,305,306,307,308,309,314,323,324,325,326,327,328,329,330,331,332,335,336,337
397,397,47
1,2,6,30,142,163,186,208,209,241,254,255,256,257,259,261,262,277,278,279,280,281,283,284,285,300,301,302,303,304,305,306,307,308,313,323,324,325,326,327,328,329,330,331,332,336,337
422,422,45
1,27,28,30,70,141,142,163,185,208,232,234,254,255,256,257,261,262,263,277,278,279,280,281,283,284,285,300,301,302,303,304,306,307,309,313,323,324,325,326,327,328,329,330,331
225,225,49
1,8,29,94,117,141,162,163,185,186,208,209,234,254,255,256,257,261,263,277,278,279,280,281,282,283,285,300,301,302,303,304,306,307,308,313,323,324,325,326,327,328,329,330,331,332,335,336,337
225,225,51
1,4,26,29,49,72,117,118,123,142,162,163,167,185,208,254,255,256,257,261,262,277,278,279,280,281,283,284,285,300,301,302,303,304,305,306,307,308,313,314,323,324,325,326,327,328,329,330,331,332,337
81,81,49
1,4,26,49,94,140,141,142,162,163,185,234,254,255,256,257,260,261,262,277,278,279,280,281,283,284,285,300,301,302,303,304,305,306,307,308,313,323,324,325,326,327,328,329,330,331,332,336,337
66,66,41
1,26,29,51,71,92,115,132,133,139,147,163,170,252,255,262,277,278,279,280,281,285,286,300,301,302,303,304,305,306,307,323,324,325,326,327,328,329,330,331,335
91,91,50
1,2,3,5,6,7,24,25,26,29,48,49,50,88,139,145,163,164,186,194,208,231,232,252,254,255,256,259,263,264,277,278,279,280,285,300,301,302,303,304,307,308,313,323,324,325,326,329,337,340
512,512,49
1,2,3,4,5,6,7,24,26,27,29,42,48,49,110,111,141,185,186,208,209,231,254,255,256,260,262,277,278,279,280,285,286,300,301,302,303,306,307,308,323,324,325,326,327,328,329,330,331
159,159,50
1,2,3,4,5,6,7,25,26,27,29,41,47,50,162,185,186,208,209,240,242,254,255,256,261,262,263,264,277,278,279,280,284,285,286,300,301,302,303,306,307,308,323,324,325,326,327,328,329,330
340,340,52
1,2,3,4,5,6,7,24,25,26,47,48,99,134,146,162,163,169,185,186,187,195,208,231,240,252,254,255,256,261,262,277,278,279,280,284,285,286,300,301,302,303,304,306,307,323,324,325,326,327,329,330
28,28,53
1,2,3,4,5,6,7,11,18,26,40,41,47,50,64,87,110,124,132,146,162,170,185,186,187,194,208,209,240,241,254,255,256,277,278,279,280,284,286,300,301,302,303,306,307,323,324,325,326,327,328,329,330
512,512,55
1,3,6,11,18,22,23,25,26,27,29,33,40,41,42,45,46,47,57,65,68,69,92,110,111,114,137,138,146,161,163,185,186,208,209,217,254,255,256,277,278,279,280,300,301,302,303,306,323,324,325,326,327,329,330
497,497,71
12,16,17,18,19,20,21,22,23,38,39,40,41,42,43,44,45,46,62,63,64,65,66,67,68,69,85,86,87,88,89,90,91,92,108,109,110,111,112,114,115,131,132,133,134,136,137,138,154,155,158,159,160,161,180,181,182,183,184,205,206,207,230,251,252,274,297,298,323,325,326
300,300,103
12,13,14,15,16,17,18,19,20,21,22,23,35,37,38,39,40,41,42,43,44,45,46,59,60,61,62,63,64,65,66,67,68,69,82,85,86,87,88,89,90,91,92,107,108,109,110,111,112,113,114,115,130,131,132,133,134,135,136,137,138,153,154,155,156,157,158,159,160,161,175,176,177,178,179,180,181,182,183,184,199,200,201,204,205,206,207,226,228,229,230,249,251,252,253,274,275,276,297,298,299,320,344
309,309,109
12,13,14,15,16,17,18,19,20,21,22,23,36,37,38,39,40,41,42,43,44,45,46,59,60,61,62,63,64,65,66,67,68,69,84,85,86,87,88,89,90,91,92,107,108,109,110,111,112,113,114,115,130,131,132,133,134,135,136,137,138,154,155,156,157,158,159,160,161,176,178,179,180,181,182,183,184,202,203,204,205,206,207,225,226,227,228,229,230,249,250,251,252,253,273,274,275,276,296,297,298,299,320,321,322,342,343,344,345
244,244,123
12,13,14,15,16,17,18,19,20,21,22,23,36,37,38,39,40,41,42,43,44,45,46,59,60,61,62,63,64,65,66,67,68,69,83,84,85,86,87,88,89,90,91,92,107,108,109,110,111,112,113,114,115,130,131,132,133,134,135,136,137,138,153,154,155,156,157,158,159,160,161,177,178,179,180,181,182,183,184,200,201,202,203,204,205,206,207,223,224,225,226,227,228,229,230,247,248,249,250,251,252,253,271,272,273,274,275,276,294,295,296,297,298,299,318,319,320,321,322,342,343,344,345
516,516,145
9,10,11,12,13,14,15,16,17,18,32,33,34,35,36,37,38,39,40,41,42,55,56,57,58,59,60,61,62,63,64,65,81,82,83,84,85,86,87,88,103,104,105,106,107,108,109,110,111,112,129,130,131,132,133,134,135,152,153,154,155,156,157,158,159,173,174,175,176,177,178,179,180,181,182,183,197,198,199,200,201,202,203,204,205,206,221,222,223,224,225,226,227,228,229,243,244,245,246,247,248,249,250,251,252,253,266,267,268,269,270,271,272,273,274,275,276,290,292,293,294,295,296,297,298,299,313,314,315,316,317,318,319,320,321,322,337,338,339,340,341,342,343,344,345
250,250,126
1,2,3,4,5,6,7,24,25,26,27,28,29,30,47,48,49,50,51,52,53,70,71,72,73,74,75,76,93,94,95,96,97,98,99,100,117,118,119,120,121,122,123,140,141,142,143,144,145,146,147,160,163,164,165,166,167,168,169,170,186,187,188,189,190,191,192,193,194,210,211,212,213,214,215,216,217,233,234,235,236,237,238,239,240,241,255,256,257,258,259,260,261,262,263,264,279,280,281,282,283,284,285,286,287,302,303,304,305,306,307,308,309,310,311,312,326,327,328,329,330,331,332,333,334,335
293,293,80
1,2,6,24,25,29,47,48,49,52,70,71,93,94,95,96,99,100,116,117,118,119,122,123,139,140,141,142,145,146,162,163,164,165,185,186,187,188,208,209,210,211,212,213,231,232,233,234,235,236,254,255,256,257,258,259,260,277,278,279,280,281,282,283,300,301,302,303,304,305,306,307,323,324,325,326,327,328,329,330
342,342,61
6,8,9,10,11,12,13,15,16,17,18,29,31,32,33,34,35,36,52,54,55,56,79,99,100,101,103,104,111,122,123,124,125,127,145,146,147,148,162,171,172,173,185,186,208,231,232,254,255,256,266,277,278,279,300,301,302,323,324,325,326
463,463,46
6,8,9,10,11,12,13,14,15,16,17,18,29,31,32,33,34,35,36,52,54,55,56,87,99,100,101,104,111,122,123,124,125,131,134,145,146,147,148,150,155,171,172,173,277,300
189,189,37
6,8,9,10,11,12,13,14,15,16,17,18,29,31,32,33,34,35,36,37,52,54,55,56,99,100,101,111,122,123,124,134,145,146,147,155,171
483,483,30
6,8,9,10,11,12,15,16,17,18,29,31,32,33,36,52,54,55,99,100,101,111,122,123,124,134,145,146,147,171
479,479,7
20,62,92,138,161,184,207
66,66,4
61,161,162,184
153,153,7
85,86,136,138,161,184,226
451,451,15
38,59,62,63,85,92,112,136,138,184,206,207,226,299,322
62,62,17
58,59,62,85,86,92,112,136,138,159,160,161,184,206,240,269,299
422,422,19
20,58,59,61,62,84,85,86,92,106,112,138,152,161,162,184,206,269,299
118,118,24
20,39,58,62,85,86,92,112,113,115,136,138,159,160,161,183,184,227,253,276,291,299,315,322
35,35,26
39,44,61,62,63,67,83,85,92,113,136,138,152,159,160,161,184,205,207,227,230,253,290,299,322,345
170,170,18
62,63,85,92,112,113,136,138,152,161,184,205,206,207,227,253,315,322
171,171,43
20,43,44,56,58,67,87,89,112,113,115,131,135,136,138,152,159,161,180,181,184,203,204,205,206,226,227,228,229,230,250,251,253,268,276,290,292,299,313,314,322,338,345
441,441,34
16,20,43,44,56,87,90,112,113,128,130,135,136,159,161,181,184,205,206,207,226,227,228,229,230,250,253,268,276,299,322,333,344,345
161,161,28
16,20,44,79,102,112,113,135,136,150,153,159,161,184,204,205,206,224,226,227,228,229,230,253,276,299,322,333
569,569,43
16,20,43,44,66,67,79,89,90,102,112,113,128,135,136,151,153,157,159,161,184,201,204,205,206,207,224,225,226,227,228,229,230,250,253,268,276,299,321,322,333,344,345
477,477,32
16,20,44,67,79,90,105,112,113,115,128,135,136,149,151,158,161,184,204,205,206,207,226,227,228,230,253,276,299,322,344,345
221,221,40
15,20,43,44,67,79,89,112,113,127,128,133,134,135,136,149,151,159,161,176,204,205,206,207,226,227,228,229,230,249,250,252,253,268,276,298,299,321,322,345
221,221,40
15,16,20,44,67,79,81,89,90,102,112,113,127,133,134,135,136,138,149,152,153,159,161,204,205,206,224,226,227,228,229,230,249,250,253,276,299,322,344,345
467,467,32
15,20,44,66,67,79,89,112,113,128,134,135,136,149,159,204,205,206,207,226,227,228,229,230,249,253,276,299,314,321,322,344
327,327,45
20,43,44,67,79,89,102,112,113,126,128,134,135,136,149,151,156,157,158,159,175,176,181,203,204,205,206,207,223,224,225,226,227,228,229,230,249,250,253,276,298,299,321,322,344
482,482,55
15,16,17,20,43,44,56,66,67,89,90,102,111,112,113,115,127,128,134,135,136,137,138,149,151,152,153,157,158,159,160,172,179,183,200,201,205,206,224,225,226,227,228,229,230,249,250,252,253,275,276,299,321,322,344
458,458,38
15,16,20,21,39,44,63,67,85,89,90,102,112,113,135,136,149,151,152,157,158,159,172,204,205,206,224,225,226,227,228,229,249,250,252,253,276,299
304,304,37
15,16,20,39,43,44,63,67,79,84,89,90,102,112,113,128,134,136,149,152,157,158,159,205,223,224,226,227,228,229,249,250,253,276,299,321,322
161,161,31
15,16,20,21,43,44,62,63,67,85,89,112,113,134,135,149,152,156,159,180,204,205,226,227,228,229,250,253,298,299,317
308,308,36
15,20,39,43,62,63,67,83,85,86,89,102,112,113,115,128,130,135,137,138,149,151,156,157,158,180,205,207,226,227,228,229,249,250,253,322
442,442,44
15,17,20,39,43,44,63,67,81,83,86,90,102,109,112,113,128,130,133,134,135,137,138,151,152,156,157,176,177,205,206,223,224,226,227,228,229,230,249,250,253,276,299,322
367,367,48
15,16,17,20,21,39,40,44,58,63,80,83,86,89,90,102,105,109,112,113,127,128,130,134,135,136,138,149,151,152,154,157,158,176,180,205,226,227,228,229,230,249,250,253,276,299,321,344
575,575,45
14,15,16,17,20,39,40,44,62,63,67,80,83,85,86,102,112,113,130,134,135,136,138,151,152,153,154,156,157,158,176,181,200,205,206,226,227,228,229,230,249,250,253,276,341
59,59,44
14,15,16,17,20,39,40,43,57,62,63,67,85,86,89,102,112,113,134,135,136,138,149,151,152,154,157,158,159,176,200,205,206,226,227,228,229,230,249,250,253,276,299,345
287,287,52
14,15,16,17,20,21,39,40,43,57,62,66,83,85,102,105,106,112,113,127,128,129,130,133,135,136,137,138,149,151,152,154,157,158,176,179,181,205,206,226,227,228,229,230,249,250,252,253,276,298,299,322
259,259,21
15,17,20,39,40,57,84,102,105,129,133,134,136,152,157,158,176,226,227,249,326
471,471,57
23,46,68,69,90,91,92,114,115,136,137,138,159,160,161,182,183,184,204,205,206,207,227,228,229,230,249,250,251,252,253,271,272,273,274,275,276,294,295,296,297,298,299,316,317,318,319,320,321,322,339,340,341,342,343,344,345
548,548,128
14,15,16,17,18,19,20,37,38,39,40,41,42,43,59,61,62,63,64,65,66,82,84,85,86,87,88,106,107,108,109,110,111,128,129,130,131,132,133,134,135,150,151,152,153,154,155,156,157,174,175,176,177,178,179,180,181,194,195,196,197,198,199,200,201,202,203,217,218,219,220,221,222,223,224,240,241,242,243,244,245,246,247,248,263,264,265,266,267,268,269,270,271,272,285,286,287,288,289,290,291,292,293,294,307,308,309,310,311,312,313,314,315,316,317,328,329,330,331,332,333,334,335,336,337,338,339,340
515,515,143
3,4,5,6,7,8,9,10,11,12,13,26,27,28,29,30,31,32,33,34,35,36,49,50,51,52,53,54,55,56,57,58,59,71,72,73,74,75,76,77,78,79,80,81,94,95,96,97,98,99,100,101,102,103,117,118,119,120,121,122,123,124,125,126,139,140,141,142,143,144,145,146,147,162,163,164,165,166,167,168,169,170,185,186,187,188,189,190,191,192,194,208,209,210,211,212,213,214,215,216,231,232,233,234,235,236,238,239,241,254,255,256,257,258,259,260,261,262,277,278,279,280,281,282,283,284,300,301,302,303,304,305,306,307,323,324,325,326,327,328,329,330,331
541,541,121
1,2,3,4,5,6,7,8,9,10,24,25,26,27,28,29,30,31,32,33,34,47,48,49,50,51,52,53,54,55,56,57,70,71,72,73,74,75,76,77,78,79,93,94,95,96,97,98,99,100,101,116,117,118,119,120,121,122,123,139,140,141,142,143,144,145,146,162,163,164,165,166,167,168,185,186,187,188,189,190,191,208,209,210,211,212,213,214,231,232,233,234,235,236,254,255,256,257,258,259,260,277,278,279,280,281,282,283,300,301,302,303,304,305,323,324,325,326,327,328,329
280,280,109
1,2,3,4,5,6,7,8,9,24,25,26,27,28,29,30,31,32,47,48,49,50,51,52,53,54,55,70,71,72,73,74,75,76,77,78,93,94,95,96,97,98,99,100,116,117,118,119,120,121,122,123,139,140,141,142,143,144,145,162,163,164,165,166,167,185,186,187,188,189,190,191,208,209,210,211,212,213,231,232,233,234,235,236,254,255,256,257,258,277,278,279,280,281,282,300,301,302,303,305,307,323,324,325,326,327,328,329,330
294,294,104
1,2,3,4,5,6,7,8,9,24,25,26,27,28,29,31,47,48,49,50,51,52,53,54,55,56,70,71,72,73,74,75,76,77,93,94,95,96,97,98,116,117,118,119,120,121,139,140,141,142,143,144,162,163,164,165,166,167,169,185,186,187,188,189,190,208,209,210,211,212,231,232,233,234,235,236,237,254,255,256,257,277,278,279,280,281,282,300,301,302,303,304,305,307,323,324,325,326,327,328,329,330,331,332
562,562,88
1,2,3,4,5,6,7,8,12,24,25,26,27,30,47,48,49,50,52,53,54,70,71,72,73,74,77,93,94,95,96,116,117,118,119,120,139,140,141,142,162,164,165,166,167,185,186,188,189,190,208,209,210,231,232,233,234,237,254,255,256,277,278,279,300,301,302,303,304,305,306,307,311,313,323,324,325,326,327,328,329,330,331,332,333,334,335,336
480,480,77
1,2,3,6,7,8,9,10,11,12,16,17,24,25,29,30,31,32,33,34,35,36,47,52,53,54,55,56,59,70,73,74,75,76,77,93,96,97,98,99,116,117,118,119,120,121,139,140,141,142,143,144,162,163,185,186,208,209,218,231,232,233,234,254,255,256,262,263,277,283,284,312,328,329,333,335,336
476,476,71
6,11,12,39,40,47,64,69,70,89,92,93,94,95,97,116,117,118,139,140,141,142,143,155,162,163,186,209,231,254,255,256,266,272,274,277,278,279,285,286,289,296,300,301,302,303,305,306,307,308,309,310,311,312,313,317,318,323,324,325,326,328,329,330,331,332,333,334,335,336,340
298,298,62
6,11,12,34,35,41,46,47,69,70,74,91,93,96,97,116,118,120,143,162,186,208,209,231,232,233,254,255,256,277,278,279,285,286,287,288,290,300,301,302,303,305,306,307,308,309,310,311,312,323,324,325,326,328,329,330,331,332,333,334,335,336
281,281,61
2,3,4,24,25,26,27,28,47,48,49,50,51,70,71,72,93,94,117,139,140,141,144,162,163,187,210,231,242,254,255,256,260,264,277,278,279,285,286,300,301,302,306,307,308,309,311,312,323,324,325,326,328,329,330,331,332,333,334,335,336
348,348,54
2,3,4,24,25,26,27,28,47,48,49,50,51,70,71,94,139,163,187,231,232,233,254,255,260,264,277,278,279,286,290,300,301,302,303,306,307,308,309,311,312,323,324,325,326,328,329,330,331,332,333,334,335,336
446,446,41
10,22,48,186,231,254,255,256,263,277,278,279,284,285,286,288,300,301,302,303,306,307,308,309,310,311,312,313,323,324,325,326,328,329,330,331,332,333,334,335,336
446,446,43
2,24,25,26,47,48,70,187,208,231,254,255,277,278,279,286,287,300,301,302,303,305,306,307,308,309,311,312,313,323,324,325,326,327,328,329,330,331,332,333,334,335,336
138,138,38
25,48,231,232,233,254,255,256,277,278,279,285,286,287,300,301,302,303,306,307,308,309,310,311,312,323,324,325,326,328,329,330,331,332,333,334,335,336
324,324,31
231,254,255,277,278,279,286,287,300,301,302,303,306,307,308,309,312,313,323,324,325,326,328,329,330,331,332,333,334,335,336
490,490,29
231,232,254,255,256,277,278,279,286,300,301,302,303,306,307,308,312,323,324,325,326,328,329,330,331,332,334,335,336
504,504,38
186,208,232,233,254,255,256,263,277,278,279,280,283,284,285,286,287,300,301,302,303,305,306,307,308,309,310,323,324,325,326,328,329,330,331,332,333,334
20,20,41
5,49,186,208,231,232,233,254,255,256,264,277,278,279,280,284,285,286,287,300,301,302,303,305,306,307,308,309,310,311,323,324,325,326,328,329,330,331,332,333,334
75,75,46
6,7,25,49,208,231,232,233,254,255,256,257,263,264,277,278,279,280,282,283,284,285,286,287,300,301,302,303,305,306,307,308,309,310,311,323,324,325,326,328,329,330,331,332,333,334
313,313,50
5,6,25,28,29,30,50,51,71,163,208,231,232,233,234,254,255,256,263,264,277,278,279,280,284,285,286,287,300,301,302,303,305,306,307,308,309,310,311,323,324,325,326,328,329,330,331,332,333,334
320,320,51
5,6,7,8,26,28,29,30,47,48,186,208,232,254,255,256,257,263,264,277,278,279,280,283,284,285,286,287,288,300,301,302,303,305,306,307,308,309,310,311,323,324,325,326,328,329,330,331,332,333,334
300,300,53
3,5,6,7,25,26,28,30,48,72,185,208,231,232,233,254,255,256,262,263,264,277,278,279,280,284,285,286,287,288,300,301,302,303,305,306,307,308,309,310,311,323,324,325,326,328,329,330,331,332,333,334,335
383,383,53
6,8,25,28,29,30,50,72,94,185,186,208,231,232,254,255,256,262,263,264,277,278,279,280,282,283,284,285,286,287,288,300,301,302,303,305,306,307,308,309,310,311,323,324,325,326,328,329,330,331,332,333,334
340,340,52
6,7,25,26,48,49,71,185,186,231,232,233,254,255,256,257,262,263,264,265,277,278,279,280,283,284,285,286,287,288,300,301,302,303,305,306,307,308,309,310,311,323,324,325,326,328,329,330,331,332,333,334
151,151,42
29,84,174,185,208,231,254,255,256,264,265,277,278,279,280,284,285,286,287,288,300,301,302,303,305,306,307,308,309,310,311,323,324,325,326,328,329,330,331,332,333,334
83,83,48
1,2,3,4,5,6,7,8,24,25,26,27,28,29,30,50,51,52,72,73,95,96,116,139,140,141,163,164,185,209,231,232,233,234,235,254,255,256,277,278,279,300,301,302,323,324,325,326
264,264,49
1,2,3,4,5,6,7,8,12,24,25,27,28,29,30,47,48,50,51,52,70,73,95,96,118,139,140,141,185,208,231,232,233,234,235,254,255,256,277,278,279,300,301,302,303,323,324,325,326
4,4,49
2,3,4,5,6,7,8,24,25,26,28,29,30,47,48,49,50,51,52,73,94,117,139,141,142,163,185,186,208,231,232,233,234,235,254,255,256,277,278,279,300,301,302,307,323,324,325,326,331
503,503,49
2,3,4,5,6,7,8,25,26,27,28,29,30,34,47,48,49,50,51,52,70,73,93,117,118,139,162,164,185,208,209,231,232,233,234,235,254,255,256,277,278,279,300,301,302,323,324,325,326
464,464,50
2,3,4,6,7,8,12,25,26,27,28,29,30,35,47,48,49,50,51,52,53,94,116,117,118,139,162,185,186,208,209,231,232,233,234,235,254,255,256,277,278,279,300,301,302,323,324,325,326,331
66,66,52
2,4,5,6,7,8,9,12,16,18,25,26,27,28,29,30,31,34,35,47,48,49,50,51,52,55,116,117,139,140,162,185,186,208,231,232,233,235,254,255,256,277,278,279,300,301,302,323,324,325,326,343
554,554,72
12,13,16,17,18,19,20,21,22,23,29,30,35,38,40,41,42,43,44,45,46,62,63,64,65,66,67,68,69,86,87,88,89,90,91,92,107,108,109,110,111,113,114,115,131,132,133,134,138,154,155,156,184,229,251,252,254,255,256,275,276,277,278,279,299,300,301,302,323,324,325,326
90,90,103
11,12,13,14,15,16,17,18,19,20,21,22,23,33,34,35,36,38,39,40,41,42,43,44,45,46,61,62,63,64,65,66,67,68,69,84,85,86,87,88,89,90,91,92,107,108,109,110,111,112,113,114,115,131,132,133,134,135,136,137,138,153,154,155,156,157,158,159,160,161,174,177,179,181,182,183,184,201,206,207,223,228,229,230,251,252,253,274,275,276,277,279,297,299,317,318,319,320,321,341,342,343,345
310,310,111
12,13,14,15,16,17,18,19,20,21,22,23,35,36,37,38,39,40,41,42,43,44,45,46,59,60,61,62,63,64,65,66,67,68,69,84,85,86,87,88,89,90,91,92,107,108,109,110,111,112,113,114,115,130,131,132,133,134,135,136,137,138,154,155,156,157,158,159,160,161,178,179,180,181,182,183,184,201,203,204,205,206,207,227,228,229,230,249,250,251,252,253,272,273,274,275,276,295,296,297,298,299,318,319,320,321,322,342,343,344,345
514,514,123
12,13,14,15,16,17,18,19,20,21,22,23,35,36,37,38,39,40,41,42,43,44,45,46,59,60,61,62,63,64,65,66,67,68,69,84,85,86,87,88,89,90,91,92,105,106,107,108,109,110,111,112,113,114,115,130,131,132,133,134,135,136,137,138,150,153,154,155,156,157,158,159,160,161,177,178,179,180,181,182,183,184,200,201,202,203,204,205,206,207,224,225,226,227,228,229,230,248,249,250,251,252,253,271,272,273,274,275,276,296,297,298,299,318,319,320,321,322,341,342,343,344,345
523,523,146
9,10,11,12,13,14,15,16,17,18,19,33,34,35,36,37,38,39,40,41,42,58,59,60,61,62,63,64,65,66,81,82,83,84,85,86,87,88,89,90,104,105,106,107,108,109,110,111,112,113,129,130,131,132,133,134,135,136,151,152,153,154,155,156,157,158,159,160,174,175,176,177,178,179,180,181,182,183,196,197,198,199,200,201,202,203,204,205,206,219,222,223,224,225,226,227,228,229,244,245,246,247,248,249,250,251,252,253,254,267,269,270,271,272,273,274,275,276,290,291,292,293,294,295,296,297,298,299,313,314,315,316,317,318,319,320,321,322,338,339,340,341,342,343,344,345
251,251,124
1,2,3,4,5,6,24,25,26,27,28,29,30,47,48,49,50,51,52,53,67,70,71,72,73,74,75,76,93,94,95,96,97,98,99,100,116,117,118,119,120,121,122,123,139,140,141,142,143,144,145,146,163,164,165,166,167,168,169,170,186,187,188,189,190,191,192,193,194,209,210,211,212,213,214,215,216,217,232,233,234,235,236,237,238,239,240,241,255,256,257,258,259,260,261,262,263,264,279,280,281,282,283,284,285,286,287,302,303,304,305,306,307,308,309,310,326,327,328,329,330,331,332,333
74,74,71
1,24,25,47,48,49,70,71,72,73,93,94,95,96,116,117,118,119,139,140,141,142,143,162,163,164,165,185,186,187,188,208,209,210,211,212,231,232,233,234,235,236,254,255,256,257,258,259,260,277,278,279,280,281,282,283,300,301,302,303,304,305,306,323,324,325,326,327,328,329,330
196,196,43
24,45,95,96,98,105,106,116,117,128,129,130,139,151,152,162,163,175,176,185,186,208,209,210,231,232,233,243,254,255,256,277,278,279,300,301,302,303,323,324,325,326,327
332,332,23
105,106,128,129,130,151,152,153,175,176,208,231,232,233,234,254,255,256,277,278,279,300,323
341,341,10
105,151,175,208,254,255,256,277,300,323
287,287,1
300
162,162,27
15,21,43,62,63,69,84,85,86,96,115,127,138,150,161,180,203,223,226,227,229,249,250,273,296,299,345
378,378,20
39,62,63,84,86,92,112,115,137,138,150,161,162,184,225,227,249,250,273,291
95,95,24
15,20,21,39,62,63,85,86,87,109,112,115,137,138,161,225,226,227,245,246,249,250,273,295
475,475,28
20,21,39,43,62,63,83,84,85,86,87,92,112,113,115,137,138,161,225,226,227,246,249,250,267,270,295,345
200,200,27
20,43,62,63,69,83,85,86,92,115,137,138,161,225,226,227,228,229,245,249,250,253,273,291,295,298,345
399,399,41
15,20,21,39,43,44,63,69,85,86,92,112,113,115,137,138,148,150,160,161,184,226,227,228,249,250,253,267,268,270,272,273,291,295,296,298,299,310,321,344,345
474,474,34
20,21,39,44,63,85,86,113,115,137,138,160,161,180,184,208,225,226,227,230,246,249,253,267,268,270,272,291,296,299,320,321,334,345
55,55,36
15,20,21,39,63,69,83,84,85,92,112,113,115,137,138,160,161,203,225,226,227,228,230,249,267,268,270,276,295,296,298,319,320,341,344,345
414,414,50
21,39,40,44,63,69,83,84,85,86,109,112,113,115,125,134,135,137,138,148,160,161,203,207,225,226,227,230,245,249,267,268,270,272,291,292,294,295,296,299,317,318,319,320,321,333,341,343,344,345
506,506,56
14,15,21,39,43,44,63,83,84,85,86,109,113,136,137,148,157,159,160,184,203,204,205,207,216,225,226,227,228,230,245,249,250,253,268,276,288,291,293,295,296,297,298,299,315,316,317,318,319,320,322,333,339,340,341,344
481,481,58
15,20,21,39,43,44,63,83,84,85,86,92,130,135,136,137,148,149,157,158,159,160,180,184,193,203,204,205,225,226,227,228,229,230,249,250,253,270,273,276,288,291,292,293,295,296,297,299,314,315,316,317,318,319,338,339,340,341
365,365,65
14,15,20,21,39,43,44,62,63,83,84,85,86,92,102,107,113,135,136,137,148,156,157,158,159,160,180,184,203,204,205,206,207,225,226,227,228,229,230,249,253,270,276,288,291,292,293,295,296,297,299,314,315,316,317,318,319,320,321,322,333,338,339,340,344
161,161,53
14,15,20,21,39,43,44,62,63,83,84,85,86,92,113,128,130,135,136,150,158,159,160,180,184,203,204,205,206,207,226,227,229,230,249,253,291,296,299,314,315,316,317,318,319,320,322,333,339,340,341,343,345
422,422,60
14,15,20,21,39,43,44,62,63,83,86,92,106,113,127,128,130,135,136,138,150,157,158,159,160,180,184,203,204,205,206,207,226,227,229,230,249,253,269,270,276,291,292,299,313,314,315,317,318,319,320,322,326,333,335,336,338,339,340,341
163,163,52
15,20,21,39,43,44,62,63,86,92,102,106,107,108,109,130,135,136,150,156,157,158,160,180,184,203,205,206,207,226,227,228,230,249,253,270,291,295,299,313,314,316,318,319,320,333,335,336,338,340,341,343
284,284,59
15,20,21,43,44,62,63,83,84,85,86,106,107,109,128,130,135,137,150,152,153,154,156,157,158,160,172,180,184,203,204,205,207,226,227,228,249,253,276,291,292,299,310,313,314,315,316,317,318,319,322,333,335,338,339,340,341,344,345
88,88,42
13,14,15,20,21,43,44,63,67,86,109,130,135,136,137,150,156,157,158,172,180,184,203,204,205,227,228,253,276,299,313,314,315,316,317,319,320,333,338,339,340,342
398,398,62
14,15,20,21,39,40,43,44,62,63,83,85,86,106,109,113,129,130,132,134,135,136,150,151,153,154,156,157,158,160,180,184,193,203,205,207,225,227,228,274,276,288,291,292,298,310,313,314,315,318,319,320,321,333,334,335,336,337,338,339,340,341
178,178,33
14,20,21,40,43,44,63,83,84,86,107,109,113,129,130,135,150,153,157,180,184,204,205,228,292,298,299,300,319,333,336,340,344
198,198,55
15,20,21,36,39,40,43,44,62,63,83,85,86,90,107,109,113,127,128,129,130,135,136,137,138,150,151,152,153,156,157,160,172,176,177,180,182,184,201,202,204,205,207,224,226,227,228,230,250,253,268,274,310,311,333
431,431,57
15,16,20,21,36,39,40,43,62,63,67,83,86,90,107,108,109,112,113,126,128,129,130,135,136,138,149,150,151,152,156,157,158,160,161,176,177,180,184,203,204,205,207,226,227,228,230,252,253,268,275,276,299,310,319,333,334
357,357,55
14,15,16,20,38,39,40,43,44,62,63,83,85,86,106,109,127,128,129,130,134,135,137,138,149,150,152,153,154,156,157,160,172,176,179,180,184,203,205,224,226,227,228,229,230,246,253,268,269,274,275,276,322,333,335
402,402,47
14,15,20,37,39,40,43,62,63,83,85,86,106,107,109,112,113,128,129,130,134,135,137,150,151,152,153,156,157,159,160,161,180,184,203,205,206,224,227,228,246,250,253,268,269,275,333
408,408,56
14,15,16,20,37,38,39,40,43,62,63,83,85,86,87,106,107,109,112,113,128,129,130,136,137,150,151,152,153,156,157,158,159,160,161,172,179,180,184,203,204,205,207,224,226,227,228,230,250,269,274,275,276,322,333,335
504,504,67
13,14,15,16,20,21,37,39,40,43,62,63,83,85,86,87,90,104,106,107,109,112,113,127,128,129,130,135,137,138,150,151,152,153,154,155,156,157,158,159,160,161,172,180,184,201,203,204,205,223,224,226,227,228,229,230,239,246,249,250,253,268,269,274,297,333,342
117,117,65
14,15,16,17,20,21,36,37,39,40,43,62,63,85,86,87,89,90,105,106,107,109,113,127,128,129,130,133,135,138,149,150,152,153,156,158,159,160,172,177,181,184,201,203,204,205,206,207,224,226,227,228,247,250,253,268,269,274,275,276,297,300,333,335,345
159,159,54
13,15,16,20,21,37,39,40,43,44,62,63,86,90,106,107,109,112,113,128,130,133,135,138,151,152,156,157,159,160,180,201,203,204,205,206,224,226,228,229,230,246,247,249,253,268,269,272,275,276,295,296,333,342
282,282,54
14,15,16,17,20,21,37,39,40,43,62,63,72,86,87,89,105,106,107,109,128,129,130,138,150,151,152,153,161,176,177,178,182,184,201,203,204,205,206,207,223,224,226,228,229,230,249,253,268,272,274,275,296,299
62,62,19
14,15,21,39,40,43,62,63,86,87,176,177,200,203,204,245,268,307,317
315,315,58
23,41,46,68,69,90,91,92,113,114,115,136,137,138,159,160,161,182,183,184,204,205,206,207,227,228,229,230,249,250,251,252,253,271,272,273,274,275,276,294,295,296,297,298,299,317,318,319,320,321,322,339,340,341,342,343,344,345
531,531,130
14,15,16,17,18,19,20,22,23,37,38,39,40,41,42,43,45,46,60,61,62,63,64,65,67,82,83,84,85,86,87,89,105,106,107,108,109,110,111,112,127,129,130,131,132,133,134,135,150,151,152,153,154,155,156,172,173,174,175,176,177,178,179,180,194,195,196,197,198,199,200,201,202,217,218,219,220,221,222,223,224,239,240,241,242,243,244,245,246,247,248,263,264,265,266,267,268,269,270,284,285,286,287,288,289,290,291,292,293,294,307,308,309,310,311,312,313,314,315,316,317,330,331,332,333,334,335,336,337,338
515,515,142
3,4,5,6,7,8,9,10,11,12,13,26,27,28,29,30,31,32,33,34,48,49,50,51,52,53,54,55,56,57,70,71,72,73,74,75,76,77,78,79,80,93,94,95,96,97,98,99,100,101,116,117,118,119,120,121,122,123,124,125,126,139,140,141,142,143,144,145,146,147,148,162,163,164,165,166,167,168,169,170,171,185,186,187,188,189,190,191,192,193,194,208,209,210,211,212,213,214,215,216,217,231,232,233,234,235,236,237,238,239,254,255,256,257,258,259,260,261,262,277,278,279,280,281,282,283,284,300,301,302,303,304,305,306,307,323,324,325,326,327,328,329
20,20,122
1,2,3,4,5,6,7,8,9,10,24,25,26,27,28,29,30,31,32,33,47,48,49,50,51,52,53,54,55,70,71,72,73,74,75,76,77,78,93,94,95,96,97,98,99,100,102,116,117,118,119,120,121,122,123,124,139,140,141,142,143,144,145,146,162,163,164,165,166,167,168,169,185,186,187,188,189,190,191,192,208,209,210,211,212,213,214,215,231,232,233,234,235,236,237,238,254,255,256,257,258,259,260,277,278,279,280,281,282,300,301,302,303,304,305,306,323,324,325,326,327,344
471,471,111
1,2,3,4,5,6,7,8,9,24,25,26,27,28,29,30,31,32,33,34,47,48,49,50,51,52,53,54,55,56,70,71,72,73,74,75,76,77,93,94,95,96,97,98,99,100,116,117,118,119,120,121,122,139,140,141,142,143,144,145,146,162,163,164,165,166,167,168,185,186,187,188,189,190,194,208,209,210,211,212,213,214,216,231,232,233,234,235,236,254,255,256,257,258,277,278,279,280,281,300,301,302,303,304,305,322,323,324,325,326,327
33,33,105
1,2,3,4,5,7,8,24,25,26,27,28,29,30,31,33,34,35,47,48,49,50,51,52,53,54,55,70,71,72,73,74,75,76,93,94,95,96,97,98,116,117,118,119,120,121,122,139,140,141,142,143,144,145,146,162,163,164,165,166,167,168,169,185,186,187,188,189,194,208,209,210,211,212,216,231,232,233,234,235,236,239,254,255,256,257,258,261,277,278,279,280,284,285,300,301,302,303,304,306,307,323,324,325,326
453,453,95
1,2,3,4,8,24,25,26,27,28,29,30,47,48,49,51,52,53,70,71,72,73,74,75,76,93,94,95,96,97,98,99,116,117,118,119,120,121,139,140,141,142,143,146,162,163,164,165,166,186,187,188,189,191,192,194,208,209,210,211,212,213,214,215,216,221,231,232,233,234,235,236,254,255,258,259,260,265,277,279,280,281,282,300,301,302,303,304,305,306,323,324,325,327,328
400,400,86
1,3,4,7,8,9,10,16,24,27,28,29,30,32,33,36,37,47,48,49,50,51,52,54,55,70,71,76,93,94,98,99,116,117,119,120,121,122,123,124,142,144,145,146,154,163,164,167,168,169,175,176,177,198,212,221,234,240,241,242,243,244,262,263,264,265,266,284,285,288,290,306,307,308,309,310,311,312,313,314,329,330,331,332,336,337
416,416,80
1,2,3,11,24,25,26,47,48,70,74,75,76,93,94,97,102,116,117,123,145,147,148,162,163,164,186,192,196,209,211,212,213,214,220,233,236,239,242,244,245,256,258,259,261,262,266,267,270,280,281,284,285,286,287,289,290,291,292,293,300,306,307,308,310,311,312,313,314,315,316,323,329,330,331,334,336,337,338,340
56,56,73
1,2,3,4,10,24,25,26,27,47,48,70,71,72,76,93,94,95,99,116,117,125,139,145,162,163,196,208,212,213,224,232,236,240,241,243,244,247,254,262,264,265,268,277,279,281,284,285,286,287,288,289,290,291,292,300,306,307,308,309,310,311,312,313,314,323,325,329,330,331,335,336,337
419,419,71
1,2,3,4,5,6,24,25,26,47,48,94,116,117,118,119,139,142,162,163,164,165,168,187,188,189,190,191,194,212,213,214,215,217,219,220,221,236,237,238,239,244,259,260,261,262,265,266,267,269,275,282,283,284,287,289,290,292,293,294,306,307,310,311,315,316,329,330,337,338,339
234,234,63
1,2,3,4,5,6,24,25,47,48,70,116,117,139,140,162,163,164,165,171,187,188,189,196,208,209,212,213,214,215,220,231,237,238,239,241,244,255,260,261,267,277,282,283,284,285,290,291,292,306,307,308,309,311,312,313,314,315,329,330,331,337,338
347,347,55
1,2,3,24,25,26,47,93,116,120,147,163,169,186,187,196,213,214,236,237,241,243,244,255,258,259,262,265,266,267,269,278,282,284,285,287,289,290,291,292,302,306,307,308,311,312,314,315,329,330,331,332,335,336,337
112,112,55
1,2,3,24,25,47,70,97,121,139,140,144,145,162,185,188,193,194,196,208,217,219,232,233,238,241,261,262,278,281,282,283,285,288,290,291,292,301,306,307,308,311,313,314,315,316,325,328,329,330,331,332,334,336,337
146,146,53
1,2,3,24,25,47,70,98,116,117,118,122,139,146,163,165,189,194,209,210,234,235,244,254,265,266,267,269,277,279,280,283,285,286,288,289,290,291,306,307,311,312,313,314,315,326,329,330,333,334,335,336,337
115,115,44
1,2,3,24,25,26,47,93,119,120,139,140,141,162,166,170,186,187,190,194,195,196,208,212,231,243,244,255,265,267,290,291,306,307,312,313,314,315,330,331,332,335,336,337
121,121,39
1,2,3,24,25,42,47,116,139,147,162,163,185,209,213,236,237,265,266,267,277,286,287,289,290,308,310,313,314,315,316,328,329,330,331,332,335,336,337
245,245,51
1,2,24,163,185,186,194,195,198,199,219,220,242,244,254,255,261,262,264,267,286,287,288,289,290,291,292,293,295,306,308,309,312,313,314,315,316,328,329,330,331,333,334,335,336,337,338,339,340,342,344
302,302,50
1,2,24,47,48,164,185,186,194,218,219,238,239,240,241,242,243,244,254,255,261,262,264,265,267,287,288,289,290,291,292,293,306,307,308,309,312,313,314,316,328,329,330,331,333,334,335,336,337,341
269,269,55
1,2,3,6,24,25,26,47,70,93,116,162,171,185,186,194,195,209,212,217,219,231,232,236,240,242,244,261,262,263,264,272,285,287,289,290,293,296,301,306,308,309,312,313,314,328,329,330,331,333,334,335,336,337,341
483,483,57
1,2,5,7,24,25,26,47,49,70,116,117,142,143,164,166,176,185,186,187,194,196,199,208,209,210,217,218,219,220,231,232,236,238,239,242,264,272,287,289,290,294,295,296,306,308,311,312,313,329,330,331,333,334,335,336,337
249,249,58
1,2,3,4,5,6,7,24,25,26,27,28,30,47,50,87,116,117,123,142,162,166,172,185,186,187,194,195,198,209,220,231,232,239,241,244,263,265,267,286,287,289,290,295,296,307,308,312,313,316,329,330,331,333,334,335,336,337
348,348,60
1,2,5,6,24,25,26,28,30,47,49,70,116,117,123,139,144,162,163,164,167,185,186,187,194,195,197,208,209,210,217,218,219,231,232,240,242,255,259,274,285,289,290,294,295,296,300,307,312,313,317,323,324,329,330,331,333,334,335,336
259,259,60
1,2,3,6,24,25,26,27,28,29,47,48,49,51,70,72,93,116,123,144,162,163,167,173,185,186,187,194,196,208,209,217,219,220,231,244,254,255,262,264,274,275,288,289,290,296,297,300,308,312,313,314,329,330,331,333,334,335,336,342
305,305,63
1,2,3,7,24,25,26,27,28,29,47,49,70,116,144,162,167,171,185,186,187,194,195,196,208,209,210,217,220,231,232,236,240,241,244,245,255,259,261,262,266,274,275,283,290,294,295,296,297,300,306,307,312,313,315,323,329,330,331,333,334,335,336
245,245,54
1,2,3,24,29,47,48,117,164,181,182,194,195,200,205,206,217,218,219,220,223,227,228,229,230,231,249,250,251,252,253,272,273,274,275,287,290,295,296,297,312,313,314,320,329,331,333,334,335,336,337,338,341,342
340,340,68
5,6,7,29,30,51,73,106,117,122,129,130,131,132,133,144,152,153,154,167,173,175,176,177,185,186,187,188,194,196,199,208,209,218,236,252,272,274,275,276,278,282,283,294,295,296,297,298,299,301,306,308,311,312,313,316,319,320,321,328,330,331,333,334,335,336,337,342
526,526,67
6,7,28,29,30,47,105,106,107,108,110,117,130,131,132,133,154,155,176,177,188,195,196,217,218,219,222,229,231,241,243,252,254,266,267,274,275,276,282,283,289,290,295,296,297,298,299,301,306,310,312,313,314,316,319,320,328,330,331,332,333,334,335,336,337,342,343
538,538,69
6,7,28,30,52,95,99,106,109,111,128,130,131,132,133,153,154,155,171,175,176,177,187,194,197,198,199,206,213,220,221,240,251,252,253,263,272,274,275,276,278,279,283,287,293,294,295,296,297,298,299,306,312,313,314,319,320,321,322,325,328,330,331,332,333,334,335,336,337
110,110,68
6,7,28,29,30,47,82,106,108,110,111,116,130,131,132,133,140,153,154,155,172,176,177,195,196,218,219,222,229,242,251,252,262,264,267,274,275,276,283,287,288,289,290,294,295,296,297,298,299,306,308,309,310,312,313,315,319,320,324,328,330,331,332,333,334,335,336,337
293,293,66
6,30,105,106,107,108,111,129,131,132,133,134,153,154,155,176,177,196,206,219,220,229,230,245,246,251,252,253,254,255,264,268,272,274,275,276,283,286,287,289,294,295,296,297,298,299,302,306,308,312,313,314,319,320,321,328,329,330,331,332,333,334,335,336,337,343
348,348,71
7,29,30,67,106,108,110,111,130,131,132,133,134,153,154,155,175,176,177,198,199,205,206,217,220,222,229,230,243,251,252,253,264,265,267,272,273,274,275,276,283,286,288,289,290,294,295,296,297,298,299,306,308,309,312,313,314,319,320,321,328,329,330,331,332,333,334,335,336,337,338
110,110,81
16,17,18,19,20,21,22,23,42,43,44,45,46,67,68,69,88,90,91,92,111,113,114,115,130,132,133,134,138,154,155,156,161,177,178,181,182,183,184,204,205,206,207,218,227,228,229,230,249,250,251,252,253,266,268,272,273,274,275,276,289,290,293,295,296,297,298,299,312,313,319,320,321,330,331,333,334,335,336,338,343
500,500,103
16,17,18,19,20,21,22,23,39,40,41,42,43,44,45,46,63,64,65,66,67,68,69,86,88,89,90,91,92,105,107,108,109,110,111,113,114,115,131,132,133,134,137,138,154,155,156,157,158,160,161,177,178,181,182,183,184,199,200,201,204,206,207,219,222,223,225,227,228,229,230,242,245,249,250,251,252,253,272,273,274,275,276,290,295,296,297,298,299,313,316,318,319,320,321,322,336,338,339,340,342,343,344
313,313,110
14,15,16,17,18,19,20,21,22,23,39,40,41,42,43,44,45,46,61,62,63,64,65,66,67,68,69,85,86,87,88,89,90,91,92,108,109,110,111,112,113,114,115,131,132,133,134,135,136,137,138,153,154,155,156,157,158,159,160,161,176,177,178,179,180,181,182,183,184,201,202,203,204,205,206,207,224,225,226,227,228,229,230,249,250,251,252,253,272,273,274,275,276,294,295,296,297,298,299,312,319,320,321,322,323,341,342,343,344,345
119,119,122
13,14,15,16,17,18,19,20,21,22,23,37,38,39,40,41,42,43,44,45,46,59,60,61,62,63,64,65,66,67,68,69,84,85,86,87,88,89,90,91,92,107,108,109,110,111,112,113,114,115,130,131,132,133,134,135,136,137,138,153,154,155,156,157,158,159,160,161,177,178,179,180,181,182,183,184,199,200,201,202,203,204,205,206,207,223,224,225,226,227,228,229,230,248,249,250,251,252,253,271,272,273,274,275,276,294,295,296,297,298,299,317,318,319,320,321,322,341,342,343,344,345
516,516,145
9,10,11,12,13,14,15,16,17,18,19,33,34,35,36,37,38,39,40,41,42,57,58,59,60,61,62,63,64,65,66,81,82,83,84,85,86,87,88,89,91,103,104,105,106,107,108,109,110,111,112,113,126,127,129,130,131,132,133,134,135,136,151,152,153,154,155,156,157,159,174,175,176,177,178,179,180,181,182,183,197,198,199,200,201,202,203,204,205,206,207,220,221,222,223,224,225,226,227,228,229,244,245,246,247,248,249,250,251,252,253,269,270,271,272,273,274,275,276,292,293,294,295,296,297,298,299,314,315,316,317,318,319,320,321,322,337,338,339,340,341,342,343,344,345
525,525,129
1,2,3,4,5,6,7,24,25,26,27,28,29,30,47,48,49,50,51,52,53,54,70,71,72,73,74,75,76,77,93,94,95,96,97,98,99,100,116,117,118,119,120,121,122,123,124,139,140,141,142,143,144,145,146,162,163,164,165,166,167,168,169,170,185,186,187,188,189,190,191,192,193,194,209,210,211,212,213,214,215,216,217,232,233,234,235,236,237,238,239,240,256,257,258,259,260,261,262,263,264,279,280,281,282,283,284,285,286,287,303,304,305,306,307,308,309,310,311,314,326,327,328,329,330,331,332,333,334
356,356,78
24,25,47,48,49,70,71,72,93,94,95,116,117,118,119,120,139,140,141,142,143,162,163,164,165,166,185,186,187,188,189,208,209,210,211,212,213,231,232,233,234,235,236,254,255,256,257,258,259,260,277,278,279,280,281,282,283,284,286,300,301,302,303,304,305,306,307,311,323,324,325,326,327,328,329,330,331,332
135,135,60
13,16,17,37,40,59,60,61,63,83,84,86,87,88,89,105,106,107,108,109,110,111,128,130,131,132,133,154,155,162,175,177,178,185,186,197,198,208,209,231,232,254,255,256,277,278,279,280,300,301,302,310,319,320,323,324,325,326,342,343
484,484,46
16,17,37,38,39,40,47,60,61,63,64,83,84,86,87,88,89,106,107,108,109,110,111,112,129,130,131,132,133,154,155,156,177,178,186,252,253,254,256,277,278,312,319,320,342,343
325,325,34
17,41,59,60,61,63,82,83,84,86,87,88,89,105,106,107,108,109,110,111,112,128,131,132,133,154,155,178,253,311,319,320,342,343
31,31,27
17,37,40,41,60,64,83,84,87,88,89,106,107,108,109,110,111,131,132,133,155,156,178,319,320,342,343
237,237,1
26
136,136,27
266,284,285,288,289,290,291,304,306,307,308,310,311,312,313,314,326,327,328,329,330,331,332,333,334,335,336
277,277,25
82,88,266,285,288,289,290,292,306,307,308,309,310,311,312,313,314,326,327,328,329,330,331,332,334
387,387,24
266,285,288,289,290,304,306,307,308,310,311,312,313,314,326,327,328,329,330,331,332,334,336,337
4,4,21
266,285,289,290,306,307,308,310,311,312,313,314,326,327,328,329,330,331,332,333,334
195,195,17
266,289,290,305,306,307,308,311,312,313,326,327,328,330,331,332,334
395,395,16
266,285,289,290,306,307,308,311,312,313,326,327,328,330,331,334
192,192,14
266,289,290,304,306,307,311,312,326,327,328,329,331,334
85,85,12
266,289,306,307,308,311,326,327,328,331,332,334
75,75,2
138,161
444,444,35
192,193,194,197,198,199,215,216,217,220,222,239,243,258,259,266,282,284,289,302,303,304,305,306,307,311,312,313,324,325,326,327,328,333,334
52,52,34
193,194,197,198,199,215,216,220,239,243,259,266,282,283,284,289,302,304,306,307,308,311,312,313,315,325,326,327,328,329,332,333,334,337
44,44,37
192,193,197,198,199,215,216,220,221,222,239,243,245,258,259,266,281,282,289,290,302,304,305,306,307,310,311,312,313,324,325,326,327,328,333,334,337
403,403,37
192,193,194,197,198,199,215,216,220,222,239,243,259,262,264,266,281,282,284,289,302,304,305,306,307,308,310,311,312,313,314,325,327,328,329,334,337
388,388,38
192,193,194,197,199,215,216,220,221,222,239,243,258,259,262,266,281,282,284,289,290,302,304,305,306,307,310,311,312,313,325,326,327,328,329,334,335,337
95,95,39
193,194,197,199,214,215,216,220,222,239,243,245,259,262,266,281,282,289,290,302,304,305,306,307,310,311,312,313,315,324,325,326,327,328,329,331,334,336,337
85,85,40
192,193,194,198,199,214,215,216,220,222,238,239,243,245,258,266,280,281,282,289,290,302,303,304,305,306,307,310,311,312,313,314,324,325,326,327,328,329,334,337
565,565,39
174,193,194,197,198,199,200,215,216,220,222,238,239,243,245,262,266,280,281,282,289,290,302,304,305,306,307,308,310,311,312,313,325,326,327,328,329,334,337
184,184,30
193,199,215,216,220,222,239,243,266,282,287,289,290,304,305,306,307,308,309,310,311,312,313,328,332,333,334,335,337,338
229,229,57
167,174,187,190,192,193,197,198,199,209,210,211,212,215,216,220,222,233,234,243,245,255,256,262,266,267,277,278,279,280,282,284,286,287,289,290,294,302,304,305,306,307,308,309,310,312,313,317,324,325,327,328,329,330,332,333,334
529,529,56
174,192,193,197,198,199,209,210,211,212,215,216,220,221,222,234,235,243,244,255,256,257,262,266,267,277,278,279,282,285,286,287,288,289,290,293,294,301,304,305,306,307,308,309,310,312,324,325,327,328,329,330,331,332,333,334
570,570,59
123,174,175,187,192,193,197,198,199,209,210,211,220,221,222,233,234,235,238,243,245,255,256,257,262,266,267,277,278,279,282,284,285,286,287,289,290,294,301,302,304,305,306,307,308,309,310,312,316,324,325,327,328,329,330,332,333,334,337
72,72,59
174,192,193,197,198,199,211,215,216,217,220,221,234,235,243,255,256,257,262,266,267,271,277,278,279,282,285,287,288,289,290,293,294,300,301,302,304,305,306,307,308,309,310,311,312,313,316,324,325,327,328,329,330,331,332,333,334,337,339
537,537,59
174,175,192,193,197,198,199,210,211,212,215,216,220,221,222,233,234,235,243,255,256,257,262,266,267,277,278,279,280,282,284,285,289,290,293,294,300,301,302,304,305,306,307,308,309,310,312,316,324,325,327,328,329,330,332,333,334,337,339
250,250,59
190,192,193,197,198,199,211,212,215,216,217,220,221,222,234,235,238,243,244,245,255,256,257,266,267,277,278,279,282,283,284,285,287,288,289,293,301,302,304,305,306,307,308,309,310,312,316,324,325,327,328,329,330,331,332,333,334,337,339
144,144,59
146,169,174,175,192,193,194,197,198,199,211,215,216,217,220,222,233,234,235,240,243,255,256,257,262,266,267,277,278,279,280,282,283,284,287,289,290,294,302,304,305,306,307,309,310,311,324,325,326,327,328,329,330,332,333,334,337,338,339
111,111,57
174,193,197,198,199,211,212,215,217,220,221,222,234,238,243,245,255,256,257,258,266,271,277,278,279,280,282,283,284,289,290,293,300,301,302,304,305,306,307,309,310,312,316,323,324,325,326,327,328,329,330,331,332,333,334,337,339
15,15,48
170,192,193,194,198,211,212,215,216,217,220,234,235,243,255,256,257,262,266,277,278,279,282,283,284,287,288,289,294,301,304,305,306,307,309,310,311,312,324,325,328,329,330,331,332,333,334,339
36,36,68
99,120,142,143,146,162,170,185,186,187,193,208,209,210,212,215,217,220,233,234,235,240,243,253,255,256,257,262,264,266,267,275,276,277,278,279,280,282,283,284,286,287,290,293,298,299,300,305,306,307,308,309,310,311,312,317,321,322,324,326,327,328,329,330,332,333,334,339
561,561,75
22,23,44,45,46,67,68,69,90,91,92,112,113,114,115,135,136,137,138,157,158,159,160,161,180,181,182,183,184,203,204,205,206,207,226,227,228,229,230,249,250,251,252,253,271,272,273,274,275,276,292,293,294,295,296,297,298,299,315,316,317,318,319,320,321,322,337,338,339,340,341,342,343,344,345
548,548,132
13,14,15,16,17,18,19,20,21,22,35,36,37,38,39,40,41,42,43,44,45,59,60,61,62,63,64,65,66,81,82,83,84,85,86,87,88,104,105,106,107,108,109,110,111,126,127,128,129,130,131,132,133,150,151,152,153,154,155,156,157,174,175,176,177,178,179,194,195,196,197,198,199,200,201,202,217,218,219,220,221,222,223,224,240,241,242,243,244,245,246,263,264,265,266,267,268,269,270,286,287,288,289,290,291,292,293,294,307,308,309,310,311,312,313,314,315,316,317,318,329,330,331,332,333,334,335,336,337,338,339,340
547,547,144
3,4,5,6,7,8,9,10,11,12,13,25,26,27,28,29,30,31,32,33,34,35,36,48,49,50,51,52,53,54,55,56,57,58,71,72,73,74,75,76,77,78,79,80,81,93,94,95,96,97,98,99,100,101,102,103,116,117,118,119,120,121,122,123,124,125,139,140,141,142,143,144,145,146,147,162,163,164,165,166,167,168,169,170,185,186,187,188,189,190,191,192,193,194,208,209,210,211,212,213,214,215,216,217,231,232,233,234,235,236,237,238,239,254,255,256,257,258,259,260,261,277,278,279,280,281,282,283,300,301,302,303,304,305,306,307,323,324,325,326,327,328,329,335
541,541,126
1,2,3,4,5,6,7,8,9,24,25,26,27,28,29,30,31,32,47,48,49,50,51,52,53,54,70,71,72,73,74,75,76,77,78,93,94,95,96,97,98,99,100,101,116,117,118,119,120,121,122,123,124,139,140,141,142,143,144,145,146,147,162,163,164,165,166,167,168,169,170,185,186,187,188,189,190,191,192,193,208,209,210,211,212,213,214,215,231,232,233,234,235,236,237,238,254,255,256,257,258,259,260,261,277,278,279,280,281,282,283,284,300,301,302,303,304,305,306,323,324,325,326,327,328,329
42,42,122
1,2,3,4,5,6,7,11,24,25,26,27,28,29,30,34,47,48,49,50,51,52,53,56,57,70,71,72,73,74,75,76,77,78,79,93,94,95,96,97,98,99,100,101,102,116,117,118,119,120,121,122,123,139,140,141,142,143,144,145,146,160,162,163,164,165,166,167,168,169,185,186,187,188,189,190,192,193,208,209,210,211,212,213,214,215,221,231,232,233,234,235,236,237,238,254,255,256,257,258,260,261,277,278,279,280,281,282,283,300,301,302,303,304,305,306,323,324,325,326,327,328
549,549,118
1,2,24,34,47,48,70,71,75,76,77,78,79,93,96,97,98,99,116,117,118,119,120,121,122,139,140,141,142,143,144,146,147,162,163,164,165,166,167,168,169,170,171,185,186,187,188,189,190,191,192,193,198,208,209,210,211,212,213,214,215,216,220,221,222,231,232,233,234,235,237,238,239,240,243,254,255,256,257,258,259,260,261,262,277,278,279,280,283,284,290,291,300,301,302,303,304,305,306,307,308,309,311,312,314,316,323,324,325,327,328,329,330,331,332,333,334,335
429,429,108
11,79,97,99,119,120,121,123,139,140,141,142,143,144,145,147,162,163,164,165,166,167,168,184,185,186,187,188,189,190,192,193,195,198,199,208,209,210,211,212,213,215,220,221,222,231,232,233,234,235,236,237,238,239,241,242,243,244,254,255,256,257,258,261,265,266,269,277,278,279,280,281,282,283,287,288,289,290,300,301,302,303,304,305,306,307,308,309,310,311,312,313,314,323,324,325,326,327,328,329,330,331,332,333,334,335,336,338
412,412,98
119,120,140,141,142,153,154,155,162,163,164,165,166,176,177,178,185,186,187,188,190,199,200,201,208,209,210,211,212,221,222,231,232,233,234,235,241,242,243,244,245,254,255,256,257,263,264,265,266,267,268,269,272,273,274,275,277,278,286,288,289,290,291,292,294,295,296,297,300,301,305,306,307,308,309,310,311,312,313,314,315,316,317,318,319,323,324,328,329,330,331,332,333,334,335,336,337,338
72,72,93
7,75,96,116,118,119,139,140,142,143,154,162,163,165,166,167,169,177,178,185,186,189,199,201,208,209,210,211,218,219,220,222,224,231,233,234,240,242,243,244,254,255,257,262,265,266,267,268,269,277,278,284,285,286,287,288,289,290,291,293,294,295,300,301,305,306,308,309,310,311,312,313,314,315,316,317,323,324,325,326,327,328,329,330,331,332,333,334,335,336,337,338,339
474,474,88
73,116,120,139,140,142,143,155,162,163,168,169,177,178,185,186,192,193,199,201,209,217,218,219,220,221,222,232,240,241,242,243,244,254,255,256,262,263,265,266,267,268,269,277,278,281,282,284,285,286,287,288,289,290,291,292,300,305,306,307,308,309,310,311,312,313,314,315,316,317,318,323,324,325,326,327,328,329,330,331,332,333,334,335,336,337,338,339
457,457,90
5,96,98,116,117,118,119,120,121,122,140,142,143,144,145,146,162,163,165,166,167,168,169,178,190,217,218,219,220,222,235,237,240,242,243,244,254,255,256,260,262,265,266,267,269,277,281,282,283,284,285,286,287,288,289,290,291,296,300,303,304,305,306,307,308,309,310,311,312,313,314,315,316,323,324,325,326,327,328,329,330,331,332,333,334,335,336,337,338,339
452,452,88
116,119,120,121,122,123,140,142,143,144,145,147,155,163,165,166,167,169,217,218,219,220,221,222,235,240,242,243,244,256,258,259,260,262,263,265,266,267,268,277,278,281,282,283,284,285,286,287,288,289,290,291,292,294,295,300,302,303,304,305,306,307,308,309,310,311,312,313,314,315,316,323,324,325,326,327,328,329,330,331,332,333,334,335,336,337,338,339
528,528,84
96,97,117,118,119,120,121,123,139,140,142,143,144,146,162,163,166,167,218,219,220,221,222,235,240,242,243,244,255,256,258,259,262,265,266,267,268,277,278,280,281,282,283,284,285,286,287,288,289,290,291,292,300,301,304,305,306,307,308,309,310,311,312,313,314,315,316,323,324,325,326,327,328,329,330,331,332,333,334,335,336,337,338,339
118,118,86
116,117,119,120,121,140,142,143,144,162,163,166,169,185,192,211,217,218,219,220,235,238,240,242,243,244,245,254,258,259,260,261,262,263,264,265,266,267,268,277,278,279,280,281,282,283,284,285,286,287,288,289,290,291,292,300,301,302,303,304,305,308,309,310,311,312,313,314,315,323,324,325,326,327,328,329,330,331,332,333,334,335,336,337,338,339
342,342,83
96,97,98,99,116,118,121,123,139,140,142,143,162,163,166,210,217,219,220,235,240,242,243,244,258,259,260,261,262,265,266,267,268,269,277,278,279,280,281,282,283,284,285,286,288,289,290,291,292,293,295,300,301,302,303,304,305,308,309,310,311,312,313,314,315,316,323,324,325,326,327,328,329,330,331,332,333,334,335,336,337,338,339
212,212,82
117,120,123,140,142,143,144,162,163,202,209,218,219,220,221,235,237,240,243,244,254,255,258,259,260,261,262,265,266,267,268,274,275,277,278,279,280,281,282,283,284,285,286,287,288,289,290,291,292,293,295,300,301,302,303,304,305,308,309,310,311,312,313,314,315,323,324,325,326,327,328,329,330,331,332,333,334,335,336,337,338,339
348,348,78
74,97,99,118,119,120,139,140,142,143,144,146,164,165,166,186,218,219,220,240,241,242,243,244,255,256,259,260,261,262,266,267,274,275,277,278,279,280,281,282,284,285,286,288,293,294,295,300,301,302,303,304,305,306,307,308,309,310,314,315,316,323,324,325,326,327,328,329,330,331,332,333,334,335,336,337,338,339
408,408,78
26,27,28,29,30,48,49,50,51,52,70,71,73,75,94,95,96,97,116,118,120,140,142,196,217,219,235,236,239,240,241,243,255,256,259,260,261,262,263,277,278,279,280,281,282,284,286,293,294,295,296,297,303,304,307,311,312,313,314,315,316,317,318,319,323,324,328,329,330,331,332,335,336,337,338,339,340,341
323,323,82
6,7,27,28,30,47,48,49,50,51,70,71,72,73,74,95,96,97,98,117,119,120,140,142,143,166,167,218,219,220,237,238,239,240,241,255,256,257,258,259,260,261,262,263,277,278,279,280,281,282,284,286,288,293,294,295,296,303,304,307,308,309,311,313,315,316,317,323,327,328,329,330,331,332,335,336,337,338,339,340,341,342
377,377,83
5,26,27,28,29,48,49,50,51,52,70,71,72,73,74,75,94,95,96,117,118,119,120,140,142,146,167,194,196,209,211,218,219,233,240,241,243,254,255,256,257,258,259,260,261,262,263,276,277,278,279,280,281,282,283,284,286,293,294,295,303,304,305,307,308,311,312,316,317,325,327,328,329,330,331,332,335,336,337,338,339,340,342
220,220,85
5,27,28,48,49,50,51,70,71,72,73,74,94,95,96,97,98,116,117,118,119,139,140,141,142,143,164,166,167,194,196,217,218,219,232,235,237,240,241,242,254,255,256,257,258,259,260,261,262,277,278,279,280,281,282,283,284,286,287,293,294,295,303,304,305,307,308,316,317,318,323,324,325,327,328,329,330,331,332,335,336,337,338,340,342
319,319,85
6,25,26,27,28,29,47,48,49,50,51,52,70,71,72,73,74,75,93,94,95,96,97,116,117,118,119,139,141,167,194,196,217,218,219,220,234,235,236,237,240,241,243,255,256,257,258,259,260,261,262,263,278,279,280,281,282,283,284,286,294,303,304,305,307,308,309,312,316,317,323,324,325,327,328,329,330,331,332,335,336,337,338,339,340
347,347,87
5,6,7,26,27,28,29,48,49,50,51,70,71,72,73,74,93,94,95,96,97,116,117,118,119,120,139,140,141,142,143,167,169,186,218,219,220,235,236,237,240,241,242,243,255,256,257,258,259,260,261,262,263,277,278,279,280,281,282,283,284,286,294,300,303,304,305,307,308,313,316,317,318,323,324,325,327,328,329,330,331,332,335,336,337,338,342
295,295,86
5,6,26,27,28,29,48,49,50,51,52,70,71,72,73,74,75,93,94,95,96,97,116,117,118,119,120,139,140,141,142,144,167,169,209,217,219,232,234,235,240,241,254,255,256,257,258,259,260,261,262,263,275,277,278,279,280,281,282,284,286,294,300,303,304,305,307,308,309,312,316,317,318,323,324,327,328,329,330,331,332,335,336,337,338,339
369,369,88
5,6,26,27,28,48,49,50,51,70,71,72,73,74,93,94,95,96,97,98,116,117,118,119,120,126,139,141,142,143,146,163,167,186,196,209,217,218,219,220,234,235,236,237,240,241,242,254,255,256,257,258,259,260,261,262,277,278,279,280,281,282,283,284,293,294,300,302,303,304,305,307,308,316,317,318,323,324,327,328,329,330,331,335,337,338,339,340
388,388,81
6,7,25,26,27,28,29,48,49,50,51,52,70,71,72,73,74,75,93,94,95,96,97,116,117,118,119,139,140,141,142,144,146,162,167,186,195,196,209,210,213,217,218,219,232,235,238,240,241,252,254,255,256,257,258,259,260,261,262,263,272,277,278,280,281,282,284,286,303,304,305,307,309,327,328,329,330,331,335,336,342
73,73,76
2,3,4,5,6,7,8,9,25,26,27,28,29,30,31,47,48,49,50,51,52,53,70,71,72,73,74,93,94,97,116,117,139,190,192,194,195,196,213,214,215,216,217,218,219,235,236,237,238,239,240,241,242,252,255,256,257,258,259,260,261,265,274,275,276,278,279,280,281,282,301,304,323,325,326,328
534,534,77
3,4,5,6,7,8,26,27,28,29,30,48,49,50,51,52,53,70,71,72,73,74,75,93,94,96,97,98,116,117,118,119,139,191,192,195,196,213,214,215,216,217,218,234,235,236,237,238,239,240,241,242,255,256,257,258,259,260,261,262,264,274,275,277,278,281,282,287,300,301,304,309,324,326,327,328,332
334,334,76
4,5,6,7,8,9,25,26,27,28,29,30,31,48,49,50,51,52,53,54,70,71,72,73,74,93,94,95,116,191,192,193,194,195,196,213,214,215,216,217,218,235,236,237,238,239,240,241,253,254,255,256,257,258,259,260,261,262,274,275,278,279,280,281,282,300,301,304,323,324,325,326,327,328,330,332
91,91,77
4,5,6,7,8,26,27,28,29,30,47,49,50,51,53,70,71,72,75,93,96,97,116,117,118,119,139,142,191,192,194,195,196,213,214,215,217,218,234,235,236,237,238,239,240,241,242,243,252,255,256,257,258,259,260,261,262,264,275,276,277,278,279,281,282,301,302,304,323,326,327,328,329,330,332,337,345
355,355,74
3,4,5,6,7,8,9,26,27,28,29,30,31,48,49,50,51,52,53,54,70,71,72,73,74,93,94,95,116,190,192,193,194,195,213,214,215,217,234,235,236,237,238,239,240,241,255,256,257,258,259,260,261,262,263,276,278,279,280,281,282,295,300,304,318,323,324,325,326,327,328,329,330,332
399,399,79
4,5,6,7,8,25,26,27,28,29,30,48,49,50,51,52,53,70,71,72,74,93,95,96,97,116,117,169,191,192,193,194,195,196,213,214,215,216,217,218,235,236,237,238,239,240,241,242,253,255,258,259,260,261,262,275,276,277,278,279,280,281,282,295,296,300,302,304,318,319,323,326,327,328,330,332,335,337,340
56,56,91
4,5,6,7,8,9,26,27,28,29,30,48,49,50,51,52,70,71,73,74,93,94,95,115,116,119,138,161,184,190,192,193,194,205,206,207,212,213,214,215,216,217,218,226,227,228,229,230,235,236,237,238,239,240,241,242,251,252,253,255,256,257,259,260,261,262,264,274,275,276,278,282,294,295,296,304,309,317,318,319,320,323,326,327,328,332,337,340,341,342,343
256,256,111
4,6,7,8,9,16,17,18,19,20,21,22,23,27,28,29,30,31,41,42,45,46,50,51,52,53,64,65,66,67,68,69,73,74,88,90,91,92,111,113,114,115,119,131,132,134,136,137,138,155,160,161,169,183,184,192,194,195,196,201,202,204,205,206,207,217,218,219,227,228,229,230,237,240,249,250,251,252,253,260,262,272,273,274,275,276,278,282,293,294,295,296,297,298,299,304,312,316,317,318,319,320,321,326,328,336,337,340,341,342,343
331,331,116
6,7,8,9,15,16,17,18,19,20,21,22,23,30,38,39,40,41,42,43,44,45,46,61,62,63,64,65,66,67,68,69,86,87,88,89,90,91,92,109,110,111,112,113,114,115,130,131,132,133,134,135,136,137,138,153,154,155,156,157,158,159,160,161,177,178,179,180,181,182,183,184,201,202,203,204,205,206,207,224,225,226,227,228,229,230,248,249,250,251,252,253,271,272,273,274,275,276,294,295,296,297,298,299,316,317,318,320,321,322,337,338,339,343,344,345
251,251,127
9,10,11,14,15,16,17,18,19,20,21,22,23,34,37,38,39,40,41,42,43,44,45,46,61,62,63,64,65,66,67,68,69,84,85,86,87,88,89,90,91,92,107,108,109,110,111,112,113,114,115,131,132,133,134,135,136,137,138,154,155,156,157,158,159,160,161,176,177,178,179,180,181,182,183,184,201,202,203,204,205,206,207,224,225,226,227,228,229,230,235,247,248,249,250,251,252,253,270,271,272,273,274,275,276,294,295,296,297,298,299,314,317,318,319,320,321,322,336,337,339,340,341,342,343,344,345
507,507,148
5,6,7,8,9,10,11,12,13,14,15,16,17,18,19,29,30,31,32,33,34,35,36,37,38,39,40,41,42,52,54,55,56,57,58,59,60,61,62,63,64,65,80,81,82,83,84,85,86,87,88,89,103,104,105,106,107,108,109,110,111,112,127,128,129,130,131,132,133,134,135,136,152,153,154,155,156,157,158,174,175,176,177,178,179,180,181,182,183,196,197,198,199,200,201,202,203,204,205,206,207,217,219,220,221,222,223,224,225,226,227,228,229,230,245,246,247,248,249,250,251,252,253,269,270,271,272,273,274,275,276,277,292,293,294,295,296,298,314,315,316,317,318,336,337,339,340,341
541,541,129
1,2,3,4,5,24,25,26,27,28,33,34,47,48,49,50,51,52,53,54,55,70,71,72,73,74,75,76,77,93,94,95,96,97,98,99,100,116,117,118,119,120,121,122,123,124,140,141,142,143,144,145,146,147,163,164,165,166,167,168,169,170,186,187,188,189,190,191,192,193,194,209,210,211,212,213,214,215,216,217,233,234,235,236,237,238,239,240,242,256,257,258,259,260,261,262,263,264,277,278,279,280,281,282,283,284,285,286,287,300,301,303,304,305,306,307,308,309,310,326,327,328,329,330,331,332,333,336,337
331,331,80
1,2,3,4,24,25,26,27,28,47,48,49,50,51,70,71,72,73,74,75,93,94,95,96,97,116,117,118,119,120,139,140,141,162,163,164,185,186,187,208,209,210,211,215,231,232,233,234,235,236,237,238,254,255,256,257,258,259,260,261,277,278,279,280,281,282,300,301,302,303,304,305,323,324,325,326,327,328,329,330
233,233,67
1,6,7,24,26,27,28,29,30,47,48,51,52,53,70,71,72,73,74,75,76,78,93,94,95,97,98,99,100,116,117,121,139,194,231,232,237,251,254,255,256,260,261,274,277,278,279,280,281,282,283,300,301,302,303,304,305,313,314,323,324,325,326,327,330,336,337
281,281,56
5,7,9,25,29,47,49,50,51,52,53,73,75,76,93,98,99,116,117,118,119,120,139,162,194,195,215,216,228,251,252,255,256,259,260,277,278,279,281,282,300,301,302,303,304,313,314,323,324,325,326,327,328,329,336,337
479,479,50
6,7,8,9,10,24,27,28,29,30,33,47,51,52,70,71,73,75,76,77,94,98,99,116,251,253,256,260,274,276,277,278,280,281,282,300,301,302,303,304,305,313,314,323,325,326,327,330,336,337
479,479,45
6,7,8,9,10,11,29,30,33,47,72,74,75,76,94,98,99,116,117,119,139,162,251,252,255,256,259,260,277,278,281,282,300,301,302,303,304,313,323,326,327,328,329,336,337
132,132,29
6,8,9,30,33,76,98,116,162,229,230,243,251,252,253,260,266,275,276,277,278,281,290,300,301,323,326,336,337
109,109,39
8,9,10,11,32,33,34,54,55,56,76,77,78,98,99,101,230,233,243,252,253,255,256,259,260,266,267,275,276,277,278,281,282,289,290,300,312,328,336
189,189,34
7,8,9,10,11,32,33,34,47,52,53,54,76,77,78,99,116,230,243,252,253,255,259,266,275,277,278,281,282,289,290,300,327,328
175,175,30
8,9,10,11,28,32,33,34,53,55,56,76,77,78,99,230,243,252,253,259,260,266,275,278,281,282,289,290,300,328
460,460,30
7,8,9,10,11,31,32,33,34,53,54,55,56,57,76,77,78,99,116,230,252,253,260,266,267,277,278,281,282,300
133,133,26
8,9,10,11,31,33,34,49,53,55,56,76,78,99,230,243,252,253,259,260,266,281,282,289,290,328
131,131,25
8,9,10,11,27,29,31,32,33,34,54,55,76,77,78,99,116,230,243,252,253,281,282,300,328
115,115,22
8,9,10,31,33,34,53,54,55,56,76,78,99,230,243,252,253,259,266,281,282,290
193,193,20
8,9,10,30,31,32,33,34,53,99,116,230,243,252,253,281,282,289,300,335
1,1,5
21,39,63,115,137
156,156,3
20,63,67
156,156,5
20,21,63,67,102
331,331,4
20,39,44,67
41,41,5
20,21,43,44,67
418,418,6
20,21,39,43,62,106
477,477,5
20,39,43,62,67
349,349,5
20,43,62,63,129
375,375,8
20,43,62,63,67,107,109,128
