504,572
18,18,121
4,5,7,8,9,10,11,29,30,31,32,33,34,52,53,54,55,56,57,74,75,76,77,78,79,96,97,98,99,100,101,118,119,120,121,122,123,128,129,130,140,141,142,143,144,145,146,152,153,162,163,164,165,166,167,168,185,186,187,188,189,190,191,195,208,209,210,211,212,213,214,217,218,231,232,233,234,235,236,237,239,240,241,254,255,256,257,258,259,260,261,262,277,278,279,280,281,282,283,284,285,286,301,302,303,304,305,306,307,308,309,326,327,328,329,330,331,332,333,334,339
243,243,133
15,16,17,18,19,20,37,38,39,40,41,43,59,61,62,63,66,78,79,82,83,101,102,104,106,108,110,112,123,124,125,126,129,130,132,133,147,148,149,150,151,155,156,169,170,171,172,173,174,175,177,178,179,192,193,194,195,196,197,198,199,200,201,214,215,216,217,218,219,220,221,222,223,224,238,239,240,241,242,243,244,245,246,247,250,261,262,263,264,265,266,267,268,269,272,273,284,285,286,287,288,289,290,291,292,293,294,295,296,307,308,309,310,311,312,313,314,315,316,317,318,331,332,333,334,335,336,337,338,339,340,341,342
90,90,93
21,22,45,65,66,68,88,89,90,91,92,111,112,113,114,115,132,133,134,135,136,137,138,155,156,157,160,161,177,178,180,181,182,183,184,200,201,202,203,204,206,207,223,224,225,226,227,228,229,230,246,247,249,250,251,252,253,268,269,270,271,272,273,274,275,276,291,292,293,294,295,296,297,298,299,314,315,316,317,318,319,320,321,322,337,338,339,340,341,342,343,344,345
88,88,68
22,23,45,46,68,69,89,90,91,92,112,113,114,115,133,134,135,136,137,138,156,157,158,159,160,161,179,180,181,182,183,184,203,204,205,206,207,225,226,227,228,229,230,248,249,250,251,252,253,269,273,274,275,276,294,295,296,298,299,316,317,318,321,322,339,340,344,345
176,176,46
22,23,45,46,67,68,69,90,91,92,113,114,115,136,137,138,159,160,161,183,184,205,206,207,228,229,230,251,252,253,268,269,273,274,276,291,292,296,299,313,314,319,321,322,344,345
303,303,32
4,45,46,68,92,114,115,132,133,137,138,155,156,160,161,183,184,268,269,274,290,291,292,296,313,314,315,316,317,318,319,339
5,5,23
4,46,68,92,132,133,138,155,156,161,184,246,268,269,290,291,292,296,313,314,318,336,339
363,363,15
4,68,138,155,156,161,184,246,268,269,291,292,313,314,339
544,544,10
4,68,161,268,269,290,291,292,313,314
47,47,17
6,30,127,217,219,238,241,242,259,260,261,263,282,283,284,305,307
135,135,8
53,127,218,240,241,282,283,329
195,195,16
52,53,76,150,172,194,196,218,241,260,304,306,307,327,328,329
420,420,21
52,53,76,127,146,150,170,171,173,206,217,218,219,239,240,242,285,304,306,307,327
511,511,24
52,53,76,99,127,150,170,171,193,194,218,238,239,240,241,242,263,283,284,304,305,306,307,328
408,408,20
30,52,76,127,150,170,172,194,195,218,239,241,264,284,285,304,305,307,327,328
391,391,33
7,37,42,43,52,53,127,150,170,171,192,194,195,216,217,218,239,240,241,261,262,263,264,282,283,285,304,305,307,327,328,329,330
285,285,30
20,30,43,52,76,99,170,171,192,193,194,195,196,217,238,240,241,245,261,264,284,285,286,287,304,305,306,307,327,328
189,189,35
7,20,30,42,43,52,68,76,127,146,150,170,171,192,193,195,215,216,217,218,238,241,242,261,264,265,282,284,285,286,304,305,307,328,329
330,330,45
7,20,21,30,42,43,52,53,76,99,146,147,150,169,171,173,192,195,196,215,216,217,218,219,238,239,240,241,242,243,260,261,262,263,264,265,283,284,285,286,304,305,327,329,330
174,174,50
1,6,7,20,23,30,42,43,53,66,99,101,124,146,147,150,169,170,171,173,192,193,215,216,217,218,219,238,239,240,241,242,260,261,262,263,264,265,283,284,285,286,304,305,307,308,309,328,330,331
217,217,48
7,20,30,42,43,44,99,100,122,123,127,169,170,171,173,192,193,194,195,196,215,216,218,219,238,239,240,241,242,260,261,262,263,264,265,283,284,285,286,287,306,307,308,309,327,328,330,331
295,295,49
7,20,21,42,43,52,76,100,121,123,145,147,169,172,192,193,194,195,215,216,218,219,238,239,240,241,242,260,261,262,263,264,265,283,284,285,286,287,304,305,306,308,309,327,328,329,330,331,332
300,300,52
1,7,20,21,28,30,42,43,53,76,99,100,122,123,145,146,148,168,169,170,171,174,192,193,194,195,215,216,218,238,239,242,260,261,262,263,264,265,282,284,285,286,287,307,308,309,327,328,329,330,331,332
485,485,44
20,42,43,99,121,122,123,127,145,148,168,169,170,192,193,194,195,215,216,217,218,238,239,260,261,262,263,264,265,282,283,284,285,286,287,304,305,306,307,308,309,329,331,332
468,468,29
1,2,3,4,5,6,7,8,9,24,25,26,27,28,29,30,31,47,48,49,50,51,52,70,71,72,73,93,94
477,477,90
1,2,3,4,5,6,7,12,13,14,15,16,17,24,25,26,27,28,29,30,31,32,35,36,38,47,48,49,50,51,52,53,54,57,58,59,61,70,71,72,73,74,75,76,77,81,93,94,95,96,97,98,99,100,116,117,118,119,120,121,122,123,139,140,141,142,143,144,145,162,163,164,165,166,167,168,185,186,187,188,189,190,208,209,210,211,212,231,232,238
508,508,140
1,18,21,39,40,41,43,44,45,46,61,63,64,65,67,68,69,84,85,86,87,88,89,90,91,92,107,108,109,110,111,112,113,114,115,131,132,133,134,135,145,146,150,153,154,155,156,157,164,165,166,167,168,169,170,171,172,173,176,177,185,186,187,188,189,190,191,192,193,194,195,196,197,198,199,208,209,210,211,212,213,214,215,216,217,218,219,220,221,231,232,233,234,235,236,237,238,239,240,242,243,244,254,255,256,257,258,259,260,262,263,264,265,266,277,278,279,280,281,282,283,284,285,286,291,300,301,302,303,304,305,306,307,323,324,325,326,327,328,329
540,540,143
138,150,151,152,153,161,172,173,174,175,177,178,180,182,183,184,194,195,196,197,198,199,200,201,202,203,204,205,206,207,216,217,218,219,220,221,222,223,224,225,226,227,228,229,230,233,236,237,238,239,240,241,242,243,244,245,246,247,248,249,250,251,252,253,255,258,259,260,261,262,263,264,265,266,267,268,269,270,271,272,273,274,275,276,277,278,279,280,281,282,283,284,285,286,287,288,289,290,291,292,293,294,295,296,298,300,301,302,303,304,305,306,307,308,309,310,311,312,313,314,315,316,317,318,319,323,324,325,326,327,328,329,330,331,332,333,334,335,336,337,338,339,340
388,388,123
137,138,158,159,160,161,180,181,182,183,184,197,200,201,202,203,204,205,206,207,217,220,221,222,223,224,225,226,227,228,229,230,240,241,242,243,244,245,246,247,248,249,250,251,252,253,261,262,263,264,265,266,267,268,269,270,271,272,273,274,275,276,280,281,284,285,286,287,288,289,290,291,292,293,294,295,296,297,298,299,300,301,302,304,305,306,307,308,309,310,311,312,313,314,315,316,317,318,319,320,321,322,325,326,327,328,329,330,331,332,333,334,335,336,337,338,339,340,341,342,343,344,345
431,431,116
55,137,158,159,160,161,179,180,181,182,183,184,201,202,203,204,205,206,207,221,222,223,224,225,226,227,228,229,230,240,242,243,244,245,246,247,248,249,250,251,252,253,261,262,263,264,265,266,267,268,269,270,271,272,273,274,275,276,284,285,286,287,288,289,290,291,292,293,294,295,296,297,298,299,302,304,305,306,307,308,309,310,311,312,313,314,315,316,317,318,319,320,321,322,324,325,326,327,328,329,330,331,332,333,334,335,336,337,338,339,340,341,342,343,344,345
220,220,109
158,159,160,161,180,181,182,183,184,202,203,204,205,206,207,217,218,219,221,224,225,226,227,228,229,230,240,241,243,244,245,246,247,248,249,250,251,252,253,264,265,266,267,268,269,270,271,272,273,274,275,276,284,286,287,288,289,290,291,292,293,294,295,296,297,298,299,302,303,304,306,307,308,309,310,311,312,313,314,315,316,317,318,319,320,321,322,324,325,326,327,328,329,330,331,332,333,334,335,336,337,338,339,340,341,342,343,344,345
436,436,102
92,114,115,135,137,143,158,159,160,161,166,169,170,177,180,181,182,183,184,187,189,190,191,192,193,203,204,205,206,207,213,214,223,225,227,228,229,230,233,241,242,243,244,248,249,250,251,252,253,264,267,269,270,271,272,273,274,275,276,280,282,285,286,289,290,291,293,294,295,296,297,298,299,300,302,303,312,313,314,315,316,317,318,319,320,321,322,324,325,326,327,334,335,337,338,339,340,341,342,343,344,345
341,341,95
29,32,48,54,77,78,91,99,100,101,124,135,136,137,143,145,146,159,165,169,181,182,183,184,187,188,189,190,191,203,204,205,207,210,217,223,225,227,228,230,233,246,247,252,253,256,263,270,271,272,273,274,275,276,279,280,281,282,283,289,292,293,295,297,298,299,301,302,303,313,315,316,317,318,319,320,321,322,324,325,326,327,330,334,335,336,337,338,339,340,341,342,343,344,345
234,234,86
1,4,5,6,28,29,32,48,51,52,53,54,55,70,75,76,77,78,97,98,99,100,101,102,121,122,123,143,145,146,163,165,166,168,169,170,186,187,188,189,191,192,193,209,210,213,214,215,230,231,233,237,252,253,278,279,280,281,282,292,293,295,299,300,301,302,303,315,316,317,319,321,322,323,324,325,326,337,338,339,340,341,342,343,344,345
455,455,79
1,5,6,24,28,29,30,32,48,49,51,52,53,54,57,70,75,76,77,78,98,99,100,101,102,121,122,123,124,142,143,145,146,147,158,164,165,166,167,169,170,186,187,188,189,190,191,192,193,209,210,211,212,213,214,215,216,232,233,237,238,254,255,259,278,279,280,281,283,284,292,293,301,302,303,323,324,325,326
319,319,73
1,3,4,5,6,9,24,26,28,29,30,32,47,48,51,52,53,54,56,57,70,76,77,78,99,100,101,122,123,124,142,143,144,145,146,147,162,163,164,165,169,170,183,186,187,188,189,190,192,200,208,209,210,230,231,232,233,239,254,255,277,278,279,280,292,300,301,302,303,323,324,325,326
68,68,56
1,2,3,6,10,11,12,33,34,56,57,79,93,100,102,116,119,139,140,141,142,147,162,163,164,169,170,186,187,188,189,190,209,210,211,212,213,214,231,232,233,234,235,236,254,255,256,257,258,259,277,278,279,280,281,300
502,502,60
4,5,6,27,28,29,47,52,53,54,70,76,77,79,99,100,101,116,120,121,122,123,143,144,145,159,163,166,167,168,186,187,189,190,191,209,210,212,213,232,233,234,235,236,254,255,257,258,277,278,279,280,284,300,301,302,303,323,324,325
406,406,52
4,5,6,27,28,29,52,54,55,76,78,98,99,100,121,122,123,138,139,142,143,144,145,146,166,167,168,186,187,188,189,190,209,210,211,212,213,231,232,233,234,235,236,254,255,257,258,277,278,300,301,323
504,504,47
4,5,6,27,28,29,46,52,56,68,78,99,100,121,122,123,124,138,143,144,145,146,166,167,168,183,187,188,189,190,191,208,209,210,211,231,232,233,234,235,236,255,257,277,300,301,323
44,44,36
4,5,6,27,28,29,46,52,78,99,100,121,122,123,137,143,144,145,166,167,168,182,189,190,205,208,209,227,231,232,233,234,250,257,323,325
381,381,20
5,6,27,28,29,46,92,121,122,123,144,145,166,167,168,189,190,209,231,257
485,485,10
5,28,29,46,68,160,189,227,257,324
210,210,4
95,238,240,262
0,0,14
42,48,49,72,73,96,118,239,240,260,261,262,305,306
496,496,3
55,78,235
99,99,26
1,4,24,72,73,80,94,172,216,217,218,238,239,240,241,259,260,261,262,281,282,283,284,307,328,329
100,100,31
1,4,24,48,49,57,71,72,94,103,125,149,172,218,237,238,239,240,259,260,261,262,264,282,284,305,306,307,326,328,329
69,69,32
1,24,25,26,49,71,72,94,103,126,194,195,218,236,237,238,239,240,241,259,260,261,262,264,281,282,283,284,305,306,328,329
527,527,46
1,3,4,7,24,25,26,47,48,49,50,57,71,72,80,94,125,126,148,171,194,214,215,216,218,236,237,238,239,240,259,260,261,262,263,264,281,282,283,284,304,305,306,307,327,328
164,164,41
4,24,25,26,48,49,71,72,95,118,127,149,170,192,194,214,215,216,217,218,236,237,238,239,240,241,259,260,261,262,263,282,283,284,285,305,306,307,327,328,331
182,182,51
1,3,4,25,26,48,49,71,72,93,95,101,103,118,124,125,126,127,149,192,194,214,216,217,218,236,237,238,239,240,241,259,260,261,262,263,281,282,283,284,304,305,306,307,310,327,328,329,330,331,332
520,520,50
1,2,4,7,26,27,48,49,51,72,94,95,104,118,126,148,149,172,191,194,195,214,215,216,217,218,237,238,239,240,243,259,260,261,262,263,281,282,283,284,285,304,305,306,307,310,327,329,331,332
6,6,45
25,26,48,51,72,93,94,104,118,127,146,168,172,191,194,195,214,215,216,218,236,237,238,239,240,259,260,261,262,263,266,282,283,284,285,303,304,305,306,307,326,327,328,331,332
393,393,16
218,237,238,239,240,259,260,261,263,281,283,284,285,304,306,327
416,416,37
25,26,47,93,140,173,193,196,214,215,217,236,237,238,239,240,241,259,260,262,263,264,281,282,283,284,285,286,303,304,305,306,307,308,331,332,337
486,486,36
3,25,26,48,140,162,193,196,213,215,236,237,238,239,240,241,260,261,262,263,281,282,283,284,285,304,305,306,307,308,309,326,327,329,330,331
390,390,34
1,2,24,25,26,47,48,93,140,162,215,218,237,238,259,260,261,262,263,281,282,283,284,285,304,305,306,307,308,326,327,329,330,331
486,486,37
1,2,24,25,26,47,48,116,217,236,237,238,258,259,260,261,262,263,281,282,283,284,285,303,304,305,306,307,308,309,326,327,328,329,330,331,332
345,345,30
1,2,24,25,47,48,215,217,237,258,259,260,261,262,281,282,283,284,303,304,305,306,307,308,326,327,328,329,330,331
472,472,30
1,2,24,25,47,48,116,237,258,259,260,261,262,263,281,282,283,284,285,303,304,305,306,307,308,326,327,328,329,330
422,422,30
1,2,24,25,47,70,94,116,258,259,260,261,262,264,280,281,282,283,284,285,303,304,305,306,307,326,327,328,329,330
446,446,22
1,2,24,25,47,116,260,261,263,281,282,283,284,303,304,305,306,307,326,327,328,329
567,567,12
16,17,31,39,45,46,53,68,69,91,92,115
107,107,10
1,281,303,304,306,325,326,327,328,344
336,336,7
116,139,162,185,208,231,232
407,407,29
22,27,45,50,51,68,69,72,91,92,93,94,116,117,139,140,162,163,165,185,186,187,188,208,209,231,232,254,277
542,542,61
1,2,3,4,5,9,10,22,24,25,26,27,28,47,48,49,50,51,68,69,70,71,72,73,74,93,94,95,99,116,117,139,140,142,162,163,164,185,186,187,188,208,209,210,211,219,231,232,234,254,255,256,277,278,300,317,318,323,339,340,341
483,483,82
1,2,3,4,5,6,7,24,25,26,27,28,29,30,31,32,47,48,49,50,51,52,53,54,70,71,72,73,74,75,76,93,94,95,96,97,98,116,117,118,119,120,121,139,140,141,142,162,163,164,165,166,167,168,185,186,187,188,190,208,209,210,211,213,231,232,234,254,255,256,257,277,278,279,280,300,301,302,323,324,325,326
368,368,95
1,2,3,4,5,6,7,8,24,25,26,27,28,29,30,31,32,47,48,49,50,51,52,53,54,55,70,71,72,73,74,75,76,77,78,93,94,95,96,97,98,99,116,117,118,119,120,121,139,140,141,142,143,144,162,163,164,165,166,167,168,185,186,187,188,189,190,208,209,210,211,212,213,231,232,233,234,235,254,255,256,257,277,278,279,280,281,300,301,302,303,323,324,325,326
116,116,106
1,2,3,4,5,6,7,8,20,24,25,26,27,28,29,30,31,32,47,48,49,50,51,52,53,54,70,71,72,73,74,75,76,93,94,95,96,97,98,99,116,117,118,119,120,121,122,123,139,140,141,142,143,144,146,162,163,164,165,166,167,168,169,185,186,187,188,189,190,191,208,209,210,211,212,213,214,231,232,233,234,235,236,237,254,255,256,257,258,259,277,278,279,280,281,282,300,301,302,303,304,323,324,325,326,327
554,554,119
1,2,3,4,5,6,7,8,9,24,25,26,27,28,29,30,31,32,36,47,48,49,50,51,52,53,54,70,71,72,73,74,75,76,77,93,94,95,96,97,98,99,116,117,118,119,120,121,122,139,140,141,142,143,144,145,146,162,163,164,165,166,167,168,169,170,185,186,187,188,189,190,191,192,208,209,210,211,212,213,214,215,231,232,233,234,235,236,237,238,254,255,256,257,258,259,260,261,277,278,279,280,281,282,283,300,301,302,303,304,305,306,323,324,325,326,327,328,329
546,546,138
4,5,6,7,8,9,10,27,29,30,31,32,33,36,49,50,52,53,54,55,58,59,75,76,77,79,80,97,98,99,100,102,103,104,117,119,120,121,122,123,124,125,126,141,142,143,144,145,146,147,148,149,150,151,163,166,167,168,169,170,171,172,174,186,187,189,190,191,192,193,194,195,196,197,208,209,212,213,214,215,216,217,218,219,220,234,235,236,237,238,239,240,241,242,256,257,258,259,260,261,262,263,264,265,266,278,279,280,281,282,283,284,285,286,287,288,300,301,302,303,304,305,306,307,308,309,310,311,324,325,326,327,328,329,330,331,332,333
530,530,126
13,14,15,16,32,35,36,37,38,58,59,60,61,62,64,81,82,83,84,85,87,103,104,105,106,107,108,109,126,127,128,129,130,132,133,148,149,150,152,153,154,155,156,171,172,173,175,176,177,178,193,194,195,197,198,199,201,216,217,218,219,220,221,222,223,224,239,240,241,242,243,244,245,246,247,262,263,264,265,266,267,268,269,270,271,272,285,286,287,288,289,290,291,292,293,294,295,296,307,308,309,310,311,312,313,314,315,316,317,318,319,320,330,331,332,333,334,335,336,337,338,339,340,341,342,343
237,237,92
19,41,44,45,63,66,67,68,69,90,91,92,112,113,114,115,132,133,134,135,136,138,155,156,157,158,159,161,177,178,179,180,183,184,200,201,202,203,205,223,224,225,227,228,246,247,248,249,250,251,252,253,267,268,269,270,271,272,273,274,275,276,290,291,292,293,294,295,296,297,298,299,313,314,315,316,317,318,319,320,321,322,336,337,338,339,340,341,342,343,344,345
51,51,62
22,23,44,45,46,67,68,69,90,91,92,113,114,115,132,133,135,136,137,138,156,158,159,160,161,183,184,206,207,228,229,230,246,250,251,252,253,268,269,273,274,275,276,291,292,296,297,298,299,316,317,318,319,320,321,322,339,340,341,343,344,345
18,18,36
22,23,45,46,67,68,69,90,91,92,113,114,115,136,137,138,159,160,161,183,184,206,207,229,230,252,253,269,274,275,276,291,296,299,322,345
119,119,17
32,59,68,133,138,155,156,160,161,268,269,290,291,296,319,339,341
111,111,7
29,52,107,120,122,145,167
287,287,17
28,29,74,120,121,145,167,168,185,187,191,211,212,213,235,240,259
71,71,25
24,26,28,29,74,99,120,121,122,127,144,145,167,189,190,211,212,215,217,219,239,240,258,264,305
46,46,78
1,5,19,24,28,29,42,47,50,51,65,74,116,117,118,120,121,123,127,140,141,144,145,146,149,162,163,167,168,169,170,172,173,186,187,189,190,191,192,193,194,195,197,198,211,212,213,214,216,217,218,219,220,235,236,237,238,239,240,241,242,257,258,260,261,263,264,280,281,283,285,286,304,305,308,324,329,330
175,175,57
5,25,28,29,42,47,50,51,74,87,116,117,119,120,123,127,144,145,146,149,150,168,169,171,186,188,189,190,191,192,193,194,195,197,198,211,212,213,214,217,218,235,236,238,239,240,241,257,258,260,261,262,282,285,286,325,330
399,399,73
1,5,19,20,24,25,27,28,29,42,50,51,74,75,76,93,98,116,117,118,119,120,121,122,123,127,140,144,145,146,150,164,167,168,169,170,171,172,173,188,189,190,191,192,193,194,195,196,197,198,212,213,214,215,216,217,218,219,220,235,236,238,239,240,242,257,261,262,263,284,286,307,330
383,383,80
1,5,19,27,28,29,30,42,50,51,74,87,93,95,98,116,117,120,121,122,123,127,145,146,149,150,165,166,167,168,169,170,171,172,185,187,188,189,190,191,192,193,194,195,196,197,198,209,212,213,214,216,217,218,219,220,235,238,239,240,241,242,243,257,258,259,260,261,262,263,264,281,282,283,284,285,290,303,306,307
334,334,69
19,27,28,29,30,42,50,51,72,73,74,94,95,122,123,127,144,145,146,149,150,165,166,167,168,169,170,171,172,173,184,187,188,190,191,192,193,197,198,211,212,213,214,215,216,217,218,219,234,235,236,237,238,239,240,241,259,260,261,262,263,264,280,283,284,285,286,303,307
327,327,67
1,7,28,29,50,51,52,73,87,94,95,122,127,145,150,165,166,168,169,170,171,172,173,187,188,190,191,192,193,194,195,196,197,211,212,214,215,216,217,218,219,220,235,236,237,238,239,240,241,242,243,256,259,260,261,262,263,264,281,284,285,287,303,304,305,325,326
108,108,73
7,27,28,29,42,50,51,52,74,95,96,103,116,117,120,123,127,145,149,150,168,169,170,171,172,173,188,189,190,191,192,193,195,196,197,212,213,214,216,217,218,219,220,235,236,237,238,239,240,241,242,243,256,257,259,260,261,262,263,264,280,281,283,284,285,287,302,303,305,306,326,327,330
527,527,71
7,19,27,28,29,42,50,51,52,53,58,71,72,73,74,75,86,94,117,123,127,145,150,168,169,170,172,173,174,188,191,192,193,194,196,197,211,212,213,214,215,216,217,218,219,220,235,236,237,238,239,240,241,242,243,256,257,259,260,261,262,263,264,280,283,284,287,302,303,326,327
336,336,64
7,24,29,42,50,51,52,71,74,75,76,94,98,99,127,145,166,168,170,171,172,173,174,188,191,192,193,194,195,196,197,211,212,213,214,215,216,217,218,219,220,235,236,237,238,239,240,241,242,243,259,260,261,262,263,264,279,280,281,284,285,287,302,303
39,39,74
7,29,49,51,52,53,71,73,74,75,95,96,97,103,117,123,127,145,146,148,168,169,170,186,191,192,193,194,195,197,198,211,212,213,214,215,216,217,218,219,220,235,236,237,238,239,240,241,242,243,257,258,259,260,261,262,263,264,279,280,282,283,284,285,300,301,302,303,304,306,307,324,325,326
31,31,79
7,29,30,42,52,71,73,74,96,97,101,103,117,121,123,127,140,145,146,147,150,168,169,170,171,172,173,174,186,189,190,191,192,193,194,195,196,197,211,212,213,214,215,216,217,218,219,220,235,236,237,238,239,240,241,242,243,258,259,260,261,262,263,264,265,280,281,282,284,285,302,303,304,305,306,307,324,325,326
85,85,69
29,30,51,52,71,74,75,96,99,103,117,121,123,127,145,146,150,151,168,169,171,172,173,190,191,192,193,194,195,196,197,211,212,213,214,215,216,217,218,219,236,237,238,239,240,241,242,243,257,259,260,261,262,263,264,265,279,280,281,282,283,284,285,303,304,305,323,325,326
108,108,71
29,30,51,52,53,71,73,74,95,96,99,100,103,117,122,123,127,145,146,149,150,151,168,169,171,173,174,189,190,191,192,193,194,195,196,197,211,213,214,215,216,217,218,219,235,236,237,238,239,240,241,257,259,260,261,262,263,265,279,281,282,283,284,285,302,303,304,305,323,325,327
108,108,71
7,29,51,52,71,73,76,95,99,100,103,117,122,123,127,145,146,147,149,150,167,168,169,170,171,172,173,174,185,186,190,191,192,193,194,195,196,197,212,213,214,215,216,217,218,235,236,237,238,239,240,241,256,257,259,260,261,262,263,280,281,282,283,284,285,286,300,301,303,305,324
206,206,59
99,100,117,118,122,123,127,145,146,149,150,152,167,168,169,170,171,172,173,174,190,191,192,193,194,195,196,197,212,213,214,215,216,217,218,235,236,237,238,239,240,249,256,257,259,260,261,262,279,282,283,284,301,302,303,304,305,324,326
459,459,23
1,2,3,4,5,6,7,8,9,24,25,26,27,28,31,32,47,48,49,50,70,71,73
387,387,83
1,2,3,4,5,6,7,8,9,10,11,12,13,24,25,26,27,28,29,30,31,32,33,36,37,45,47,48,49,50,51,52,53,54,55,56,59,68,70,71,72,73,74,75,76,77,78,86,93,94,95,96,97,98,99,100,116,117,118,119,120,121,122,123,139,140,141,142,143,144,162,163,164,165,166,185,186,187,188,208,209,210,211
252,252,135
11,23,32,33,45,46,48,49,54,55,59,60,67,68,69,71,72,73,74,75,76,77,78,83,84,89,90,91,92,93,94,95,96,97,98,99,103,104,109,111,113,114,115,116,117,118,119,120,121,122,123,126,127,133,136,138,139,140,141,142,143,144,145,148,150,162,163,164,165,166,167,168,169,171,174,185,186,187,188,189,190,191,193,194,208,209,210,211,212,213,214,215,216,231,232,233,234,235,236,237,238,239,240,249,254,255,256,257,258,259,260,261,262,277,278,279,280,281,282,283,284,291,300,301,302,303,304,305,306,323,324,325,326,327,328
251,251,137
33,66,68,86,89,90,91,92,109,110,111,112,113,114,115,131,132,133,134,135,136,137,138,152,153,154,155,156,157,158,159,160,161,175,176,177,178,179,180,181,182,183,184,198,199,200,201,202,203,204,205,206,207,221,222,223,224,225,226,227,228,229,230,243,246,247,248,249,250,251,252,253,263,265,266,267,268,269,270,271,272,273,274,275,276,279,280,285,286,287,288,291,292,293,294,295,296,297,298,299,300,301,302,303,304,305,307,308,309,310,311,313,314,315,316,317,318,319,322,323,324,325,326,327,328,329,330,331,332,333,334,335,336,337,338,339,341
235,235,125
92,114,115,135,136,137,138,155,156,157,158,159,160,161,178,179,180,181,182,183,184,200,201,202,203,204,205,206,207,222,223,224,225,226,227,228,229,230,244,245,247,248,249,250,251,252,253,265,266,267,268,269,270,271,272,273,274,275,276,277,278,280,283,284,285,286,287,288,289,290,291,292,293,294,295,296,297,298,299,300,301,302,303,304,305,306,307,308,309,310,311,312,313,314,315,316,317,318,319,320,321,322,323,324,325,326,327,328,329,330,331,332,333,334,335,336,337,338,339,340,341,342,343,344,345
242,242,117
135,136,137,138,157,158,159,160,161,178,179,180,181,182,183,184,202,203,204,205,206,207,221,224,225,226,227,228,229,230,242,244,245,246,247,248,249,250,251,252,253,264,265,266,267,268,269,270,271,272,273,274,275,276,277,278,280,284,285,286,287,288,289,290,291,292,293,294,295,296,297,298,299,300,301,302,303,304,305,307,308,309,310,311,312,313,314,315,316,317,318,319,320,321,322,324,325,326,327,328,329,330,331,332,333,334,335,336,337,338,339,340,341,342,343,344,345
329,329,112
69,113,136,137,138,158,159,160,161,177,180,181,182,183,184,187,201,202,204,205,206,207,210,221,224,225,226,227,228,229,230,233,245,246,247,248,249,250,251,252,253,254,255,256,268,269,270,271,272,273,274,275,276,277,278,280,281,283,284,286,287,288,289,290,291,292,293,294,295,296,297,298,299,300,303,304,305,306,308,309,310,311,312,313,315,316,317,318,319,320,321,322,326,327,328,329,330,331,332,333,334,335,336,337,338,339,340,341,342,343,344,345
218,218,108
69,137,154,158,159,160,161,177,178,179,180,181,182,183,187,198,199,201,202,203,204,205,206,207,209,211,222,224,225,226,227,228,229,230,231,232,233,235,245,246,247,248,249,250,251,252,253,254,255,256,259,271,272,273,274,275,276,277,278,279,280,281,283,286,287,288,293,294,295,296,297,298,299,300,302,303,304,305,306,307,308,309,310,311,316,317,318,319,320,321,322,326,327,328,329,330,332,333,335,337,338,339,340,341,342,343,344,345
395,395,103
155,156,160,161,170,177,178,189,198,199,200,201,202,203,204,205,206,209,210,211,220,221,225,226,227,228,229,230,231,232,233,234,248,249,250,251,252,253,254,255,256,257,258,259,269,271,272,273,274,275,276,277,278,279,280,281,283,284,286,287,288,291,292,294,295,296,297,298,299,300,302,303,304,305,306,307,308,309,310,312,314,318,319,320,321,322,326,327,328,329,330,331,332,334,335,337,339,340,341,342,343,344,345
378,378,99
13,34,35,36,57,81,102,104,125,126,135,146,148,153,154,165,166,170,176,177,178,186,187,188,189,190,199,210,211,212,213,214,215,231,232,233,234,235,236,238,240,248,251,252,254,255,256,257,258,259,260,271,272,274,275,276,277,278,279,280,281,282,283,285,291,294,296,297,298,299,303,304,305,306,307,308,312,313,317,318,319,320,321,322,323,324,325,326,327,328,329,330,337,340,341,342,343,344,345
306,306,96
13,14,35,66,80,81,82,102,103,146,147,166,167,169,170,176,188,189,190,191,193,197,210,211,212,213,214,219,224,225,231,232,233,234,235,236,237,240,242,243,245,251,254,255,256,257,258,259,260,262,265,273,274,275,276,277,278,279,280,281,282,283,287,291,295,296,297,298,299,300,302,303,304,305,306,307,309,318,319,320,321,322,324,325,326,327,328,329,330,334,335,341,342,343,344,345
241,241,93
12,13,14,35,36,56,75,81,102,104,123,126,145,146,149,163,164,165,170,171,175,187,188,190,197,198,199,210,211,212,213,214,219,221,232,233,234,235,236,242,243,254,255,256,257,258,259,265,268,272,274,275,277,278,279,280,281,282,284,287,288,291,295,296,297,298,299,300,301,302,303,304,305,306,308,309,310,313,318,319,320,321,322,324,325,327,328,329,341,342,343,344,345
127,127,85
12,13,59,80,81,82,109,110,124,125,126,127,147,148,149,150,164,168,169,170,171,172,185,190,191,192,193,194,195,196,197,198,211,212,213,214,215,216,217,218,219,220,221,233,234,235,236,237,238,239,240,241,242,243,244,261,262,263,264,265,266,267,268,285,286,287,288,289,290,291,303,309,310,311,312,313,322,325,326,331,332,333,334,335,343
297,297,89
11,12,13,14,33,34,35,55,57,58,59,80,81,82,85,101,102,108,154,164,169,170,174,175,185,189,191,198,199,212,213,239,249,252,253,255,256,257,271,272,273,274,275,276,277,278,279,280,282,286,287,290,291,292,293,294,295,296,297,298,299,300,301,302,303,304,310,314,317,318,319,320,321,322,323,324,325,326,332,333,336,337,339,340,341,342,343,344,345
521,521,86
11,12,13,21,33,34,35,36,57,58,77,80,81,82,84,100,101,108,130,152,153,169,174,175,189,191,200,213,215,224,230,232,246,253,254,255,256,268,269,271,272,273,274,275,276,277,278,279,280,282,291,292,293,294,295,296,297,298,299,300,301,302,303,304,314,315,316,317,318,319,320,321,322,323,324,325,326,327,338,339,340,341,342,343,344,345
393,393,83
12,13,21,33,34,35,36,56,57,77,83,84,100,101,122,123,124,125,130,152,153,174,175,176,177,199,200,224,228,230,248,253,255,259,269,270,271,272,273,274,275,276,279,280,281,282,291,292,293,294,295,296,297,298,299,300,301,302,303,313,314,315,316,317,318,319,320,321,322,323,324,325,326,336,337,338,339,340,341,342,343,344,345
291,291,80
10,11,12,13,33,34,35,58,77,83,84,100,106,124,129,130,133,152,153,156,175,190,212,222,224,228,229,247,248,250,252,253,255,258,268,269,270,271,272,273,274,275,276,280,281,290,291,292,293,294,295,296,297,298,299,300,301,302,303,313,314,315,316,317,318,319,321,322,323,324,325,335,336,337,338,339,340,341,344,345
91,91,73
10,12,13,33,34,35,55,56,57,99,100,108,122,123,124,132,144,156,175,204,228,246,247,248,250,251,252,253,268,269,270,271,272,273,274,275,276,279,281,282,290,291,292,293,294,295,296,297,298,299,300,301,302,303,313,314,315,316,317,318,321,322,323,324,325,335,336,337,338,339,340,341,345
473,473,64
10,21,33,35,55,57,99,100,108,121,122,123,228,249,250,251,253,258,268,269,271,272,273,274,275,276,279,280,281,290,291,292,293,294,295,296,297,298,299,300,301,302,303,313,314,315,316,317,318,319,320,321,322,324,335,336,337,338,339,340,341,343,344,345
143,143,56
11,12,33,34,35,55,76,100,108,121,123,204,227,228,251,268,269,270,271,272,273,274,279,280,290,291,292,293,294,295,296,297,298,299,300,301,302,313,314,316,317,319,320,321,322,323,325,335,336,337,338,339,340,343,344,345
477,477,45
10,11,33,35,76,99,108,121,122,123,144,246,268,269,271,273,274,289,290,291,292,294,295,296,297,298,299,300,301,313,314,316,317,318,319,320,321,337,338,339,340,341,342,343,344
51,51,49
10,11,14,26,32,33,55,59,60,78,79,82,83,84,101,102,103,105,106,107,143,165,186,208,279,280,281,282,302,303,304,305,316,317,318,319,320,321,325,326,327,332,333,339,340,342,343,344,345
465,465,33
10,32,76,98,108,203,225,226,244,245,246,268,269,270,271,273,274,275,291,298,299,314,315,318,319,320,322,334,338,339,343,344,345
497,497,25
32,54,108,121,226,244,245,246,268,269,270,271,273,274,276,290,291,295,297,298,299,313,314,321,338
276,276,16
203,223,226,245,246,268,269,270,271,272,273,274,290,291,299,339
109,109,2
274,291
456,456,4
3,4,6,26
478,478,11
3,4,5,6,7,10,26,27,28,72,238
446,446,16
3,4,5,6,12,26,27,28,48,50,70,234,235,277,278,301
450,450,15
4,5,6,26,27,28,50,70,71,72,234,256,257,280,301
129,129,30
11,12,18,32,33,34,39,40,55,81,97,98,99,101,102,103,104,120,121,122,126,275,276,323,324,331,332,333,334,335
185,185,7
5,6,24,47,173,191,218
192,192,3
24,29,277
211,211,3
1,72,289
86,86,1
291
229,229,6
268,291,292,313,314,320
254,254,5
268,291,292,313,314
466,466,11
246,268,269,286,291,312,313,314,315,338,339
265,265,18
31,246,249,250,268,269,271,286,292,302,312,313,314,327,328,338,339,341
559,559,41
9,28,29,30,31,50,51,52,75,93,94,98,99,100,116,121,122,123,145,249,250,251,252,253,273,274,275,276,292,293,294,299,314,315,316,317,318,319,339,340,341
415,415,39
59,129,247,265,267,268,269,270,271,272,277,280,286,290,291,292,293,294,295,296,297,301,304,305,307,314,315,317,318,319,320,325,327,328,339,340,341,342,343
337,337,50
2,26,47,264,265,266,267,268,269,270,271,272,273,277,279,280,283,286,289,290,291,292,293,294,295,296,301,302,303,304,305,307,310,314,315,317,318,319,320,323,324,325,326,327,328,339,340,341,342,343
418,418,65
2,4,5,24,26,36,47,59,163,244,255,256,264,265,266,267,268,269,270,271,272,273,277,278,279,280,281,282,283,286,287,288,289,290,291,292,293,294,295,296,297,300,301,302,303,304,305,306,307,310,314,315,317,318,319,320,323,324,325,326,327,328,339,340,341
386,386,83
1,2,3,24,25,26,27,47,48,59,70,71,116,139,140,152,162,163,185,186,187,208,209,231,244,254,255,256,257,258,259,261,262,264,265,266,268,269,270,271,272,273,277,278,279,280,281,282,283,285,286,287,288,289,290,291,292,293,294,295,296,297,300,301,302,303,304,305,306,307,310,311,318,319,320,323,324,325,326,327,328,332,341
140,140,93
1,2,3,4,5,6,24,25,26,27,28,47,48,49,50,70,71,72,73,74,93,94,95,96,97,98,116,117,118,119,120,121,122,139,140,141,142,143,144,162,163,164,165,166,185,186,187,188,208,209,210,211,231,232,233,234,244,254,255,256,257,258,265,268,269,270,272,277,278,279,280,281,290,291,292,293,296,300,301,302,303,304,306,307,308,310,323,324,325,326,327,328,329
237,237,98
1,2,3,4,5,6,7,9,24,25,26,27,28,29,30,31,47,48,49,50,51,52,53,70,71,72,73,74,75,76,93,94,95,96,97,98,99,116,117,118,119,120,121,122,139,140,141,142,143,144,145,162,163,164,165,166,167,185,186,187,188,189,190,208,209,210,211,212,231,232,233,234,235,254,255,256,257,258,259,277,278,279,280,282,300,301,302,303,304,305,306,323,324,325,326,327,328,329
287,287,108
1,2,3,4,5,6,7,8,9,24,25,26,27,28,29,30,31,32,47,48,49,50,51,52,53,54,70,71,72,73,74,75,76,77,93,94,95,96,97,98,99,100,116,117,118,119,120,121,122,123,139,140,141,142,143,144,145,162,163,164,165,166,167,168,185,186,187,188,189,190,208,209,210,211,212,213,214,231,232,233,234,235,236,237,254,255,256,257,258,259,277,278,279,280,281,282,300,301,302,303,304,305,323,324,325,326,327,328
549,549,121
1,2,3,4,5,6,7,8,9,24,25,26,27,28,29,30,31,32,47,48,49,50,51,52,53,54,55,70,71,72,73,74,75,76,77,93,94,95,96,97,98,99,100,116,117,118,119,120,121,122,123,139,140,141,142,143,144,145,146,162,163,164,165,166,167,168,169,185,186,187,188,189,190,191,192,208,209,210,211,212,213,214,231,232,233,234,235,236,237,238,240,253,254,255,256,257,258,259,260,277,278,279,280,281,282,283,300,301,302,303,304,305,306,307,323,324,325,326,327,328,329
22,22,131
9,10,11,12,30,31,32,33,34,36,52,53,54,55,56,57,58,59,74,75,76,77,78,79,80,81,97,98,99,100,101,102,103,119,120,121,122,123,124,125,126,127,142,143,144,145,146,147,148,149,150,162,163,165,166,167,168,169,170,171,172,173,185,186,187,188,189,190,191,192,193,194,195,196,197,208,209,210,211,212,213,214,215,216,217,218,219,220,221,231,232,233,234,235,236,237,238,239,240,241,242,254,255,256,257,258,259,277,278,279,280,281,300,301,302,303,304,305,307,308,323,324,325,326,327,328,329,330,331,332,334
522,522,128
1,15,36,37,38,40,56,58,59,60,62,63,64,79,81,82,83,84,85,86,87,102,103,104,105,106,107,108,109,110,111,127,128,129,130,131,132,133,134,149,150,151,152,153,154,155,156,157,158,173,174,175,176,177,178,179,180,181,196,197,198,199,200,201,202,203,204,219,220,221,222,223,224,225,226,241,242,243,244,245,246,247,248,249,250,264,265,266,267,268,269,270,271,272,273,285,286,287,288,289,290,291,292,293,294,295,296,309,310,311,312,313,314,315,316,317,318,319,333,334,335,336,337,338,339,340,341,342
90,90,93
43,45,46,64,65,67,68,69,89,90,91,92,111,112,113,114,115,132,133,134,135,136,137,138,155,156,157,158,159,160,161,177,178,179,180,181,182,183,184,200,201,202,203,204,205,206,207,223,224,225,226,227,228,229,230,246,247,248,249,250,251,252,253,268,269,270,271,272,273,274,275,276,291,292,295,296,297,298,299,300,316,318,319,320,321,322,338,339,341,342,343,344,345
69,69,65
23,45,46,68,69,91,92,112,113,114,115,132,133,135,136,137,138,155,156,158,159,160,161,180,181,182,183,184,204,205,206,207,226,227,228,229,230,248,249,250,251,252,253,269,272,273,274,275,276,292,295,296,297,298,299,318,319,320,321,322,341,342,343,344,345
473,473,43
22,45,46,67,68,69,90,91,92,113,114,115,136,137,138,159,160,161,182,183,184,205,206,207,228,229,230,251,252,253,273,274,275,276,296,297,298,299,319,321,322,344,345
559,559,28
68,92,114,115,132,133,136,138,155,156,159,160,161,183,184,246,268,269,273,274,291,292,296,313,318,319,339,341
11,11,14
68,115,132,133,138,155,156,184,268,269,274,291,292,296
293,293,5
133,269,291,292,296
342,342,6
5,26,27,52,72,245
218,218,51
4,5,6,24,25,26,27,28,29,48,49,50,51,52,53,70,72,73,74,75,76,95,96,97,98,99,116,117,118,119,120,121,122,140,141,142,164,167,168,186,187,189,190,192,211,212,213,235,236,237,302
199,199,49
4,5,24,25,26,27,28,29,47,48,49,50,51,52,70,71,72,73,74,95,96,97,116,117,118,119,140,141,142,143,164,166,167,168,186,187,189,190,213,234,235,236,237,258,259,285,304,327,329
158,158,63
3,4,5,6,24,25,26,27,28,29,47,48,49,50,51,52,70,71,72,73,74,75,93,94,95,96,97,116,117,118,119,140,141,142,143,145,163,164,165,166,167,168,186,189,190,191,192,212,213,235,236,258,259,262,281,285,304,305,308,326,327,329,331
107,107,60
4,5,24,25,26,27,28,29,47,48,49,51,52,70,71,72,73,74,75,93,94,95,96,97,116,117,118,119,120,122,140,141,142,143,144,163,164,166,167,187,190,191,212,215,235,237,257,259,261,262,281,282,285,291,302,304,305,307,326,327
108,108,72
4,5,6,24,25,26,27,28,29,47,48,49,50,51,52,70,71,72,73,74,75,93,94,95,96,97,116,117,118,119,120,121,122,140,141,142,143,144,163,164,166,167,186,187,189,190,191,196,235,237,238,257,258,259,260,261,262,281,282,284,285,286,303,304,305,306,308,326,327,328,329,331
195,195,66
4,5,6,24,26,27,29,30,47,48,49,50,51,52,70,71,72,73,93,94,95,96,97,99,116,117,118,119,120,121,140,141,142,143,163,166,186,187,189,190,191,195,196,212,213,220,235,237,238,257,260,261,281,282,283,284,285,302,304,305,307,308,326,327,329,331
100,100,74
4,5,24,25,26,27,28,29,47,48,49,50,51,52,53,70,71,72,73,74,75,93,94,95,96,97,99,116,117,118,119,120,140,141,142,143,144,150,163,166,167,172,186,187,189,190,191,195,196,197,212,213,219,220,236,237,258,259,260,261,262,280,281,282,284,285,286,305,307,308,325,326,329,331
483,483,44
1,4,5,24,26,27,28,29,48,50,51,52,70,71,72,73,75,93,94,95,96,97,116,117,118,119,140,163,190,196,212,213,236,257,261,281,283,284,285,305,307,308,326,329
79,79,76
4,5,6,24,26,27,28,29,43,47,48,49,50,51,52,66,70,71,72,73,74,75,93,94,95,96,97,98,116,117,118,119,120,140,141,142,143,163,164,167,170,172,173,186,190,194,195,196,197,209,213,215,219,220,236,237,257,259,260,262,281,282,283,284,285,302,303,304,305,306,307,308,326,327,329,331
195,195,61
4,5,6,24,25,26,48,49,50,51,52,53,70,71,72,73,74,93,94,95,96,116,118,119,140,141,142,150,163,170,172,173,190,194,195,196,197,212,215,219,220,237,257,260,261,262,281,282,283,284,285,286,303,305,306,307,309,326,329,330,331
153,153,63
4,6,24,25,26,27,28,29,47,48,49,66,70,71,72,73,93,94,95,96,101,116,118,119,127,140,142,150,163,167,171,172,174,189,190,191,193,194,195,196,197,212,213,218,219,220,236,237,258,259,260,261,262,280,281,282,283,284,303,304,305,325,326
70,70,77
1,3,4,5,6,24,25,26,27,29,42,43,48,49,50,66,70,71,72,73,93,94,95,96,116,118,119,127,140,142,143,163,167,168,171,172,173,189,190,191,192,194,195,196,212,213,216,217,218,219,220,236,237,238,258,259,260,261,262,278,279,280,281,282,283,284,285,286,301,302,303,304,305,318,324,326,327
84,84,77
2,4,5,6,20,24,25,26,28,42,43,47,48,49,50,53,65,70,71,72,73,93,94,95,96,117,118,119,127,140,142,143,163,166,167,168,169,170,172,173,174,189,190,192,194,195,196,197,212,213,218,219,220,235,236,237,241,242,258,259,260,261,278,279,280,281,282,283,284,301,302,303,304,305,323,325,326
190,190,73
1,2,4,5,20,24,25,27,28,29,42,47,48,49,50,65,70,71,72,73,93,94,95,96,117,118,127,140,151,167,171,172,173,174,189,190,194,195,196,197,212,213,214,216,217,218,219,236,237,241,243,257,258,259,260,261,262,278,281,282,283,284,301,302,303,304,305,313,323,324,325,326,327
174,174,71
20,42,43,65,94,95,96,117,118,127,140,146,151,162,166,167,168,171,172,173,174,189,190,191,192,193,194,195,196,197,198,212,213,214,216,217,218,219,220,236,237,238,239,240,241,242,243,257,258,259,260,261,262,278,279,280,281,282,283,285,286,301,302,303,304,305,323,324,325,326,327
509,509,23
1,2,3,4,5,6,9,10,24,25,26,27,32,47,48,49,70,71,72,73,74,93,94
554,554,91
1,2,3,4,5,9,10,12,13,14,15,16,24,25,26,27,32,33,34,35,36,37,38,47,48,49,50,52,53,54,55,56,57,58,59,60,70,71,72,73,74,75,76,77,78,79,80,81,82,93,94,95,96,97,98,99,100,101,102,116,117,118,119,120,121,122,123,124,139,140,141,142,143,144,145,146,162,163,164,165,166,167,168,185,186,187,208,209,210,231,232
508,508,139
40,45,58,59,60,63,68,80,81,82,83,84,86,91,99,100,101,102,103,104,105,111,116,117,121,122,123,124,125,126,127,128,129,130,132,133,139,140,141,142,143,144,145,146,147,148,149,150,151,152,153,162,163,164,165,166,167,168,169,170,171,172,173,174,175,176,185,186,187,188,189,190,191,192,193,194,195,196,197,198,199,200,208,209,210,211,212,213,214,215,216,217,218,219,220,221,231,232,233,234,235,236,237,238,239,240,241,242,243,244,254,255,256,257,258,259,260,261,262,263,264,265,277,278,279,280,281,282,283,284,300,301,302,303,304,323,324,325,326
507,507,141
115,134,136,137,138,153,155,156,158,159,160,161,173,174,175,176,177,178,179,180,181,182,183,184,193,194,195,196,197,198,199,200,201,202,203,204,205,206,207,213,214,215,216,217,218,219,220,221,222,223,224,225,226,227,228,229,230,234,235,236,237,238,239,240,241,242,243,244,245,246,247,248,249,250,251,255,256,257,258,259,260,261,262,263,264,265,266,267,268,269,270,271,272,274,277,278,279,280,281,282,283,284,285,286,287,288,289,290,291,292,295,296,300,301,302,303,304,306,308,309,310,311,312,313,314,315,316,324,325,326,327,328,329,330,331,332,333,334,335,336,337
379,379,125
4,137,138,159,160,161,179,180,181,182,183,184,199,200,201,202,203,204,205,206,207,219,221,222,223,224,225,226,227,228,229,230,240,242,243,244,245,246,247,248,249,250,251,252,253,261,263,264,265,266,267,268,269,270,271,272,273,274,275,276,279,280,281,282,283,284,285,286,287,288,289,290,291,292,293,294,295,296,297,298,299,300,301,303,304,305,306,307,308,309,310,311,312,313,314,315,316,317,318,319,320,321,322,324,325,326,327,328,329,330,331,332,333,334,335,336,337,338,339,340,341,342,343,344,345
376,376,114
138,158,159,160,161,179,180,181,182,183,184,201,202,203,204,205,206,207,219,221,222,223,224,225,226,227,228,229,230,242,243,244,245,246,247,248,249,250,251,252,253,263,264,265,266,267,268,269,270,271,272,273,274,275,276,282,284,285,286,287,288,289,290,291,292,293,294,295,296,297,298,299,300,304,305,306,307,308,309,310,311,312,313,314,315,316,317,318,319,320,321,322,324,325,326,327,328,329,330,331,332,333,334,335,336,337,338,339,340,341,342,343,344,345
509,509,108
6,159,160,161,180,181,182,183,184,201,202,203,204,205,206,207,220,222,223,224,225,226,227,228,229,230,243,244,245,246,247,248,249,250,251,252,253,265,266,267,268,269,270,271,272,273,274,275,276,284,285,286,287,288,289,290,291,292,293,294,295,296,297,298,299,300,303,305,306,307,308,309,310,311,312,313,314,315,316,317,318,319,320,321,322,323,324,325,326,327,328,329,330,331,332,333,334,335,336,337,338,339,340,341,342,343,344,345
368,368,100
46,142,160,161,180,181,182,183,205,206,207,211,222,224,229,230,234,243,244,245,246,247,248,249,250,251,252,253,264,265,266,267,268,269,270,271,272,273,274,275,276,282,283,284,285,286,287,288,289,290,291,292,293,294,295,296,297,298,299,305,306,307,308,309,310,311,312,313,314,315,316,317,318,319,320,321,322,323,324,325,326,327,328,329,330,331,332,333,334,335,336,337,338,339,340,341,342,343,344,345
364,364,92
115,138,159,160,181,182,183,184,188,205,206,207,226,230,244,245,248,249,250,251,252,253,264,265,266,267,268,269,270,271,272,273,274,275,276,284,285,286,287,288,289,290,291,292,293,294,295,296,297,298,299,304,305,306,307,308,309,310,311,312,313,314,315,316,317,318,319,320,321,322,323,325,326,327,328,329,330,331,332,333,334,335,336,337,338,339,340,341,342,343,344,345
447,447,85
24,25,46,48,70,93,95,117,118,119,141,188,206,211,249,250,252,267,269,270,271,272,273,274,275,276,285,286,287,288,289,290,291,292,293,294,295,296,297,298,299,301,303,304,305,306,307,308,309,310,311,312,313,314,315,316,317,318,319,320,321,322,323,324,325,326,327,328,329,330,331,332,333,334,335,336,337,338,339,340,341,342,343,344,345
311,311,80
2,24,25,47,118,119,140,141,165,211,229,234,252,253,267,268,269,270,271,273,274,275,276,280,283,287,288,289,291,292,293,294,295,296,297,298,299,303,304,305,306,307,308,309,310,311,312,313,314,315,316,317,318,319,320,321,322,323,324,325,326,327,328,329,330,331,332,333,334,335,336,337,338,339,340,341,342,343,344,345
305,305,75
2,24,95,119,140,141,164,165,188,228,248,249,253,267,268,269,270,273,274,276,281,282,284,288,291,292,293,294,295,296,297,298,299,301,303,304,305,306,307,308,309,310,313,314,315,316,317,318,319,320,321,322,323,324,325,326,327,328,329,330,331,332,333,334,335,336,337,338,339,340,341,342,343,344,345
73,73,61
1,2,4,25,27,28,46,47,48,49,50,67,68,71,72,82,93,94,95,105,117,118,183,184,206,207,226,230,252,253,267,268,274,275,276,290,291,292,293,294,295,296,297,298,299,313,314,315,316,317,318,319,320,321,322,328,336,342,343,344,345
77,77,65
1,2,86,89,109,110,138,159,160,163,164,183,184,186,188,205,207,230,251,267,268,280,281,282,291,292,293,294,302,303,304,305,306,307,309,313,314,315,316,317,318,319,320,323,324,325,326,327,328,329,330,331,332,333,335,336,337,338,339,340,341,342,343,344,345
264,264,58
86,109,186,206,207,228,229,251,252,253,267,268,269,271,275,280,281,282,290,291,292,293,296,303,304,305,307,310,311,313,314,316,317,318,320,323,324,325,326,327,328,329,330,331,332,333,334,335,336,337,338,339,340,341,342,343,344,345
69,69,50
1,108,109,181,205,226,227,228,250,251,252,268,280,281,282,290,291,292,293,294,296,303,305,307,313,314,315,317,318,319,323,324,326,327,328,329,330,331,332,333,334,335,336,337,338,339,340,341,343,344
143,143,43
86,108,226,228,250,251,268,269,272,282,290,291,292,293,294,296,304,307,313,314,315,316,317,318,319,320,323,326,327,330,331,332,333,335,336,337,338,339,340,341,343,344,345
43,43,31
1,108,250,251,268,271,272,282,290,291,292,293,294,295,296,299,305,313,314,315,317,318,319,323,330,331,338,339,340,344,345
44,44,20
268,269,291,292,293,296,299,313,314,315,316,317,318,319,333,338,339,340,343,345
18,18,12
269,270,271,290,291,292,299,313,315,337,338,345
116,116,1
135
218,218,11
48,72,73,97,173,194,196,217,218,219,220
569,569,18
48,49,96,97,149,170,172,174,193,194,195,196,216,217,218,219,242,263
129,129,25
4,48,49,72,73,96,97,151,171,172,173,174,192,193,194,195,216,217,218,219,234,241,242,263,264
68,68,24
29,48,49,71,72,95,151,170,171,172,173,192,193,195,196,212,216,217,218,219,234,241,262,264
536,536,36
1,4,5,6,25,48,49,70,71,72,73,95,127,150,151,169,170,171,172,173,191,192,193,194,195,196,197,217,218,219,225,234,236,241,262,263
219,219,34
25,29,47,48,49,70,71,72,94,95,127,150,168,169,170,171,172,191,193,194,195,196,216,217,218,219,220,236,237,243,260,262,263,264
101,101,45
1,5,6,25,29,47,48,70,71,72,95,127,150,151,167,169,170,171,172,173,174,188,190,191,192,193,194,195,196,197,198,212,213,216,217,218,219,220,234,235,236,260,261,262,263
395,395,43
1,24,25,47,48,70,71,72,73,95,120,127,144,148,150,151,162,166,168,169,170,171,172,173,174,192,193,194,195,196,197,211,212,216,217,218,219,220,234,236,242,260,262
183,183,35
1,24,25,47,48,71,72,95,127,143,148,150,151,168,169,171,172,173,191,192,193,194,195,196,197,215,216,217,218,219,220,237,241,261,282
109,109,43
24,47,48,70,71,95,142,148,149,150,151,159,164,167,168,169,170,171,172,173,174,190,191,192,193,194,195,196,197,213,215,216,217,218,219,220,235,241,242,243,258,259,260
199,199,30
70,71,148,149,150,166,167,168,169,170,171,172,173,189,191,192,196,197,213,214,215,216,217,218,220,235,239,241,263,315
421,421,37
70,71,148,149,150,168,169,170,171,172,173,190,192,194,195,196,197,213,214,215,216,217,218,219,220,235,237,238,239,240,241,242,259,262,263,281,282
449,449,34
71,94,148,149,150,168,169,171,172,173,190,191,192,193,194,195,196,212,214,215,216,217,218,219,220,235,237,238,239,241,242,258,259,262
423,423,36
29,71,94,95,147,149,170,171,172,173,188,189,190,191,193,194,195,196,211,212,213,214,215,216,217,218,236,237,238,239,240,241,242,257,263,282
248,248,27
29,117,172,188,190,191,192,194,195,196,211,212,213,214,215,216,217,218,219,235,236,238,239,241,258,260,263
249,249,32
47,149,167,168,169,171,172,187,188,189,191,192,193,194,195,196,211,212,213,214,215,216,217,218,219,235,238,239,240,241,257,258
101,101,35
93,95,117,118,165,169,172,187,189,190,191,192,193,194,195,209,211,212,213,214,215,216,217,218,234,235,236,237,238,239,240,241,258,261,262
93,93,18
166,187,190,192,193,194,195,210,212,213,214,215,216,217,218,234,240,241
413,413,36
93,117,141,142,164,165,166,167,186,187,188,189,190,191,192,193,194,195,210,211,212,213,214,215,216,217,218,234,237,238,239,240,241,261,262,263
505,505,17
93,117,141,165,187,188,190,191,193,194,215,217,218,238,239,241,328
71,71,2
245,323
328,328,37
1,14,15,36,37,53,58,59,70,83,129,161,176,183,199,222,223,245,246,267,268,269,277,289,290,291,292,296,300,312,313,314,318,319,323,324,336
229,229,75
1,2,3,4,14,24,25,26,27,36,37,38,39,47,48,49,50,53,57,59,70,71,72,73,74,93,94,95,96,97,116,117,118,119,120,121,139,141,142,144,162,164,166,185,186,208,209,222,231,233,244,245,246,254,255,267,268,277,278,279,289,290,291,292,294,300,301,312,313,318,323,324,325,335,336
23,23,90
1,2,3,4,5,6,7,24,25,26,27,28,29,30,32,47,48,49,50,51,53,54,70,71,72,73,74,75,93,94,95,96,97,98,116,117,118,119,120,121,122,139,140,141,142,143,145,146,162,163,164,165,185,186,187,188,208,209,210,211,231,232,233,234,245,254,255,256,257,258,267,277,278,279,280,281,289,290,300,301,302,303,312,313,314,323,324,325,326,336
50,50,98
1,2,3,4,5,6,7,8,24,25,26,27,28,29,30,31,32,47,48,49,50,51,52,53,54,56,70,71,72,73,74,75,77,93,94,95,96,97,98,99,116,117,118,119,120,121,122,139,140,141,142,143,144,145,162,163,164,165,166,167,185,186,187,188,189,190,208,209,210,211,212,213,231,232,233,234,235,236,254,255,256,257,258,259,277,278,279,280,281,300,301,302,303,304,323,324,325,326
550,550,108
1,2,3,4,5,6,7,8,9,24,25,26,27,28,29,30,31,32,47,48,49,50,51,52,53,54,55,70,71,72,73,74,75,76,77,78,93,94,95,96,97,98,99,100,101,116,117,118,119,120,121,122,139,140,141,142,143,144,145,146,162,163,164,165,166,167,168,169,185,186,187,188,189,190,191,208,209,210,211,212,213,231,232,233,234,235,236,254,255,256,257,258,259,277,278,279,280,281,300,301,302,303,304,323,324,325,326,327
346,346,119
1,2,3,4,5,6,7,8,9,24,25,26,27,28,29,30,31,32,47,48,49,50,51,52,53,54,55,56,70,71,72,73,74,75,76,77,78,93,94,95,96,97,98,99,100,101,116,117,118,119,120,121,122,123,139,140,141,142,143,144,145,146,162,163,164,165,166,167,168,169,185,186,187,188,189,190,191,192,208,209,210,211,212,213,214,231,232,233,234,235,236,237,254,255,256,257,258,259,260,277,278,279,280,281,282,283,300,301,302,303,304,305,323,324,325,326,327,328,329
530,530,136
8,9,10,11,30,31,32,33,34,53,54,56,57,59,75,76,77,78,79,80,81,98,99,100,101,102,103,120,121,122,123,124,125,126,127,143,144,145,146,147,148,149,150,151,166,167,168,169,170,171,172,173,174,188,189,190,191,192,193,194,195,196,197,211,212,213,214,215,216,217,218,219,220,231,233,234,235,236,237,238,239,240,241,242,243,254,256,257,258,259,260,261,262,263,264,265,266,267,276,277,278,279,280,281,282,283,284,285,286,287,288,289,300,301,302,303,304,305,306,307,308,309,310,311,312,323,324,326,327,328,329,330,331,332,333,334
522,522,126
12,13,14,16,17,18,19,35,36,37,38,39,40,41,42,59,60,61,62,63,64,66,82,83,84,85,86,87,88,105,106,107,108,109,110,111,112,128,129,130,131,132,133,134,135,151,152,153,154,155,156,157,158,173,174,175,176,177,178,179,180,181,196,197,198,199,200,201,202,203,204,218,219,220,221,222,223,224,225,226,227,241,242,243,244,245,246,247,248,264,265,266,267,268,269,270,272,287,288,289,290,291,292,293,294,295,310,311,312,313,314,315,316,317,318,319,333,334,335,336,337,338,339,340,341,342
388,388,93
21,22,23,42,43,44,45,46,54,64,65,66,67,68,69,86,87,88,89,90,91,92,108,109,110,111,112,113,114,115,132,133,134,135,136,137,138,155,156,157,158,159,160,161,179,180,181,182,183,184,204,205,206,207,227,228,229,230,250,251,252,253,267,268,269,273,274,275,276,291,292,295,296,297,298,299,313,314,316,317,318,319,320,321,322,338,339,340,341,342,343,344,345
104,104,66
21,22,23,43,44,45,46,66,67,68,69,88,89,90,91,92,112,113,114,115,132,133,135,136,137,138,154,155,156,158,159,160,161,182,183,184,204,205,206,207,227,228,229,230,251,252,253,268,269,273,275,276,291,292,296,298,299,314,318,319,320,321,322,343,344,345
25,25,39
21,22,23,44,45,46,67,68,69,89,90,91,92,113,114,115,136,137,138,159,160,161,183,184,205,206,207,228,229,230,269,290,291,292,299,313,314,322,345
241,241,21
68,132,136,155,160,161,183,184,206,267,268,269,270,290,291,292,293,313,314,315,316
2,2,8
161,184,268,269,290,291,313,314
463,463,1
210
504,504,17
28,29,51,73,75,185,186,187,209,210,213,214,237,257,280,282,305
214,214,34
6,28,29,50,51,52,70,71,73,94,97,99,139,162,164,185,186,188,189,209,210,212,213,214,233,234,236,238,257,260,280,282,303,326
61,61,36
5,6,24,28,29,51,52,71,73,75,93,139,162,164,185,186,188,189,209,210,212,213,214,215,233,236,237,238,239,257,260,280,282,303,325,326
369,369,51
5,6,24,28,29,48,49,50,51,52,70,71,73,74,76,94,139,141,162,163,164,165,167,185,186,188,189,190,191,192,193,210,211,212,213,214,215,234,235,236,237,238,239,257,258,260,281,303,305,309,325
109,109,63
2,5,6,26,27,28,29,30,47,48,50,51,52,70,71,73,74,75,76,93,97,99,139,141,162,163,164,165,166,168,171,185,186,188,189,190,191,192,194,195,209,210,211,212,213,214,215,216,233,234,235,236,238,257,260,280,286,303,309,325,326,327,331
381,381,60
1,2,5,6,28,29,47,48,49,50,51,70,71,72,73,74,76,93,96,97,99,139,140,141,143,162,163,164,165,166,168,188,189,190,191,194,195,209,210,211,213,214,215,221,234,236,237,238,239,257,260,281,282,285,303,309,325,326,327,331
195,195,64
1,2,5,6,27,28,29,48,49,51,52,71,73,74,75,76,93,96,97,116,120,122,139,140,141,144,162,163,164,166,168,169,171,185,187,188,189,190,191,192,193,195,209,210,211,213,214,215,235,236,238,257,260,261,262,281,285,303,305,309,325,327,329,331
425,425,63
2,5,6,24,27,28,29,47,48,49,50,51,52,71,72,73,74,75,76,93,96,97,98,116,119,120,139,140,141,142,162,163,164,166,168,169,171,185,186,187,188,189,190,192,210,211,213,214,215,216,236,237,238,257,262,285,287,305,309,325,326,327,331
181,181,72
2,5,6,24,25,27,28,29,47,48,49,50,51,52,53,70,71,72,73,74,75,76,93,94,97,98,99,116,117,119,120,122,139,141,142,162,163,164,166,167,169,170,171,186,188,189,190,191,192,194,210,212,213,214,215,235,236,237,238,257,260,262,270,287,303,307,309,325,326,328,331,332
543,543,72
2,5,6,20,25,27,28,29,30,47,48,49,51,52,53,71,72,73,74,75,76,93,94,97,98,99,116,117,119,120,122,127,141,142,162,164,165,166,168,170,171,172,186,187,188,189,190,191,192,193,194,195,213,214,215,216,236,237,238,257,259,260,261,262,285,287,303,304,309,326,331,332
183,183,78
5,6,20,24,25,27,28,29,30,47,48,49,50,51,52,53,70,71,72,73,74,75,76,93,96,97,99,100,116,117,118,119,120,139,140,141,144,162,163,165,166,169,171,172,185,186,189,190,192,193,194,209,210,211,212,213,214,215,216,217,236,237,238,256,257,261,262,282,285,286,287,302,303,309,324,325,326,332
51,51,40
5,6,24,27,29,48,49,51,53,71,72,73,74,76,93,97,116,118,120,139,144,166,167,170,171,185,186,189,193,194,214,215,216,236,237,260,287,309,331,332
161,161,82
4,5,6,20,24,25,27,28,29,47,48,49,50,51,52,53,70,71,72,73,74,75,76,93,95,96,97,116,118,119,120,122,139,140,144,146,162,163,166,167,168,169,170,171,185,186,188,189,190,191,192,193,194,195,208,210,211,212,213,214,215,216,217,232,237,240,241,257,260,261,280,281,282,284,286,287,303,308,329,331,332,333
327,327,73
5,6,20,24,25,27,28,29,47,48,49,50,51,52,53,70,71,72,73,74,75,76,93,94,95,96,97,99,116,119,121,122,140,146,163,164,166,167,168,169,170,172,185,186,187,188,189,191,192,193,194,208,210,211,214,215,216,232,233,234,237,256,257,260,261,286,287,307,308,309,331,332,333
302,302,92
1,2,3,5,6,20,24,25,27,28,29,42,47,48,49,50,51,52,53,70,71,72,73,74,75,76,93,94,95,96,97,99,116,117,118,119,120,121,122,140,142,143,144,145,146,163,164,169,170,185,186,187,188,189,191,192,193,194,195,208,210,211,214,215,216,217,218,232,233,234,237,238,257,260,261,263,282,283,284,286,287,304,307,308,309,310,326,328,329,331,332,333
68,68,76
18,20,42,75,76,81,95,96,97,98,99,106,116,117,118,120,121,122,123,140,142,144,145,146,163,164,165,168,169,170,171,173,181,185,186,191,192,193,194,195,208,209,210,211,214,215,216,217,231,232,233,234,236,237,238,239,240,257,260,261,263,280,282,283,284,286,287,305,307,308,309,310,329,331,332,333
351,351,17
1,2,3,4,5,6,7,17,24,25,26,27,28,29,30,47,50
447,447,85
1,2,3,4,5,6,7,8,9,10,11,12,13,14,15,16,24,25,26,27,28,29,30,31,32,33,34,36,37,47,48,49,50,51,52,53,54,55,56,57,58,59,70,71,72,73,74,75,76,77,78,79,80,81,93,94,95,96,97,98,99,100,101,102,103,116,117,118,119,120,121,122,123,139,140,141,142,143,162,163,164,165,185,186,187
507,507,139
19,35,39,43,45,56,57,58,59,60,63,64,65,68,77,78,80,81,82,83,84,85,86,95,97,98,99,100,101,105,106,107,116,117,118,119,120,121,122,123,124,127,128,129,130,139,140,141,142,143,144,145,146,147,149,150,151,152,153,162,163,164,165,166,167,168,169,170,171,172,173,174,176,185,186,187,188,189,190,191,192,193,194,195,196,197,208,209,210,211,212,213,214,215,216,217,218,219,220,231,232,233,234,235,236,237,238,239,240,241,242,254,255,256,257,258,259,260,261,262,263,264,265,277,278,279,280,281,282,284,300,301,302,303,304,323,324,325,326
380,380,140
68,87,89,90,108,109,110,111,129,130,131,132,138,149,150,151,152,161,172,183,184,192,200,201,202,204,206,207,212,213,220,221,222,223,224,225,226,227,228,230,233,234,235,236,237,240,241,242,243,244,245,246,247,248,249,250,251,252,253,254,255,256,257,258,259,260,261,262,263,264,265,266,267,268,269,270,271,272,273,274,275,277,278,279,280,281,282,283,284,285,286,287,288,289,290,291,292,293,294,295,296,300,301,302,303,304,305,306,307,308,309,310,311,312,313,314,315,316,317,318,319,323,324,325,326,327,328,329,330,331,332,333,334,335,336,337,338,339,340,341
278,278,123
92,113,138,157,158,159,160,161,179,180,181,182,183,184,199,200,201,202,203,204,205,206,207,220,221,222,223,224,225,226,227,228,229,230,239,240,241,242,243,244,245,246,247,248,249,250,251,252,253,260,261,262,263,264,265,266,267,268,269,270,271,272,273,274,275,276,284,285,286,287,288,289,290,291,292,293,294,295,296,297,298,299,303,305,306,307,308,309,310,311,312,313,314,315,316,317,318,319,320,321,322,323,325,326,327,328,329,330,331,332,333,334,335,336,337,338,339,340,341,342,343,344,345
447,447,113
115,136,138,158,160,161,178,179,180,181,182,183,184,197,198,200,201,202,203,204,205,206,207,219,221,222,223,224,225,226,227,228,229,230,240,241,242,243,244,245,246,247,248,249,250,251,252,253,260,262,263,264,265,266,267,268,269,270,271,272,273,274,275,276,285,286,287,288,289,290,291,292,293,294,295,296,297,298,299,307,308,309,310,311,312,313,314,315,316,317,318,319,320,321,322,328,329,330,331,332,333,334,335,336,337,338,339,340,341,342,343,344,345
427,427,109
115,136,137,138,158,159,160,161,174,179,180,181,182,183,184,194,195,198,199,200,201,202,203,204,205,206,207,216,220,221,222,223,224,225,226,227,228,229,230,241,242,243,244,245,246,247,248,249,250,251,252,253,263,264,265,266,267,268,269,270,271,272,273,274,275,276,286,287,288,289,290,291,292,293,294,295,296,297,298,299,309,310,311,312,313,314,315,316,317,318,319,320,321,322,331,332,333,334,335,336,337,338,339,340,341,342,343,344,345
461,461,105
137,138,158,159,160,161,177,179,180,181,182,183,184,195,198,199,200,201,202,203,204,205,206,207,217,219,221,223,224,225,226,227,228,229,230,239,241,242,243,244,245,246,247,248,249,250,251,252,253,258,264,265,266,267,268,269,270,271,272,273,274,275,276,287,289,290,291,292,293,294,295,296,297,298,299,308,309,310,311,312,313,314,315,316,317,318,319,320,321,322,330,332,333,334,335,336,337,338,339,340,341,342,343,344,345
294,294,95
113,114,134,135,136,137,138,156,158,159,160,161,179,180,181,182,183,184,201,202,203,204,205,206,207,218,219,221,223,224,225,226,227,228,229,230,241,243,244,245,246,248,249,250,251,252,253,266,267,268,269,270,271,272,273,274,275,276,282,283,288,290,291,292,293,294,295,296,297,298,299,308,310,311,312,313,316,317,318,319,320,321,322,331,332,335,336,337,338,340,341,342,343,344,345
348,348,92
40,135,136,138,148,157,158,159,160,161,176,177,179,180,181,182,183,184,195,196,197,198,199,200,201,202,203,204,205,206,207,212,216,217,218,219,220,221,222,223,224,225,226,227,228,229,230,231,235,239,240,241,242,243,244,245,246,247,250,251,252,253,256,257,258,263,265,266,267,268,274,275,276,280,281,282,294,296,297,298,299,317,318,319,320,321,322,330,341,343,344,345
240,240,84
133,135,136,138,157,158,159,160,161,173,176,177,178,179,180,181,182,183,184,194,195,196,197,198,199,200,201,202,203,204,205,206,207,217,218,219,220,221,223,224,225,226,227,228,229,230,233,234,235,236,237,238,240,242,244,245,247,256,257,258,259,260,265,266,267,268,269,278,279,280,281,282,296,297,299,303,311,317,318,319,322,342,344,345
82,82,80
18,36,41,63,93,94,112,114,132,133,134,135,136,138,154,156,157,158,159,161,175,176,179,180,181,182,183,184,193,194,195,196,198,199,200,201,202,203,204,205,206,207,208,212,216,217,218,220,221,223,224,225,226,232,237,238,239,240,241,242,244,245,255,256,257,258,259,260,264,266,268,278,279,280,281,283,327,328,329,345
350,350,54
11,12,19,20,21,22,23,43,45,46,67,68,69,90,91,92,114,115,135,136,137,138,157,158,159,160,161,179,180,181,182,184,194,202,205,207,216,217,218,228,229,230,238,255,280,282,283,311,312,329,334,335,336,337
404,404,66
13,17,18,22,23,34,42,45,46,68,112,135,136,157,158,160,161,176,177,178,179,180,181,182,183,184,198,199,200,201,202,203,204,205,206,207,222,223,224,225,226,227,228,229,230,242,254,255,256,258,259,263,265,311,316,317,318,319,322,334,336,337,339,341,343,345
151,151,55
18,22,23,33,34,40,45,46,69,112,132,134,135,136,155,156,157,158,160,161,177,178,179,180,181,182,183,184,200,201,202,203,204,205,206,207,223,225,226,227,228,229,230,258,291,292,311,314,315,319,322,334,339,344,345
49,49,47
10,17,18,22,23,45,133,135,156,157,158,159,160,161,177,178,179,180,181,182,183,184,200,202,203,204,205,207,223,225,226,227,228,229,230,246,264,269,289,291,311,319,322,334,339,344,345
488,488,38
17,21,22,23,33,68,133,135,156,158,160,161,178,180,181,182,183,184,201,202,203,204,205,228,229,230,246,269,270,291,311,314,315,322,334,338,339,345
366,366,23
22,23,68,133,156,158,159,161,181,182,183,184,202,203,204,205,206,207,228,230,291,339,345
13,13,11
158,159,160,161,181,182,183,184,205,225,345
13,13,2
182,205
35,35,20
4,5,25,47,48,50,70,72,73,74,93,94,95,96,116,117,167,190,212,213
105,105,44
2,3,4,5,24,26,27,28,34,47,48,49,50,70,71,72,73,84,93,94,95,116,117,118,139,140,166,167,168,170,172,188,189,190,191,211,212,214,219,236,237,266,332,333
276,276,29
3,4,5,24,25,26,47,48,50,70,71,93,116,117,166,167,170,171,188,190,192,212,235,236,237,238,257,326,331
459,459,38
1,2,3,4,24,25,26,47,70,71,74,103,104,116,145,169,172,173,188,191,192,193,195,210,212,213,214,234,235,236,238,258,260,305,307,330,331,332
435,435,36
4,24,26,47,70,103,125,167,168,170,171,172,174,188,191,192,193,213,214,234,235,238,280,283,303,304,305,306,307,308,328,329,330,331,332,333
413,413,54
3,4,24,25,47,48,76,93,101,103,104,106,116,120,123,125,144,149,151,167,168,169,170,171,172,173,174,188,191,192,193,194,195,211,212,214,215,218,233,236,237,238,259,260,283,303,304,308,327,329,330,331,332,333
92,92,57
4,6,24,25,47,70,76,93,99,100,101,103,104,106,121,122,123,144,145,149,150,166,167,168,170,171,172,173,174,187,188,189,192,193,194,195,214,218,234,236,237,238,259,280,281,283,303,304,305,306,308,309,327,329,330,331,332
92,92,63
3,4,5,25,28,47,50,53,70,76,97,98,99,100,101,103,104,106,120,121,122,143,144,145,149,150,151,166,167,168,170,171,172,174,189,191,192,193,194,195,210,213,214,215,218,236,237,257,259,283,302,304,307,308,309,326,327,328,329,330,331,332,333
218,218,60
4,6,24,47,49,50,70,74,75,76,97,98,100,104,106,120,121,122,127,143,144,145,151,165,166,167,168,169,170,171,172,173,174,188,189,191,192,193,194,195,210,211,213,214,215,216,218,236,259,260,283,302,308,309,327,328,329,330,331,332
414,414,69
1,4,24,28,47,49,50,53,73,74,75,76,96,97,98,99,104,116,120,121,122,123,127,143,144,145,149,150,151,165,166,167,168,170,171,172,173,174,187,188,189,191,192,193,194,195,212,213,214,215,218,236,237,259,260,262,283,302,304,308,309,313,326,327,328,329,330,331,332
545,545,48
4,24,25,27,48,50,76,104,120,121,122,143,144,145,150,165,166,167,168,172,173,187,188,189,190,191,192,193,194,195,211,212,215,218,280,283,301,304,307,308,309,326,327,328,329,330,331,332
152,152,42
3,4,5,47,50,73,74,75,97,104,120,121,122,127,142,143,144,164,165,166,167,168,169,170,187,188,189,190,191,192,193,211,212,213,228,235,277,308,309,324,330,332
190,190,43
4,24,27,73,74,95,96,97,98,119,120,121,122,127,140,142,143,144,145,148,165,166,167,168,169,172,188,189,190,191,192,193,212,234,302,308,309,324,325,329,330,331,332
504,504,52
3,4,26,70,73,74,97,98,119,120,121,122,127,141,142,143,144,145,148,162,163,164,165,166,167,168,169,170,172,186,187,188,189,190,191,192,193,194,209,212,213,233,235,236,245,300,302,309,323,330,331,332
552,552,40
2,3,24,72,73,97,101,116,119,120,121,142,143,144,145,164,165,166,167,168,169,170,172,186,187,188,189,190,191,192,193,212,235,281,308,323,327,328,329,332
110,110,44
3,58,72,73,95,96,101,119,120,121,141,142,143,144,145,162,164,165,166,167,168,169,170,185,186,187,188,189,190,191,192,193,194,212,234,285,300,301,302,308,309,324,329,330
406,406,45
1,2,49,72,95,116,118,119,120,141,142,145,162,163,164,165,166,167,168,172,186,187,188,189,190,191,192,193,194,211,233,234,235,285,300,301,308,323,325,326,327,329,330,331,332
481,481,31
72,93,95,118,119,141,142,143,144,162,163,165,166,167,168,186,187,188,189,191,193,194,209,300,323,325,328,329,330,331,332
512,512,26
95,116,117,118,140,164,165,166,167,168,170,186,187,189,190,209,211,233,234,308,323,325,328,329,330,331
75,75,2
167,190
166,166,1
189
103,103,27
14,17,36,37,56,59,68,80,289,290,291,301,313,314,315,316,317,318,319,336,337,338,339,340,341,342,343
379,379,59
13,14,15,16,17,35,36,37,38,56,57,58,59,78,80,236,239,241,242,243,264,265,267,278,280,288,289,290,291,292,293,294,300,301,302,303,308,310,311,312,313,314,315,316,317,318,319,332,333,335,336,337,338,339,340,341,342,343,344
137,137,81
14,17,29,30,32,34,35,36,37,47,49,54,56,57,59,78,79,80,81,102,154,215,235,236,240,242,243,256,257,260,261,265,266,267,268,277,278,280,281,282,283,285,287,288,289,290,291,292,294,300,301,303,304,305,308,311,312,313,314,315,316,317,318,319,323,324,325,326,328,330,333,335,336,337,338,339,340,341,342,343,344
347,347,94
1,2,3,4,5,6,13,24,25,26,27,28,29,30,32,35,36,37,47,48,49,50,54,70,71,72,73,74,80,93,94,95,96,116,117,118,119,139,140,141,142,143,162,163,164,185,186,187,188,208,209,210,211,215,231,232,233,234,236,254,255,256,257,258,259,267,277,278,279,280,281,290,291,292,300,301,302,303,308,312,313,314,315,316,323,324,325,335,336,337,338,339,342,343
268,268,100
1,2,3,4,5,6,7,8,24,25,26,27,28,29,30,31,32,47,48,49,50,51,52,53,54,70,71,72,73,74,75,76,77,93,94,95,96,97,98,99,116,117,118,119,120,121,122,139,140,141,142,143,144,162,163,164,165,166,167,185,186,187,188,189,191,208,209,210,211,212,213,231,232,233,234,235,236,237,254,255,256,257,258,259,260,277,278,279,280,281,282,300,301,302,303,304,323,324,325,326
321,321,108
1,2,3,4,5,6,7,8,9,24,25,26,27,28,29,30,31,32,47,48,49,50,51,52,53,54,55,70,71,72,73,74,75,76,93,94,95,96,97,98,99,116,117,118,119,120,121,122,139,140,141,142,143,144,145,162,163,164,165,166,167,168,185,186,187,188,189,190,191,208,209,210,211,212,213,214,215,231,232,233,234,235,236,237,253,254,255,256,257,258,259,277,278,279,280,281,282,300,301,302,303,304,305,323,324,325,326,327
22,22,120
1,2,3,4,5,6,7,8,9,10,24,25,26,27,28,29,30,31,32,47,48,49,50,51,52,53,54,70,71,72,73,74,75,76,77,93,94,95,96,97,98,99,100,116,117,118,119,120,121,122,123,139,140,141,142,143,144,145,146,162,163,164,165,166,167,168,169,185,186,187,188,189,190,191,192,193,207,208,209,210,211,212,213,214,215,216,231,232,233,234,235,236,237,238,254,255,256,257,258,259,260,277,278,279,280,281,282,283,284,300,301,302,303,304,305,306,323,324,325,326
380,380,137
4,5,6,7,8,9,10,11,12,26,28,29,30,31,32,33,34,37,51,52,53,54,55,60,74,75,76,77,78,82,83,84,96,97,98,99,100,102,103,104,105,106,118,119,120,121,122,123,124,125,126,127,128,129,142,143,144,145,146,147,148,149,150,151,152,163,164,165,166,167,168,169,170,171,172,173,174,175,186,187,188,189,190,191,192,193,194,195,196,197,209,210,211,212,213,214,215,216,217,219,220,232,233,234,235,236,237,238,239,255,256,257,258,259,260,261,262,278,279,280,281,282,283,284,285,286,304,305,306,307,309,324,327,329,330,331,341
20,20,127
13,14,15,16,35,36,37,38,59,60,61,62,65,82,83,84,85,86,87,88,89,90,106,107,108,109,110,111,112,129,130,131,132,133,134,135,136,151,152,153,154,155,156,157,158,159,174,175,176,177,178,179,180,197,198,199,200,201,202,203,204,216,217,220,221,222,223,224,225,226,227,239,240,241,242,243,244,245,246,247,248,249,262,263,264,265,266,267,268,269,270,271,285,286,287,288,289,290,291,292,293,294,295,296,308,309,310,311,312,313,314,315,316,317,318,319,332,333,334,335,336,337,338,339,340,341,342
36,36,90
17,18,19,40,41,44,45,46,63,65,67,68,69,86,87,88,89,90,91,92,109,110,111,112,113,114,115,132,133,134,135,136,137,138,155,156,159,160,161,182,183,184,204,205,206,207,223,224,227,228,229,230,246,250,251,252,253,268,269,273,274,275,276,291,292,293,294,295,296,297,298,299,315,316,317,318,319,320,321,322,336,337,338,339,340,341,342,343,344,345
37,37,60
17,19,20,21,22,23,42,43,44,45,46,64,65,66,67,68,69,89,90,91,92,111,112,113,114,115,133,135,136,137,138,159,160,161,183,184,205,206,207,228,229,230,252,253,274,275,276,297,298,299,318,319,320,321,322,341,342,343,344,345
324,324,34
21,22,23,44,45,46,67,68,69,90,91,92,113,114,115,136,137,138,161,184,230,253,276,297,298,299,319,320,321,322,342,343,344,345
566,566,22
45,46,67,68,69,91,92,114,115,133,136,137,138,161,297,298,319,320,321,342,343,344
27,27,10
45,46,68,69,92,115,138,319,320,343
521,521,4
68,245,319,320
308,308,5
52,75,163,185,278
0,0,44
25,28,47,50,51,52,53,72,76,98,117,139,140,145,162,163,164,165,167,168,185,186,187,188,192,194,208,209,210,211,213,222,232,236,237,260,277,278,304,305,307,328,329,330
575,575,37
16,52,53,74,75,76,99,139,162,164,165,167,185,186,189,193,208,209,210,231,232,236,237,255,256,257,261,279,282,283,304,306,309,323,328,329,331
417,417,35
28,50,52,74,75,139,145,162,163,165,166,167,185,186,189,193,208,209,237,254,255,257,260,261,278,279,282,304,305,306,307,328,329,330,331
59,59,37
4,5,27,49,51,52,74,76,139,145,162,163,165,166,185,188,189,193,209,210,211,238,257,260,277,279,282,283,304,306,309,327,328,329,331,332,337
394,394,40
4,5,28,49,51,52,72,75,76,99,139,142,145,162,165,166,185,187,189,193,208,209,210,231,233,235,236,238,255,257,282,285,305,306,309,327,328,329,330,331
102,102,52
4,5,25,27,28,49,50,51,52,53,71,72,74,75,76,98,139,145,162,164,165,166,167,185,186,187,188,189,192,193,208,209,210,214,233,235,237,238,255,282,283,285,304,305,306,307,309,327,328,329,330,331
263,263,44
1,4,5,25,27,28,29,49,50,51,52,72,73,74,75,76,139,162,164,165,185,186,187,189,192,209,210,233,235,236,237,238,260,282,285,304,305,306,307,309,327,328,329,331
174,174,55
4,5,25,26,27,28,49,50,51,52,71,72,73,74,75,76,95,97,98,139,145,162,163,164,165,185,187,189,190,192,208,209,210,232,235,236,238,255,256,259,282,283,285,286,304,305,306,307,309,327,328,329,330,331,332
196,196,49
2,4,5,26,27,30,50,51,52,53,71,72,73,74,75,95,96,97,162,163,164,165,168,185,186,189,208,210,213,215,216,233,236,238,239,256,263,281,285,304,306,307,309,327,328,329,330,331,332
495,495,63
2,4,5,26,27,28,47,48,49,50,51,52,70,71,72,73,74,75,76,95,96,97,98,99,145,162,164,165,185,186,188,189,192,208,210,213,215,216,218,231,232,233,235,236,238,239,257,260,261,263,265,282,285,306,307,309,326,327,328,329,330,331,332
0,0,51
1,2,4,5,6,26,27,28,29,48,49,50,51,52,70,71,72,73,74,75,95,96,97,98,145,162,163,164,185,186,187,188,189,208,209,210,213,232,235,236,256,257,277,305,306,307,327,328,329,330,331
322,322,52
1,3,4,5,6,24,25,26,27,28,47,48,49,50,51,52,53,70,71,72,73,74,75,76,94,95,96,97,120,145,162,163,185,186,187,188,189,210,231,232,233,236,256,257,282,305,306,327,328,329,330,331
39,39,61
1,2,4,5,6,24,25,26,27,29,47,48,49,50,51,52,53,70,71,72,73,74,75,76,94,95,96,97,98,163,164,165,166,185,186,188,189,190,208,209,210,231,232,233,234,235,236,256,257,281,282,304,305,306,307,327,328,329,330,331,332
193,193,65
1,2,4,5,24,25,27,28,30,47,48,49,50,51,52,53,70,71,72,73,74,75,76,94,95,96,97,98,145,163,164,185,186,188,189,190,191,208,209,210,213,231,232,233,234,235,236,254,256,257,261,281,282,303,304,305,306,307,308,327,328,329,330,331,332
193,193,57
73,74,75,76,94,95,96,97,98,99,119,143,144,145,162,164,165,166,167,168,185,186,187,188,189,190,191,208,209,210,212,213,231,232,233,234,235,236,243,256,257,258,259,261,277,281,282,303,304,305,306,327,328,329,330,331,332
496,496,20
1,2,3,4,5,6,7,9,24,25,26,27,28,29,30,47,48,49,70,71
437,437,86
1,2,3,4,5,6,7,8,9,10,11,12,13,14,16,17,24,25,26,27,28,29,30,31,32,33,34,35,36,37,38,47,48,49,50,51,52,53,54,55,56,57,59,60,61,70,71,72,73,74,75,76,77,78,79,80,93,94,95,96,97,98,99,100,101,103,116,117,118,119,120,121,122,123,139,140,141,142,143,144,145,162,163,164,185,186
508,508,142
40,41,42,43,44,45,46,55,61,62,63,64,65,66,67,68,69,82,83,84,85,86,87,88,89,91,92,97,98,99,100,101,102,103,104,106,107,108,114,115,117,118,119,120,121,122,123,124,125,126,127,128,129,130,133,139,140,141,142,143,144,145,146,147,148,149,150,151,152,153,155,156,162,163,164,165,166,167,168,169,170,171,172,173,174,176,177,185,186,187,188,189,190,191,192,193,194,195,196,197,198,208,209,210,211,212,213,214,215,216,217,218,231,232,233,234,235,236,237,238,239,254,255,256,257,258,259,260,261,268,277,278,279,280,281,282,300,301,302,303,323,324
380,380,140
87,88,89,90,108,109,110,111,112,130,131,132,133,134,135,136,137,138,155,156,157,158,159,161,178,179,181,182,183,184,201,202,204,205,206,207,220,221,222,224,225,226,227,228,229,230,241,242,243,244,245,246,247,248,249,250,251,252,253,254,260,263,264,265,266,267,268,269,270,271,272,273,274,275,276,277,278,279,280,281,282,283,284,285,286,287,288,289,290,291,292,293,294,295,296,297,298,299,300,301,302,303,304,305,306,307,308,309,310,311,312,313,314,315,316,317,318,319,320,321,323,324,325,326,327,328,329,330,331,332,333,334,335,336,337,338,339,340,341,342
251,251,126
90,92,115,135,136,138,156,157,158,159,160,161,178,179,180,181,182,183,184,198,199,200,201,202,203,204,205,206,207,219,220,221,222,223,224,225,226,227,228,229,230,241,242,243,244,245,246,247,248,249,250,251,252,253,261,262,263,264,265,266,267,268,269,270,271,272,273,274,275,276,283,284,285,286,287,288,289,290,291,292,293,294,295,296,297,298,299,304,305,306,307,308,309,310,311,312,313,314,315,316,317,318,319,320,321,322,326,327,328,329,330,331,332,333,334,335,336,337,338,339,340,341,342,343,344,345
553,553,115
69,113,115,136,137,138,158,159,160,161,176,177,178,179,180,181,182,183,184,198,199,200,201,202,203,204,205,206,207,219,220,221,222,223,224,225,226,227,228,229,230,240,242,243,244,245,246,247,248,249,250,251,252,253,264,265,266,267,268,269,270,271,272,273,274,275,276,284,285,286,287,288,289,290,291,292,293,294,295,296,297,298,299,308,309,310,311,312,313,314,315,316,317,318,319,320,321,322,329,330,331,332,333,334,335,336,337,338,339,340,341,342,343,344,345
262,262,113
46,67,69,92,114,115,137,138,158,160,161,171,179,180,181,182,183,184,194,198,199,200,201,202,203,204,205,206,207,216,217,220,221,222,224,225,226,227,228,229,230,243,244,245,246,247,248,249,250,251,252,253,259,262,264,265,266,267,268,269,270,271,272,273,274,275,276,285,286,287,288,289,290,291,292,293,294,295,296,297,298,299,308,309,310,311,312,313,314,315,316,317,318,319,320,321,322,330,331,332,333,334,335,336,337,338,339,340,341,342,343,344,345
355,355,110
43,44,60,92,114,115,133,137,138,148,150,151,153,160,161,172,173,174,175,176,181,182,183,184,192,194,195,196,197,198,202,203,204,205,206,207,213,215,217,218,219,220,221,222,223,224,225,226,227,228,229,230,239,245,246,247,248,249,250,251,252,253,265,266,267,268,269,270,271,272,273,274,275,276,287,288,290,291,292,293,294,295,296,297,298,299,310,312,313,314,315,316,317,318,319,320,321,322,333,335,336,337,338,339,340,341,342,343,344,345
485,485,102
12,13,59,69,79,88,92,109,114,115,136,138,161,169,170,172,174,175,180,181,183,184,194,195,196,197,198,201,202,203,204,205,206,207,218,219,222,223,224,225,226,227,228,229,230,233,239,243,244,245,246,247,248,249,250,251,252,253,267,268,269,270,271,272,273,274,275,276,289,290,291,292,293,294,295,296,297,298,299,313,314,315,316,317,318,319,320,321,322,332,334,335,336,337,338,339,340,341,342,343,344,345
385,385,96
12,13,35,36,37,58,59,60,69,79,80,81,88,107,131,132,136,137,144,146,147,150,152,153,155,160,161,166,168,169,171,172,173,174,175,183,184,188,190,193,194,195,196,204,205,206,207,218,224,225,226,227,228,229,230,246,247,248,250,251,252,253,268,269,270,271,273,274,275,276,292,293,295,296,297,298,299,314,315,316,317,318,319,320,321,322,336,337,338,339,340,341,342,343,344,345
529,529,90
11,12,13,14,35,36,37,58,59,69,79,90,91,101,113,137,138,144,147,150,152,160,161,169,170,171,182,183,184,188,192,193,194,195,196,202,203,204,205,206,207,211,212,215,219,220,225,226,227,228,229,230,247,248,249,250,251,252,253,269,272,273,274,275,276,291,292,293,294,295,296,297,298,299,316,317,318,319,320,321,322,336,338,339,340,341,342,343,344,345
421,421,84
10,11,12,13,14,33,34,35,36,57,58,59,60,64,69,78,79,87,96,101,102,109,110,122,123,137,138,144,147,148,160,161,166,167,168,170,171,174,181,182,183,184,191,192,193,205,206,207,211,218,226,228,229,230,249,250,251,252,253,270,271,273,274,275,276,292,294,296,297,298,299,314,316,317,318,320,321,322,340,341,342,343,344,345
333,333,62
9,10,11,12,13,14,19,22,23,32,33,34,35,36,37,41,42,45,46,59,64,68,69,91,92,114,115,122,136,137,138,146,152,160,161,168,169,173,183,184,191,192,195,206,207,229,230,252,253,275,276,297,299,318,319,320,322,338,342,343,344,345
75,75,73
9,10,12,15,17,19,21,22,23,31,32,42,45,46,59,67,68,69,90,91,92,96,114,115,119,120,121,122,123,137,138,139,140,145,159,160,161,181,182,183,184,204,205,206,207,228,229,230,252,253,274,275,276,294,295,296,297,298,299,316,317,319,320,321,322,338,339,340,341,342,343,344,345
521,521,62
12,17,18,22,23,32,40,44,45,46,59,67,68,69,90,91,92,104,113,114,115,118,136,137,138,159,160,161,181,182,183,184,203,205,206,207,226,228,229,230,252,253,274,275,276,296,297,298,299,317,318,319,320,321,322,338,339,340,341,343,344,345
528,528,56
18,21,22,23,32,36,40,45,46,68,92,114,115,136,137,138,158,159,160,161,182,183,184,205,206,207,228,229,230,250,251,252,253,273,274,275,276,295,296,297,298,299,317,318,319,320,321,322,338,339,340,341,342,343,344,345
159,159,49
22,23,32,44,45,46,68,69,92,114,115,136,137,138,159,160,161,182,183,184,205,206,207,228,229,230,252,253,272,274,275,276,296,297,298,299,317,318,319,320,321,322,338,339,340,341,343,344,345
483,483,39
9,32,45,68,113,114,115,136,137,138,159,160,161,182,183,184,205,206,207,228,229,230,252,253,274,275,276,297,298,299,316,320,321,322,339,340,343,344,345
52,52,31
114,115,136,137,138,159,160,161,182,183,184,206,207,228,229,230,252,253,274,275,276,297,298,299,320,321,322,339,343,344,345
52,52,23
115,138,159,160,161,183,184,206,207,229,230,252,253,275,276,298,299,320,321,322,343,344,345
273,273,16
138,161,183,184,206,207,229,230,253,276,298,299,321,322,344,345
131,131,9
19,20,161,184,276,298,299,321,322
275,275,11
113,135,138,159,161,181,182,183,184,204,299
142,142,7
136,161,181,184,298,299,321
165,165,2
135,161
19,19,1
333
412,412,11
1,2,24,47,151,194,195,196,329,332,333
107,107,13
1,2,24,47,150,152,194,196,220,329,330,332,333
564,564,13
1,2,24,151,152,173,195,196,307,330,331,332,333
189,189,14
1,2,24,127,128,150,151,172,173,194,195,197,329,333
572,572,6
13,38,89,90,91,114
430,430,2
63,194
393,393,2
193,194
361,361,5
148,172,193,194,284
478,478,5
95,124,148,216,284
408,408,3
171,193,194
36,36,4
116,139,193,194
51,51,4
171,194,284,306
291,291,1
319
242,242,22
7,8,9,10,30,31,32,52,53,54,55,75,77,85,86,87,108,109,110,114,115,132
145,145,25
68,69,91,92,109,113,114,115,132,138,184,253,295,296,298,318,319,320,321,322,341,342,343,344,345
210,210,36
12,13,14,32,33,68,69,90,91,92,108,109,111,113,114,115,132,133,160,161,183,184,272,295,296,318,319,320,321,322,340,341,342,343,344,345
141,141,62
9,10,11,12,13,31,32,33,34,36,45,46,54,55,56,59,67,68,69,89,90,91,92,108,109,110,111,113,114,115,131,132,138,161,183,184,205,206,271,272,273,274,275,293,294,295,296,297,298,299,317,318,319,320,321,322,340,341,342,343,344,345
378,378,90
1,2,3,5,8,9,10,12,13,14,15,16,24,25,27,31,32,33,34,35,36,37,39,45,46,47,54,55,56,59,67,68,69,79,89,90,91,92,93,94,99,108,109,110,111,112,113,114,115,116,121,131,132,133,138,139,155,156,160,161,180,181,182,183,184,204,205,206,207,228,272,273,293,294,295,296,297,299,317,318,319,320,321,322,340,341,342,343,344,345
148,148,103
1,2,3,4,5,9,10,24,25,26,27,28,31,32,33,34,35,36,47,48,49,51,54,55,56,67,68,70,71,72,73,74,79,90,91,93,94,95,97,99,100,108,113,114,115,116,117,118,119,120,132,133,138,139,140,141,142,143,160,161,162,163,164,165,183,184,185,186,187,205,206,207,208,209,210,231,232,254,255,256,271,273,278,292,294,295,296,297,298,299,300,317,318,319,320,321,323,340,341,342,343,344,345
74,74,105
1,2,3,4,5,6,7,8,9,10,24,25,26,27,28,29,30,31,32,33,47,48,49,50,51,52,53,54,55,56,70,71,72,73,74,75,76,77,78,79,93,94,95,96,97,98,99,100,101,116,117,118,119,120,121,122,139,140,141,142,143,144,162,163,164,165,166,168,185,186,187,188,189,190,208,209,210,211,212,231,232,233,234,235,254,255,256,257,258,277,278,279,280,281,296,300,301,302,303,318,323,324,325,326,341
74,74,110
1,2,3,4,5,6,7,8,9,24,25,26,27,28,29,30,31,32,47,48,49,50,51,52,53,54,55,56,70,71,72,73,74,75,76,77,93,94,95,96,97,98,99,100,101,116,117,118,119,120,121,122,123,139,140,141,142,143,144,145,146,162,163,164,165,166,167,168,185,186,187,188,189,190,191,208,209,210,211,212,213,214,231,232,233,234,235,236,254,255,256,257,258,259,277,278,279,280,281,300,301,302,303,304,323,324,325,326,327,328
259,259,124
1,2,3,4,5,6,7,9,10,24,25,26,27,28,29,30,31,32,33,47,48,49,50,51,52,53,54,55,70,71,72,73,74,76,78,93,94,95,96,97,98,99,100,101,102,116,117,118,119,120,121,122,123,124,139,140,141,142,143,144,145,146,162,163,164,165,166,167,168,169,170,185,186,187,188,189,190,191,192,193,208,209,210,211,212,213,214,215,231,232,233,234,235,236,237,238,254,255,256,257,258,259,260,277,278,279,280,281,282,283,300,301,302,303,304,305,322,323,324,325,326,327,328,329
236,236,138
3,4,5,6,7,8,9,11,12,13,22,27,28,29,31,32,36,37,50,54,59,80,81,82,100,101,102,103,104,105,106,122,123,124,125,126,127,128,129,145,146,147,148,149,150,151,152,153,167,168,169,170,171,172,173,174,175,176,190,191,192,193,194,195,196,197,198,199,213,214,215,216,217,219,220,221,222,234,235,236,237,238,239,240,241,242,243,244,245,257,258,259,260,261,262,263,264,265,266,267,268,279,280,281,282,283,284,285,286,287,288,289,290,302,303,304,305,306,307,308,309,310,311,312,313,314,324,326,327,328,329,330,331,332,333,334,335,336
251,251,128
8,9,11,13,14,15,16,18,33,34,35,36,37,38,39,40,58,59,61,62,63,64,65,84,85,86,87,107,108,109,110,129,130,131,132,133,134,136,137,138,152,153,154,155,156,158,159,161,173,175,176,177,178,179,180,181,182,183,196,197,198,199,200,201,202,205,206,217,219,220,221,222,223,225,226,227,228,229,241,242,243,244,245,246,247,248,266,267,268,269,270,271,272,273,274,289,290,291,292,293,294,295,296,297,298,311,312,313,314,315,316,317,318,319,320,321,333,334,335,336,337,338,339,340,341,342,343,344
248,248,89
17,18,19,21,41,42,45,46,65,66,68,69,87,88,90,108,109,110,111,112,113,114,115,132,133,134,135,136,138,155,156,157,158,159,160,161,178,179,180,182,183,184,201,202,204,205,206,207,227,228,229,230,249,250,251,252,253,268,269,271,272,273,274,275,276,291,292,294,295,296,297,298,299,315,316,317,318,319,320,321,322,338,339,340,341,342,343,344,345
253,253,61
22,23,44,45,46,67,68,69,89,90,91,92,112,113,114,115,134,135,136,137,138,157,158,159,160,161,182,183,184,205,206,207,228,229,230,250,251,252,253,272,273,274,275,276,295,296,297,298,299,317,318,319,320,321,322,340,341,342,343,344,345
106,106,45
22,23,45,46,67,68,69,90,91,92,114,115,137,138,159,160,161,182,183,184,205,206,207,229,230,251,252,253,274,275,276,295,297,298,299,318,319,320,321,322,341,342,343,344,345
85,85,37
68,69,91,92,114,115,138,155,156,159,160,161,183,184,205,206,273,274,275,276,295,296,297,298,299,317,318,319,320,321,322,340,341,342,343,344,345
465,465,31
68,91,92,114,115,138,155,159,160,161,183,184,205,274,275,292,295,296,297,298,317,318,319,320,321,340,341,342,343,344,345
565,565,25
9,15,68,92,115,138,159,160,161,184,274,275,295,296,297,298,318,319,320,321,341,342,343,344,345
570,570,20
68,92,115,138,161,183,184,274,275,296,297,298,318,319,320,321,341,342,343,344
559,559,2
319,342
221,221,8
161,274,296,318,319,320,342,343
9,9,5
274,296,319,342,343
150,150,5
296,319,320,342,343
16,16,5
318,319,320,342,343
308,308,5
183,318,319,342,343
442,442,2
319,342
422,422,1
106
317,317,2
108,163
433,433,16
47,48,49,51,71,72,74,93,94,98,99,122,141,164,166,185
141,141,1
79
214,214,1
50
526,526,1
50
133,133,3
48,71,142
398,398,1
96
521,521,43
1,2,3,4,5,6,7,8,9,10,11,12,13,16,17,24,25,26,27,28,29,30,31,32,33,34,35,47,48,49,50,51,52,70,71,72,73,74,93,94,116,319,342
371,371,94
1,2,3,4,5,6,7,8,9,10,11,12,13,14,15,16,17,18,19,20,21,22,23,24,25,26,27,28,29,30,31,32,33,34,35,36,37,38,39,40,41,42,43,44,45,46,47,48,49,51,52,54,55,56,57,58,59,60,62,63,64,70,71,72,73,74,75,76,77,78,79,80,81,82,83,85,86,93,94,95,96,97,98,103,105,116,117,118,119,139,140,162,163,185
540,540,144
20,21,23,40,41,42,43,44,45,46,59,62,63,64,65,66,67,68,69,80,81,84,85,86,87,88,89,90,91,92,99,102,104,105,107,108,109,110,111,112,113,114,115,128,129,130,131,132,133,134,135,136,137,138,139,140,150,151,152,153,154,155,156,157,158,159,160,161,162,163,173,174,175,176,177,178,179,180,181,182,183,185,186,192,196,197,198,199,200,201,202,203,208,209,210,211,212,213,214,215,216,217,218,219,220,221,222,223,231,232,233,234,235,236,237,241,242,243,244,254,255,256,257,258,259,265,266,268,277,278,279,280,281,300,301,302,303,304,305,323,324,325,326,327
530,530,137
26,92,109,110,111,112,113,114,115,132,133,134,135,136,137,138,154,155,156,157,158,159,160,161,177,178,179,180,181,182,183,184,199,200,201,202,203,204,205,206,207,219,221,222,223,224,225,226,227,228,229,230,241,242,243,244,245,246,247,248,249,250,251,252,253,261,262,263,264,265,266,267,268,269,270,271,272,273,274,275,276,277,284,285,286,287,288,289,290,291,292,293,294,295,296,297,298,299,300,304,305,306,307,308,309,310,311,312,313,314,315,316,317,318,319,320,323,324,325,326,327,328,329,330,331,332,333,334,335,336,337,338,339,340,341,342,343
420,420,125
112,115,135,136,137,138,156,157,158,159,160,161,177,178,179,180,181,182,183,184,199,200,201,202,203,204,205,206,207,220,221,222,223,224,225,226,227,228,229,230,241,242,243,244,245,246,247,248,249,250,251,252,253,263,264,265,266,267,268,269,270,271,272,273,274,275,276,283,284,285,286,287,288,289,290,291,292,293,294,295,296,297,298,299,300,305,306,307,308,309,310,311,312,313,314,315,316,317,318,319,320,321,322,324,325,326,327,328,329,330,331,332,333,334,335,336,337,338,339,340,341,342,343,344,345
552,552,117
113,114,115,135,137,138,156,157,158,159,160,161,176,177,178,179,180,181,182,183,184,199,200,201,202,203,204,205,206,207,220,221,222,223,224,225,226,227,228,229,230,241,242,243,244,245,246,247,248,249,250,251,252,253,264,265,266,267,268,269,270,271,272,273,274,275,276,284,285,286,287,288,289,290,291,292,293,294,295,296,297,298,299,307,308,309,310,311,312,313,314,315,316,317,318,319,320,321,322,328,329,330,331,332,333,334,335,336,337,338,339,340,341,342,343,344,345
277,277,117
46,135,137,138,156,157,158,159,160,161,176,177,178,179,180,181,182,183,184,198,199,200,201,202,203,204,205,206,207,217,221,222,223,224,225,226,227,228,229,230,241,242,243,244,245,246,247,248,249,250,251,252,253,256,257,258,261,262,263,264,265,266,267,268,269,270,271,272,273,274,275,276,279,285,286,287,288,289,290,291,292,293,294,295,296,297,298,299,308,309,310,311,312,313,314,315,316,317,318,319,320,321,322,332,333,334,335,336,337,338,339,340,341,342,343,344,345
364,364,114
46,90,92,115,135,136,137,138,160,161,173,174,175,176,177,178,179,180,181,182,183,184,197,198,199,200,201,202,203,204,205,206,207,216,219,220,221,222,224,225,227,228,229,230,233,235,236,242,243,244,246,247,248,250,252,253,255,256,257,258,263,264,266,267,268,269,270,272,273,274,275,276,278,279,286,287,288,289,290,291,292,293,294,295,296,298,299,309,310,311,312,313,314,315,316,317,318,319,320,321,322,333,334,335,336,337,338,339,340,341,342,343,344,345
443,443,110
23,92,112,137,138,153,154,158,159,160,161,174,175,176,177,178,180,181,182,183,184,195,196,198,199,200,201,202,203,205,206,207,216,217,218,220,221,222,223,224,225,226,227,228,229,230,234,235,238,242,243,244,245,246,247,248,252,253,255,256,258,265,266,267,269,270,271,272,274,276,285,287,288,289,290,292,293,294,295,296,297,298,299,310,311,312,313,314,315,316,317,318,319,320,321,322,332,333,334,335,336,337,338,339,340,341,342,343,344,345
552,552,109
23,24,40,47,87,107,113,114,115,130,136,137,151,152,153,154,158,160,161,172,173,174,175,176,177,182,183,184,185,195,196,197,198,199,200,201,202,205,206,207,215,216,218,219,220,221,222,223,224,227,230,233,234,235,236,237,238,242,243,244,246,247,248,252,253,256,257,258,259,263,264,266,267,269,270,272,273,274,277,279,280,285,286,287,289,293,294,295,296,297,299,310,312,315,316,317,318,319,335,336,337,338,339,340,341,342,343,344,345
254,254,106
17,18,19,23,26,40,41,47,64,67,68,69,82,83,87,88,92,103,104,113,114,115,130,131,136,137,149,150,151,152,153,154,158,159,160,161,171,172,173,174,175,176,177,182,183,184,194,195,196,197,198,199,200,201,202,203,205,206,207,216,218,219,220,221,222,223,224,225,226,228,236,237,238,239,242,243,244,245,246,247,256,258,259,262,266,267,269,270,271,279,289,293,294,309,312,316,317,319,333,336,338,339,340,341,342,343
251,251,104
16,17,23,39,40,41,44,45,46,47,62,66,67,68,69,87,89,90,91,92,104,105,106,112,114,115,128,129,130,135,136,137,138,149,150,151,152,153,154,158,159,160,161,172,173,174,175,176,177,182,183,184,194,195,196,197,198,199,200,201,202,205,206,207,216,218,219,220,221,222,223,224,225,226,227,228,229,230,236,242,243,244,245,246,247,248,253,258,269,270,294,295,308,312,316,317,318,319,336,338,339,340,341,342
402,402,96
15,16,21,25,26,27,28,39,44,45,46,47,48,49,50,51,52,53,54,65,68,69,75,76,88,89,91,92,98,99,105,106,107,108,111,112,113,114,115,122,123,124,125,128,129,130,135,136,137,138,144,145,146,147,151,154,158,159,161,166,167,168,169,178,182,183,184,188,189,190,197,201,202,203,207,210,211,219,220,221,222,227,228,230,238,239,240,243,244,245,292,293,339,340,341,342
355,355,91
15,16,17,18,19,20,21,22,23,38,39,40,41,42,43,44,45,62,63,64,65,66,67,68,69,86,87,88,89,90,91,92,110,111,112,113,114,115,130,134,135,136,137,138,150,153,154,155,156,158,159,160,161,173,174,175,176,177,178,179,180,182,183,184,196,197,198,199,200,201,202,204,205,206,207,218,219,220,222,223,224,228,230,248,291,292,314,316,317,339,341
342,342,85
15,16,18,19,20,21,22,39,40,41,42,43,44,45,62,63,64,65,66,67,68,69,87,88,89,90,91,92,110,111,112,113,114,115,132,134,135,136,137,138,153,154,155,156,157,158,159,160,161,173,174,175,176,177,178,179,180,181,182,183,184,196,197,198,199,200,201,202,203,205,206,207,219,221,222,224,228,229,242,247,269,291,316,317,319
74,74,80
16,17,18,19,20,21,22,38,39,40,41,42,43,44,45,46,62,63,64,65,66,67,68,69,86,87,88,89,90,91,92,111,112,113,114,115,133,135,136,137,138,152,153,155,156,158,159,160,161,172,173,175,176,177,178,179,181,182,183,184,196,197,198,199,200,201,202,205,207,222,227,228,230,246,247,252,316,318,341,342
362,362,75
16,17,18,19,21,22,39,40,41,42,43,44,45,46,62,63,64,65,66,67,68,69,86,87,88,89,90,91,92,110,111,112,113,114,115,133,135,136,137,138,155,156,158,159,160,161,174,175,177,178,179,180,182,183,184,195,199,200,201,202,204,207,222,226,227,228,247,267,291,292,296,316,317,319,341
526,526,67
17,18,19,20,21,22,39,40,41,43,44,45,46,63,64,65,66,67,68,69,87,88,89,90,91,92,110,111,112,113,114,115,133,136,137,138,155,156,158,159,160,161,173,177,178,179,181,182,183,184,199,200,201,203,204,205,222,223,224,228,269,315,316,317,318,341,342
343,343,59
17,18,20,21,22,39,40,41,42,43,44,45,46,62,63,64,65,66,67,68,69,86,87,88,89,90,91,92,112,113,114,115,133,136,137,138,155,156,159,161,175,178,181,183,184,201,202,204,205,224,225,227,228,291,292,296,316,317,318
293,293,51
17,18,20,21,22,39,40,41,42,43,44,45,46,62,63,64,66,67,68,69,89,90,91,92,113,114,115,135,136,137,138,159,160,161,178,183,184,202,203,204,222,227,228,251,291,296,314,315,316,317,318
34,34,42
18,19,20,21,39,40,42,43,44,45,46,63,65,66,67,68,69,89,90,91,92,113,114,115,136,137,138,156,160,161,178,179,180,183,184,203,204,227,228,292,315,317
103,103,45
14,17,19,42,43,45,65,66,68,69,87,88,91,92,110,111,115,130,131,133,134,138,153,154,155,157,161,164,165,166,178,180,181,186,187,205,206,207,208,229,230,252,253,275,314
205,205,36
15,16,17,18,19,40,41,42,43,63,64,65,68,87,88,110,111,113,114,132,133,137,138,155,156,160,161,179,184,201,205,206,207,229,230,252
480,480,29
17,18,19,38,40,41,42,43,61,65,67,68,87,88,90,110,114,133,137,138,155,156,184,205,206,229,230,252,269
453,453,25
15,17,18,19,38,40,41,42,65,88,110,113,133,137,155,159,160,182,183,205,206,207,227,228,229
274,274,20
17,18,19,41,42,64,65,68,87,91,110,133,137,155,161,184,206,228,248,274
446,446,17
15,17,18,40,41,42,64,65,87,110,113,133,155,184,206,207,227
146,146,15
15,16,17,18,40,41,42,64,67,87,110,133,156,184,205
138,138,14
15,16,17,18,40,41,42,64,87,110,133,155,156,183
214,214,15
15,17,18,40,41,64,65,87,110,133,134,155,156,157,159
128,128,41
17,36,37,41,59,60,63,64,65,82,83,84,85,86,87,88,104,105,106,107,108,109,110,111,130,132,134,155,157,159,181,182,203,204,205,226,228,250,292,293,316
286,286,32
15,16,17,38,40,62,63,64,85,86,87,108,131,155,159,181,182,204,205,226,227,228,229,250,251,268,269,276,291,299,317,320
103,103,32
16,17,38,39,63,64,85,86,87,108,109,110,111,131,132,134,154,155,158,181,204,226,227,228,249,250,268,274,275,291,292,322
150,150,32
15,16,38,39,62,63,86,108,131,132,133,154,155,157,158,181,204,225,226,227,228,245,268,269,274,275,291,298,314,315,319,322
372,372,33
15,16,17,38,39,40,63,85,87,108,109,110,131,132,154,155,178,202,226,227,245,249,268,275,291,293,296,299,314,315,338,339,340
237,237,34
14,16,38,40,85,86,87,108,109,131,132,134,154,155,177,178,200,203,225,226,268,269,274,290,291,292,313,314,315,317,320,322,338,339
257,257,35
15,16,38,39,40,62,63,85,108,109,131,132,134,154,155,177,180,201,202,228,245,249,250,268,290,291,292,298,314,315,316,321,338,339,340
364,364,37
15,16,38,39,40,61,62,84,85,86,108,109,131,132,154,155,156,177,178,179,200,205,226,245,268,274,290,291,292,298,314,315,316,321,338,339,340
263,263,41
16,38,40,61,62,85,108,109,130,131,132,153,154,155,156,159,178,179,200,201,202,205,222,223,227,229,245,267,268,269,291,292,298,314,315,316,321,338,339,340,341
210,210,55
9,10,21,22,32,33,39,44,45,46,55,68,69,91,92,108,109,114,115,131,132,137,138,155,161,177,178,184,201,202,225,248,249,250,267,268,269,273,274,290,291,296,297,298,313,314,315,320,321,322,337,338,343,344,345
129,129,60
14,36,37,38,39,60,61,83,84,85,86,108,109,130,131,132,137,153,154,155,177,178,201,202,203,224,225,247,249,250,251,266,268,269,270,271,272,274,290,291,292,293,294,295,296,297,298,313,314,315,316,317,320,321,322,337,338,339,344,345
176,176,68
13,15,16,36,38,39,60,62,67,83,84,85,86,106,107,108,109,113,130,131,132,153,154,155,156,177,178,179,200,202,203,223,225,226,227,245,247,249,250,251,267,268,269,270,272,273,290,291,292,293,295,296,297,298,313,314,315,316,317,320,321,337,338,339,340,343,344,345
123,123,83
12,15,36,37,38,39,59,60,61,62,63,82,83,84,85,86,106,107,108,109,110,113,130,131,132,153,154,155,156,176,177,178,179,200,201,202,203,222,223,224,225,226,227,245,246,247,249,250,251,267,268,269,270,271,272,275,290,291,292,293,294,295,296,297,298,299,313,314,315,316,317,319,320,321,322,337,338,339,340,342,343,344,345
401,401,99
11,12,13,14,15,16,34,35,36,37,38,39,58,59,60,61,62,63,82,83,84,85,86,90,106,107,108,109,110,129,130,131,132,133,143,153,154,155,156,164,176,177,178,179,186,199,200,201,202,203,204,208,223,224,225,226,227,228,245,246,247,249,250,251,266,267,268,269,270,271,273,274,290,291,292,293,294,295,296,297,298,313,314,315,316,317,318,319,320,321,322,337,338,339,341,342,343,344,345
178,178,107
1,2,3,4,11,24,25,26,35,36,37,38,47,48,58,59,60,61,62,63,70,71,82,83,84,85,86,93,94,104,106,108,109,116,129,130,131,132,139,141,142,143,153,154,155,156,162,163,164,165,175,176,177,178,185,186,187,200,202,203,208,209,222,223,225,226,227,231,232,242,245,246,247,249,250,251,254,267,268,269,270,274,277,289,290,291,292,293,294,295,296,297,299,313,314,315,316,317,319,320,323,337,338,339,340,342,343
420,420,110
1,2,3,4,5,6,7,8,11,23,24,25,26,27,28,29,30,31,32,47,48,49,50,51,52,53,59,70,71,72,73,74,75,76,93,94,95,96,97,98,99,100,116,117,118,119,120,121,122,123,139,140,141,142,143,144,145,146,162,163,164,165,166,167,168,169,185,186,187,188,189,190,191,208,209,210,211,212,213,214,231,232,233,234,235,236,254,255,256,257,258,269,277,278,279,280,281,283,291,300,301,302,303,304,314,323,324,325,326,327
70,70,114
1,2,3,4,5,6,7,8,9,10,24,25,26,27,28,29,30,32,47,48,49,50,51,52,53,70,71,72,73,74,75,76,93,94,95,96,97,98,100,116,117,118,119,120,121,122,123,139,140,141,142,143,144,145,146,147,162,163,164,165,166,167,168,169,185,186,187,188,189,190,191,192,208,209,210,211,212,213,214,215,231,232,233,234,235,236,237,238,254,255,256,257,258,259,277,278,279,280,281,282,283,300,301,302,303,304,305,306,323,324,325,326,327,328
21,21,126
1,2,3,4,5,6,7,8,10,24,25,26,27,28,29,30,31,33,47,48,49,50,51,52,53,70,71,72,73,74,75,76,93,94,95,96,97,98,100,101,116,117,118,119,120,121,122,123,124,139,140,141,142,143,144,145,146,147,162,163,164,165,166,167,168,169,185,186,187,188,189,190,191,192,193,208,209,210,211,212,213,214,215,231,232,233,234,235,236,237,238,254,255,256,257,258,259,260,261,262,272,277,278,279,280,281,282,283,284,285,300,301,302,303,304,305,306,307,323,324,325,326,327,328,329,330
538,538,137
6,7,8,9,10,27,28,29,31,32,33,34,51,52,53,54,73,74,75,76,77,79,96,97,98,100,101,102,120,123,124,125,144,146,147,148,166,167,168,169,170,171,172,187,189,190,191,192,193,194,195,196,208,209,210,212,213,214,215,216,217,218,219,220,231,232,234,235,236,237,238,239,240,241,242,243,254,255,256,257,258,259,260,261,262,263,264,265,266,267,268,269,277,278,279,280,281,282,283,284,285,286,287,288,289,290,291,300,301,302,303,304,305,306,307,308,309,310,311,312,313,314,323,324,325,326,327,328,329,330,331,332,333,334,335,336,337
252,252,130
11,13,18,19,20,34,35,37,38,42,57,58,59,60,61,65,81,82,83,84,85,88,89,103,104,105,106,107,108,109,126,127,128,129,130,131,132,135,149,150,151,152,153,154,155,156,159,170,171,172,173,174,175,176,177,178,179,193,194,195,196,197,198,200,201,216,217,218,219,220,221,222,223,224,239,240,241,242,243,244,245,246,247,261,262,263,264,265,266,267,268,269,270,273,284,285,286,287,288,289,290,291,292,293,294,295,296,307,308,309,310,311,312,313,314,315,316,317,318,330,331,332,333,334,335,336,337,338,339,341
522,522,95
45,46,67,68,69,90,91,92,113,114,115,130,131,132,133,136,137,138,154,155,156,160,161,177,178,179,180,181,183,184,200,201,202,203,204,206,207,223,224,225,226,229,230,244,245,246,247,248,249,250,251,252,253,262,267,268,269,270,271,272,273,274,275,276,289,290,291,292,293,294,295,296,297,298,299,312,313,314,315,316,317,318,319,320,321,322,336,337,338,339,340,341,342,343,344
104,104,70
46,68,69,91,92,114,115,132,137,138,155,156,160,161,178,179,183,184,200,201,202,203,206,207,224,225,226,229,230,246,247,248,250,251,252,253,269,270,271,272,273,274,275,276,291,292,293,294,295,296,297,298,299,315,316,317,318,319,320,321,322,337,338,339,340,341,342,343,344,345
4,4,56
45,46,68,69,108,132,137,138,155,156,160,161,178,179,184,200,245,246,247,251,252,268,269,270,271,272,273,274,275,276,290,291,292,293,294,295,296,297,298,299,313,314,316,317,318,319,320,321,322,336,338,341,342,343,344,345
35,35,45
108,131,132,155,156,178,179,200,203,245,246,247,268,269,270,271,272,273,274,275,290,291,292,293,294,295,296,297,298,299,313,314,316,317,318,319,320,321,322,336,341,342,343,344,345
336,336,40
107,108,130,131,155,156,178,245,246,268,269,270,272,273,274,289,290,291,292,293,295,296,297,298,299,313,314,315,316,317,318,319,320,321,322,341,342,343,344,345
461,461,36
108,130,131,132,155,178,179,246,268,269,272,273,274,275,288,290,291,292,293,295,296,297,299,314,315,317,318,319,320,321,322,341,342,343,344,345
368,368,32
107,130,131,155,178,268,269,272,273,290,291,292,293,295,296,297,298,299,313,314,315,317,318,319,320,321,322,340,341,342,344,345
309,309,12
268,269,290,291,292,314,318,319,320,341,343,344
301,301,15
268,269,290,291,292,313,314,315,318,319,320,340,341,342,343
151,151,12
268,269,290,291,292,314,318,319,341,342,343,344
159,159,12
268,269,290,291,292,314,318,319,339,341,342,343
566,566,12
268,269,290,291,313,314,315,318,319,341,342,343
402,402,8
268,290,291,314,318,319,341,342
408,408,8
268,290,291,314,318,319,341,342
214,214,7
291,314,315,318,319,341,342
115,115,6
291,314,318,319,341,342
158,158,14
19,20,21,41,42,65,66,87,88,111,162,236,258,280
367,367,31
4,19,20,21,41,42,43,44,49,64,65,66,75,86,87,88,89,98,110,111,122,134,145,149,162,172,195,196,236,252,253
31,31,37
18,19,20,21,23,24,30,41,42,43,44,49,53,62,65,66,74,75,87,88,111,149,162,172,173,195,196,230,236,237,252,253,258,259,260,280,307
129,129,37
15,18,20,24,29,30,41,42,43,51,53,64,65,66,87,88,89,106,110,111,139,148,150,162,171,172,173,195,196,212,236,237,252,253,259,260,280
390,390,35
18,19,20,21,30,41,42,43,51,53,64,65,66,76,87,88,89,97,106,110,111,134,148,162,171,193,194,195,235,236,252,253,260,280,283
165,165,36
15,18,20,21,30,40,41,42,43,53,64,65,66,74,76,87,88,89,97,98,106,110,111,134,148,149,150,162,171,194,217,218,236,252,259,260
0,0,26
1,2,3,4,5,6,9,10,24,25,26,27,28,29,32,47,48,49,50,51,70,71,72,93,94,95
286,286,86
1,2,3,4,5,7,9,10,11,12,14,15,16,24,25,26,27,28,29,30,31,32,33,34,35,36,37,47,48,49,50,51,52,55,56,57,58,59,70,71,72,73,74,75,76,81,93,94,95,96,97,98,99,116,117,118,119,120,121,122,139,140,141,142,143,144,145,162,163,164,165,166,167,168,185,186,187,188,189,190,208,209,210,231,232,254
540,540,136
12,13,18,36,37,42,45,46,59,60,68,70,73,82,83,84,88,93,94,95,96,97,103,105,106,107,108,111,112,116,117,118,119,120,121,122,127,128,130,131,133,139,140,141,142,143,144,145,146,149,150,151,153,162,163,164,165,166,167,168,169,170,171,172,173,174,175,185,186,187,188,189,190,191,192,193,194,195,196,197,208,209,210,211,212,213,214,215,216,217,218,219,220,231,232,233,234,235,236,237,238,239,240,241,242,254,255,256,257,258,259,260,261,262,277,278,279,280,281,282,283,284,285,286,300,301,302,303,304,305,306,323,324,325,326,327
546,546,143
115,125,134,135,148,149,154,155,156,157,158,160,161,171,172,173,174,175,176,177,178,179,180,181,182,184,194,195,196,197,198,199,200,201,202,203,204,205,206,211,212,217,218,219,220,221,222,223,224,225,226,227,228,229,234,235,236,237,240,241,242,243,244,245,246,247,248,249,250,251,254,255,256,257,258,259,260,261,263,264,265,266,267,268,269,270,271,272,273,277,278,279,280,281,282,283,284,285,286,287,288,289,290,291,292,293,296,300,301,302,303,304,305,306,307,308,309,310,311,312,313,314,315,316,318,319,323,324,325,326,327,328,329,330,331,332,333,334,335,336,337,338,339
560,560,126
158,160,161,179,180,181,182,183,184,195,198,199,200,201,202,203,204,205,206,207,218,219,220,221,222,223,224,225,226,227,228,229,230,240,241,242,243,244,245,246,247,248,249,250,251,252,253,258,259,260,261,262,263,264,265,266,267,268,269,270,271,272,273,274,275,276,282,283,284,285,286,287,288,289,290,291,292,293,294,295,296,297,298,299,303,304,305,306,307,308,309,310,311,312,313,314,315,316,317,318,319,320,321,322,324,325,326,327,328,329,330,331,332,333,334,335,336,337,338,339,340,341,342,343,344,345
286,286,118
158,161,180,181,182,183,184,201,202,203,204,205,206,207,217,218,219,220,221,222,223,224,225,226,227,228,229,230,236,241,242,243,244,245,246,247,248,249,250,251,252,253,259,260,261,262,263,264,265,266,267,268,269,270,271,272,273,274,275,276,282,283,284,285,286,287,288,289,290,291,292,293,294,295,296,297,298,299,304,305,306,307,308,309,310,311,312,313,314,315,316,317,318,319,320,321,322,325,326,327,328,329,330,331,332,333,334,335,336,337,338,339,340,341,342,343,344,345
447,447,116
48,142,160,161,166,181,182,183,184,189,203,204,205,206,207,212,213,217,218,219,226,227,228,229,230,234,235,236,237,241,242,243,244,245,248,249,250,251,252,253,256,258,259,260,262,263,264,265,266,267,268,269,270,271,272,273,274,275,276,282,283,284,285,286,287,288,289,290,291,292,293,294,295,296,297,298,299,304,305,306,307,308,309,310,311,312,313,314,315,316,317,318,319,320,321,322,326,327,328,329,330,331,332,333,334,335,336,337,338,339,340,341,342,343,344,345
327,327,107
1,24,25,47,48,71,118,142,165,166,188,189,190,196,207,210,211,212,213,216,217,218,228,230,233,234,235,236,237,238,241,242,243,252,253,255,256,257,258,259,260,261,262,263,264,265,266,267,274,275,276,279,280,281,282,283,284,285,286,287,288,289,290,297,298,299,301,302,303,304,305,306,307,308,309,310,311,312,313,314,315,316,319,320,321,322,325,326,327,328,329,330,331,332,333,334,335,336,337,338,339,340,341,342,343,344,345
342,342,97
1,2,24,25,26,47,48,49,70,71,94,95,97,117,118,119,120,141,142,143,144,165,166,188,189,190,211,212,213,232,233,234,235,236,237,238,241,252,253,256,257,258,259,260,261,262,263,265,266,267,278,279,280,281,282,283,284,285,286,288,289,294,303,304,305,306,307,308,309,310,311,312,313,316,318,320,321,322,325,326,327,328,329,330,331,332,333,334,335,336,337,338,339,340,343,344,345
537,537,89
1,2,24,25,26,47,48,49,50,51,70,71,72,73,74,93,94,95,96,97,117,118,119,120,121,141,142,143,144,163,164,165,166,167,169,186,187,188,189,190,191,192,210,211,212,213,231,232,233,234,235,236,237,238,239,255,256,257,258,259,260,261,263,278,279,280,281,282,283,284,285,302,303,304,305,306,307,308,309,310,326,327,328,329,330,331,332,333,341
529,529,80
1,2,24,25,26,47,48,49,50,70,71,72,74,93,94,95,96,97,117,118,119,120,121,140,141,142,143,144,163,164,165,167,186,187,188,189,190,192,210,211,212,213,231,232,233,234,235,236,237,238,256,257,258,259,260,261,262,278,279,280,281,282,283,284,285,303,304,305,306,307,308,309,325,326,327,328,329,330,331,332
313,313,71
1,2,24,25,26,47,48,49,70,71,72,73,74,93,94,95,96,97,118,119,120,121,140,141,142,144,164,165,166,167,186,187,188,189,210,211,212,213,233,234,235,236,239,254,256,257,258,259,261,279,280,281,282,283,284,285,286,302,303,304,306,307,308,309,326,327,328,329,330,331,332
34,34,62
1,5,6,26,28,29,48,52,72,73,74,75,94,95,96,97,98,99,118,119,120,121,122,141,142,143,145,164,165,166,167,168,169,188,191,192,211,212,214,215,232,234,235,236,238,239,240,257,258,259,262,281,282,283,285,286,305,307,308,331,340,341
510,510,61
1,2,24,25,26,47,48,49,70,71,72,73,93,94,95,96,117,118,119,120,140,141,142,143,163,164,165,166,187,188,210,211,212,233,234,235,255,256,257,258,259,278,279,280,281,282,283,301,302,303,305,306,307,308,325,326,327,328,329,330,331
37,37,53
1,24,25,47,48,49,70,71,72,73,94,95,96,116,117,118,119,140,141,142,143,144,163,164,165,167,186,187,188,209,210,211,232,233,234,235,255,256,257,258,279,281,282,303,304,305,306,307,326,327,328,329,331
362,362,49
24,25,47,48,49,70,71,72,73,93,94,95,116,117,118,119,139,140,141,142,163,164,165,186,187,188,210,211,233,234,235,257,258,281,282,283,301,302,303,304,305,306,307,315,325,326,328,329,330
280,280,39
24,25,47,48,70,71,72,93,94,95,96,116,117,118,139,140,141,142,163,164,187,188,210,211,233,234,256,257,258,281,282,301,302,303,324,327,328,329,330
351,351,26
24,47,70,71,93,94,95,117,118,139,140,141,163,164,187,209,210,232,233,234,257,279,281,282,327,329
571,571,19
24,47,48,70,71,93,94,116,117,139,140,141,163,187,209,210,232,233,280
374,374,9
70,93,94,116,117,139,140,163,233
489,489,1
117
86,86,4
73,96,119,142
29,29,21
75,145,146,169,170,192,193,195,214,215,216,217,218,219,238,239,242,243,287,309,333
17,17,42
2,29,52,98,121,122,124,145,147,168,169,191,192,193,195,215,216,217,219,220,238,239,240,241,242,261,262,263,264,266,281,284,285,286,287,288,304,307,309,328,332,334
566,566,48
6,29,68,98,121,122,144,145,167,168,169,171,172,192,193,195,214,215,216,217,218,219,220,238,239,240,241,242,260,263,264,266,281,283,284,285,286,287,307,308,309,310,328,329,331,332,333,334
10,10,54
1,6,29,33,47,52,53,75,98,100,120,121,145,167,168,169,170,171,190,192,196,213,215,216,217,220,238,239,240,241,242,262,264,265,283,284,285,286,287,288,305,306,307,308,309,310,311,328,329,330,331,332,333,334
446,446,62
5,6,29,30,52,75,98,99,100,120,121,122,144,145,146,167,168,169,170,171,190,191,192,194,195,196,213,214,215,216,217,219,240,241,243,263,264,265,266,279,280,281,283,284,285,286,287,288,304,306,307,308,309,310,311,328,329,330,331,332,333,334
39,39,56
5,6,29,75,98,99,100,121,124,144,145,146,148,167,168,170,171,190,192,213,214,215,216,217,218,219,220,236,238,239,240,241,243,260,261,262,264,265,266,283,284,285,286,287,288,300,304,307,308,309,310,311,331,332,333,334
433,433,57
5,6,29,30,36,52,75,97,98,121,122,124,144,145,146,147,148,168,169,170,171,190,191,192,214,215,216,217,219,236,238,239,240,260,261,262,263,264,265,266,280,283,284,285,286,304,306,307,308,309,310,311,330,331,332,333,334
96,96,65
6,29,52,74,75,76,97,98,99,119,120,121,124,142,144,145,146,147,148,167,168,169,170,171,173,190,191,192,194,213,216,218,221,237,238,239,240,241,242,260,261,263,264,266,280,282,283,284,285,286,287,288,300,304,306,307,308,309,310,328,330,331,332,333,334
171,171,44
72,96,97,98,120,144,150,167,168,170,190,191,195,197,214,215,221,238,239,241,242,260,261,262,263,266,279,282,283,284,285,286,287,288,304,306,307,308,309,310,330,331,332,333
575,575,64
5,27,29,49,50,72,73,96,97,98,119,120,121,127,143,144,145,146,150,167,168,169,170,191,193,197,214,215,216,217,218,221,236,238,239,241,242,259,260,261,262,263,264,265,266,282,283,284,285,286,287,288,302,303,307,308,309,310,325,329,330,331,332,333
199,199,44
4,28,73,74,95,96,97,98,120,121,127,143,145,146,167,169,170,192,193,194,213,215,216,221,238,259,260,261,262,266,283,284,285,286,302,306,307,308,309,310,330,331,332,333
567,567,70
27,48,49,50,73,74,95,96,97,119,120,121,122,127,143,144,145,146,150,167,168,169,170,173,189,191,192,193,195,196,213,214,215,216,217,219,220,221,236,238,239,240,241,242,243,259,260,261,262,263,264,265,282,283,284,285,286,287,288,305,306,307,308,309,310,329,330,331,332,333
61,61,46
24,49,50,71,72,73,74,95,96,97,111,120,121,142,144,167,169,190,192,193,196,213,214,220,236,238,260,261,264,282,283,284,285,286,288,305,306,307,308,309,310,329,330,331,332,333
520,520,66
24,34,45,47,48,49,50,71,72,73,74,95,96,97,98,99,100,118,119,120,122,124,127,142,143,144,145,167,168,169,191,192,193,194,195,196,213,214,215,217,235,236,237,238,241,258,260,261,262,282,283,284,285,286,287,305,306,307,308,309,310,329,330,331,332,333
76,76,40
24,71,72,73,74,95,96,118,119,120,142,143,144,167,189,214,215,231,235,238,258,260,261,262,282,283,284,285,286,305,306,307,308,309,310,329,330,331,332,333
489,489,71
12,20,24,26,27,42,47,48,49,50,71,72,73,74,95,96,97,107,110,118,119,120,122,123,125,127,142,143,144,167,169,171,189,190,194,197,213,214,217,219,235,237,238,239,240,241,258,259,260,261,262,264,265,266,282,283,284,285,286,305,306,307,308,309,310,328,329,330,331,332,333
171,171,50
24,42,47,48,49,50,71,72,73,74,94,95,96,97,102,118,119,120,142,143,165,166,167,169,189,190,213,214,215,235,237,238,241,242,260,261,282,283,284,285,305,306,307,308,309,328,329,330,331,332
0,0,49
20,47,71,72,94,95,96,118,142,143,166,167,189,190,209,212,213,214,215,235,236,237,238,240,258,259,260,261,262,263,279,281,282,283,284,285,286,304,305,306,307,308,309,310,328,329,330,331,332
154,154,56
10,12,18,19,24,42,43,47,68,71,72,77,79,95,96,100,101,118,119,142,143,166,180,189,190,213,214,235,236,237,238,239,250,258,259,260,261,262,263,264,275,282,283,284,286,304,305,306,307,308,309,328,329,330,331,332
173,173,22
15,42,84,213,236,237,260,261,262,282,283,284,285,305,306,307,308,309,329,330,331,332
239,239,9
70,116,139,140,231,277,300,323,324
110,110,45
1,26,27,50,51,70,74,93,94,116,117,118,139,140,141,162,163,164,165,185,186,187,188,208,209,210,211,212,214,231,232,233,235,254,255,256,277,278,279,300,301,302,323,324,325
35,35,78
1,2,3,4,6,24,25,26,27,28,31,47,48,49,50,51,52,70,71,72,73,74,75,93,94,95,96,97,98,116,117,118,119,120,121,139,140,141,142,143,144,162,163,164,165,166,167,185,186,187,188,189,208,209,210,211,212,231,232,233,235,254,255,256,257,277,278,279,280,300,301,302,303,309,323,324,325,326
113,113,96
1,2,3,4,5,6,7,9,24,25,26,27,28,29,30,31,47,48,49,50,51,52,53,69,70,71,72,73,74,75,76,93,94,95,96,97,98,100,116,117,118,119,120,121,122,139,140,141,142,143,144,162,163,164,165,166,167,168,185,186,187,188,189,190,208,209,210,211,212,213,214,231,232,233,234,235,236,254,255,256,257,258,277,278,279,280,281,300,301,302,303,323,324,325,326,327
82,82,107
1,2,3,4,5,6,7,24,25,26,27,28,29,30,31,32,47,48,49,50,51,52,53,54,70,71,72,73,74,75,76,77,93,94,95,96,97,98,99,100,116,117,118,119,120,121,122,123,139,140,141,142,143,144,145,162,163,164,165,166,167,168,185,186,187,188,189,190,191,208,209,210,211,212,213,214,215,230,231,232,233,234,235,236,237,254,255,256,257,258,259,277,278,279,280,281,300,301,302,303,304,323,324,325,326,327,328
21,21,120
1,2,3,4,5,6,7,8,9,24,25,26,27,28,29,30,31,32,47,48,49,50,51,52,53,54,70,71,72,73,74,75,76,77,93,94,95,96,97,98,99,100,116,117,118,119,120,121,122,123,139,141,142,143,144,145,146,162,163,164,165,166,167,168,169,185,186,187,188,189,190,191,192,193,208,209,210,211,212,213,214,215,216,231,232,233,234,235,236,237,238,239,254,255,256,257,258,259,260,277,278,279,280,281,282,283,300,301,302,303,304,305,306,323,324,325,326,327,328,329
