504,537
49,49,88
1,2,3,4,5,12,13,14,23,24,25,26,35,36,45,46,47,48,56,57,58,67,68,69,70,71,72,73,74,75,76,77,78,79,80,85,86,87,89,90,91,92,99,100,101,113,114,133,134,135,136,155,156,157,158,177,178,179,180,181,199,200,201,202,203,209,221,222,223,224,225,231,232,233,243,244,245,246,247,252,253,254,255,265,266,267,268,277
67,67,92
1,2,3,4,5,6,7,8,9,10,11,12,13,14,15,23,24,25,26,27,28,29,31,32,33,34,35,36,37,38,45,46,47,48,49,50,51,52,53,57,58,62,67,68,69,70,71,72,73,74,75,76,77,78,79,80,81,89,90,91,92,93,94,95,96,97,98,99,100,101,102,103,111,112,113,114,115,116,117,118,121,123,134,135,136,137,177,181,199,233,234,283
256,256,88
1,2,3,4,5,6,7,8,9,10,11,12,13,14,15,16,17,19,23,24,25,26,27,28,29,31,32,33,34,35,36,37,38,40,42,45,46,47,48,49,50,51,52,53,54,55,56,57,58,59,60,61,62,67,68,69,70,71,72,73,74,75,77,78,79,80,81,89,90,91,92,93,94,96,97,98,99,100,101,102,103,111,112,113,114,211,213,285
384,384,87
5,6,7,8,10,11,12,13,14,15,16,17,18,19,26,27,29,30,34,35,36,37,38,39,40,41,43,45,46,47,48,49,50,51,52,53,54,55,56,57,58,59,60,61,65,67,68,69,70,71,72,73,74,75,76,77,79,80,84,89,90,91,93,94,95,96,97,98,99,100,101,102,112,113,116,117,118,135,158,210,211,212,213,233,234,235,285
306,306,85
3,5,6,7,8,9,10,11,12,13,14,15,16,17,18,24,26,27,28,29,30,31,33,34,35,36,37,38,39,40,42,43,44,45,46,49,50,51,52,53,54,56,57,58,59,60,61,62,64,67,69,70,71,72,73,74,75,76,77,78,79,80,82,91,92,95,96,97,98,99,100,101,102,116,165,211,212,213,234,235,282,283,284,285,286
320,320,83
2,3,4,5,6,8,9,10,11,12,13,14,15,16,17,18,19,22,24,25,26,27,28,30,31,33,34,35,36,37,38,39,41,43,46,47,48,49,50,51,52,53,54,56,58,59,60,61,62,63,65,68,69,72,73,74,75,76,77,79,80,81,82,91,95,96,97,98,99,100,101,102,211,212,213,214,233,234,235,236,283,284,285
470,470,81
4,6,7,8,9,10,11,12,13,14,15,16,17,18,24,28,30,32,33,34,35,36,37,38,39,40,41,42,46,47,48,49,50,51,54,55,57,58,59,60,61,62,63,64,71,72,73,74,75,76,77,79,80,83,89,96,100,101,102,122,126,186,209,210,211,212,213,214,233,234,235,236,261,262,263,282,283,284,285,286,307
247,247,80
4,5,6,7,9,10,11,12,13,14,15,16,17,18,20,22,29,33,34,35,36,37,38,39,40,43,44,46,48,49,50,51,52,58,60,61,67,69,72,73,74,75,76,77,81,83,89,93,96,97,98,100,101,121,160,164,165,187,210,211,212,213,214,233,235,236,257,258,259,260,261,262,263,281,282,283,284,285,286,307
36,36,77
5,6,7,8,9,10,11,12,13,14,15,16,17,18,19,20,23,28,33,34,35,36,37,38,39,40,41,42,43,45,46,47,48,49,51,58,59,60,61,62,63,68,69,72,73,74,75,77,83,90,96,97,98,101,161,165,210,211,212,213,214,233,234,235,236,257,258,259,260,261,262,263,282,283,284,285,286
322,322,62
1,2,3,4,5,6,12,13,15,20,23,24,25,27,28,29,30,32,33,34,35,38,39,40,41,42,43,45,46,47,49,50,51,52,53,54,55,56,57,61,62,63,64,67,81,82,99,103,104,105,212,213,234,235,256,257,261,262,263,282,283,284
457,457,71
7,10,11,12,13,14,15,16,17,18,19,20,21,34,35,36,37,38,39,40,41,42,43,59,60,61,62,63,64,65,68,69,70,73,80,81,82,83,85,86,90,96,97,100,103,104,117,118,119,126,133,134,186,210,211,212,213,214,234,235,236,256,257,260,261,262,283,284,285,286,305
479,479,67
9,10,11,12,13,14,15,16,17,19,20,21,22,34,35,36,37,38,39,40,41,42,58,59,60,61,62,63,69,72,81,82,83,84,85,86,90,92,96,97,98,103,104,111,118,119,120,121,126,133,134,211,212,213,234,235,236,256,257,258,259,260,261,283,284,285,286
339,339,65
9,10,11,12,13,14,15,16,17,18,19,20,21,22,34,35,36,37,38,39,40,41,42,58,59,60,61,62,63,64,72,82,83,84,86,92,95,96,97,117,118,119,125,126,133,134,160,161,166,182,211,212,233,234,235,236,257,258,260,261,262,283,284,285,286
333,333,61
10,11,12,13,14,15,16,17,18,19,20,21,22,34,35,36,37,38,39,40,41,58,59,60,61,62,63,69,82,84,86,95,96,97,98,111,118,119,120,133,134,160,161,162,164,165,166,182,188,211,212,213,233,234,235,258,260,282,283,284,285
234,234,57
8,10,11,12,13,14,15,16,17,18,19,21,22,35,36,37,38,39,40,41,43,59,60,61,62,63,68,82,96,97,111,112,118,119,120,121,133,134,160,161,163,164,165,185,189,211,212,213,234,235,245,258,260,281,282,283,285
512,512,57
8,10,11,12,13,14,15,16,17,18,19,20,21,22,36,37,38,39,40,41,42,47,58,59,60,61,62,63,68,69,70,83,89,91,95,96,111,117,118,119,134,161,165,166,185,190,210,211,212,213,234,245,258,259,260,282,284
473,473,53
11,12,13,14,15,16,17,18,19,20,21,36,37,38,39,40,41,42,59,60,62,70,72,94,95,96,97,112,118,119,160,161,162,164,165,166,182,186,188,189,210,211,213,233,234,235,236,245,258,259,260,261,282
398,398,47
13,14,16,17,18,19,20,21,37,38,39,40,41,42,62,68,69,95,96,97,98,111,118,119,121,160,161,165,166,169,185,188,189,190,199,200,211,212,224,234,235,245,258,260,261,282,283
545,545,44
21,25,26,36,37,40,42,47,48,59,69,70,74,75,76,77,78,79,107,128,129,130,131,133,152,155,156,164,165,166,169,188,212,234,235,244,254,255,256,269,284,285,286,291
132,132,35
111,133,134,148,160,164,165,166,169,170,185,186,187,188,189,190,200,212,213,222,224,233,234,236,244,245,248,255,256,259,268,269,270,282,284
405,405,33
96,133,134,160,161,164,165,166,169,185,186,187,188,190,191,207,210,211,212,213,226,227,228,234,244,245,247,248,255,259,269,284,286
571,571,28
133,134,160,161,165,166,185,186,187,188,189,190,199,211,212,213,223,224,227,228,233,234,237,243,244,245,248,270
335,335,24
133,134,160,161,165,185,186,188,189,200,211,213,222,223,227,228,234,237,244,245,247,248,258,269
64,64,25
133,134,160,161,164,165,185,187,188,211,212,213,223,227,233,234,235,243,244,245,247,248,258,259,284
505,505,27
133,134,161,165,185,186,187,188,189,211,212,213,223,224,227,228,233,234,235,244,245,248,255,258,269,282,284
241,241,29
41,60,133,134,161,165,166,185,186,187,188,189,199,210,211,212,213,222,223,227,234,235,243,244,248,256,269,282,284
446,446,34
38,41,60,61,63,85,133,134,161,165,166,185,186,187,188,199,200,210,211,212,213,222,224,227,233,234,235,244,245,246,248,256,258,269
545,545,45
11,14,15,16,17,35,37,38,39,40,49,60,61,63,71,84,85,92,95,109,132,133,134,148,149,150,154,155,156,177,178,187,199,200,204,205,206,212,213,233,234,254,256,283,284
258,258,45
14,15,16,17,19,37,38,39,40,41,60,62,63,85,133,134,160,161,164,166,177,183,185,186,187,188,189,191,200,210,211,212,222,223,224,233,234,235,243,260,263,278,281,282,283
441,441,49
14,15,16,19,38,39,40,41,42,61,62,63,85,133,155,156,160,161,164,165,166,178,183,185,186,187,188,189,190,199,200,211,212,214,222,223,224,233,234,235,255,256,258,259,263,278,281,282,283
285,285,55
14,15,16,17,18,19,20,37,38,39,40,41,42,62,63,84,85,133,134,155,156,160,161,165,166,170,177,178,182,183,184,185,186,187,188,189,190,200,204,205,210,211,212,222,223,224,233,234,235,255,256,262,263,278,282
241,241,58
14,15,19,38,39,40,41,42,43,44,59,60,61,62,63,84,85,133,134,155,156,160,165,169,177,178,179,183,185,186,187,190,200,201,206,210,211,212,222,223,232,233,234,235,236,253,255,256,258,259,261,263,278,282,283,284,285,299
407,407,64
14,15,16,17,19,20,36,37,39,41,42,56,60,61,62,63,84,85,106,107,125,130,131,133,134,147,148,149,155,156,157,165,166,169,170,171,177,178,182,183,185,186,187,188,209,210,211,212,221,222,232,233,234,237,253,254,255,256,257,258,261,263,284,285
308,308,68
14,15,16,19,35,39,40,41,42,59,60,61,62,63,72,84,85,97,107,108,124,125,126,133,134,146,147,148,155,156,165,169,170,171,172,173,174,177,178,180,182,183,185,186,187,188,193,200,201,204,209,210,211,212,220,221,222,232,233,234,254,255,256,258,261,263,282,285
343,343,73
14,15,17,21,22,35,36,38,39,41,42,43,44,61,62,63,72,84,85,86,115,116,119,124,125,133,134,145,146,147,148,149,155,165,166,168,169,170,171,172,173,174,175,176,177,182,183,186,187,193,194,195,196,198,210,211,212,217,218,219,220,233,234,235,241,242,253,254,256,258,260,263,282
484,484,79
19,21,22,38,39,41,43,44,59,60,61,62,63,84,85,86,87,115,120,125,133,137,141,143,144,145,146,147,148,157,164,165,166,167,168,169,170,172,173,174,175,176,183,186,187,188,191,192,193,195,197,198,209,210,211,212,213,217,218,219,220,232,233,234,235,236,240,241,242,256,257,258,259,261,262,263,281,282,284
418,418,68
16,17,18,19,20,21,38,39,40,41,42,43,44,46,47,52,53,61,62,63,64,65,66,67,68,69,75,84,85,86,87,88,90,110,138,143,157,158,159,160,161,162,164,165,166,170,179,180,181,182,188,189,190,191,192,193,202,203,214,237,238,239,240,241,242,263,264,286
312,312,92
17,18,19,20,21,22,39,40,41,42,43,44,60,61,62,63,64,65,66,84,85,86,87,88,106,108,109,110,129,130,131,132,139,152,153,154,160,161,162,165,166,173,174,175,176,188,189,190,191,192,193,196,197,198,211,214,215,216,217,218,219,220,232,233,234,235,236,237,238,239,240,241,242,256,257,258,259,260,261,262,263,264,278,279,281,282,284,285,286,307,308,328
386,386,99
14,15,16,17,18,19,20,21,22,37,38,39,40,41,42,43,44,59,60,61,62,63,64,65,66,82,83,84,85,86,87,88,106,107,108,109,110,128,129,130,131,132,145,149,150,151,152,153,154,170,171,172,173,174,175,176,190,191,192,193,194,195,196,197,198,214,215,216,217,218,219,220,237,238,239,240,241,242,258,259,260,261,262,263,264,281,282,283,284,285,286,304,305,306,307,308,328,329,330
336,336,107
13,14,15,16,17,18,19,20,21,22,34,35,36,37,38,39,40,41,42,43,44,57,59,60,61,62,63,64,65,66,81,82,83,84,85,86,87,88,103,104,105,106,107,108,109,110,126,127,128,129,130,131,132,148,149,150,151,152,153,154,169,170,171,172,173,174,175,176,192,193,194,195,196,197,198,213,214,215,216,217,218,219,220,237,238,239,240,241,242,259,260,261,262,263,264,282,283,284,285,286,305,306,307,308,328,329,330
377,377,117
11,12,13,14,15,16,17,18,19,20,21,22,34,35,36,37,38,39,40,41,42,43,44,56,57,58,59,60,61,62,63,64,65,66,80,81,82,83,84,85,86,87,88,101,102,103,104,105,106,107,108,109,110,126,127,128,129,130,131,132,147,148,149,150,151,152,153,154,169,170,171,172,173,174,175,176,192,193,194,195,196,197,198,213,214,215,216,217,218,219,220,236,237,238,239,240,241,242,259,260,261,262,263,264,281,282,283,284,285,286,305,306,307,308,328,329,330
530,530,131
5,6,7,8,9,10,11,12,13,16,17,18,28,29,30,31,32,33,34,35,37,39,40,41,52,54,55,56,60,61,62,63,76,77,78,79,80,99,100,101,122,123,124,125,126,127,145,146,147,148,149,164,165,166,167,168,169,170,185,186,187,188,189,190,191,192,193,194,195,209,210,211,212,213,214,215,216,217,218,220,231,232,233,234,235,236,237,238,239,240,241,242,255,256,257,258,259,260,261,262,263,264,277,278,279,280,281,282,283,284,285,286,299,300,301,302,303,304,305,306,307,308,322,323,324,325,326,327,328,329,330
329,329,121
1,26,27,49,70,71,89,90,91,92,93,111,112,113,114,118,135,136,137,140,141,159,160,161,162,163,164,165,166,167,168,182,183,184,185,186,187,188,189,190,191,205,206,207,208,209,210,211,212,213,214,215,223,224,225,226,227,228,229,230,231,232,233,234,235,236,237,246,247,248,249,250,251,252,253,254,255,256,257,258,259,269,270,271,272,273,274,275,276,277,278,279,280,281,282,292,293,294,295,296,297,298,299,300,301,302,303,304,305,314,315,316,317,318,319,320,321,322,323,324,325
387,387,87
89,90,91,111,112,113,133,134,135,136,137,155,156,157,158,159,160,161,177,178,179,180,181,182,183,184,199,200,201,202,203,204,205,206,207,221,222,223,224,225,226,227,228,229,243,244,245,246,247,248,249,250,251,252,265,266,267,268,269,270,271,272,273,274,287,288,289,290,291,292,293,294,295,296,297,298,309,310,311,312,313,314,315,316,317,318,319
317,317,58
133,134,155,156,158,177,178,179,180,182,183,199,200,201,202,203,204,205,206,221,222,223,224,225,226,227,228,229,243,244,245,247,249,250,265,266,267,268,271,272,273,274,287,288,289,290,292,293,294,295,296,309,310,311,312,313,314,315
473,473,24
199,200,201,202,221,222,223,224,243,244,245,265,266,267,278,279,287,288,289,309,310,311,312,313
485,485,3
257,278,279
447,447,19
27,49,50,57,79,86,104,129,132,151,154,173,174,175,176,194,197,198,220
438,438,29
27,28,43,48,49,50,51,57,64,65,66,85,86,105,106,107,110,128,129,130,152,154,172,173,174,175,176,197,219
128,128,27
12,13,27,28,36,43,48,49,50,51,52,57,79,105,128,129,151,152,154,173,174,175,176,197,198,219,229
221,221,24
36,43,48,49,50,51,52,57,79,105,106,108,128,129,132,152,154,172,173,174,175,176,257,309
136,136,34
12,13,27,35,36,49,50,51,52,53,57,72,74,75,79,101,105,128,129,132,150,151,152,154,173,174,175,176,188,197,219,220,241,309
377,377,37
13,28,35,36,44,48,49,50,51,52,53,57,58,71,72,73,74,75,79,80,85,96,104,128,129,152,154,173,174,175,176,197,198,219,242,309,329
568,568,32
12,13,27,35,48,49,50,51,52,53,57,72,73,74,75,76,79,101,105,128,149,151,154,174,176,197,198,219,229,309,328,329
553,553,43
12,13,18,28,35,36,49,50,51,52,53,56,57,58,71,72,73,74,75,76,77,78,79,80,85,93,101,151,172,173,174,175,176,198,219,220,224,228,241,242,328,329,330
404,404,41
12,18,22,29,35,36,41,50,51,52,53,57,58,72,73,74,75,76,77,79,80,81,85,105,109,149,150,151,173,174,176,195,196,197,198,219,220,241,242,328,329
422,422,40
12,13,18,35,36,40,50,51,52,57,58,72,73,74,75,76,77,78,79,80,81,85,93,126,173,174,175,176,195,196,197,198,203,219,220,229,241,242,328,329
238,238,39
12,13,29,35,36,41,50,51,52,53,57,58,60,71,72,73,74,75,76,77,78,79,80,81,105,174,176,195,196,197,198,203,219,220,228,241,242,259,329
161,161,32
12,13,34,35,36,50,51,52,53,57,58,74,75,76,77,79,80,81,105,175,176,181,195,196,197,198,219,220,241,266,306,329
64,64,40
7,12,13,17,35,40,41,51,52,53,56,57,58,59,73,74,75,76,77,79,80,81,108,123,151,175,176,183,196,197,198,219,220,228,241,242,306,327,328,329
35,35,51
12,13,34,35,36,37,41,42,51,52,53,54,55,57,58,59,60,72,73,74,75,76,79,80,99,102,105,127,128,149,150,174,175,176,181,182,183,195,196,197,198,199,219,220,229,241,242,249,306,327,329
80,80,51
12,13,14,17,29,30,35,36,37,41,51,52,53,54,57,58,59,60,73,74,75,76,77,79,80,81,93,99,100,104,105,108,150,172,173,175,176,181,196,197,198,203,218,219,220,241,242,307,328,329,330
174,174,53
12,13,17,35,37,52,53,57,58,59,60,72,73,74,75,76,78,79,80,95,98,99,100,103,104,105,106,126,127,128,149,150,172,173,174,175,176,181,194,195,196,197,198,218,219,220,241,242,306,307,327,329,330
54,54,66
10,12,13,14,17,35,36,37,41,42,46,51,52,57,58,59,63,73,74,75,76,77,79,80,81,82,95,98,99,144,149,150,151,168,172,175,181,183,184,191,192,193,195,196,197,198,199,207,215,217,218,219,220,221,228,229,241,242,263,270,306,307,310,328,329,330
366,366,58
8,13,17,18,22,37,40,41,42,43,44,54,55,56,57,58,59,60,64,65,76,77,78,79,80,81,85,86,87,88,98,99,103,104,105,107,108,127,128,149,174,175,182,183,195,196,197,198,217,218,219,220,241,242,263,264,306,307
430,430,18
17,41,44,54,56,57,58,64,65,76,77,78,79,86,98,106,107,245
279,279,48
196,197,198,217,218,219,220,237,238,239,240,241,242,257,258,259,260,261,262,263,264,278,279,280,281,282,283,284,285,286,300,301,302,303,304,305,306,307,308,322,323,324,325,326,327,328,329,330
556,556,108
17,18,19,20,21,22,40,41,42,43,44,63,64,65,66,86,105,151,152,169,170,171,172,174,188,189,190,191,192,193,194,195,196,197,210,211,212,213,214,215,216,217,218,219,230,231,232,233,234,235,236,237,238,239,240,241,242,250,252,253,254,255,256,257,258,259,260,261,262,263,264,272,273,274,275,276,277,278,279,280,281,282,284,285,286,294,295,296,297,298,299,300,301,302,303,304,307,315,316,317,318,319,320,321,322,323,324,326
532,532,139
9,10,11,12,13,14,15,16,17,18,20,32,33,34,35,36,37,53,54,55,56,57,59,75,77,78,79,99,100,114,115,116,117,121,133,134,135,136,137,138,139,140,143,156,157,158,159,160,161,162,163,166,178,179,180,181,182,183,184,185,186,188,189,200,201,202,203,204,205,206,207,208,209,210,211,221,222,223,224,225,226,227,228,229,230,231,232,233,234,243,244,245,246,247,248,249,250,251,252,253,254,255,256,257,265,266,267,268,269,270,271,272,273,274,275,276,277,287,288,289,290,291,292,293,294,295,296,297,298,309,310,311,312,313,314,315,316,317,319
555,555,127
1,2,3,4,5,6,7,8,9,10,11,12,13,23,24,25,26,27,28,29,30,31,32,33,34,45,46,47,48,49,50,51,52,53,54,55,56,67,68,69,70,71,72,73,74,75,76,77,89,90,91,92,93,94,95,96,97,98,111,112,113,114,115,116,117,118,133,134,135,136,137,138,139,140,155,156,157,158,159,160,161,162,177,178,179,180,181,182,183,184,199,200,201,202,203,204,205,207,221,222,223,224,225,226,227,243,244,245,246,247,248,265,266,267,268,269,270,287,288,289,290,291,309,310,311,312,313
364,364,114
1,2,3,4,5,6,7,8,9,10,11,12,23,24,25,26,27,28,29,30,31,32,33,45,46,47,48,49,50,51,52,53,54,67,68,69,70,71,72,73,74,75,76,77,89,90,91,92,93,94,95,96,97,98,111,112,113,114,115,116,117,118,119,133,134,135,136,137,138,139,140,155,156,157,158,159,160,161,162,177,178,179,180,181,182,183,184,199,200,201,202,203,204,221,222,223,224,225,226,243,244,245,246,247,248,265,266,267,268,287,288,289,309,330
83,83,108
1,2,3,4,5,6,7,8,9,10,11,12,13,23,24,25,26,27,28,29,30,31,32,33,45,46,47,48,49,50,51,52,53,54,67,68,69,70,71,72,73,74,75,77,89,90,91,92,93,94,95,96,111,112,113,114,115,116,117,118,133,134,135,136,137,138,139,155,156,157,158,159,160,161,162,177,178,179,180,181,182,183,184,185,199,200,201,202,203,204,205,221,222,223,224,225,226,243,244,245,246,265,266,287,288,289,290,309
68,68,100
1,2,3,4,5,6,7,12,13,14,23,24,25,28,34,35,36,45,46,47,48,52,53,56,57,58,59,60,62,63,64,66,67,68,69,74,75,80,81,83,84,85,86,87,88,89,90,91,92,93,94,100,101,102,103,106,107,111,112,113,114,115,116,117,118,119,120,122,124,125,133,134,135,136,137,139,140,141,142,144,160,162,163,164,177,182,184,185,186,188,199,201,204,221,222,223,224,246,248,268
68,68,99
1,2,3,4,5,6,7,8,9,10,14,15,19,23,24,25,26,27,29,32,33,35,37,45,46,47,48,49,50,52,55,56,58,59,60,67,68,69,70,71,72,80,82,83,84,89,90,91,92,93,94,95,96,97,102,111,112,113,114,115,116,117,118,119,120,121,122,133,134,135,136,137,138,142,144,155,156,157,158,159,160,163,177,178,179,180,181,182,183,199,200,201,202,203,204,222,223,224,225
377,377,95
1,2,3,4,5,6,7,9,10,13,15,18,19,20,23,24,25,26,27,28,31,32,38,45,46,47,48,49,50,51,54,60,61,62,67,68,69,70,71,72,83,84,86,87,89,90,91,92,93,94,95,96,97,104,106,107,108,111,112,113,114,117,126,128,131,132,133,134,135,136,147,148,149,152,153,154,155,156,157,158,159,171,177,178,179,180,182,199,200,201,202,203,222,223,224
261,261,92
1,3,4,5,10,12,14,15,17,19,25,26,27,29,32,37,39,40,41,49,50,54,59,60,61,67,68,69,70,71,72,73,75,81,82,83,84,85,86,87,93,94,105,106,107,108,109,127,129,130,131,132,134,136,137,146,147,148,149,151,152,153,154,155,156,157,158,159,160,161,162,163,169,171,172,175,177,178,179,180,181,182,183,200,202,205,213,214,233,234,235,306
561,561,90
3,5,6,12,14,15,16,18,19,20,21,36,37,38,39,40,48,49,50,52,54,59,60,61,62,63,64,65,68,69,70,71,72,73,74,75,82,83,84,85,86,87,88,94,105,107,108,109,110,127,130,131,132,135,136,146,147,148,149,150,151,152,153,154,156,157,159,160,161,162,172,177,178,179,180,181,182,183,201,202,204,205,214,233,235,282,284,305,306,328
333,333,87
1,2,3,5,9,10,13,14,15,19,20,26,27,28,37,38,39,40,42,43,48,49,50,52,53,54,59,60,61,62,64,65,69,70,71,72,73,74,82,83,84,85,86,87,88,108,109,110,129,130,131,132,134,135,146,147,148,149,150,151,152,153,155,156,159,160,161,162,163,169,172,173,174,175,177,178,179,180,182,183,202,233,234,235,281,284,305
72,72,86
1,2,3,4,6,7,8,9,10,14,15,19,20,21,36,37,38,41,45,49,50,53,59,60,61,62,63,64,65,70,71,72,73,75,84,86,105,109,110,124,127,129,130,131,132,133,134,135,137,147,148,149,150,151,152,153,154,155,156,157,158,159,160,161,162,163,169,170,171,172,173,174,175,176,178,179,180,182,183,201,214,215,217,233,283,306
246,246,84
1,2,5,7,10,13,15,19,20,21,22,23,37,38,39,45,59,60,61,62,64,65,71,73,74,83,84,87,108,109,124,126,127,130,131,132,133,134,135,136,147,148,149,150,151,152,153,154,155,156,157,158,159,160,161,162,163,170,171,172,173,175,176,177,178,179,180,182,183,185,192,199,200,201,214,233,234,237,258,282,283,284,305,306
254,254,82
2,4,7,8,12,14,15,20,22,38,42,45,49,51,59,60,61,62,65,70,73,75,82,83,84,87,105,108,109,110,130,131,132,133,134,136,147,148,149,150,151,152,153,154,155,156,157,158,159,160,161,162,163,170,171,174,175,176,177,178,179,180,183,184,185,199,200,201,202,206,209,211,215,233,258,281,282,283,303,304,305,306
507,507,70
1,2,3,4,7,8,9,23,24,25,26,30,31,45,46,47,48,49,52,53,56,69,70,71,76,77,92,108,109,110,129,130,131,132,133,134,135,146,147,148,149,151,152,155,158,159,161,163,168,169,174,175,178,185,187,189,210,211,213,232,234,235,256,257,281,282,283,284,296,304
28,28,77
4,10,14,15,37,38,41,42,56,60,79,84,98,110,129,130,131,132,133,134,135,147,149,151,152,153,154,155,156,157,158,159,160,161,162,171,172,173,174,175,176,178,179,180,181,182,183,184,185,188,189,201,202,205,207,208,210,211,213,232,233,234,235,250,254,256,257,272,276,282,283,284,293,294,295,296,304
447,447,74
4,14,15,38,60,61,62,77,79,84,96,99,125,130,131,132,133,134,135,147,148,149,151,152,153,154,155,156,157,158,159,160,161,162,171,172,173,174,175,176,178,179,180,181,183,185,186,188,189,201,202,203,205,206,207,208,211,213,233,234,235,236,254,256,257,281,282,283,284,294,295,296,304,305
58,58,72
38,42,60,62,73,95,96,99,125,130,131,132,133,134,135,148,149,151,152,153,154,155,156,157,158,159,160,161,162,172,173,174,175,176,178,179,180,181,182,183,184,185,186,188,189,201,202,206,207,208,209,210,211,213,233,234,235,236,245,254,257,271,272,276,282,283,284,294,295,296,304,305
40,40,69
15,19,39,42,51,60,61,62,72,94,99,130,131,132,133,134,135,149,152,153,154,155,156,157,158,159,160,161,162,171,174,175,176,177,178,179,180,181,182,183,185,188,201,202,206,207,208,210,211,213,214,232,234,235,236,245,254,257,258,272,276,279,282,283,284,294,296,304,305
537,537,67
14,15,19,24,37,38,39,42,60,62,71,73,78,93,94,96,98,99,100,131,134,135,150,152,153,154,155,156,157,158,159,160,161,162,178,179,180,181,188,201,202,207,208,209,211,213,232,234,235,236,245,254,271,272,275,276,277,278,279,282,283,294,295,296,297,304,305
467,467,65
4,5,7,15,19,38,39,41,60,62,71,72,73,94,95,96,119,131,134,135,153,154,155,156,157,158,159,160,161,162,171,178,179,180,181,182,183,188,193,202,207,212,213,234,235,245,247,254,257,271,272,273,276,277,278,279,282,283,284,294,295,296,298,304,305
214,214,62
4,24,38,47,60,69,70,71,72,73,78,93,94,95,96,97,100,119,131,133,135,155,157,158,159,160,161,162,171,179,180,181,186,188,202,210,211,213,233,234,235,245,246,247,257,272,273,276,277,279,281,283,284,294,295,296,297,298,299,301,304,305
570,570,57
24,41,42,47,48,72,73,93,94,95,96,97,100,101,112,119,133,135,153,156,157,158,159,160,161,179,180,188,201,210,211,212,213,221,224,234,235,245,246,247,258,271,272,273,276,278,279,283,294,295,296,297,298,299,301,304,305
457,457,52
4,5,15,16,17,18,19,26,27,40,41,49,55,56,72,76,77,80,95,101,102,131,132,150,151,152,153,154,157,161,163,170,171,172,183,185,198,207,208,209,210,211,212,232,233,234,235,256,257,283,284,285
420,420,45
4,5,39,62,70,72,95,138,157,159,160,161,162,163,181,233,243,245,246,247,248,256,265,266,267,271,275,277,278,279,283,284,294,295,297,298,299,300,301,305,310,320,321,322,323
285,285,38
70,71,95,138,139,159,160,161,162,163,181,182,183,188,203,243,244,245,255,256,257,265,266,274,277,278,279,284,288,294,297,298,299,300,301,303,304,312
564,564,35
5,20,133,138,159,160,161,162,181,182,185,201,211,243,244,245,257,265,266,267,271,277,278,281,284,296,297,298,299,300,301,303,304,306,312
422,422,32
159,160,161,162,181,182,183,185,203,211,212,224,234,243,244,246,248,265,266,276,277,279,284,297,298,299,300,301,303,304,311,312
489,489,35
6,159,160,161,181,182,183,185,200,201,202,203,208,211,212,222,234,243,244,245,257,265,266,267,276,277,281,282,284,297,298,299,300,303,304
505,505,35
21,133,159,160,161,181,182,185,186,201,203,207,208,211,212,221,234,243,244,245,256,257,265,266,277,279,283,284,297,298,299,300,301,303,304
203,203,38
4,16,61,62,133,143,144,159,160,161,181,182,184,185,203,208,210,211,212,222,235,243,244,245,256,257,266,277,279,282,284,297,298,299,300,303,304,306
396,396,43
15,17,39,43,49,133,134,144,157,159,160,161,181,182,183,184,185,200,203,206,207,210,211,212,223,243,244,246,256,257,266,277,278,279,282,283,284,285,297,298,299,300,304
569,569,45
6,14,15,16,17,18,19,20,21,22,36,37,38,39,40,41,42,43,44,50,57,60,61,62,63,64,65,66,73,79,80,101,126,127,145,157,173,174,182,185,203,209,220,243,284
258,258,50
14,15,16,17,18,19,20,21,38,39,40,41,42,43,57,59,60,61,62,63,64,65,66,83,84,85,133,159,160,181,182,183,184,185,202,203,206,207,210,211,222,234,247,256,270,278,279,280,284,304
112,112,53
14,15,16,17,18,19,20,21,22,37,38,39,40,41,42,43,44,57,59,60,61,62,63,64,65,66,83,84,85,88,159,180,182,183,184,185,202,203,207,208,209,211,212,222,224,234,244,256,279,280,282,284,304
390,390,58
14,15,16,17,18,19,20,21,22,37,38,39,40,41,42,43,44,57,59,60,61,62,63,64,65,66,83,84,85,103,104,157,179,180,181,182,183,184,185,200,202,203,204,207,208,210,211,233,234,247,256,278,279,281,282,283,284,303
247,247,61
14,15,16,17,18,19,20,21,22,37,38,39,40,41,42,43,44,50,51,57,60,61,62,63,64,65,66,83,84,85,87,88,134,155,156,177,179,180,181,182,183,184,185,202,203,207,209,210,211,212,233,234,247,256,279,280,281,282,283,284,297
320,320,63
14,15,16,17,18,19,20,21,22,37,38,39,40,41,42,43,44,51,59,60,61,62,63,64,65,66,73,84,85,87,155,156,157,160,161,176,179,180,181,182,183,184,185,186,202,203,207,208,209,210,211,233,234,235,243,256,257,279,280,281,282,283,284
537,537,69
14,15,16,17,18,19,20,21,22,37,38,39,40,41,42,43,44,59,60,61,62,63,64,65,66,74,83,84,85,87,88,103,134,156,175,176,179,180,182,183,184,185,186,202,203,205,206,207,208,209,210,211,212,232,233,234,235,256,257,258,259,279,280,281,282,283,284,285,297
326,326,75
14,15,16,17,18,19,20,21,22,37,38,39,40,41,42,43,44,59,60,61,62,63,64,65,66,74,84,85,87,88,103,104,105,156,157,158,175,176,179,180,181,182,183,184,185,197,202,203,206,207,208,209,210,211,212,233,234,235,236,243,255,256,257,258,259,260,261,279,280,281,282,283,284,285,286
419,419,81
13,14,15,16,17,18,19,20,21,22,35,37,38,39,40,41,42,43,44,59,60,61,62,63,64,65,66,84,85,86,87,88,103,104,108,109,133,157,161,175,176,177,181,182,183,184,185,186,196,202,205,206,207,208,209,210,211,212,213,232,233,234,235,236,237,255,256,257,258,259,260,261,278,279,280,281,282,283,284,285,286
291,291,66
17,18,19,20,21,22,35,36,39,40,41,42,43,44,52,60,61,62,63,64,65,66,75,84,85,86,87,88,107,108,109,110,130,131,132,136,150,151,152,153,154,158,159,168,169,170,171,172,173,197,198,212,213,214,219,220,237,238,260,261,262,263,279,284,285,286
313,313,91
14,15,16,17,18,19,20,21,22,37,38,39,40,41,42,43,44,59,60,61,62,63,64,65,66,82,83,84,85,86,87,88,105,106,107,108,109,110,127,128,129,130,131,132,152,153,154,169,171,172,173,174,175,176,197,198,211,212,213,214,219,220,232,234,235,236,237,238,239,242,257,258,259,260,261,262,263,264,278,279,280,281,283,284,285,286,302,306,307,308,330
332,332,99
13,14,16,17,18,19,20,21,22,37,38,39,40,41,42,43,44,59,60,61,62,63,64,65,66,81,82,83,84,85,86,87,88,102,105,106,107,108,109,110,127,128,129,130,131,132,150,151,152,153,154,172,173,174,175,176,194,195,196,197,198,212,213,214,215,216,217,218,219,220,236,237,238,239,240,241,242,258,260,261,262,263,264,279,281,282,283,284,285,286,303,306,307,308,309,327,328,329,330
287,287,106
12,13,14,15,16,17,18,19,20,21,22,35,36,37,38,39,40,41,42,43,44,58,59,60,61,62,63,64,65,66,81,82,83,84,85,86,87,88,103,104,105,106,107,108,109,110,126,127,128,129,130,131,132,150,151,152,153,154,171,172,173,174,175,176,192,193,194,195,196,197,198,214,215,216,217,218,219,220,236,237,238,239,240,241,242,258,259,260,261,262,263,264,280,281,282,283,284,285,286,305,306,307,308,328,329,330
482,482,118
12,13,14,15,16,17,18,19,20,21,22,34,35,36,37,38,39,40,41,42,43,44,58,59,60,61,62,63,64,65,66,79,80,81,82,83,84,85,86,87,88,102,103,104,105,106,107,108,109,110,125,126,127,128,129,130,131,132,148,150,151,152,153,154,170,171,172,173,174,175,176,192,193,194,195,196,197,198,213,214,215,216,217,218,219,220,236,237,238,239,240,241,242,257,258,259,260,261,262,263,264,279,281,282,283,284,285,286,304,305,306,307,308,309,327,328,329,330
242,242,132
6,7,8,9,10,11,12,13,14,15,16,17,18,19,20,21,28,29,30,31,32,33,34,35,36,37,38,39,40,41,42,43,51,52,53,55,56,57,58,59,60,61,62,63,64,65,66,73,74,75,79,80,84,85,86,87,88,96,97,119,120,141,142,143,163,164,165,166,167,187,188,189,190,191,192,193,210,211,212,213,214,215,216,232,233,234,235,236,237,238,239,240,254,255,256,257,258,259,260,261,262,263,276,277,278,279,280,281,282,283,284,285,286,299,300,301,302,303,304,305,306,307,308,322,323,324,325,326,327,328,329,330
294,294,123
1,2,3,4,22,23,24,25,26,27,45,46,47,48,49,67,68,69,70,71,90,91,92,93,94,113,114,115,116,117,118,138,139,140,141,160,161,162,163,164,166,184,185,186,187,188,189,202,208,210,211,212,213,214,223,224,225,226,227,228,229,230,231,232,233,234,235,236,237,246,247,248,249,250,251,252,253,254,255,256,257,258,259,260,269,270,271,272,273,274,275,276,277,278,279,280,281,282,292,293,294,295,296,297,298,299,300,301,302,303,304,315,316,317,318,319,320,321,322,323,324,325,326
491,491,89
89,111,112,113,133,134,135,136,137,155,156,157,158,159,160,161,162,177,178,179,180,181,182,183,184,185,199,200,201,202,203,204,205,206,207,221,222,223,224,225,226,227,228,234,243,244,245,246,247,248,249,250,257,265,266,267,268,269,270,271,272,273,276,277,278,279,287,288,289,290,291,292,293,294,295,296,298,309,310,311,312,313,314,315,316,317,318,319,320
509,509,63
111,133,134,155,156,157,158,160,177,178,179,180,181,182,183,184,199,200,201,202,203,204,205,206,221,222,223,224,225,226,227,228,229,243,244,245,246,247,248,250,265,266,267,268,269,270,278,279,287,288,289,290,291,292,295,309,310,311,312,313,314,315,316
27,27,21
199,221,222,243,244,245,247,265,266,267,268,278,279,287,288,289,309,310,311,312,313
468,468,2
53,154
277,277,22
28,53,75,78,79,83,103,105,106,107,108,125,129,130,131,154,175,195,196,197,198,240
428,428,34
5,7,15,25,27,28,30,31,50,51,53,54,59,73,75,76,77,78,82,99,103,108,109,110,129,130,131,132,154,195,196,197,198,242
536,536,37
5,6,7,27,28,30,31,50,52,53,54,55,56,72,75,76,77,79,82,99,103,108,109,126,129,130,131,132,153,154,175,196,197,198,219,220,242
195,195,30
5,7,8,25,27,28,29,30,31,48,53,54,75,76,77,78,82,109,126,131,132,153,175,195,196,197,198,219,220,242
566,566,38
3,6,7,8,24,25,26,27,28,29,30,31,48,49,50,52,53,54,55,74,75,76,77,78,80,82,99,132,175,195,196,197,198,219,220,241,242,275
219,219,36
6,7,8,24,25,26,27,28,29,30,31,33,36,47,50,51,52,53,54,55,57,72,73,75,76,77,78,79,81,195,196,197,198,219,220,242
441,441,38
1,2,3,6,7,8,24,25,27,28,29,30,32,47,48,49,52,53,54,55,56,57,72,75,76,77,78,79,80,196,197,198,218,219,220,241,242,329
152,152,51
1,2,3,4,5,6,7,8,9,23,24,25,26,27,28,29,30,31,33,47,48,49,50,51,52,53,54,55,56,57,71,72,73,74,75,76,77,78,79,80,81,82,126,129,195,196,197,198,219,220,242
255,255,68
1,2,3,6,7,8,9,23,24,25,26,27,28,29,30,31,34,45,46,47,48,49,50,51,52,53,54,55,56,71,72,73,74,75,76,77,78,79,80,82,86,100,105,106,107,108,109,110,126,127,128,129,130,131,132,151,152,153,175,176,192,196,197,198,218,219,220,330
161,161,58
1,2,3,6,7,8,23,24,25,26,27,28,29,30,31,34,45,46,47,48,49,50,51,52,53,54,55,56,70,71,72,75,76,77,78,79,80,86,106,107,108,109,110,127,128,129,130,131,132,148,151,152,154,175,196,197,198,220
33,33,65
1,2,3,4,5,6,7,8,24,25,26,27,28,29,45,46,47,48,49,50,51,52,53,54,55,56,67,70,71,72,73,74,75,76,77,78,79,80,85,86,105,106,107,109,110,127,128,129,130,131,132,148,149,150,151,152,153,175,196,197,198,219,220,242,329
505,505,66
1,2,3,4,5,6,7,8,23,24,25,26,27,28,29,30,31,45,46,47,48,49,51,52,53,54,55,57,70,71,72,73,74,75,76,77,78,79,80,86,105,106,107,108,109,110,125,126,127,128,129,130,131,132,150,152,153,173,174,175,196,197,198,219,220,242
425,425,69
1,2,3,4,5,6,8,23,24,25,26,27,28,29,31,32,45,46,47,48,49,50,52,53,54,55,70,71,72,73,74,75,76,77,78,79,80,82,85,86,105,106,107,108,109,110,126,127,128,129,130,131,132,149,150,151,152,153,172,173,175,195,196,197,198,219,220,241,242
365,365,79
1,2,3,4,5,6,7,8,9,24,25,26,27,28,29,30,31,32,33,46,47,48,49,50,51,52,53,54,55,56,57,70,71,72,73,74,75,76,77,78,79,80,81,85,86,93,99,103,104,105,106,107,108,109,110,126,127,128,129,130,131,132,148,149,150,151,152,153,173,174,175,195,196,197,198,219,220,242,330
34,34,53
1,2,3,5,6,8,24,25,26,27,28,31,32,48,49,50,51,52,53,54,55,57,71,72,73,74,75,76,77,78,79,85,86,106,109,110,126,127,128,129,130,131,133,149,150,151,152,195,197,198,219,220,242
50,50,51
1,3,5,6,24,25,26,28,30,31,32,48,49,50,52,53,54,56,71,73,75,76,77,78,79,85,86,103,105,107,108,109,110,126,127,128,129,130,131,151,152,153,173,174,175,196,197,198,219,220,242
432,432,89
1,2,3,4,5,6,7,8,9,10,23,24,25,26,27,28,29,30,31,32,33,35,45,46,47,48,49,50,51,52,53,54,55,56,57,68,69,70,71,72,73,74,75,76,77,78,79,80,85,86,93,99,101,103,104,105,106,107,108,110,125,126,127,128,129,130,131,132,146,148,149,150,151,152,153,171,172,173,174,175,177,195,197,198,219,220,241,242,330
249,249,74
1,2,3,4,5,6,7,23,24,25,26,27,28,29,31,33,45,46,47,48,49,50,51,53,54,55,56,70,71,72,73,74,75,76,77,78,79,80,86,87,100,101,105,106,107,108,109,110,125,126,127,128,129,130,131,132,148,149,150,151,152,153,154,171,172,175,195,196,197,198,219,220,241,242
273,273,36
2,3,4,5,6,7,24,25,26,27,28,29,48,49,50,51,53,54,55,72,74,75,76,77,78,79,86,105,107,108,127,128,129,142,148,172
387,387,45
196,197,216,217,218,220,237,238,239,240,241,242,258,259,260,261,262,263,264,278,279,281,282,283,284,285,286,300,301,302,303,304,305,306,307,308,322,323,324,325,326,327,328,329,330
346,346,105
19,20,21,22,41,42,44,64,65,66,131,166,168,169,170,171,172,176,188,189,190,191,192,193,194,195,196,198,210,211,212,213,214,215,216,217,218,219,220,231,232,233,234,235,236,237,238,239,240,241,242,251,252,253,254,255,256,257,258,259,260,261,262,263,264,272,273,274,275,276,277,278,279,280,281,282,283,284,293,294,295,296,297,298,299,300,301,302,303,304,305,306,315,316,317,318,319,320,321,322,323,324,325,326,327
517,517,139
9,10,32,34,54,56,57,75,76,77,78,79,80,95,96,97,98,99,100,101,103,115,116,117,118,119,120,121,122,135,136,137,138,139,140,141,142,143,144,145,146,157,158,159,160,161,162,163,164,165,166,167,168,169,179,180,181,182,183,184,185,186,187,188,189,190,199,200,201,202,203,204,205,206,207,208,209,210,211,221,222,223,224,225,226,227,228,229,230,231,232,233,243,244,245,246,247,248,249,250,251,252,253,254,255,265,266,267,268,269,270,271,272,273,274,275,276,277,287,288,289,290,291,292,293,294,295,296,297,298,309,310,311,312,313,314,315,316,317
244,244,125
1,2,3,4,5,6,7,8,9,10,11,23,24,25,26,27,28,29,30,31,32,33,34,45,46,47,48,49,50,51,52,53,54,55,67,68,69,70,71,72,73,74,75,76,77,89,90,91,92,93,94,95,96,97,98,99,111,112,113,114,115,116,117,118,119,120,133,134,135,136,137,138,139,140,141,155,156,157,158,159,160,161,162,163,177,178,179,180,181,182,183,184,199,200,201,202,203,204,205,206,221,222,223,224,225,226,243,244,245,246,247,248,265,266,267,268,269,287,288,289,290,309,310,311,312
114,114,112
1,2,3,4,5,6,7,8,9,10,11,23,24,25,26,27,28,29,30,31,32,33,45,46,47,48,49,50,51,52,53,55,67,68,69,70,71,72,73,74,75,89,90,91,92,93,94,95,96,97,98,111,112,113,114,115,116,117,118,119,133,134,135,136,137,138,139,140,141,155,156,157,158,159,160,161,162,177,178,179,180,181,182,183,199,200,201,202,203,204,205,221,222,223,224,225,226,227,243,244,245,246,247,265,266,267,268,287,288,289,309,310
237,237,108
1,2,3,4,5,6,7,8,9,10,11,23,24,25,26,27,28,29,30,31,33,34,45,46,47,48,49,50,51,52,53,67,68,69,70,71,72,73,75,89,90,91,92,93,94,95,111,112,113,114,115,116,117,118,133,134,135,136,137,138,139,155,156,157,158,159,160,161,177,178,179,180,181,182,183,199,200,201,202,203,204,205,209,221,222,223,224,225,226,243,244,245,246,247,248,249,265,266,267,268,269,287,288,289,290,309,310,311
74,74,103
1,2,3,4,5,6,7,8,9,10,11,12,13,23,24,25,26,27,28,35,36,45,46,47,48,49,59,60,61,67,68,69,70,71,82,83,84,89,90,91,92,94,105,106,111,112,113,114,115,116,117,119,128,133,134,135,136,137,138,151,155,156,157,158,159,160,177,178,179,180,181,182,199,200,201,202,203,209,221,222,223,224,225,243,244,245,246,247,248,258,261,262,265,267,268,269,270,280,287,288,302,304,305
336,336,99
1,2,3,4,5,9,10,11,12,13,14,15,18,19,20,21,23,24,27,35,37,41,45,46,47,49,58,62,67,68,69,70,73,81,89,91,92,97,111,116,117,133,134,135,136,138,139,140,142,155,156,157,159,160,161,177,178,179,180,181,182,199,200,201,202,203,209,212,213,221,222,223,224,225,227,235,243,244,245,246,248,249,259,260,261,262,265,266,267,268,269,283,284,287,288,289,290,291,309
363,363,93
1,2,3,4,7,15,16,17,18,19,20,21,22,23,24,37,38,39,40,41,42,43,44,45,46,58,61,62,63,64,65,67,68,69,81,86,87,88,89,91,94,111,114,133,134,135,155,156,158,160,177,178,180,181,182,198,200,202,209,212,214,221,222,223,224,225,235,236,237,238,239,243,244,245,246,257,258,261,262,263,265,266,267,268,280,283,284,287,290,303,304,305,310
83,83,90
13,14,15,16,17,18,19,20,21,37,38,39,40,41,42,43,44,60,61,62,63,64,65,66,88,89,91,109,111,112,122,133,134,144,155,156,166,169,177,178,180,181,182,201,203,204,209,210,212,213,221,222,223,224,225,227,233,234,235,236,238,239,240,241,243,244,245,246,257,261,262,263,264,268,269,279,280,281,284,285,287,288,297,298,299,301,304,305,306,310
50,50,87
3,10,12,14,15,16,17,18,19,20,21,36,37,38,39,40,41,42,43,44,59,60,61,62,63,64,65,66,86,87,88,109,117,133,134,161,166,176,177,180,181,182,201,203,208,209,210,214,215,221,222,224,225,235,236,237,238,239,240,241,242,243,244,245,246,258,259,261,262,263,264,266,268,269,280,281,284,285,286,287,288,297,300,302,306,309,310
19,19,82
14,15,16,17,18,19,20,21,22,36,37,38,39,40,41,42,43,44,59,60,61,62,63,64,65,66,70,84,86,87,88,110,133,134,155,156,176,180,181,182,199,203,209,214,215,221,223,224,225,235,236,237,238,240,241,243,244,245,246,258,259,261,262,263,264,265,266,268,280,282,283,284,286,287,288,289,302,303,305,306,309,324
339,339,80
14,15,16,17,18,19,20,21,36,37,38,39,40,41,42,43,44,59,60,61,62,63,64,65,66,67,86,87,89,133,134,155,156,161,162,176,192,201,210,213,214,215,216,221,224,236,237,238,239,240,243,244,245,246,259,261,262,263,264,265,266,267,280,281,282,283,284,287,288,289,300,302,303,304,306,309,311,322,323,324
119,119,78
14,15,16,17,18,19,20,21,22,36,37,38,39,40,41,42,43,44,60,61,62,63,64,65,66,85,87,88,133,134,155,156,159,161,180,202,216,217,221,223,224,225,236,237,238,239,240,243,244,245,246,258,259,260,261,262,263,264,265,266,267,268,281,282,283,284,285,286,287,288,289,302,303,304,305,306,309,324
57,57,74
14,15,16,17,18,19,20,21,22,36,38,39,40,41,42,43,44,60,61,62,63,64,65,66,87,88,133,134,155,156,180,201,202,210,213,215,216,217,221,224,238,239,240,241,243,244,245,247,258,259,260,261,262,263,264,265,266,267,268,281,282,283,284,285,286,287,302,303,304,305,306,309,324,325
337,337,65
14,15,16,17,18,19,20,22,36,37,38,39,40,41,42,61,62,63,64,66,86,87,88,109,110,133,134,155,180,181,201,210,213,216,222,223,224,226,237,238,243,244,245,246,247,260,261,262,265,266,267,268,280,281,282,283,284,287,288,289,304,309,310,324,325
239,239,70
14,15,16,17,18,19,20,21,22,37,38,39,40,41,42,43,44,61,62,63,64,134,155,156,157,178,179,180,181,182,188,189,199,200,201,222,223,224,225,226,227,238,239,240,242,243,244,245,246,247,258,259,260,261,262,265,266,267,268,281,282,283,284,287,288,289,310,311,324,325
34,34,66
14,15,16,17,18,19,20,21,22,38,39,40,41,42,43,44,61,62,63,64,66,155,156,178,179,180,181,182,185,199,200,201,215,221,222,223,224,226,227,237,243,244,245,246,247,248,257,258,259,260,261,265,266,267,280,281,282,283,284,287,288,309,310,311,324,325
35,35,65
14,15,16,17,18,19,20,21,22,38,39,40,41,42,43,44,61,62,63,155,156,178,179,180,181,182,187,188,199,200,201,202,207,215,222,223,224,225,226,227,236,241,243,244,245,246,247,258,259,260,261,262,265,266,267,268,281,282,287,288,289,290,309,310,312
333,333,64
14,15,16,17,18,19,20,21,22,38,39,40,41,42,43,61,62,63,155,177,178,179,180,181,182,188,199,200,201,202,203,206,207,221,222,223,224,226,236,240,241,243,244,245,246,247,248,258,259,261,262,263,265,266,267,281,282,284,287,288,289,309,310,312
25,25,61
15,16,17,18,19,20,21,22,38,39,40,41,42,62,155,156,177,178,179,180,181,183,199,200,201,202,206,207,221,222,223,224,225,226,236,237,238,239,240,243,244,245,246,247,258,259,261,262,263,265,266,267,268,282,284,287,288,289,310,311,312
380,380,63
14,15,17,18,19,20,21,22,39,40,41,42,61,63,64,155,156,179,181,182,188,199,200,201,202,203,206,207,208,211,212,215,222,223,224,225,226,227,228,236,243,244,245,246,247,248,258,259,260,262,266,267,268,282,283,284,287,288,289,309,310,311,312
12,12,60
14,15,17,18,19,20,21,22,38,39,41,42,64,133,155,156,179,180,181,182,188,192,193,199,200,201,202,203,206,207,215,216,221,222,223,224,225,226,227,236,238,243,244,245,246,247,258,259,262,267,281,282,283,284,287,288,289,309,310,312
371,371,58
14,15,17,18,19,20,21,22,41,155,178,179,181,182,188,199,200,201,202,203,206,207,208,213,221,222,223,224,225,226,227,236,237,239,243,244,245,246,247,248,258,259,260,262,267,268,269,270,282,283,284,287,288,289,309,310,311,312
455,455,46
19,20,21,22,41,42,43,44,64,65,155,156,178,183,185,188,199,200,201,202,203,205,206,210,211,221,222,223,224,226,227,228,229,237,243,244,245,246,247,248,262,264,309,310,311,312
11,11,47
21,22,133,157,158,169,180,183,184,185,188,191,199,200,201,202,203,204,205,206,207,210,211,212,222,223,224,225,226,227,228,237,238,243,245,246,247,248,259,262,265,267,291,295,310,311,312
521,521,41
20,21,22,155,183,184,185,187,188,199,200,201,202,204,205,206,207,209,210,211,212,222,223,224,225,226,227,228,229,232,234,237,238,245,246,248,250,265,311,312,313
405,405,34
20,21,22,43,183,184,185,188,200,201,202,203,205,206,207,208,210,211,222,224,226,227,228,229,232,245,246,247,248,250,265,295,311,312
8,8,32
20,21,22,43,179,180,184,185,188,200,201,202,205,206,207,208,210,211,212,213,223,225,226,227,228,232,234,245,246,247,248,312
492,492,29
20,21,22,43,180,184,185,188,200,201,202,203,204,205,206,207,211,213,224,226,227,228,229,238,246,247,248,250,287
222,222,29
22,42,43,185,188,201,202,205,206,207,208,209,210,212,213,224,225,226,227,228,229,232,234,245,246,247,250,254,287
240,240,28
20,22,42,43,44,65,185,188,206,207,209,210,212,213,227,228,229,232,239,245,246,247,249,250,269,275,287,311
30,30,32
15,16,19,20,22,38,41,61,65,185,188,209,210,211,212,221,226,228,229,232,236,239,243,246,247,248,250,261,265,268,274,287
29,29,24
18,19,39,40,41,61,62,63,84,85,155,177,178,179,180,199,200,201,202,203,205,226,227,254
414,414,36
15,17,18,39,41,61,155,157,178,199,200,201,202,203,221,222,223,224,225,237,243,246,247,248,249,250,253,262,265,267,268,273,274,275,287,312
204,204,40
15,16,17,18,19,20,39,41,42,62,85,177,190,199,200,201,203,212,221,222,223,224,225,236,237,243,244,245,246,247,253,255,262,265,266,275,287,289,290,312
328,328,47
15,16,17,18,19,20,38,39,40,41,42,61,62,63,85,133,155,157,177,178,179,180,190,199,200,201,202,205,212,214,221,222,223,232,236,237,243,244,245,246,247,262,265,266,267,275,312
389,389,52
15,16,17,18,19,20,38,39,40,41,42,61,62,63,85,133,155,177,178,179,189,190,199,200,201,202,205,210,212,214,215,221,222,223,224,236,237,243,244,245,247,254,258,259,262,265,266,267,278,287,289,311
313,313,56
15,16,17,18,19,20,21,38,39,40,41,42,61,62,63,64,84,85,133,155,177,178,180,188,190,191,199,200,201,202,206,209,210,214,215,221,222,223,224,225,236,237,239,243,244,245,246,247,263,265,266,267,277,278,287,290
82,82,62
16,17,18,19,20,21,22,38,39,40,41,42,43,60,61,62,63,64,65,84,85,86,155,156,169,177,178,179,180,199,200,201,202,212,213,214,215,216,217,221,222,223,224,226,236,237,240,243,244,245,254,262,263,265,266,267,287,288,289,295,297,311
359,359,65
16,17,18,19,20,21,22,38,39,40,41,42,43,44,60,61,62,63,64,84,85,86,87,155,156,166,169,177,178,179,180,192,199,200,201,202,205,214,215,216,217,221,222,223,224,226,235,236,237,238,243,244,245,247,254,263,265,266,267,277,281,288,295,296,312
316,316,70
16,17,18,19,20,21,22,37,38,39,40,41,42,43,44,60,61,62,63,64,65,66,83,84,85,86,87,106,107,108,109,133,155,156,157,170,177,178,179,180,190,193,194,196,199,200,201,202,213,214,215,216,217,218,219,221,222,223,225,236,238,239,243,244,245,265,266,267,287,298
318,318,67
19,20,21,22,41,42,43,44,64,65,66,84,85,86,87,88,105,106,107,108,109,110,157,176,177,178,179,180,192,194,196,198,199,200,201,202,203,214,219,220,221,222,223,224,226,236,239,241,242,243,244,245,246,261,262,263,264,265,266,267,268,278,285,286,287,306,309
90,90,89
16,17,18,19,20,21,22,38,39,40,41,42,43,44,60,61,62,63,64,65,66,83,84,85,86,87,88,105,106,107,108,109,110,129,130,131,132,151,152,153,154,171,174,175,176,177,192,193,194,195,196,197,198,200,201,214,216,217,218,219,220,221,223,236,237,238,239,240,241,242,243,244,257,258,259,260,261,262,263,264,267,281,284,285,286,287,307,308,330
323,323,98
15,16,17,18,19,20,21,22,37,38,39,40,41,42,43,44,59,60,61,62,63,64,65,66,81,82,83,84,85,86,87,88,104,105,106,107,108,109,110,127,128,129,130,131,132,149,150,151,152,153,154,169,170,171,172,173,174,175,176,191,192,193,194,195,196,197,198,214,215,216,217,218,219,220,236,237,238,239,240,241,242,258,259,260,261,262,263,264,281,284,285,286,305,306,307,308,329,330
247,247,106
12,13,14,15,16,17,18,19,20,21,22,36,37,38,39,40,41,42,43,44,58,59,60,61,62,63,64,65,66,81,82,83,84,85,86,87,88,103,104,105,106,107,108,109,110,126,127,128,129,130,131,132,147,148,149,150,151,152,153,154,169,170,171,172,173,174,175,176,192,193,194,195,196,197,198,214,215,216,217,218,219,220,237,238,239,240,241,242,258,259,260,261,262,263,264,281,283,284,285,286,306,307,308,328,329,330
345,345,117
11,12,13,14,15,16,17,18,19,20,21,22,34,35,36,37,38,39,40,41,42,43,44,57,58,59,60,61,62,63,64,65,66,80,81,82,83,84,85,86,87,88,102,103,104,105,106,107,108,109,110,125,126,127,128,129,130,131,132,147,148,149,150,151,152,153,154,168,169,170,171,172,173,174,175,176,191,192,193,194,195,196,197,198,213,214,215,216,217,218,219,220,236,237,238,239,240,241,242,258,259,260,261,262,263,264,265,283,284,285,286,306,307,308,328,329,330
235,235,130
6,7,8,9,10,11,12,13,14,30,31,32,33,34,35,37,38,39,52,53,54,55,56,57,59,61,62,75,76,77,78,79,80,85,97,98,99,100,101,102,119,120,121,122,123,124,125,142,143,144,145,146,148,164,165,166,167,168,169,170,171,172,187,188,189,190,191,192,193,194,195,196,210,211,212,213,214,215,216,217,218,219,220,233,234,235,236,237,238,239,240,241,242,255,256,257,258,259,260,261,262,263,264,277,278,279,280,281,282,283,284,285,286,300,301,302,303,304,305,306,307,308,323,324,325,326,327,328,329,330
380,380,123
1,2,3,4,5,23,24,25,26,27,45,46,47,48,49,50,67,68,69,70,71,72,89,90,91,92,93,94,95,111,112,113,114,115,116,117,118,119,133,134,135,136,137,138,139,140,141,149,159,160,161,162,163,164,165,166,182,183,184,185,186,187,188,189,190,191,205,206,207,208,209,210,211,212,213,214,227,228,230,231,232,233,234,235,236,237,248,250,251,252,253,254,255,256,257,271,272,273,274,275,276,277,278,279,293,294,295,296,297,298,299,300,301,314,315,316,317,318,319,320,321,322,323
353,353,89
63,67,89,90,111,112,113,114,133,134,135,136,137,155,156,157,158,159,160,161,177,178,179,180,181,182,183,184,199,200,201,202,203,204,205,206,221,222,223,224,225,226,227,228,243,244,245,246,247,248,249,250,251,265,266,267,268,269,270,271,272,273,274,278,287,288,289,290,291,292,293,294,295,296,297,298,300,309,310,311,312,313,314,315,316,317,318,319,320
289,289,58
133,134,155,156,157,158,177,178,179,180,182,183,199,200,201,202,203,204,205,206,221,222,223,224,225,226,227,228,243,244,245,246,247,248,249,250,265,266,267,268,269,270,271,287,288,289,290,291,292,293,309,310,311,312,313,314,315,316
20,20,17
199,200,221,222,244,245,265,266,267,287,288,289,309,310,311,312,313
219,219,5
245,266,267,278,310
268,268,10
2,77,78,81,86,106,107,128,129,131
219,219,16
29,48,49,52,62,75,78,80,84,86,106,108,109,128,132,154
446,446,26
13,29,30,35,48,49,58,75,76,77,78,79,80,85,86,87,88,100,101,107,109,129,130,131,132,173
458,458,22
24,26,29,30,49,52,53,75,77,78,79,86,87,88,107,108,109,129,131,132,154,219
155,155,27
7,25,26,28,29,30,47,48,52,53,57,74,75,76,77,78,79,80,85,86,87,107,108,109,130,131,132
164,164,25
4,8,25,26,29,30,48,49,50,53,55,73,74,75,78,79,86,87,107,108,109,128,129,131,132
416,416,25
26,27,29,30,47,48,49,50,51,52,53,57,74,75,79,85,87,107,108,109,128,129,130,131,132
438,438,29
6,7,8,12,25,26,27,29,30,31,35,49,50,52,53,54,57,70,71,75,78,80,86,100,105,107,109,131,256
476,476,23
2,4,6,8,12,25,27,30,31,35,49,51,53,54,57,71,73,75,78,79,87,109,110
521,521,22
5,25,27,28,29,30,31,35,49,50,52,53,57,72,78,79,85,86,100,109,132,215
422,422,28
2,3,5,8,24,25,26,27,28,29,30,31,35,49,51,54,57,71,78,79,85,86,87,108,109,132,153,303
434,434,26
5,7,26,27,28,29,30,31,32,35,50,51,52,53,54,57,71,73,79,85,86,87,105,109,110,132
567,567,31
1,2,5,7,9,13,24,25,26,27,28,30,31,32,48,50,53,54,57,63,72,85,86,105,106,107,109,110,131,154,181
421,421,30
1,3,5,6,7,23,24,25,26,27,28,30,31,32,47,51,53,54,57,71,75,86,105,106,108,109,110,130,131,154
230,230,28
1,3,5,6,14,23,24,25,27,28,29,30,31,32,35,48,50,51,52,57,63,72,74,85,86,110,130,154
339,339,28
1,2,7,9,24,26,27,28,29,31,32,50,51,52,53,54,57,63,72,105,108,109,110,131,132,154,175,218
553,553,26
2,3,5,7,9,13,22,24,25,26,27,29,31,32,49,51,53,56,72,73,107,109,110,132,154,175
102,102,31
2,3,4,5,6,9,10,11,12,24,25,26,27,28,29,31,32,49,50,51,52,53,54,55,56,72,77,108,110,131,175
561,561,4
308,327,329,330
562,562,54
154,174,175,176,196,197,198,217,218,219,220,237,238,239,240,241,242,258,259,260,261,262,263,264,278,279,280,281,282,283,284,285,286,300,301,302,303,304,305,306,307,308,319,320,321,322,323,324,325,326,327,328,329,330
509,509,107
18,19,21,22,43,44,145,148,149,150,166,167,168,169,170,171,172,173,174,185,186,187,188,189,190,191,192,193,194,195,196,197,198,207,208,209,210,211,212,213,214,215,217,218,219,220,229,230,231,232,233,234,235,236,237,239,240,241,242,252,253,254,255,256,257,259,261,262,263,264,273,274,275,276,277,278,279,280,281,282,283,284,285,286,296,297,298,299,300,301,302,304,305,306,307,317,318,319,320,321,322,323,324,325,326,327,328
515,515,139
10,11,12,13,14,15,16,17,18,25,32,33,34,35,36,37,38,54,55,56,57,58,59,60,74,75,76,77,78,79,80,95,96,97,98,99,100,101,102,103,116,117,118,119,120,121,122,123,124,125,133,135,137,138,139,140,141,142,143,144,145,146,147,148,157,159,160,161,162,163,164,165,166,167,168,181,182,183,184,185,186,187,188,189,190,200,203,204,205,206,207,208,209,210,211,212,224,225,226,227,228,229,230,231,232,233,234,235,245,247,248,249,250,251,252,253,254,255,256,265,267,271,272,273,274,275,276,287,288,289,292,293,294,295,296,297,298,309,310
236,236,126
1,2,3,4,5,6,7,8,9,10,11,12,13,14,15,23,24,25,26,27,28,29,30,31,32,33,34,45,46,47,48,49,50,51,52,53,54,55,56,57,67,68,69,70,71,72,73,74,75,76,77,89,90,91,92,93,94,95,96,97,98,99,100,111,112,113,114,115,116,117,118,119,120,121,133,134,135,136,137,138,139,140,141,155,156,157,158,159,160,161,162,163,177,178,179,180,181,182,183,184,185,199,200,201,202,203,204,205,206,221,222,223,224,225,226,227,243,244,245,246,265,266,267,287,288,309
245,245,114
1,2,3,4,5,6,7,8,9,10,11,12,13,23,24,25,26,27,28,29,30,31,32,33,34,45,46,47,48,49,50,51,52,54,55,67,68,69,70,71,72,73,74,75,76,89,90,91,92,93,94,95,96,97,98,111,112,113,114,115,116,117,118,120,133,134,135,136,137,138,139,140,155,156,157,158,159,160,161,162,163,177,178,179,180,181,182,183,199,200,201,202,203,204,205,221,222,223,224,225,226,227,228,243,244,245,246,267,268,269,287,288,309,310
270,270,108
1,2,3,4,5,6,7,8,9,10,23,24,25,26,27,28,29,30,31,45,46,47,48,49,50,51,52,53,67,68,69,70,71,72,73,74,75,89,90,91,92,93,94,95,96,97,111,112,113,114,115,116,117,118,133,134,135,136,137,138,155,156,157,158,159,160,177,178,179,180,181,182,199,200,201,202,203,204,221,222,223,224,225,226,227,228,243,244,245,246,247,265,266,267,268,269,270,287,288,289,290,291,293,309,310,311,313,321
315,315,98
1,2,3,4,5,6,7,20,21,23,25,26,27,28,41,45,46,47,48,49,61,67,68,69,70,71,72,84,89,90,91,92,93,96,111,112,115,116,118,133,134,135,136,137,138,141,155,157,158,159,160,161,162,163,177,178,179,180,183,188,199,200,201,202,203,204,206,223,224,225,226,227,228,243,244,245,246,247,248,250,265,267,269,270,272,273,276,287,288,291,292,293,294,309,310,313,314,316
323,323,97
1,2,3,23,24,40,45,46,47,48,49,67,68,69,70,71,72,89,90,91,92,93,94,95,111,112,113,114,115,118,119,133,134,135,136,137,139,140,141,155,159,160,161,177,178,179,180,181,182,183,199,200,201,202,203,204,205,207,221,222,224,225,226,227,228,243,244,245,246,247,248,249,250,265,266,267,269,270,271,272,273,287,288,289,290,291,292,293,294,295,309,310,311,313,314,316,317
329,329,94
1,2,4,17,18,19,23,24,25,40,41,42,45,46,47,48,49,63,67,68,69,70,71,89,90,91,92,93,94,111,112,113,114,115,133,136,137,139,155,158,159,160,161,163,177,178,179,180,182,183,184,199,200,201,202,203,204,205,206,221,223,224,225,226,227,228,245,248,249,250,265,267,268,269,270,271,272,273,287,288,291,292,293,294,295,309,310,311,314,315,316,317,318,330
49,49,93
1,17,18,19,20,21,23,24,39,40,41,42,43,45,46,47,62,63,64,68,69,83,84,92,94,112,113,114,136,139,140,159,160,162,163,177,178,179,180,181,182,183,184,185,200,201,202,203,204,205,206,207,209,210,221,222,223,224,225,226,227,228,229,243,247,248,249,250,254,265,269,270,271,272,273,287,288,291,292,293,294,295,297,309,310,311,314,315,316,317,318,320,322
246,246,92
1,17,18,19,20,23,24,40,41,42,43,45,48,63,64,65,67,68,69,71,88,90,92,93,94,111,112,113,116,140,159,160,161,162,163,177,178,179,180,181,182,183,184,185,198,199,200,201,202,203,204,206,207,209,210,221,223,224,225,226,227,228,229,245,246,247,248,249,250,255,265,269,270,271,272,273,287,288,291,292,293,294,295,310,311,313,314,315,316,317,318,320
312,312,88
1,17,18,19,20,21,23,24,39,40,41,42,45,46,47,63,64,69,85,86,87,111,133,135,138,155,157,159,160,161,162,163,177,178,179,180,181,183,184,185,199,200,201,202,203,204,206,207,209,210,221,222,223,224,225,226,227,228,243,246,247,248,249,250,255,265,266,269,270,271,272,273,287,288,291,292,293,294,295,309,310,311,313,314,315,316,317,318
231,231,86
1,18,19,20,23,39,40,41,42,46,61,62,64,67,69,70,84,85,86,91,112,113,133,134,135,157,159,160,161,162,163,177,178,179,180,181,183,184,185,199,200,201,202,203,204,205,206,209,221,222,223,224,225,226,227,228,229,243,247,248,249,250,255,265,269,270,271,272,273,278,288,289,291,292,293,294,295,297,310,311,313,314,315,316,317,318
478,478,86
17,18,19,20,21,23,39,40,41,42,43,45,46,62,63,64,89,91,92,111,133,134,135,155,156,157,159,161,162,163,177,178,179,180,184,185,199,200,201,202,203,204,205,206,207,209,210,211,221,222,223,224,225,226,227,228,229,231,245,247,248,249,250,265,269,270,271,272,273,287,288,291,292,293,294,295,297,310,311,313,314,315,316,317,318,319
75,75,84
17,18,19,20,38,39,40,41,42,46,61,62,63,64,68,89,92,111,112,133,134,135,155,156,159,160,161,162,163,177,178,179,180,184,185,199,200,201,202,203,204,205,206,207,209,210,221,222,223,224,225,226,227,228,229,244,245,247,248,249,250,252,265,270,271,272,273,288,292,293,294,295,297,298,310,311,313,314,315,316,317,318,319,320
33,33,71
35,36,41,42,61,62,63,69,92,113,114,115,116,133,134,135,136,137,155,156,157,158,159,177,178,179,180,181,185,200,201,202,203,204,207,221,222,224,225,226,227,228,229,243,244,245,247,248,249,250,265,266,270,271,272,273,278,287,288,293,294,295,296,297,309,310,314,315,316,317,318
25,25,76
41,62,68,84,111,112,113,133,134,135,136,137,155,156,157,158,159,160,161,162,163,177,178,179,180,181,182,183,184,185,200,201,202,203,204,205,206,207,208,221,222,223,224,225,226,227,228,229,230,231,232,247,248,249,250,251,252,253,270,271,272,273,274,275,293,294,295,296,297,298,315,316,317,318,319,321
452,452,72
61,89,111,112,113,133,134,135,136,155,156,158,159,160,161,162,163,178,179,180,181,182,183,184,185,200,201,202,203,204,205,206,207,208,209,224,225,226,227,228,229,230,231,247,248,249,250,251,252,253,254,270,272,273,274,275,276,277,292,293,294,295,296,297,298,300,315,316,317,318,319,321
266,266,70
61,89,111,112,113,133,134,135,136,157,158,159,160,161,162,163,178,179,180,181,182,183,184,185,201,202,203,204,205,206,207,208,209,222,223,224,225,226,227,228,229,230,231,232,245,247,248,249,250,253,254,270,271,272,273,274,275,276,294,295,296,297,299,315,316,317,318,319,320,322
80,80,67
89,111,112,113,133,134,135,136,156,157,158,159,160,161,162,163,179,180,181,182,183,184,185,200,201,202,203,204,205,206,207,208,209,223,224,225,226,227,228,229,230,231,245,247,248,249,250,251,252,253,254,271,272,273,274,275,277,294,295,296,297,298,316,317,318,319,321
557,557,63
20,67,89,111,113,134,135,136,157,158,159,160,161,162,163,179,180,181,182,183,184,185,201,202,203,204,205,206,207,208,209,224,225,226,227,228,229,230,231,247,248,249,250,251,252,253,254,272,273,274,275,276,277,294,295,296,297,298,316,317,318,319,321
520,520,62
20,89,111,112,113,133,134,135,136,159,160,161,162,163,179,180,181,182,183,184,185,199,200,201,202,203,204,205,206,207,208,209,224,225,226,227,228,229,230,231,248,249,250,251,252,253,271,272,273,274,275,276,277,294,295,296,297,298,317,318,319,321
479,479,59
89,111,112,113,114,133,134,135,136,160,161,162,163,179,180,181,182,183,184,185,199,201,202,203,204,205,206,207,208,209,222,223,224,225,226,227,228,229,230,231,248,249,250,252,253,254,271,272,273,274,275,277,294,295,296,297,298,318,319
4,4,53
111,112,113,134,135,136,159,160,161,162,163,182,183,184,185,199,201,202,203,204,205,206,207,208,223,224,225,226,227,228,229,230,231,248,249,250,251,252,253,254,255,272,273,274,275,276,295,296,297,298,317,318,319
513,513,41
111,112,113,133,134,135,159,205,208,225,226,227,228,230,231,244,248,249,250,251,252,253,254,266,272,273,274,275,276,288,289,295,296,297,298,310,311,317,318,319,320
446,446,41
68,111,113,133,135,136,137,158,159,160,161,184,186,188,210,226,227,231,249,251,252,254,255,273,274,275,276,277,278,295,296,297,298,299,300,316,318,319,320,321,322
463,463,35
111,113,135,136,137,158,159,160,161,185,186,187,188,210,231,232,252,255,274,275,276,277,278,279,294,295,296,297,298,299,300,318,319,320,321
354,354,31
90,112,135,136,137,157,158,159,160,161,164,185,186,187,188,208,210,253,255,274,275,277,278,295,296,297,298,299,319,320,321
346,346,27
135,136,138,158,159,160,164,182,185,186,188,207,208,210,274,275,276,277,278,295,296,297,298,299,317,319,320
535,535,27
90,135,158,159,160,161,182,183,186,188,207,208,210,231,232,233,255,275,276,277,278,279,295,296,297,298,319
203,203,28
135,136,159,160,161,165,182,183,184,185,186,188,207,208,210,230,232,234,255,275,276,277,278,279,295,296,297,298
121,121,32
135,136,158,159,160,161,182,183,184,185,187,188,207,209,210,229,230,231,234,254,255,256,276,277,278,279,295,296,297,298,299,318
359,359,39
135,136,158,159,160,161,162,182,183,184,185,186,187,188,207,209,210,211,230,231,232,234,253,254,255,256,275,276,277,278,279,295,296,297,298,299,301,317,318
310,310,30
136,157,158,159,179,180,181,202,203,204,205,206,225,226,227,245,249,254,255,267,268,277,278,290,296,298,299,312,320,321
455,455,46
136,156,158,159,160,161,162,180,183,184,185,186,188,204,205,206,207,208,210,211,227,228,229,230,231,232,233,234,254,255,256,257,275,276,277,278,279,290,295,297,298,299,300,301,320,321
303,303,51
116,135,136,137,158,159,160,161,162,179,182,183,184,185,186,188,203,204,205,206,207,208,210,211,212,226,227,228,229,232,233,234,251,254,255,256,257,275,276,277,278,279,280,281,297,298,299,300,301,312,320
22,22,57
114,136,137,138,156,158,159,160,161,162,183,184,185,186,189,203,204,205,206,207,208,209,210,212,226,227,228,229,231,232,233,234,235,236,249,250,251,252,254,255,256,257,258,275,276,277,278,279,295,297,298,299,300,301,312,320,321
21,21,61
133,135,136,156,157,158,159,160,161,162,180,181,182,183,184,185,186,187,203,204,205,206,207,208,209,211,212,226,227,228,229,230,231,232,233,234,235,236,249,250,251,252,254,255,256,257,272,276,277,278,279,280,295,297,298,299,300,301,313,319,320
306,306,65
116,135,136,137,156,157,158,159,160,161,162,180,181,183,184,185,186,203,204,205,206,207,208,211,212,213,224,226,227,228,229,230,231,232,233,234,235,236,249,250,251,252,254,255,256,257,268,273,276,277,278,279,295,296,297,298,299,300,301,312,313,320,321,322,323
325,325,68
135,136,137,138,156,157,158,159,160,161,162,181,182,183,184,185,186,187,201,203,204,205,206,207,208,209,212,223,226,227,228,229,230,231,232,233,234,235,237,246,249,250,251,252,253,254,255,256,257,272,273,275,276,277,278,279,295,296,297,298,299,300,301,312,313,320,321,322
316,316,71
3,20,134,135,136,137,138,156,157,158,159,160,161,162,181,182,183,184,185,186,187,203,204,205,206,207,208,209,223,226,227,228,229,230,231,232,233,234,235,245,246,249,250,251,252,253,254,255,256,257,258,268,272,273,275,276,277,278,279,291,296,297,298,299,300,301,312,313,319,320,321
313,313,78
19,62,91,106,113,114,134,135,136,137,139,140,158,159,160,161,162,163,181,182,183,184,185,186,187,200,204,205,206,207,208,209,223,226,227,228,229,230,231,232,233,234,235,245,246,249,250,251,252,253,254,255,256,257,258,268,272,273,275,276,277,278,279,290,291,296,297,298,299,300,301,312,313,318,319,320,321,322
429,429,80
10,11,95,96,116,117,118,123,135,137,138,139,140,141,159,160,161,162,163,164,178,182,183,184,185,200,201,204,205,206,207,208,210,211,212,223,227,228,229,230,231,232,233,234,235,236,246,250,251,252,253,254,255,256,257,258,259,260,268,274,277,278,279,280,281,282,291,299,300,301,302,303,304,313,314,322,323,324,325,326
384,384,99
16,17,18,19,20,21,22,39,40,41,42,43,44,61,62,63,64,65,66,86,87,88,108,109,110,129,130,131,132,151,152,153,154,157,159,164,171,172,173,174,175,176,183,184,185,195,197,198,206,207,208,209,210,211,220,228,230,231,232,233,234,235,236,237,238,242,251,252,253,254,255,256,257,258,259,260,261,262,263,264,275,276,277,278,279,280,281,282,283,285,286,298,299,300,301,303,304,305,323
368,368,104
10,11,12,15,16,17,18,19,20,21,22,37,38,39,40,41,42,43,44,59,60,61,62,63,64,65,66,81,82,83,84,85,86,87,88,104,105,106,107,108,109,110,125,126,127,128,129,130,131,132,149,150,151,152,153,154,170,171,172,173,174,175,176,194,195,196,197,198,215,216,217,218,219,220,236,237,238,239,240,241,242,257,258,259,260,261,262,263,264,278,279,281,282,283,284,285,286,301,302,303,307,308,329,330
328,328,109
11,12,13,14,15,16,17,18,19,20,21,22,34,35,36,37,38,39,40,41,42,43,44,58,59,60,61,62,63,64,65,66,80,81,82,83,84,85,86,87,88,103,104,105,106,107,108,109,110,126,127,128,129,130,131,132,149,150,151,152,153,154,170,171,172,173,174,175,176,194,195,196,197,198,215,216,217,218,219,220,236,237,238,239,240,241,242,258,259,260,261,262,263,264,278,279,282,283,284,285,286,305,306,307,308,309,328,329,330
346,346,118
11,12,13,14,15,16,17,18,19,20,21,22,34,35,36,37,38,39,40,41,42,43,44,57,58,59,60,61,62,63,64,65,66,80,81,82,83,84,85,86,87,88,102,103,104,105,106,107,108,109,110,125,126,127,128,129,130,131,132,147,148,149,150,151,152,153,154,169,170,171,172,173,174,175,176,192,193,194,195,196,197,198,213,214,215,216,217,218,219,220,236,237,238,239,240,241,242,258,259,260,261,262,263,264,279,281,282,283,284,285,286,305,306,307,308,328,329,330
530,530,132
7,8,12,13,14,15,16,17,18,19,20,29,31,34,35,36,37,38,39,40,41,53,54,56,57,58,59,60,61,62,63,75,76,77,78,79,80,81,97,99,100,101,102,103,121,123,124,125,126,144,145,146,147,148,149,165,166,167,168,169,170,171,172,173,186,187,188,189,190,191,192,193,194,195,196,198,210,211,212,213,214,215,216,217,218,220,231,235,236,237,238,239,240,241,242,254,256,257,258,259,260,261,262,263,264,277,278,279,280,281,282,283,284,285,286,298,300,301,302,303,304,305,306,307,308,324,325,326,327,328,329,330
522,522,123
1,2,3,11,23,24,45,46,47,48,49,67,68,69,70,71,89,90,91,92,93,94,95,111,112,113,114,115,116,117,118,119,133,134,135,136,137,138,139,140,158,159,160,161,162,163,164,165,166,167,168,183,184,185,186,187,188,189,190,191,200,206,207,208,209,210,211,212,213,214,223,227,228,229,230,231,232,233,234,235,236,237,245,246,250,252,253,254,255,256,257,258,259,267,268,269,273,274,275,276,277,278,279,280,281,282,295,296,297,298,299,300,301,302,303,304,319,320,321,322,323,324,325
306,306,91
67,68,69,89,90,91,92,111,112,113,114,115,133,134,135,136,137,156,157,158,159,160,177,178,179,182,183,184,199,200,201,202,204,205,206,207,221,222,223,224,225,226,227,228,229,231,232,243,244,245,246,247,250,251,252,253,254,265,266,267,268,269,270,273,274,275,276,287,288,289,290,291,292,293,295,296,297,298,299,300,309,310,311,312,313,314,315,317,319,320,321
311,311,65
111,112,113,114,133,134,135,136,155,156,157,158,159,177,178,179,180,181,182,183,184,199,200,201,204,206,221,222,223,224,226,227,228,243,244,245,246,251,252,265,266,267,268,269,270,273,274,275,287,288,289,290,291,292,296,297,298,309,310,311,312,313,314,319,320
156,156,40
183,186,206,207,229,232,233,234,235,243,244,252,254,256,257,265,266,267,278,279,280,281,283,287,288,289,300,301,302,303,304,305,309,310,311,312,323,324,325,326
488,488,38
111,123,124,125,186,206,207,208,229,231,232,234,253,254,255,256,257,258,276,277,278,279,280,282,289,298,300,301,302,303,304,305,306,322,323,324,325,326
478,478,27
124,207,208,229,231,232,234,235,253,254,255,257,276,277,278,279,298,300,301,302,303,304,305,323,324,325,326
436,436,25
123,124,207,208,232,234,236,254,256,257,259,277,278,279,280,300,301,302,303,304,305,323,324,325,326
121,121,19
207,208,254,255,256,257,259,277,278,279,298,300,301,302,303,323,324,325,326
453,453,19
256,257,260,276,277,278,279,281,284,298,300,301,302,303,304,323,324,325,326
130,130,18
256,257,259,276,277,278,279,280,281,298,300,301,302,303,323,324,325,326
418,418,19
164,165,256,257,259,277,278,279,280,281,282,285,300,301,302,303,304,325,326
66,66,18
164,257,259,278,279,280,281,282,283,298,300,301,302,303,304,323,325,326
266,266,5
207,279,282,300,301
491,491,19
146,207,278,279,283,298,300,301,302,303,304,305,306,324,325,326,327,328,329
419,419,15
207,278,279,283,298,299,300,301,302,303,304,305,306,323,328
136,136,15
189,278,279,283,298,300,301,302,303,304,305,306,323,324,327
63,63,12
278,279,280,298,300,301,302,305,306,307,328,329
566,566,12
278,279,280,300,301,303,304,305,306,307,327,328
87,87,12
188,189,278,279,280,300,301,302,303,304,306,307
146,146,11
278,279,300,301,302,303,305,306,307,328,329
124,124,9
278,279,280,300,301,302,304,307,323
347,347,3
49,88,310
62,62,4
278,279,329,330
117,117,14
264,278,284,285,286,301,306,307,308,326,327,328,329,330
68,68,52
131,132,153,154,175,176,192,195,196,197,198,218,219,220,239,240,241,242,258,259,260,261,262,263,264,278,279,280,281,282,283,284,285,286,300,301,302,303,304,305,306,307,308,322,323,324,325,326,327,328,329,330
22,22,104
19,20,21,22,41,42,43,44,64,65,86,87,88,106,107,108,109,110,124,128,129,130,131,132,145,146,147,150,151,152,154,165,167,168,169,170,171,173,174,185,186,187,188,189,191,192,195,207,208,209,210,211,212,213,214,215,230,231,232,233,234,235,236,237,238,251,252,253,254,255,256,257,258,259,260,272,273,274,275,276,277,278,279,280,281,282,283,284,295,296,297,298,299,300,301,302,303,315,316,317,318,319,320,321
539,539,138
10,11,12,13,14,15,16,17,34,35,36,37,38,39,54,55,56,57,75,76,77,78,79,94,95,96,97,98,99,100,101,102,115,116,117,118,119,120,121,122,123,124,136,137,138,139,140,141,142,143,144,145,159,160,161,162,163,164,165,166,167,180,181,182,183,184,185,186,187,188,189,201,202,203,204,205,206,207,208,209,210,211,212,222,223,224,225,226,227,228,229,230,231,232,233,243,244,245,246,247,248,249,250,251,252,253,254,256,265,266,267,268,269,270,271,272,273,274,276,287,288,289,290,291,292,293,294,295,309,310,311,312,313,314,315,316,317,318
259,259,127
1,2,3,4,5,6,7,8,9,10,11,12,23,24,25,26,27,28,29,30,31,45,46,47,48,49,50,51,52,53,55,67,68,69,70,71,72,73,74,75,76,77,89,90,91,92,93,94,95,96,97,98,111,112,113,114,115,116,117,118,119,120,133,134,135,136,137,138,139,140,142,155,156,157,158,159,160,161,162,163,164,177,178,179,180,181,182,183,184,185,199,200,201,202,203,204,205,206,207,221,222,223,224,225,226,227,243,244,245,246,247,248,265,266,267,268,269,270,271,287,288,289,290,309,310,311,312
346,346,114
1,2,3,4,5,6,7,8,9,10,11,23,24,25,26,27,28,29,30,31,32,45,46,47,48,49,50,51,52,53,54,55,67,68,69,70,71,72,73,74,75,76,89,90,91,92,93,94,95,96,97,111,112,113,114,115,116,117,118,119,133,134,135,136,137,138,139,140,155,156,157,158,159,160,161,162,177,178,179,180,181,182,183,184,185,199,200,201,202,203,204,221,222,223,224,225,243,244,245,246,247,265,266,267,268,269,287,288,289,290,309,310,311,312
82,82,111
1,2,3,4,5,6,7,8,9,10,12,23,24,25,26,27,28,29,30,31,45,46,47,48,49,50,51,52,53,54,67,68,69,70,71,72,73,74,75,89,90,91,92,93,94,95,96,111,112,113,114,115,116,117,118,133,134,135,136,137,138,139,140,142,155,156,157,158,159,160,163,177,178,179,180,182,183,184,185,186,187,197,199,200,201,202,203,204,205,207,221,222,223,224,225,226,243,244,246,247,248,256,265,266,267,268,269,270,287,288,289
78,78,104
1,2,3,4,5,6,7,8,9,10,11,12,14,15,16,18,19,20,23,24,25,26,27,38,41,45,46,47,48,49,50,67,68,69,70,71,72,86,89,90,91,92,93,94,110,111,112,115,126,133,143,145,147,155,156,161,162,163,164,165,167,168,187,189,190,191,200,208,209,210,211,212,213,221,222,228,229,230,231,232,233,234,243,244,245,251,252,253,254,255,256,257,265,274,275,276,277,278,279,287,297,301,302,323
12,12,103
1,2,3,4,5,6,7,8,9,10,11,12,13,14,15,16,17,23,24,25,26,27,28,29,32,33,34,35,36,38,40,45,46,47,49,50,51,54,55,56,57,58,59,67,68,70,71,72,89,92,93,94,111,113,114,115,116,117,118,136,137,138,139,140,146,158,159,160,161,162,163,164,165,185,186,187,188,190,208,210,211,212,213,230,231,232,233,234,252,253,254,255,256,257,258,277,278,279,280,281,282,298,301
246,246,95
1,2,3,4,5,6,7,10,11,12,13,14,16,17,20,21,23,25,26,27,28,29,33,34,35,36,40,43,48,49,50,58,65,66,86,87,93,104,126,128,132,147,151,163,164,165,167,169,186,187,189,190,191,192,196,211,212,230,231,232,233,234,235,236,239,241,251,253,254,255,256,257,258,259,260,261,263,275,276,277,278,279,280,281,282,283,284,298,299,300,301,302,303,327,328
89,89,93
2,7,8,10,11,12,13,14,15,16,21,22,23,31,32,33,34,35,36,37,38,43,44,55,56,57,58,59,60,66,79,85,87,104,110,126,132,147,149,152,163,165,169,189,190,191,192,196,211,212,214,216,217,218,219,231,232,233,234,235,236,238,239,240,241,253,254,255,256,257,258,259,260,261,262,263,274,275,276,277,278,279,280,281,282,283,284,298,299,300,301,302,303
272,272,91
1,4,9,10,11,12,13,15,16,19,21,31,32,33,34,35,37,38,39,43,44,55,57,58,59,60,61,62,64,65,66,79,81,82,84,88,102,103,125,126,127,128,150,163,165,169,170,174,186,192,196,208,211,212,213,218,232,233,234,235,238,239,240,241,253,254,255,256,257,258,259,260,261,262,263,276,277,278,279,280,281,282,283,284,298,299,300,301,302,303,323
78,78,87
9,10,11,12,13,14,15,16,20,21,33,34,36,37,42,43,44,56,58,59,60,61,62,65,66,79,80,81,84,85,102,103,109,126,147,150,152,163,164,166,169,172,174,191,192,195,196,197,212,213,214,218,232,233,234,235,238,253,254,255,256,257,258,259,260,261,262,263,276,277,278,279,280,281,282,283,284,285,298,299,300,301,302,303,304,323,326
545,545,86
9,10,11,12,13,17,21,33,34,35,36,37,38,39,42,43,44,56,57,58,59,60,61,66,80,82,84,102,103,126,127,147,165,168,169,170,171,174,192,194,196,213,214,215,216,217,218,232,233,234,235,237,238,239,253,254,255,256,257,258,259,260,261,262,263,275,276,277,278,279,280,281,282,283,284,298,300,301,302,303,304,322,325,326,327,328
81,81,85
9,10,11,12,13,15,16,17,21,33,34,35,36,38,39,43,44,59,60,61,65,66,80,84,85,103,104,109,125,126,147,148,168,169,170,191,192,194,211,215,216,217,218,232,233,234,235,237,238,239,240,241,253,254,255,256,257,258,259,260,261,262,263,275,276,277,278,279,280,281,282,283,284,285,298,299,300,301,302,303,304,322,323,324,326
324,324,83
11,12,13,14,16,19,20,21,33,34,35,37,39,42,43,44,57,59,60,66,80,81,83,84,88,103,127,147,163,169,170,171,173,192,193,194,211,213,215,216,217,232,233,234,235,236,238,239,240,253,254,255,256,257,258,259,260,261,262,263,275,276,277,278,279,280,281,282,283,284,285,298,300,301,302,303,304,305,322,324,326,327,328
529,529,72
9,10,11,12,13,15,16,21,33,35,37,38,39,40,42,43,44,60,61,65,66,84,85,86,88,110,169,170,174,191,192,194,195,213,214,215,216,217,218,235,236,237,238,239,240,255,256,257,258,259,260,262,263,276,277,278,279,280,281,282,283,284,285,299,300,301,302,306,307,321,322,323
273,273,78
11,12,13,14,15,16,17,18,19,20,21,35,36,37,38,39,40,41,42,43,56,57,60,61,62,63,79,81,125,126,127,132,148,149,168,212,213,214,218,234,236,237,238,239,240,255,256,257,258,259,260,261,262,263,264,278,279,281,282,283,284,285,286,298,299,300,301,302,303,306,307,322,323,324,325,326,329,330
41,41,76
10,11,12,13,14,15,16,17,18,19,20,33,34,35,37,38,39,40,42,43,57,58,60,61,62,64,102,125,126,129,153,212,213,214,234,235,236,237,238,239,240,255,256,257,258,259,260,261,262,263,264,278,279,281,282,283,284,285,286,300,301,302,303,304,305,306,307,308,322,323,324,325,327,328,329,330
473,473,75
10,11,12,13,14,15,16,17,18,19,20,21,35,36,37,38,39,40,41,42,43,57,60,61,62,102,103,125,126,127,132,150,153,165,212,214,234,236,238,239,240,256,257,258,259,260,261,263,264,277,278,279,280,281,282,283,284,285,286,288,300,301,302,303,306,307,308,322,323,324,325,326,327,329,330
3,3,73
10,11,12,13,14,15,16,17,18,19,20,21,33,34,35,37,38,39,42,43,44,56,57,58,60,61,62,63,81,103,125,126,127,128,129,150,153,165,166,213,234,236,238,239,257,258,259,260,261,278,281,282,283,284,285,286,288,300,301,302,303,304,305,306,307,308,322,323,324,325,326,329,330
427,427,69
10,11,12,13,14,16,17,18,19,20,21,35,37,38,39,40,41,42,43,57,58,61,62,80,103,104,126,127,128,133,154,171,212,213,217,234,236,238,239,255,256,257,258,259,260,261,277,278,279,280,281,282,283,284,286,288,300,301,302,303,304,307,308,313,322,323,324,325,330
478,478,67
10,11,12,13,14,15,16,17,18,19,20,21,32,33,34,35,37,38,39,41,42,43,56,57,61,62,125,126,133,154,160,161,165,166,212,217,218,234,238,239,241,256,257,258,260,261,277,278,279,280,281,282,283,286,288,300,301,302,303,304,305,315,322,323,324,326,330
419,419,63
10,11,12,13,14,15,16,17,18,19,20,21,33,34,35,37,38,39,42,43,56,61,62,105,126,133,154,161,165,200,217,234,235,238,239,241,256,257,258,259,260,277,278,279,280,281,282,283,288,290,300,301,302,303,304,305,310,313,322,323,324,326,327
299,299,60
11,12,13,14,16,17,20,21,32,33,34,35,37,38,57,61,125,126,132,134,154,160,161,165,167,199,217,235,238,239,240,242,256,257,258,259,260,261,278,279,281,282,283,288,290,291,300,301,302,303,304,305,306,311,322,323,324,325,326,327
314,314,56
13,15,17,20,35,36,38,101,122,123,126,127,128,144,145,165,210,211,212,234,237,238,239,240,241,255,256,258,259,260,261,262,263,264,279,280,281,282,283,284,285,300,301,302,303,304,305,306,308,312,323,324,325,326,329,330
369,369,56
125,126,128,133,135,140,144,147,157,158,159,160,161,162,165,166,167,169,170,173,185,186,187,188,191,192,194,210,211,212,213,216,217,232,234,235,245,256,259,261,262,278,280,281,282,283,284,286,288,304,308,311,325,326,327,330
416,416,54
22,125,144,147,159,160,161,162,164,165,166,167,169,170,173,183,185,186,188,191,192,193,194,211,212,216,217,233,234,235,239,245,256,260,261,262,273,276,278,281,282,283,284,286,303,304,305,306,308,312,324,325,326,327
513,513,49
22,135,144,147,158,160,161,164,166,167,169,170,185,186,187,192,193,211,212,216,217,218,234,238,239,240,245,256,259,261,262,264,278,281,282,283,284,286,303,304,305,306,308,311,312,324,325,326,327
112,112,47
16,22,61,144,147,157,160,162,165,166,167,169,170,184,185,186,211,216,217,218,233,234,238,239,240,245,260,261,262,263,278,281,282,283,284,285,286,303,304,305,306,308,324,325,326,327,328
270,270,47
16,22,61,144,147,148,165,166,167,169,170,185,186,187,188,192,193,216,217,239,240,245,261,262,263,264,278,279,281,282,283,284,285,286,303,304,305,306,307,308,312,324,325,326,327,328,330
485,485,42
16,22,42,61,143,144,145,147,160,162,166,169,170,186,187,188,238,239,259,261,262,263,278,279,281,282,283,284,285,286,303,304,305,306,307,308,324,325,326,327,328,330
8,8,44
20,22,42,61,62,86,143,144,145,147,160,161,166,170,186,188,237,240,256,259,261,262,263,264,278,279,281,282,283,284,285,286,303,304,305,306,307,308,324,325,326,327,328,330
323,323,47
16,19,20,22,40,42,61,62,86,143,144,147,160,162,165,166,169,170,184,188,237,245,261,262,263,264,278,279,281,282,283,284,285,286,303,304,305,306,307,308,324,325,326,327,328,329,330
520,520,47
4,5,16,40,41,42,56,61,62,147,148,149,150,160,161,170,172,173,174,175,176,187,196,197,198,210,211,212,220,256,261,263,282,283,284,285,286,303,304,305,306,307,308,327,328,329,330
329,329,60
15,16,17,18,19,20,21,32,33,37,38,40,41,42,55,56,57,62,63,64,84,121,144,145,147,148,160,161,162,165,166,167,168,169,170,172,173,184,185,187,188,189,195,196,210,211,212,219,234,238,239,240,256,257,262,266,286,308,328,329
486,486,61
11,15,16,17,18,19,20,21,22,32,33,35,40,41,42,56,57,58,60,62,63,64,84,86,121,143,144,145,146,147,148,149,161,166,168,169,172,173,184,185,188,189,192,195,196,198,210,211,212,218,219,234,238,257,258,264,286,306,308,328,329
113,113,67
9,10,11,12,15,16,17,18,19,20,21,22,32,33,34,35,38,41,42,43,56,57,60,62,63,64,83,84,85,122,144,145,146,147,148,149,165,166,167,168,169,170,171,173,185,188,189,190,191,195,196,211,212,218,219,234,238,258,264,266,267,280,288,308,328,329,330
431,431,70
9,10,11,12,13,15,16,17,18,19,20,21,22,32,33,34,35,41,42,43,56,57,60,62,63,64,83,84,85,86,123,124,143,144,145,146,147,148,149,165,166,167,168,169,170,172,173,183,185,188,189,190,195,196,211,212,218,219,220,232,234,238,244,256,258,286,308,328,329,330
240,240,72
5,10,11,12,15,16,17,18,19,20,21,22,32,33,34,41,42,55,56,57,60,61,62,63,64,78,82,83,84,85,102,124,125,126,144,145,146,147,148,149,153,165,166,167,168,169,170,171,172,173,176,188,189,190,195,196,211,212,218,219,234,235,238,256,257,258,266,286,288,308,329,330
248,248,78
2,3,5,9,11,15,16,17,18,19,20,21,22,26,32,33,34,35,41,42,55,56,57,58,60,61,62,63,64,82,83,84,85,103,104,122,124,125,126,130,143,144,145,146,147,148,149,160,165,166,167,168,169,170,172,173,176,188,189,190,195,196,210,211,212,213,219,233,234,235,238,259,289,308,311,313,329,330
413,413,80
6,9,10,11,15,16,17,18,19,20,21,22,32,33,34,41,42,43,44,54,55,56,57,58,60,61,62,63,64,77,82,83,84,85,86,99,100,101,107,122,123,124,125,126,127,130,144,145,146,147,148,166,167,168,169,170,171,172,174,175,176,187,188,189,190,191,194,195,198,210,211,212,213,218,219,234,235,238,308,330
402,402,86
3,4,6,7,8,9,10,15,17,18,19,20,21,22,26,32,33,34,42,43,44,56,57,60,61,62,63,64,66,82,83,84,85,86,99,122,123,124,125,127,144,145,146,147,148,150,151,152,165,166,167,168,169,170,172,173,174,175,176,188,189,190,195,196,197,198,210,211,212,213,217,218,219,220,234,235,242,257,258,259,278,279,281,286,289,330
127,127,82
2,5,6,7,8,9,10,11,12,16,17,18,19,20,21,22,26,27,28,29,30,31,32,33,34,40,41,42,43,44,48,49,50,51,52,53,54,61,62,63,64,65,71,72,73,74,84,85,86,96,108,124,125,144,146,147,148,149,166,168,169,170,171,172,173,192,193,194,196,211,212,213,217,218,237,239,240,241,242,258,263,264
344,344,96
7,8,9,10,11,12,13,15,16,17,18,19,20,21,22,30,32,33,34,36,37,38,39,40,41,42,43,44,54,55,56,60,61,62,63,64,65,66,83,84,85,86,87,88,108,109,110,125,129,130,131,132,146,147,151,152,153,154,167,168,169,170,171,172,175,176,191,192,193,195,196,197,198,211,212,213,217,218,219,220,235,237,239,240,241,242,258,259,262,263,264,284,285,286,308,309
363,363,101
9,11,13,15,16,17,18,19,20,21,22,33,35,36,37,38,39,40,41,42,43,44,59,60,61,62,63,64,65,66,77,82,83,84,85,86,87,88,105,106,107,108,109,110,127,128,129,130,131,132,148,149,150,151,152,153,154,166,168,172,173,174,175,176,192,193,194,195,196,197,198,212,214,215,216,217,218,219,220,233,236,237,238,239,240,241,242,259,260,261,262,263,264,283,284,285,286,306,307,308,330
323,323,109
11,12,13,14,15,16,17,18,19,20,21,22,35,36,37,38,39,40,41,42,43,44,57,58,59,60,61,62,63,64,65,66,79,80,81,82,83,84,85,86,87,88,104,105,106,107,108,109,110,127,128,129,130,131,132,149,150,151,152,153,154,169,170,171,172,173,174,175,176,191,192,193,194,195,196,197,198,211,212,215,216,217,218,219,220,221,237,238,239,240,241,242,259,260,261,262,263,264,282,283,284,285,286,304,306,307,308,329,330
395,395,120
12,13,14,15,16,17,18,19,20,21,22,33,34,35,36,37,38,39,40,41,42,43,44,57,58,59,60,61,62,63,64,65,66,79,80,81,82,83,84,85,86,87,88,102,103,104,105,106,107,108,109,110,123,124,125,130,131,132,145,147,148,149,153,154,167,168,169,170,171,172,173,176,189,190,191,192,193,194,195,196,197,198,211,212,213,214,215,216,217,218,219,220,236,237,238,239,240,241,242,258,259,260,261,262,263,264,265,282,283,284,285,286,304,305,306,307,308,328,329,330
236,236,134
11,14,15,16,17,18,19,36,37,38,39,40,41,42,58,59,60,61,62,63,64,76,77,78,79,81,82,85,86,97,99,100,101,102,118,119,120,121,122,123,124,141,142,143,144,145,146,147,148,149,162,163,164,165,166,167,168,169,170,171,172,185,186,187,188,189,190,191,192,193,194,195,196,209,210,211,212,213,214,215,216,217,218,231,232,233,234,235,236,237,238,239,240,241,254,255,256,257,258,259,260,261,262,263,264,277,278,279,280,281,282,283,284,285,286,300,301,302,303,304,305,306,307,308,309,322,323,324,325,326,327,328,329,330
530,530,128
1,2,19,23,25,45,67,68,76,77,89,90,91,92,93,95,111,112,113,114,115,116,117,120,121,122,134,135,136,137,138,139,140,141,142,143,144,145,147,158,159,160,161,162,163,164,165,166,167,168,170,180,181,182,183,184,185,186,187,188,189,190,204,205,206,207,208,209,210,211,212,213,223,224,225,227,228,229,230,232,233,234,235,236,246,247,248,249,250,251,252,253,254,255,256,257,267,268,271,272,273,274,275,276,277,278,279,292,293,294,295,296,297,298,299,300,301,314,315,316,317,318,319,320,321,322,323,324
247,247,93
1,45,46,67,68,89,90,91,111,112,113,133,134,135,136,137,150,155,156,157,158,159,160,161,162,177,178,179,180,181,182,183,184,185,186,199,200,201,202,203,204,205,206,207,221,222,223,224,225,226,227,228,229,243,244,245,246,247,248,249,250,251,252,265,266,267,268,269,270,271,272,273,274,287,288,289,290,291,292,293,294,295,296,309,310,311,312,313,314,315,316,317,318
362,362,68
1,67,89,111,133,134,155,156,157,158,160,161,162,177,178,179,180,182,183,184,185,199,200,201,202,204,205,206,207,221,222,223,224,225,229,243,244,245,246,247,248,249,250,265,266,267,268,269,270,271,272,287,288,289,290,291,292,293,294,295,296,309,310,311,312,313,314,315
257,257,39
21,41,43,63,64,65,66,76,86,87,133,147,155,160,164,169,170,185,199,221,222,243,244,245,265,266,267,268,279,287,288,289,290,295,309,310,311,312,313
477,477,25
2,20,21,62,63,65,74,76,85,86,87,99,100,101,111,123,133,155,215,235,245,262,263,279,295
16,16,14
2,20,21,41,63,65,76,86,87,99,100,133,155,279
26,26,6
63,100,133,155,217,279
76,76,1
63
359,359,1
133
165,165,4
94,177,205,230
498,498,7
1,15,92,136,170,177,230
403,403,9
17,23,47,92,107,115,136,180,230
33,33,21
1,46,92,93,94,114,115,116,117,135,136,137,177,180,229,248,277,309,325,328,329
219,219,10
1,2,46,47,69,93,94,114,116,117
108,108,13
1,2,23,25,45,46,47,93,115,116,117,228,253
371,371,13
1,2,23,45,46,47,67,69,93,115,116,117,249
263,263,20
1,8,23,24,45,46,47,67,68,69,91,93,113,114,115,117,131,135,136,329
521,521,20
1,2,24,45,46,47,48,67,68,69,90,92,93,113,114,115,116,117,135,253
15,15,16
1,23,45,47,67,69,76,90,91,92,93,113,114,115,135,252
391,391,22
1,2,23,24,45,46,47,67,68,69,89,91,92,93,113,114,115,116,117,135,252,253
431,431,22
1,2,24,25,45,46,47,67,68,90,91,92,93,94,113,114,115,116,178,227,252,253
60,60,31
1,2,23,24,45,46,47,68,69,70,91,92,93,94,112,113,114,115,116,117,135,136,179,200,201,227,228,234,249,252,253
9,9,32
1,2,23,24,26,45,46,47,48,49,67,68,70,71,89,90,91,92,93,94,112,113,114,115,117,136,155,179,200,201,249,252
173,173,2
46,47
286,286,49
88,110,132,154,173,174,175,176,195,196,197,198,218,219,220,238,239,240,241,242,261,262,263,264,279,281,282,283,284,285,286,300,301,302,303,304,305,306,307,308,322,323,324,325,326,327,328,329,330
22,22,104
16,17,18,19,20,21,22,39,40,41,42,43,44,62,63,64,65,66,85,86,87,88,107,108,109,110,124,126,128,130,131,132,145,146,147,148,149,166,167,168,169,170,171,188,189,190,191,192,194,210,211,212,213,214,215,232,233,234,235,236,237,238,253,254,255,256,257,258,259,260,275,276,277,278,279,280,281,282,283,295,296,297,298,299,300,301,302,303,304,305,314,315,316,317,318,319,320,321,322,323,324,325,326,327
525,525,138
14,15,16,17,18,19,20,38,39,41,52,72,73,74,75,76,86,94,95,96,97,98,115,116,117,118,119,120,121,122,123,137,138,139,140,141,142,143,144,145,146,147,158,159,160,161,162,163,164,165,166,167,168,178,179,180,181,182,183,184,185,186,187,188,189,190,200,201,202,203,204,205,206,207,208,209,210,211,212,213,221,222,223,224,225,226,227,228,229,230,231,232,233,234,243,244,245,246,247,248,249,250,251,252,253,254,255,265,266,267,268,269,270,271,272,273,274,275,276,287,288,289,290,291,292,293,294,295,296,309,310,311,312,313,314,315,316,317
236,236,127
1,2,3,4,5,6,7,8,9,11,23,24,25,26,27,28,29,30,31,34,45,46,47,48,49,50,51,52,53,67,68,69,70,71,72,73,74,75,89,90,91,92,93,94,95,96,97,111,112,113,114,115,116,117,118,119,120,121,133,134,135,136,137,138,139,140,141,142,155,156,157,158,159,160,161,162,163,164,177,178,179,180,181,182,183,184,185,186,199,200,201,202,203,204,205,206,221,222,223,224,225,226,227,228,243,244,245,246,247,248,249,265,266,267,268,269,270,287,288,289,290,291,309,310,311,312,313
372,372,114
1,2,3,4,5,6,7,8,9,10,23,24,25,26,27,28,29,30,31,33,34,45,46,47,48,49,50,51,52,53,67,68,69,70,71,72,73,74,75,89,90,91,92,93,94,95,96,97,111,112,113,114,115,116,117,118,119,120,133,134,135,136,137,138,139,140,141,142,143,155,156,157,158,159,160,161,162,163,177,178,179,180,181,182,183,184,199,200,201,202,203,204,205,221,222,223,224,225,243,244,245,246,247,248,265,266,267,268,287,288,289,290,309,310
368,368,108
1,2,3,4,5,6,7,8,9,10,12,13,14,15,16,17,20,23,24,25,26,27,28,29,30,31,32,34,35,45,46,47,48,49,50,51,52,66,67,68,69,70,71,72,73,74,89,90,91,92,93,94,95,96,98,111,112,113,114,115,116,117,119,120,122,133,134,135,136,137,138,139,140,141,155,156,157,158,159,160,161,177,178,179,180,181,182,199,200,201,202,203,205,221,222,223,225,226,243,244,245,265,266,287,288,289,309,310
345,345,102
1,2,3,4,5,6,7,8,9,12,14,15,19,20,21,22,23,24,25,26,27,28,29,30,31,33,34,35,36,37,43,44,45,46,47,48,49,50,54,55,56,57,58,65,66,67,68,69,70,71,72,73,74,75,76,78,88,89,90,91,92,93,94,96,97,98,99,100,111,112,113,114,115,119,120,121,122,133,134,135,136,137,141,143,155,156,157,158,159,162,163,165,166,170,177,178,199,200,221,223,225,278
11,11,100
1,2,3,4,5,6,7,8,9,10,11,12,13,14,15,16,17,18,19,20,21,22,23,24,25,28,30,31,32,33,34,36,38,39,43,44,45,46,50,51,52,53,54,55,56,58,62,65,66,67,68,72,73,75,76,78,79,86,87,89,90,91,97,98,99,100,101,111,113,114,115,116,117,119,121,122,123,133,134,135,136,137,138,144,145,155,156,157,158,160,162,165,166,167,177,190,191,192,200,221
70,70,93
1,2,3,4,5,6,7,8,9,10,11,12,14,15,16,17,18,19,20,21,22,23,24,25,26,28,29,30,31,32,33,34,36,37,38,39,40,41,42,43,44,45,47,48,53,54,56,60,62,63,64,65,66,67,70,73,74,75,79,80,82,83,84,86,87,88,98,100,101,105,108,109,111,122,123,124,133,134,135,136,144,145,146,148,155,167,168,169,190,191,192,212,215
247,247,91
8,14,15,16,17,18,19,20,21,22,24,25,30,31,32,33,37,38,39,40,41,42,43,44,47,55,59,60,61,62,63,65,66,67,75,77,78,79,80,81,82,85,86,87,88,99,101,102,104,107,108,109,121,122,123,124,125,127,130,131,132,133,143,144,145,146,147,148,150,152,154,166,167,168,169,170,171,172,176,190,191,192,193,194,212,214,215,216,217,219,239
81,81,89
8,11,14,15,16,17,18,19,20,21,22,23,30,31,32,33,35,36,37,38,39,41,42,43,44,48,52,55,56,57,58,59,60,61,62,63,64,65,66,77,78,79,81,83,86,87,88,98,99,100,102,103,104,105,121,122,123,124,125,126,127,128,130,131,144,145,146,147,148,149,152,154,167,168,169,170,171,176,190,191,192,194,215,216,218,238,239,282,283
23,23,86
13,14,15,16,17,18,19,20,21,22,30,32,33,34,35,36,37,38,39,41,42,43,44,51,55,56,57,60,61,62,63,65,66,78,79,81,83,84,85,86,87,88,99,101,103,104,105,107,108,121,122,123,124,125,127,131,132,133,144,145,146,147,148,149,150,167,169,170,171,172,190,191,192,193,194,195,212,215,216,218,239,240,241,263,283,284
87,87,86
10,11,14,15,16,17,18,19,20,21,22,32,37,38,39,40,41,42,43,44,51,53,55,56,57,60,61,62,63,64,65,66,73,77,78,79,82,83,84,85,86,87,99,100,101,104,105,107,108,121,122,123,124,125,126,131,144,145,146,147,148,149,153,167,169,170,171,172,190,191,192,193,194,195,198,215,216,218,238,239,240,263,264,283,284,286
249,249,85
10,11,14,15,16,17,18,19,20,21,22,28,34,38,39,40,41,42,43,44,51,55,56,58,59,61,62,63,64,65,66,76,78,79,83,84,85,86,87,99,100,101,104,105,108,121,122,123,124,125,126,133,144,145,146,147,148,149,152,154,167,168,169,170,171,172,190,191,192,193,195,198,214,215,216,218,238,239,240,262,263,283,284,286,305
88,88,83
11,14,15,16,17,18,19,20,21,22,31,32,36,38,39,40,41,42,44,60,61,62,63,65,66,79,80,81,82,83,84,85,86,87,99,100,101,102,104,105,107,122,123,124,125,126,132,144,145,146,147,149,154,167,168,169,170,171,172,176,190,191,193,194,195,212,215,216,217,218,219,235,238,239,240,262,263,264,282,283,284,285,286
331,331,76
6,7,8,9,10,11,12,14,15,22,29,30,31,32,33,34,35,36,37,38,44,52,53,54,55,57,58,59,60,66,74,76,78,79,80,81,82,83,84,88,100,101,102,103,104,105,110,121,122,123,124,125,126,127,128,144,145,146,147,148,149,150,151,167,168,169,170,174,190,191,192,216,220,238,264,286
486,486,78
15,16,17,19,20,21,22,40,41,42,43,44,62,63,64,79,80,84,86,87,88,99,100,101,102,103,105,110,121,122,123,124,125,126,127,145,146,147,148,149,155,168,169,170,171,172,177,190,191,192,193,199,213,215,216,217,218,235,238,239,259,261,262,264,281,282,283,284,285,286,304,305,306,307,308,328,329,330
479,479,76
15,17,18,19,20,21,22,41,42,44,57,64,78,79,80,84,86,88,99,100,101,102,103,104,109,110,122,123,124,125,126,127,145,146,147,148,149,155,168,169,170,171,172,177,191,192,193,195,199,211,213,215,216,217,218,235,238,239,240,241,262,263,264,281,282,283,284,285,286,305,306,307,308,328,329,330
66,66,74
15,16,17,18,19,20,21,22,41,42,56,79,80,99,100,101,102,103,122,123,124,125,126,127,145,146,147,148,149,154,155,168,169,170,171,172,177,191,192,193,194,199,200,212,213,215,216,217,218,234,235,237,238,239,240,241,261,262,263,264,281,282,283,284,285,286,304,305,306,307,308,328,329,330
311,311,73
14,15,16,18,19,20,21,22,56,57,78,79,80,99,100,101,102,103,104,122,123,124,125,126,127,145,146,147,148,149,154,155,168,169,170,171,177,191,192,193,194,199,211,212,213,214,215,216,217,218,221,234,235,238,239,240,261,262,263,264,281,282,283,284,285,286,305,306,307,308,328,329,330
537,537,70
15,16,17,18,19,20,22,36,56,57,78,79,80,100,101,102,103,104,121,122,123,124,125,126,127,146,147,148,149,155,168,169,170,171,172,177,191,192,193,194,199,200,211,212,215,216,217,218,235,238,239,240,241,261,262,263,281,282,283,284,285,286,304,305,306,307,308,328,329,330
135,135,70
15,16,17,20,22,56,78,79,80,100,101,102,103,104,123,124,125,126,127,146,147,148,149,155,168,169,170,171,172,177,191,192,193,194,199,200,201,211,212,213,214,215,216,217,221,234,235,237,238,239,240,259,261,262,263,264,281,282,283,284,285,286,301,305,306,307,308,328,329,330
56,56,66
17,56,57,78,79,80,81,100,101,102,103,104,123,124,125,126,127,146,147,148,149,155,161,168,169,170,171,172,177,191,192,193,194,199,200,210,211,212,213,214,215,216,217,234,235,238,239,240,261,262,263,264,281,282,283,284,285,286,304,305,306,307,308,328,329,330
231,231,65
56,58,78,79,80,100,101,102,103,104,123,124,125,126,127,146,147,148,149,155,168,169,170,171,172,177,191,192,193,194,195,199,200,210,211,212,213,214,215,216,217,235,236,238,239,240,258,259,261,262,263,264,281,282,283,284,285,286,305,306,307,308,328,329,330
469,469,65
10,14,15,22,34,35,36,37,43,44,57,65,66,87,100,101,102,103,110,123,124,125,126,127,132,146,147,148,149,150,154,155,168,169,170,171,172,177,192,193,194,199,200,211,214,215,216,217,237,238,240,261,262,263,264,281,282,283,284,286,305,306,307,328,329
521,521,60
111,126,127,133,134,146,147,148,149,155,156,157,170,171,172,177,178,179,185,188,189,193,194,199,200,201,210,211,212,216,217,218,221,222,233,236,237,238,239,240,244,257,258,259,261,262,263,264,278,283,284,285,286,305,306,307,308,328,329,330
10,10,58
101,111,126,127,133,134,147,148,149,150,155,156,157,158,170,171,172,177,178,179,185,188,189,193,194,199,200,201,210,211,212,216,217,218,221,222,236,237,238,239,240,241,259,261,262,263,264,282,283,284,285,286,306,307,308,328,329,330
478,478,59
56,110,111,112,124,126,127,133,134,135,147,148,149,150,155,156,157,158,166,170,171,172,177,178,179,188,189,193,194,199,200,201,210,211,212,216,217,218,221,222,236,238,239,240,241,261,262,263,264,282,283,284,285,286,306,307,308,329,330
450,450,57
56,101,111,124,126,127,133,134,148,149,150,155,156,157,166,170,171,172,177,178,179,188,189,190,193,194,199,200,201,211,212,216,217,218,221,222,232,238,239,240,241,242,259,261,262,263,264,282,283,284,285,286,307,308,328,329,330
454,454,58
56,99,101,111,122,126,127,133,134,135,148,149,150,155,156,157,158,166,170,171,172,177,178,179,180,188,189,193,194,199,200,201,211,216,217,218,221,222,238,239,240,241,244,259,260,261,262,263,264,282,283,284,285,286,306,307,308,330
468,468,55
111,122,126,127,133,134,148,149,150,156,157,170,171,172,177,179,188,189,190,192,193,194,199,200,201,212,213,216,217,218,221,222,232,238,239,240,241,242,243,244,259,261,262,263,264,282,283,284,285,286,306,307,308,328,330
459,459,56
41,99,101,122,126,127,133,134,135,148,149,150,156,157,158,165,170,171,172,177,178,179,180,188,190,193,194,199,200,201,213,215,217,218,221,222,234,236,238,239,240,241,242,243,261,262,263,264,282,283,284,285,286,307,308,330
459,459,57
11,21,44,56,99,101,102,122,123,126,127,133,134,148,149,156,157,170,171,172,177,178,179,180,188,190,193,194,199,200,201,218,219,221,222,238,239,240,241,242,243,244,259,260,261,262,263,264,282,284,285,286,307,308,328,329,330
481,481,48
44,60,61,66,83,88,110,126,127,133,134,155,156,157,158,168,170,172,177,178,179,180,194,195,199,200,201,202,211,212,215,218,221,222,239,240,261,262,263,282,284,285,286,306,307,308,309,330
450,450,57
19,20,22,43,66,100,122,133,134,136,137,150,155,157,158,159,161,162,177,178,179,180,181,182,184,196,199,200,201,202,203,204,205,206,211,218,221,222,223,226,239,240,241,242,243,261,262,263,264,283,284,285,286,308,309,310,330
344,344,60
19,22,56,66,100,101,123,133,134,135,136,137,150,155,156,157,158,159,160,162,177,178,179,180,181,182,183,184,190,196,199,200,201,202,203,204,205,206,218,219,221,222,223,225,239,240,241,242,243,261,262,263,264,285,286,307,308,309,310,330
416,416,65
19,20,56,66,100,101,113,114,122,124,133,134,135,136,137,150,155,156,157,158,159,160,177,178,179,180,181,182,183,184,185,190,196,199,200,201,202,203,204,205,206,218,221,222,223,224,225,226,239,240,241,242,243,261,262,263,264,284,285,286,307,308,309,310,330
20,20,66
8,19,20,56,77,79,101,124,133,134,135,136,137,150,155,156,157,158,159,160,169,177,178,179,180,181,182,184,185,196,199,200,201,202,203,204,206,211,216,218,219,221,222,223,224,225,226,239,240,241,242,243,244,260,261,262,263,264,282,283,285,286,308,309,310,330
320,320,68
15,18,34,55,56,79,84,101,113,124,127,133,134,135,136,137,138,150,155,156,157,158,159,160,161,164,173,177,178,179,180,181,182,183,184,185,196,199,200,201,202,203,204,205,218,219,221,222,223,224,239,240,241,242,243,244,261,262,263,264,284,285,286,307,308,309,310,330
309,309,74
11,18,19,20,56,79,80,100,101,102,103,122,123,124,125,126,127,128,133,134,135,136,137,150,155,156,157,158,159,160,161,173,174,177,178,179,180,181,182,183,184,186,196,199,200,201,202,204,206,211,218,219,221,222,223,225,239,240,241,242,243,261,262,263,264,284,285,286,307,308,309,310,329,330
344,344,77
16,17,18,19,20,22,40,56,57,79,80,84,85,86,88,100,101,102,103,104,107,122,124,126,127,128,133,134,135,136,137,150,155,156,157,158,159,160,161,162,173,176,177,178,179,180,181,182,183,185,196,199,200,201,202,211,218,219,221,222,223,224,239,240,241,242,243,261,262,263,264,284,285,286,308,309,330
313,313,81
11,16,18,19,20,22,40,41,42,57,66,77,79,80,81,84,85,86,87,88,100,101,102,103,104,107,123,124,125,126,127,133,135,137,150,153,154,155,156,157,158,159,160,161,173,176,178,179,180,181,182,183,185,195,196,199,200,201,202,204,211,218,219,221,222,223,239,240,241,261,262,263,264,284,285,286,287,308,309,329,330
362,362,79
16,17,20,21,22,39,40,41,43,44,57,62,63,65,66,78,79,84,85,87,88,101,106,107,124,134,135,136,137,138,157,158,159,160,161,162,169,178,179,180,181,182,183,199,200,201,202,203,204,205,206,212,221,222,223,224,225,226,238,241,243,244,245,260,262,265,266,267,283,285,286,287,288,289,308,309,310,311,312
310,310,97
14,15,16,17,18,19,20,21,22,35,37,38,39,40,41,42,43,44,57,59,60,61,62,63,64,65,66,77,80,82,83,84,85,86,87,88,102,103,104,105,106,107,108,109,110,124,125,126,127,128,129,130,131,132,137,147,148,149,150,151,153,154,157,158,159,160,161,172,173,174,175,176,181,182,194,195,196,197,198,200,218,220,222,224,238,239,240,241,242,261,262,263,264,285,286,308,330
384,384,104
15,16,17,18,19,20,21,22,33,36,37,38,39,40,41,42,43,44,56,57,58,59,60,61,62,63,64,65,66,78,79,80,81,82,83,84,85,86,87,88,101,102,103,104,105,106,107,108,109,110,125,126,127,128,129,130,131,132,146,147,148,149,151,152,153,154,169,172,173,174,175,176,191,193,194,195,196,197,198,211,217,218,219,220,238,239,240,241,242,247,260,261,262,263,264,278,284,285,286,306,307,308,329,330
514,514,110
11,12,13,14,15,16,17,18,19,20,21,22,33,34,35,36,37,38,39,40,41,42,43,44,56,57,58,59,60,61,62,63,64,65,66,79,80,81,82,83,84,85,86,87,88,102,103,104,105,106,107,108,109,110,124,125,126,127,128,129,130,131,132,147,148,149,150,151,152,153,154,169,170,171,172,173,174,175,176,192,194,195,196,197,198,216,217,218,219,220,238,239,240,241,242,260,261,262,263,264,283,284,285,286,305,306,307,308,329,330
376,376,119
10,11,12,13,14,15,16,17,18,19,20,21,22,32,33,34,35,36,37,38,39,40,41,42,43,44,55,56,57,58,59,60,61,62,63,64,65,66,78,79,80,81,82,83,84,85,86,87,88,100,101,102,103,104,105,106,107,108,109,110,124,125,126,127,128,129,130,132,146,147,148,149,150,151,152,170,171,172,173,174,175,176,192,193,194,195,196,197,213,214,215,216,217,218,219,220,237,238,239,240,241,242,260,261,262,263,264,282,283,284,285,286,305,306,307,308,328,329,330
525,525,133
6,8,9,10,11,12,13,14,15,16,17,18,29,30,31,32,33,34,35,36,37,38,39,52,53,54,55,56,57,58,59,60,61,62,74,75,76,77,78,79,80,81,82,97,98,99,100,101,102,103,104,120,121,122,123,124,125,126,127,143,144,145,146,147,148,149,163,164,165,166,167,168,169,170,187,188,189,190,191,192,193,210,211,212,213,214,215,216,220,234,235,236,237,238,239,240,241,255,256,257,258,259,260,261,262,263,264,277,278,279,280,281,282,283,284,285,286,300,301,302,303,304,305,306,307,308,324,325,326,327,328,329,330
242,242,127
2,3,7,8,10,11,23,24,25,26,29,30,46,47,54,55,56,68,69,70,71,72,73,75,91,92,93,94,95,96,97,98,99,113,115,116,117,118,119,120,121,137,139,140,141,142,143,159,160,161,162,163,164,165,166,181,182,183,184,185,186,187,188,189,190,191,204,205,206,207,208,209,210,211,212,213,227,228,229,230,231,232,233,234,235,236,247,250,251,252,253,254,255,256,257,258,270,271,272,273,274,275,276,277,278,279,280,281,292,293,294,295,296,297,298,299,300,301,302,315,316,317,318,319,320,321,322
251,251,91
70,89,90,92,93,111,112,113,114,115,116,133,134,135,136,137,138,155,156,157,158,159,160,161,162,163,177,178,179,180,181,182,183,184,185,199,200,201,202,203,204,205,206,207,221,222,223,224,225,226,227,228,229,243,244,245,246,247,248,249,250,265,266,267,268,269,270,271,272,273,275,287,288,289,290,291,292,293,294,295,296,309,310,311,312,313,314,315,316,317,318
344,344,64
70,92,111,112,113,114,115,133,134,135,136,137,155,156,157,158,159,160,161,162,177,178,179,180,181,182,184,199,200,201,202,203,204,206,215,221,222,223,224,225,228,229,243,244,245,246,250,265,266,267,268,269,287,288,289,290,291,292,309,310,311,312,313,314
167,167,31
133,134,155,156,157,160,161,179,182,199,200,201,221,222,223,224,243,244,245,265,266,267,287,288,289,290,309,310,311,312,313
147,147,15
157,160,199,222,223,225,243,244,247,265,266,309,310,312,313
142,142,9
157,158,223,224,247,265,266,312,313
476,476,4
157,158,244,265
527,527,2
87,154
537,537,5
6,85,87,131,153
367,367,3
86,106,130
30,30,7
6,86,106,108,109,130,238
470,470,5
6,63,86,106,130
379,379,29
4,6,14,15,25,26,28,30,34,56,58,64,65,71,79,84,86,87,107,109,127,128,129,130,131,150,152,153,176
442,442,30
2,4,15,26,31,34,35,40,48,50,51,53,56,62,63,76,79,80,87,105,109,127,128,129,130,131,132,152,153,174
91,91,27
15,24,26,30,33,34,40,43,53,62,64,65,76,79,80,107,108,109,110,130,131,132,149,150,153,175,195
86,86,27
3,15,24,27,30,32,34,35,40,43,51,52,53,54,56,62,76,79,80,83,108,109,110,128,130,150,195
77,77,23
3,15,27,31,34,35,40,51,53,54,62,76,80,83,106,129,130,149,150,153,176,196,220
471,471,34
2,7,8,15,24,26,32,35,40,43,54,55,56,58,63,75,76,79,80,83,84,104,106,108,128,129,130,149,151,153,173,195,196,220
172,172,33
2,16,24,25,26,28,30,31,32,35,40,51,53,55,56,63,75,76,77,78,80,83,84,105,106,129,149,151,153,172,173,174,195
284,284,44
1,2,5,7,15,16,24,26,28,29,30,31,32,33,35,51,53,54,55,56,58,63,75,76,77,79,80,83,84,105,106,107,127,128,129,150,151,152,172,173,174,195,198,300
398,398,48
4,5,6,8,13,15,24,25,26,27,28,29,30,31,32,34,35,52,53,54,55,56,62,75,76,77,78,79,80,81,84,106,107,127,128,129,150,151,152,153,172,173,174,176,195,219,242,303
357,357,49
6,9,15,16,19,24,26,27,28,29,30,31,32,35,36,43,51,52,53,54,55,58,62,75,76,77,78,79,83,84,88,98,105,106,107,109,110,127,128,129,130,131,150,151,152,154,174,226,242
332,332,70
1,4,6,7,12,13,15,19,23,24,25,26,27,28,29,30,31,32,34,35,37,41,48,51,52,53,54,55,56,58,62,64,75,76,77,79,80,82,84,85,97,98,101,102,103,105,106,107,109,110,119,125,127,128,129,130,131,132,149,150,151,152,154,174,176,193,196,219,241,242
488,488,32
4,6,12,15,24,27,30,31,33,34,35,48,51,52,53,63,75,76,77,79,81,85,99,102,106,107,108,109,127,128,129,151
561,561,45
176,195,196,197,198,216,217,218,219,220,237,238,239,240,241,242,259,260,261,262,263,264,281,282,283,284,285,286,301,302,303,304,305,306,307,308,322,323,324,325,326,327,328,329,330
260,260,105
21,22,42,43,44,65,66,85,88,104,105,106,107,108,109,110,125,126,127,128,129,130,131,132,146,148,149,150,151,152,153,154,168,169,170,171,172,173,174,175,176,186,189,190,191,192,193,194,195,196,197,208,209,211,212,213,214,215,216,217,218,219,220,232,233,234,235,236,237,238,239,242,254,255,256,257,258,259,260,261,262,276,277,278,279,280,281,282,283,284,297,298,299,300,301,302,303,304,317,318,319,320,321,322,323
531,531,141
1,9,10,11,12,13,14,15,16,17,18,19,20,21,31,32,33,34,35,36,37,38,39,40,41,42,43,53,54,55,56,57,58,59,60,61,64,74,76,77,78,79,80,81,82,84,86,97,98,99,100,101,102,103,104,120,121,122,123,124,125,133,138,139,140,141,143,144,145,146,147,148,155,156,157,158,159,160,161,162,163,164,165,166,167,168,169,177,178,179,180,181,182,183,184,185,186,187,190,199,200,201,202,203,204,205,206,207,208,209,221,222,223,224,225,226,227,228,229,230,231,232,233,243,244,245,246,247,250,253,255,265,267,268,275,287,288,290,297,309,311
252,252,128
1,2,3,4,5,6,7,8,9,10,11,12,13,14,15,23,24,25,26,27,28,29,30,31,32,33,34,35,36,45,46,47,48,49,50,51,52,53,54,55,56,57,67,68,69,70,71,72,73,74,75,76,77,78,89,90,91,92,93,94,95,96,97,98,99,100,111,112,113,114,115,116,117,118,119,120,133,134,135,136,137,138,139,140,155,156,157,158,159,160,161,162,163,177,178,179,180,181,182,183,184,185,199,200,201,202,203,204,205,206,207,221,222,223,224,225,226,243,244,245,246,265,266,267,287,289,309,310
260,260,115
1,2,3,4,5,6,7,8,9,10,11,12,23,24,25,26,27,28,29,30,31,32,33,45,46,47,48,49,50,51,52,53,54,55,67,68,69,70,71,72,73,74,75,76,77,89,90,91,92,93,94,95,96,97,98,111,112,113,114,115,116,117,118,119,133,134,135,136,137,138,139,140,141,155,156,157,158,159,160,161,162,163,177,178,179,180,181,182,183,185,199,200,201,202,203,204,221,222,223,224,225,243,244,245,246,247,265,266,267,268,287,288,309,310,327
269,269,107
1,2,3,4,5,6,7,8,9,10,11,12,23,24,25,26,27,28,29,30,31,32,45,46,47,48,49,50,51,52,53,54,55,67,68,69,70,71,72,73,74,76,89,90,91,92,93,94,95,111,112,113,114,115,116,117,133,134,135,136,137,138,139,155,156,157,158,159,160,161,162,177,178,179,180,181,182,183,185,199,200,201,202,203,205,207,208,221,222,223,224,225,226,243,244,245,246,247,265,266,267,268,287,288,309,310,311
86,86,99
1,2,3,4,5,6,8,23,24,25,26,28,45,46,47,49,67,68,69,70,71,89,90,91,92,93,94,111,112,113,114,115,116,133,134,135,137,155,156,157,158,159,160,161,162,163,165,166,177,178,180,181,182,183,184,188,199,200,201,202,204,205,206,207,221,223,224,226,227,228,229,244,245,246,247,248,249,250,265,266,267,268,269,270,271,272,273,287,288,289,290,291,292,293,294,309,310,311,312
86,86,94
1,2,3,4,23,24,30,46,47,67,68,69,70,89,90,92,93,94,95,111,112,113,114,115,116,117,133,134,135,136,137,138,139,155,156,157,158,159,160,162,163,164,177,178,179,180,181,182,199,200,201,202,203,204,207,221,222,223,224,225,226,227,243,244,245,246,247,252,265,267,268,269,270,271,272,273,274,287,288,289,290,291,292,293,294,295,309,310,311,312,313,314,315,316
364,364,88
1,2,3,4,8,9,14,23,25,30,47,67,68,69,89,90,92,111,112,133,134,135,136,155,156,157,158,159,160,163,166,177,178,179,180,181,182,188,199,200,201,203,204,208,221,222,223,224,225,226,227,243,244,245,246,247,250,251,252,253,265,266,267,268,269,270,271,272,273,274,275,287,289,290,291,292,293,294,295,296,310,311,312,313,314,315,316,317
229,229,86
1,8,17,23,30,45,67,88,89,90,108,109,133,155,156,157,158,159,162,165,166,177,178,179,180,181,182,183,188,199,200,201,202,203,204,208,209,221,222,223,224,225,226,230,231,243,244,245,246,247,248,249,251,252,253,265,266,267,268,269,270,271,272,273,274,275,287,288,289,290,291,292,293,294,295,296,309,310,311,312,313,314,315,316,317,318
477,477,83
1,64,74,87,88,108,133,134,135,155,156,157,158,159,160,161,162,163,165,166,177,178,179,180,181,182,183,186,188,199,200,201,202,203,204,209,221,222,223,224,225,226,227,228,230,243,244,245,246,247,248,249,251,252,253,265,266,267,268,269,270,271,273,274,275,287,288,289,290,291,292,293,294,295,296,310,311,312,313,314,315,316,318
294,294,78
23,88,108,110,133,134,135,155,156,157,158,159,160,161,162,166,177,178,179,180,181,182,186,199,200,201,202,203,204,208,209,221,222,223,224,225,226,230,231,243,244,245,246,247,248,249,251,252,253,265,266,267,268,269,270,271,273,274,275,287,288,289,290,291,292,293,294,295,296,309,310,311,312,313,314,315,316,317
364,364,78
8,43,63,66,88,133,134,135,155,156,157,158,159,160,162,165,177,178,179,180,181,182,184,187,188,199,200,201,202,203,204,208,209,221,222,223,224,225,226,228,243,244,245,246,247,249,252,253,265,266,267,268,269,270,271,273,274,275,287,288,289,290,291,292,293,294,295,296,309,310,311,312,313,314,315,316,317,318
479,479,75
88,133,134,135,155,156,157,158,159,160,161,162,177,178,179,180,181,182,183,186,188,199,200,201,202,203,204,205,207,221,222,223,224,225,226,243,244,245,246,247,248,249,251,252,253,265,266,267,268,269,270,271,273,274,275,287,288,289,290,291,292,293,294,295,296,297,309,310,311,312,313,314,315,316,317
444,444,72
133,134,135,155,156,157,158,159,160,163,177,178,179,180,181,182,188,199,200,201,202,203,204,205,207,209,221,222,223,224,225,226,227,231,243,244,245,246,247,249,252,253,265,266,267,268,269,270,271,273,274,275,287,288,289,290,291,292,293,294,295,296,309,310,311,312,313,314,315,316,317,318
52,52,65
133,134,135,155,156,157,159,161,183,184,199,200,201,202,203,204,205,207,210,221,222,223,224,226,227,243,244,245,246,247,248,249,253,265,266,267,268,269,270,271,272,273,274,275,278,287,288,289,290,291,292,293,294,295,296,297,310,311,312,313,314,315,316,317,318
89,89,69
134,156,157,159,177,178,179,187,188,199,200,201,202,203,204,205,206,210,221,222,223,224,225,226,227,228,229,230,232,233,243,244,245,246,247,248,249,253,265,266,267,268,269,271,272,274,275,278,279,287,288,289,290,291,292,293,294,295,296,297,309,310,311,312,313,314,315,316,317
11,11,65
133,156,157,177,178,179,187,199,200,201,202,203,204,205,207,210,221,222,223,224,225,226,227,228,229,233,243,244,245,246,247,248,253,255,265,266,267,268,269,270,271,272,273,274,275,278,287,288,289,290,291,292,293,294,295,296,297,309,310,311,312,313,314,315,316
573,573,63
133,156,157,159,177,178,187,188,199,200,201,202,203,204,205,221,222,223,224,225,226,227,228,233,243,244,245,246,247,248,249,250,265,266,267,268,269,270,271,272,273,275,278,279,287,288,289,290,291,292,293,294,295,296,297,309,310,311,312,313,314,315,316
477,477,60
135,156,157,159,177,178,188,199,200,201,202,203,204,205,221,222,223,224,225,226,227,233,243,244,245,246,248,255,265,266,267,268,269,270,271,272,273,276,278,279,287,288,289,290,291,292,293,294,295,296,297,309,310,311,312,313,314,315,316,319
475,475,58
134,156,157,177,178,179,188,199,200,201,202,203,207,221,222,223,224,225,226,227,228,233,243,244,245,246,247,248,249,250,265,266,267,268,269,270,271,272,273,287,288,289,290,291,292,293,294,295,296,297,309,310,311,312,313,314,315,316
517,517,57
133,134,156,157,159,177,178,199,200,201,202,203,207,221,222,223,224,225,226,227,228,243,244,245,246,247,248,255,265,266,267,268,269,270,271,272,273,278,287,288,289,290,291,292,293,294,295,296,297,309,310,311,312,313,314,315,316
295,295,54
133,156,157,177,178,199,200,201,202,203,204,205,207,221,222,223,224,225,226,227,228,233,243,244,245,247,255,265,266,267,268,271,273,274,278,287,288,289,290,291,292,293,294,295,296,297,309,310,311,312,313,314,315,316
459,459,48
133,159,177,178,199,200,201,202,203,205,221,222,223,224,225,226,227,243,244,245,247,265,266,267,268,270,271,272,273,287,288,289,290,291,292,293,294,295,296,297,309,310,311,312,313,314,315,316
480,480,39
177,178,179,199,200,201,202,203,222,224,225,226,227,228,229,233,234,243,244,255,256,265,266,270,278,287,288,289,290,291,292,293,295,311,312,313,314,315,316
299,299,45
179,200,201,202,205,206,212,213,224,225,226,227,228,229,233,234,235,246,255,256,257,265,266,270,277,278,279,287,288,289,290,291,292,293,294,295,302,310,311,312,313,314,315,316,318
407,407,38
201,202,205,212,213,225,226,227,228,233,234,235,255,256,257,265,266,276,277,278,279,281,287,288,289,291,292,294,295,297,310,311,312,313,314,315,316,317
289,289,32
202,206,207,212,213,224,225,227,234,235,255,256,257,265,266,277,278,279,287,288,289,290,294,295,310,311,312,314,315,316,317,318
343,343,29
203,213,224,227,228,229,233,234,235,255,256,257,265,266,267,276,278,287,288,289,290,294,295,313,314,315,316,317,319
346,346,27
180,203,207,213,226,227,228,229,234,235,255,256,257,265,266,267,277,278,287,288,289,290,310,313,315,316,317
114,114,26
203,213,225,226,228,229,234,235,255,256,257,265,266,267,268,277,278,287,288,289,290,310,311,313,315,316
121,121,28
155,212,213,226,227,229,234,255,256,257,265,266,267,268,277,278,287,288,289,290,295,309,310,311,312,315,316,317
204,204,29
203,213,226,234,235,248,255,256,257,265,266,267,268,276,277,278,287,288,289,290,294,295,310,311,312,313,315,316,317
482,482,25
205,212,225,226,227,232,233,234,254,255,256,267,275,277,278,289,290,291,294,295,311,312,313,316,317
137,137,36
160,180,193,203,204,210,212,213,225,226,227,231,232,234,235,236,247,248,250,251,253,256,258,272,273,274,290,294,295,296,297,312,314,317,318,319
351,351,40
160,180,185,203,204,224,225,226,227,229,230,231,232,233,234,236,237,247,248,249,250,251,253,254,256,258,272,273,274,278,290,295,296,297,311,312,313,314,318,319
451,451,44
159,160,180,185,203,204,205,208,210,212,224,225,226,227,231,232,233,234,246,247,248,249,250,253,254,256,267,271,272,273,274,275,290,294,295,296,297,298,312,313,314,316,318,319
406,406,47
180,185,204,205,212,224,225,226,227,228,230,231,232,233,234,235,245,247,248,249,250,251,252,253,254,256,267,271,272,273,274,275,278,290,294,295,296,297,311,312,313,314,315,316,317,318,319
298,298,52
160,180,181,185,199,203,204,205,208,210,212,221,224,225,226,227,228,229,231,234,235,247,248,249,250,251,253,254,256,257,271,272,273,274,275,276,278,289,290,294,295,296,297,298,312,313,314,315,316,317,318,319
414,414,57
160,178,179,180,181,185,200,203,204,207,208,212,213,221,224,225,226,227,228,231,232,233,234,235,246,247,248,249,250,251,253,254,255,256,257,266,268,271,272,273,274,275,276,278,290,291,294,295,296,297,311,312,313,314,315,316,317
348,348,61
160,179,180,181,182,200,203,204,205,208,211,212,214,222,225,226,227,228,230,231,232,233,234,235,236,246,247,248,249,250,251,252,254,255,256,257,268,270,272,273,274,275,276,277,278,290,291,294,295,296,297,310,312,313,314,315,316,317,318,319,320
29,29,72
158,178,179,180,181,182,185,199,200,203,204,205,206,207,208,209,210,211,212,213,221,222,224,226,227,228,230,231,232,233,234,235,236,245,246,247,248,249,250,251,252,253,254,255,256,257,258,268,271,272,273,274,275,276,277,278,290,291,294,295,296,297,298,311,312,313,314,315,316,317,318,319
20,20,73
65,84,158,159,181,183,185,186,187,188,191,192,203,204,209,210,211,212,214,224,225,226,227,230,231,236,237,247,248,249,250,251,254,255,257,261,262,265,266,267,270,271,272,273,274,275,276,277,282,283,284,287,288,289,290,295,296,297,298,299,304,305,306,311,312,313,318,319,320,321,326,327,328
240,240,95
17,18,19,20,21,22,26,38,39,40,41,42,43,44,61,62,63,64,65,66,83,84,85,86,87,88,107,108,109,110,129,130,131,132,151,152,153,154,166,167,169,173,174,175,176,181,188,192,193,194,197,198,207,208,211,213,214,215,218,219,220,226,227,233,238,239,242,249,250,251,254,255,256,261,262,263,264,272,273,274,275,276,277,283,284,286,295,296,297,298,299,305,306,308,330
353,353,103
14,15,16,17,18,19,20,21,22,37,38,39,40,41,42,43,44,59,60,61,62,63,64,65,66,81,82,83,84,85,86,87,88,104,105,106,107,108,109,110,125,126,127,128,129,130,131,132,150,151,152,153,154,168,169,171,172,173,174,175,176,191,192,193,194,195,196,197,198,211,212,213,215,216,217,218,219,220,234,237,238,239,240,241,242,254,261,262,263,264,276,277,282,284,285,286,305,306,307,308,328,329,330
356,356,109
8,12,13,14,15,16,17,18,19,20,21,22,35,36,37,38,39,40,41,42,43,44,57,58,59,60,61,62,63,64,65,66,80,81,82,83,84,85,86,87,88,102,103,104,105,106,107,108,109,110,125,126,127,128,129,130,131,132,147,148,149,150,151,152,153,154,169,170,171,172,173,174,175,176,191,192,193,194,195,196,197,198,215,216,217,218,219,220,237,238,239,240,241,242,260,261,262,263,264,282,283,284,285,286,306,307,308,329,330
227,227,117
11,12,13,14,15,16,17,18,19,20,21,22,33,34,35,36,37,38,39,40,41,42,43,44,56,57,58,59,60,61,62,63,64,65,66,78,79,80,81,82,83,84,85,86,87,88,101,102,103,104,105,106,107,108,109,110,124,125,126,127,128,129,130,131,132,147,148,149,150,151,152,153,154,169,170,171,172,173,174,175,176,191,192,193,194,195,196,197,198,215,216,217,218,219,220,237,238,239,240,241,242,258,259,260,261,262,263,264,284,285,286,303,306,307,308,329,330
539,539,133
6,7,8,9,10,11,12,13,14,15,28,29,30,31,32,33,34,35,36,37,50,51,52,53,54,55,56,57,58,59,60,73,74,75,76,77,78,79,80,81,96,97,98,99,100,101,102,103,104,119,120,121,122,123,124,125,126,142,143,144,145,146,147,148,162,164,165,166,167,168,169,170,171,185,186,187,188,189,190,191,192,193,194,210,211,212,213,214,215,216,217,232,233,234,235,236,237,238,239,254,255,256,257,258,259,260,261,262,263,276,277,278,279,280,281,282,284,285,286,300,301,302,303,304,306,307,308,322,323,324,328,329,330
337,337,119
1,2,3,4,23,24,25,26,27,45,47,48,49,68,69,70,71,72,89,90,91,92,93,94,95,113,114,115,116,117,118,119,133,134,135,136,137,138,139,140,141,142,143,144,158,159,160,161,162,163,164,165,166,167,181,182,183,184,185,186,187,188,189,190,204,205,206,207,208,209,210,211,212,213,226,228,229,230,231,232,233,234,235,236,250,251,252,253,254,255,256,257,258,272,273,274,275,276,277,278,279,280,294,295,296,297,298,299,300,301,302,303,316,318,319,320,321,322,324
364,364,86
89,90,111,112,133,134,135,136,138,155,156,157,158,159,160,161,177,178,179,180,181,182,183,184,185,186,199,200,201,202,203,204,205,207,222,223,224,225,226,227,228,244,245,246,248,249,250,251,254,265,266,267,268,269,270,271,272,273,275,276,277,287,288,289,290,291,292,293,294,295,296,297,298,299,300,312,313,314,315,316,317,318,319,320,321,322
549,549,56
133,134,135,136,155,156,157,158,159,177,178,179,180,181,182,199,200,201,202,203,204,221,222,223,224,226,227,228,243,244,245,246,265,266,267,268,269,270,287,288,289,290,291,292,293,294,295,309,310,311,312,313,314,315,316,318
554,554,32
156,157,158,181,182,199,227,244,265,266,267,274,287,288,289,290,295,296,297,298,299,300,309,310,311,312,313,314,316,319,321,322
358,358,21
181,188,267,274,277,278,279,295,296,297,298,299,300,301,317,318,319,320,321,322,323
519,519,17
182,245,255,267,278,279,295,296,297,298,300,301,319,320,321,322,323
544,544,9
278,279,295,296,297,298,300,301,323
498,498,8
278,279,295,297,298,300,301,320
565,565,5
279,297,298,300,301
296,296,4
298,300,301,322
105,105,2
279,300
495,495,2
299,300
378,378,25
1,4,5,15,17,22,25,26,29,41,48,63,74,78,108,109,131,151,152,171,174,176,195,197,198
467,467,11
1,22,26,27,28,41,56,63,173,174,195
4,4,10
5,6,22,25,27,74,109,110,174,196
364,364,8
5,21,43,171,172,173,197,219
459,459,16
1,6,16,17,18,21,22,27,43,107,110,131,173,195,197,219
383,383,18
1,5,6,7,17,25,26,27,28,43,55,63,74,79,105,107,131,173
55,55,18
1,5,6,7,8,16,18,24,26,27,64,70,79,80,110,151,172,196
522,522,14
1,5,7,16,18,26,57,110,151,176,195,197,201,242
170,170,17
1,5,6,7,15,16,18,21,26,51,55,128,172,195,196,198,219
96,96,48
1,2,3,4,5,6,7,15,16,18,24,25,26,30,31,43,44,48,51,52,56,57,64,74,75,78,79,80,84,107,108,110,127,129,131,149,151,152,153,171,172,173,174,175,195,196,197,198
433,433,43
1,2,5,6,15,16,18,24,25,26,27,30,44,48,49,55,66,73,74,75,76,79,107,108,109,110,127,129,132,149,151,153,154,171,172,173,175,176,195,196,197,219,242
170,170,14
8,15,16,18,48,66,73,75,76,105,108,109,129,194
571,571,45
132,154,176,197,198,218,219,220,238,239,240,241,242,258,259,260,261,262,263,264,278,279,280,281,282,283,284,285,286,301,302,303,304,305,306,307,308,323,324,325,326,327,328,329,330
278,278,103
21,22,43,44,58,63,64,65,66,84,85,86,87,88,106,107,108,109,110,127,129,130,131,132,148,149,151,152,153,154,169,170,171,172,173,174,175,176,187,188,189,190,191,192,193,194,195,196,197,198,207,208,209,210,211,212,213,214,215,216,217,218,219,220,229,230,231,232,233,234,235,236,237,238,239,240,241,242,250,251,252,253,254,255,256,257,258,259,260,261,263,276,277,278,279,280,281,282,298,300,301,302,303
548,548,139
11,12,13,14,15,16,17,18,19,20,21,22,32,33,34,35,36,37,38,39,40,41,42,43,53,54,55,56,57,58,59,60,61,62,74,75,76,77,78,79,80,81,82,83,85,96,97,98,99,100,101,102,103,104,105,106,116,117,118,119,120,121,122,123,124,125,126,136,138,139,140,141,142,143,144,145,146,155,156,157,158,159,160,161,162,163,164,165,166,167,168,180,181,182,183,184,185,186,187,188,189,190,191,199,202,203,204,205,206,207,208,209,210,211,212,213,225,226,227,228,229,230,231,232,233,249,250,251,252,253,254,266,267,272,273,276,290,292,293
546,546,129
1,2,3,4,5,6,7,8,9,10,11,12,13,14,15,23,24,25,26,27,28,29,30,31,32,33,34,35,36,45,46,47,48,49,50,51,52,53,54,55,56,57,67,68,69,70,71,72,73,74,75,76,77,78,89,90,91,92,93,94,95,96,97,98,99,111,112,113,114,115,116,117,118,119,120,133,134,135,136,137,138,139,140,141,155,156,157,158,159,160,161,162,163,177,178,179,180,181,182,183,184,185,199,200,201,202,203,204,205,207,221,222,223,224,226,227,243,244,245,265,266,267,268,269,287,288,290,309,329
345,345,116
1,2,3,4,5,6,7,8,9,10,11,12,23,24,25,26,27,28,29,30,31,32,33,34,45,46,47,48,49,50,51,52,53,54,55,67,68,69,70,71,72,73,74,75,76,77,89,90,91,92,93,94,95,96,97,98,111,112,113,114,115,116,117,118,119,133,134,135,136,137,138,139,140,155,156,157,158,159,160,161,177,178,179,180,181,182,183,184,199,200,201,202,203,204,205,206,221,222,223,224,225,243,244,245,246,265,266,267,287,288,289,290,291,292,309,310
321,321,110
1,2,3,4,5,6,7,8,9,10,23,24,25,26,27,28,29,30,31,45,46,47,48,49,50,51,52,67,68,69,70,71,72,73,74,89,90,91,92,93,94,95,96,111,112,113,114,115,116,117,118,133,134,135,136,137,139,155,156,157,158,159,160,161,162,177,178,179,180,181,182,183,199,200,201,202,203,204,205,221,222,223,224,225,226,227,231,232,233,243,244,245,250,251,252,253,256,265,266,267,269,271,272,276,287,288,289,290,291,309
