504,535
324,324,26
1,2,3,4,5,23,24,25,26,27,45,46,47,48,67,68,69,71,89,90,91,220,242,324,326,330
249,249,62
1,2,3,4,5,6,7,23,24,25,26,27,28,29,45,46,47,49,50,65,67,68,69,72,89,90,91,92,93,94,101,111,112,113,114,115,116,133,134,135,137,138,139,141,145,146,158,160,161,168,169,190,210,211,212,213,232,233,234,256,285,304
54,54,70
1,2,4,5,6,7,8,24,25,26,27,28,29,33,45,46,47,49,50,51,57,65,67,68,70,72,73,79,80,87,89,90,92,93,94,111,112,113,114,115,116,133,134,135,137,138,139,141,147,158,159,160,161,167,168,169,190,206,211,220,241,256,262,263,283,284,286,315,324,330
199,199,77
3,4,5,6,7,23,24,25,26,28,29,30,45,46,47,48,50,51,57,67,68,70,72,73,79,90,91,92,93,94,95,103,109,111,112,113,114,115,116,117,125,131,133,134,135,137,138,139,140,146,158,159,160,168,169,189,190,207,211,212,220,232,241,242,261,262,263,264,283,286,293,294,302,304,305,308,315
198,198,82
1,2,3,4,5,6,7,23,24,25,26,27,28,29,30,45,46,47,48,49,50,51,67,68,70,72,73,79,89,90,91,92,93,111,112,114,115,116,117,118,123,125,126,133,135,136,137,138,139,140,149,159,160,161,167,168,169,170,184,189,190,191,210,211,212,234,241,242,262,263,280,281,283,284,285,286,293,304,307,315,316,327
218,218,63
1,3,5,6,7,23,24,25,26,27,28,29,30,45,46,47,50,51,67,68,70,71,72,73,79,89,90,91,92,93,94,95,111,112,114,115,116,125,136,137,138,139,149,159,160,169,184,189,190,211,212,242,254,264,280,282,285,286,293,294,304,315,316
61,61,72
1,2,3,4,5,6,7,8,23,25,26,27,28,29,30,45,46,47,48,49,50,51,57,67,70,71,72,90,91,92,94,95,111,112,113,114,115,116,133,135,136,137,138,139,140,159,160,184,189,190,207,211,212,220,241,242,255,258,262,263,264,283,284,286,293,304,305,307,308,315,324,326
132,132,73
1,2,4,5,6,7,8,23,24,25,26,27,29,30,45,46,47,49,50,51,52,67,68,70,71,72,90,91,94,95,111,112,113,114,115,116,133,135,136,137,138,139,149,159,160,184,189,190,206,210,211,212,220,228,242,250,262,263,264,271,272,283,284,286,293,294,304,307,308,315,316,326,330
54,54,74
1,2,4,6,7,8,23,24,25,26,27,28,29,30,45,46,47,48,49,50,51,57,64,67,72,73,89,90,91,92,93,94,110,111,112,113,114,115,116,127,133,135,136,137,138,139,159,160,162,184,189,190,206,211,212,239,242,250,262,263,264,271,272,283,284,286,293,294,304,308,315,324,326,327
126,126,7
7,51,73,95,116,271,315
458,458,24
3,4,7,23,26,28,45,46,48,67,73,90,91,111,112,113,115,116,135,249,271,286,293,315
15,15,3
246,267,288
6,6,34
140,163,185,187,188,208,209,214,215,232,233,235,236,245,246,254,255,256,257,267,268,275,276,287,288,289,291,309,310,311,313,316,317,320
312,312,57
140,163,166,185,186,187,188,193,196,203,208,209,210,214,217,223,231,232,235,236,247,252,253,254,255,256,257,266,268,273,274,275,276,277,287,288,289,290,291,294,295,296,297,299,309,310,311,312,313,314,316,317,318,319,320,321,322
212,212,83
131,140,152,153,166,174,175,185,187,193,195,196,197,208,209,210,214,215,216,217,218,230,231,234,235,236,237,239,246,247,252,253,254,255,256,257,266,267,268,269,272,274,275,276,277,278,279,287,288,289,290,291,292,294,295,296,297,298,299,300,301,309,310,311,312,313,314,315,316,317,318,319,320,321,322,323,324,325,326,327,328,329,330
294,294,96
131,152,153,174,175,176,194,195,196,197,198,209,214,215,216,217,218,219,220,225,229,232,236,237,238,239,240,241,242,252,254,256,257,258,260,261,262,263,264,268,269,274,275,276,277,278,279,280,281,282,283,284,285,286,287,288,289,290,291,293,294,295,296,297,298,299,300,301,302,303,304,305,306,307,308,309,310,311,312,313,315,316,317,318,319,320,321,322,323,324,325,326,327,328,329,330
89,89,103
131,132,152,153,154,174,175,176,194,195,196,197,198,213,214,215,216,217,218,219,220,229,230,231,232,233,234,235,236,237,238,239,240,241,242,251,252,253,254,255,256,257,258,259,260,261,262,263,264,272,273,274,275,276,277,278,279,280,281,282,283,284,285,286,289,292,293,294,295,296,297,298,299,300,301,302,303,304,305,306,307,308,310,311,312,313,314,315,316,317,318,319,320,321,322,323,324,325,326,327,328,329,330
88,88,122
1,88,109,110,130,131,132,153,154,173,174,175,176,195,196,197,198,204,206,207,208,209,216,217,218,219,220,226,227,228,229,230,231,235,236,237,238,239,240,241,242,246,247,248,249,250,251,252,253,255,256,257,258,259,260,261,262,263,264,267,268,269,270,271,272,273,274,276,277,278,279,280,281,282,283,284,285,286,287,288,289,290,291,292,293,294,295,296,297,298,299,300,301,302,303,304,305,306,307,308,309,310,311,312,313,314,315,316,317,318,319,320,321,322,323,324,325,326,327,328,329,330
18,18,123
17,18,19,20,21,22,28,29,30,39,40,41,42,43,44,49,50,51,58,59,60,62,63,64,65,66,67,68,69,70,71,72,73,74,81,84,85,86,87,88,89,90,91,92,93,96,97,108,109,110,111,112,113,114,115,117,118,119,130,131,132,133,134,135,136,137,139,140,141,153,154,155,156,157,158,159,160,161,162,163,176,177,178,179,180,181,182,183,184,185,198,199,200,201,203,204,205,206,207,220,221,222,223,225,226,227,228,229,242,243,244,246,247,248,249,250,265,267,268,269,270,287,309
435,435,97
1,2,3,4,5,6,7,8,9,10,12,13,15,16,17,18,19,20,21,22,23,24,25,26,27,28,29,30,41,42,43,44,45,46,47,48,49,50,51,52,59,60,61,63,66,67,68,69,70,71,72,73,74,75,83,89,90,91,92,93,94,95,111,112,113,114,115,116,117,133,134,135,136,139,155,156,157,159,161,177,178,179,180,181,182,183,199,200,201,202,221,222,223,224,243,244,245
397,397,42
1,2,3,4,5,6,7,8,9,10,11,23,24,25,26,27,28,29,32,33,34,45,46,47,48,49,51,56,67,68,69,72,89,91,111,112,113,133,134,135,136,155
358,358,32
172,190,191,196,197,213,215,218,228,236,237,242,264,272,276,277,278,281,282,284,286,300,301,304,305,306,308,324,325,328,329,330
567,567,53
43,65,88,106,122,126,128,130,131,146,148,152,154,164,166,168,169,170,171,172,173,174,176,184,185,198,206,208,210,213,217,219,231,242,250,257,264,278,280,281,282,284,285,286,298,304,305,306,308,314,328,329,330
535,535,72
27,30,63,64,65,69,71,72,75,84,86,87,90,93,106,107,117,121,123,126,127,128,129,130,139,145,146,147,148,149,152,160,166,168,169,171,173,185,190,192,194,206,213,215,217,239,240,241,242,250,256,257,258,259,275,276,279,280,281,284,286,294,298,306,307,308,315,317,320,324,329,330
71,71,69
27,41,69,75,84,107,117,121,129,130,132,133,141,146,147,148,149,154,163,167,168,169,171,172,173,174,185,195,210,213,214,215,218,220,228,230,231,235,236,238,239,240,242,249,255,257,258,259,262,263,264,276,277,280,284,286,294,295,296,298,299,302,303,305,307,308,315,317,330
63,63,91
7,21,27,30,31,41,42,44,49,66,75,85,86,93,106,107,108,117,122,123,125,126,139,140,145,146,147,148,149,150,152,154,162,166,167,168,169,173,174,184,188,189,190,192,193,194,195,196,206,212,214,220,235,236,238,240,242,257,258,259,262,263,264,276,277,278,280,281,284,285,286,292,294,295,298,301,302,303,304,306,307,308,314,315,316,317,318,320,325,328,330
275,275,61
24,31,41,43,44,72,73,74,93,96,106,107,123,125,126,139,145,146,148,149,154,162,167,168,169,171,172,174,175,176,185,189,190,194,197,198,206,212,215,216,220,227,233,259,263,274,275,279,285,286,294,299,300,303,304,305,307,308,315,317,330
267,267,89
8,27,31,43,51,52,63,65,66,69,72,73,74,75,85,94,101,102,103,106,108,117,118,120,123,125,126,129,139,145,146,148,149,150,151,162,164,167,168,169,172,173,176,184,185,186,189,190,191,192,194,205,206,207,212,213,216,218,220,227,229,232,235,236,237,239,242,257,258,262,263,264,269,273,275,276,280,286,293,297,304,307,308,314,317,319,325,329,330
88,88,103
1,6,7,8,23,24,30,43,46,50,51,66,68,73,74,75,80,84,87,90,95,96,102,104,108,117,118,119,120,121,123,124,125,126,128,130,132,138,139,145,146,147,148,151,153,154,163,167,168,169,170,172,173,175,184,185,186,187,189,190,194,195,196,198,205,206,207,212,217,218,219,220,227,228,229,233,236,238,239,240,241,242,248,249,250,259,262,263,264,269,270,272,275,276,286,297,298,302,306,308,324,329,330
175,175,107
1,2,6,7,8,20,25,26,27,30,43,45,46,48,50,52,55,61,62,63,66,68,73,75,85,87,90,94,95,96,97,100,101,102,110,117,118,120,122,123,124,125,126,130,132,138,139,141,144,145,146,147,148,153,154,163,167,168,170,174,176,184,185,186,187,189,190,193,196,205,206,207,208,212,216,217,220,228,230,237,238,239,242,248,249,251,253,258,259,262,264,269,271,272,275,276,281,284,286,297,305,306,308,314,324,329,330
191,191,108
2,4,5,6,7,9,16,19,20,24,25,26,30,31,36,41,43,46,47,49,51,52,53,63,66,69,73,75,76,87,89,94,95,102,109,110,117,119,122,123,124,126,130,131,132,138,139,140,142,144,145,146,147,148,149,150,153,154,161,164,166,167,168,169,170,176,184,185,187,188,189,190,191,193,194,198,205,206,210,215,217,220,227,230,232,233,237,239,242,248,249,250,258,259,262,263,264,270,272,276,280,286,297,303,305,307,308,330
472,472,116
1,2,4,5,6,7,8,9,19,20,22,25,27,28,29,31,41,42,43,44,45,46,47,49,50,51,52,53,56,63,65,66,67,68,69,72,74,75,76,78,79,84,87,94,96,97,98,102,103,109,116,117,118,119,122,123,124,126,128,138,139,140,144,145,146,147,148,154,161,166,167,168,169,170,172,175,176,183,184,185,188,189,190,191,193,195,205,206,214,215,216,217,220,227,228,237,238,239,241,242,248,278,281,282,286,292,297,299,301,303,308,318,324,328,329,330
424,424,67
1,2,5,6,8,9,19,22,24,27,28,29,31,41,43,49,50,52,63,66,68,72,74,87,96,97,100,102,117,118,122,123,124,128,139,144,146,147,148,161,167,168,169,176,183,184,185,187,189,191,196,205,206,217,220,228,248,258,272,280,281,286,292,304,308,327,330
464,464,110
2,6,8,9,19,21,23,27,28,29,30,31,35,41,43,44,48,49,50,51,52,53,57,65,66,68,70,72,73,74,78,83,87,88,93,94,95,96,97,100,101,102,103,109,117,119,121,122,123,124,125,130,131,139,141,144,145,146,147,148,150,154,162,163,166,167,169,170,172,173,175,184,185,186,187,189,190,191,193,196,197,205,206,208,212,213,215,220,227,239,241,242,248,249,250,258,259,264,271,280,286,292,296,300,301,304,306,308,324,330
156,156,104
2,4,5,6,7,8,21,22,23,24,25,27,28,30,31,36,43,46,47,48,49,50,51,53,54,65,66,73,74,75,79,80,81,88,95,96,100,101,102,103,110,116,117,119,122,123,124,126,132,139,140,145,146,147,148,153,154,162,166,167,168,170,172,173,176,183,184,185,186,187,189,190,191,193,194,205,206,207,208,209,213,216,217,220,227,228,229,237,239,242,252,255,262,263,264,269,276,286,297,298,308,314,324,330
0,0,105
1,2,5,6,7,11,12,18,20,23,24,26,27,28,30,31,36,43,44,47,48,49,50,52,53,66,71,72,74,75,79,82,95,96,98,99,100,101,102,116,117,118,119,122,123,124,125,126,127,132,139,140,145,146,147,148,150,154,161,166,167,169,171,172,175,176,183,184,186,189,190,191,193,196,198,205,206,209,220,226,227,228,229,235,239,242,248,249,250,262,264,269,271,272,276,281,286,300,301,306,307,308,324,328,330
535,535,90
9,12,19,20,22,24,27,28,30,31,37,43,44,45,51,53,75,76,80,81,95,96,100,101,102,103,110,116,122,123,124,125,126,132,139,140,144,146,147,148,152,154,161,162,164,166,167,168,169,170,173,175,176,183,184,185,189,190,205,206,207,208,211,213,216,220,225,227,228,229,237,238,241,242,248,249,255,258,263,269,272,292,302,307,308,314,324,328,329,330
163,163,101
2,4,5,6,9,12,21,22,24,28,29,30,31,32,40,43,44,47,48,51,52,53,56,65,66,68,70,80,81,82,85,87,88,95,96,100,101,102,117,120,122,123,124,125,126,139,144,146,148,152,153,154,161,162,166,167,168,170,173,175,176,183,184,185,186,189,190,191,198,205,206,213,214,216,217,220,227,228,242,248,249,250,258,259,270,271,272,279,280,281,284,286,292,301,303,306,307,308,314,325,330
554,554,80
4,5,6,7,8,9,12,22,27,28,30,43,44,45,47,51,52,56,66,73,79,80,81,87,88,94,95,96,98,100,101,102,117,120,122,123,124,125,126,138,139,144,146,148,152,154,161,162,163,167,168,172,175,183,184,185,189,190,205,206,208,214,216,226,227,228,230,237,238,242,248,249,259,263,271,284,285,300,308,330
214,214,71
4,6,11,24,27,28,29,30,31,43,47,48,51,57,73,78,80,86,95,100,102,103,110,118,120,122,123,124,125,126,130,132,139,145,146,148,150,154,161,162,166,167,168,175,176,183,184,185,186,189,190,194,195,198,202,205,206,216,220,226,227,229,238,242,249,259,264,277,308,324,330
204,204,86
4,5,6,7,8,9,13,26,27,28,29,30,31,32,41,43,52,66,72,74,79,80,82,87,88,96,100,101,102,104,110,118,122,123,124,125,126,132,139,140,144,146,147,148,150,154,160,161,164,166,167,168,172,176,183,184,185,189,190,192,193,194,205,207,212,213,214,215,216,217,220,227,236,237,238,242,249,264,280,285,286,301,308,324,328,330
449,449,104
2,4,5,6,7,8,9,12,13,22,24,25,26,27,28,29,30,43,47,48,49,52,53,56,65,66,73,74,75,78,79,80,81,87,88,95,96,100,101,102,104,110,117,118,122,123,124,125,138,139,140,141,144,145,146,147,148,150,153,154,160,161,164,166,167,168,170,172,173,175,176,183,184,185,186,189,190,191,194,205,206,208,212,213,215,216,220,227,230,242,249,258,264,270,280,284,286,297,301,303,307,308,324,330
61,61,95
2,3,4,5,6,8,9,19,20,22,27,28,29,30,31,32,41,43,46,48,53,57,66,73,75,78,79,81,82,87,88,95,96,97,99,100,101,103,104,117,118,122,123,124,125,126,130,131,132,139,144,145,146,147,148,150,153,154,160,161,162,166,167,168,169,172,176,183,184,186,189,190,191,205,206,212,213,215,216,220,226,227,228,230,248,249,263,280,281,284,286,292,308,324,330
144,144,102
2,4,5,6,8,12,19,22,26,27,28,29,30,31,32,42,43,44,46,49,51,53,60,63,66,71,73,75,78,79,82,86,87,93,95,96,97,99,100,101,102,104,110,117,118,121,122,123,124,125,126,131,132,138,139,140,144,145,146,148,152,153,160,161,162,166,167,168,169,172,175,182,183,184,185,186,189,190,191,194,204,205,206,208,212,216,220,227,228,234,241,248,249,255,280,286,299,307,308,314,324,330
434,434,104
2,3,5,6,7,8,9,11,12,20,22,24,26,27,28,31,41,43,44,48,49,50,51,52,53,60,63,65,66,72,73,74,77,78,79,80,82,83,86,87,88,93,95,96,97,99,100,101,104,117,118,121,122,123,124,125,126,132,138,139,140,143,144,145,146,148,160,161,163,166,167,168,172,175,182,183,185,189,190,191,192,193,194,205,208,212,214,216,227,228,237,238,242,249,264,271,277,280,286,306,307,308,324,330
179,179,77
5,6,22,27,28,29,30,43,48,49,50,52,60,73,74,79,80,81,82,87,93,94,96,97,100,102,103,104,121,122,123,124,125,126,132,139,140,144,145,146,147,152,160,161,162,166,167,168,175,176,182,183,184,185,189,190,191,194,205,206,217,220,226,227,228,233,252,259,262,263,264,280,286,299,308,324,330
71,71,102
3,4,5,6,7,8,9,19,22,24,25,26,27,28,29,30,31,41,43,48,49,50,51,52,57,59,71,73,74,75,79,80,81,82,87,88,95,96,102,103,110,116,117,121,122,123,124,125,138,139,143,144,145,146,147,148,149,152,154,160,161,162,163,166,167,168,175,176,183,184,188,189,190,191,192,198,205,206,211,212,215,220,227,228,233,234,236,238,242,247,280,285,286,297,299,300,301,302,308,314,324,330
403,403,105
3,5,6,7,8,9,19,20,21,22,26,27,28,29,30,37,41,43,48,49,50,51,52,53,59,71,73,74,75,76,78,79,81,82,88,93,95,99,100,101,102,103,110,116,117,118,121,122,123,124,125,126,138,139,140,141,143,144,145,146,147,148,149,152,154,160,161,162,165,166,167,168,169,172,183,184,187,188,189,190,191,193,198,203,205,212,213,214,216,217,220,226,227,234,248,270,279,280,285,286,297,300,301,308,330
395,395,104
3,5,6,7,8,9,14,19,20,22,24,26,27,28,29,30,31,37,41,43,49,50,51,52,53,57,60,71,72,73,76,77,78,79,80,81,82,87,95,96,100,103,110,116,117,118,121,122,123,124,125,132,138,139,140,141,143,144,145,146,147,148,149,153,160,161,162,166,167,168,172,175,183,184,185,189,190,194,195,198,203,204,205,213,216,217,220,226,227,234,237,242,247,248,249,263,264,271,280,300,302,307,308,330
61,61,103
3,5,6,8,14,20,26,27,29,30,37,41,43,49,50,51,53,60,71,72,73,74,75,77,79,81,93,94,95,96,98,102,103,106,112,116,117,121,122,123,124,125,126,128,130,138,139,140,142,143,144,145,146,147,149,150,152,153,160,161,165,166,167,168,172,182,183,184,185,189,190,192,193,198,204,205,206,212,213,214,216,220,226,227,229,233,234,237,238,242,248,258,264,271,280,281,286,301,308,321,323,324,330
415,415,105
4,5,6,8,14,20,21,25,26,27,28,29,30,31,37,41,43,49,50,51,52,53,57,71,73,74,78,81,88,93,94,96,98,99,100,102,103,106,108,116,117,118,122,123,124,125,126,132,138,139,140,141,143,144,145,146,147,148,149,152,154,157,160,161,166,168,171,172,173,174,181,182,183,184,186,189,190,191,192,194,195,203,205,206,212,213,214,220,226,227,234,235,237,247,248,258,264,271,286,298,299,300,301,308,314
545,545,4
287,309,310,311
272,272,92
67,89,111,112,113,114,133,134,135,136,137,155,156,157,158,159,161,177,178,179,180,182,183,199,200,201,205,206,221,222,223,224,227,230,231,235,236,239,240,243,244,245,247,250,254,255,256,257,258,259,260,261,262,263,264,265,266,267,269,273,274,275,279,280,281,282,283,284,285,286,287,288,295,302,303,304,305,306,307,308,309,310,311,312,323,324,325,326,327,328,329,330
259,259,134
1,2,3,4,5,7,8,22,23,24,25,28,29,30,45,46,50,51,67,68,89,90,92,106,107,108,109,110,111,112,128,129,130,131,132,133,134,135,136,137,139,149,150,151,152,153,154,155,156,157,158,159,161,171,172,173,174,175,176,177,178,183,184,192,193,194,195,196,197,198,199,205,206,213,214,215,216,217,218,219,220,221,222,226,227,228,235,236,237,238,239,240,241,242,248,249,252,257,258,259,260,261,262,263,264,273,277,278,279,280,281,282,283,284,285,286,295,301,302,303,304,305,306,307,308,316,317,324,325,326,327,328,329,330
119,119,129
1,2,3,5,6,7,8,9,16,17,18,19,20,21,22,23,24,25,26,27,29,30,31,36,39,40,41,42,43,44,50,51,52,57,58,59,61,62,63,64,65,66,71,72,73,78,79,80,81,82,83,84,85,86,87,88,95,96,97,101,102,103,104,105,106,107,108,109,110,112,113,119,122,123,124,125,127,128,129,130,131,132,144,145,146,148,149,150,151,152,153,154,166,169,170,171,172,173,174,175,176,191,192,193,194,195,196,197,198,213,214,215,216,217,218,219,220,235,236,237,238,239,240,241,242,257,258,259,309
118,118,115
1,2,3,4,5,6,7,8,9,10,11,12,13,14,15,16,17,18,19,20,21,22,24,25,26,27,28,29,30,31,32,33,34,35,36,37,38,39,40,41,42,43,44,49,50,51,52,53,54,55,57,58,59,60,61,62,63,64,65,66,75,76,77,80,81,82,83,84,85,86,87,88,96,97,102,103,104,105,106,107,108,109,110,119,120,123,124,125,126,127,128,129,130,131,132,146,147,148,149,150,151,152,153,154,169,171,172,173,174,175,176,194,195,196,220
89,89,113
1,2,3,6,7,8,9,10,11,12,13,14,15,16,17,18,19,20,21,22,23,25,27,28,29,30,31,32,33,37,38,39,40,41,42,43,44,45,46,47,48,49,50,52,53,54,58,59,60,61,62,63,64,65,66,70,74,75,76,81,82,83,84,85,86,87,88,89,90,97,98,103,105,106,107,108,109,110,112,113,126,127,128,129,130,131,132,135,136,137,149,150,151,152,153,154,158,162,171,172,173,174,175,179,183,184,200,206,227,244,274,295,307
484,484,101
1,2,3,5,6,8,9,10,11,12,13,14,15,16,17,18,19,20,21,22,23,24,25,26,27,28,29,30,31,32,34,35,38,39,40,41,42,43,44,46,47,48,49,50,51,52,53,54,60,61,62,63,64,65,66,68,71,72,74,75,76,83,84,85,86,87,88,97,103,105,106,107,108,109,110,111,112,113,115,127,128,129,130,131,133,136,137,149,150,151,152,158,172,173,179,180,227,228,229,273,274
303,303,84
1,3,5,6,8,9,10,11,12,13,15,16,17,18,19,20,21,22,24,25,30,31,32,38,39,40,41,42,43,44,46,47,52,53,54,59,61,62,63,64,65,66,67,68,71,74,75,81,83,84,85,86,87,88,92,103,105,106,107,108,109,112,113,114,128,129,130,134,135,136,137,150,151,157,158,172,178,180,183,224,245,246,247,266
501,501,65
1,2,3,4,5,8,9,16,17,18,20,21,22,23,24,25,26,27,31,39,40,42,43,46,47,49,50,51,52,53,62,64,68,70,73,74,84,85,86,95,103,107,108,112,113,114,115,125,129,134,135,136,137,156,158,178,222,223,224,225,245,246,248,266,267
178,178,47
1,2,3,5,6,9,24,25,26,27,28,31,40,46,47,48,50,52,74,89,90,112,113,114,115,124,134,135,136,137,156,158,159,183,201,205,222,224,226,227,244,245,246,247,248,266,267
418,418,28
1,25,26,31,46,47,52,68,90,92,112,113,114,134,135,136,137,158,159,222,223,227,244,245,246,248,266,267
165,165,6
114,136,137,158,159,266
277,277,17
58,77,78,79,80,100,101,113,114,136,156,157,179,247,268,269,289
321,321,39
7,29,66,72,94,116,122,124,154,173,174,175,191,192,193,194,196,197,198,216,217,219,220,239,241,242,258,262,263,264,284,285,286,306,307,308,328,329,330
433,433,42
35,51,73,95,116,131,138,154,174,175,176,191,195,196,197,213,215,216,217,218,219,220,240,241,242,243,259,262,263,265,282,284,285,286,287,306,307,308,325,328,329,330
313,313,54
7,29,35,51,57,110,115,117,119,153,154,170,172,174,175,191,192,193,194,195,196,197,198,213,214,215,217,218,219,220,237,240,241,242,243,257,262,263,265,279,281,284,285,286,287,306,307,308,322,324,325,328,329,330
170,170,45
7,29,50,51,55,66,94,95,116,117,124,131,138,153,170,174,175,192,194,195,196,197,198,217,218,219,220,235,236,240,241,242,263,264,265,284,285,286,287,306,307,308,328,329,330
326,326,60
5,7,13,29,35,50,51,56,57,72,73,74,80,95,115,116,117,132,153,170,173,174,175,190,191,192,194,195,196,197,198,213,215,217,218,219,220,240,241,242,243,257,262,263,264,265,280,281,284,285,286,287,302,306,307,308,324,325,329,330
496,496,70
5,6,7,13,28,29,51,55,57,65,66,72,73,80,88,94,95,98,108,110,116,124,132,151,152,153,170,171,174,175,191,193,194,195,196,197,198,213,215,217,218,219,220,235,236,237,240,241,242,243,257,258,262,263,264,265,281,284,285,286,287,306,307,308,309,322,325,328,329,330
299,299,69
5,7,21,28,29,41,43,50,51,53,54,55,57,63,64,66,72,76,77,88,94,99,107,108,110,115,116,122,151,152,153,170,172,174,175,190,193,194,195,196,197,198,212,215,216,217,218,219,220,235,240,241,242,258,263,264,265,268,281,284,285,286,306,307,308,309,328,329,330
304,304,67
5,6,7,19,21,28,29,41,50,51,53,54,55,56,57,63,72,76,77,78,80,87,88,94,95,98,110,122,132,153,154,169,175,191,192,193,194,195,196,198,213,215,216,217,218,219,220,237,240,241,242,243,258,262,263,264,265,279,286,287,302,306,307,308,309,329,330
527,527,28
7,66,94,108,153,173,174,175,194,197,198,218,219,243,257,258,259,262,263,265,284,285,286,287,306,308,309,330
224,224,42
7,13,29,40,41,88,94,149,154,169,172,174,175,194,195,196,198,213,216,218,219,220,235,237,241,243,257,258,263,264,265,284,285,286,301,306,307,308,309,324,329,330
55,55,43
7,18,29,40,57,63,65,87,88,131,132,153,154,175,190,194,196,197,198,199,213,215,216,218,219,220,235,241,242,243,257,259,263,264,265,281,286,287,306,307,308,309,324
485,485,57
6,18,22,28,29,36,41,54,62,63,84,88,94,132,148,150,153,154,172,173,174,175,176,190,192,194,196,198,199,212,216,219,220,234,235,240,241,242,243,263,264,265,280,281,284,285,286,287,301,302,306,307,308,309,328,329,330
213,213,57
14,18,21,22,31,40,44,50,53,63,73,94,95,106,109,110,123,127,132,149,153,171,173,174,175,190,193,194,197,198,199,215,217,219,235,237,241,242,243,257,259,262,263,264,265,285,286,287,301,302,306,307,308,309,323,328,330
422,422,63
6,14,18,20,21,28,40,44,50,53,54,57,62,66,72,73,75,88,94,127,132,149,153,169,171,173,174,175,191,193,194,195,196,197,198,213,215,219,220,221,235,237,241,242,243,263,264,265,279,280,284,285,286,287,301,302,306,307,308,309,324,329,330
133,133,63
6,18,19,22,28,40,43,44,50,57,62,63,69,84,94,127,129,131,132,153,169,171,172,173,174,175,190,193,194,195,196,197,198,199,213,215,216,219,220,221,235,241,242,257,258,259,263,264,265,281,284,285,286,287,306,307,308,309,317,323,324,329,330
503,503,60
6,7,18,20,28,29,40,41,50,53,62,66,72,84,85,94,97,107,130,145,153,175,177,190,191,197,198,199,212,213,215,216,217,219,220,221,237,241,243,257,258,262,263,264,265,280,281,285,286,287,301,302,306,307,308,309,316,324,328,330
413,413,72
6,7,14,18,20,28,29,40,43,44,50,62,63,72,75,76,84,85,87,88,97,102,106,107,127,129,130,131,132,151,153,173,174,175,177,190,191,192,193,198,212,213,216,217,219,220,221,235,237,241,242,257,258,262,263,264,265,280,285,286,287,302,306,307,308,309,317,318,320,323,329,330
246,246,11
22,72,107,194,220,242,263,286,307,309,329
420,420,30
6,22,40,66,84,106,110,132,145,195,198,219,220,235,240,241,242,258,263,264,284,285,286,306,307,308,309,328,329,330
159,159,3
110,263,307
322,322,27
133,189,202,211,222,233,254,255,256,266,267,269,270,275,277,287,288,290,291,292,296,301,310,311,313,314,316
451,451,54
104,125,126,167,180,181,189,202,203,210,211,232,233,244,245,247,248,249,253,254,255,256,266,267,269,270,272,273,274,275,276,277,287,288,289,290,291,292,294,295,296,301,309,310,311,312,313,314,315,316,317,318,320,321
50,50,90
43,57,82,87,91,104,108,126,127,128,150,155,156,158,159,167,177,180,181,182,189,190,199,200,201,202,210,211,212,215,221,222,223,232,233,234,236,237,244,245,247,253,254,255,266,267,268,269,270,271,274,275,276,277,279,287,288,289,290,291,292,294,295,296,297,298,300,301,302,303,304,306,309,310,311,312,313,314,315,316,317,318,319,320,321,322,324,325,326,327
235,235,102
44,86,107,108,128,129,150,190,193,202,211,212,214,215,216,232,233,234,235,236,237,238,239,240,241,242,246,249,251,254,255,256,257,258,259,260,261,262,263,264,266,267,269,270,271,272,273,274,275,276,277,278,279,280,281,282,283,284,285,286,287,289,290,291,292,293,294,295,296,297,298,299,300,301,302,303,304,305,306,307,308,310,311,312,313,314,315,316,317,318,319,320,321,322,323,324,325,326,327,328,329,330
80,80,105
129,150,151,152,171,172,173,175,193,194,195,196,197,198,211,212,213,214,215,216,217,218,219,220,233,234,235,236,237,238,239,240,241,242,245,252,254,255,256,257,258,259,260,261,262,263,264,269,270,271,273,274,275,276,277,278,279,280,281,282,283,284,285,286,288,290,291,292,293,294,295,296,297,298,299,300,301,302,303,304,305,306,307,308,310,311,312,313,314,315,316,317,318,319,320,321,322,323,324,325,326,327,328,329,330
556,556,121
66,85,86,87,88,107,108,109,110,127,128,129,130,131,132,147,148,149,150,151,152,153,154,167,168,169,170,171,172,173,174,175,176,190,191,192,193,194,195,196,197,198,211,212,213,214,215,216,217,218,219,220,225,233,234,235,236,237,238,239,240,241,242,243,245,254,255,256,257,258,259,260,261,262,263,264,267,271,275,276,277,278,279,280,281,282,283,284,285,286,288,289,292,293,297,298,299,300,301,302,303,304,305,306,307,308,309,310,314,315,319,320,322,323,324,325,326,327,328,329,330
554,554,123
7,14,15,18,19,20,21,22,33,34,35,36,37,38,39,40,41,42,43,44,46,47,54,55,56,57,58,59,60,61,62,63,64,65,66,67,68,77,78,79,81,82,83,84,85,86,87,88,99,100,101,102,104,105,106,107,108,109,110,111,122,123,124,125,126,127,128,129,130,131,132,133,137,145,146,147,148,149,150,151,152,153,154,167,168,169,170,171,172,173,174,175,176,190,191,192,193,194,195,196,197,198,199,200,212,213,216,217,218,219,220,221,222,235,238,239,240,241,243,244,260,261,265
81,81,98
1,2,3,4,5,6,7,8,9,10,11,12,13,14,15,16,17,18,19,20,21,22,23,24,25,26,27,28,29,30,32,33,34,35,36,37,38,39,40,41,42,45,46,47,48,49,50,51,54,55,56,57,60,61,62,63,67,68,69,72,73,76,77,78,79,80,83,89,90,91,99,100,101,111,112,113,120,121,122,123,124,125,133,134,135,145,146,155,156,178,179,185,199,200,201,222,244,299
454,454,41
1,2,3,4,5,6,7,8,9,10,11,23,24,25,26,27,28,31,45,46,47,48,49,67,68,69,72,73,89,90,91,111,112,113,114,133,134,135,136,156,157
480,480,26
154,176,193,198,220,233,234,241,242,255,256,263,264,278,285,286,300,306,307,308,310,318,323,328,329,330
199,199,43
42,43,44,59,105,149,153,154,172,176,188,190,198,199,213,219,220,229,232,234,241,242,254,256,257,258,259,263,264,275,277,278,279,280,281,285,286,301,307,308,322,323,330
167,167,54
9,43,44,50,96,100,122,153,154,162,176,187,193,198,199,213,218,219,220,227,228,229,231,232,233,234,241,242,249,263,264,277,278,279,284,286,287,296,298,299,301,302,303,307,308,317,318,320,321,322,323,325,329,330
182,182,72
22,28,42,43,57,65,80,84,110,129,141,154,155,162,168,176,190,198,207,209,212,213,218,219,220,230,232,234,235,241,242,249,250,252,253,254,256,258,262,263,264,265,274,276,277,278,280,281,283,285,286,287,293,294,296,298,299,300,302,307,308,309,310,318,319,320,321,322,323,324,325,330
549,549,62
22,42,43,44,49,50,65,81,108,128,139,141,153,154,155,162,175,176,191,194,198,199,212,213,218,219,220,226,228,229,235,242,252,256,257,263,264,270,271,277,278,284,285,286,287,293,296,298,299,300,302,303,306,307,310,319,321,322,323,328,329,330
573,573,81
3,7,8,9,16,22,35,43,44,49,50,51,65,66,74,81,101,119,127,131,139,150,153,154,155,160,162,175,176,177,187,190,198,199,207,211,212,213,219,220,226,227,232,233,234,235,240,241,242,243,249,250,252,254,258,263,264,274,277,278,281,285,286,287,292,294,295,298,301,302,306,308,316,318,321,322,323,324,328,329,330
328,328,78
7,8,9,10,16,17,22,28,29,32,35,43,65,66,77,79,81,84,101,107,108,110,130,138,139,140,148,153,154,155,160,175,176,191,195,196,197,198,199,211,213,214,219,220,226,228,233,234,235,236,237,241,242,243,252,254,256,257,262,263,264,273,277,278,279,281,285,286,287,299,301,302,307,309,310,322,323,329
288,288,107
3,7,10,11,14,15,16,17,22,28,29,32,35,37,38,39,42,43,49,59,60,63,64,65,66,72,81,82,83,84,103,108,123,130,138,139,140,141,145,147,150,151,152,153,154,155,163,173,175,176,177,189,191,193,195,196,197,198,199,207,211,212,215,218,219,220,221,229,233,234,240,241,242,243,252,254,256,262,263,264,265,276,277,278,279,280,281,284,285,286,287,288,294,299,300,301,302,306,307,309,310,317,319,321,322,323,330
150,150,108
6,7,8,9,11,15,16,19,20,22,28,31,35,36,42,43,44,49,50,55,56,58,59,64,81,82,84,86,106,109,110,117,124,125,126,127,128,130,132,138,139,140,141,143,149,150,152,153,154,155,163,175,176,183,190,191,196,197,198,199,207,210,211,218,219,220,221,226,228,229,233,236,237,242,248,249,251,253,254,255,256,262,263,264,265,273,276,277,278,280,281,284,286,287,288,292,298,299,300,301,302,307,309,321,322,323,324,330
49,49,105
3,6,7,8,9,11,12,13,17,18,19,21,22,28,32,35,36,41,42,43,50,54,56,59,64,65,77,81,85,103,107,117,118,125,126,138,139,143,149,151,153,154,155,160,167,174,175,176,181,182,185,189,191,193,196,197,198,199,209,211,212,213,215,218,219,220,221,231,234,236,240,242,249,258,263,264,265,269,271,273,274,276,277,278,279,280,281,285,286,287,299,300,301,302,307,308,309,310,318,322,323,324,328,329,330
64,64,101
6,7,9,11,13,14,16,20,21,22,28,35,36,38,41,43,44,56,61,64,75,76,77,81,85,86,102,107,108,110,117,120,125,129,131,138,141,143,146,151,154,160,164,167,174,175,176,177,182,197,198,199,207,208,211,218,219,220,221,227,229,231,235,240,241,242,243,249,251,256,257,258,262,263,264,265,269,270,274,277,278,280,284,286,287,288,298,299,300,301,302,307,308,309,310,319,322,323,328,329,330
151,151,67
6,7,11,12,16,17,21,35,40,43,64,77,86,102,107,108,138,139,142,150,153,154,162,176,181,185,193,197,198,199,211,218,219,220,231,237,240,242,243,248,256,263,264,265,269,278,279,280,281,285,287,288,299,301,302,307,308,309,318,319,321,322,323,324,328,329,330
156,156,100
11,15,16,17,20,21,22,28,34,35,42,43,44,56,57,59,61,62,65,66,77,81,86,87,109,117,132,138,139,141,142,143,147,152,153,154,160,167,175,176,181,182,183,185,187,191,198,199,207,212,213,215,218,219,220,221,230,231,233,240,241,242,243,249,251,254,258,262,263,264,265,269,271,273,274,278,279,280,281,285,286,287,292,296,299,300,301,302,306,307,308,309,310,322,323,324,327,328,329,330
48,48,97
16,18,21,29,31,34,42,43,44,50,54,56,60,61,65,72,77,81,86,98,101,102,108,109,110,117,118,129,131,132,138,139,143,150,151,153,154,160,163,175,176,182,191,196,198,199,211,212,215,218,220,221,229,230,232,233,236,242,243,248,253,254,262,263,265,269,270,271,274,276,278,279,280,281,286,287,292,294,296,298,299,300,302,306,307,309,310,312,320,321,322,323,324,325,328,329,330
106,106,84
6,8,10,12,16,17,20,21,22,29,35,39,42,43,44,51,56,61,64,65,81,82,87,102,108,110,117,118,124,125,138,139,152,153,154,159,160,165,175,176,187,196,198,199,218,219,220,221,229,232,237,242,249,251,256,258,263,264,265,270,271,272,274,279,281,285,286,287,291,298,300,301,302,306,307,308,310,320,322,323,324,327,329,330
172,172,91
6,9,14,18,19,20,21,22,26,31,35,39,40,43,44,55,57,65,84,87,103,105,109,110,118,122,129,132,138,139,140,145,146,153,154,160,175,176,183,190,193,198,199,201,202,207,208,219,220,221,227,229,232,233,236,238,241,242,243,249,253,255,256,258,259,262,263,264,265,273,274,276,278,280,284,285,286,287,299,300,301,306,307,309,310,315,317,323,324,328,330
105,105,93
5,6,9,15,16,20,21,34,35,39,40,41,42,43,50,51,61,64,65,87,88,100,103,109,110,117,118,128,129,139,140,142,143,153,154,159,160,167,168,175,176,183,187,189,191,196,197,198,207,210,212,214,219,220,221,226,231,232,233,242,248,249,253,259,263,264,265,273,274,278,279,280,285,286,287,298,299,300,301,302,306,307,308,309,310,317,321,322,323,324,328,329,330
174,174,90
5,7,8,18,19,21,29,35,39,43,64,65,86,87,99,100,101,103,110,118,124,125,131,138,139,153,154,159,160,167,175,176,182,183,185,189,193,197,198,207,212,218,219,220,221,227,231,232,233,234,235,237,241,242,248,249,252,254,257,258,259,260,263,264,265,270,271,274,276,277,278,284,285,286,287,300,301,302,307,308,309,317,321,322,323,324,325,328,329,330
459,459,96
5,6,8,15,17,18,21,39,43,44,59,65,86,87,95,103,110,116,117,118,129,132,139,141,142,143,146,147,153,154,159,160,175,176,182,190,196,197,198,211,214,215,218,219,220,221,231,232,233,234,237,241,242,243,247,249,251,255,256,257,258,260,262,263,264,265,270,271,272,273,274,277,280,281,284,285,286,287,293,297,300,302,303,307,308,309,310,317,320,321,322,323,324,325,328,330
549,549,67
18,21,35,42,43,44,51,60,65,84,109,110,116,118,123,126,131,141,143,153,154,159,160,175,176,183,185,196,197,198,215,218,219,220,221,233,241,242,248,249,251,252,254,258,259,263,264,265,270,271,272,274,285,286,294,300,307,308,309,310,318,319,320,323,328,329,330
450,450,93
5,7,8,20,21,38,41,43,44,60,64,65,85,86,87,106,109,110,116,117,129,138,139,141,142,143,153,154,159,160,174,175,176,181,183,185,189,191,197,198,199,207,210,211,213,218,219,220,221,227,230,232,233,234,241,242,249,250,251,252,254,256,257,258,262,264,265,270,273,274,276,280,281,285,286,287,299,301,302,307,308,309,314,317,319,320,321,322,323,325,328,329,330
448,448,101
8,9,12,15,17,21,22,33,34,42,43,44,59,60,61,64,65,86,87,94,99,109,110,116,121,128,131,132,139,140,141,142,147,153,154,159,160,166,171,174,175,176,179,181,183,185,187,189,190,191,196,197,198,199,207,209,211,219,220,221,230,232,233,237,241,242,243,249,251,257,263,264,269,270,271,272,273,274,277,278,280,281,284,285,286,287,299,300,302,306,307,308,309,315,317,319,321,323,324,328,330
418,418,94
8,18,21,22,33,34,39,42,43,44,64,65,81,86,87,110,116,117,118,128,131,139,140,142,143,144,146,153,154,159,160,166,167,175,176,181,183,185,187,188,189,190,191,196,197,198,199,202,209,210,211,214,215,218,220,221,227,230,232,242,243,249,251,252,257,262,263,264,270,271,272,273,274,283,284,285,286,287,293,296,298,302,307,308,309,316,319,321,322,323,324,328,329,330
425,425,103
2,7,8,17,18,21,22,29,43,44,64,65,86,87,88,94,109,110,116,117,118,129,131,132,141,144,153,154,159,160,163,167,169,175,176,181,183,185,187,196,197,198,199,202,207,208,210,213,214,215,218,219,220,221,229,230,231,232,233,235,240,242,249,250,251,253,256,263,264,269,270,271,272,273,274,275,276,279,280,284,285,286,287,292,294,295,296,299,300,302,306,307,308,309,311,314,316,321,322,323,324,328,330
564,564,94
7,17,20,21,28,42,43,44,61,66,86,87,88,106,107,108,109,110,114,117,124,130,131,139,140,142,143,144,146,151,152,153,154,160,163,165,166,167,175,176,183,188,190,192,195,196,197,198,202,203,207,210,213,214,218,219,220,221,229,241,242,249,250,253,263,264,265,270,271,272,273,274,279,280,285,286,287,293,294,296,297,298,303,306,307,308,309,314,322,323,324,328,329,330
71,71,102
7,16,17,19,21,28,35,37,42,43,44,60,65,66,74,86,87,88,106,107,109,110,114,124,126,127,132,139,142,143,145,152,153,154,159,160,163,166,168,175,176,181,182,183,186,187,189,191,196,197,198,199,202,210,211,215,218,219,220,221,231,232,233,234,241,242,249,253,256,262,263,264,265,270,271,273,274,277,281,283,285,286,287,292,293,297,300,302,303,306,307,308,309,310,314,317,318,324,325,328,329,330
79,79,100
17,21,28,37,42,43,60,61,65,66,82,84,86,87,88,94,104,107,108,110,117,118,126,127,129,130,132,137,139,143,146,153,154,159,160,167,168,175,176,181,183,185,189,190,196,197,198,199,202,203,205,207,210,211,212,219,220,221,224,231,232,234,240,241,242,249,253,254,262,263,264,266,270,271,273,274,277,283,285,286,287,291,293,296,300,302,306,307,308,309,314,316,320,322,323,324,325,328,329,330
405,405,104
7,20,21,22,34,38,41,42,43,44,62,64,65,66,81,84,85,86,87,88,94,107,108,109,114,117,127,128,130,131,132,138,139,141,143,146,148,152,153,154,159,160,163,167,175,176,181,182,183,185,186,189,196,197,198,199,203,205,212,217,218,219,220,221,224,229,235,240,241,242,243,249,256,263,264,265,270,271,273,274,280,281,282,284,286,287,293,296,300,302,303,306,307,308,309,314,315,316,318,320,324,328,329,330
387,387,109
7,17,20,21,29,37,38,42,43,44,64,65,66,81,85,86,87,88,90,104,106,107,108,109,110,114,117,128,129,131,137,138,139,140,141,142,143,146,151,152,153,154,159,160,165,167,174,175,176,181,182,183,188,196,197,198,199,207,208,218,219,220,221,224,229,232,234,240,241,242,246,249,256,257,261,263,264,271,272,273,274,276,279,280,281,283,284,285,286,287,291,292,293,294,300,302,303,306,307,308,315,316,317,322,323,324,325,329,330
61,61,106
6,16,18,21,22,41,43,44,61,62,66,83,84,86,87,88,104,106,108,109,110,114,117,128,129,130,131,132,137,139,142,146,148,152,153,154,159,160,161,168,174,176,181,182,183,185,188,196,197,198,199,201,203,207,208,209,211,212,215,218,219,220,221,224,229,240,241,242,252,257,263,264,266,271,272,273,274,277,279,282,283,284,285,286,292,293,297,300,301,302,303,306,307,308,314,315,316,317,318,319,323,324,325,328,329,330
537,537,1
309
80,80,96
67,89,90,111,112,133,134,135,136,137,139,155,156,157,158,159,160,161,177,178,179,180,181,183,199,200,201,202,208,209,210,211,221,222,223,224,230,231,232,233,234,235,236,243,244,245,254,255,256,257,258,259,260,261,262,263,264,267,274,275,276,277,278,279,280,281,282,283,284,285,286,289,296,298,299,300,301,302,303,304,305,306,307,308,316,318,321,322,323,324,325,326,327,328,329,330
548,548,133
1,2,3,4,19,23,45,59,60,61,62,63,64,65,66,82,83,84,85,86,87,88,93,94,104,105,106,107,108,109,110,113,117,122,123,124,125,126,127,128,129,130,131,132,137,138,144,145,147,148,149,150,151,152,153,154,155,160,166,167,168,169,170,171,172,173,174,175,176,179,190,191,192,193,194,195,196,197,198,213,214,215,216,217,218,219,220,231,232,233,234,235,236,237,238,239,240,241,242,253,254,256,257,258,259,260,261,262,263,264,281,282,283,284,285,286,296,301,302,303,304,305,306,307,308,323,324,325,326,327,328,329,330
118,118,125
1,2,3,13,14,16,17,18,19,20,21,22,23,24,25,27,35,36,37,38,39,40,41,42,43,44,45,46,47,57,58,59,60,61,62,63,64,65,66,68,70,71,72,73,74,80,81,82,83,84,85,86,87,88,90,92,93,94,95,99,101,102,103,104,105,106,107,108,109,110,115,120,121,122,123,124,125,126,127,128,129,130,131,132,143,144,145,146,147,148,149,150,151,152,153,154,166,167,168,169,170,171,172,173,174,175,176,190,191,192,193,194,195,196,197,198,214,215,216,218,219,220,237,238,239
307,307,115
1,2,3,4,5,7,8,9,10,11,12,13,14,15,16,17,18,19,20,21,22,23,24,25,26,27,28,29,30,31,32,33,34,35,36,37,38,39,40,41,42,43,44,49,50,51,52,53,54,55,56,57,58,59,60,61,62,63,64,65,66,74,75,76,77,78,79,80,81,82,83,84,85,86,87,88,96,98,99,100,101,102,103,104,105,106,107,108,109,110,120,121,122,123,124,125,126,127,128,129,130,131,132,144,145,146,147,148,149,151,152,153,154,170,171
292,292,113
1,2,3,4,5,6,9,10,11,12,13,14,15,16,17,18,19,20,21,22,23,24,25,26,27,28,29,31,32,33,34,35,36,37,38,39,40,41,42,43,44,45,47,49,50,51,52,53,54,55,56,57,58,59,60,61,62,63,64,65,66,67,68,69,73,74,76,77,78,79,80,81,82,83,84,85,86,88,89,98,99,100,101,102,103,104,105,106,111,118,119,120,121,122,123,124,125,126,127,142,144,145,146,147,163,164,166,167,188,191,234,308,309
227,227,101
1,2,3,4,5,6,8,9,10,11,12,13,14,15,16,17,18,19,23,24,25,26,27,28,31,32,33,34,35,36,37,38,39,40,45,46,47,48,49,50,51,52,53,54,55,56,57,58,59,60,61,62,67,71,72,73,74,75,76,77,78,79,80,81,82,83,84,95,96,97,98,99,100,101,102,103,104,105,121,122,123,124,125,126,142,143,144,145,146,147,165,167,168,169,170,191,270,304,306,308,329
272,272,80
1,2,3,4,5,10,11,12,13,14,15,16,17,18,19,23,24,25,26,28,29,31,32,33,34,35,36,37,38,45,46,47,51,52,53,54,55,56,57,58,59,60,67,68,74,78,79,80,81,82,99,100,101,102,103,104,105,121,122,123,124,125,126,145,146,147,165,166,168,169,187,189,190,192,209,210,232,236,327,328
493,493,57
1,2,3,4,5,11,12,13,14,15,16,23,24,25,35,36,37,45,46,47,57,58,59,60,67,71,73,74,79,80,83,89,90,95,99,112,121,122,139,144,145,147,166,167,169,170,188,190,191,213,214,223,245,258,327,328,329
457,457,36
1,2,4,12,13,14,15,16,23,24,25,35,36,37,45,46,47,58,68,69,74,90,95,111,112,122,146,147,166,167,169,188,191,223,245,328
443,443,10
1,2,3,4,15,23,24,47,68,90
238,238,17
109,150,151,152,173,174,175,176,195,196,197,217,220,241,242,264,286
450,450,19
20,110,150,151,172,173,174,176,178,195,196,213,219,242,261,263,264,285,286
365,365,66
20,42,43,44,64,66,86,105,106,107,108,109,127,128,129,131,135,149,150,151,152,153,154,157,171,172,173,174,175,176,179,194,195,196,197,198,199,213,214,217,218,219,234,237,239,240,241,242,248,260,261,262,263,264,265,278,283,284,285,299,302,309,310,325,327,330
61,61,55
20,41,43,44,64,66,105,106,107,108,109,110,126,128,129,130,131,149,150,151,152,154,171,172,173,174,175,176,192,194,195,196,197,198,217,218,219,220,221,238,240,241,242,243,261,262,264,265,285,286,287,308,310,327,330
305,305,72
20,21,22,40,42,43,44,64,65,66,86,87,88,105,107,108,109,110,115,127,128,129,130,132,150,151,152,153,154,171,172,173,174,175,176,179,192,193,194,195,196,197,198,215,216,217,218,219,220,239,240,241,242,243,262,263,264,270,278,279,282,283,284,285,286,287,288,302,308,309,310,330
54,54,78
19,20,21,40,41,42,43,44,64,66,85,86,105,106,107,109,110,125,126,127,128,129,130,132,135,136,149,150,151,152,153,154,168,171,172,173,174,175,176,192,194,195,196,197,198,213,216,217,218,219,220,235,239,240,241,242,243,257,258,260,262,263,264,265,281,282,283,284,285,286,287,305,306,309,310,325,329,330
423,423,81
19,20,21,39,42,43,44,60,65,66,86,88,105,106,107,109,110,127,128,129,130,131,132,135,136,149,150,151,152,153,154,157,171,172,173,174,175,176,191,193,194,195,196,197,198,213,214,215,216,217,218,219,220,236,239,240,241,242,243,258,260,261,262,263,264,265,278,279,285,286,287,288,300,303,305,309,323,324,325,326,330
435,435,79
20,42,43,44,60,63,66,88,105,106,107,108,109,110,124,127,128,129,130,132,136,149,150,151,153,154,168,172,173,174,175,176,179,192,193,194,195,196,197,212,213,214,215,216,217,218,219,221,235,238,239,240,241,242,243,255,258,259,261,262,263,264,265,270,278,279,282,283,284,285,286,301,302,308,309,323,326,327,330
415,415,87
19,20,21,39,41,42,43,44,59,61,64,73,86,88,93,106,107,108,109,110,126,127,128,129,130,131,132,135,136,150,151,152,153,154,157,168,171,172,173,174,175,176,192,193,194,195,196,197,198,212,213,214,215,216,217,218,219,220,233,238,239,240,241,242,243,255,257,262,263,264,279,281,283,284,285,286,301,302,305,306,308,309,324,325,327,329,330
204,204,84
19,20,40,41,42,43,44,60,63,83,85,86,87,88,106,107,108,109,110,126,127,128,129,130,131,132,136,144,149,150,151,152,153,154,166,168,171,172,173,174,175,176,179,190,191,192,194,195,196,197,198,201,212,215,216,217,218,219,220,240,241,242,256,257,258,260,261,262,263,265,278,279,282,283,284,285,286,301,305,306,308,309,324,330
390,390,62
18,19,20,43,44,60,63,64,85,86,87,88,96,107,108,109,110,124,129,130,131,132,143,150,151,152,153,154,157,167,168,172,173,174,175,176,191,194,195,196,197,198,213,215,217,218,219,220,233,234,239,240,241,242,263,265,270,286,300,301,311,330
197,197,85
19,20,41,42,43,44,59,60,63,64,65,66,85,86,88,106,107,108,109,110,123,125,128,129,130,131,132,135,143,146,149,150,151,152,153,154,167,168,169,171,172,173,174,175,176,191,192,194,195,196,197,198,213,214,215,216,217,218,219,220,221,233,239,241,242,243,255,256,257,258,262,263,264,280,284,285,300,301,306,308,310,311,323,324,325
390,390,81
19,20,22,41,42,43,44,59,60,63,65,66,83,85,86,87,88,106,107,108,109,110,113,125,126,128,129,130,131,132,135,143,144,146,149,150,151,152,153,157,167,168,169,170,171,172,173,174,175,176,191,192,193,194,196,197,198,213,214,215,217,218,219,220,233,234,239,243,256,257,263,264,284,285,286,301,306,308,309,310,323
391,391,78
19,20,40,42,43,44,63,64,66,83,84,85,86,87,88,105,106,107,108,109,110,114,124,126,127,128,129,130,131,132,143,144,146,149,150,151,152,153,168,170,172,173,174,175,192,193,194,195,196,197,198,199,211,213,214,215,218,219,220,233,239,243,256,258,261,262,263,264,265,266,284,285,287,301,310,311,323,330
189,189,90
18,19,20,21,38,42,43,60,63,64,65,66,82,83,85,86,87,88,92,101,105,106,107,108,109,110,113,124,128,129,130,132,135,137,143,144,146,149,151,152,153,154,157,167,168,172,173,174,175,176,189,191,192,193,194,195,196,197,198,211,213,214,215,218,219,220,233,239,240,241,242,243,256,258,262,263,280,284,285,288,289,292,301,308,309,310,311,323,324,330
434,434,56
19,20,42,43,44,66,86,107,108,109,110,124,128,130,132,143,150,151,152,153,154,168,169,173,174,175,179,192,194,195,196,197,198,203,213,214,215,217,218,219,220,234,236,239,240,242,243,258,263,264,280,284,285,310,323,330
233,233,72
19,20,42,60,62,66,83,85,86,88,92,101,106,107,108,109,110,113,124,128,129,130,132,146,149,150,151,152,153,154,168,170,171,172,173,174,175,176,190,191,192,193,194,195,197,198,211,212,213,214,215,217,218,219,220,233,234,239,240,241,242,243,262,263,265,284,287,301,308,310,323,330
381,381,89
16,19,20,42,43,44,60,61,63,65,66,81,84,85,86,87,88,99,104,106,107,108,110,123,124,125,128,129,130,131,132,149,150,151,152,153,154,157,168,169,170,171,172,173,174,175,176,177,179,189,190,191,192,193,194,195,196,197,198,211,212,213,214,215,216,217,218,219,220,233,240,241,242,243,244,262,263,264,265,266,280,284,286,287,288,301,302,311,323
173,173,87
18,19,20,38,42,43,44,61,62,63,64,65,66,80,85,86,87,88,92,102,106,107,108,109,110,123,124,125,128,129,130,132,146,150,151,152,153,154,156,157,169,170,171,172,173,174,175,176,189,190,191,192,193,194,195,196,197,198,212,214,215,216,217,218,219,220,221,233,239,240,241,242,243,258,262,263,264,265,271,284,285,286,287,302,308,309,323
493,493,14
19,20,59,105,106,128,131,132,173,195,196,197,231,235
342,342,44
19,20,40,42,43,58,61,62,63,64,65,80,83,85,86,87,102,105,106,107,108,109,110,124,125,128,129,130,131,132,151,153,154,171,172,173,174,175,176,195,198,219,220,305
226,226,7
86,87,108,128,153,173,198
430,430,30
11,47,214,236,237,259,260,261,263,264,268,274,278,281,282,283,284,285,286,298,303,304,305,306,307,308,317,318,325,326
25,25,55
11,15,32,33,206,213,215,229,230,234,236,237,238,239,240,242,251,252,256,257,258,259,260,261,262,263,264,273,274,278,280,281,282,283,284,285,286,294,295,296,298,301,302,303,304,305,306,307,308,318,325,326,327,328,329
520,520,75
11,13,33,35,37,116,184,207,209,215,216,217,218,219,220,228,229,230,231,234,235,237,238,239,240,241,242,245,252,255,256,258,259,260,261,262,263,264,268,273,274,278,280,281,282,283,284,285,286,290,292,295,296,298,299,300,301,302,303,304,305,306,307,308,312,313,318,322,324,325,326,327,328,329,330
50,50,96
147,148,169,170,171,184,185,193,194,195,196,197,198,207,209,211,213,215,216,217,218,219,220,224,229,230,231,233,234,235,236,237,238,239,240,241,242,251,252,253,256,257,258,259,260,261,262,263,264,268,274,275,276,278,279,280,281,282,283,284,285,286,290,291,294,295,296,297,298,299,300,301,302,303,304,305,306,307,308,312,313,316,317,318,319,320,321,322,323,324,325,326,327,328,329,330
237,237,104
153,171,172,173,174,175,176,192,193,194,195,196,197,198,212,213,214,215,216,217,218,219,220,229,230,231,232,233,234,235,236,237,238,239,240,241,242,251,252,254,255,256,257,258,259,260,261,262,263,264,267,273,274,275,276,277,278,279,280,281,282,283,284,285,286,291,293,294,295,296,297,298,299,300,301,302,303,304,305,306,307,308,309,310,311,312,313,314,315,316,317,318,319,320,321,322,323,324,325,326,327,328,329,330
321,321,123
126,127,130,131,132,146,147,148,149,150,151,152,153,154,167,169,170,171,172,173,174,175,176,186,187,188,190,191,192,193,194,195,196,197,198,206,207,208,209,210,211,213,214,215,216,217,218,219,220,224,228,229,230,231,232,234,235,236,237,238,239,240,241,242,244,245,251,252,253,256,257,258,259,260,261,262,263,264,267,268,269,274,275,278,279,280,281,282,283,284,285,286,289,290,291,295,296,297,298,299,300,301,303,304,305,306,307,308,310,311,312,313,317,318,319,320,324,325,326,327,328,329,330
24,24,119
12,13,15,16,17,18,19,20,21,22,34,35,37,38,39,40,41,42,43,44,47,48,49,55,56,57,58,59,60,61,62,63,64,65,66,67,68,69,70,75,77,78,79,80,81,82,83,84,85,86,87,88,89,90,91,98,99,100,101,102,103,104,105,106,107,108,109,110,111,112,113,117,118,119,120,121,122,123,124,125,126,127,128,129,130,131,132,133,134,136,142,143,144,145,146,147,148,149,150,151,152,153,154,155,156,157,160,169,170,171,172,173,174,175,176,177,179,200,222
571,571,95
1,2,3,4,5,6,7,8,9,10,11,12,13,14,15,16,17,18,19,20,21,22,23,24,25,26,27,28,29,30,31,32,33,34,35,36,37,38,39,40,41,42,43,44,45,46,47,48,51,52,53,54,55,56,57,58,59,60,61,62,63,64,65,66,67,68,73,74,75,76,77,79,80,81,82,83,84,85,89,90,102,103,104,105,106,111,112,121,122,133,134,135,155,156,178
277,277,41
1,2,3,4,5,6,7,8,9,10,12,23,24,25,26,27,28,29,32,45,46,47,48,49,50,67,69,70,71,72,73,74,78,89,91,92,93,95,111,133,155
202,202,41
86,153,154,168,173,175,191,196,204,209,211,213,220,226,228,238,251,263,271,272,276,278,280,282,283,286,288,291,293,300,301,303,306,311,313,314,315,318,323,324,330
101,101,67
14,43,44,64,65,79,83,85,86,87,88,102,107,109,122,129,131,149,153,154,168,169,170,172,174,175,176,187,188,189,191,198,209,210,211,212,215,216,218,219,226,227,228,233,235,236,238,239,241,242,245,248,250,251,256,258,267,271,272,283,288,294,301,309,313,315,316
181,181,78
14,19,30,35,39,42,43,44,56,61,80,87,88,102,104,107,108,109,122,123,128,129,130,132,144,153,154,159,167,168,170,174,175,176,177,188,191,196,197,198,210,211,212,215,220,226,227,228,232,234,235,239,242,245,249,254,257,267,272,273,279,286,287,288,293,294,300,301,302,303,304,309,311,313,314,315,323,330
262,262,75
35,39,41,42,43,64,65,80,86,87,88,102,107,121,122,131,144,145,146,148,149,154,165,166,169,175,176,187,188,189,191,195,205,210,212,215,219,220,226,227,228,235,238,239,248,249,250,251,259,260,265,267,271,272,273,276,278,281,287,290,291,292,299,300,301,302,303,304,306,308,309,311,313,326,330
526,526,85
3,39,40,43,59,61,64,65,70,80,85,87,88,101,102,109,123,143,144,148,149,152,153,154,160,162,167,169,175,176,190,191,195,210,211,216,218,219,221,226,227,228,233,234,235,242,245,249,250,255,256,262,268,270,271,272,273,274,276,278,279,281,285,287,288,291,292,294,295,298,299,300,301,303,309,310,311,313,314,315,316,319,325,329,330
58,58,105
16,19,31,37,39,40,43,44,58,61,64,65,79,80,82,85,86,87,88,90,99,102,105,108,109,110,121,123,124,126,127,128,129,131,138,142,143,144,146,149,158,159,160,161,162,169,171,173,175,176,187,189,191,192,197,198,203,205,210,211,216,219,220,221,222,226,227,228,233,235,236,243,245,246,249,250,251,255,256,257,261,265,267,270,271,272,273,287,288,291,292,294,298,299,300,301,304,306,309,310,314,315,316,320,330
526,526,112
15,16,23,31,36,37,39,40,41,42,43,44,47,59,61,64,65,66,67,68,69,77,79,81,83,85,87,88,90,93,104,105,109,110,114,115,116,117,121,122,123,127,130,131,132,140,143,144,146,149,154,157,159,160,162,164,165,169,182,187,189,190,192,195,199,201,205,210,212,213,219,221,226,227,231,232,233,236,238,243,245,246,249,251,256,259,264,268,269,270,271,272,273,276,278,279,287,288,289,292,293,294,298,300,309,311,313,314,315,317,325,326
290,290,114
9,16,18,19,26,30,39,40,42,43,44,46,47,48,49,56,59,60,61,63,64,65,66,67,80,83,86,87,88,89,90,91,92,93,95,96,101,110,112,123,127,138,140,144,149,153,154,159,160,165,166,169,170,172,175,177,189,190,191,192,194,199,201,203,204,210,211,212,220,221,222,226,232,233,235,237,238,245,246,247,248,249,251,255,256,259,263,264,266,267,271,272,273,274,278,279,282,287,288,289,290,291,292,293,294,295,300,312,313,314,315,316,317,330
526,526,99
13,16,17,18,19,24,37,39,40,41,42,45,47,61,64,65,66,68,71,72,73,86,87,88,89,90,93,94,96,101,102,107,109,110,112,117,122,123,128,131,132,138,144,149,157,159,160,162,170,177,179,182,194,195,197,199,200,204,210,211,212,221,222,224,226,232,233,235,243,245,246,247,248,249,250,267,269,270,271,272,273,284,287,292,293,294,295,302,305,306,311,312,313,314,315,316,317,324,330
175,175,116
1,13,17,18,19,20,26,32,35,37,40,41,42,44,45,47,59,61,65,67,68,80,83,85,87,88,89,90,94,96,101,105,108,109,110,111,112,113,115,116,117,121,125,128,132,134,138,140,148,149,152,153,155,160,162,165,166,167,169,172,174,175,177,179,181,187,188,190,191,192,194,199,201,203,205,210,212,213,214,218,220,221,222,223,224,235,240,242,244,246,247,248,249,259,260,267,268,269,272,273,280,287,290,291,292,293,294,295,300,309,310,313,315,316,317,320
570,570,111
16,17,19,20,27,35,37,39,40,41,43,44,45,46,47,60,61,64,65,66,67,80,83,85,86,87,88,89,92,96,100,105,106,107,108,109,111,112,113,116,117,121,122,124,125,127,134,136,138,149,154,155,156,157,159,160,167,170,172,175,177,179,181,188,190,192,197,199,200,201,202,205,210,211,212,213,217,221,222,223,224,228,232,235,236,240,243,244,245,247,249,256,259,269,272,273,274,291,292,293,295,301,308,309,312,313,314,315,316,317,324
1,1,118
17,18,19,35,39,40,41,42,44,45,46,47,48,49,58,59,60,61,63,64,65,66,67,68,69,70,71,80,83,86,87,88,89,91,93,96,101,102,108,109,110,112,113,116,117,121,125,127,130,131,134,136,138,145,149,152,160,166,172,173,175,177,178,179,182,188,190,192,194,196,199,200,201,202,204,205,210,212,213,216,218,219,221,222,223,225,226,236,238,241,244,245,246,247,249,251,265,266,267,269,270,271,273,274,278,280,287,291,292,295,301,309,313,314,316,317,329,330
458,458,114
16,17,18,19,20,23,37,38,39,40,41,42,43,45,46,47,48,61,63,64,65,66,67,80,84,86,87,88,89,92,93,94,96,101,103,104,107,108,109,110,112,113,114,116,117,121,128,129,130,132,134,135,136,138,149,154,155,160,165,168,170,172,173,177,179,190,192,195,196,197,199,200,201,202,203,205,210,212,215,221,222,223,224,225,227,234,236,244,245,246,247,259,266,267,269,270,271,272,273,274,278,287,291,292,293,295,301,309,310,312,313,315,316,317
459,459,113
2,15,17,18,19,23,37,38,40,42,43,45,46,59,60,61,63,64,65,66,67,68,69,83,86,87,88,89,95,105,107,108,109,110,111,112,113,114,122,125,129,130,131,132,134,135,136,138,139,145,153,154,155,156,159,160,166,167,170,171,172,173,177,179,181,189,190,191,192,199,201,202,204,205,210,211,215,216,219,221,222,223,227,234,237,242,244,245,247,248,249,265,266,267,269,272,273,274,279,280,284,287,290,291,292,295,308,312,313,314,315,317,330
535,535,96
5,17,19,22,23,24,26,39,40,41,43,45,47,48,61,63,65,66,67,69,72,83,84,85,86,87,88,89,92,95,96,105,107,108,109,111,112,113,114,116,117,121,122,124,125,128,134,136,156,160,168,171,172,177,179,181,190,192,194,195,199,200,201,202,203,204,205,210,221,222,223,224,234,236,242,244,245,247,265,269,271,272,274,287,289,291,293,295,309,312,313,314,315,316,317,330
455,455,77
2,17,18,19,20,23,24,41,43,45,47,48,64,65,66,67,69,88,89,92,93,105,106,109,110,111,112,114,115,117,125,127,128,134,136,138,144,147,153,154,155,165,179,190,192,199,200,201,205,213,215,221,222,223,227,233,249,265,266,268,271,272,273,274,287,290,291,292,293,306,309,312,313,314,315,316,317
214,214,102
16,17,18,19,22,23,25,37,40,43,45,46,47,59,61,62,64,65,66,67,69,71,83,87,88,89,92,93,94,95,104,105,106,107,109,110,111,112,113,114,116,117,128,134,136,137,138,149,152,154,155,165,166,168,169,170,173,177,179,187,191,192,200,205,210,211,212,215,217,218,220,221,223,228,240,243,244,251,264,266,267,269,271,272,273,274,278,287,288,289,290,291,292,293,295,309,313,315,316,317,320,323
428,428,76
17,22,23,24,42,43,45,47,65,66,67,68,69,70,82,83,87,88,89,90,92,94,95,101,106,109,110,111,112,113,115,117,128,130,131,132,134,136,147,152,153,154,155,157,173,177,179,195,201,202,205,210,215,218,221,240,249,265,267,268,269,271,272,274,279,287,291,293,295,300,309,312,313,317,322,328
550,550,103
17,18,19,20,23,25,37,39,40,42,43,44,45,46,47,48,60,63,64,65,66,67,68,69,83,86,88,89,90,91,92,93,94,100,101,102,106,107,108,109,110,111,112,113,116,117,123,126,127,128,130,132,133,134,136,140,149,150,151,152,153,154,155,157,170,177,179,181,190,194,199,202,203,205,215,222,223,243,244,247,249,251,269,272,273,274,287,288,290,291,292,293,295,296,309,312,313,315,316,317,318,320,323
139,139,96
6,17,18,19,20,23,24,37,39,42,43,45,47,48,49,61,64,65,66,67,68,69,70,82,83,85,86,87,88,89,90,91,92,93,94,100,106,107,111,112,113,114,115,117,127,128,132,133,134,136,146,150,155,156,157,166,171,177,178,179,183,194,199,201,202,204,205,210,219,221,223,227,233,237,249,251,269,271,272,274,279,287,288,290,291,292,293,294,295,304,309,312,313,315,320,323
566,566,114
5,17,18,19,23,24,37,39,40,41,43,45,46,47,48,61,63,64,65,66,67,68,69,71,83,86,87,88,89,90,91,92,93,94,95,101,103,106,107,108,110,111,112,113,114,115,116,127,128,132,133,134,136,138,139,147,149,150,152,153,155,156,157,165,166,171,173,177,178,179,180,183,189,193,199,201,203,204,205,210,211,216,217,221,222,227,237,239,247,249,250,251,265,266,267,268,269,271,272,273,274,279,287,288,289,291,294,295,298,312,315,316,320,323
170,170,111
5,17,19,20,23,24,26,39,41,42,43,44,45,46,48,61,63,65,66,67,70,79,82,83,86,87,88,89,90,91,92,93,94,95,100,104,105,107,108,109,110,111,112,113,114,115,117,128,133,134,136,137,138,140,149,154,155,156,158,159,170,171,177,179,180,181,183,190,191,194,201,202,204,205,209,210,215,217,221,222,223,243,247,249,250,251,252,254,255,258,267,269,271,272,273,274,279,287,289,290,293,294,295,296,312,313,315,316,317,320,323
423,423,96
1,3,5,18,23,24,39,41,43,45,46,47,60,61,63,64,65,66,67,68,70,82,83,87,88,89,90,91,92,93,94,102,106,107,108,109,110,111,112,113,114,116,126,130,132,133,134,136,137,139,149,150,153,155,157,158,159,177,178,179,181,193,194,199,203,204,205,210,215,221,225,227,232,235,243,247,248,249,250,252,254,265,268,269,271,272,274,287,291,295,296,313,314,315,316,320
15,15,117
1,3,5,18,22,23,24,25,38,39,41,43,44,45,46,47,48,60,61,63,64,65,66,67,68,69,70,76,83,85,87,88,89,90,91,92,93,101,102,109,110,111,112,113,114,115,116,123,126,131,132,133,134,136,138,139,147,149,150,156,157,159,177,178,179,181,183,191,193,195,201,202,205,206,214,215,221,222,223,225,227,239,241,243,244,246,247,248,249,250,251,254,265,267,269,271,272,273,274,276,279,285,286,287,289,293,294,306,309,311,313,314,315,316,317,320,323
263,263,120
1,2,3,17,18,19,21,23,24,38,42,43,44,45,46,47,48,49,60,61,64,65,66,67,68,69,70,71,79,87,88,89,90,91,92,101,106,108,111,112,113,114,116,117,118,123,126,128,129,131,132,133,134,135,136,138,147,149,150,152,155,156,157,158,167,172,175,177,178,179,183,184,188,193,197,199,200,201,209,210,211,214,215,221,222,227,230,232,237,242,243,249,256,264,265,271,272,274,276,279,285,286,287,288,289,290,295,298,301,307,309,311,312,313,316,317,318,319,320,323
395,395,121
1,3,5,18,20,21,23,26,38,42,43,44,45,46,47,48,49,55,60,61,62,63,65,66,67,68,70,71,74,76,77,82,83,85,87,88,89,90,92,98,105,106,110,111,112,113,114,115,116,117,123,125,126,130,132,133,134,135,138,139,147,150,152,155,156,157,168,171,175,177,178,179,183,186,193,199,201,202,204,205,209,210,211,221,228,230,231,233,242,243,249,250,251,254,256,259,264,265,266,267,272,274,282,283,286,287,290,295,298,307,309,312,313,316,317,318,319,320,321,323,328
368,368,128
1,3,4,18,19,20,21,22,23,24,26,27,37,38,41,42,43,44,45,46,47,48,49,59,60,61,64,65,66,67,68,69,70,77,85,87,88,89,90,91,92,95,106,109,110,111,112,113,114,116,118,121,128,132,133,134,135,139,140,143,144,147,148,149,150,155,156,157,167,173,176,177,178,179,183,184,188,193,199,200,203,204,205,209,211,213,214,216,218,220,221,222,227,228,233,240,241,242,243,245,248,249,250,251,252,256,267,268,271,272,274,280,285,287,289,290,295,298,309,311,312,313,317,318,319,320,322,323
184,184,126
1,3,4,5,17,18,20,21,22,23,25,26,35,39,40,41,42,43,44,45,46,47,48,49,59,61,63,64,65,66,67,68,69,70,71,80,82,83,85,87,88,89,90,91,92,96,104,105,107,109,110,111,112,113,116,127,131,132,133,134,135,144,148,150,154,155,156,162,165,169,171,173,177,178,188,193,199,200,202,203,204,209,210,211,214,216,220,221,227,232,233,234,240,242,243,244,248,249,251,252,256,264,267,268,272,274,280,286,287,289,290,291,295,296,297,298,311,312,313,316,317,318,319,320,321,322
22,22,103
1,3,5,7,18,19,21,22,23,26,37,40,43,44,45,46,47,48,49,59,61,65,66,67,68,69,70,71,87,88,89,90,91,92,96,109,110,111,112,113,114,116,126,128,133,134,144,154,155,156,157,171,177,178,180,183,188,199,203,205,206,209,210,211,222,226,227,230,231,232,234,235,242,243,245,249,250,252,253,264,266,268,271,272,274,276,286,287,290,291,295,298,300,301,309,311,312,313,316,317,318,319,323
201,201,122
1,3,4,5,7,18,21,22,23,24,26,29,38,40,43,44,45,46,47,48,51,59,60,61,65,66,67,68,69,70,79,80,81,83,86,87,88,89,90,91,92,95,96,106,107,109,110,111,112,113,117,127,130,133,134,139,155,156,163,165,170,171,177,178,179,183,188,199,200,201,203,205,209,211,212,218,222,224,226,227,228,230,232,233,234,235,242,243,244,245,252,256,262,263,264,268,271,272,274,275,276,280,282,286,287,291,294,296,297,298,300,309,311,312,313,316,317,318,319,320,321,323
530,530,9
23,44,46,65,66,70,90,139,253
300,300,92
89,111,112,113,133,134,135,136,137,155,156,157,158,159,160,177,178,179,180,181,182,183,199,200,201,202,203,204,205,207,221,222,223,224,225,226,227,232,233,245,246,247,248,249,250,255,256,257,258,259,260,263,264,268,279,280,281,282,283,284,285,286,287,288,289,298,300,301,302,303,304,305,306,307,308,309,310,311,312,313,316,318,321,322,323,324,325,326,327,328,329,330
540,540,140
3,7,9,10,16,17,28,29,34,35,36,37,38,39,40,41,46,47,51,52,53,54,57,58,59,60,61,62,63,64,65,67,68,81,82,83,84,85,86,87,89,92,104,105,106,107,108,109,110,111,112,125,126,127,128,129,130,131,132,133,135,138,148,149,150,151,152,154,155,156,158,159,160,170,171,172,173,174,175,176,179,180,182,187,192,193,194,195,196,197,198,205,206,211,213,214,215,216,217,218,219,220,228,235,236,238,239,240,241,242,258,259,260,261,262,263,264,278,279,280,281,282,283,284,285,286,302,303,304,305,306,307,308,323,324,326,327,328,329,330
548,548,127
1,4,5,6,7,8,9,10,11,12,13,14,15,16,17,18,19,20,21,22,24,25,26,27,28,29,30,31,32,33,34,35,36,37,38,39,40,41,42,43,44,45,46,47,48,49,50,52,55,56,57,58,59,60,61,62,63,64,65,66,69,72,79,80,81,82,83,84,85,86,87,88,100,102,103,104,105,106,107,108,109,110,124,125,126,127,128,129,130,131,132,146,148,149,150,151,152,153,154,167,169,170,171,172,173,174,175,176,191,193,194,195,196,197,198,216,217,218,219,220,239,240,241,242,262,313,328
325,325,114
2,3,4,5,6,7,8,9,10,11,12,13,14,15,16,17,18,19,20,21,22,26,27,28,29,30,31,32,33,34,35,36,37,38,39,40,41,42,43,44,49,50,52,53,54,55,56,57,58,59,60,61,62,63,64,65,66,75,76,77,78,79,80,81,82,83,84,85,86,87,88,95,99,100,101,102,103,104,105,106,107,108,109,110,122,123,124,125,126,127,128,129,130,131,132,146,147,148,149,150,151,152,153,154,170,171,172,173,174,175,176,193,194,198
267,267,111
1,2,3,4,5,6,7,8,9,10,11,12,13,14,15,16,17,18,19,20,21,22,23,25,26,27,28,29,30,31,32,33,34,35,36,37,38,39,40,41,42,43,44,45,46,47,48,49,50,51,54,55,56,57,58,59,60,61,62,63,64,65,66,71,72,76,77,78,79,80,81,82,83,84,85,86,87,88,91,92,97,98,99,100,101,102,103,104,105,106,108,109,110,119,120,121,125,126,127,128,130,131,132,151,152,174,175,215,216,261,284
392,392,101
1,2,3,4,5,6,7,8,9,10,11,12,13,14,16,20,23,24,25,26,27,28,31,32,33,34,35,36,37,45,46,48,49,50,51,52,53,54,55,56,57,58,59,67,70,71,72,73,74,75,76,77,78,79,80,81,87,88,94,95,96,97,98,99,100,101,103,105,108,109,110,114,120,121,125,130,131,138,142,147,148,152,159,169,170,191,192,193,194,211,214,215,216,236,237,238,239,260,261,283,300
104,104,85
1,2,3,4,5,10,11,12,13,16,17,23,27,31,33,34,35,36,50,51,53,54,55,56,57,58,59,71,72,73,74,75,76,77,78,79,80,81,95,97,98,99,100,101,102,103,105,120,121,125,146,147,148,155,158,159,165,181,191,192,193,199,200,202,213,214,215,224,225,226,227,235,236,237,245,246,247,255,259,260,270,282,292,312,322
203,203,68
1,2,3,11,23,33,34,35,38,54,55,56,57,58,72,73,74,75,78,79,80,81,95,99,102,103,119,121,146,147,155,158,159,165,169,177,188,191,192,193,202,203,212,213,214,215,224,226,228,235,236,237,238,246,247,248,259,265,269,270,271,292,293,300,312,315,322,325
485,485,49
1,2,23,34,55,56,57,58,73,74,75,76,77,79,80,103,120,139,142,143,155,156,158,159,180,183,192,199,206,213,214,226,227,228,235,236,237,247,248,249,250,270,271,292,299,311,315,321,322
11,11,23
56,57,73,77,80,121,156,159,203,206,226,227,228,235,246,247,249,271,292,293,315,321,322
456,456,14
20,22,40,44,61,63,64,65,66,82,85,87,107,219
169,169,14
18,19,43,52,64,66,85,87,107,129,149,150,238,241
507,507,51
15,16,17,18,19,21,39,40,41,44,57,60,62,63,64,65,66,79,82,85,86,87,88,102,105,107,109,110,123,125,126,129,130,131,132,147,148,149,151,152,154,168,169,174,195,197,219,220,241,257,279
448,448,93
8,13,14,15,17,18,19,20,21,22,36,37,38,39,40,41,42,43,44,57,58,59,60,61,63,64,65,66,68,79,81,82,83,84,85,86,87,100,101,102,103,104,105,107,108,109,110,113,123,125,126,127,128,129,130,131,132,133,147,149,150,151,152,153,154,166,168,169,171,174,175,188,195,197,199,210,213,216,219,220,232,239,240,241,242,254,257,262,264,276,279,308,326
150,150,47
11,16,18,20,21,36,37,39,40,42,43,44,60,62,63,64,65,69,81,82,83,84,85,86,87,105,107,108,126,127,128,129,130,132,148,149,150,151,152,154,171,175,197,216,227,232,262
165,165,60
15,16,17,18,20,21,36,40,41,42,43,44,59,60,61,63,65,66,78,79,82,83,84,85,86,87,89,102,104,107,108,109,123,126,130,131,132,137,151,152,168,169,173,174,175,176,192,196,197,213,214,216,231,232,233,253,254,257,261,264
485,485,99
8,11,14,15,16,17,18,20,21,22,30,35,36,37,38,39,40,41,43,44,54,57,58,59,60,61,62,63,64,66,68,69,78,79,83,84,87,88,89,100,102,104,105,107,108,109,110,112,122,123,125,126,127,128,129,130,131,132,146,147,148,149,150,151,152,153,154,155,156,166,168,169,170,175,184,188,190,191,192,193,195,210,211,213,214,219,231,232,233,239,242,253,254,257,261,262,276,279,301
303,303,111
9,13,14,15,16,17,18,19,20,21,22,31,34,35,36,37,38,39,40,42,43,44,56,57,58,59,60,61,63,64,65,66,67,68,78,79,82,83,84,85,86,87,88,99,100,101,102,103,104,105,107,108,109,110,111,112,122,123,124,125,126,127,129,130,131,132,144,145,147,148,149,150,151,152,154,161,166,168,169,170,174,175,176,184,188,192,195,196,210,211,212,213,214,216,227,232,233,235,238,240,241,242,253,254,256,264,276,279,308,319,330
196,196,102
8,13,14,15,16,17,18,19,20,21,22,30,31,34,36,37,38,39,40,42,43,44,51,52,57,58,59,60,61,62,63,64,65,66,69,78,79,84,87,99,102,103,104,107,108,109,110,111,122,123,124,125,126,127,128,130,131,132,147,148,149,150,151,153,154,156,168,169,170,171,173,174,188,189,190,192,195,197,211,212,213,214,216,217,219,223,227,230,231,232,233,235,238,242,253,254,256,257,274,276,279,283
452,452,75
8,9,13,14,15,16,17,20,21,22,31,33,35,36,37,39,40,41,42,44,56,57,58,59,60,61,63,77,78,79,80,82,83,84,86,88,100,102,103,105,111,121,122,123,125,126,127,128,129,130,131,132,148,149,151,153,168,169,171,190,192,193,210,212,213,214,218,231,233,253,254,257,274,279,280
433,433,92
7,8,9,13,15,16,17,18,19,20,21,23,30,31,32,34,36,37,38,39,40,41,42,43,44,45,59,61,62,64,65,66,67,68,78,79,81,85,86,87,88,100,101,105,107,109,110,111,112,122,124,126,128,129,130,132,145,147,148,149,153,154,155,156,168,169,172,174,190,191,195,198,200,203,204,212,213,217,218,220,228,240,241,242,257,262,274,281,299,308,318,330
513,513,75
7,8,13,14,15,16,18,19,20,22,31,37,38,39,41,42,43,44,54,60,61,62,63,64,65,66,70,79,80,81,85,86,88,99,100,103,104,105,107,108,109,110,122,124,125,126,127,130,131,132,148,149,151,153,155,156,169,170,171,175,192,193,194,195,196,215,218,235,242,251,257,264,277,279,327
142,142,109
8,12,14,15,16,17,18,19,20,21,22,23,30,31,34,36,37,38,39,40,41,42,43,44,56,57,59,60,61,62,63,64,65,66,68,76,78,79,80,81,82,85,86,88,100,101,103,104,105,106,107,108,109,110,111,112,122,125,126,127,128,129,130,131,132,135,145,146,147,149,151,155,156,157,161,167,168,169,170,171,173,174,175,176,178,188,192,193,194,195,196,197,198,204,210,215,217,218,231,235,239,240,242,257,277,279,287,288,330
210,210,94
7,8,13,14,15,16,17,19,20,21,22,23,30,31,32,36,37,38,39,40,43,44,54,55,56,58,60,61,62,63,64,77,78,80,81,84,85,86,88,89,103,104,105,107,108,109,110,122,123,124,125,126,128,129,130,131,132,147,148,149,151,168,169,170,171,173,174,175,183,192,193,195,196,198,213,214,215,217,218,219,235,239,240,241,242,250,253,257,264,277,282,284,308,327
489,489,104
6,7,12,14,15,16,17,18,19,20,21,22,30,31,34,35,36,37,38,39,40,43,44,54,55,56,57,58,59,60,61,62,63,64,65,66,67,68,74,77,78,79,80,81,82,85,86,88,100,101,105,106,107,108,109,122,123,124,125,126,128,129,132,134,135,136,147,149,151,155,156,166,168,169,170,175,176,189,191,192,193,194,195,197,200,213,214,215,216,218,219,222,235,239,241,244,257,261,263,280,283,285,309,330
109,109,106
7,8,15,16,18,19,20,22,30,31,34,35,36,37,38,39,40,41,42,43,44,53,54,55,56,57,59,61,62,63,64,66,76,77,78,79,80,81,85,86,87,100,101,103,104,105,107,108,109,110,122,123,124,125,126,128,129,130,131,132,133,144,145,147,148,149,151,153,155,168,169,171,175,191,192,193,196,210,214,215,218,219,220,228,239,240,241,242,243,244,257,260,261,262,264,265,266,279,282,285,286,298,309,321,327,330
407,407,86
13,14,15,16,18,20,21,22,23,31,34,35,36,37,39,40,41,42,43,44,45,54,55,56,57,58,60,61,62,64,65,66,67,68,74,77,78,79,85,86,87,88,100,105,107,108,110,122,126,128,130,131,132,145,146,147,151,152,153,155,156,168,169,171,173,187,191,192,193,195,196,197,198,210,213,214,215,216,218,231,241,257,262,264,288,307
201,201,108
7,8,12,13,14,15,16,17,18,20,21,22,23,31,34,35,36,37,38,39,40,42,43,44,54,55,56,57,58,60,62,63,64,66,68,76,77,78,79,80,81,82,85,86,87,88,89,98,99,100,101,102,103,105,107,108,109,122,125,126,127,128,129,130,131,132,134,146,147,149,151,152,155,168,169,170,171,174,175,191,192,193,194,195,197,198,210,213,214,216,217,218,219,220,231,232,241,250,254,257,261,264,282,287,308,321,329,330
123,123,106
7,13,15,16,17,18,19,20,21,22,30,31,35,36,37,39,40,41,42,43,44,45,54,55,56,58,59,60,61,62,63,64,65,66,77,79,80,82,83,84,85,86,87,88,89,100,103,104,105,107,108,110,112,122,125,126,127,128,129,130,131,132,134,144,147,148,149,151,152,153,155,168,169,170,173,175,178,191,192,193,196,197,210,213,214,215,216,217,218,219,222,228,234,235,239,240,241,242,244,245,264,277,280,287,304,308
63,63,26
15,16,20,21,42,43,44,63,64,65,87,88,108,110,132,152,154,173,213,216,218,219,220,241,261,307
47,47,55
14,16,18,21,22,35,39,41,42,43,44,54,60,63,64,65,66,85,87,98,102,105,107,108,110,119,125,127,129,131,132,136,151,152,155,169,173,175,191,196,197,198,204,213,216,219,220,240,241,242,264,283,285,306,307
433,433,39
18,20,21,22,40,41,42,43,44,63,65,66,75,82,85,86,87,88,105,108,129,130,131,132,136,152,153,173,174,175,196,198,218,219,220,241,242,307,330
308,308,10
114,233,238,255,282,303,309,314,324,325
292,292,49
114,115,116,141,146,148,168,170,189,192,193,194,213,214,215,216,233,235,237,238,243,251,252,255,256,257,258,259,260,270,273,278,279,281,282,289,290,301,302,303,304,309,313,314,322,323,324,325,326
563,563,79
114,115,116,140,147,149,150,170,171,172,189,190,191,192,193,194,195,212,213,214,215,216,217,221,222,225,234,235,236,237,238,239,243,246,247,248,255,256,257,258,259,260,261,269,270,271,274,278,279,280,281,282,283,288,289,291,292,298,299,300,301,302,303,304,305,310,311,314,315,321,322,323,324,325,326,327,328,329,330
34,34,98
18,147,149,150,169,172,191,192,193,194,195,203,212,213,214,215,216,217,218,220,224,225,233,234,235,236,237,238,239,240,241,242,246,248,249,255,256,257,258,259,260,261,262,263,264,265,267,268,269,270,272,273,274,276,277,278,279,280,281,282,283,284,285,286,289,290,291,292,293,294,300,301,302,303,304,305,306,307,308,312,313,314,315,316,317,318,319,320,321,322,323,324,325,326,327,328,329,330
315,315,104
172,173,175,176,193,195,196,197,198,210,212,213,214,215,216,217,218,219,220,232,233,234,235,236,237,238,239,240,241,242,252,254,255,256,257,258,259,260,261,262,263,264,267,268,269,270,271,272,273,274,275,276,277,278,279,280,281,282,283,284,285,286,288,289,290,291,292,293,294,295,296,297,298,299,300,301,302,303,304,305,306,307,308,310,311,312,313,314,315,316,317,318,319,320,321,322,323,324,325,326,327,328,329,330
439,439,122
66,86,87,88,108,109,110,127,128,129,130,131,132,146,148,149,150,151,152,153,154,167,168,169,171,172,173,174,175,176,189,190,191,192,193,194,195,196,197,198,211,212,213,214,215,216,217,218,219,220,226,228,233,234,235,236,237,238,239,240,241,242,245,246,247,248,249,250,251,255,256,257,258,259,260,261,262,263,264,267,268,270,271,272,273,274,275,276,277,278,279,280,281,282,283,284,285,286,295,297,300,301,302,303,304,305,306,307,308,317,318,319,321,322,323,324,325,326,327,328,329,330
554,554,125
15,16,17,18,19,20,21,22,36,37,38,39,40,41,42,43,44,54,57,58,59,60,61,62,63,64,65,66,67,77,79,80,81,82,83,84,85,86,87,88,89,90,101,102,103,104,105,106,107,108,109,110,113,119,120,123,124,125,126,127,128,129,130,131,132,134,135,136,137,138,139,140,141,145,147,150,151,152,153,154,155,156,157,158,159,160,161,162,167,169,172,173,174,175,176,177,178,179,180,181,182,183,189,190,191,196,197,198,200,201,202,203,204,205,212,213,219,220,221,222,224,225,226,227,245
49,49,95
1,2,3,4,5,6,7,8,9,10,11,12,13,14,15,16,17,18,21,22,23,24,25,26,27,28,29,30,31,32,33,34,35,36,37,38,39,40,41,42,43,44,45,46,47,48,49,50,51,52,53,54,55,56,57,58,59,61,62,63,67,70,71,72,73,74,75,76,77,78,80,84,85,89,92,93,94,95,96,101,111,112,113,114,115,116,117,119,133,134,135,136,140,155,156
500,500,37
1,2,3,4,5,6,7,8,9,23,24,25,26,27,28,45,46,47,48,49,50,52,53,67,68,69,70,71,72,73,90,91,112,113,115,133,134
196,196,39
66,107,131,152,153,172,174,175,194,197,198,208,210,215,218,219,220,257,259,261,264,267,276,279,282,283,285,286,293,299,300,302,303,316,323,325,326,327,329
103,103,65
19,21,38,41,64,65,66,88,97,101,104,107,108,110,114,121,123,130,131,138,151,153,154,166,169,171,172,174,175,184,187,190,194,197,208,215,219,220,237,240,241,242,257,259,262,263,264,267,275,277,279,284,285,286,287,289,293,298,299,302,313,318,319,324,329
325,325,55
21,40,41,63,83,84,86,88,103,108,109,121,129,130,137,147,154,182,187,190,208,210,220,228,235,237,240,241,242,258,259,261,264,267,276,277,278,280,281,284,285,286,293,295,297,299,301,308,316,318,319,321,323,325,328
526,526,68
21,42,45,62,63,64,65,81,83,86,101,102,107,108,109,110,114,123,129,130,131,132,142,151,160,162,167,168,182,187,194,195,204,208,210,213,219,220,235,237,238,241,242,245,257,258,261,263,264,267,276,277,279,281,282,283,285,293,297,299,302,303,306,309,316,321,326,330
565,565,89
16,18,19,21,38,41,42,44,47,60,61,62,63,64,70,74,84,86,98,100,102,111,127,129,133,135,138,149,152,153,158,160,165,166,168,172,173,175,177,184,187,190,194,195,197,204,208,209,210,213,215,219,220,237,241,242,244,250,253,257,258,259,267,271,276,277,279,280,281,282,283,284,285,289,290,293,297,299,300,302,303,306,308,309,316,319,320,321,326
58,58,106
16,18,20,32,38,40,42,44,46,60,62,64,65,66,67,68,69,70,82,84,86,88,92,95,100,104,108,109,110,111,126,130,131,132,135,138,140,146,158,160,162,172,181,182,184,185,186,194,197,198,199,200,202,205,206,211,212,213,216,218,219,220,221,222,228,229,230,237,240,241,242,243,250,258,259,262,263,264,265,267,271,273,276,277,280,281,282,285,286,287,293,298,299,302,303,306,307,308,309,318,319,323,324,326,327,329
291,291,108
17,18,19,37,39,41,43,47,52,53,63,64,71,81,86,87,89,90,92,95,98,99,111,113,115,117,120,126,132,135,137,140,143,146,149,153,154,158,159,160,162,166,168,169,179,181,182,184,185,186,187,197,199,200,201,206,207,209,213,214,216,218,220,221,226,228,229,230,231,234,235,236,239,240,241,242,244,245,246,254,255,256,257,258,259,262,264,268,271,277,278,281,282,283,284,285,286,289,294,297,299,302,303,304,307,308,310,326
246,246,108
7,9,17,18,19,25,34,39,40,41,46,49,52,53,58,61,65,68,69,70,73,74,75,79,86,87,90,91,92,97,98,99,101,106,107,111,113,117,123,127,132,133,134,136,137,149,155,156,158,159,161,168,172,177,181,182,183,184,185,186,187,190,192,194,199,200,201,205,206,209,210,212,214,216,220,228,229,230,231,234,235,236,240,241,242,243,244,254,255,256,259,264,266,277,278,280,281,285,288,298,299,300,302,304,306,307,325,330
569,569,70
2,17,18,19,21,40,42,43,47,49,52,53,56,61,65,69,70,75,78,79,84,92,97,98,99,102,111,113,115,123,124,129,132,133,136,137,138,155,157,181,182,187,194,199,200,207,216,224,228,230,235,237,242,254,255,259,260,265,270,272,278,279,281,285,303,308,316,318,319,330
464,464,121
9,13,15,16,17,18,19,20,21,22,23,26,38,40,42,43,45,46,47,48,49,50,52,58,62,65,69,70,71,73,74,75,78,79,84,89,92,94,97,99,101,102,104,106,107,111,113,114,116,117,123,124,127,133,134,135,136,137,154,155,156,157,158,159,162,168,169,171,177,181,182,187,190,194,198,204,205,208,209,213,214,216,220,221,222,224,226,227,228,229,235,236,240,241,242,244,245,250,252,254,255,256,260,264,277,278,279,280,282,285,286,288,290,297,299,300,302,304,307,321,330
282,282,108
7,9,10,13,17,18,20,22,23,26,29,35,39,40,42,43,47,49,50,51,52,58,60,61,65,69,70,71,74,75,87,89,97,99,102,107,109,111,113,114,117,122,124,133,135,136,137,138,142,147,149,153,155,157,158,159,160,163,168,177,178,180,181,182,183,186,187,188,190,191,194,196,199,206,210,212,213,215,216,220,226,227,228,230,231,232,235,241,242,249,253,254,255,259,264,266,272,277,279,280,281,285,286,300,304,308,317,330
9,9,121
2,9,10,13,15,18,20,21,23,26,29,32,39,40,42,43,46,47,49,50,52,53,58,62,65,67,68,69,74,75,90,92,97,99,100,102,107,111,112,113,114,115,116,117,122,124,129,133,134,135,136,137,140,142,153,155,156,158,159,160,162,168,171,176,177,180,182,183,190,192,194,198,199,204,205,206,209,210,212,214,215,216,218,219,221,223,226,229,231,236,238,241,242,243,249,250,251,252,254,255,256,257,259,260,264,272,276,278,279,280,284,286,300,304,306,308,321,325,326,327,330
1,1,119
2,9,15,17,19,21,22,23,24,26,29,34,35,38,43,45,46,47,48,49,50,51,52,55,56,57,61,62,67,68,69,71,75,77,79,88,90,92,102,111,113,114,116,118,120,122,124,129,133,135,140,143,148,153,154,155,159,163,168,169,176,177,181,182,184,187,190,191,197,198,199,200,202,204,205,206,208,212,214,216,218,219,220,223,224,226,228,229,232,234,236,239,241,242,244,249,250,251,252,254,259,260,262,264,265,266,272,276,278,286,291,296,299,304,308,318,321,326,330
230,230,106
4,9,17,18,21,22,23,25,26,29,39,43,46,48,49,50,52,55,67,68,69,71,73,75,88,97,102,105,107,108,111,113,114,115,116,117,124,132,133,135,136,137,140,143,149,151,155,157,158,159,160,162,168,175,176,179,181,187,188,190,198,199,200,202,204,206,207,209,210,212,214,215,218,220,221,226,228,229,230,231,234,235,242,250,252,253,256,259,260,261,262,263,264,266,272,276,277,278,280,287,291,300,304,308,310,330
207,207,73
2,16,17,18,19,21,23,26,31,39,43,46,47,48,51,65,67,68,69,70,71,72,74,90,92,93,97,111,112,113,116,128,133,137,138,150,151,155,159,160,169,174,181,196,198,199,200,204,205,206,208,220,226,227,228,229,230,231,234,242,250,252,255,256,258,259,261,264,265,282,286,300,307
106,106,109
1,3,4,8,9,10,13,16,17,21,23,24,26,27,31,32,35,38,39,43,47,49,52,53,65,67,68,69,70,71,72,74,75,79,84,89,93,100,111,112,113,114,115,116,121,122,123,133,134,135,138,152,155,157,158,159,165,166,175,177,179,187,190,191,196,198,199,200,204,206,208,210,211,212,213,215,216,218,220,226,228,229,231,232,233,234,240,241,242,250,252,254,255,259,260,264,268,272,276,277,278,279,282,284,286,296,308,320,321
432,432,120
1,2,4,7,8,12,13,14,16,17,21,22,23,24,27,32,34,37,38,39,40,43,45,46,47,48,49,52,54,61,62,65,67,69,70,71,77,84,89,90,92,93,97,111,112,113,114,115,116,117,128,130,131,132,133,135,136,137,138,151,154,155,157,159,160,163,167,171,176,177,187,193,194,198,199,200,202,204,206,207,209,210,211,212,213,217,218,219,220,222,228,229,230,231,233,241,242,243,244,245,251,252,253,254,255,256,258,260,264,273,275,277,278,280,287,296,300,321,323,330
433,433,120
1,13,14,15,17,21,22,23,25,26,29,32,33,34,35,39,43,45,47,48,49,52,53,55,60,67,68,69,70,74,75,77,89,90,92,93,94,99,105,111,112,113,114,116,123,129,132,135,136,137,138,142,146,153,155,156,157,159,160,165,170,171,177,178,179,187,188,191,192,193,194,196,198,199,200,202,203,204,208,210,215,216,218,219,220,221,227,228,229,230,231,232,233,234,236,242,243,252,253,254,255,257,260,261,262,264,267,268,270,272,275,276,285,297,300,304,308,309,320,330
416,416,114
1,2,3,8,15,16,17,21,24,26,29,30,35,39,43,45,47,49,52,53,56,60,65,67,68,69,70,74,75,77,84,89,90,91,92,93,94,95,100,105,107,111,112,113,114,116,121,122,123,135,136,137,140,144,146,155,156,157,158,160,165,169,170,178,179,181,187,192,198,199,200,201,202,206,207,209,210,211,212,213,214,216,218,221,228,229,230,231,238,241,242,243,251,252,254,256,257,261,262,264,265,273,277,278,279,285,287,297,299,300,308,309,320,330
445,445,112
1,4,7,10,15,16,17,20,24,25,26,29,39,43,45,46,47,48,49,55,56,65,67,68,69,70,71,72,74,76,85,89,90,91,92,93,95,102,107,112,114,115,116,117,121,122,128,133,135,146,152,155,158,167,168,170,177,178,180,181,182,183,188,190,194,198,199,200,201,202,203,204,207,208,211,213,214,216,218,220,221,229,230,231,232,233,234,235,236,238,240,241,242,250,254,255,256,257,261,262,264,270,273,276,278,284,285,287,300,308,321,330
408,408,110
1,2,4,8,10,16,20,23,24,25,26,29,31,39,41,43,45,46,47,48,49,56,61,67,68,69,70,72,74,80,89,90,92,93,95,99,111,113,114,115,116,117,137,138,139,144,145,155,159,170,171,176,177,178,181,185,186,187,188,190,194,197,198,200,204,206,207,209,210,211,212,220,221,224,227,229,230,231,232,233,234,235,236,238,240,250,251,254,255,256,257,258,259,261,262,263,273,275,277,278,279,285,287,298,299,300,308,320,321,330
155,155,85
1,8,9,11,16,23,24,25,31,33,35,43,45,46,47,48,49,55,67,68,69,71,72,85,90,92,93,99,101,111,112,113,116,133,135,137,139,148,155,157,158,159,177,181,188,194,198,199,202,204,205,206,208,209,211,212,216,228,229,230,231,232,234,236,240,242,244,251,254,256,257,258,262,264,273,277,278,285,297,300,301,308,320,322,330
414,414,74
1,2,4,10,16,21,31,33,43,45,46,47,49,67,68,70,72,74,89,90,91,92,99,107,111,112,113,115,116,122,123,133,138,139,148,155,158,176,177,187,188,198,199,200,204,206,209,210,211,212,213,221,227,228,230,231,233,234,236,241,242,251,252,254,262,271,276,278,279,287,298,300,308,320
430,430,117
1,3,4,10,16,17,21,43,45,46,47,48,49,50,54,55,58,64,67,68,69,70,71,72,74,76,81,83,88,90,92,93,94,95,97,99,100,111,112,113,116,117,123,128,132,133,135,137,144,149,155,157,158,159,163,167,168,169,171,176,177,181,182,183,184,187,188,190,192,193,198,199,204,206,208,209,210,211,215,216,218,219,220,221,227,228,229,230,231,233,234,235,236,241,242,250,251,252,253,254,255,256,257,261,263,265,275,276,277,278,280,286,287,297,300,308,330
31,31,117
1,2,4,9,15,16,21,23,24,25,26,27,35,40,43,45,46,47,49,54,55,58,61,67,68,69,70,72,76,79,81,84,89,90,92,93,94,99,106,111,115,116,121,122,128,133,137,138,144,155,158,159,160,168,170,171,174,176,177,178,179,180,181,188,191,193,197,198,199,200,204,205,206,208,209,210,215,216,219,220,221,224,227,228,230,231,233,234,235,237,238,242,252,254,255,256,257,260,261,262,264,266,274,276,277,278,280,295,296,298,300,307,317,320,321,326,330
47,47,117
1,2,4,7,9,10,16,18,21,23,24,25,26,27,39,40,43,45,46,47,48,49,52,57,58,68,69,70,71,72,89,92,93,94,101,103,106,111,112,115,116,122,124,132,133,135,136,137,138,148,150,155,156,159,160,162,165,170,177,178,179,181,183,187,190,191,193,197,198,199,200,202,205,206,208,209,210,212,213,216,218,224,228,231,234,235,242,243,250,254,255,256,257,258,259,261,262,264,267,271,275,277,278,279,281,282,283,284,288,297,298,300,301,308,320,321,330
30,30,113
1,3,7,10,11,14,16,21,23,26,28,30,32,34,39,40,43,45,46,47,48,57,67,68,69,70,71,72,75,78,89,90,92,93,94,108,111,112,113,114,128,132,133,134,135,136,138,155,156,160,163,164,166,170,171,177,181,182,187,188,191,197,198,199,200,201,206,209,212,214,215,217,218,219,220,221,224,227,228,230,231,232,233,234,235,238,242,243,250,252,253,254,255,256,259,264,276,277,278,279,280,281,284,288,291,296,298,299,300,301,308,320,321
344,344,98
1,9,10,13,16,17,18,21,24,25,26,28,33,39,43,44,45,46,47,49,67,68,69,70,71,72,89,91,92,93,94,95,99,111,116,133,137,138,155,160,177,180,182,185,187,190,191,193,194,198,199,200,206,208,209,210,211,212,214,219,220,221,228,231,232,233,234,235,241,242,243,244,245,250,254,255,256,257,261,262,276,278,279,280,282,283,284,296,299,300,301,307,308,309,317,321,322,330
513,513,98
1,2,7,9,10,16,17,18,22,23,24,25,26,28,42,43,44,45,46,47,48,49,55,67,68,69,72,89,90,91,92,93,94,99,107,111,112,113,116,124,133,146,155,156,160,166,175,176,177,178,181,182,187,189,192,194,198,199,200,205,206,209,210,211,212,216,218,219,220,221,222,223,228,230,231,234,235,242,243,250,251,254,260,261,262,264,276,277,278,279,281,282,285,292,300,301,307,317
70,70,109
1,2,3,7,8,9,10,16,17,22,23,26,29,30,34,43,45,46,47,48,49,67,68,69,70,71,82,86,91,92,93,94,99,100,107,111,112,114,133,135,136,138,145,153,155,171,173,176,177,178,181,182,186,188,189,192,194,196,198,199,205,206,209,212,220,221,227,228,230,231,232,233,234,235,236,239,240,241,242,244,245,250,253,254,255,256,257,260,261,262,264,276,277,278,280,281,282,284,286,299,300,301,303,317,319,321,323,325,330
409,409,4
43,47,67,68
289,289,92
111,112,133,134,135,136,157,158,159,160,177,178,182,183,184,201,204,206,207,208,225,226,227,231,232,233,246,247,248,249,251,252,254,255,256,257,258,259,266,267,268,269,270,271,273,274,275,276,277,278,279,280,281,282,283,284,285,287,288,289,290,291,296,297,298,299,300,301,302,303,304,305,306,307,308,309,310,311,312,313,319,320,321,322,323,324,325,326,327,328,329,330
540,540,141
22,25,45,46,47,48,59,64,67,68,69,70,71,72,77,82,83,84,85,86,87,88,89,90,91,92,93,94,95,102,104,106,107,108,109,110,111,112,113,114,115,116,124,125,126,127,128,129,130,131,132,133,134,135,136,137,138,141,149,150,151,152,154,155,156,157,158,159,161,162,170,171,172,173,174,175,178,179,180,181,184,191,192,193,194,195,196,197,198,206,207,213,214,215,216,217,219,220,230,233,234,235,236,237,238,239,240,241,253,254,257,258,259,260,261,262,263,264,278,279,280,281,282,283,284,285,286,299,300,302,304,305,306,307,308,325,326,327,328,329,330
294,294,129
1,2,3,4,5,6,7,8,9,10,11,12,13,14,15,16,17,18,19,20,21,22,25,26,27,28,29,30,32,33,34,35,36,37,38,39,40,41,42,43,44,45,46,47,48,49,50,51,52,53,54,55,56,57,58,59,60,61,62,63,64,65,66,68,69,70,71,72,73,74,78,79,81,82,83,84,85,86,87,88,93,102,103,104,105,106,107,108,109,110,125,126,127,128,129,130,131,132,147,148,149,150,151,152,153,154,170,171,172,173,174,175,176,192,193,194,195,196,197,198,218,219,220,240,241,242,263,264,286
549,549,112
2,3,4,5,6,7,8,9,10,11,12,13,14,15,16,17,18,19,20,21,22,25,26,28,29,30,31,32,33,34,35,36,37,38,39,40,41,42,43,44,50,51,52,53,54,55,56,57,58,59,60,61,62,63,64,65,66,74,76,77,78,79,80,81,82,83,84,85,86,87,88,101,102,103,104,105,106,107,108,109,110,122,123,124,125,126,127,128,129,130,131,132,147,148,149,150,151,152,153,154,171,172,173,174,175,176,195,196,197,198,219,220
96,96,107
1,2,3,4,5,6,7,8,9,10,11,12,13,14,15,16,17,18,19,20,21,22,23,24,25,26,27,28,29,30,31,32,33,34,35,36,37,38,39,40,41,42,43,44,45,46,49,50,51,52,53,54,55,56,57,58,59,60,61,62,63,64,65,66,75,76,78,79,80,81,82,83,84,85,86,87,88,95,101,102,103,105,107,108,109,110,123,125,127,129,130,131,132,133,139,150,151,152,153,154,160,162,174,175,176,181,198
159,159,98
1,2,3,4,5,6,7,8,9,10,11,12,13,14,15,16,17,18,20,21,22,23,24,25,26,27,28,29,30,31,32,33,35,36,37,38,39,40,44,49,52,53,54,55,56,57,58,59,60,66,74,77,78,79,80,81,83,87,88,99,100,102,103,105,108,109,110,124,125,126,127,130,131,132,136,146,147,154,158,159,160,169,174,176,182,183,184,193,194,195,196,197,206,217,218,239,240,261
299,299,85
1,2,3,5,6,7,8,9,10,11,12,13,14,15,16,17,24,29,30,31,33,35,36,37,38,39,53,54,55,56,57,58,59,76,77,78,79,80,81,96,99,100,101,103,104,105,108,109,110,118,121,123,124,126,127,128,130,131,132,133,136,137,147,148,149,153,154,157,158,159,170,175,176,181,182,183,198,206,216,218,228,237,239,256,280
473,473,68
2,9,12,13,15,16,17,29,31,32,35,37,38,54,56,57,58,77,78,79,80,81,96,101,102,103,124,125,126,133,136,137,138,139,145,147,154,155,156,157,158,159,161,167,179,180,181,182,184,191,193,194,199,206,216,217,229,235,237,238,239,251,252,256,257,259,261,274
121,121,54
2,7,9,14,15,28,29,30,31,32,33,54,55,56,77,78,81,96,100,101,102,103,104,117,133,136,137,155,158,159,160,161,162,167,168,170,181,182,184,190,194,195,205,207,216,217,227,229,239,250,256,279,281,302
229,229,36
7,8,15,29,32,51,53,54,74,76,77,78,95,100,118,123,125,126,145,146,155,158,159,160,181,182,203,205,206,207,227,229,250,252,278,280
109,109,10
31,54,103,136,159,181,205,206,207,229
188,188,3
270,271,294
439,439,50
3,4,13,14,15,16,20,27,36,40,41,42,44,58,60,64,65,79,80,81,85,86,87,105,108,109,127,132,146,149,152,154,168,190,191,196,217,218,219,234,256,257,263,264,278,287,308,309,325,330
257,257,62
2,5,6,13,16,22,25,26,27,38,39,41,42,48,49,59,60,61,63,64,65,66,80,82,85,86,87,88,98,104,105,106,107,109,128,129,131,149,152,153,154,171,176,196,198,200,218,220,234,239,240,241,242,257,260,262,264,265,286,303,308,330
150,150,41
5,18,21,22,24,25,37,47,48,49,60,63,64,66,71,84,85,88,89,106,109,110,130,149,152,153,193,196,217,219,220,241,242,263,280,281,283,284,308,310,330
450,450,91
3,4,5,13,14,15,16,22,24,25,26,27,36,39,40,44,47,50,56,57,58,59,60,61,62,63,64,70,71,77,80,81,82,83,84,85,86,87,88,99,104,105,106,107,108,110,123,124,127,129,130,131,132,143,150,152,153,171,175,176,189,191,193,194,197,199,201,216,218,219,236,239,241,242,256,257,258,260,261,262,263,264,279,281,286,287,301,308,310,324,330
281,281,94
3,4,5,13,14,15,16,25,26,27,28,36,37,38,39,40,44,47,48,49,50,59,60,61,62,63,64,65,71,72,79,80,84,85,86,87,88,89,93,98,105,106,107,109,110,123,127,129,130,132,142,143,144,149,150,152,154,170,171,190,193,194,196,197,198,205,212,213,216,217,218,219,220,234,236,238,239,240,241,256,257,261,262,263,264,280,283,284,285,286,287,308,310,330
311,311,88
1,2,3,4,5,6,14,15,16,20,22,25,26,27,39,41,42,47,48,49,50,59,61,62,63,64,65,66,80,81,84,85,86,87,89,93,98,104,106,107,108,109,110,123,125,126,127,128,129,143,145,149,152,153,171,175,176,178,190,191,193,194,197,198,200,215,217,219,220,236,238,241,242,256,258,260,261,262,263,278,280,301,303,308,309,310,324,325
503,503,49
2,3,4,14,15,18,24,25,26,27,28,39,41,49,61,63,64,65,80,81,82,85,98,105,106,132,149,152,171,190,196,197,213,216,219,220,236,238,241,242,257,258,261,262,263,280,308,309,330
211,211,85
2,3,4,5,6,14,15,18,21,22,24,25,26,27,37,44,48,50,57,59,60,61,62,63,64,65,66,67,71,72,81,85,86,87,88,89,90,107,108,109,121,123,129,130,131,143,144,150,151,152,153,154,175,190,191,196,198,199,200,217,219,220,234,236,237,238,239,240,242,257,258,260,261,262,263,265,286,287,301,303,309,310,324,325,330
326,326,70
2,3,4,5,6,14,20,21,24,25,26,27,28,39,42,43,44,47,48,50,60,61,63,65,66,67,71,82,84,85,86,90,97,107,108,129,145,151,152,154,165,166,175,176,178,190,196,197,198,200,222,235,236,238,239,241,242,243,258,259,260,261,265,280,281,286,287,304,308,310
431,431,65
2,3,4,5,6,14,16,19,21,22,24,25,26,27,28,42,43,44,45,46,47,48,49,50,58,61,63,64,65,66,67,68,70,71,86,89,105,116,129,149,151,153,177,196,197,198,200,218,219,221,222,235,238,239,240,241,242,243,258,261,265,280,286,302,304
258,258,72
2,4,5,20,21,22,25,26,27,42,43,45,46,47,48,49,57,60,61,64,65,68,70,71,82,85,86,87,88,89,90,91,93,106,107,108,110,129,130,134,146,152,153,154,166,171,175,176,178,190,196,197,198,200,220,221,222,235,237,238,239,240,243,260,261,265,280,286,287,308,309,310
258,258,81
2,3,4,5,16,20,21,22,24,25,26,28,42,43,44,46,48,49,56,57,58,59,60,63,64,65,66,67,68,70,85,86,87,88,90,91,92,93,106,107,108,109,110,111,125,128,129,130,146,149,151,153,155,175,176,177,178,179,196,198,199,200,213,218,219,220,222,236,237,238,239,240,242,243,261,280,281,303,308,310,325
410,410,94
2,3,4,6,14,20,21,22,24,25,26,27,28,34,37,39,42,43,44,45,46,49,57,59,60,61,64,65,66,67,68,70,82,83,85,86,87,88,89,90,92,94,98,107,108,109,111,126,129,130,131,134,148,151,152,154,156,165,166,175,176,177,178,190,196,197,198,199,200,215,217,219,220,222,235,238,239,241,242,243,257,258,260,261,265,278,280,287,302,303,308,309,310,326
183,183,102
2,3,4,5,6,8,9,11,14,15,19,20,22,24,26,27,28,37,42,43,44,45,46,48,49,50,58,60,61,63,64,65,66,67,68,70,71,81,82,84,85,86,87,89,90,91,92,94,105,106,107,108,110,111,117,123,130,132,133,134,146,148,151,153,156,174,176,177,178,196,197,198,199,200,209,213,216,217,218,219,220,221,222,236,237,238,239,241,242,243,258,260,261,265,280,281,287,302,303,304,310,325
148,148,101
2,3,4,5,20,21,22,24,25,26,27,28,34,39,42,43,44,45,46,48,49,57,59,60,64,65,66,67,68,69,70,71,77,82,83,85,86,87,88,89,90,91,93,105,106,107,108,109,110,111,123,126,129,130,132,133,134,151,152,153,154,157,176,177,178,179,187,193,194,196,197,198,200,214,216,217,218,219,221,222,235,236,237,238,239,240,241,242,243,258,261,265,281,282,287,303,308,309,310,313,325
267,267,85
4,5,6,8,16,19,20,21,22,24,25,26,27,28,42,43,45,46,47,48,58,60,63,64,65,66,68,70,82,83,88,89,90,91,92,98,106,108,109,110,111,112,126,129,130,131,133,134,135,146,151,152,153,155,171,176,177,178,195,196,197,198,199,200,213,215,216,217,218,219,220,221,222,238,239,240,241,243,261,281,287,303,325,326,330
285,285,92
2,3,4,5,8,15,16,19,20,21,22,24,25,26,27,28,41,42,43,44,45,46,48,49,60,63,64,65,66,67,68,69,70,71,86,87,88,89,90,91,94,107,108,109,110,111,112,126,128,129,133,134,147,152,153,154,156,175,176,177,178,187,195,198,199,200,213,215,216,217,218,219,220,221,222,235,236,237,239,240,241,242,243,265,281,282,286,287,300,303,325,330
63,63,28
4,5,22,23,24,25,27,43,45,46,60,66,68,82,90,130,134,156,197,198,200,221,243,265,288,307,309,330
174,174,87
2,4,5,6,8,14,15,20,21,22,23,24,25,26,27,43,44,45,46,47,48,49,52,60,65,67,68,69,70,74,75,79,80,82,83,87,88,90,91,105,106,107,108,109,110,111,112,113,120,125,126,128,129,130,134,135,150,151,152,153,154,156,157,176,177,178,179,197,198,200,213,217,220,221,242,243,265,287,288,292,293,306,308,309,313,314,330
116,116,58
2,5,6,15,21,22,23,24,26,27,43,45,46,47,49,60,68,69,80,81,82,83,90,91,97,104,105,106,107,109,112,127,128,129,130,134,151,154,156,157,177,178,197,198,199,200,220,221,243,265,284,287,288,308,309,310,314,330
206,206,14
5,6,22,24,26,27,43,49,90,112,130,134,142,156
561,561,33
114,136,137,138,160,161,183,184,206,207,208,232,233,237,239,254,255,256,257,259,260,261,280,301,302,304,305,319,320,321,322,323,324
453,453,72
65,66,88,113,136,137,159,160,161,182,183,184,185,186,195,205,206,207,208,209,216,217,230,231,232,233,234,235,236,237,239,254,255,256,257,258,259,260,261,276,277,278,279,280,282,283,284,297,298,299,300,301,302,303,304,305,306,307,308,318,319,320,321,322,323,324,325,326,327,328,329,330
411,411,95
65,88,110,173,174,175,184,194,196,197,205,206,207,208,209,210,215,216,217,218,219,220,227,229,230,231,232,233,236,237,238,239,240,241,242,249,252,253,254,255,256,257,258,259,260,261,262,263,264,271,274,275,276,277,278,279,280,281,282,283,284,285,286,295,296,297,298,299,300,301,302,303,304,305,306,307,308,313,314,315,316,317,318,319,320,321,322,323,324,325,326,327,328,329,330
314,314,105
3,110,152,154,172,173,174,175,176,192,193,194,195,196,197,198,212,213,214,215,216,217,218,219,220,229,230,231,232,233,234,235,236,237,238,239,240,241,242,251,252,253,254,255,256,257,258,259,260,261,262,263,264,272,273,274,275,276,277,278,279,280,281,282,283,284,285,286,292,293,294,295,296,297,298,299,300,301,302,303,304,305,306,307,308,310,312,313,314,315,316,317,318,319,320,321,322,323,324,325,326,327,328,329,330
259,259,122
87,109,110,130,131,132,151,152,153,154,172,173,174,175,176,193,194,195,196,197,198,205,206,207,209,210,217,218,219,220,226,227,228,229,230,231,232,236,237,238,239,240,241,242,248,249,250,251,252,253,254,255,256,257,258,259,260,261,262,263,264,268,269,270,271,272,273,274,275,276,277,278,279,280,281,282,283,284,285,286,287,288,289,290,291,292,293,294,295,296,297,299,300,301,302,303,304,305,306,307,308,309,310,311,312,313,314,315,316,317,318,319,320,321,323,324,325,326,327,328,329,330
530,530,129
16,17,18,19,20,21,38,39,40,41,42,43,59,60,61,62,63,64,65,75,79,80,81,82,83,84,85,86,87,99,101,102,103,104,105,106,107,108,109,110,123,124,125,126,127,128,129,130,131,132,144,148,149,150,151,152,153,154,156,157,167,168,170,172,173,175,176,177,178,179,180,181,199,200,201,202,203,204,205,206,221,222,223,224,225,226,227,228,229,230,231,243,244,245,246,247,248,249,250,251,252,253,265,266,267,268,269,270,271,272,273,274,287,288,289,290,291,292,293,294,295,309,310,311,312,313,314,315,316
280,280,95
1,2,3,4,5,6,7,8,9,10,11,12,13,14,15,16,17,18,23,24,25,26,27,28,29,30,31,32,33,34,35,36,37,38,39,45,46,47,53,54,55,56,57,58,59,60,61,62,67,68,69,76,77,78,79,89,90,91,92,111,112,113,114,115,133,134,135,136,137,138,139,140,155,158,159,160,161,162,177,179,180,181,182,183,184,199,200,201,202,203,204,205,221,222,224
274,274,42
1,2,3,4,5,6,7,8,9,16,17,23,24,25,26,27,28,29,30,31,33,45,46,47,48,49,50,52,53,67,68,70,72,73,74,75,92,93,94,95,111,113
87,87,42
191,198,211,212,216,218,239,256,257,258,259,261,262,263,276,278,279,282,284,285,286,291,292,294,298,299,300,302,304,305,306,308,311,314,315,316,317,319,320,324,328,330
184,184,65
20,21,22,42,75,83,87,89,90,97,102,104,106,107,109,112,113,129,130,150,190,191,192,198,213,214,215,216,219,235,238,241,242,250,258,262,271,272,277,280,284,285,289,298,299,300,301,302,303,304,305,308,309,311,312,314,315,316,317,318,319,320,322,326,327
567,567,70
18,21,22,23,39,43,44,46,83,84,89,92,93,102,103,113,129,130,134,151,155,157,162,169,170,171,178,190,191,198,199,211,215,216,221,237,238,240,243,253,257,259,261,278,279,280,281,282,283,285,286,298,299,300,301,302,303,304,308,310,311,312,316,317,319,323,325,327,328,330
90,90,75
3,5,19,22,23,26,27,45,70,72,74,84,89,92,93,102,105,123,128,129,134,135,146,147,150,151,155,157,166,169,178,183,191,193,197,198,200,213,214,215,217,219,220,237,241,242,256,265,269,272,277,279,280,281,282,283,286,289,296,298,299,301,303,305,306,308,309,311,316,318,319,320,325,326,330
161,161,82
3,20,23,39,43,45,46,50,63,64,68,69,71,89,91,93,102,103,105,113,128,129,133,134,135,142,152,155,156,167,171,172,177,178,189,192,195,198,213,214,215,216,217,220,237,239,241,242,256,264,266,270,276,278,279,280,282,283,284,285,286,289,298,299,300,301,302,303,305,306,308,309,312,319,320,322,323,324,325,327,328,330
66,66,90
3,4,5,20,22,26,27,38,42,45,46,60,63,81,87,89,90,91,92,93,96,99,105,111,112,114,118,132,135,136,140,142,145,146,151,152,153,154,156,157,163,169,170,172,182,189,191,192,198,210,213,214,216,218,220,237,238,240,260,262,264,265,269,272,273,277,281,282,285,286,300,302,303,304,305,306,311,312,313,314,315,317,318,319,321,322,324,326,327,330
9,9,61
1,2,3,5,38,42,43,44,46,68,71,80,90,101,105,112,113,114,124,128,130,131,134,135,136,141,145,146,147,150,154,155,156,171,178,192,198,200,214,215,216,217,218,237,250,259,262,281,285,291,299,300,302,305,308,311,319,325,327,328,330
65,65,110
1,2,3,4,5,6,7,9,19,24,27,28,42,43,45,46,47,50,56,59,60,66,68,69,70,71,74,76,81,82,86,87,89,90,91,92,93,100,101,103,105,106,111,112,113,114,123,132,133,134,135,136,139,142,143,144,145,147,150,152,153,154,155,156,164,168,169,176,191,193,194,197,198,199,200,213,215,217,219,220,234,235,236,237,239,240,241,250,251,260,262,263,275,280,281,284,290,299,304,305,306,308,309,311,318,319,325,326,328,330
72,72,108
1,2,3,4,5,11,16,17,18,22,24,25,26,34,36,38,42,43,45,46,49,50,56,59,63,68,69,74,81,82,85,89,90,91,92,93,103,105,106,111,112,113,114,128,134,135,142,143,144,145,150,152,155,156,163,166,168,169,171,175,176,177,178,182,191,198,199,200,213,215,216,217,220,236,237,239,240,241,242,257,259,260,262,275,278,279,280,281,282,284,285,290,293,294,298,299,300,301,302,303,317,319,322,324,325,326,327,328
571,571,100
1,3,4,5,7,19,20,21,22,23,24,25,26,27,28,34,43,45,46,47,48,54,56,63,67,69,70,81,82,89,90,91,92,93,96,100,102,105,106,111,112,113,114,121,122,123,129,133,134,141,143,153,155,156,164,167,169,170,171,174,176,177,178,191,192,197,199,214,215,216,220,237,239,240,250,252,257,258,259,262,263,272,273,280,281,282,284,285,293,295,299,300,302,303,305,310,321,325,326,328
174,174,110
3,4,11,12,24,25,28,32,33,34,35,36,39,40,42,43,45,46,47,48,50,57,58,59,60,63,64,65,67,68,69,71,74,81,82,83,84,89,91,92,104,105,106,111,112,113,114,121,123,128,131,132,133,134,135,144,145,147,151,154,156,157,167,170,171,176,177,190,191,192,193,197,198,199,200,214,215,216,217,220,222,236,237,257,260,262,275,278,279,281,282,283,284,285,290,293,299,300,303,306,308,309,317,320,323,324,325,326,328,330
474,474,108
1,3,5,7,19,23,24,25,26,37,39,41,43,46,47,49,50,52,54,55,60,63,68,70,71,77,80,83,85,86,89,90,92,104,105,106,111,113,114,118,121,127,128,129,132,133,134,135,143,145,149,150,151,152,153,154,155,156,157,167,169,171,173,174,175,176,191,192,197,198,199,200,213,215,216,219,220,237,239,240,257,258,259,262,263,275,278,279,281,282,284,290,299,300,301,308,309,311,316,317,319,320,323,324,325,326,328,330
132,132,93
2,3,5,23,24,25,27,28,36,41,42,43,46,47,56,57,60,63,67,68,69,79,81,89,90,92,102,104,105,106,111,112,113,129,133,134,135,145,150,154,155,157,167,171,173,175,176,178,191,192,193,194,197,198,214,215,216,217,218,221,222,234,237,239,240,244,258,259,262,263,271,272,278,279,280,281,282,284,298,300,301,302,303,308,309,311,317,320,323,324,325,326,328
466,466,101
1,2,3,5,6,7,8,11,12,14,15,22,23,24,25,27,42,43,45,46,47,50,52,55,60,63,67,68,69,70,71,79,82,85,87,89,90,92,97,104,105,108,111,112,113,123,128,129,133,134,146,150,152,154,155,156,157,168,170,171,173,175,176,177,178,192,193,194,197,198,199,214,215,216,218,220,237,241,244,247,257,259,262,279,280,281,291,293,298,299,300,302,303,309,310,317,321,323,325,327,330
172,172,105
2,3,12,13,20,22,23,24,28,29,30,34,37,41,45,46,47,55,61,64,66,67,68,69,70,71,79,82,83,85,87,89,91,92,104,110,111,112,113,114,121,123,124,128,133,134,135,149,152,153,154,156,157,164,171,172,175,177,178,183,189,190,192,193,194,197,198,199,214,215,219,220,235,237,240,241,247,257,258,259,260,262,273,279,280,281,282,295,298,299,300,301,302,303,304,308,311,312,317,320,323,324,327,328,330
470,470,105
1,2,3,8,10,12,13,19,23,24,25,26,28,34,37,39,43,45,46,47,48,55,56,58,63,64,65,67,68,69,70,81,83,89,90,91,92,105,106,109,110,111,112,114,121,123,128,129,133,134,135,146,149,152,153,154,155,157,167,168,169,171,176,177,189,192,193,194,197,199,214,216,217,218,219,220,231,236,237,238,239,240,248,257,258,259,260,262,263,265,275,278,279,280,282,285,299,300,302,305,308,320,321,323,324
174,174,80
2,3,5,7,18,20,23,24,25,26,28,34,43,44,46,47,58,63,67,68,69,83,90,91,111,112,113,114,121,123,128,131,133,134,135,148,150,152,153,154,168,172,173,174,175,176,178,189,192,193,197,198,199,206,217,219,235,236,238,240,257,258,259,262,263,264,267,281,284,285,299,300,301,302,310,320,323,324,328,330
105,105,97
1,2,3,4,7,8,11,13,14,18,19,22,23,24,25,38,39,40,42,43,46,47,58,60,67,68,69,79,82,85,90,91,92,102,104,105,106,111,112,113,123,128,133,134,135,145,147,148,149,150,152,153,154,155,156,167,173,174,177,178,179,192,193,197,198,214,215,216,218,219,220,236,237,238,241,258,259,262,278,279,281,288,295,296,300,308,310,311,317,320,321,323,324,325,327,328,330
179,179,98
1,2,3,6,18,19,21,22,23,24,25,34,38,40,43,44,45,46,47,56,58,60,61,67,68,69,80,82,85,86,87,90,91,92,101,104,105,106,111,112,113,114,123,125,126,127,133,134,149,152,153,154,155,170,172,174,175,176,178,192,193,197,198,199,214,215,216,219,220,231,236,237,238,239,241,243,244,257,258,259,262,278,279,281,282,285,286,298,300,301,302,305,318,319,322,323,324,330
416,416,104
1,2,4,6,8,13,14,18,19,20,21,23,24,25,27,28,39,40,41,42,43,44,46,47,48,58,60,61,64,65,67,68,69,70,81,82,83,87,90,92,100,104,105,109,111,112,113,114,124,126,127,128,132,133,134,142,146,154,155,156,167,168,175,176,177,191,193,194,195,196,198,199,200,212,214,215,217,218,235,236,237,258,259,263,265,271,278,279,280,281,282,285,296,297,298,300,302,308,316,318,323,327,328,330
221,221,90
1,2,3,12,13,19,23,24,25,28,34,38,40,43,45,46,47,61,68,69,82,87,88,90,91,92,100,104,105,110,111,112,113,114,123,124,127,128,133,135,142,146,149,150,152,153,154,155,156,171,174,175,176,177,191,192,193,194,196,197,198,199,200,206,218,219,220,231,237,240,241,242,257,258,259,262,278,279,281,285,289,295,296,299,300,302,305,317,323,330
425,425,110
1,2,3,4,12,16,17,18,19,22,23,24,25,28,34,38,41,42,43,45,46,47,48,56,59,60,61,63,64,68,69,70,81,82,83,85,87,88,90,92,100,103,105,107,111,112,113,124,126,128,132,133,134,142,143,146,148,149,150,152,153,154,155,168,169,170,172,173,174,176,178,192,193,194,195,196,198,200,209,213,215,216,218,219,220,221,231,234,239,240,241,242,257,258,260,263,265,276,281,284,287,296,298,299,300,301,302,308,317,330
246,246,87
1,2,3,4,7,8,10,13,19,20,21,22,23,24,25,26,30,40,41,43,44,45,46,47,60,61,62,64,68,69,70,85,90,91,92,103,104,105,109,111,112,113,121,126,127,128,131,132,133,134,146,148,149,150,153,154,155,164,173,174,176,177,192,193,196,197,199,214,215,218,219,231,237,238,258,259,262,279,281,298,301,302,308,321,323,328,330
368,368,75
1,2,3,5,7,19,22,23,24,25,34,35,38,43,44,45,46,48,60,61,63,68,69,70,82,86,90,91,101,102,103,104,105,107,111,112,113,126,128,131,133,149,153,154,155,169,171,176,177,178,192,193,195,196,198,199,206,215,217,218,219,221,242,258,278,281,290,298,299,300,301,308,321,323,330
194,194,107
1,2,3,7,8,11,14,17,19,20,21,22,23,24,26,30,34,35,38,41,42,43,46,47,49,57,60,61,63,66,68,69,70,75,82,83,90,91,92,101,102,103,105,106,107,111,112,113,123,127,128,130,132,133,135,146,149,152,153,154,155,156,167,168,170,171,173,174,175,176,177,178,191,192,193,194,196,197,198,199,200,201,215,216,218,219,221,222,223,240,241,258,278,279,281,286,289,297,299,300,301,302,308,320,323,324,330
5,5,103
1,2,3,5,6,8,13,14,15,18,19,20,21,22,23,24,25,26,27,35,39,41,42,43,46,47,48,56,57,59,60,61,62,63,68,69,70,80,81,82,83,85,86,87,88,90,91,92,97,101,104,106,111,112,113,121,123,126,128,130,131,132,133,134,135,146,148,153,154,167,169,171,174,177,182,194,196,200,211,217,218,219,223,234,236,238,257,259,262,276,278,279,280,281,286,296,298,300,302,313,321,323,330
572,572,100
1,2,3,4,6,8,13,16,18,19,20,21,23,24,27,32,34,35,37,39,40,41,43,46,47,48,56,60,62,63,64,65,66,68,69,70,83,86,88,90,91,92,101,103,105,107,109,110,111,112,113,123,125,126,127,129,130,131,132,133,135,145,146,148,149,153,155,168,170,171,172,173,174,176,177,183,192,195,197,198,215,217,222,237,240,257,259,263,271,278,279,297,298,299,300,302,308,313,319,324
54,54,103
1,2,3,4,12,13,16,18,20,21,22,24,25,26,27,33,34,35,38,39,41,42,43,44,46,47,56,59,61,62,63,65,69,70,82,83,90,92,101,102,103,105,107,108,109,111,112,113,123,125,126,128,129,131,132,133,134,135,146,147,154,155,167,168,169,171,174,176,177,193,195,197,198,200,216,218,220,221,222,223,236,240,241,258,259,271,278,279,280,285,293,295,298,300,302,308,317,319,321,323,324,325,330
388,388,110
1,2,3,4,6,18,19,21,22,24,25,26,33,35,37,38,39,41,43,46,47,48,59,62,63,66,68,69,70,80,82,83,84,85,86,90,91,92,101,102,103,105,106,108,109,111,112,113,121,123,124,125,126,127,128,129,130,131,132,134,135,146,148,149,150,151,152,154,155,168,170,174,176,177,178,191,195,197,198,199,200,204,216,218,219,221,231,237,240,241,251,257,258,273,278,279,280,281,282,285,290,293,299,301,308,312,313,323,324,330
255,255,105
2,3,4,6,11,12,14,18,19,21,22,24,25,26,32,39,40,41,42,43,44,46,47,48,57,59,60,61,62,63,65,66,68,69,70,80,83,84,87,88,90,91,101,102,104,105,106,107,108,110,111,112,113,123,125,127,128,130,134,135,146,148,149,152,154,155,156,174,176,177,178,179,190,193,194,195,197,198,199,200,204,219,220,221,235,241,243,257,267,278,279,287,289,297,298,299,300,301,308,313,315,321,323,324,330
40,40,7
265,287,288,309,310,311,326
119,119,91
161,162,163,177,178,182,183,184,185,186,199,200,201,204,205,206,207,208,209,210,221,222,223,224,225,226,227,228,229,230,231,232,233,243,244,245,246,247,248,249,250,251,252,253,254,255,256,265,266,267,268,269,270,271,272,273,274,275,276,277,278,279,287,288,289,290,292,293,294,295,296,297,298,299,300,301,309,310,311,313,316,317,318,319,320,321,322,323,324,329,330
523,523,141
2,3,4,22,23,24,25,26,27,45,46,47,48,49,50,51,52,68,69,70,71,72,73,74,75,89,90,91,92,93,94,95,96,97,98,99,100,111,112,113,114,115,116,117,118,119,120,121,122,133,134,136,137,138,139,140,141,142,143,145,146,147,155,156,157,158,159,160,161,162,163,164,165,166,169,170,178,179,180,181,182,183,184,185,186,187,188,189,190,191,199,200,202,203,204,205,206,207,208,209,210,211,212,213,214,223,224,225,229,230,232,233,234,235,237,238,245,247,252,253,254,255,256,257,258,261,277,278,281,284,285,286,301,302,306,308,322,325,328,329,330
314,314,128
1,2,3,4,5,6,7,8,9,10,11,12,13,14,15,16,23,24,25,26,27,28,29,30,31,32,33,34,35,36,38,39,40,41,46,48,49,50,51,52,53,54,55,56,57,58,59,60,61,62,63,66,70,71,72,73,74,75,76,77,78,79,80,81,82,83,84,85,86,87,88,95,96,97,98,99,100,101,102,103,104,105,106,107,109,110,122,123,124,125,126,127,128,129,130,131,132,144,145,147,148,149,150,151,152,154,169,170,171,172,173,174,175,176,191,192,193,194,196,197,198,218,219,220,241,242,263,264
303,303,113
5,6,7,8,9,10,11,12,13,14,15,16,17,18,19,20,21,22,28,29,30,31,32,33,34,35,36,37,38,39,40,41,42,43,44,51,52,53,54,55,56,57,58,59,60,61,62,63,64,65,66,76,77,78,79,80,81,82,83,84,85,86,87,88,100,101,102,103,104,105,106,107,108,109,110,122,123,124,125,126,127,128,129,130,131,132,147,148,149,150,151,152,153,154,169,170,171,172,173,174,175,176,189,193,194,195,196,197,198,217,218,219,220
280,280,105
1,6,7,8,9,10,11,12,13,14,15,16,17,18,19,20,21,22,23,29,30,31,32,33,34,35,36,37,38,39,40,41,42,43,44,45,52,53,54,55,56,57,58,59,60,61,62,63,64,65,66,74,76,77,78,79,80,81,82,83,84,85,86,87,88,100,101,102,103,104,106,107,108,109,110,123,124,125,126,127,129,130,131,132,133,138,146,148,149,150,151,152,153,154,172,173,174,175,176,195,196,197,239,259,260
542,542,87
8,9,10,11,13,14,15,16,17,18,19,20,21,22,32,33,34,35,36,37,38,39,41,42,43,44,56,57,58,59,60,61,62,63,64,65,66,79,80,81,82,83,84,85,86,87,88,103,104,105,108,109,110,123,125,126,127,128,129,130,131,132,145,146,147,148,149,150,151,152,153,154,169,171,172,173,174,175,194,195,196,216,217,218,239,281,282
264,264,71
9,10,11,12,14,15,16,17,18,19,20,21,22,32,35,36,37,38,39,40,41,42,43,44,57,58,59,60,62,63,64,65,66,79,80,81,82,83,84,85,86,87,88,101,103,104,105,107,108,109,124,126,127,129,130,131,132,146,149,150,151,152,153,154,173,175,194,216,237,238,283
114,114,63
10,11,15,16,17,18,19,20,21,22,32,33,34,36,37,38,40,43,44,57,58,60,66,80,82,83,86,88,102,104,107,108,109,110,125,126,128,129,130,131,132,149,150,151,152,153,172,173,174,194,195,196,216,217,238,239,261,266,283,288,294,304,311
353,353,51
8,9,11,12,13,14,15,16,17,18,19,20,21,22,30,31,32,33,34,35,37,38,40,44,58,63,66,80,82,101,102,123,127,146,151,172,174,184,194,216,244,265,266,267,268,271,288,289,310,311,312
175,175,34
8,9,10,11,14,15,22,29,30,31,32,36,37,40,58,74,76,102,127,130,183,244,245,265,266,267,268,287,288,289,290,310,311,312
355,355,12
10,11,31,265,266,267,287,288,289,310,311,312
265,265,12
7,25,134,135,165,186,208,211,212,234,307,321
422,422,41
12,25,81,104,109,125,126,129,135,142,143,146,165,168,175,176,186,187,191,197,206,210,211,213,229,230,232,234,255,256,262,276,279,283,286,307,319,321,323,324,329
426,426,42
3,13,110,122,126,127,128,129,130,135,143,165,169,175,176,186,187,191,192,196,197,213,214,233,234,256,262,264,274,275,283,284,290,307,308,320,321,322,323,328,329,330
390,390,59
3,12,18,25,40,42,62,66,83,87,88,104,108,121,122,127,128,129,131,135,142,143,144,146,147,169,170,175,176,178,187,190,191,196,197,211,219,220,230,232,233,235,239,242,252,256,258,275,279,280,286,301,307,308,319,320,323,324,330
365,365,64
3,34,42,44,61,62,63,66,83,85,86,88,104,105,106,109,110,122,125,126,129,131,132,142,143,148,153,165,167,169,174,175,186,187,190,197,212,213,218,230,232,233,235,240,242,253,256,262,264,275,279,280,284,300,301,302,307,308,321,322,323,328,329,330
484,484,57
35,57,61,62,65,66,79,81,84,86,88,103,104,109,110,122,127,129,132,143,146,147,148,165,169,170,175,176,184,186,187,190,191,192,195,197,211,213,214,218,235,236,239,240,256,264,275,279,283,286,301,308,312,320,321,322,329
1,1,64
12,31,40,42,44,54,56,60,61,62,65,66,79,82,86,88,103,104,108,109,110,122,126,127,128,129,130,131,135,143,152,153,165,168,175,176,184,187,190,191,192,196,212,213,214,235,236,239,240,262,264,275,279,284,286,300,301,307,308,321,322,325,329,330
474,474,61
3,21,38,40,41,43,60,61,65,66,78,83,87,88,104,110,122,123,128,129,130,131,132,135,143,154,165,168,169,170,175,176,184,185,186,187,192,196,197,213,214,232,239,242,255,256,257,258,275,279,283,286,298,301,302,305,307,308,322,323,329
207,207,65
41,42,54,56,60,61,62,65,66,77,81,83,87,88,106,107,127,128,130,131,132,135,143,144,147,153,165,169,170,175,176,180,184,185,186,187,190,191,192,196,197,204,205,212,213,214,235,236,242,256,257,258,262,264,279,280,283,286,300,301,307,308,321,322,330
308,308,67
18,20,34,35,41,42,44,62,63,64,65,66,84,86,88,99,100,104,105,108,109,110,121,122,129,130,131,135,143,147,152,153,165,167,175,186,187,197,204,210,213,217,219,220,232,234,235,239,240,242,258,259,262,264,279,283,285,286,299,300,306,307,321,322,323,327,329
399,399,62
11,41,44,57,63,66,77,81,85,86,87,88,99,104,105,108,110,123,128,130,143,152,153,158,165,167,174,181,186,187,190,192,195,210,213,219,235,236,238,239,240,242,257,259,262,264,283,298,299,300,303,306,307,320,321,322,324,325,327,328,329,330
213,213,59
13,19,22,35,40,41,43,44,57,62,63,64,65,66,77,84,85,86,87,88,100,108,109,110,121,122,131,143,165,169,175,184,187,191,197,210,213,217,219,229,235,239,240,261,262,264,284,298,299,300,301,307,308,321,323,327,328,329,330
359,359,59
12,13,22,35,41,42,44,56,57,62,65,66,80,83,85,87,88,108,109,110,121,128,131,143,144,153,169,181,187,190,191,195,204,210,213,217,227,229,239,240,242,255,261,264,280,286,297,299,300,301,302,306,307,321,322,323,325,328,330
1,1,63
19,20,41,42,43,44,55,56,57,64,65,66,77,84,85,86,87,88,104,109,110,121,122,128,131,132,143,144,152,153,157,165,174,175,176,183,184,185,187,195,197,204,205,210,213,218,219,240,257,261,263,283,286,298,299,301,302,307,320,321,323,329,330
206,206,64
12,22,34,35,41,42,43,44,55,56,57,59,65,66,83,85,86,87,88,121,122,128,129,130,135,136,143,165,169,174,175,176,181,183,187,189,197,204,210,212,213,217,235,239,240,249,255,257,271,279,284,297,299,300,301,302,303,304,307,321,322,323,329,330
226,226,61
22,35,41,42,43,44,55,56,57,62,65,66,84,85,86,87,88,109,110,122,128,129,131,135,143,144,153,165,174,184,187,189,195,197,204,210,211,213,217,219,227,234,239,249,255,261,276,283,297,299,300,301,305,307,308,319,321,323,324,329,330
199,199,64
12,20,22,36,40,43,44,65,66,75,77,84,85,86,87,88,107,108,109,110,121,129,131,135,136,143,144,152,153,165,169,175,184,185,187,197,204,210,213,217,219,227,235,239,240,261,262,274,276,283,297,298,299,301,302,304,307,314,315,321,327,328,329,330
132,132,70
12,22,35,36,40,41,42,43,44,56,57,62,65,66,83,86,87,88,108,109,110,121,122,129,130,131,143,144,165,167,175,185,187,191,193,204,205,210,211,213,219,227,229,235,239,249,251,261,262,271,274,275,276,277,282,283,286,297,298,299,302,307,318,319,320,321,327,328,329,330
287,287,63
12,19,21,22,33,34,43,44,55,56,65,66,78,81,86,87,99,100,109,121,122,131,143,144,145,167,169,189,190,191,207,210,217,228,232,233,235,239,252,255,257,259,260,261,271,272,282,283,284,296,298,302,305,314,315,317,318,319,320,321,322,328,330
0,0,64
5,12,13,19,21,22,34,43,44,56,60,65,77,79,83,87,100,109,110,121,122,123,131,132,143,144,145,167,189,191,198,206,210,213,227,229,233,235,240,242,253,254,255,257,271,275,276,277,283,284,296,298,300,301,302,314,318,319,320,321,322,327,329,330
210,210,50
5,19,33,34,43,57,79,100,101,121,122,143,144,145,146,154,163,166,167,185,190,191,198,205,206,207,208,210,211,213,227,228,229,233,252,253,255,257,275,284,297,298,301,318,319,320,321,322,327,330
288,288,14
13,33,56,57,79,100,121,122,144,145,255,268,320,322
399,399,28
151,161,162,173,195,219,240,247,248,249,250,259,262,269,270,272,273,292,293,295,303,304,314,315,316,317,325,326
222,222,65
15,139,140,158,159,160,161,162,163,172,183,184,185,215,217,225,227,229,237,239,240,246,247,248,249,251,252,253,259,260,261,268,269,270,271,272,273,274,281,282,283,284,292,293,294,295,296,297,303,304,305,306,307,314,315,316,317,318,319,324,325,326,327,328,329
89,89,97
74,161,162,176,184,193,194,197,198,207,215,216,218,219,220,229,230,231,232,236,237,238,239,240,241,242,246,247,248,249,250,251,252,253,254,257,258,259,260,261,262,263,264,267,268,269,270,271,272,273,274,275,279,280,281,282,283,284,285,286,291,292,293,294,295,296,297,298,299,300,301,302,303,304,305,306,307,308,312,313,314,315,316,317,318,319,320,321,322,323,324,325,326,327,328,329,330
455,455,106
132,151,154,173,174,175,176,192,193,194,195,196,197,198,213,214,215,216,217,218,219,220,231,232,233,234,235,236,237,238,239,240,241,242,251,252,253,254,255,256,257,258,259,260,261,262,263,264,268,269,270,272,273,274,275,276,277,278,279,280,281,282,283,284,285,286,289,290,291,292,294,295,296,297,298,299,300,301,302,303,304,305,306,307,308,310,311,312,313,314,315,316,317,318,319,320,321,322,323,324,325,326,327,328,329,330
280,280,125
40,132,151,153,168,169,170,171,172,173,176,186,188,189,190,191,192,193,194,195,196,197,198,207,208,209,210,211,212,213,214,215,216,217,218,219,220,223,230,231,232,233,234,235,236,237,238,239,240,241,242,245,246,252,253,254,255,256,257,258,259,260,261,262,263,264,267,268,269,270,273,274,275,276,277,278,279,280,281,282,283,284,285,286,288,289,290,291,294,295,296,297,298,299,300,301,302,303,304,305,306,307,308,309,310,311,312,313,314,315,316,317,318,319,320,321,322,323,324,325,326,327,328,329,330
546,546,133
11,34,35,39,40,49,50,51,52,54,55,56,57,58,59,61,64,65,66,71,72,73,74,75,76,77,78,79,80,81,83,85,86,87,88,93,94,95,96,97,98,99,100,101,102,103,104,105,108,109,110,119,120,121,122,123,124,125,126,127,130,132,143,144,145,146,147,148,149,156,157,164,165,166,167,168,169,170,171,177,178,179,181,186,187,188,189,190,191,192,199,200,201,202,203,205,209,210,211,212,213,221,222,223,225,233,234,235,243,244,245,246,247,255,256,257,265,266,267,268,269,277,278,279,287,288,289,290,291,309,310,311,312
420,420,94
1,2,3,4,5,6,7,8,9,10,11,12,13,14,15,17,19,21,23,24,25,26,27,28,29,30,31,32,33,34,35,36,37,39,45,46,47,48,49,50,51,52,53,54,55,56,57,67,68,69,70,71,72,73,75,76,77,78,89,90,91,92,93,99,100,101,111,112,113,114,133,134,135,136,155,156,157,158,159,177,178,179,180,181,199,200,201,202,221,222,223,243,244,268
24,24,44
1,2,3,4,5,6,7,8,9,10,11,23,24,25,26,27,28,29,30,32,33,45,46,47,48,49,50,51,54,69,73,75,76,89,90,111,112,114,133,134,135,136,155,156
296,296,25
198,219,238,254,255,257,262,267,275,283,286,299,300,301,306,307,308,317,318,320,322,326,327,328,329
153,153,37
110,124,144,175,186,189,198,208,209,211,219,229,230,231,232,234,241,250,253,254,257,262,271,277,286,295,301,307,308,316,317,318,320,321,322,325,328
39,39,55
83,104,122,123,140,141,144,146,154,162,165,169,175,185,189,193,207,208,213,215,220,230,233,234,235,237,241,250,253,257,261,262,263,271,274,275,277,279,285,286,293,296,297,299,300,301,307,308,317,318,320,324,327,328,329
0,0,59
109,131,141,144,154,164,175,186,188,198,207,208,209,210,217,220,228,229,230,231,233,234,237,238,239,241,250,252,257,260,262,263,264,271,274,275,277,278,281,284,285,286,296,297,298,305,307,313,317,318,319,320,321,322,326,327,328,329,330
574,574,76
21,43,62,84,143,144,153,154,162,163,165,175,176,189,190,193,196,206,207,208,212,216,219,220,230,231,232,236,238,239,241,242,250,251,252,255,259,260,262,263,264,274,275,277,278,279,281,282,283,284,285,286,296,297,298,299,301,304,305,306,307,308,313,317,318,319,320,321,322,323,324,325,326,328,329,330
171,171,72
21,22,42,43,64,65,122,126,131,140,141,142,143,154,162,163,164,167,175,184,185,186,187,188,198,207,209,211,212,214,215,216,220,230,231,232,233,234,236,237,238,242,249,250,251,257,259,260,261,262,263,264,277,281,283,284,285,286,296,298,301,303,305,306,307,317,318,321,323,324,328,330
321,321,69
21,43,59,63,65,82,88,110,121,127,128,131,140,146,151,153,154,162,163,165,174,175,184,196,208,209,215,219,231,234,239,240,241,242,251,252,254,255,256,258,259,262,263,264,271,273,274,277,279,281,282,283,285,286,295,296,299,300,301,305,306,307,320,321,323,324,327,328,329
61,61,83
21,22,42,43,44,63,65,84,88,106,108,109,110,122,127,128,132,140,144,149,152,153,154,163,164,165,166,175,176,185,186,188,189,191,193,196,208,209,211,214,220,225,229,230,238,239,242,250,252,253,257,258,259,262,263,264,274,275,277,279,280,283,285,286,291,294,295,296,298,301,303,305,306,307,308,317,320,321,323,324,328,329,330
58,58,91
14,21,22,40,42,43,44,58,60,61,62,63,65,79,83,84,85,86,101,105,109,110,120,121,122,127,128,129,130,131,140,141,142,147,152,154,162,163,165,167,175,176,184,185,207,208,209,211,212,219,220,230,231,232,235,238,240,241,242,248,251,252,253,257,259,260,261,262,263,264,273,276,277,278,280,281,282,283,285,286,294,295,296,298,299,307,316,317,321,323,330
38,38,83
21,22,42,43,44,53,57,58,59,65,80,85,103,104,105,108,110,121,123,127,128,131,140,147,149,153,154,162,163,164,169,170,175,186,188,193,195,197,207,208,209,211,212,218,220,230,231,233,236,248,251,252,253,257,262,272,274,275,276,277,279,280,282,284,285,286,291,294,295,296,297,298,299,303,305,307,308,317,318,319,321,327,328
171,171,80
18,19,21,22,42,43,44,57,59,61,63,66,80,81,87,102,105,108,110,122,123,140,147,154,162,167,168,175,176,182,186,189,193,195,198,207,212,220,230,231,232,235,237,238,239,241,242,248,249,252,253,261,262,263,272,274,276,277,278,282,284,286,295,296,297,299,300,305,306,307,308,317,318,320,321,323,327,328,329,330
148,148,88
13,18,19,20,21,22,43,57,60,63,78,79,84,85,86,87,88,105,107,109,110,121,122,123,127,132,141,144,149,150,154,162,163,166,167,173,174,175,176,184,185,186,187,193,207,208,209,212,216,219,220,230,231,235,238,241,242,252,253,257,259,260,261,263,264,273,274,279,284,285,286,291,295,296,297,299,300,305,306,307,308,317,318,321,325,328,329,330
59,59,83
16,19,21,22,35,42,43,57,62,64,65,80,83,84,86,105,107,110,120,123,126,127,132,140,141,142,147,153,154,162,163,165,167,174,175,176,186,188,191,198,207,209,211,212,219,220,228,231,237,238,239,240,241,242,249,252,257,259,261,263,264,271,273,274,277,278,284,285,286,294,295,304,307,308,314,315,317,318,321,325,328,329,330
570,570,77
20,38,42,43,57,62,64,84,85,88,105,109,110,120,121,123,124,127,128,141,142,149,150,151,152,153,154,162,163,164,165,176,184,185,191,209,211,212,219,220,230,231,234,235,238,239,241,242,249,252,261,263,264,272,274,275,276,277,279,282,283,284,285,293,294,295,296,297,301,304,305,306,308,317,323,329,330
546,546,40
21,22,42,43,44,79,87,120,121,144,148,153,162,163,165,174,175,198,209,212,219,230,231,241,253,261,263,264,274,285,286,296,301,307,308,313,317,319,328,330
1,1,88
22,38,41,42,43,59,62,64,65,66,81,84,86,105,109,110,119,120,127,131,132,140,141,142,145,147,148,150,153,154,166,167,169,174,175,176,185,186,187,197,198,206,208,209,210,212,218,219,220,228,230,231,235,236,237,240,241,242,249,250,253,261,262,263,264,269,275,279,281,285,286,292,295,296,304,307,308,314,317,319,320,321,323,324,325,326,328,330
469,469,83
16,19,40,42,43,44,58,62,65,80,82,85,86,88,107,109,110,119,120,123,124,129,131,132,141,146,148,150,153,164,165,167,168,175,176,185,186,190,197,207,211,212,214,215,217,219,220,230,231,237,239,240,242,250,252,253,259,261,262,263,264,275,277,281,283,285,286,292,295,297,303,304,305,307,308,316,317,319,323,324,328,329,330
152,152,85
14,15,19,21,40,41,42,43,59,62,64,65,80,84,85,101,109,110,120,123,128,131,132,140,141,147,153,165,168,170,174,175,176,185,187,188,189,190,193,196,197,207,208,209,210,215,218,219,220,228,231,232,235,242,252,253,254,258,259,263,264,275,277,278,283,286,297,298,300,301,304,305,306,307,308,313,314,315,317,321,324,326,328,329,330
183,183,71
16,19,20,36,40,41,43,59,64,65,66,79,80,84,85,86,98,100,101,110,120,123,130,141,153,165,176,185,186,193,207,208,209,211,218,220,227,230,231,237,241,242,253,258,259,261,262,263,264,270,271,274,275,276,277,282,284,285,286,295,303,304,305,307,308,315,324,327,328,329,330
195,195,84
19,20,21,36,41,42,44,58,62,64,65,84,85,86,88,98,106,107,108,120,127,131,132,142,145,147,150,153,154,164,165,167,175,185,186,187,188,189,193,196,197,207,208,212,218,220,227,228,229,230,231,235,239,240,241,242,252,258,259,260,261,262,263,264,270,273,274,282,284,286,296,302,303,305,306,307,308,315,323,324,327,328,329,330
191,191,72
20,21,42,43,57,63,65,84,85,86,98,105,108,109,110,120,122,131,132,150,154,161,165,167,176,185,186,187,189,191,196,197,198,208,212,218,219,227,230,231,239,242,249,253,261,262,270,272,274,279,281,285,286,298,299,300,301,302,304,305,307,308,317,319,320,323,324,325,327,328,329,330
423,423,47
21,42,43,64,65,84,85,88,102,110,121,127,131,143,145,153,154,163,164,186,187,189,196,197,209,212,220,231,239,240,241,242,252,253,261,274,283,286,297,298,300,305,308,324,328,329,330
97,97,71
20,41,42,43,59,62,63,64,65,84,85,86,87,88,97,110,120,127,131,143,145,153,154,161,163,164,165,174,176,184,186,187,195,197,206,208,209,212,217,218,220,227,229,231,237,238,241,252,253,257,261,262,264,272,277,278,280,283,286,295,297,298,307,308,317,323,324,326,327,328,330
409,409,82
14,17,18,19,21,41,42,43,58,63,64,65,84,85,87,98,109,110,120,127,128,131,132,143,145,154,163,165,167,175,176,184,185,186,187,197,198,202,208,209,212,214,217,219,220,228,230,231,235,237,240,242,250,251,257,258,259,261,264,275,276,279,283,286,295,298,300,301,302,304,306,307,308,317,320,321,324,325,327,328,329,330
432,432,90
14,19,20,21,22,36,40,41,42,43,44,59,62,63,65,77,84,85,97,99,105,106,109,121,123,129,131,132,145,147,152,153,154,164,167,174,175,176,186,187,195,197,207,208,211,214,215,217,218,219,220,228,229,230,231,233,236,240,241,242,252,253,258,259,261,262,274,276,277,278,280,283,286,293,295,297,300,301,306,308,317,321,323,324,325,326,327,328,329,330
192,192,91
14,15,19,21,22,42,43,44,59,60,64,65,77,83,84,85,86,88,97,99,101,102,106,109,120,123,125,127,128,131,132,142,143,145,146,147,150,153,154,164,165,167,168,174,176,185,186,189,190,191,196,197,206,208,209,210,211,215,217,218,219,220,228,230,231,235,236,238,240,241,248,250,258,272,274,278,281,286,296,297,298,306,307,308,320,321,324,327,328,329,330
371,371,49
22,42,43,59,64,84,85,101,106,119,123,124,127,131,142,153,154,165,167,174,176,186,187,208,219,220,230,231,235,239,240,242,249,262,272,274,277,280,286,295,307,308,315,321,325,327,328,329,330
254,254,79
15,16,18,21,22,37,39,42,43,58,59,62,64,65,80,84,86,88,97,101,109,121,126,127,142,143,145,149,152,153,164,167,168,174,184,185,186,187,194,195,196,206,207,209,210,216,218,219,220,230,231,235,237,242,257,261,272,274,276,279,280,281,286,295,299,305,306,307,308,311,315,317,319,320,321,324,328,329,330
424,424,86
14,17,20,21,40,42,43,44,59,60,62,63,64,65,77,84,85,88,97,98,101,109,110,120,125,126,132,143,144,145,146,152,153,164,167,168,175,186,194,195,196,197,198,208,211,216,219,220,230,231,235,247,248,249,251,252,256,257,258,261,262,270,272,277,279,280,281,284,285,286,291,295,298,302,304,306,307,308,315,316,317,318,323,328,329,330
208,208,93
15,19,20,21,40,41,42,43,44,59,60,62,63,64,65,66,85,86,87,88,98,102,103,105,108,109,110,121,123,125,126,127,131,132,143,145,146,151,152,153,154,164,171,173,175,176,186,187,190,191,194,196,197,207,208,210,211,216,218,219,220,234,239,251,252,253,254,261,262,270,274,276,277,280,285,286,296,298,300,303,304,305,306,307,308,315,317,320,324,325,327,329,330
141,141,10
243,265,266,287,288,289,309,310,311,312
315,315,91
89,111,112,113,114,115,133,134,135,136,137,138,155,156,157,158,159,160,161,177,178,179,180,181,182,183,199,200,201,202,221,222,223,224,225,243,244,245,246,248,250,251,256,257,265,266,267,268,269,270,271,272,273,274,275,276,277,278,279,280,287,288,289,290,291,292,293,294,295,296,297,298,299,300,309,310,311,312,313,314,315,316,317,318,319,320,321,322,323,324,330
540,540,141
1,2,3,4,5,6,7,8,10,11,23,24,25,26,27,28,29,45,46,47,48,49,50,51,52,67,68,69,70,71,72,73,83,89,90,91,92,93,94,95,96,101,111,112,113,114,115,116,117,118,120,121,122,123,124,125,133,134,135,136,137,138,139,140,141,142,143,145,146,147,148,155,156,157,158,159,161,162,163,164,165,168,169,170,177,178,179,180,181,185,186,187,188,189,190,191,199,200,201,202,203,206,208,210,211,212,213,214,223,229,230,231,232,233,234,235,242,250,251,252,253,254,255,256,257,258,263,264,274,275,276,277,278,286,299,300,307,308,321,322,330
314,314,129
1,2,3,4,5,6,7,8,9,10,11,12,13,14,15,16,17,18,19,20,21,22,24,25,26,27,28,29,30,31,32,33,34,35,36,37,38,39,40,41,46,47,48,49,50,51,52,53,54,55,56,57,58,59,60,61,62,63,69,70,71,72,73,74,75,76,77,78,79,80,81,82,83,84,91,92,93,94,96,98,99,100,101,102,103,104,105,120,121,122,123,124,125,126,132,142,143,144,145,146,147,148,153,164,165,166,167,168,169,170,176,187,188,189,190,191,192,197,198,212,214,218,219,220,240,241,242,263,264
298,298,114
1,2,3,4,5,6,7,8,9,10,11,12,13,14,15,16,17,18,19,20,21,22,25,26,27,28,29,30,31,32,33,34,35,36,37,38,39,40,41,42,43,44,49,50,51,52,53,54,55,56,57,58,59,60,61,62,63,64,65,66,73,74,75,76,77,78,79,80,81,82,83,84,85,86,87,88,98,99,101,102,103,104,105,106,107,108,109,110,125,126,127,128,129,130,131,132,147,148,149,150,151,152,153,154,173,174,175,176,196,197,198,218,219,220
258,258,110
1,3,4,6,7,8,9,10,11,12,13,14,15,16,17,18,19,20,21,22,27,28,29,30,31,32,33,34,35,36,37,38,39,40,41,42,43,44,48,50,51,52,55,56,57,58,60,61,62,63,64,65,66,71,73,75,76,77,82,83,84,85,86,87,88,94,96,97,98,102,104,105,106,107,108,109,110,115,116,117,118,126,127,128,129,130,131,132,137,138,139,147,148,149,150,151,152,153,158,159,168,170,172,173,174,176,192,214,225,236
293,293,97
1,4,6,7,8,9,10,11,12,13,14,15,16,18,19,20,21,22,28,29,30,31,32,33,34,35,36,37,38,39,40,41,42,43,44,45,51,52,53,54,57,58,60,61,62,63,64,65,66,73,74,76,83,84,85,86,87,88,96,97,98,104,105,106,107,108,109,110,116,117,118,119,126,127,128,129,130,131,137,138,139,147,148,149,150,151,170,172,192,193,195,214,215,216,218,237,281
116,116,83
6,8,9,10,11,12,13,14,15,16,17,19,20,21,22,29,30,31,32,33,34,35,36,41,42,43,44,51,52,53,54,55,63,64,65,66,74,75,84,85,86,87,88,96,97,98,105,106,107,108,109,110,116,118,127,128,129,130,131,132,137,138,139,140,149,150,151,152,153,154,159,171,172,173,174,175,192,193,217,236,237,258,280
113,113,71
6,12,13,14,20,21,22,30,31,32,34,35,41,42,43,44,51,52,53,54,63,64,65,66,74,75,85,86,87,88,95,96,97,106,107,108,110,116,117,118,119,127,128,129,132,137,138,139,140,141,149,152,153,154,158,159,160,170,171,175,176,181,192,193,202,214,215,236,258,280,302
186,186,58
3,6,7,8,9,13,14,22,29,30,31,32,42,43,44,49,50,51,52,53,63,64,65,66,71,72,73,74,84,85,86,88,93,94,95,96,106,107,116,117,118,127,132,137,138,139,140,149,158,159,160,161,171,180,193,202,215,258
290,290,39
3,4,8,28,29,30,31,43,49,50,51,52,53,72,73,74,85,93,94,95,96,116,117,118,135,137,138,139,140,159,160,161,171,180,193,202,215,244,267
179,179,19
6,7,23,24,29,52,73,74,93,94,95,96,116,117,118,137,138,159,160
435,435,5
19,44,286,308,330
340,340,18
57,81,99,103,131,242,251,252,264,275,285,286,294,307,308,317,329,330
53,53,19
33,55,57,88,126,131,230,242,252,253,264,274,275,286,307,308,327,329,330
417,417,22
22,33,38,55,77,80,99,101,104,121,131,164,186,242,264,270,271,274,286,308,329,330
334,334,38
35,38,57,59,76,77,88,99,104,110,125,131,143,154,186,198,208,211,212,220,229,234,242,252,253,258,264,271,274,286,294,297,307,308,327,328,329,330
71,71,30
22,35,38,44,57,77,82,88,94,99,102,104,110,132,143,145,146,164,175,212,220,242,264,274,275,286,307,308,329,330
374,374,44
9,11,22,33,38,55,57,77,80,99,101,104,110,121,125,126,154,164,184,186,207,208,211,212,219,220,234,241,242,248,252,253,256,264,274,275,286,293,296,307,308,327,329,330
162,162,38
17,22,32,37,54,55,57,58,59,66,88,99,102,110,121,125,126,132,142,148,183,186,190,212,234,242,252,253,264,270,274,275,285,307,308,321,329,330
222,222,46
10,13,22,35,37,38,55,57,58,60,76,77,80,88,98,99,101,102,103,110,120,121,123,125,126,143,146,186,190,211,212,220,229,234,238,242,248,252,256,264,270,274,286,307,308,330
351,351,44
7,22,55,57,58,66,77,80,88,98,99,101,102,109,110,119,121,141,145,146,148,163,167,168,189,190,197,220,241,242,248,252,263,264,270,271,285,286,306,307,308,328,329,330
297,297,49
15,21,22,33,34,54,55,59,65,77,80,81,87,99,102,103,109,121,125,126,132,133,139,140,143,153,154,167,168,185,189,190,212,215,220,238,241,242,248,264,285,286,294,305,307,308,327,329,330
391,391,42
21,33,44,54,55,57,58,76,77,98,99,102,110,121,142,143,145,154,164,167,168,175,190,211,220,226,230,238,241,242,248,255,263,264,270,285,286,307,308,316,329,330
290,290,38
21,22,33,54,55,77,81,87,98,99,121,147,168,175,186,189,212,220,229,230,234,238,241,242,248,255,259,264,269,270,285,286,307,308,325,326,329,330
357,357,52
33,42,55,65,66,76,77,78,87,97,98,99,110,119,120,121,139,142,145,148,153,154,167,168,189,190,211,212,216,220,225,230,234,237,238,242,247,248,255,260,263,264,269,270,285,286,305,307,308,328,329,330
224,224,42
21,33,34,54,55,57,66,76,77,97,99,108,119,120,121,125,139,140,147,148,153,164,168,212,215,233,234,237,241,242,263,264,269,270,285,286,306,307,308,325,329,330
449,449,44
22,33,34,55,65,66,77,78,94,98,99,120,121,139,142,147,163,168,190,204,212,214,215,220,225,226,234,237,242,248,252,260,263,264,270,285,286,291,305,307,308,315,329,330
483,483,45
15,16,33,34,38,54,55,56,77,78,98,99,103,110,119,120,121,125,147,153,154,168,170,182,204,212,214,215,220,237,242,248,263,264,270,284,285,286,291,306,307,308,326,329,330
62,62,42
10,33,44,55,56,66,77,98,99,117,118,119,120,121,125,138,140,142,147,148,154,163,175,203,212,214,215,220,236,241,242,247,262,264,285,286,305,307,308,317,329,330
278,278,18
77,102,119,120,182,226,242,264,284,285,286,306,307,308,326,327,329,330
404,404,32
56,60,66,77,78,98,99,120,121,124,145,154,163,211,226,233,242,247,263,264,273,285,286,305,306,307,308,318,326,327,329,330
68,68,6
264,285,286,307,308,330
247,247,24
8,30,51,95,108,116,118,139,152,174,195,196,217,260,261,278,279,280,281,282,283,301,302,323
65,65,59
29,30,44,73,86,94,95,108,115,116,119,129,136,138,139,152,160,173,174,181,182,190,195,196,203,204,218,225,226,234,238,239,247,257,261,269,270,271,278,279,280,281,282,283,291,292,294,299,300,301,302,313,314,315,316,318,321,322,323
220,220,85
19,51,61,64,72,73,94,95,109,115,116,130,136,138,140,152,159,160,161,162,173,174,175,181,182,195,196,203,204,212,217,218,225,226,227,234,240,246,247,248,249,250,256,257,258,262,268,269,270,272,277,278,279,280,281,283,290,291,292,293,294,295,296,297,298,299,300,301,302,305,312,313,314,315,316,317,318,319,320,321,322,323,326,327,328
444,444,101
126,130,136,148,152,153,154,160,169,174,175,176,181,196,197,202,203,212,217,218,225,226,227,232,234,236,238,239,240,246,247,248,249,250,253,254,255,256,257,259,260,261,262,268,269,270,271,272,273,274,275,276,277,278,279,280,281,282,283,284,285,286,290,291,292,293,294,295,296,297,298,299,300,301,302,303,304,305,306,307,308,311,312,313,314,315,316,317,318,319,320,321,322,323,324,325,326,327,328,329,330
561,561,108
132,152,153,154,172,174,175,176,195,196,197,198,210,211,212,214,216,217,218,219,220,231,232,233,234,235,236,237,238,239,240,241,242,248,250,251,252,253,254,255,256,257,258,259,260,261,262,263,264,268,269,270,272,273,274,275,276,277,278,279,280,281,282,283,284,285,286,289,290,291,292,293,294,295,296,297,298,299,300,301,302,303,304,305,306,307,308,310,311,312,313,314,315,316,317,318,319,320,321,322,323,324,325,326,327,328,329,330
530,530,125
125,126,130,147,153,154,167,168,174,175,176,184,185,186,187,188,189,196,197,198,206,207,208,209,210,211,217,218,219,220,223,224,225,226,227,228,229,230,231,232,233,234,239,240,241,242,245,246,249,250,251,252,253,254,255,256,257,261,262,263,264,266,267,268,269,270,271,272,273,274,275,276,277,278,279,280,281,282,283,284,285,286,287,288,289,290,291,292,293,294,295,296,297,298,299,300,301,302,303,304,305,306,307,308,309,310,311,312,313,315,316,317,318,319,320,321,322,323,324,325,326,327,328,329,330
556,556,125
15,16,17,18,27,28,37,38,39,40,48,49,50,58,59,60,61,66,69,70,71,78,79,80,81,82,88,89,90,91,92,93,99,100,101,102,103,104,111,112,113,114,120,121,122,123,124,125,126,133,134,135,136,137,141,142,143,144,145,146,147,155,156,157,158,159,161,162,163,164,165,166,167,168,177,178,179,180,181,183,184,185,186,187,188,189,199,200,201,202,203,205,206,207,208,209,210,211,220,221,222,223,224,225,227,229,230,231,243,244,245,246,252,265,266,267,268,287,288,289,290,309,310,311,312
298,298,92
1,2,3,4,5,6,7,8,9,12,13,14,15,16,23,24,25,26,27,28,29,30,31,32,33,34,35,36,37,38,45,46,47,48,49,50,51,52,55,56,57,59,67,68,69,70,71,72,73,74,79,80,81,89,90,91,92,93,100,101,102,111,112,113,114,115,120,121,133,134,135,136,137,155,156,157,158,177,178,179,180,199,200,201,202,221,222,223,243,244,265,266
404,404,38
1,2,3,4,5,6,7,8,9,23,24,25,26,27,28,29,30,31,45,46,47,48,49,51,52,67,68,69,70,71,89,90,91,92,111,112,113,156
456,456,14
241,263,264,285,286,303,304,306,307,315,321,325,326,327
103,103,45
143,147,154,169,170,175,184,190,196,207,208,210,211,212,213,219,227,237,241,248,249,251,252,259,261,263,272,276,281,285,286,293,305,306,307,308,315,316,317,318,321,322,326,327,329
76,76,63
11,23,34,35,55,76,78,79,80,97,98,99,101,117,127,138,142,143,145,159,162,168,169,170,176,183,184,196,206,209,214,218,227,235,240,241,250,252,254,259,264,272,273,274,276,277,279,281,282,283,284,285,300,305,306,307,308,315,316,317,326,328,329
171,171,67
55,77,78,80,95,101,117,118,122,123,139,140,143,159,160,161,166,168,169,170,171,190,193,194,196,206,207,208,210,211,213,215,217,228,229,232,235,237,238,239,240,248,259,261,262,263,264,269,272,273,281,282,283,288,291,294,295,303,305,306,308,314,316,325,326,327,329
174,174,85
12,32,33,34,54,55,61,76,77,85,96,99,100,101,105,108,121,122,123,140,141,142,143,147,149,159,160,162,168,169,170,171,175,190,196,198,205,208,210,217,218,226,227,228,229,231,232,234,235,238,239,240,241,242,248,249,251,252,259,260,262,263,264,269,273,279,281,282,285,286,288,291,293,295,297,298,299,305,306,316,319,323,328,329,330
216,216,77
11,12,15,33,34,35,38,54,55,56,60,73,76,77,79,96,100,102,121,122,123,125,140,141,142,144,145,146,147,148,149,159,161,162,169,170,171,173,181,182,196,198,207,209,210,217,220,226,231,232,239,241,242,249,260,262,263,264,271,272,273,276,282,284,285,286,295,296,303,305,306,308,316,317,322,327,330
296,296,97
12,23,34,36,54,56,57,60,73,77,78,81,97,99,100,101,102,108,123,124,125,126,139,140,141,144,145,147,148,149,152,153,154,161,162,164,167,168,169,170,171,173,174,175,182,186,190,192,196,198,204,210,211,212,213,214,217,218,220,230,231,235,236,238,239,240,241,242,250,252,253,259,260,262,263,264,271,273,282,283,284,285,286,293,295,300,304,305,306,315,317,321,322,324,327,329,330
50,50,95
32,57,58,60,75,78,80,81,97,100,101,102,104,110,123,124,126,141,142,144,145,146,147,148,149,152,153,154,162,163,164,166,168,169,170,171,173,174,175,176,182,185,191,192,196,197,204,205,210,212,213,218,220,231,235,237,238,239,240,241,249,250,252,258,259,260,261,262,263,264,270,272,273,278,281,283,284,285,286,295,296,297,299,300,305,306,315,317,318,325,326,327,328,329,330
272,272,99
11,12,16,33,34,35,36,37,43,54,55,56,58,74,76,78,79,80,86,96,99,101,102,117,124,139,141,144,146,147,148,152,161,162,164,167,168,169,170,171,174,175,176,184,189,190,191,192,195,196,197,198,205,206,207,209,210,211,213,214,217,218,220,225,231,232,235,239,241,249,250,252,260,261,262,263,264,271,272,273,281,282,283,286,293,294,296,303,305,306,307,308,315,316,317,318,325,328,330
280,280,97
1,11,12,13,32,33,35,36,57,58,74,76,79,100,101,102,116,119,120,121,122,123,126,132,138,140,141,145,147,149,154,160,166,167,168,169,170,175,176,182,184,185,189,190,191,193,195,196,197,198,205,210,212,217,218,219,220,225,227,233,235,239,240,241,242,249,250,251,252,254,258,259,260,261,262,263,264,270,272,281,282,285,293,294,296,299,305,306,308,314,315,316,317,319,325,327,330
543,543,93
11,12,13,14,19,33,34,35,55,56,58,74,75,79,80,86,88,97,100,117,118,119,120,123,126,127,138,141,143,144,147,148,149,152,154,160,165,166,168,169,171,174,175,182,189,190,191,196,197,198,203,212,217,218,220,226,227,235,236,237,239,241,242,249,251,259,260,262,263,264,270,271,278,280,281,282,284,285,286,293,299,305,306,307,308,318,321,325,326,327,328,329,330
165,165,91
11,12,13,14,17,22,33,34,35,36,37,55,56,58,61,74,86,96,99,102,116,119,126,128,138,142,145,147,148,152,153,154,160,162,166,168,169,170,171,174,175,176,189,190,192,195,196,197,198,203,208,211,213,214,217,218,219,220,227,228,235,238,239,240,241,242,249,259,260,261,262,263,264,265,271,274,281,282,284,285,286,301,305,306,307,316,326,327,328,329,330
39,39,87
11,12,13,14,16,22,34,35,36,37,38,40,41,44,53,54,55,56,57,58,74,75,78,79,81,82,96,100,102,107,110,116,117,126,132,148,149,153,168,169,170,171,173,189,192,195,196,197,211,212,214,217,218,220,235,237,238,239,240,241,242,249,259,260,262,263,264,271,275,280,281,282,284,285,286,293,294,300,303,305,306,315,318,321,326,328,330
142,142,63
11,12,14,17,22,33,35,41,54,58,59,64,66,74,78,80,86,116,119,120,141,142,147,149,153,168,169,173,176,191,192,196,197,201,209,211,213,217,218,235,237,238,240,241,242,259,260,261,262,263,264,277,282,285,286,294,305,306,308,321,322,326,328
549,549,63
11,12,13,37,43,60,64,65,75,76,79,86,87,109,110,118,128,132,144,145,146,147,148,149,153,154,168,173,176,182,191,192,195,196,200,204,209,211,218,220,234,237,238,239,241,242,254,259,261,262,263,264,277,282,283,284,285,299,300,308,317,326,328
9,9,92
11,14,34,37,38,41,43,44,53,56,59,60,61,65,66,76,79,88,94,96,102,108,109,110,118,120,122,125,141,142,144,146,147,150,153,154,167,168,169,170,173,174,175,189,191,195,196,204,209,211,213,214,217,218,220,227,229,237,238,239,240,241,242,249,250,254,255,259,260,261,262,263,264,271,272,273,280,281,282,283,285,298,300,303,305,306,307,321,326,327,329,330
418,418,41
1,11,13,14,16,19,35,96,104,110,126,146,147,152,168,169,170,173,191,196,198,211,218,220,239,260,261,263,279,281,285,298,302,306,307,308,317,321,325,326,330
222,222,59
13,15,19,34,43,44,65,66,84,96,104,105,110,124,126,130,138,140,141,147,149,152,153,167,168,169,170,173,174,191,193,195,198,205,211,213,218,219,242,249,258,260,261,262,263,264,271,272,279,281,282,285,299,300,305,308,325,326,330
276,276,90
13,14,16,19,33,34,43,44,56,59,60,66,79,84,85,88,96,99,102,104,105,106,107,110,116,121,123,124,126,129,132,138,146,147,149,152,154,163,167,168,169,170,173,174,176,185,188,191,192,195,197,211,217,218,220,235,236,237,239,241,242,248,249,250,252,256,259,260,261,262,263,264,271,272,276,277,279,281,282,283,285,300,305,306,307,308,321,325,326,329
458,458,86
11,13,22,33,34,37,41,43,44,53,60,66,77,80,81,84,85,88,99,100,105,110,116,117,118,122,124,125,126,127,128,141,144,146,147,148,149,152,153,154,162,167,168,169,174,191,192,195,196,198,211,218,219,220,234,237,240,241,242,250,259,260,261,262,263,264,270,271,277,282,283,284,285,286,294,299,303,304,305,306,308,324,325,327,328,329
71,71,81
12,13,19,21,30,33,34,43,44,56,66,80,81,88,100,103,104,105,110,117,122,125,126,127,129,130,131,132,138,144,145,146,147,148,151,152,153,154,163,167,168,169,174,175,176,191,193,195,196,198,208,211,218,220,234,241,256,258,259,260,261,262,263,264,270,277,280,282,284,285,286,303,304,305,306,308,324,325,326,328,329
6,6,95
15,22,30,34,37,43,44,56,65,66,75,77,80,81,82,84,88,96,100,102,104,110,118,123,125,126,127,128,130,132,138,139,140,141,144,146,153,154,160,163,167,168,169,170,174,175,182,191,192,193,195,196,198,205,208,211,213,218,220,232,236,238,239,240,241,249,256,258,260,261,262,263,264,270,271,277,279,282,284,285,286,298,299,303,306,307,308,320,321,325,326,327,328,329,330
448,448,96
15,17,18,32,34,37,43,44,45,54,66,81,82,84,85,88,96,102,105,121,124,125,126,127,130,132,140,144,147,148,151,152,154,163,164,167,168,169,170,174,176,182,191,195,196,197,198,205,208,211,213,217,218,219,220,233,238,240,241,242,248,255,256,258,259,260,261,262,263,264,271,275,278,281,282,283,284,285,286,298,302,303,304,305,306,307,308,320,321,323,324,325,326,328,329,330
424,424,96
15,18,19,21,22,33,34,37,43,44,66,80,81,82,84,88,89,95,96,100,101,104,110,118,121,122,125,126,127,128,130,131,132,144,145,147,151,152,153,154,163,166,167,168,169,174,187,188,191,196,198,213,217,218,220,227,232,233,236,238,240,242,259,260,261,262,263,264,271,272,275,277,282,284,285,286,294,295,297,301,302,303,304,305,306,307,308,320,322,324,325,326,327,328,329,330
196,196,76
18,19,21,22,34,37,39,41,43,44,58,65,74,77,78,80,81,82,96,101,102,104,105,106,110,116,121,126,127,128,130,144,145,147,153,154,162,163,166,167,169,173,174,176,185,190,195,198,210,213,217,218,219,226,232,238,239,240,242,260,262,263,264,283,284,285,296,297,302,306,308,319,325,326,329,330
441,441,89
12,18,19,21,22,32,33,34,35,37,43,53,58,59,61,65,66,77,78,80,82,88,100,103,104,105,107,110,125,126,127,130,136,138,143,144,145,146,147,148,151,153,154,162,163,166,167,168,169,170,172,174,182,190,191,193,196,197,198,210,218,219,220,227,235,240,241,242,258,259,260,261,262,263,264,281,284,285,286,303,305,308,319,321,322,324,327,328,330
21,21,89
18,19,22,32,33,34,41,43,53,54,60,61,65,75,81,82,87,99,102,103,104,105,106,108,110,124,125,126,127,129,130,132,138,140,145,146,147,152,153,154,160,163,166,167,168,169,173,174,182,196,197,210,211,217,218,219,220,227,235,238,240,241,242,255,257,258,259,260,261,262,263,264,271,272,277,281,284,285,286,302,305,306,308,316,322,324,325,326,330
45,45,85
7,15,18,21,32,33,34,40,43,44,53,58,62,67,76,79,81,82,83,87,96,99,103,104,106,110,118,124,125,126,127,128,129,130,131,138,140,145,146,147,148,152,153,154,160,166,167,168,169,170,173,174,175,176,182,190,195,196,198,219,220,236,239,240,241,242,258,259,261,262,263,264,284,285,286,300,302,308,318,319,320,323,325,329,330
212,212,77
13,16,18,21,33,34,37,43,44,59,60,63,77,81,83,85,87,102,103,104,105,106,108,110,125,126,127,130,131,132,145,147,151,152,153,154,166,167,168,173,174,176,188,190,197,198,210,211,217,218,219,220,236,240,241,242,259,261,263,264,279,283,284,285,286,298,302,306,307,308,322,323,325,326,327,329,330
203,203,64
15,18,34,37,39,40,43,56,59,81,83,84,85,86,87,99,102,104,110,125,126,130,138,141,145,146,147,148,151,153,166,167,168,169,176,190,191,194,198,219,220,236,239,240,241,242,255,264,272,281,282,283,284,285,286,299,300,306,307,308,321,328,329,330
412,412,9
243,265,287,288,293,309,310,311,313
299,299,89
23,45,46,67,68,89,90,111,112,113,114,133,134,135,136,137,155,156,157,158,159,177,178,179,180,181,183,184,199,200,201,202,203,221,222,223,224,225,243,244,245,246,247,248,249,250,251,265,266,267,268,269,270,272,273,274,275,278,279,280,287,288,289,290,291,292,293,295,296,297,298,299,300,309,310,311,312,313,314,315,318,319,320,321,322,324,328,329,330
517,517,134
1,2,3,4,5,23,24,25,26,27,28,45,46,47,48,49,67,68,69,70,71,75,89,90,91,92,93,96,97,111,112,113,114,115,116,117,118,119,120,133,134,135,136,137,138,139,140,141,142,155,156,157,158,159,160,161,162,177,178,179,180,181,182,183,184,185,197,198,199,200,201,202,203,204,205,206,219,220,222,223,224,227,228,229,239,240,241,242,244,245,246,247,248,249,250,252,257,258,262,263,264,266,267,268,270,272,273,274,276,277,278,279,280,284,285,286,291,293,295,296,297,298,299,300,307,308,318,319,320,321,322,323,329,330
295,295,128
1,2,3,4,5,6,7,8,9,10,11,12,13,14,15,21,22,23,24,25,26,27,28,29,30,31,32,33,34,35,36,44,45,46,47,48,49,50,51,52,53,54,55,56,57,67,68,69,70,71,72,73,74,75,76,77,78,79,87,88,91,92,93,94,95,96,97,98,99,100,110,114,115,116,117,118,119,120,121,122,123,125,129,132,137,139,140,141,142,147,148,149,154,159,161,163,173,175,176,194,195,196,197,198,214,215,216,217,218,219,220,235,236,237,238,239,240,241,242,257,259,260,263,264,286,308,329,330
323,323,117
2,3,4,5,6,7,8,9,10,11,12,13,14,15,16,17,18,19,20,21,22,25,26,27,28,29,30,31,32,33,34,35,36,37,38,39,40,41,42,43,44,49,50,51,52,53,54,55,56,57,58,59,60,61,62,63,64,65,66,73,74,75,76,77,78,79,80,81,82,83,84,85,86,87,88,97,98,99,100,101,102,103,104,105,106,107,108,109,110,120,124,125,126,127,128,129,130,131,132,147,149,150,151,152,153,154,171,172,173,174,175,176,194,195,196,197,198
292,292,113
3,4,5,6,7,8,9,10,11,12,13,14,15,16,17,18,19,20,21,22,26,27,28,29,30,31,32,33,34,35,36,37,38,39,40,41,42,43,44,48,49,51,52,53,54,55,56,57,58,59,60,61,62,63,64,65,66,69,70,71,73,74,75,76,77,78,79,80,81,82,83,84,85,86,87,88,92,93,94,98,100,101,103,105,106,109,110,114,115,118,124,127,128,131,135,136,140,141,142,147,149,150,151,152,158,160,170,171,173,181,192,193,202
464,464,102
4,5,6,7,8,9,10,11,12,13,14,15,16,17,18,19,20,21,22,26,27,28,29,30,31,32,33,34,35,36,37,38,39,40,41,42,43,44,48,49,50,51,53,54,55,56,57,58,59,60,61,62,63,65,66,70,71,72,73,75,77,80,82,83,84,86,87,88,92,93,101,102,103,104,105,106,108,109,114,115,118,120,121,126,127,128,136,137,141,142,148,149,150,158,163,164,167,170,171,185,192,207
518,518,90
5,6,7,8,9,10,11,12,13,14,15,16,17,18,19,20,21,22,26,27,28,32,33,34,35,36,37,38,39,40,42,43,44,48,49,50,55,56,57,58,59,60,61,63,65,66,70,71,78,79,80,82,83,84,85,86,87,88,92,93,100,103,105,106,108,109,110,114,124,127,128,130,131,136,137,142,143,149,150,158,159,163,166,167,171,180,185,202,225,292
412,412,74
4,5,6,13,14,15,16,17,21,22,27,33,34,35,36,37,38,39,44,48,49,50,55,56,57,58,60,65,66,70,71,72,78,79,82,83,87,88,92,93,94,99,108,110,114,115,120,121,136,137,142,143,149,150,158,159,163,164,167,180,181,186,202,203,225,247,248,258,269,270,291,292,293,316
78,78,56
4,5,6,13,14,15,16,22,26,27,35,36,37,44,49,50,57,58,66,70,71,72,78,79,92,93,94,100,113,114,115,121,136,137,143,158,159,164,167,180,181,201,202,203,224,225,227,247,248,269,270,271,292,293,314,316
4,4,32
4,5,6,14,15,16,27,36,48,49,70,71,92,93,114,115,136,137,142,158,164,180,181,202,203,224,247,248,271,292,293,316
414,414,9
5,6,27,49,70,71,92,137,158
52,52,30
19,40,62,124,125,130,146,152,153,154,168,173,174,175,190,191,192,212,213,214,233,282,295,303,304,305,317,318,319,326
320,320,32
44,66,88,108,109,110,128,131,132,150,151,173,175,176,194,195,197,198,217,218,219,220,238,240,241,242,261,262,263,264,285,306
314,314,32
87,88,110,121,127,129,131,132,145,151,175,195,197,198,217,218,219,220,238,239,240,241,242,251,261,262,263,264,284,285,297,308
33,33,30
86,88,110,132,139,145,149,160,161,175,176,196,197,198,217,218,219,220,228,238,239,240,241,242,262,263,264,273,274,329
210,210,23
43,88,106,109,110,131,132,153,154,175,176,196,197,198,218,219,240,241,242,261,262,263,264
223,223,46
44,66,88,106,110,128,129,131,132,138,139,144,149,151,152,153,154,161,172,173,174,175,176,183,196,197,198,217,218,219,220,238,239,240,241,242,261,262,263,264,274,283,285,297,306,329
304,304,44
43,44,88,107,109,110,128,131,132,144,150,152,153,154,173,174,175,176,183,195,196,197,198,217,218,219,220,238,239,240,241,242,261,262,263,264,274,283,284,285,286,305,307,329
559,559,52
42,44,66,76,88,107,108,109,110,117,129,131,132,144,145,151,152,153,154,160,161,166,173,174,175,176,183,194,196,197,198,216,217,218,219,220,238,239,240,241,242,261,262,263,264,274,283,284,285,286,306,329
559,559,53
42,43,44,65,86,88,105,106,107,108,109,110,128,129,131,132,139,145,149,151,152,153,154,160,161,172,173,174,175,176,193,194,196,197,198,217,218,219,220,238,239,240,241,242,261,262,263,264,274,283,284,285,329
