504,521
389,389,25
7,14,23,28,29,36,45,46,50,51,52,58,81,82,83,103,104,105,127,128,249,270,271,292,293
59,59,10
14,22,36,44,58,66,88,110,132,154
192,192,3
39,299,319
451,451,10
294,295,296,297,299,300,305,317,322,323
436,436,24
75,142,207,210,234,272,274,277,278,293,294,297,298,299,300,301,316,317,318,319,320,321,322,323
401,401,28
188,189,212,230,272,273,274,276,277,278,294,295,296,297,298,299,300,301,308,309,316,317,318,319,320,321,322,323
386,386,31
27,51,167,210,211,231,234,273,274,275,276,277,278,294,295,296,297,298,299,300,301,306,307,316,317,319,320,321,322,323,327
126,126,45
1,6,167,168,188,189,210,211,212,234,253,254,255,256,272,273,274,275,276,277,278,293,294,295,296,297,298,299,300,301,302,305,306,307,308,316,317,318,319,320,321,322,323,327,330
419,419,48
1,6,28,75,167,188,211,212,229,231,232,234,250,252,254,255,256,272,273,274,275,276,277,278,279,287,293,294,295,296,297,298,299,300,301,302,306,308,316,317,318,319,320,321,322,323,327,330
214,214,50
1,10,33,34,164,167,168,189,190,210,211,212,232,250,251,252,253,254,255,256,272,273,274,275,276,277,278,279,293,294,295,296,297,298,299,300,301,302,306,308,316,317,318,319,320,321,322,323,327,330
123,123,57
1,6,29,30,97,146,164,167,168,188,189,209,210,211,212,229,232,233,234,250,251,252,253,254,255,256,272,273,274,275,276,277,278,279,287,293,294,295,296,297,298,299,300,301,302,306,309,316,317,318,319,320,321,322,323,324,327
249,249,38
145,164,168,190,210,233,250,251,253,254,255,256,272,273,274,275,276,277,278,279,294,295,296,297,298,299,300,301,306,316,318,319,320,321,322,323,324,327
107,107,67
1,2,5,6,10,29,30,52,60,100,123,145,146,164,167,168,186,187,188,189,190,210,211,212,232,233,234,250,251,252,253,254,255,256,267,272,273,274,275,276,277,278,279,287,293,294,295,296,297,298,299,300,301,302,306,309,316,317,318,319,320,321,322,323,324,326,327
190,190,75
1,3,6,11,27,29,30,32,119,123,144,145,146,162,164,165,167,168,187,188,189,190,208,210,211,212,228,229,230,231,232,233,234,250,251,253,254,255,256,265,267,272,273,274,275,276,277,278,279,280,288,293,294,295,296,297,298,299,300,301,302,305,306,309,310,316,317,318,319,320,321,322,323,327,328
526,526,61
1,6,30,117,120,162,165,167,168,186,187,188,190,206,208,210,212,229,232,233,234,250,251,252,253,254,255,256,267,272,273,274,275,276,277,278,279,280,282,288,294,295,296,297,298,299,300,301,308,310,316,317,318,319,320,321,322,323,324,327,328
177,177,75
1,5,6,9,10,27,29,30,53,117,123,141,144,146,164,165,166,167,168,183,187,188,189,190,206,210,211,212,228,229,232,233,234,250,251,252,253,254,255,256,272,273,274,275,276,277,278,279,280,282,285,287,294,295,296,297,298,299,300,301,302,306,307,308,309,316,317,318,319,320,321,322,323,324,326
105,105,56
5,6,29,167,187,188,189,190,206,210,212,228,229,231,232,234,250,251,252,253,254,255,256,257,265,272,273,274,275,276,277,278,279,280,282,285,287,294,295,296,297,298,299,300,301,302,306,308,309,310,316,317,321,322,323,324
183,183,31
46,165,167,187,190,210,211,229,232,251,252,253,254,255,256,265,273,274,275,276,277,278,279,296,299,300,301,317,321,322,323
219,219,18
164,190,230,232,252,253,256,265,275,278,300,308,309,310,320,322,327,328
408,408,55
17,18,22,37,38,39,40,42,51,62,63,64,65,66,82,84,85,88,102,103,104,106,108,125,126,147,148,150,169,170,171,172,182,191,192,193,214,215,223,224,226,235,246,248,270,293,303,313,314,319,320,325,326,327,328
483,483,85
17,18,19,39,40,41,60,62,63,64,66,85,86,87,88,103,104,106,107,108,109,110,125,126,128,129,130,131,132,147,148,149,150,151,154,169,171,172,176,182,191,192,193,194,204,205,213,214,215,223,224,235,236,246,247,248,257,269,270,271,274,290,291,293,294,295,296,297,301,302,303,304,305,312,313,314,315,317,318,319,323,324,325,326,328
401,401,96
12,13,15,17,18,19,39,40,41,62,65,82,86,107,108,126,129,130,131,132,150,151,153,154,172,173,176,183,192,193,194,198,204,205,213,214,215,220,235,236,240,241,242,257,258,264,268,270,271,274,275,277,278,279,280,281,282,283,284,285,286,291,294,295,296,297,298,299,300,301,302,303,304,305,306,307,308,311,312,313,315,316,317,318,319,320,321,322,323,324,325,326,327,328,329,330
533,533,106
110,129,130,131,132,150,151,152,153,154,172,173,174,175,176,191,194,195,196,197,198,204,205,213,214,215,216,217,218,219,220,226,230,231,236,237,238,239,240,241,242,253,256,257,258,259,260,261,262,263,264,268,273,274,275,276,277,278,279,280,281,282,283,284,285,286,289,290,291,293,294,295,296,297,298,299,300,301,302,303,304,305,306,307,308,310,311,312,313,314,315,316,317,318,319,320,321,322,323,324,325,326,327,328,329,330
462,462,113
131,132,151,152,153,154,171,172,173,174,175,176,191,193,194,195,196,197,198,210,211,213,214,215,216,217,218,219,220,230,231,232,234,235,236,237,238,239,240,241,242,252,253,254,255,256,257,258,259,260,261,262,263,264,268,271,273,274,275,276,277,278,279,280,281,282,283,284,285,286,288,289,290,291,292,293,294,295,296,297,298,299,300,301,302,303,304,305,306,307,308,309,310,311,312,313,314,315,316,317,318,319,320,321,322,323,324,325,326,327,328,329,330
228,228,132
20,21,22,41,42,43,44,63,64,66,86,88,103,109,110,128,129,130,131,132,142,147,151,152,153,154,158,159,163,168,172,173,174,175,176,177,178,179,180,181,182,183,186,188,189,190,191,192,194,195,196,197,198,199,200,201,203,204,207,208,209,210,211,212,213,214,215,216,217,218,219,220,221,222,226,227,230,231,232,235,236,237,238,239,240,241,242,243,244,247,251,252,253,256,257,258,259,260,261,262,263,264,265,266,267,268,270,271,272,274,275,276,277,278,279,287,288,289,290,291,293,296,299,300,309,310,311,312,313,317,318,321
395,395,115
1,2,3,4,5,6,7,8,9,10,11,12,13,14,15,16,17,18,19,20,21,22,23,24,25,26,27,28,29,30,31,34,35,36,37,39,40,41,42,43,44,45,46,47,48,49,50,51,52,53,57,65,66,67,68,69,70,71,72,73,74,75,88,89,90,91,92,93,94,95,96,97,102,111,112,113,114,115,116,117,118,119,120,124,133,134,135,136,137,138,140,141,155,156,157,158,159,177,178,179,180,181,182,199,200,201,202,203,204,221,222,223,224,244,263
352,352,73
1,2,3,4,5,6,7,8,9,10,11,12,13,14,15,16,17,18,19,22,23,24,25,26,27,28,29,30,31,32,33,35,36,37,44,45,46,47,48,49,50,51,52,53,55,58,67,68,69,70,71,72,74,89,90,91,92,93,94,111,112,113,114,115,133,134,135,136,137,155,156,157,177
106,106,9
300,302,305,306,307,325,326,328,329
155,155,38
194,195,211,212,218,233,235,239,240,252,255,257,258,259,260,277,278,279,280,281,284,285,295,296,299,300,302,306,308,316,317,318,319,320,321,322,324,329
67,67,59
11,76,139,146,149,186,189,194,209,210,212,216,217,218,220,230,231,233,235,236,238,239,242,255,257,258,259,261,262,263,264,273,276,277,279,281,282,283,285,286,295,296,299,302,303,306,307,308,316,317,318,319,321,323,325,326,327,328,329
5,5,68
73,78,107,121,123,124,127,149,163,166,167,184,188,190,205,210,211,212,213,216,217,218,228,229,230,233,235,236,238,239,240,242,252,253,256,257,258,260,263,273,274,278,279,280,281,282,283,285,295,296,297,300,303,305,306,307,308,316,317,318,319,320,321,323,325,326,329,330
190,190,79
3,50,55,73,78,117,121,124,139,143,152,163,164,167,174,175,184,185,186,188,190,196,205,208,209,210,212,213,215,220,228,229,230,231,232,233,234,235,236,241,242,253,254,255,256,257,258,260,261,263,273,280,283,284,285,295,296,297,298,299,300,301,302,305,306,307,308,316,318,319,320,322,323,324,325,326,328,329,330
198,198,88
7,10,24,94,105,116,117,122,123,124,141,142,143,145,152,153,160,163,165,166,168,173,176,185,186,188,190,206,208,209,211,212,215,216,217,218,219,220,230,231,232,235,236,237,240,241,242,253,254,255,257,258,259,262,263,265,273,275,277,278,279,280,283,284,285,286,295,296,297,298,299,300,301,302,305,306,307,316,317,319,320,321,324,326,327,328,329,330
48,48,105
5,6,7,9,10,23,31,50,55,56,58,79,82,95,96,102,105,107,108,116,117,118,121,123,133,138,139,142,143,144,153,160,163,164,165,166,167,172,174,184,185,186,187,188,189,195,206,207,208,209,210,212,218,219,228,229,230,231,232,233,235,236,237,238,240,241,253,254,255,258,259,261,262,263,264,273,275,277,279,280,282,283,285,286,295,296,297,298,301,302,304,305,306,307,308,317,318,319,321,323,325,327,328,329,330
1,1,102
4,5,8,24,31,32,53,54,60,72,77,78,94,102,107,117,122,123,124,140,141,143,144,145,150,153,156,159,160,163,164,165,166,168,172,174,184,186,187,188,189,205,206,207,208,209,210,214,217,218,220,228,229,231,232,233,235,236,237,240,241,242,252,253,254,256,257,258,259,260,261,262,263,274,276,277,278,280,281,283,284,285,286,295,297,298,300,301,302,303,304,306,307,308,319,320,321,323,327,328,329,330
164,164,105
5,7,8,10,28,30,31,32,41,50,53,55,60,62,64,72,73,74,75,78,94,95,96,97,99,100,107,117,121,123,139,140,141,142,143,144,145,146,153,163,164,167,169,172,174,175,184,185,186,187,188,189,206,207,209,210,211,213,217,218,219,220,228,229,230,231,232,233,234,235,237,239,241,242,252,253,254,255,256,258,260,263,264,274,276,277,278,281,282,283,285,286,296,298,302,304,305,307,308,319,322,323,327,328,329
549,549,98
7,8,10,27,31,33,51,53,54,55,56,63,74,78,79,85,95,96,98,100,107,117,120,122,123,133,137,138,143,144,146,155,157,163,164,165,166,167,168,175,185,186,187,188,189,206,207,208,209,210,211,212,216,218,219,220,228,229,231,232,233,234,235,238,239,241,253,254,255,256,257,258,259,261,262,263,264,276,278,279,283,285,286,295,297,303,305,306,307,319,320,322,324,325,326,327,328,329
441,441,112
8,10,18,19,20,29,31,32,33,50,51,53,55,56,59,60,61,62,64,73,74,76,78,79,80,86,97,100,101,102,116,117,119,121,122,123,124,129,131,137,138,141,142,143,144,145,146,153,155,156,159,163,164,166,168,175,176,185,186,187,189,190,191,206,209,210,211,212,213,217,218,219,220,229,230,231,232,233,234,235,239,241,242,254,255,256,257,258,260,261,275,277,278,279,280,282,283,285,286,296,300,302,303,305,306,307,308,325,326,327,328,330
433,433,117
7,10,11,18,19,29,31,32,33,39,55,56,59,60,63,64,72,74,77,78,79,81,82,86,95,96,97,98,99,100,101,107,117,118,121,122,123,124,136,138,143,144,152,158,159,162,163,164,165,166,167,168,175,184,185,186,187,188,189,190,198,205,208,209,210,211,212,213,214,217,218,219,220,228,230,231,232,234,235,236,237,239,241,254,255,256,261,264,273,275,276,277,278,279,280,282,283,284,285,286,296,297,300,303,304,305,306,307,308,320,321,323,326,327,328,329,330
434,434,115
6,7,19,21,31,51,53,54,55,56,57,59,60,64,74,77,78,79,81,85,95,96,99,100,101,107,108,117,118,119,120,121,122,123,124,138,140,142,143,145,146,155,156,160,162,163,164,165,166,167,168,173,177,184,186,187,188,189,190,192,195,196,198,206,208,211,212,213,214,215,216,217,218,219,220,230,233,234,235,236,237,238,239,240,241,254,255,257,258,260,264,273,277,278,279,282,283,284,285,286,296,297,302,303,304,305,306,307,308,320,321,327,328,329,330
454,454,108
6,7,9,13,19,30,33,36,50,51,53,54,55,56,59,72,77,78,79,81,85,95,96,100,101,117,118,119,121,122,123,124,130,131,139,140,141,146,155,162,163,164,165,166,168,186,187,188,189,190,191,192,198,205,206,208,210,211,212,215,217,218,219,220,228,230,231,232,233,234,235,240,241,255,256,257,258,262,263,264,273,275,276,277,279,280,282,283,284,285,286,296,297,299,303,304,305,306,307,308,318,319,323,325,327,328,329,330
393,393,66
10,33,54,56,59,64,76,77,78,82,86,95,96,100,101,117,121,122,136,140,143,144,146,155,162,163,164,165,166,168,182,185,187,188,189,190,192,205,208,212,216,218,228,230,231,232,233,234,236,240,256,257,276,277,280,281,282,283,285,286,303,305,306,308,328,329
428,428,110
9,11,28,30,31,32,33,36,50,54,56,59,60,63,64,72,76,77,78,79,82,86,92,95,96,97,98,99,100,102,108,112,117,118,119,120,121,122,123,124,138,141,143,144,145,146,150,156,162,163,164,165,166,167,168,174,175,186,187,188,189,190,205,206,208,209,210,211,212,216,217,218,219,229,230,232,233,234,235,236,237,238,239,240,241,253,254,255,257,258,260,263,264,273,277,282,284,285,286,303,305,306,308,318,320,326,327,328,329,330
520,520,81
7,28,33,51,55,56,76,77,78,79,82,86,91,95,96,97,98,99,100,101,108,111,118,119,121,122,123,124,137,144,145,146,155,156,162,163,164,165,166,167,168,184,185,187,188,189,190,192,206,208,209,210,211,212,214,218,230,231,233,235,236,237,240,253,254,255,256,257,264,277,282,283,284,285,286,303,306,307,308,328,330
556,556,109
7,8,10,17,31,32,33,35,42,53,54,55,56,72,77,78,79,82,86,95,96,97,98,99,100,101,111,118,119,121,122,123,124,135,136,140,143,144,145,146,152,153,156,158,159,163,164,165,166,167,168,175,184,185,187,189,190,191,192,196,197,206,208,209,210,211,212,217,218,221,228,230,231,232,233,234,235,236,237,238,240,241,242,257,259,261,262,263,264,273,277,278,280,282,283,284,285,286,297,299,302,303,305,306,307,308,327,328,330
512,512,99
6,14,18,28,30,31,32,33,42,46,53,54,55,56,76,77,78,79,82,86,89,93,96,97,98,99,100,106,111,118,121,122,123,124,129,134,141,142,143,144,145,146,163,164,165,166,167,187,188,189,190,191,192,195,196,197,199,209,210,211,212,215,218,220,228,233,234,235,236,237,240,241,242,250,254,255,260,262,263,264,277,280,282,283,284,285,298,300,305,306,307,308,322,325,326,327,328,329,330
120,120,87
8,10,32,33,51,53,55,56,77,82,95,96,97,98,99,100,108,111,112,121,122,123,124,140,141,142,143,144,145,146,156,162,163,164,165,166,168,187,188,190,191,197,206,209,210,211,212,215,218,219,220,228,231,232,233,235,237,238,239,240,241,253,256,257,258,259,260,263,273,277,280,282,283,284,285,286,303,304,305,306,307,308,325,327,328,329,330
521,521,96
8,10,11,32,33,36,53,55,56,76,77,78,79,82,83,86,89,96,97,99,100,101,106,111,112,118,121,122,124,140,142,143,144,145,153,158,163,164,165,166,167,184,185,187,188,189,190,191,196,197,199,206,209,210,212,216,218,220,228,230,231,232,233,234,235,236,237,239,240,241,250,254,256,257,260,261,263,264,273,277,278,282,284,285,286,298,302,303,304,305,306,307,308,327,328,330
203,203,110
6,8,11,27,28,31,32,33,34,37,39,51,53,55,56,75,76,77,78,79,82,89,96,97,98,99,100,101,106,118,119,120,121,122,123,124,140,141,143,144,145,146,159,161,163,164,165,166,167,168,174,175,187,188,189,190,191,196,197,209,210,211,212,213,215,218,219,220,228,230,231,233,234,236,237,238,239,240,241,254,257,259,260,261,262,264,266,276,279,280,281,282,283,284,285,286,302,303,304,305,306,307,308,309,319,320,326,327,328,330
62,62,117
7,8,9,10,11,12,14,27,28,32,33,42,51,53,54,55,56,59,76,77,79,80,81,82,86,89,90,95,96,97,98,99,100,101,107,118,119,121,122,123,124,140,142,143,144,145,146,155,162,163,164,165,166,167,168,174,187,188,189,190,191,192,194,196,197,206,209,210,211,212,213,215,216,217,218,220,228,230,231,232,233,234,235,237,239,240,241,254,255,259,260,261,262,263,264,275,276,277,278,280,281,282,283,284,285,286,304,305,306,308,309,319,322,327,328,329,330
361,361,122
7,8,11,14,27,28,29,31,32,33,39,53,54,55,56,67,75,77,79,80,82,83,86,95,96,97,98,99,100,111,117,118,119,121,122,123,127,140,141,142,143,144,145,146,150,152,155,162,163,164,165,166,167,168,174,175,185,187,188,189,190,191,195,196,197,205,208,209,210,211,212,215,217,218,221,228,230,231,232,233,234,235,236,237,238,239,240,241,243,253,255,259,260,261,262,263,264,273,276,277,278,279,280,281,282,283,284,285,286,288,302,303,304,305,306,308,318,322,325,327,328,329
247,247,115
7,11,19,27,28,29,32,33,34,39,53,54,55,56,67,76,77,79,82,95,96,97,98,99,100,101,102,106,118,119,121,122,123,124,128,140,141,142,143,144,145,146,155,159,162,163,164,165,166,167,168,169,174,185,186,187,188,189,190,191,193,197,205,206,209,210,211,212,216,217,218,228,230,231,232,233,234,237,238,239,240,241,243,253,254,255,257,259,260,262,263,264,276,277,278,279,280,281,282,283,284,285,302,304,305,306,307,309,320,322,323,327,328,329,330
363,363,115
5,9,11,12,14,27,30,32,33,39,53,54,55,56,60,67,75,76,77,78,79,81,82,86,89,92,96,97,98,99,100,101,102,118,119,120,121,122,123,124,140,141,142,143,144,145,146,150,162,164,165,166,167,168,174,175,185,187,188,189,190,193,205,209,210,211,212,217,218,219,221,228,231,232,233,234,236,238,239,240,241,254,255,256,257,258,259,260,261,262,263,264,273,276,277,279,280,281,282,283,284,285,286,299,303,304,305,306,307,308,325,327,328,329,330
19,19,105
5,7,8,10,11,12,17,19,27,32,33,34,35,36,37,39,53,54,55,56,57,76,77,78,80,82,85,86,90,96,97,98,99,100,102,105,108,111,118,119,121,122,123,124,140,143,144,145,146,151,162,163,164,165,166,168,174,175,187,188,189,190,192,196,209,210,211,217,218,228,231,234,236,237,238,239,240,241,252,253,255,257,259,260,262,263,264,273,277,278,281,282,283,284,286,302,303,304,305,306,307,308,325,326,328
356,356,116
10,11,12,13,30,32,33,34,39,49,53,54,55,56,57,77,78,79,80,81,82,86,89,96,97,99,100,102,105,107,108,111,118,119,121,122,123,124,129,131,139,141,143,144,145,146,153,155,162,164,165,166,167,168,172,175,177,185,187,188,189,190,191,192,194,195,196,197,199,209,210,212,217,218,219,228,234,235,236,238,239,240,241,252,254,255,257,259,260,261,262,263,264,265,273,276,277,282,283,284,285,286,291,302,303,304,305,306,307,308,309,326,327,328,329,330
554,554,104
8,10,11,12,19,29,31,33,39,40,53,54,56,77,80,81,82,86,89,97,98,99,100,101,108,111,118,119,120,121,122,123,129,140,141,143,144,145,146,156,163,164,165,166,168,172,184,187,188,189,190,191,195,209,210,211,212,213,215,216,217,218,228,230,235,236,237,238,239,240,241,243,254,255,256,257,259,260,262,263,264,273,276,277,279,281,282,283,284,285,286,298,303,305,306,307,308,309,323,325,327,328,329,330
569,569,113
6,8,10,11,12,17,27,29,31,32,33,34,35,52,53,54,55,56,58,61,75,77,78,79,82,89,96,97,99,100,101,102,111,118,119,121,122,123,124,130,138,140,141,143,144,145,146,148,150,158,165,166,167,168,172,187,188,189,190,191,192,195,196,197,209,210,213,215,216,217,218,219,228,229,233,234,235,236,239,240,241,243,253,255,257,258,260,261,263,264,273,276,278,280,281,282,283,284,285,286,299,303,304,305,306,308,309,324,325,326,327,328,329
222,222,112
5,8,10,11,12,13,17,27,30,31,32,33,53,54,55,56,57,60,61,62,76,77,78,79,80,82,85,97,98,99,100,102,111,118,119,121,122,123,129,136,140,141,142,143,144,145,146,150,158,163,164,165,166,167,168,174,175,187,188,189,190,192,193,195,196,197,209,212,213,216,217,218,228,232,233,235,236,238,239,240,241,253,254,255,256,257,258,259,260,262,263,264,273,276,277,280,281,282,283,284,285,286,298,303,305,306,307,321,325,327,328,329
388,388,43
200,221,222,223,224,225,243,244,245,246,247,248,249,265,266,267,268,269,270,271,287,288,289,290,291,292,293,294,295,296,300,309,310,311,312,313,314,315,316,317,318,319,320
541,541,126
23,47,72,118,122,144,145,146,147,148,155,167,168,169,170,171,172,173,178,179,180,181,191,192,193,194,195,196,197,199,202,203,213,214,215,216,217,218,219,220,221,222,223,224,225,226,227,228,229,236,237,238,239,240,241,242,243,244,245,246,247,248,251,252,258,259,260,261,262,263,264,265,266,267,268,269,270,271,272,273,275,280,281,282,283,284,285,286,287,288,289,290,291,292,293,295,296,297,298,299,300,303,304,305,306,308,309,310,311,312,313,314,315,316,318,319,320,321,322,323,325,326,327,328,329,330
532,532,140
2,3,4,5,19,20,21,22,23,24,25,28,29,34,42,45,46,47,48,50,51,52,57,63,64,65,66,69,72,73,76,77,78,79,80,84,85,86,87,88,90,91,92,95,96,97,98,99,100,101,102,105,106,107,108,109,110,113,114,120,121,122,123,125,126,127,128,129,130,131,132,141,143,145,146,147,148,149,150,151,152,153,154,164,165,166,168,169,170,171,172,173,174,175,176,188,189,190,191,192,193,194,195,196,197,198,213,214,215,216,217,218,219,220,235,236,237,238,239,240,241,242,258,259,260,261,262,263,264,281,282,283,284,285,286,306,307,310,329,330
301,301,121
1,2,3,4,5,6,7,8,9,10,11,12,13,14,15,16,17,18,19,20,21,22,24,25,27,28,29,30,31,32,33,34,35,36,37,38,39,40,41,42,43,44,48,49,50,51,52,53,54,55,56,57,58,59,60,61,62,63,64,65,66,72,73,75,77,78,79,80,81,82,83,84,85,86,87,88,95,98,99,101,102,103,104,105,106,107,108,109,110,123,124,126,127,128,129,130,131,132,147,148,149,150,151,152,153,154,170,171,172,173,174,175,176,196,197,198,218,219,220,242,253
270,270,114
1,2,3,4,5,6,7,8,9,10,11,12,13,14,15,16,17,18,19,20,21,22,23,24,25,26,27,28,29,30,31,32,33,34,35,36,37,38,39,40,41,42,43,44,46,47,51,52,53,54,55,56,57,58,59,60,61,62,63,64,65,66,69,71,72,74,75,76,77,78,79,80,81,82,83,84,85,86,87,88,89,92,94,99,101,102,103,104,105,106,107,108,109,110,126,127,128,129,130,131,132,148,149,150,151,152,153,154,174,175,176,196,198,288
97,97,92
1,2,3,5,6,8,9,10,13,14,15,16,17,18,19,20,21,22,23,24,25,27,28,31,32,35,36,37,38,39,40,41,42,43,44,45,46,47,50,54,55,59,60,61,62,63,64,65,66,70,82,83,84,85,86,87,88,92,93,94,96,103,104,105,107,108,109,110,113,116,124,125,126,127,131,132,147,148,154,168,169,175,176,197,198,219,220,234,242,286,292,308
123,123,91
1,2,3,4,5,6,7,8,9,10,11,12,13,14,15,16,17,18,19,20,21,22,23,24,25,27,28,31,32,34,35,36,37,38,39,40,41,42,43,44,45,46,47,48,50,53,55,57,58,59,60,61,62,63,64,65,66,67,68,69,70,72,74,80,81,82,83,88,91,92,94,95,98,101,103,104,110,115,118,123,124,131,132,140,153,154,174,175,176,198,220
386,386,73
1,2,3,4,5,6,8,9,10,11,12,13,14,15,16,17,18,19,20,21,22,23,24,25,26,27,28,31,34,35,36,37,38,39,40,41,42,43,44,45,46,47,48,49,50,53,57,58,59,60,61,66,69,70,72,74,80,82,92,95,97,101,102,113,114,117,118,120,140,145,163,211,316
200,200,57
1,2,3,4,5,6,7,8,9,12,13,14,15,16,17,18,19,20,21,22,23,25,27,28,31,32,34,35,36,37,38,39,40,43,44,47,50,51,53,57,58,60,66,80,95,96,97,101,114,118,119,120,123,124,142,163,316
403,403,37
1,4,5,12,14,15,16,17,18,19,20,21,22,23,24,25,28,35,36,38,39,40,41,42,43,44,51,65,66,80,88,102,124,164,165,186,315
518,518,15
1,4,17,18,19,20,21,22,25,38,43,44,46,66,102
107,107,22
151,193,194,195,214,215,217,236,237,238,239,240,258,260,262,266,273,276,282,301,302,323
319,319,47
78,100,117,145,169,170,172,188,191,192,193,194,195,214,215,216,217,228,231,232,235,236,237,238,241,251,254,256,257,258,259,260,262,266,273,275,276,277,279,282,298,299,301,302,320,321,323
293,293,62
47,77,78,99,100,111,125,140,144,155,169,170,171,177,191,192,193,194,196,199,214,215,216,217,228,232,234,236,237,238,239,240,250,251,252,253,254,256,257,258,259,260,261,262,266,273,276,277,278,279,280,282,283,288,297,298,299,301,319,320,321,323
214,214,41
54,77,99,142,144,169,170,171,187,189,192,193,194,195,209,210,213,215,216,217,228,235,236,237,238,239,253,261,266,273,274,275,280,287,288,304,309,318,323,325,327
493,493,66
7,34,75,94,97,98,99,113,119,133,134,139,145,147,148,166,167,168,169,170,171,186,187,190,191,192,193,194,195,210,212,213,214,216,219,221,228,231,234,235,236,237,238,239,243,250,253,254,255,256,257,260,266,273,274,275,276,277,279,288,294,301,302,320,323,326
418,418,68
29,32,55,74,75,77,79,96,98,99,100,113,120,121,122,142,145,147,148,169,170,177,187,188,190,191,192,193,194,210,211,212,213,214,215,216,217,218,219,228,231,234,235,236,237,238,250,253,254,256,257,262,266,273,274,277,278,288,294,298,299,301,309,310,317,318,320,323
60,60,64
7,51,54,74,75,76,77,78,79,96,99,100,102,122,133,143,144,145,148,166,169,170,171,189,190,191,192,193,194,195,210,213,214,215,216,217,228,231,232,235,236,237,238,250,253,256,257,259,260,266,274,275,276,278,279,296,297,298,310,317,318,319,320,323
192,192,40
10,54,76,77,97,99,122,144,165,166,169,170,172,187,188,189,190,191,194,212,214,215,216,217,228,231,237,238,239,250,253,254,256,257,276,277,278,317,318,319
46,46,90
7,10,11,12,29,51,54,55,74,75,76,77,78,79,80,97,98,99,100,101,102,111,113,118,120,121,122,124,138,140,143,144,145,148,166,167,169,177,186,188,189,191,192,193,194,195,210,211,212,214,215,216,217,218,228,231,232,233,234,235,237,238,250,251,253,254,255,256,257,259,260,266,274,275,276,277,278,279,280,296,297,301,302,303,318,319,320,322,323,326
182,182,91
6,7,11,29,53,54,57,74,75,76,77,78,79,96,97,98,99,100,101,102,110,117,120,121,122,123,140,143,144,145,148,164,165,166,169,170,171,187,188,189,190,191,192,193,194,195,206,210,211,213,214,215,216,217,228,229,231,232,233,234,235,236,237,238,250,251,253,254,255,256,257,258,259,266,273,276,277,278,279,280,282,283,296,297,298,301,302,317,318,319,324
388,388,86
7,29,30,53,54,55,74,75,76,77,78,79,95,96,97,98,99,100,102,117,121,122,123,124,139,140,142,144,146,147,162,165,166,168,170,171,186,187,188,189,190,191,192,194,195,211,212,213,215,216,217,228,231,232,233,234,235,236,237,238,240,250,251,252,253,254,255,256,257,258,273,274,275,276,277,278,279,280,288,297,301,315,318,319,320,323
166,166,101
7,10,53,54,55,74,75,76,77,79,80,95,96,97,98,99,100,103,117,121,122,123,124,125,138,139,140,143,145,146,147,149,161,165,166,168,169,170,171,177,187,188,189,190,191,192,193,194,195,196,206,208,209,210,211,212,213,214,215,216,217,228,231,232,233,234,235,236,237,238,239,250,251,252,253,254,255,256,257,258,259,262,273,274,276,277,278,279,280,283,284,296,297,301,312,317,318,319,320,323,324
366,366,106
6,7,30,32,53,54,55,59,75,76,77,78,79,81,95,98,99,100,101,102,103,114,117,118,121,122,123,124,125,126,139,143,144,145,146,147,148,149,150,151,161,165,166,167,168,169,170,171,172,173,183,185,187,188,189,190,191,192,193,194,195,206,209,210,211,212,213,214,215,228,229,231,233,234,235,236,237,250,251,253,255,256,257,261,266,272,273,274,276,277,279,280,294,295,296,297,302,303,306,310,311,312,318,319,323,324
390,390,79
9,31,53,54,55,75,76,77,78,79,97,98,99,100,101,109,117,118,121,122,124,125,139,143,144,146,147,148,149,165,166,168,169,170,171,185,187,188,189,190,191,192,194,206,210,212,213,214,215,216,228,229,233,234,235,236,237,238,250,251,252,253,255,256,257,273,275,276,279,280,296,297,298,301,315,318,319,322,323
209,209,93
8,26,32,34,52,53,54,55,56,74,75,76,77,78,79,80,95,98,99,100,103,117,118,121,122,123,124,125,143,144,145,146,148,149,151,165,166,167,170,171,188,189,190,191,192,193,195,196,206,209,210,211,212,213,214,215,216,217,228,229,231,233,234,235,238,250,251,252,253,255,256,257,272,273,274,279,289,294,296,297,298,299,306,311,315,316,317,318,319,321,322,323,324
284,284,76
8,52,53,54,55,74,75,76,77,78,97,99,100,101,117,121,122,123,125,126,140,143,144,145,146,148,151,161,164,165,166,168,169,170,171,172,173,187,188,189,190,191,192,193,194,210,211,213,214,215,228,229,232,233,234,235,236,237,250,251,253,255,273,274,275,276,279,295,296,297,298,311,318,319,322,323
87,87,108
5,6,9,10,30,31,32,52,53,54,55,56,58,67,73,74,75,76,77,78,79,98,99,100,101,103,117,119,121,122,123,124,125,126,139,140,143,144,145,146,147,148,149,150,164,165,166,167,168,169,170,171,172,173,187,188,189,190,191,192,193,194,195,196,206,209,210,211,212,213,214,215,216,217,228,231,232,234,235,236,237,238,250,251,253,255,256,257,260,273,274,275,276,293,294,295,297,302,311,315,316,318,319,322,323,324,325,329
366,366,86
7,23,30,32,52,53,54,55,67,74,75,76,77,78,79,80,94,95,97,99,100,101,120,121,122,123,124,125,126,142,143,144,145,146,147,148,149,151,164,165,166,167,168,169,170,171,187,188,189,190,191,192,193,194,209,210,211,213,214,215,216,228,231,232,233,235,236,238,250,251,272,273,276,289,294,295,296,297,311,312,316,318,319,322,323,329
354,354,100
7,9,23,30,31,32,33,52,53,54,55,56,58,74,75,77,79,80,94,98,99,100,101,102,117,120,121,122,123,124,125,126,139,143,144,146,147,148,149,150,151,164,165,166,167,168,169,170,171,172,173,187,188,189,191,192,193,194,195,196,209,210,211,212,213,214,215,216,228,231,233,234,235,236,237,238,250,251,252,260,263,266,271,272,273,274,289,293,294,295,309,310,311,315,317,318,319,322,323,324
340,340,96
4,8,9,10,31,32,51,52,53,54,55,73,74,75,76,77,79,95,96,98,99,100,101,103,117,118,121,122,123,125,126,127,129,143,144,145,146,147,148,149,150,151,161,164,165,166,167,168,169,170,171,172,173,187,188,189,190,191,192,193,194,195,196,210,211,212,213,214,215,216,217,228,229,233,234,235,236,238,244,250,251,252,272,273,289,307,309,311,313,314,315,316,317,318,323,329
543,543,69
8,30,31,32,53,54,55,56,75,76,78,98,99,100,101,103,104,121,122,125,126,127,129,143,144,147,148,149,151,165,166,168,169,170,171,172,173,188,189,190,191,192,193,194,195,196,199,211,212,213,214,215,216,233,234,235,236,237,238,250,251,272,273,288,289,309,311,315,323
448,448,44
8,9,30,31,32,48,53,75,104,122,124,125,126,127,128,144,146,147,148,149,150,151,165,166,168,169,170,171,172,188,192,193,194,212,213,214,215,236,254,257,265,273,279,311
500,500,27
17,113,181,203,204,232,253,262,278,279,280,281,282,283,284,285,296,302,303,304,305,306,308,317,326,327,328
40,40,75
16,17,18,38,39,59,60,81,90,102,134,135,137,196,203,208,209,217,220,224,226,230,232,239,240,241,242,251,252,253,254,257,261,262,263,264,274,275,276,277,278,279,280,281,282,283,284,285,286,292,293,295,297,298,301,302,303,305,306,307,308,314,315,316,317,318,319,320,324,325,326,327,328,329,330
525,525,94
16,17,18,38,39,40,60,61,90,91,92,115,124,186,196,197,198,215,216,217,218,219,220,224,236,237,238,239,240,241,242,246,247,252,253,254,255,258,259,260,261,262,263,264,268,273,274,275,276,277,278,279,280,281,282,283,284,285,286,292,293,294,295,296,297,298,299,300,301,302,303,304,305,306,307,308,312,313,315,316,317,318,319,320,321,322,323,324,325,326,327,328,329,330
394,394,104
39,40,61,153,175,176,193,194,195,196,197,198,210,211,214,215,216,217,218,219,220,224,226,232,235,236,237,238,239,240,241,242,246,252,253,254,256,257,258,259,260,261,262,263,264,267,268,269,270,271,273,274,275,276,277,278,279,280,281,282,283,284,285,286,289,290,291,292,293,294,295,296,297,298,299,300,301,302,303,304,305,306,307,308,311,312,313,314,315,316,317,318,319,320,321,322,323,324,325,326,327,328,329,330
415,415,113
152,153,154,172,173,174,175,176,192,193,194,195,196,197,198,210,211,212,213,214,215,216,217,218,219,220,232,233,234,235,236,237,238,239,240,241,242,248,252,253,254,255,256,257,258,259,260,261,262,263,264,268,269,270,271,272,273,274,275,276,277,278,279,280,281,282,283,284,285,286,288,289,290,291,292,293,294,295,296,297,298,299,300,301,302,303,304,305,306,307,308,309,310,311,312,313,314,315,316,317,318,319,320,321,322,323,324,325,326,327,328,329,330
236,236,132
19,20,21,22,40,41,42,43,44,61,62,63,64,65,66,83,84,85,86,87,88,103,104,105,106,107,108,109,110,125,126,127,128,129,130,131,132,146,147,148,149,150,151,152,153,154,164,168,169,170,171,172,173,174,175,176,178,179,186,187,188,189,190,191,192,193,194,195,196,197,198,199,200,201,207,210,211,212,213,214,215,216,217,218,220,221,222,223,224,226,230,233,234,235,236,242,243,244,245,246,247,248,251,252,265,266,267,268,269,270,277,287,288,289,290,291,292,296,297,298,299,300,309,310,311,312,313,314,319,320,321,328
554,554,117
1,2,3,4,7,8,9,10,11,12,13,14,16,17,18,19,20,21,22,23,24,25,26,27,28,29,30,31,32,33,34,35,38,39,40,41,42,43,44,45,46,48,49,51,52,53,54,55,56,60,61,62,63,64,65,66,67,68,69,70,71,73,74,75,76,77,78,82,83,84,85,86,87,88,89,90,92,93,94,96,105,106,107,108,109,110,111,112,113,114,115,116,119,127,133,134,135,136,137,138,155,156,157,158,159,160,177,178,179,180,199,200,201,202,221,222,223
491,491,75
1,2,3,4,5,6,7,8,9,10,11,12,13,14,15,16,17,23,24,25,26,27,28,29,30,31,32,33,34,35,36,38,45,46,47,48,49,50,51,52,53,54,55,57,67,68,69,70,71,72,73,74,75,77,89,90,91,92,93,94,111,112,113,114,115,116,133,134,135,136,137,155,156,158,159
28,28,21
228,260,273,281,282,284,285,300,303,304,307,318,319,321,322,323,324,325,327,328,329
99,99,52
84,105,106,122,124,128,129,136,146,167,172,173,191,209,210,211,215,216,228,235,239,256,258,259,263,273,274,276,277,278,279,281,282,283,284,295,296,299,300,303,306,315,316,317,319,322,323,324,325,327,328,329
180,180,70
11,13,17,38,58,60,63,76,79,82,84,97,105,106,107,108,120,125,127,128,129,140,147,148,149,150,151,152,168,173,190,195,209,213,216,228,232,236,240,256,259,260,261,262,273,274,277,279,280,282,283,295,297,299,302,303,304,307,310,315,316,317,319,322,323,324,325,327,328,329
272,272,80
8,10,18,32,34,36,38,53,55,56,57,62,76,77,78,79,81,82,83,84,97,99,100,101,104,106,107,120,121,122,123,124,125,128,139,143,144,145,146,147,148,151,152,164,168,169,189,192,195,218,228,240,255,257,259,260,261,262,273,274,276,279,282,283,285,295,297,299,303,304,305,307,312,315,317,321,322,326,328,329
171,171,79
8,18,32,33,34,39,41,51,57,76,79,82,84,98,100,101,103,104,116,117,119,121,123,124,125,126,127,129,139,142,145,146,147,149,150,160,169,170,195,196,205,209,212,216,218,228,229,235,239,240,252,253,254,256,259,261,262,263,273,274,275,277,279,282,285,295,296,297,300,302,303,304,305,307,315,317,325,326,329
165,165,93
3,8,9,14,18,30,32,33,34,35,36,37,38,39,51,53,55,57,58,63,73,77,78,79,81,100,101,104,105,106,116,118,122,123,124,125,126,127,128,129,144,145,146,147,148,149,156,164,165,169,170,172,189,191,193,194,196,200,205,206,212,215,217,228,231,235,239,252,253,254,255,259,262,266,273,274,275,278,282,284,285,296,298,302,303,304,306,309,315,316,325,326,328
61,61,93
3,5,14,15,25,30,32,33,38,49,53,54,55,78,79,80,81,82,83,96,97,98,99,100,101,103,104,106,116,119,121,122,123,124,126,127,128,129,130,133,144,145,146,147,148,149,150,151,162,170,174,191,193,195,196,205,215,216,228,230,232,235,253,255,256,257,258,259,262,273,274,275,278,279,280,282,285,295,296,297,299,300,303,304,305,309,315,316,317,318,325,326,328
164,164,103
2,3,4,12,14,15,16,17,25,26,30,32,33,34,35,36,37,38,40,49,51,53,56,57,58,59,60,61,75,76,77,78,79,82,96,97,98,99,100,101,102,116,121,122,123,124,125,128,129,141,142,143,144,145,148,151,158,161,164,165,166,168,170,185,190,196,200,205,212,217,218,228,229,230,231,233,239,241,243,244,255,256,258,262,273,274,278,281,295,296,298,302,303,304,310,312,315,316,318,319,320,325,327
8,8,111
1,2,3,4,7,8,9,10,12,13,14,16,17,30,32,36,37,38,39,50,54,55,56,57,58,61,62,63,75,77,80,81,82,83,84,96,97,98,99,101,102,103,104,106,107,119,121,123,124,125,126,127,128,133,142,143,144,145,147,148,149,150,157,162,164,165,168,173,174,184,188,189,190,191,205,206,213,217,228,229,230,231,233,235,240,252,255,256,257,258,259,260,262,273,274,275,277,278,279,282,284,287,288,306,312,315,317,318,322,325,328
470,470,112
1,2,4,6,8,9,10,11,12,14,15,16,29,30,31,32,33,34,36,38,40,41,53,54,56,57,58,59,60,61,62,63,75,77,78,79,80,82,83,84,88,94,95,96,97,98,99,100,102,104,105,120,121,122,123,124,125,126,127,133,143,145,147,148,151,156,158,160,163,164,165,169,172,173,174,184,188,189,194,196,205,206,209,213,217,228,229,230,233,234,235,236,239,252,254,255,256,257,259,273,274,278,284,296,297,304,307,309,312,318,322,328
157,157,82
3,6,9,10,12,13,14,25,31,32,33,34,36,37,53,54,56,59,61,62,78,80,81,82,83,84,88,95,96,100,103,104,105,106,107,117,121,122,123,124,125,126,127,128,140,143,144,146,147,149,156,162,163,164,165,166,171,174,178,184,187,196,205,206,215,217,228,231,235,236,238,252,254,255,256,257,258,259,278,304,317,319
432,432,115
2,3,4,5,8,10,11,12,13,14,18,25,28,30,31,32,33,34,36,37,38,40,41,53,54,56,58,59,60,61,62,63,72,75,77,78,79,80,81,82,83,96,97,98,99,100,101,102,103,104,105,121,123,124,125,126,127,128,140,142,143,144,145,146,147,149,150,151,163,164,165,166,171,172,173,174,184,188,193,194,196,205,206,213,215,218,227,228,229,230,233,234,235,236,238,252,255,256,257,260,261,273,277,278,280,282,283,287,297,303,317,318,319,327,328
553,553,104
1,2,3,4,6,9,10,11,12,13,14,18,25,32,33,36,37,39,40,53,54,55,57,58,59,61,62,63,76,77,78,79,80,81,82,83,84,85,96,97,99,100,102,103,104,105,106,107,118,120,121,123,124,125,127,128,129,143,144,148,149,150,151,157,164,165,171,172,174,184,188,190,191,192,193,195,196,205,209,215,216,217,218,228,230,231,234,235,236,238,239,252,254,255,256,257,259,260,261,262,277,284,303,328
181,181,76
8,9,10,11,12,14,31,32,33,34,35,36,37,54,55,56,57,58,59,60,61,62,72,77,78,79,80,81,82,83,85,96,100,103,104,105,121,122,123,124,126,127,128,142,143,144,145,150,151,164,165,166,172,173,178,184,190,194,196,205,217,218,231,233,235,237,238,239,255,256,259,260,264,273,278,282
546,546,88
4,10,12,13,14,16,18,30,31,32,33,36,39,41,53,55,56,57,58,59,61,62,63,75,77,78,79,80,81,82,83,84,85,97,100,102,103,104,105,106,121,122,124,127,128,143,144,146,147,148,150,151,165,166,170,171,174,185,187,188,190,191,193,196,205,215,216,217,218,228,230,232,233,235,236,238,239,240,255,256,257,258,259,260,277,283,319,325
409,409,114
3,4,10,11,12,13,14,16,18,30,31,32,33,34,35,36,37,38,39,40,41,55,56,57,58,59,60,61,62,63,77,78,79,80,81,82,83,84,85,95,96,98,99,100,102,103,104,120,121,122,123,124,125,126,127,128,141,142,143,144,145,148,149,150,151,164,165,166,170,171,172,173,174,184,187,188,189,190,191,192,193,194,195,196,205,206,212,213,214,215,216,217,218,228,229,230,231,235,237,240,252,255,256,257,258,259,276,278,279,283,298,303,306,316
529,529,77
8,9,10,12,14,15,16,30,31,32,33,35,36,37,39,40,54,55,58,61,62,78,79,80,81,82,83,84,85,96,97,99,100,104,105,107,121,122,123,124,125,127,128,142,143,144,145,148,149,150,151,165,170,171,172,190,193,196,205,206,215,216,217,228,230,231,233,234,235,238,239,255,256,257,258,259,262
392,392,117
3,4,6,8,10,12,13,14,17,18,28,31,32,33,34,35,36,37,38,39,40,54,55,56,57,58,59,60,61,62,63,77,78,79,80,81,82,83,84,85,96,97,98,100,102,103,104,105,106,107,113,118,121,122,123,124,126,127,128,142,143,144,145,147,149,150,151,152,163,164,165,166,167,170,171,172,174,189,191,192,194,195,196,205,206,209,212,216,217,218,228,229,230,233,234,235,238,239,240,250,255,256,257,258,259,260,261,262,274,275,276,277,282,283,284,296,328
413,413,118
3,4,10,11,12,13,14,17,30,31,32,33,34,35,36,37,39,40,53,54,55,56,57,58,59,60,61,62,71,78,79,81,82,83,84,85,96,97,98,99,100,103,104,105,106,107,108,118,120,121,122,123,126,127,128,140,142,143,148,149,150,151,152,165,166,167,170,171,172,173,174,187,189,190,191,192,193,194,195,196,197,205,206,209,211,215,216,217,218,228,230,231,235,236,237,239,240,254,255,256,257,258,259,262,274,276,277,279,280,282,283,284,295,297,299,305,306,325
47,47,118
3,4,8,10,11,12,14,30,32,33,34,35,36,37,38,39,40,53,54,55,56,57,58,59,60,61,62,63,71,77,78,79,81,82,83,84,85,96,97,98,100,102,103,104,105,106,107,112,118,120,121,122,124,127,128,130,142,143,144,150,151,152,164,165,166,167,168,169,170,171,172,173,174,184,188,189,191,192,193,194,195,196,205,206,211,213,215,216,217,218,228,230,231,233,235,236,237,238,239,240,255,256,257,258,259,261,262,273,277,278,279,280,282,283,284,297,303,328
30,30,113
7,8,10,11,12,14,15,16,30,31,32,33,34,35,36,37,38,39,40,50,54,55,56,57,58,59,60,61,62,71,72,76,77,78,79,80,81,82,83,84,85,96,97,98,99,104,106,107,108,118,120,121,122,125,126,127,128,142,143,144,146,147,152,164,165,166,167,170,172,173,184,187,190,192,193,194,195,196,205,206,209,215,217,218,228,230,233,235,236,239,240,250,252,254,255,256,257,258,259,260,261,262,277,278,279,282,283,284,296,297,299,306,328
572,572,114
3,6,7,9,10,11,12,13,14,17,18,28,31,32,33,34,36,37,38,39,40,54,55,56,57,58,59,60,61,62,78,79,80,81,82,83,84,85,96,97,99,100,106,107,108,118,120,121,122,123,124,125,127,128,142,143,144,147,148,150,151,152,165,166,170,172,173,174,184,187,188,189,190,191,192,194,195,196,205,206,209,215,216,217,218,227,228,231,233,234,235,236,237,238,239,240,255,256,257,258,259,261,262,276,277,278,279,281,282,283,296,299,327,328
363,363,103
7,8,10,11,12,14,16,17,30,31,33,36,38,39,40,50,53,54,55,56,57,58,59,60,61,62,77,78,79,81,82,83,85,97,98,99,100,104,107,108,120,121,122,123,124,125,126,127,128,133,142,143,144,148,149,150,151,152,160,165,166,170,171,172,173,174,187,188,192,193,194,195,196,205,206,215,216,217,218,228,231,236,237,239,240,250,255,256,257,258,259,261,262,272,277,278,281,283,284,296,299,305,328
521,521,111
3,7,9,10,11,12,14,16,17,31,32,33,35,36,38,39,40,53,54,55,56,57,58,59,60,61,62,76,77,78,79,80,81,82,83,85,97,98,99,100,103,104,105,106,107,108,113,118,121,122,123,124,125,126,127,128,142,143,147,148,149,150,151,164,165,166,167,169,170,171,172,173,174,184,187,188,190,191,192,193,195,196,205,206,215,216,217,218,227,230,235,236,237,238,239,240,250,255,257,258,259,261,262,272,277,279,281,282,284,306,328
497,497,84
3,9,10,11,12,13,14,17,31,32,33,34,36,39,40,55,56,59,60,61,62,72,78,81,82,83,84,85,97,99,100,104,105,106,107,108,121,122,123,124,125,127,128,140,142,143,144,147,148,150,151,152,165,169,170,171,172,173,187,188,190,195,196,205,206,209,214,215,216,217,218,228,231,236,240,255,256,262,277,279,282,284,299,328
94,94,113
7,8,9,10,12,13,14,15,16,17,30,31,32,33,34,35,37,38,39,40,57,58,59,60,61,62,70,78,81,82,83,97,98,99,100,103,104,105,106,107,111,113,121,122,123,124,125,126,127,128,140,142,143,144,146,147,148,149,150,151,162,165,166,167,168,169,170,171,172,173,174,187,188,190,192,193,194,195,196,205,206,209,212,214,216,217,218,228,231,235,236,237,238,239,240,255,257,258,259,260,261,262,277,279,281,282,283,284,295,303,304,327,328
239,239,118
3,4,6,9,10,11,12,14,15,16,17,30,31,32,33,34,35,36,37,38,39,40,53,54,55,56,57,58,59,60,61,62,63,78,81,82,83,84,85,96,97,98,99,100,103,104,105,106,107,120,121,122,123,124,125,127,128,140,142,143,144,146,147,148,149,150,151,152,165,166,168,169,170,171,172,173,174,184,187,188,190,191,193,194,196,205,206,209,212,214,215,216,217,218,227,228,230,233,236,238,239,240,255,256,257,258,259,260,261,262,273,277,279,281,282,284,299,328
52,52,114
3,8,10,11,12,13,14,16,17,30,31,32,33,34,35,36,37,39,40,50,54,55,56,57,58,59,60,61,62,63,72,78,81,82,83,84,85,97,100,101,103,104,105,106,107,120,121,122,123,124,125,127,128,133,142,143,146,147,148,149,150,151,152,165,166,167,168,169,170,171,172,173,188,190,192,193,194,195,196,205,206,209,212,214,215,216,217,218,227,231,235,236,237,238,239,240,255,257,258,259,260,261,262,277,278,279,281,282,283,284,304,306,328,329
36,36,93
9,10,11,12,13,14,16,17,28,30,31,32,33,34,35,36,37,38,39,40,55,56,58,59,60,61,78,81,82,83,85,95,99,100,103,104,106,107,111,115,120,121,122,123,124,125,142,143,146,147,150,151,152,165,166,167,168,170,172,173,177,184,187,193,194,195,196,205,209,214,215,216,217,218,227,228,236,237,238,239,240,255,256,257,258,259,260,261,279,282,303,305,328
222,222,119
3,8,10,11,12,13,14,16,17,18,28,30,31,32,33,34,36,37,38,39,40,56,57,58,59,60,61,62,75,77,78,81,82,83,85,97,98,99,100,103,104,105,106,107,111,120,121,122,123,124,125,126,127,128,142,143,144,145,146,147,149,150,151,152,165,166,167,168,169,170,171,172,173,174,184,187,188,190,191,193,194,195,196,205,206,209,212,214,215,216,217,218,228,230,231,237,238,239,240,252,253,255,256,258,259,261,277,278,279,280,282,283,284,296,303,305,323,328,329
27,27,77
13,14,16,17,31,32,33,34,36,37,38,39,40,56,58,59,60,62,78,81,82,83,85,100,104,106,107,120,121,122,123,128,142,143,146,149,150,151,152,165,168,170,171,172,173,184,187,190,191,193,194,195,196,205,206,209,214,215,216,217,218,230,237,239,240,253,255,256,257,258,259,260,262,278,282,284,309
112,112,42
221,222,223,224,243,244,245,246,247,248,265,266,267,268,269,270,271,272,287,288,289,290,291,292,293,294,295,296,297,309,310,311,312,313,314,315,316,317,318,319,320,321
251,251,129
122,123,124,136,145,146,147,155,157,158,160,167,168,169,170,171,174,175,177,178,179,180,181,182,183,188,189,190,191,193,194,195,196,197,198,201,202,203,204,205,207,208,210,211,212,213,217,218,219,220,224,225,226,227,228,229,230,231,232,233,234,235,236,239,240,241,242,247,248,251,252,253,254,255,256,257,258,259,260,261,262,263,264,266,271,272,273,274,275,276,277,278,279,280,281,282,283,284,285,288,291,295,296,297,298,299,300,301,302,303,304,305,306,307,308,313,318,319,320,321,322,323,324,325,326,327,328,329,330
508,508,136
6,14,15,18,19,20,21,22,35,36,37,38,39,40,41,42,43,44,51,56,57,58,59,60,61,62,63,64,65,66,75,76,77,78,79,80,81,82,83,84,85,86,87,88,98,99,100,101,102,103,104,105,106,107,108,109,110,120,121,122,123,124,125,126,127,128,129,130,131,132,141,142,143,144,145,146,147,148,149,150,151,152,153,154,166,167,168,169,170,171,172,173,174,175,176,189,190,191,192,193,194,195,196,197,198,211,212,213,214,215,216,217,218,219,220,233,235,238,239,240,241,242,260,261,262,263,264,282,283,284,285,286,307,308,329,330
242,242,120
1,4,5,6,7,8,9,10,11,12,13,14,15,16,17,18,19,20,21,22,26,28,29,30,31,32,33,34,35,36,37,38,39,40,41,42,43,44,48,50,51,52,53,54,55,56,57,58,59,60,61,62,63,64,65,66,73,74,75,76,77,78,79,80,81,82,83,84,85,86,87,88,98,99,100,101,102,103,104,105,106,107,108,109,110,119,121,122,123,124,125,126,127,128,129,130,131,132,144,147,148,149,150,151,152,153,154,170,171,172,173,175,176,193,195,198,220,242,264,309
409,409,112
1,2,3,4,5,6,7,8,9,10,11,12,13,14,15,16,17,18,19,20,21,22,23,24,25,27,28,29,30,31,32,33,34,35,36,37,38,39,40,41,42,43,44,46,50,51,52,53,54,55,56,57,58,59,60,61,62,63,64,65,66,72,74,75,76,77,78,79,80,81,82,83,84,85,86,87,88,98,99,100,101,102,103,104,105,106,107,108,109,110,125,126,127,128,129,130,131,132,142,148,149,150,151,152,153,154,171,172,175,242,264,286
353,353,93
1,2,3,4,5,6,8,9,10,11,12,13,14,15,16,17,19,20,21,22,23,24,25,26,27,30,31,32,33,34,35,36,37,41,42,43,44,47,48,49,50,51,52,53,54,55,56,57,58,64,65,70,71,72,73,74,75,76,77,78,80,86,92,93,94,95,99,100,112,113,115,116,117,126,135,137,138,139,159,172,182,184,194,195,214,215,216,236,237,258,264,286,308
176,176,74
1,2,3,4,5,6,7,8,9,10,11,12,13,14,17,18,19,20,21,22,23,24,25,26,27,28,29,30,31,32,33,34,35,36,42,44,45,46,47,48,49,50,51,52,53,54,55,64,66,67,68,69,70,71,72,73,74,75,87,88,89,93,95,96,110,117,119,139,155,177,183,199,242,271
395,395,47
1,2,3,4,5,6,7,8,9,10,11,23,24,25,26,27,28,29,30,31,45,46,47,48,49,50,51,52,53,68,73,74,75,89,95,96,97,162,163,177,183,199,200,201,205,249,272
52,52,32
1,2,3,5,6,7,8,9,11,12,23,24,26,27,28,29,30,31,46,48,49,51,52,73,74,75,89,95,96,109,110,204
320,320,16
1,2,5,23,24,26,27,48,49,71,74,93,110,115,153,204
40,40,17
158,180,181,202,224,233,235,246,252,255,267,268,289,290,298,311,320
215,215,59
103,105,125,126,127,128,133,135,136,146,148,149,151,156,158,159,166,167,169,170,172,179,180,181,188,189,190,191,192,193,194,202,209,210,214,215,225,233,235,246,253,256,257,259,260,268,272,282,290,294,295,298,300,304,311,312,317,318,320
440,440,108
9,10,17,19,31,32,33,38,39,53,54,56,58,62,63,81,83,98,99,100,103,104,107,112,114,120,122,125,126,127,129,133,136,142,143,144,145,146,147,149,151,156,158,159,164,165,166,167,168,169,170,171,179,180,181,183,188,189,190,191,192,193,194,195,202,205,211,213,214,218,223,224,225,230,233,235,236,237,246,249,250,252,256,258,259,268,274,275,279,280,281,289,290,293,294,300,301,304,306,311,312,316,320,321,323,326,327,328
174,174,112
6,9,11,13,14,15,16,17,32,33,37,38,54,55,58,59,60,61,68,73,74,76,79,81,82,83,98,99,100,104,105,113,114,116,117,121,122,123,124,125,126,127,128,133,136,138,142,143,144,145,146,147,149,151,158,159,165,166,167,169,170,171,181,188,189,190,191,192,193,194,195,202,206,210,211,213,214,216,217,222,224,227,228,231,233,237,249,255,259,268,272,273,274,279,280,281,288,290,295,296,298,300,303,304,305,306,312,317,320,321,323,327
166,166,111
8,14,16,17,25,30,32,33,35,37,39,40,54,55,59,60,72,73,74,77,79,82,100,101,102,123,124,125,128,133,135,136,138,143,144,146,147,148,149,150,151,158,165,166,167,168,169,170,171,172,173,178,180,181,184,186,188,189,191,192,193,194,202,209,211,212,214,215,217,221,224,225,230,233,235,236,250,251,252,254,256,257,258,259,272,273,274,275,276,277,278,279,280,284,289,290,294,295,297,298,301,303,304,312,317,318,320,323,325,326,328
450,450,85
8,15,32,37,54,58,59,77,82,98,99,100,101,102,103,114,119,120,122,123,124,125,133,136,138,142,143,144,145,147,148,149,158,159,166,168,169,170,171,172,177,181,185,187,188,189,191,192,194,195,202,203,211,214,215,216,225,228,231,232,235,236,237,250,254,256,259,268,271,273,274,276,277,278,279,280,290,295,298,303,316,318,319,327,328
433,433,118
8,14,15,16,32,35,36,37,38,39,40,52,54,56,57,58,59,61,62,72,73,76,77,82,94,96,97,98,99,100,101,103,114,118,119,120,121,122,123,124,125,126,127,133,134,136,138,139,141,142,143,144,145,146,147,148,150,151,155,156,157,159,160,161,162,166,167,168,169,170,172,178,184,185,189,190,192,193,194,195,200,202,203,211,214,215,217,225,228,231,232,234,235,237,250,251,253,255,257,261,271,273,274,276,277,278,279,280,283,295,296,298,305,315,316,317,327,328
509,509,111
8,11,12,13,14,16,28,33,37,51,54,55,56,57,58,59,61,62,72,74,75,76,78,82,83,96,98,99,100,101,103,107,114,116,118,119,120,121,122,123,124,125,133,136,139,140,143,144,145,146,147,150,154,155,158,160,163,164,165,166,167,168,169,170,171,172,173,183,184,189,193,194,203,204,206,207,211,212,214,215,216,217,227,228,230,232,247,249,250,253,254,256,257,258,259,261,271,272,273,274,276,277,279,280,282,294,317,319,320,326,328
434,434,98
7,8,11,14,15,17,32,33,37,38,39,45,50,54,55,58,59,61,67,72,73,77,78,82,92,94,95,99,102,103,111,114,118,119,120,121,122,124,127,133,134,135,136,137,138,139,142,143,144,145,146,147,149,160,162,164,165,166,168,169,170,172,173,174,178,181,182,184,185,187,188,189,192,193,195,203,211,212,215,216,217,227,228,230,234,236,250,253,259,273,274,280,281,293,309,320,325,327
424,424,118
4,7,8,9,10,11,12,13,14,15,16,17,30,31,32,36,37,38,52,54,55,56,58,59,67,72,73,74,76,77,78,80,82,89,91,96,97,98,101,103,111,112,114,116,118,120,122,123,124,125,127,128,135,136,140,141,142,143,144,145,146,147,148,151,159,162,163,164,166,169,171,172,177,181,184,187,189,191,192,193,194,195,201,203,205,206,208,210,211,212,215,217,227,228,236,249,250,256,257,259,264,268,272,273,274,275,280,281,282,295,296,299,301,305,319,325,327,328
497,497,104
7,8,11,14,15,16,17,19,28,32,33,36,37,45,52,54,55,59,72,74,76,77,78,82,84,96,98,99,100,101,102,103,111,114,118,119,121,122,123,124,125,127,133,136,137,140,142,143,144,145,148,151,156,158,159,162,166,167,170,172,173,181,182,184,185,188,189,192,193,194,195,199,202,208,211,212,215,217,227,228,230,231,234,236,249,250,251,259,271,273,276,279,280,282,295,298,304,316,317,318,319,320,323,327
95,95,89
3,5,6,8,10,11,14,15,16,18,19,32,33,36,39,45,53,54,55,57,59,67,72,76,77,78,82,96,98,99,100,101,102,103,114,118,120,122,123,124,133,136,137,140,142,143,144,145,149,150,155,156,159,163,166,167,168,169,170,172,173,181,184,185,189,190,191,192,193,194,203,215,225,227,228,249,250,254,256,271,272,273,274,276,298,316,317,319,328
275,275,117
7,8,9,10,11,14,15,16,17,28,29,31,34,36,37,45,51,52,53,54,59,61,62,72,75,76,77,78,82,92,96,97,98,99,101,104,111,112,116,118,120,121,123,124,126,127,128,133,136,137,140,141,142,143,149,151,155,156,158,162,163,166,167,168,170,173,180,182,184,188,189,195,202,206,213,214,215,217,225,227,228,230,231,234,235,236,246,249,250,251,252,253,254,256,259,271,272,273,274,278,281,282,283,293,294,296,297,298,304,309,316,317,319,320,321,323,327
145,145,119
8,9,10,11,14,15,16,18,30,31,32,34,36,37,38,45,50,51,52,54,55,56,57,58,59,67,72,73,74,75,76,77,78,89,92,94,96,97,98,99,100,101,102,106,116,118,120,121,122,126,133,136,141,142,143,144,145,146,147,148,150,157,159,162,165,166,167,168,169,170,171,181,184,186,187,188,189,190,192,193,194,202,204,216,225,227,228,232,236,246,249,250,251,252,253,254,255,256,268,272,273,274,275,278,279,280,282,283,295,296,297,298,316,317,318,319,321,323,328
208,208,116
7,8,9,10,11,12,13,14,15,16,28,29,32,33,35,36,37,53,54,55,56,59,72,74,76,77,78,79,82,89,92,94,96,97,99,101,103,104,106,111,114,117,120,121,123,124,125,126,133,134,136,137,140,141,142,144,147,149,151,158,159,163,165,166,167,168,170,173,180,181,182,184,185,187,189,190,192,194,195,201,203,204,206,208,209,215,217,225,227,228,230,233,249,250,252,253,254,255,256,259,271,272,273,274,276,280,282,283,295,296,298,314,316,317,319,327
47,47,97
6,8,9,10,11,14,15,16,28,31,32,33,35,36,37,51,53,54,55,74,75,76,77,81,90,92,94,96,98,99,104,114,120,123,124,125,126,127,133,134,135,136,137,141,142,143,147,148,149,163,165,166,168,169,171,173,181,182,184,185,188,194,195,200,201,202,203,206,211,212,216,217,225,228,229,230,231,232,233,249,250,251,252,254,256,259,274,275,280,294,298,301,314,319,322,323,325
380,380,113
4,7,8,11,12,14,15,16,17,18,26,28,29,30,32,33,34,35,37,45,50,51,52,54,55,56,74,75,76,77,78,80,81,89,92,95,96,98,100,101,103,111,112,119,120,123,126,133,134,136,137,140,141,142,143,144,146,149,154,158,159,163,164,165,170,171,172,173,177,180,181,182,184,189,192,193,194,195,200,202,206,209,212,215,217,225,228,231,232,235,237,249,250,251,254,255,260,271,272,273,274,277,283,295,296,298,302,317,319,321,323,325,327
92,92,107
6,7,8,10,11,12,13,14,15,16,28,29,31,32,33,34,35,36,37,51,52,53,54,55,56,57,59,70,74,76,77,78,80,81,89,91,92,96,97,98,100,101,106,111,112,114,118,120,121,122,126,133,134,136,137,141,143,148,150,156,159,163,164,165,170,171,173,181,184,186,187,188,192,193,194,195,200,201,202,203,204,214,217,224,225,227,229,231,233,246,249,250,251,252,272,273,274,278,279,280,283,296,297,298,318,323,328
363,363,126
5,6,7,9,10,11,14,15,16,17,26,28,30,31,32,33,36,37,50,51,52,53,54,55,69,70,72,74,75,76,77,78,80,81,89,90,91,95,96,99,100,106,111,112,114,115,118,120,126,133,134,135,136,137,141,143,144,147,148,149,150,156,158,165,166,170,171,172,173,181,182,184,188,191,192,193,194,195,197,200,201,202,204,205,208,209,212,214,215,216,217,224,225,227,228,231,232,233,235,237,248,249,250,251,252,254,255,258,260,272,273,274,275,280,292,294,295,296,299,314,318,319,320,321,322,323
287,287,133
4,8,9,10,11,12,13,14,15,16,23,26,28,29,30,31,32,33,34,35,36,37,50,51,53,54,55,72,74,75,76,77,78,79,80,81,89,90,92,93,95,96,97,98,100,107,110,114,115,118,120,121,122,125,127,133,135,136,137,140,142,143,144,147,148,149,150,151,159,163,165,166,167,169,170,173,179,181,182,184,188,189,191,192,195,200,202,203,206,208,211,212,214,215,216,224,225,226,228,231,232,233,237,239,246,249,250,251,253,254,255,257,259,272,273,274,275,278,279,280,292,294,296,297,298,299,300,302,303,317,319,322,323
348,348,124
7,9,10,11,14,16,23,26,28,29,31,32,33,34,35,36,38,50,52,53,54,56,70,72,74,75,76,77,80,91,92,95,98,99,100,102,103,111,114,118,120,121,125,129,136,140,142,143,144,147,148,149,150,151,158,159,163,164,166,167,170,171,173,178,181,182,184,193,194,195,203,204,205,211,212,213,215,216,224,227,228,231,233,234,235,237,239,246,247,248,250,251,253,254,255,259,260,261,272,273,274,275,276,277,279,280,292,295,296,297,298,299,301,302,303,305,309,314,317,318,319,320,321,328
334,334,128
8,9,10,11,12,14,15,17,18,29,31,32,33,34,35,36,37,50,51,53,54,55,56,58,59,69,73,74,76,77,81,82,89,92,95,99,100,102,105,107,111,114,118,121,122,126,129,136,137,142,143,144,147,148,158,163,164,166,167,169,170,171,172,173,180,181,182,185,186,188,189,190,191,192,194,195,202,203,205,206,208,211,212,213,215,216,217,224,225,227,228,231,234,235,237,238,239,245,246,247,249,250,251,253,254,256,257,264,269,273,274,276,279,280,283,291,296,297,299,302,303,305,314,320,321,325,326,327
161,161,76
8,9,10,11,14,15,26,32,33,34,37,51,55,56,58,59,80,82,83,85,89,92,95,101,103,104,107,114,118,127,129,136,137,142,145,146,147,148,149,151,164,167,170,171,172,180,181,186,188,192,193,195,202,203,208,209,212,214,215,216,217,224,231,237,239,246,253,254,255,259,276,278,283,292,295,299
0,0,39
9,10,11,13,14,15,32,33,34,36,37,55,56,58,82,83,92,107,124,125,127,128,129,136,137,148,149,171,172,180,181,190,202,214,215,216,217,225,261
1,1,32
121,142,187,206,227,243,244,248,253,267,270,271,273,275,288,289,291,292,293,294,295,296,297,310,311,313,314,315,316,317,318,319
447,447,83
121,187,188,206,209,210,211,219,220,226,227,230,231,232,233,241,242,246,248,249,251,253,254,255,256,257,258,262,263,264,267,270,271,273,275,276,277,278,279,280,281,282,283,284,285,286,291,292,293,294,295,296,297,298,299,300,301,302,303,304,305,306,307,308,310,311,314,315,316,317,318,319,320,321,322,323,324,325,326,327,328,329,330
237,237,100
196,197,198,208,209,210,211,218,219,220,226,227,230,231,232,233,234,235,236,237,238,239,240,241,242,248,249,250,252,253,254,255,256,257,258,259,260,261,262,263,264,267,270,271,272,273,274,275,276,277,278,279,280,281,282,283,284,285,286,289,290,291,292,293,294,295,296,297,298,299,300,301,302,303,304,305,306,307,308,310,311,312,313,314,315,316,317,318,319,320,321,322,323,324,325,326,327,328,329,330
419,419,110
154,174,175,176,193,194,195,196,197,198,209,210,211,212,213,214,215,216,217,218,219,220,230,231,232,233,234,235,236,237,238,239,240,241,242,249,250,251,252,253,254,255,256,257,258,259,260,261,262,263,264,268,269,270,271,272,273,274,275,276,277,278,279,280,281,282,283,284,285,286,289,290,291,292,293,294,295,296,297,298,299,300,301,302,303,304,305,306,307,308,311,312,313,314,315,316,317,318,319,320,321,322,323,324,325,326,327,328,329,330
555,555,133
1,44,65,66,81,84,85,86,87,88,101,102,103,104,105,106,107,108,109,110,123,124,125,126,127,128,129,130,131,132,139,145,146,147,148,149,150,151,152,153,154,160,167,168,169,170,171,172,173,174,175,176,183,188,189,190,191,192,193,194,195,196,197,198,208,209,210,211,212,213,214,215,216,217,218,219,220,230,231,233,234,235,236,237,238,239,240,241,242,252,254,255,256,257,258,259,260,261,262,263,264,269,271,274,275,276,277,280,281,282,283,284,285,286,291,292,293,294,295,296,297,298,299,303,304,311,312,313,314,315,316,317,321
379,379,114
3,4,6,9,10,11,12,13,14,15,16,17,18,19,20,21,22,26,28,32,33,34,35,36,37,38,39,40,41,42,43,44,47,48,49,50,51,55,56,57,58,59,60,61,62,63,64,65,66,71,72,73,78,79,80,81,82,83,84,85,86,87,88,91,94,95,96,101,102,103,104,105,106,107,108,109,110,114,115,116,117,118,119,124,125,126,127,128,129,130,131,132,136,137,138,139,140,141,146,147,148,149,150,151,152,158,159,160,161,169,170,171,172,181
452,452,73
1,2,3,4,5,6,7,8,9,10,11,12,13,14,15,16,17,18,19,23,24,25,26,27,28,29,30,31,32,33,34,35,36,37,38,45,46,47,48,49,50,51,52,53,54,55,56,57,67,68,69,70,71,72,73,74,75,89,90,91,92,93,94,95,111,112,113,114,115,116,133,155,177
177,177,29
195,256,261,282,283,284,285,286,293,295,296,298,299,300,301,302,304,305,306,307,308,318,319,320,325,327,328,329,330
510,510,42
129,169,181,191,195,203,212,217,218,224,225,228,229,234,238,240,249,252,255,258,259,260,261,270,276,279,280,283,284,295,297,298,299,300,302,317,318,319,320,321,328,330
449,449,55
41,58,62,81,82,84,85,104,105,124,149,150,159,169,170,172,173,192,194,195,199,208,210,223,226,229,230,232,234,238,239,243,246,249,252,253,261,270,272,273,274,275,276,279,282,283,286,297,300,309,314,317,318,319,320
298,298,66
8,10,11,68,84,85,98,104,105,107,124,125,129,143,147,149,165,173,192,194,199,201,206,210,216,218,222,225,228,229,230,231,239,240,246,252,253,255,256,257,259,261,262,263,270,272,273,275,278,279,281,282,283,286,292,294,296,309,311,314,316,317,318,319,321,328
33,33,96
8,30,37,38,57,62,68,71,73,80,81,83,84,91,96,101,104,105,106,122,123,124,137,140,143,147,150,169,173,179,181,186,187,191,192,193,200,204,208,209,214,215,216,217,222,223,224,227,228,229,230,232,233,234,235,236,237,244,246,252,254,255,256,257,270,272,273,274,276,277,279,282,287,292,293,294,295,296,297,298,299,300,301,303,306,309,314,315,318,319,321,323,324,326,327,328
206,206,97
8,9,24,30,37,50,55,61,77,84,85,91,97,104,105,111,122,134,137,140,143,147,149,150,159,162,164,180,181,182,185,186,187,193,194,196,202,203,204,205,206,207,217,222,224,225,227,228,229,230,232,238,240,241,244,245,247,252,253,254,255,256,263,264,265,266,270,272,273,275,277,282,289,292,293,295,296,297,299,300,301,303,304,307,309,310,314,316,317,318,319,320,321,322,323,324,327
268,268,90
1,6,9,14,26,45,46,53,59,60,61,68,83,97,101,105,106,107,118,120,122,128,133,137,141,142,147,148,150,151,156,159,164,179,180,181,182,186,187,194,199,203,204,206,208,216,217,223,224,225,226,227,228,229,230,231,234,236,239,248,252,255,256,258,265,273,277,278,279,282,283,285,287,288,292,293,295,296,297,304,305,306,307,309,311,314,317,318,319,328
468,468,114
6,7,14,16,17,26,30,36,37,38,39,46,53,60,62,63,73,75,80,81,82,83,84,85,90,96,97,104,105,106,107,112,115,121,122,124,128,129,133,137,143,144,145,147,150,152,158,159,163,164,165,166,171,172,180,181,184,185,186,192,193,194,196,202,203,204,206,208,210,211,214,215,216,217,222,223,224,226,228,229,230,231,234,237,238,244,245,248,253,254,255,256,260,266,272,273,276,277,279,282,288,289,292,297,303,306,310,314,318,319,320,321,327,328
449,449,123
1,2,6,7,9,10,13,15,16,17,23,26,29,33,36,37,38,39,41,46,49,54,57,58,59,61,62,63,68,76,79,80,81,82,83,84,85,96,97,100,104,105,106,107,109,111,118,121,122,125,126,140,143,150,151,159,164,165,166,171,180,181,186,187,190,195,203,204,205,206,216,217,222,224,225,226,228,229,230,231,233,236,237,238,244,245,248,252,254,255,256,259,260,262,263,265,271,273,275,277,278,279,287,288,293,294,297,298,300,305,306,307,308,310,311,312,314,319,321,326,327,328,329
442,442,110
8,10,14,15,16,17,26,30,33,36,37,38,39,40,46,58,61,62,63,68,77,80,83,84,85,96,97,99,100,104,106,121,122,123,124,125,126,127,128,137,145,149,151,159,164,166,167,172,173,181,184,186,187,191,194,195,203,204,205,206,207,209,214,216,217,222,224,226,227,228,229,230,231,235,236,237,238,244,248,252,253,254,255,259,260,262,263,265,271,272,273,277,282,284,285,287,297,298,300,304,307,310,311,314,319,320,321,323,328,329
132,132,85
1,7,8,9,10,14,15,16,17,24,26,30,33,37,38,39,40,46,54,55,56,59,60,61,62,63,68,76,78,80,81,83,85,99,100,104,105,106,122,123,124,128,143,145,146,150,151,158,164,173,180,185,186,187,188,190,195,204,206,207,215,216,217,226,229,230,236,237,238,252,254,258,259,260,261,276,277,281,282,283,285,307,319,321,328
409,409,84
9,10,11,13,14,16,17,30,32,33,36,37,38,39,40,47,55,56,60,61,63,77,78,80,81,82,83,85,93,96,97,99,100,101,104,105,106,121,122,123,124,126,137,143,145,147,150,151,159,162,165,167,170,171,172,173,187,191,203,204,206,207,210,216,224,226,230,235,238,247,248,255,256,259,263,273,276,282,296,320,321,327,328,329
445,445,116
2,7,8,9,10,11,12,13,14,15,16,17,19,23,24,25,26,30,32,33,37,38,39,40,41,54,55,56,57,59,60,61,62,63,64,68,75,77,78,79,80,82,83,96,99,100,101,102,103,104,105,106,121,122,123,124,126,128,129,137,138,140,142,143,144,145,151,159,163,164,165,166,168,173,181,184,186,188,193,203,204,205,206,210,216,217,226,233,238,239,241,252,254,255,256,257,258,259,260,266,271,272,273,276,281,282,290,296,299,305,319,320,321,328,329,330
270,270,116
7,8,11,14,16,17,25,26,27,32,33,34,35,36,37,38,39,40,55,56,59,60,61,63,68,69,73,75,76,77,78,80,81,82,83,84,89,90,96,97,99,100,101,105,120,121,122,123,124,125,126,127,128,129,137,142,143,145,150,151,159,164,165,166,167,168,169,172,173,180,181,182,186,187,189,193,195,196,203,204,206,207,209,211,212,215,216,217,226,228,230,235,236,237,238,239,252,255,256,259,260,261,276,277,281,282,285,296,299,305,306,307,321,328,329,330
154,154,113
6,7,8,9,10,11,12,13,14,15,16,17,25,26,32,33,34,36,37,38,39,40,41,54,55,56,57,58,59,60,61,63,68,77,78,80,81,82,83,84,86,90,96,99,100,103,104,105,106,115,120,121,122,123,124,127,137,143,144,145,150,158,160,165,167,168,172,173,180,181,184,186,187,188,189,191,192,193,195,203,204,206,209,214,215,216,217,226,230,233,236,237,238,239,252,254,255,256,257,259,263,268,274,276,278,281,282,299,305,306,319,328,329
270,270,115
6,7,8,9,10,11,13,14,15,16,17,18,23,26,27,33,34,35,37,38,39,40,42,53,55,56,57,60,61,62,68,75,76,77,78,80,81,82,83,90,96,97,99,100,103,104,105,115,120,121,122,123,124,125,126,128,137,143,144,145,147,159,162,165,167,168,169,171,173,174,180,181,184,186,188,189,191,192,193,195,203,204,206,209,211,214,216,217,226,227,230,235,236,237,238,239,248,252,255,256,261,263,276,277,278,282,284,291,301,304,305,306,321,328,329
557,557,113
6,7,8,9,12,13,14,15,16,17,18,23,28,32,33,36,37,38,39,40,46,50,53,55,56,58,59,60,61,62,63,68,76,77,78,80,82,83,85,86,96,97,100,101,103,104,105,106,107,113,120,121,122,123,124,125,126,128,129,137,143,144,145,150,151,152,159,162,166,167,169,170,172,173,180,181,186,187,188,189,204,209,210,212,216,217,226,230,233,235,236,237,238,239,244,252,255,256,257,260,261,277,278,281,282,284,299,305,306,307,313,328,329
574,574,129
1,6,8,9,10,11,12,13,15,16,17,18,20,24,25,26,31,32,33,34,35,36,37,38,39,40,41,42,47,53,55,56,57,58,59,60,61,62,63,68,76,77,78,80,81,82,83,85,86,97,99,100,103,104,105,106,120,121,122,123,124,125,126,128,137,140,142,143,144,145,147,149,150,151,159,162,165,167,168,169,170,172,173,180,181,186,188,192,193,195,203,204,209,210,212,214,215,216,217,226,230,233,236,237,238,239,252,254,255,256,258,260,261,263,276,277,278,280,281,282,291,299,303,304,305,306,320,328,329
187,187,118
1,6,7,8,9,10,11,12,13,14,15,16,17,20,24,30,31,32,33,34,37,38,39,40,47,53,54,55,56,57,58,59,60,61,62,63,68,77,78,80,81,82,83,96,99,100,101,103,104,105,120,121,122,123,124,125,126,129,137,140,143,144,145,147,149,150,151,158,159,165,168,170,173,180,181,184,186,187,191,195,203,204,205,206,209,211,214,216,217,226,227,233,235,237,238,239,240,252,255,259,260,261,276,277,278,281,282,283,299,303,304,305,306,307,320,325,328,329
405,405,123
1,7,8,9,10,11,12,13,14,15,16,17,24,30,32,33,34,35,36,37,38,39,40,53,55,56,57,58,59,60,61,62,63,76,77,78,80,81,82,84,85,86,99,100,101,103,104,105,106,107,112,120,121,122,123,124,125,127,128,129,137,140,142,143,144,145,146,147,149,150,159,162,165,168,170,172,173,180,181,185,186,191,193,194,195,203,204,209,210,214,216,217,226,231,233,235,236,237,238,240,252,255,256,257,259,261,276,277,278,280,281,282,284,299,303,304,305,306,307,321,328,329,330
168,168,128
6,8,9,10,12,13,14,15,16,17,18,19,29,30,31,32,33,34,36,37,38,39,40,41,42,54,55,56,59,60,61,63,68,76,77,78,79,80,81,82,83,84,100,101,103,104,105,106,112,120,121,122,123,124,125,127,129,137,140,142,143,144,145,147,149,150,159,165,168,170,172,173,180,181,186,189,190,192,193,194,195,203,204,205,206,209,211,214,216,217,226,227,230,233,235,236,237,238,239,240,244,252,254,255,256,257,258,259,260,261,262,277,278,280,281,282,283,284,299,303,304,305,306,307,325,328,329,330
14,14,121
2,6,7,9,10,12,14,16,17,18,19,20,26,28,30,31,32,33,34,36,38,39,40,41,42,53,54,55,56,57,58,59,60,61,63,76,77,78,80,81,82,83,85,96,99,100,101,104,105,106,115,121,122,123,124,125,127,129,137,142,143,144,145,147,149,150,159,165,168,170,172,173,180,184,186,190,192,193,194,195,204,206,209,210,213,214,215,216,217,226,228,230,235,236,237,238,239,244,252,254,255,256,257,258,259,261,262,277,278,280,282,283,284,285,304,305,307,321,328,329,330
380,380,124
2,8,9,10,12,13,14,15,16,17,18,19,20,28,30,32,33,34,36,37,38,39,40,41,42,54,55,56,58,59,60,61,62,63,68,76,77,78,80,81,82,83,84,85,97,99,100,101,102,104,105,106,120,121,122,123,124,125,126,127,128,129,142,143,144,145,146,149,150,159,165,168,170,173,181,185,186,190,193,194,195,203,204,206,209,212,214,215,216,217,226,230,233,235,236,238,239,244,248,252,254,255,256,257,259,260,261,276,277,278,280,281,282,283,284,285,291,303,304,305,307,325,329,330
480,480,106
1,6,8,10,13,14,15,16,17,18,20,31,33,34,37,38,39,40,41,54,55,56,57,58,59,60,61,62,63,68,77,78,80,81,82,83,84,85,86,97,98,99,100,101,103,104,105,106,107,121,122,123,124,125,127,129,140,142,143,144,145,147,150,159,165,168,172,173,180,181,184,190,193,195,203,204,206,209,212,214,216,217,226,228,230,235,236,237,238,239,252,255,256,257,259,261,277,278,282,283,299,303,304,305,328,329
79,79,114
8,9,10,12,13,14,15,16,17,18,28,29,31,32,33,34,36,37,38,39,40,41,42,46,54,55,56,57,58,59,60,61,62,63,76,77,78,80,81,82,83,84,90,99,100,101,104,105,106,121,122,123,124,125,126,128,129,142,143,144,145,146,147,150,151,165,168,169,170,172,173,180,181,190,191,192,193,194,195,203,204,205,206,214,216,217,226,227,230,233,235,236,237,238,239,255,256,259,260,261,276,277,278,281,282,283,299,303,304,305,325,328,329,330
12,12,122
1,7,8,9,10,11,12,13,14,15,16,17,19,20,28,32,33,34,36,37,38,39,40,41,54,55,56,57,58,59,60,61,62,63,76,77,78,80,81,82,83,84,85,98,99,100,102,103,104,105,106,107,120,121,122,123,124,125,126,127,128,129,142,143,144,145,146,147,149,150,151,158,159,164,165,168,170,171,173,180,181,185,186,191,193,194,195,203,204,209,211,212,214,215,216,217,226,233,235,236,237,238,239,248,255,256,259,260,261,276,277,281,282,283,286,299,303,304,305,325,329,330
11,11,121
6,7,9,10,11,13,15,16,17,18,19,20,24,29,30,31,32,33,37,38,39,40,41,42,54,55,56,58,59,60,61,62,63,68,76,77,78,79,80,81,82,83,84,98,99,100,101,102,103,104,105,106,121,122,123,124,125,127,128,129,140,142,143,144,145,147,149,150,159,164,165,168,170,171,172,173,180,181,186,189,190,191,193,194,195,203,204,212,213,214,215,216,217,226,234,235,236,237,238,239,248,252,255,256,257,259,260,261,276,277,278,281,282,284,299,302,303,304,305,313,325
11,11,132
1,2,6,7,8,9,10,12,14,15,16,17,18,19,20,25,31,32,33,34,37,38,39,40,41,42,54,55,56,57,58,59,60,61,62,63,68,77,78,80,81,82,83,84,85,99,100,101,102,103,104,105,106,107,120,121,122,123,124,125,126,128,129,140,142,143,144,145,147,148,151,165,166,168,169,170,171,173,178,180,181,184,186,191,193,194,195,203,204,209,212,213,214,215,216,217,226,227,228,230,233,235,236,237,238,239,252,255,256,257,259,260,261,276,277,278,280,281,282,283,298,299,302,303,304,305,306,313,325,326,328,329
312,312,116
2,5,6,7,8,9,10,11,13,14,15,16,17,18,20,31,33,34,35,37,38,39,40,41,42,54,55,56,59,60,61,62,63,68,77,78,80,81,82,83,84,85,99,100,102,103,104,105,106,121,122,123,124,125,127,128,129,143,144,145,146,147,148,150,151,159,165,166,168,170,173,181,184,191,194,195,203,206,210,212,213,214,216,217,226,230,236,237,238,239,240,248,252,254,255,256,257,259,260,261,276,277,278,281,282,283,298,299,302,303,304,307,309,325,327,328
339,339,122
5,6,7,9,10,13,14,15,16,17,18,31,34,35,38,39,40,41,42,53,54,55,56,59,60,61,62,63,77,78,80,82,83,84,85,99,100,102,104,105,106,107,108,120,121,122,123,124,125,127,129,137,143,144,145,146,149,150,158,159,165,166,168,170,171,173,174,178,180,181,187,190,191,192,193,195,202,203,204,209,211,212,213,214,216,217,226,227,235,236,237,238,239,252,254,255,256,257,259,260,261,262,276,277,278,280,282,283,284,298,299,302,303,304,305,307,322,324,325,327,328,329
223,223,124
6,7,9,10,11,13,14,16,17,18,20,25,33,34,37,38,39,40,41,42,55,56,59,60,61,62,63,77,78,80,81,82,83,84,85,97,99,100,102,103,104,105,106,107,108,121,122,123,124,125,126,127,129,142,143,144,146,147,148,151,156,159,165,166,170,171,172,173,174,178,180,181,187,190,191,192,193,195,202,203,204,206,209,210,212,213,214,216,217,226,227,230,233,235,236,237,238,239,240,252,254,255,256,257,259,260,261,276,277,278,280,281,282,284,299,302,303,304,305,306,325,326,328,329
113,113,40
111,221,223,243,244,245,246,247,265,266,267,268,269,270,271,272,273,287,288,289,290,291,292,293,294,295,296,309,310,311,312,313,314,315,316,317,318,319,320,321
242,242,127
84,89,95,98,117,118,119,122,123,133,137,138,139,142,143,144,145,146,147,148,156,157,158,159,160,161,163,166,167,168,169,170,171,172,173,179,180,183,184,185,186,187,188,190,191,192,193,194,195,196,197,201,202,203,206,207,208,209,210,211,212,214,215,216,217,218,219,220,222,224,225,226,227,228,229,238,239,240,241,242,245,246,247,248,249,250,251,252,261,262,263,264,266,267,269,270,271,272,273,274,275,276,284,285,286,288,289,290,291,293,294,295,296,297,298,299,311,312,313,314,315,316,318,319,320,321,322
539,539,138
2,3,4,5,6,17,18,19,20,21,22,23,24,25,26,27,28,29,30,38,39,40,41,42,43,44,45,48,49,50,51,52,60,61,62,63,64,65,66,72,73,74,75,79,82,83,84,85,86,87,88,95,96,97,98,100,101,102,103,104,105,106,107,108,109,110,116,117,119,121,122,123,124,125,126,127,128,129,130,131,132,137,140,141,142,143,144,145,146,147,149,150,151,152,153,154,160,163,164,165,166,167,168,170,171,172,173,174,175,176,185,186,188,189,190,191,195,196,197,198,210,214,215,216,217,218,219,220,237,238,239,240,241,242,262,263,286,330
295,295,118
1,2,3,4,5,6,7,9,11,12,13,14,15,16,17,18,19,20,21,22,24,26,27,28,29,30,31,32,33,34,35,36,37,38,39,40,41,42,43,44,50,51,52,53,54,55,56,57,58,59,60,61,62,63,64,65,66,72,73,74,77,78,79,80,81,82,83,84,85,86,87,88,98,99,100,101,102,103,104,105,106,107,108,109,110,123,124,125,126,127,128,129,130,131,132,147,148,149,150,151,152,153,154,171,172,173,174,175,176,194,195,196,197,198,219,220,241,242
287,287,111
2,3,4,5,6,7,8,9,10,11,12,13,14,15,16,17,18,19,20,21,22,25,26,27,28,29,30,31,32,33,34,35,36,37,38,39,40,41,42,43,44,50,51,53,54,55,56,57,58,59,60,61,62,63,64,65,66,74,77,78,79,80,81,82,83,84,85,86,87,88,102,103,104,105,106,107,108,109,110,122,123,124,125,126,127,128,129,130,131,132,145,148,149,150,151,152,153,154,172,173,174,175,176,196,197,198,219,220,241,242,264
28,28,86
6,7,8,16,17,19,20,21,22,23,28,29,30,31,35,38,39,40,42,43,44,45,46,51,52,53,57,58,59,61,62,65,66,67,68,69,74,75,79,80,81,82,84,85,87,88,89,90,98,99,100,101,102,103,104,106,107,109,110,117,120,121,124,125,126,128,129,132,135,136,138,139,147,148,151,155,158,169,170,180,243,251,269,272,273,294
28,28,91
1,2,3,4,5,6,8,9,13,14,15,16,17,18,21,22,23,25,26,28,31,34,35,36,38,39,40,41,43,44,46,48,49,50,51,52,56,57,58,59,60,61,62,63,64,65,66,72,73,74,82,83,84,85,86,87,88,100,101,102,103,104,105,106,107,108,109,110,121,122,124,128,129,130,131,132,146,147,150,151,152,153,154,173,175,176,197,198,217,239,312
156,156,79
1,2,3,4,5,7,12,13,14,15,16,17,18,22,23,24,25,26,27,28,34,35,37,38,39,40,43,44,45,46,48,49,50,51,61,62,63,65,66,67,72,83,84,85,87,88,95,96,98,99,100,101,105,106,107,110,121,123,128,129,131,132,150,151,152,153,154,173,174,175,176,197,198,264,284,285,286,306,308
192,192,60
1,2,3,4,5,11,12,13,14,15,16,17,23,24,25,26,38,39,40,45,48,49,50,61,62,66,72,73,74,75,83,84,85,88,95,96,97,104,105,106,111,126,128,132,150,151,154,170,173,175,176,197,198,216,220,242,254,261,262,264
396,396,34
1,3,4,16,17,24,25,26,39,45,48,49,61,62,67,71,72,73,75,84,88,95,96,98,105,132,151,154,176,198,218,220,241,242
145,145,2
48,72
480,480,53
69,91,102,112,113,134,156,157,158,159,180,199,201,202,203,207,208,221,222,226,227,228,229,243,245,248,249,250,251,252,265,269,270,271,272,273,288,289,290,291,292,293,294,295,296,298,310,314,315,316,317,318,320
429,429,79
19,26,36,38,59,63,82,83,90,100,102,103,122,123,124,125,134,145,146,147,158,164,166,167,169,170,177,180,181,187,188,189,194,199,207,208,209,215,221,227,228,229,230,232,236,243,244,245,246,247,248,249,250,251,268,269,271,272,273,278,280,289,291,292,293,294,295,296,297,302,310,311,314,315,316,317,318,320,323
183,183,108
4,6,15,17,19,20,31,33,35,37,38,39,40,41,46,59,60,61,63,80,81,82,92,93,100,103,104,105,107,113,115,122,125,126,127,128,129,134,144,145,146,147,150,157,158,166,168,169,180,186,187,188,190,199,203,204,205,206,207,211,213,215,221,225,226,227,228,229,230,231,232,234,236,244,245,248,249,250,251,254,256,260,265,266,267,268,269,270,271,272,273,276,288,289,291,292,293,294,295,302,310,311,313,314,315,316,317,318
188,188,98
5,15,19,20,28,39,47,58,59,62,79,91,97,101,102,103,113,116,118,122,123,124,125,134,136,137,138,139,141,144,145,146,147,155,158,162,166,169,171,177,180,184,186,188,194,195,203,206,207,208,209,213,214,221,222,227,228,229,230,231,233,235,243,245,248,249,250,251,252,256,259,265,266,267,268,271,272,274,278,279,280,288,292,293,294,295,300,301,302,312,313,314,315,316,317,318,320,324
506,506,103
3,5,7,15,17,19,20,23,27,28,33,39,40,46,51,59,79,80,81,83,101,102,107,116,120,122,123,124,133,136,137,138,142,144,145,146,147,151,156,158,160,161,162,164,165,166,167,168,169,170,171,172,173,177,180,185,186,188,189,191,193,199,206,207,211,212,213,214,216,221,227,228,229,230,231,232,233,243,244,245,249,250,251,252,254,265,266,271,272,273,274,288,289,293,294,295,310,312,313,314,315,316,317
420,420,103
2,16,19,28,33,38,39,41,50,62,63,67,71,73,79,80,81,83,101,102,105,107,112,115,116,121,123,124,126,127,132,137,138,142,143,144,146,147,148,155,156,158,160,162,164,166,168,169,172,177,180,181,183,184,186,187,188,190,191,199,201,206,209,211,212,213,214,221,227,228,229,230,231,233,234,243,245,249,250,251,252,254,256,266,267,270,271,272,273,274,279,288,290,292,293,294,301,302,310,314,315,316,317
406,406,117
2,5,15,16,19,20,27,29,33,36,38,39,47,49,50,58,59,60,68,70,72,79,84,93,97,100,101,102,103,104,106,107,114,115,116,121,122,123,125,127,133,134,136,137,139,142,144,145,147,151,154,158,159,160,162,164,165,166,167,169,172,177,178,180,181,186,188,190,191,199,204,205,206,210,213,221,223,227,228,229,230,231,232,235,243,244,245,250,251,252,254,255,256,257,258,266,267,270,271,272,273,274,280,288,290,293,294,295,302,310,311,314,315,316,317,318,319
412,412,110
3,4,6,15,16,17,19,20,23,25,27,28,33,37,38,40,50,58,61,62,74,81,82,83,84,89,92,94,100,102,103,104,106,114,115,122,123,125,126,127,134,137,138,140,144,145,147,150,151,155,160,162,164,165,166,167,168,169,172,177,178,180,189,191,199,202,203,204,206,211,212,213,214,221,223,226,227,228,229,230,232,233,234,243,244,248,250,251,255,256,257,265,266,267,271,272,273,274,277,278,279,280,293,294,295,296,311,314,316,317
498,498,116
1,2,3,4,6,16,19,20,26,27,28,33,39,61,62,63,69,71,73,76,83,84,85,90,93,97,100,101,102,103,104,105,106,112,115,122,123,124,125,126,127,134,137,139,143,144,145,146,147,148,151,155,158,159,160,161,162,166,167,168,169,171,172,177,178,180,182,188,189,190,191,199,203,206,209,210,211,212,213,214,221,223,226,227,228,229,230,233,234,235,243,244,249,250,251,252,255,256,257,258,266,267,271,272,273,274,276,277,278,279,288,295,311,314,316,318
185,185,116
1,6,15,16,19,20,23,26,28,29,33,38,39,40,49,58,63,69,74,79,81,83,94,95,97,99,100,101,102,103,104,106,114,115,116,119,122,123,124,125,127,133,134,137,141,144,145,146,147,155,156,158,159,160,162,165,166,167,168,169,172,177,178,180,181,182,184,187,188,189,190,199,202,203,205,206,209,210,212,213,214,221,223,226,227,228,229,233,234,235,243,244,245,250,251,252,253,255,256,257,258,266,270,271,272,273,276,278,288,294,295,296,311,315,316,320
383,383,126
2,3,4,5,6,8,15,16,17,19,23,26,27,28,37,39,40,41,49,50,61,62,63,69,73,76,81,83,85,92,94,97,100,101,102,103,104,105,106,112,115,116,122,123,125,126,127,133,134,137,138,139,141,143,144,145,146,147,162,165,166,167,168,169,170,171,177,178,180,181,183,184,187,188,189,190,191,199,203,204,205,206,210,212,213,214,221,226,227,228,229,230,231,232,233,234,235,243,244,245,249,250,251,252,253,255,256,266,267,270,271,272,273,274,276,277,280,288,294,295,299,311,314,315,316,317
481,481,122
3,5,6,15,16,17,19,20,23,24,25,29,37,39,41,47,50,54,55,60,61,75,79,81,82,83,84,85,89,91,93,94,97,99,100,101,102,103,105,111,115,116,121,122,123,125,126,127,134,136,137,138,139,140,143,144,145,146,147,155,156,160,161,163,165,166,167,168,169,170,171,177,178,180,181,184,187,188,189,190,191,194,199,202,204,205,206,211,212,213,214,221,226,228,229,231,232,233,234,235,236,243,249,250,252,253,255,257,266,270,271,272,273,274,277,292,295,311,314,315,316,317
122,122,105
3,5,6,16,17,28,38,39,41,49,51,60,61,63,70,78,79,81,83,84,97,100,101,102,103,104,107,111,112,114,118,119,122,123,124,125,126,127,133,134,136,137,141,143,144,145,146,147,158,159,160,162,164,166,167,169,171,172,177,180,182,183,184,188,189,190,191,193,202,204,205,206,209,210,211,212,213,214,221,228,229,231,233,234,235,243,249,250,252,256,266,270,271,272,273,274,275,288,292,295,296,314,315,316,317
526,526,122
5,6,12,13,16,17,28,29,33,37,38,39,40,41,47,49,50,51,60,61,71,72,75,78,79,81,82,83,84,97,101,102,103,112,115,116,120,122,123,124,125,127,133,134,136,137,138,143,144,145,146,147,150,151,155,159,160,162,164,165,166,167,168,169,171,172,177,180,184,187,188,189,190,191,193,194,199,202,203,204,205,206,207,208,210,211,212,213,214,221,222,228,229,231,232,233,234,235,243,248,250,251,252,254,255,256,257,270,271,272,274,288,289,293,294,295,311,313,314,316,317,318
392,392,125
6,8,12,16,17,24,28,29,39,40,46,48,50,54,60,61,62,63,69,71,72,75,76,77,78,79,81,83,84,100,101,102,103,104,105,112,115,116,118,120,121,123,124,136,137,138,140,141,144,145,146,147,151,155,156,158,160,164,165,166,167,168,171,172,177,178,182,183,184,186,188,189,190,191,192,193,199,202,203,204,205,206,207,208,211,212,213,214,221,227,228,229,231,232,233,234,235,246,248,249,250,251,252,254,255,256,257,258,270,271,272,273,277,288,292,293,294,295,296,312,313,314,315,316,317
62,62,98
2,5,8,16,17,23,28,40,41,47,50,60,61,62,74,75,76,78,79,81,82,83,84,97,100,101,102,103,105,106,110,112,114,116,120,133,136,137,138,140,143,145,146,147,155,158,159,162,166,167,168,171,177,180,182,184,188,189,190,199,204,205,206,207,208,209,210,211,212,213,214,221,226,227,228,229,230,232,233,234,235,243,248,249,250,252,255,256,271,272,273,274,292,293,296,314,315,316
370,370,119
2,5,7,12,16,17,28,29,37,38,40,41,46,49,50,51,52,58,60,61,62,69,71,72,74,78,79,80,81,82,83,84,88,93,99,100,102,103,107,111,114,116,118,119,122,123,124,133,134,136,137,140,141,144,145,146,147,150,155,159,161,162,164,165,166,167,168,169,171,177,180,182,184,187,188,189,190,191,199,201,205,206,207,208,209,210,211,212,213,214,221,227,228,229,230,233,234,235,243,244,249,250,251,256,270,271,272,273,274,288,289,293,294,295,296,314,315,316,318
70,70,120
1,2,4,5,6,8,13,15,17,18,19,27,28,29,37,40,41,45,50,52,54,60,61,62,72,74,75,76,78,79,81,82,83,84,85,93,99,102,111,114,118,122,123,124,125,133,134,136,137,140,141,143,144,145,147,150,155,159,160,162,164,166,167,168,169,171,177,180,182,183,184,186,187,188,189,190,191,193,199,202,203,204,205,206,207,209,210,211,212,213,214,221,222,228,229,233,234,235,236,248,249,250,251,252,254,255,271,272,273,274,290,292,293,294,295,311,314,315,316,317
558,558,86
4,6,7,8,17,18,28,40,49,53,60,61,62,71,74,75,76,78,79,81,83,84,85,101,102,115,116,119,123,124,136,139,143,145,146,150,151,155,158,159,161,162,164,165,166,167,168,169,177,181,187,188,189,190,193,199,204,206,207,208,210,212,213,222,225,227,228,229,233,234,235,248,249,250,271,272,273,292,293,294,295,296,314,315,316,317
347,347,104
5,6,7,25,26,27,28,29,40,47,49,51,52,53,58,60,61,62,71,72,73,74,75,76,78,79,80,81,82,84,85,89,90,101,102,103,107,114,116,119,124,136,137,140,145,146,150,155,158,159,160,161,162,164,165,166,167,168,170,177,183,186,188,189,190,199,204,205,206,207,210,211,212,213,225,226,227,228,229,230,232,235,246,247,248,249,250,251,252,270,271,272,273,290,291,292,293,294,295,312,313,315,316,317
1,1,78
5,6,7,20,23,27,28,29,45,49,52,62,72,73,74,75,76,79,83,100,101,102,114,115,116,136,137,138,140,141,158,159,160,161,162,165,166,180,182,183,184,185,186,188,204,205,206,207,208,210,224,226,227,228,229,230,246,248,249,250,251,269,270,271,272,273,290,291,292,293,294,295,311,312,313,315,316,317
291,291,5
6,44,70,71,110
504,504,45
43,44,66,88,109,110,132,154,175,176,197,217,220,242,264,265,267,274,275,278,280,281,282,284,286,287,288,296,297,299,300,301,303,307,308,318,319,320,321,322,323,324,328,329,330
386,386,83
21,43,44,65,87,88,96,110,132,144,152,153,167,175,176,195,198,217,219,220,232,244,246,252,253,254,257,258,263,264,265,266,267,268,269,270,271,273,275,276,277,278,279,282,285,286,287,288,289,290,291,292,293,294,295,296,297,298,299,300,301,302,303,308,309,310,311,312,313,314,315,316,317,318,319,320,321,322,323,325,326,327,330
24,24,93
44,65,66,88,154,174,175,176,195,196,197,198,215,216,217,218,219,220,232,238,239,240,242,247,252,253,254,255,256,257,258,259,260,261,262,263,264,265,270,274,275,276,277,278,279,281,282,283,284,285,286,287,288,289,290,292,293,294,295,296,297,298,299,300,301,302,303,304,305,306,307,308,309,310,311,312,313,314,315,316,317,318,319,320,321,322,323,325,326,327,328,329,330
48,48,100
110,173,174,175,176,192,194,195,196,197,198,215,216,217,218,219,220,233,234,235,236,237,238,239,240,241,242,252,253,254,255,256,257,258,259,260,261,262,263,264,268,269,270,271,274,275,276,277,278,279,280,281,282,283,284,285,286,287,288,289,290,292,293,294,295,296,297,298,299,300,301,302,303,304,305,306,307,308,309,310,311,312,313,314,315,316,317,318,319,320,321,322,323,324,325,326,327,328,329,330
378,378,113
121,130,131,151,152,153,154,173,174,175,176,190,192,193,194,195,196,197,198,210,211,212,214,215,216,217,218,219,220,232,233,234,235,236,237,238,239,240,241,242,249,250,252,253,254,255,256,257,258,259,260,261,262,263,264,269,270,271,272,273,274,275,276,277,278,279,280,281,282,283,285,286,290,291,292,293,294,295,296,297,298,299,300,301,302,303,304,305,306,307,308,309,310,311,312,313,314,315,316,317,318,319,320,321,322,323,324,325,326,327,328,329,330
554,554,130
21,44,62,64,65,66,86,87,103,104,105,106,107,108,110,117,118,119,120,128,130,136,137,138,139,140,141,142,143,144,145,150,151,152,157,158,159,160,161,162,163,164,165,166,167,168,178,179,180,181,182,183,184,185,186,187,188,189,190,191,192,195,200,201,202,203,204,205,206,207,208,209,213,214,222,223,224,225,226,227,228,229,232,234,235,236,237,244,245,246,247,248,249,250,252,254,255,256,257,265,266,267,268,269,270,271,272,273,274,275,276,278,287,288,289,290,291,292,293,294,295,296,298,309,310,311,312,313,316,319
379,379,119
1,2,3,4,5,6,7,8,9,10,11,12,13,14,15,16,19,23,24,25,26,29,30,31,32,33,34,35,36,38,39,40,41,42,45,46,47,48,49,51,52,53,54,56,57,58,59,60,61,62,63,67,68,69,70,71,72,73,75,78,79,80,81,82,85,88,89,90,91,92,93,94,95,96,97,101,102,103,104,105,113,114,115,116,117,118,119,120,135,136,137,138,139,140,141,142,155,156,157,158,159,160,161,162,163,178,179,180,181,182,183,184,200,201,202,224,265,287,309
465,465,74
1,2,3,4,5,6,7,8,9,10,11,12,13,14,15,16,18,19,23,24,25,26,27,28,29,30,31,32,33,34,35,36,45,46,47,48,49,50,51,52,53,54,55,56,57,67,68,69,70,71,72,73,74,75,76,89,90,91,92,93,94,95,96,100,111,112,113,114,115,133,134,135,155,177
157,157,24
33,241,262,264,275,276,283,285,296,297,302,303,304,305,312,313,317,318,324,325,326,327,329,330
208,208,63
41,63,64,65,82,85,104,107,127,128,146,149,150,168,170,171,172,184,189,193,196,205,206,207,209,211,213,219,227,228,229,230,235,240,241,248,255,264,270,271,273,274,285,290,291,292,293,294,295,296,305,311,312,313,314,315,316,317,326,327,328,329,330
320,320,55
16,18,19,35,39,79,82,94,100,119,121,136,143,144,149,159,163,177,188,191,202,204,205,207,223,226,230,231,252,254,268,269,270,272,273,275,284,290,292,293,294,295,296,303,306,309,312,313,314,316,317,324,325,326,327
206,206,93
14,16,17,18,35,36,38,39,55,60,62,64,65,70,79,82,85,93,96,98,105,106,116,117,118,122,124,127,128,129,144,146,147,148,150,155,156,164,168,169,170,171,172,173,177,178,189,191,199,200,208,209,213,220,222,225,227,230,233,236,244,245,247,253,266,268,269,270,271,272,273,281,283,289,290,291,292,293,298,303,307,308,311,312,313,314,316,317,318,325,327,328,329
571,571,92
4,12,16,18,40,47,51,60,62,71,82,95,99,100,114,115,133,134,144,145,147,148,149,150,155,159,160,161,164,166,168,171,172,181,184,188,189,190,196,201,203,204,205,207,208,209,221,225,226,227,228,229,230,231,233,234,244,245,246,249,262,264,266,268,269,270,271,272,273,280,281,282,287,289,290,291,292,293,294,295,298,303,307,311,312,313,314,316,317,324,325,328
60,60,100
1,3,11,13,16,17,18,25,35,37,38,39,40,43,59,61,62,63,68,78,81,82,92,97,103,106,114,117,119,121,133,134,139,143,144,147,148,150,159,162,166,171,172,178,183,184,185,189,193,199,201,202,203,204,205,207,209,210,221,222,223,225,226,228,229,230,239,242,244,245,246,249,254,266,270,271,272,273,281,282,285,289,290,291,292,296,298,303,305,306,312,313,314,317,321,324,325,328,329,330
165,165,101
2,3,4,11,15,16,17,18,23,24,26,33,39,40,43,46,47,60,68,69,73,79,81,82,93,99,113,114,117,119,120,121,127,133,134,138,139,143,144,148,150,156,157,158,159,160,162,164,165,170,171,181,187,200,203,204,205,213,221,222,225,226,227,228,229,230,231,236,244,245,246,247,248,249,252,266,267,269,270,271,272,273,281,282,289,291,292,293,294,295,296,306,311,312,313,315,316,317,319,320,329
98,98,100
3,11,12,17,19,23,24,35,37,38,39,40,43,47,49,61,62,63,68,72,73,78,79,82,83,84,94,95,100,113,117,120,125,127,128,130,134,136,137,143,147,155,156,157,159,160,161,162,164,165,168,169,183,184,185,187,191,197,199,200,203,204,205,206,207,223,225,226,227,228,229,230,236,244,245,246,247,248,249,267,269,270,271,272,273,283,289,291,292,293,295,305,309,311,313,314,315,316,317,319
283,283,109
3,4,5,7,11,12,15,17,18,19,20,24,25,28,29,34,35,36,38,39,42,46,47,51,59,60,61,62,67,68,69,71,73,78,79,81,82,83,84,91,97,100,116,117,119,124,127,137,139,140,142,143,150,158,159,164,165,166,169,181,182,183,184,190,199,200,204,205,207,208,209,210,213,220,223,225,226,227,228,229,230,231,232,240,244,246,248,249,254,269,270,271,272,273,274,283,284,285,291,293,306,307,308,309,313,314,316,317,320
191,191,87
1,4,10,11,12,13,15,16,18,19,20,21,24,25,26,27,28,33,34,35,37,38,39,40,46,47,49,58,60,61,62,68,69,73,79,81,82,83,84,90,93,95,98,99,104,106,115,117,119,121,134,137,140,142,143,158,159,164,166,181,183,184,188,192,199,203,204,205,206,207,210,225,226,230,232,233,247,269,270,273,274,283,291,313,315,316,320
99,99,83
1,3,6,10,11,14,16,17,18,19,23,24,35,36,37,38,39,40,47,49,51,59,60,61,62,68,73,77,79,80,81,82,83,84,93,101,104,105,113,121,125,127,128,136,142,143,155,158,159,165,167,171,181,183,184,187,188,197,203,204,205,206,207,208,225,226,227,230,231,232,233,244,247,270,273,274,276,289,291,298,305,307,313
155,155,105
3,4,6,9,11,12,14,15,16,17,18,19,20,21,24,25,26,27,28,31,33,35,36,37,38,39,40,41,42,46,47,48,49,59,60,61,62,63,68,73,81,82,83,84,91,93,98,100,101,104,118,120,125,127,128,136,140,142,143,145,146,149,157,158,159,164,165,166,169,181,184,185,191,199,202,203,204,205,206,207,225,226,227,230,231,233,239,247,248,249,252,254,265,272,274,278,282,283,289,292,293,298,307,314,321
435,435,116
1,2,3,6,11,13,14,15,16,17,18,19,20,21,27,28,31,32,34,35,37,38,39,40,42,46,47,48,49,59,60,61,62,63,69,71,76,77,78,80,81,82,83,84,97,98,99,100,101,103,104,105,106,117,121,122,125,126,127,128,134,137,140,141,142,143,145,146,149,155,158,159,163,164,170,171,181,182,183,184,185,198,200,201,203,204,205,206,207,208,215,225,226,230,231,232,233,234,247,248,252,254,266,273,278,282,289,290,291,299,300,305,311,313,314,319
546,546,109
1,2,3,4,5,6,11,14,15,16,17,18,24,25,26,27,28,29,32,33,34,35,37,38,39,40,42,46,47,48,56,59,60,61,62,63,68,69,71,72,73,76,77,78,79,80,81,82,83,84,91,97,98,99,100,101,104,105,106,117,121,127,128,133,137,143,144,157,158,159,164,165,166,170,171,180,181,182,183,188,200,202,203,204,205,206,207,208,215,225,226,227,230,231,248,252,265,269,270,276,277,279,283,291,293,294,297,314,321
418,418,110
1,2,3,4,5,6,11,12,13,14,15,16,17,18,19,20,24,25,26,27,28,32,33,34,35,36,37,38,39,40,41,42,46,47,48,49,54,55,56,59,60,61,62,63,64,73,77,78,79,80,81,82,83,84,85,90,91,102,104,105,106,117,121,123,127,128,143,146,158,159,163,164,166,167,179,180,181,182,184,185,188,193,194,200,203,204,205,206,207,208,211,213,215,224,225,226,230,231,234,235,246,249,254,255,278,283,291,292,297,314
400,400,120
1,2,3,5,6,10,11,13,14,15,16,17,18,19,20,21,24,27,28,33,34,35,36,37,38,39,40,41,42,47,48,50,54,55,56,57,58,59,60,61,62,63,68,69,73,77,80,81,82,83,84,85,95,96,97,101,102,103,104,105,106,119,121,122,123,125,127,128,133,137,142,143,144,146,149,158,159,161,162,165,166,167,171,181,182,183,184,188,191,192,202,203,204,205,206,208,213,215,221,225,226,227,230,231,239,246,254,255,269,273,277,283,289,291,292,294,297,298,300,313
7,7,122
1,2,3,4,5,6,7,10,11,13,14,15,16,17,18,19,24,25,26,27,28,33,34,35,36,37,38,39,40,41,47,48,55,59,60,61,62,63,68,71,72,73,77,79,80,81,82,83,84,85,90,94,96,97,99,100,101,103,104,105,106,112,115,117,119,121,122,123,124,125,127,128,129,137,143,144,148,158,159,162,164,166,171,178,180,181,182,183,184,191,202,203,204,205,206,207,208,209,215,224,225,226,227,230,231,233,236,239,246,249,252,254,255,273,279,285,289,291,292,300,313,316
565,565,118
1,2,3,4,5,6,10,11,13,14,15,16,17,18,19,27,28,32,33,34,35,36,37,38,39,40,41,42,46,47,54,55,56,58,59,60,61,62,63,64,73,74,76,77,78,79,80,81,82,83,84,91,96,99,100,101,102,103,105,112,116,117,118,119,120,121,125,126,127,128,143,145,148,149,152,157,158,159,161,164,165,166,167,169,171,181,182,184,186,188,202,203,204,205,206,207,208,209,212,215,221,224,225,226,227,230,231,246,254,268,269,276,277,291,299,313,314,319
512,512,100
1,3,4,5,6,11,13,14,15,16,17,18,19,20,25,26,27,34,35,36,37,38,39,40,41,46,47,48,56,57,58,59,60,61,62,63,68,74,76,77,78,79,80,81,82,83,84,90,91,96,98,99,101,102,104,105,116,118,119,124,125,127,128,144,157,158,159,161,164,166,169,171,179,181,186,188,192,202,203,204,205,208,212,213,215,225,226,230,239,244,246,247,252,254,268,283,291,300,314,320
395,395,121
1,2,3,4,5,6,11,12,13,14,15,16,17,18,19,20,25,26,27,28,33,34,35,36,37,38,39,40,41,42,43,46,48,56,57,58,59,60,61,62,63,68,73,76,77,78,79,80,81,82,83,84,87,97,99,101,102,104,105,111,116,117,118,120,121,125,126,127,128,135,142,143,144,152,153,156,158,159,162,164,165,166,171,180,181,182,183,184,186,188,193,202,203,204,205,208,214,215,225,226,227,230,233,239,240,242,245,246,247,248,268,269,283,291,293,294,297,298,300,313,321
55,55,121
2,3,4,5,6,12,13,14,15,16,17,18,19,20,24,25,27,29,35,36,37,38,39,40,41,42,45,46,47,48,56,57,58,59,60,61,62,63,68,69,71,74,77,78,79,80,81,82,83,91,99,100,101,102,103,104,106,116,117,119,120,121,124,125,126,127,128,135,140,142,143,144,147,152,153,154,155,158,159,165,166,167,168,172,179,180,181,182,186,188,189,191,193,202,203,204,205,207,208,213,214,215,224,225,226,227,230,231,232,239,248,253,254,276,283,287,291,297,299,321,322
360,360,130
1,2,3,4,5,6,11,12,13,15,16,17,18,19,20,24,25,26,27,33,35,36,37,38,39,40,41,42,45,46,47,48,55,56,57,58,59,60,61,62,63,64,68,69,70,77,78,79,81,82,83,86,87,90,97,99,100,101,102,103,104,105,106,111,117,119,120,121,123,124,126,127,133,134,142,143,147,152,155,157,158,159,161,162,164,165,166,167,172,173,179,180,182,183,184,186,188,189,192,202,203,204,205,206,208,213,215,225,226,227,230,232,233,235,237,239,240,244,246,247,253,254,261,277,283,291,294,297,299,300
202,202,119
2,3,4,5,6,8,10,12,13,14,15,16,17,18,19,20,23,24,25,26,27,28,34,35,36,37,38,39,40,41,42,45,48,54,55,56,57,58,59,60,61,62,63,64,68,76,78,79,81,82,83,86,91,101,103,104,105,117,119,121,126,127,128,133,134,135,136,142,143,144,148,149,154,155,157,158,164,165,166,167,168,170,172,173,179,180,181,183,185,186,187,192,202,203,204,206,207,208,215,222,223,225,226,227,230,231,239,240,244,245,248,269,270,273,276,277,292,300,309
13,13,118
2,3,4,5,10,11,12,13,14,15,16,17,18,19,20,24,25,27,29,35,36,37,38,39,40,41,42,45,46,47,54,55,56,57,58,59,60,61,62,63,64,68,69,77,78,79,80,81,82,83,84,86,91,99,101,102,103,105,119,120,121,123,124,125,127,128,135,140,142,143,147,148,149,152,155,156,157,158,164,165,167,168,171,172,173,179,180,181,182,183,194,202,203,204,205,207,208,213,214,215,222,223,224,225,226,230,231,239,246,247,248,253,265,276,277,298,314,319
200,200,125
1,2,3,4,5,6,10,12,13,14,15,16,17,18,19,20,23,24,25,26,27,33,34,35,37,38,39,40,41,42,47,48,56,57,58,59,60,61,62,63,64,67,68,76,77,78,79,80,81,82,83,90,91,97,98,101,103,104,105,106,116,117,119,120,121,125,126,127,128,133,135,139,143,144,147,148,149,152,155,157,158,159,162,164,165,166,167,168,171,172,176,179,180,181,182,183,187,192,202,203,204,205,208,213,214,215,218,222,223,225,226,227,230,239,240,246,248,252,255,261,269,276,298,305,321
488,488,121
2,3,4,10,11,12,13,14,15,16,17,18,19,20,23,24,25,27,28,32,33,35,36,37,38,39,40,42,47,55,56,57,58,59,60,61,62,63,64,65,67,69,71,77,78,80,81,82,83,84,90,97,99,101,102,103,105,113,119,120,121,124,126,127,128,133,135,139,143,150,152,154,155,156,157,158,159,165,167,168,171,172,173,176,180,181,182,183,191,193,194,202,203,204,205,208,213,214,215,218,222,224,225,226,227,230,231,233,239,246,248,252,254,269,276,292,294,298,300,314,319
374,374,131
1,2,3,4,7,10,11,12,13,14,15,16,17,18,19,23,24,25,26,27,28,29,32,35,36,37,38,39,40,41,42,43,47,54,55,56,57,58,59,60,61,62,64,67,69,78,79,80,81,82,83,84,86,91,96,97,98,100,101,102,103,104,105,106,116,119,121,124,125,126,127,128,132,133,135,139,142,144,146,147,150,154,155,156,157,159,164,165,167,168,171,173,176,178,180,181,183,186,191,192,193,194,197,202,203,204,205,208,209,210,213,215,225,226,230,231,235,239,246,247,248,252,254,255,261,276,287,289,292,305,314
339,339,114
3,4,10,12,13,14,15,16,17,18,19,20,25,26,27,30,33,34,35,36,37,38,39,40,41,42,46,47,54,55,56,57,58,59,60,61,62,63,68,69,76,77,78,79,81,82,83,86,90,91,97,98,99,100,101,102,103,104,105,107,116,119,120,121,124,125,128,132,135,143,147,150,152,155,156,157,159,165,168,169,171,172,176,179,180,181,182,183,190,191,193,202,203,204,210,213,214,215,219,225,226,228,230,232,235,239,253,255,261,275,298,314,319,322
222,222,123
2,3,4,10,11,12,13,14,15,16,17,18,19,20,24,25,26,27,33,34,35,36,37,38,39,41,42,46,47,48,55,56,57,58,59,60,61,62,63,64,68,69,76,77,78,79,80,81,82,83,86,91,96,97,98,99,101,102,103,104,105,106,107,117,119,121,122,124,125,126,128,132,134,135,143,144,145,147,148,149,152,155,156,157,159,164,167,168,171,178,179,180,181,187,190,191,193,198,202,203,204,205,206,210,213,224,225,226,229,230,239,246,248,252,253,254,261,275,276,277,298,314,319
490,490,98
1,2,3,12,13,14,15,16,17,18,19,24,25,26,35,36,37,38,39,41,42,47,55,56,57,58,59,60,61,62,67,69,78,79,80,81,82,83,85,86,96,97,98,99,100,101,102,103,104,117,119,121,122,125,127,128,133,134,135,137,143,144,145,147,155,156,157,159,165,166,167,169,179,180,181,183,191,193,198,202,203,204,213,214,219,224,225,226,227,229,230,232,239,248,254,256,299,314
34,34,106
1,2,3,4,11,12,13,14,15,16,17,18,19,20,25,33,35,36,37,38,39,40,41,42,46,47,54,55,56,57,58,59,60,61,62,63,68,69,78,79,80,81,82,83,84,85,97,98,99,100,101,102,103,104,106,110,112,116,119,121,122,125,126,127,128,130,132,135,143,144,145,147,148,155,157,158,159,165,167,169,171,178,180,181,184,192,193,202,203,204,210,211,213,214,224,225,226,229,230,235,239,248,256,297,299,322
447,447,39
221,222,243,244,245,246,247,265,266,267,268,269,270,271,272,273,274,287,288,289,290,291,292,293,294,295,296,309,310,311,312,313,314,315,316,317,318,319,320
295,295,124
73,94,95,96,97,98,99,113,114,118,119,120,121,135,137,139,141,142,143,144,158,160,161,162,163,166,170,178,179,182,183,184,185,186,188,191,192,193,194,200,201,202,203,204,205,206,207,208,210,211,212,213,214,215,216,224,225,226,227,228,229,230,231,232,233,234,235,236,243,244,245,246,250,251,252,253,254,255,256,261,264,265,266,267,268,269,270,271,272,273,274,275,276,277,287,288,289,290,291,292,293,294,295,297,299,300,301,304,305,306,309,310,311,312,313,315,316,317,321,322,325,326,327,328
294,294,139
12,17,18,19,20,21,22,28,29,30,37,38,39,40,41,42,43,44,45,49,50,51,52,53,57,62,63,64,65,66,67,70,71,72,73,74,76,77,79,80,81,84,85,86,87,88,91,92,96,97,98,99,100,103,104,106,107,108,109,110,112,113,114,115,117,118,119,120,121,125,128,130,131,132,137,138,140,141,142,143,148,149,150,151,152,153,154,160,161,162,163,164,165,166,171,172,173,175,176,179,183,184,185,186,187,188,190,191,194,205,206,207,209,210,211,212,213,231,232,233,234,236,237,239,240,251,252,253,254,255,256,257,275,276,278,279,282,283,305
252,252,121
3,5,6,7,8,9,10,11,12,13,14,15,16,17,18,19,20,21,22,28,29,30,31,32,33,34,35,36,37,38,39,40,41,42,43,44,48,49,50,51,52,53,54,55,58,59,60,61,62,63,64,65,66,71,72,73,74,75,76,77,78,79,80,81,82,83,84,85,86,87,88,97,98,99,100,101,102,103,104,105,106,107,108,109,110,118,119,120,121,122,125,126,127,128,129,130,131,132,143,144,145,147,148,149,150,151,152,153,154,169,170,171,172,173,174,175,176,195,196,198,220
277,277,109
1,2,4,5,6,7,8,9,10,11,12,13,14,15,16,17,18,19,20,21,22,26,27,28,29,30,31,32,33,34,35,36,37,38,39,40,41,42,43,44,48,49,50,51,52,53,54,55,56,57,58,59,60,61,62,63,64,65,66,71,75,77,78,79,80,81,82,83,84,85,86,87,88,98,99,100,101,102,103,104,105,106,107,108,109,110,122,125,126,127,128,129,130,131,132,149,150,151,152,153,154,163,172,173,174,175,176,198,220
147,147,98
1,2,3,5,6,7,8,9,10,11,12,13,14,15,16,19,20,21,22,25,27,28,29,34,35,36,37,38,39,42,43,44,45,48,50,55,56,57,58,59,60,65,66,77,78,79,82,86,87,88,100,101,107,108,109,110,122,123,127,128,129,130,131,132,143,144,145,149,150,151,152,153,154,165,166,167,170,171,172,173,175,176,187,188,189,191,192,197,208,211,231,257,258,301,302,303,324,325
101,101,89
1,2,3,6,7,8,9,10,11,12,13,14,15,16,17,18,19,20,21,22,28,29,30,31,32,33,34,35,36,37,38,39,40,41,42,43,44,48,49,50,51,52,53,54,56,58,59,60,61,62,63,64,65,66,67,81,82,83,84,85,86,87,88,101,103,104,105,107,108,109,110,123,128,129,130,131,132,144,151,152,153,154,169,193,194,198,218,236,242
276,276,77
4,8,9,10,11,12,13,14,15,16,17,18,19,20,21,22,23,24,32,33,34,35,38,39,40,41,42,43,44,46,56,57,58,59,62,63,64,65,66,79,80,83,84,85,86,87,88,104,106,107,108,109,110,115,127,128,129,130,131,132,145,148,151,152,153,154,174,175,176,193,194,196,214,215,242,276,301
275,275,63
13,14,15,16,18,19,20,21,22,38,40,41,42,43,44,50,51,58,59,63,64,65,66,78,80,86,87,88,100,104,105,106,107,108,109,110,115,126,130,131,132,136,148,152,153,154,170,171,172,173,174,175,176,191,192,194,195,196,198,214,253,254,299
558,558,47
14,17,18,19,20,21,22,28,37,38,44,65,66,80,84,86,87,88,101,108,109,110,129,130,131,132,148,151,152,153,154,170,171,172,173,174,175,176,191,192,193,194,195,196,198,213,242
429,429,22
7,21,22,44,66,87,88,108,109,110,130,131,132,151,152,153,154,174,175,176,194,213
208,208,12
157,179,200,221,223,224,246,288,290,310,311,312
351,351,54
46,47,67,68,69,89,94,111,116,133,134,139,143,151,157,158,161,164,177,179,183,199,201,202,203,204,221,222,223,224,229,243,244,246,247,248,265,266,267,268,269,273,274,288,289,290,292,309,310,311,312,313,314,316
266,266,67
24,45,46,67,69,77,89,90,99,111,112,118,119,121,131,133,135,139,141,156,157,158,163,165,177,178,179,180,181,183,186,199,200,201,202,203,204,221,222,223,224,228,229,243,244,246,247,266,267,268,269,270,271,273,288,289,290,291,292,293,305,309,310,311,312,313,318
304,304,54
75,95,115,134,135,136,137,138,156,157,158,159,161,162,178,179,180,181,182,200,201,202,203,210,223,224,225,226,228,229,230,244,246,247,249,250,251,266,267,268,269,270,271,273,288,289,290,291,292,309,310,311,312,313
151,151,105
5,13,15,25,29,33,34,45,46,47,52,55,67,68,71,72,73,75,77,89,94,95,96,98,99,111,112,115,116,118,121,133,134,135,136,137,138,139,140,156,157,158,159,160,161,162,164,177,178,179,180,181,182,184,185,188,199,200,201,202,203,204,205,206,207,223,224,225,226,228,229,230,244,246,247,248,249,250,251,252,266,267,268,269,270,271,272,273,274,288,289,290,291,292,293,294,295,309,310,311,312,313,314,316,317
512,512,80
49,52,53,55,68,71,74,75,89,94,95,97,98,99,110,111,112,114,115,117,118,120,121,133,135,136,137,139,140,141,156,157,158,159,161,178,179,180,181,183,184,199,200,202,203,204,205,207,223,224,225,228,229,244,247,248,249,250,251,252,266,268,269,270,271,272,273,288,289,290,292,294,295,296,309,310,311,312,313,315
412,412,94
45,50,67,68,71,72,73,74,75,77,89,94,95,96,97,111,112,115,116,117,120,121,135,136,137,138,139,140,141,142,155,156,157,158,159,160,161,162,177,178,179,180,181,182,183,184,188,199,200,202,204,207,208,223,224,225,227,228,229,230,243,244,246,247,248,249,251,256,268,269,270,271,272,273,274,288,289,290,291,292,293,294,295,296,309,310,311,312,313,314,315,316,317,318
156,156,112
6,25,27,28,32,33,35,47,49,50,53,55,67,68,69,71,73,74,75,77,89,93,94,97,98,99,111,112,113,114,115,116,117,118,119,121,133,134,135,136,137,138,139,140,143,155,156,157,158,159,160,161,162,177,178,179,180,181,182,183,184,185,188,199,200,201,202,203,204,205,208,211,222,223,224,225,226,227,228,233,243,244,245,246,247,249,250,251,256,266,267,268,269,270,271,272,273,275,288,290,292,293,294,296,309,310,311,312,313,314,315,318
130,130,62
13,47,48,68,75,97,98,99,111,112,113,116,119,121,133,135,137,139,142,157,158,159,160,161,162,180,182,184,199,200,202,205,223,224,225,229,230,234,243,244,245,246,247,248,249,250,266,268,269,270,271,272,291,294,295,296,309,311,312,313,317,318
147,147,114
4,8,11,12,23,27,28,29,33,35,45,46,47,48,55,57,62,67,68,69,70,71,74,75,78,91,93,94,97,98,99,100,101,105,111,112,113,114,115,117,118,120,121,133,134,135,136,137,139,155,156,157,158,159,160,161,178,179,180,181,182,184,185,186,190,199,200,201,202,203,205,206,207,208,222,223,224,225,227,228,229,230,232,233,234,244,245,246,247,248,249,250,251,252,266,268,269,270,271,272,273,274,288,290,291,293,294,296,298,311,312,313,315,319
162,162,119
4,7,13,25,26,32,33,35,46,47,48,56,57,58,60,68,72,73,75,77,89,90,94,95,96,97,98,99,111,112,113,114,115,116,117,118,119,120,121,133,134,135,136,137,138,139,140,141,155,156,157,158,159,160,162,177,178,179,180,181,184,185,199,200,201,202,203,204,205,206,207,208,212,221,222,223,224,225,226,228,229,230,231,233,243,244,245,246,247,248,249,250,251,252,256,266,268,269,270,271,272,273,274,288,290,291,293,294,296,297,298,309,310,311,312,313,315,317,319
432,432,93
4,28,45,53,55,56,67,68,70,72,75,89,93,94,97,98,99,100,111,112,113,114,115,117,119,133,134,135,136,137,138,139,140,155,156,157,159,160,161,162,177,178,180,181,183,199,200,202,203,204,205,206,207,210,222,223,224,225,228,229,233,243,244,245,246,247,248,249,250,251,252,253,255,256,266,267,268,269,270,271,272,278,288,290,291,294,295,309,312,313,314,317,324
499,499,104
6,7,26,29,35,45,46,48,50,51,53,54,55,56,67,68,69,71,74,75,76,77,78,89,90,97,98,99,100,111,112,113,116,118,119,133,134,135,136,137,139,140,141,155,156,162,174,177,179,183,184,186,187,188,190,199,201,202,203,204,206,207,208,209,210,211,221,222,223,224,225,229,234,243,244,245,246,247,248,254,256,257,266,267,268,269,271,273,288,290,291,292,293,295,298,300,308,309,310,311,313,315,316,317
402,402,99
8,12,29,35,45,47,48,53,54,55,67,68,69,72,74,75,77,78,89,93,94,95,97,98,99,111,112,113,115,117,118,119,120,121,125,133,134,135,137,138,139,141,142,155,157,158,159,160,161,177,179,181,182,183,184,187,188,199,200,202,203,205,206,207,208,209,210,212,221,222,223,224,225,226,228,229,243,244,245,246,247,248,267,268,269,287,288,290,291,293,295,297,300,309,312,313,315,316,317
208,208,107
6,9,10,24,27,29,30,35,45,46,47,48,50,51,54,55,56,68,69,70,71,75,77,78,89,93,94,95,98,99,111,112,113,114,115,116,117,118,119,120,122,133,134,135,137,139,141,142,155,156,157,158,159,161,177,179,181,182,183,184,185,186,187,188,199,200,202,203,205,206,207,208,221,222,223,224,225,228,229,243,244,245,246,247,248,252,253,267,268,269,271,273,278,287,289,290,293,299,308,309,310,312,313,314,315,316,317
31,31,83
6,10,12,35,45,48,56,68,70,75,76,77,89,90,93,94,95,96,99,100,111,115,117,120,121,133,134,135,136,138,139,140,141,142,155,156,157,158,160,161,177,179,180,182,183,186,187,188,199,202,203,206,207,208,222,223,224,225,228,232,243,244,246,247,248,256,268,271,278,279,280,287,289,290,291,292,295,309,310,315,316,317,320
376,376,117
12,22,29,35,46,48,53,55,57,67,68,70,72,73,75,76,77,78,79,89,90,93,94,96,98,99,100,111,113,114,115,116,117,118,120,121,122,133,135,136,137,138,139,141,152,155,156,157,158,159,160,162,165,167,177,178,179,180,181,182,183,184,186,187,188,199,201,202,203,204,205,206,207,208,223,224,225,228,229,234,236,242,243,244,245,246,247,248,249,252,254,255,256,264,267,268,269,270,273,287,288,289,290,291,292,293,295,300,301,309,310,313,315,316,317,318,320
55,55,115
7,27,29,30,34,35,45,46,53,55,57,67,68,71,74,77,78,89,90,93,94,95,96,97,98,99,100,111,112,113,115,116,117,118,119,120,121,133,135,136,137,139,140,141,144,155,157,158,159,161,162,165,166,177,178,179,181,182,183,184,185,186,187,188,200,201,202,203,205,206,207,211,221,222,223,224,225,228,229,232,234,243,244,245,246,247,248,250,252,255,264,266,267,268,269,270,271,272,273,276,277,278,287,288,290,291,292,297,309,310,311,313,315,316,317
70,70,114
7,8,12,24,33,35,45,47,49,53,55,56,57,68,71,73,74,77,78,89,90,92,93,94,95,96,97,98,99,100,111,112,113,114,115,117,118,119,120,133,135,136,137,138,139,140,141,144,155,157,158,159,161,162,163,168,177,179,181,182,183,185,186,187,188,200,202,203,205,206,207,208,221,222,223,224,225,226,227,228,229,230,243,244,245,246,247,248,249,252,254,255,266,267,268,269,270,274,277,278,287,288,290,291,292,299,309,310,311,312,313,314,316,317
340,340,101
7,8,12,27,29,32,34,35,47,48,50,52,53,54,67,71,73,74,77,78,89,92,93,94,95,96,97,98,99,111,112,114,115,116,117,118,119,120,121,133,134,135,136,137,139,140,141,155,157,159,162,165,166,177,178,179,184,185,186,187,188,201,202,203,204,205,206,207,208,221,222,223,224,225,226,229,235,243,244,245,246,247,248,250,265,266,267,268,277,287,288,290,291,308,309,310,311,312,313,314,317
173,173,48
34,93,94,95,96,98,99,114,115,117,118,119,120,134,135,137,139,141,155,156,157,162,166,184,185,186,187,200,201,202,203,206,207,221,223,224,243,244,245,265,266,267,268,287,288,290,309,311
433,433,11
95,96,117,221,222,223,243,265,266,274,288
458,458,55
21,22,40,61,110,125,183,189,190,192,208,209,211,212,214,231,237,253,256,258,260,272,273,276,279,280,281,282,285,294,295,297,298,299,300,301,302,303,304,306,307,308,316,317,318,319,320,322,323,324,325,326,328,329,330
386,386,79
38,59,60,61,82,102,124,161,163,167,168,183,184,189,191,193,205,206,209,212,214,215,217,231,232,233,235,237,238,239,240,251,252,253,254,258,259,260,263,264,269,274,275,276,277,279,280,281,285,292,293,294,295,296,297,298,299,300,301,302,303,304,307,308,315,316,317,319,320,321,322,323,324,325,326,327,328,329,330
41,41,92
122,123,124,146,168,169,170,175,176,190,192,193,195,198,212,213,214,215,216,217,218,219,220,230,231,232,236,237,238,239,240,241,242,252,253,254,255,256,257,258,259,260,261,262,264,273,274,275,276,277,278,279,280,281,282,283,284,285,286,293,294,295,296,297,298,299,300,301,302,303,304,305,306,307,308,314,315,316,317,318,319,320,321,322,323,324,325,326,327,328,329,330
563,563,99
171,172,173,176,190,192,193,194,195,196,197,198,210,212,214,215,216,217,218,219,220,229,230,231,232,233,234,235,236,237,238,239,240,241,242,253,254,255,256,257,258,259,260,261,262,263,264,273,274,275,276,277,278,279,280,281,282,283,284,285,286,291,292,293,294,295,296,297,298,299,300,301,302,303,304,305,306,307,308,309,312,313,314,315,316,317,318,319,320,321,322,323,324,325,326,327,328,329,330
32,32,111
148,153,170,171,172,173,175,176,189,190,192,193,194,195,196,197,198,210,211,212,213,214,215,216,217,218,219,220,230,231,232,233,234,235,236,237,238,239,240,241,242,251,252,253,254,255,256,257,258,259,260,261,262,263,264,272,273,274,275,276,277,278,279,280,281,282,283,284,285,286,288,289,292,293,294,295,296,297,298,299,300,301,302,303,304,305,306,307,308,309,310,311,312,313,314,315,316,317,318,319,320,321,322,323,324,325,326,327,328,329,330
554,554,132
5,63,81,82,83,84,85,104,105,106,107,117,120,121,123,126,127,128,129,130,131,140,141,142,143,144,145,146,147,148,149,150,152,153,162,164,165,166,167,168,169,170,171,172,173,184,186,187,188,189,190,191,192,193,194,195,199,201,207,208,209,210,211,212,213,214,216,217,221,222,229,230,231,232,233,234,235,236,238,239,243,244,245,251,252,253,254,255,256,257,259,260,261,265,266,267,269,270,275,276,277,278,280,282,283,287,288,289,290,291,293,294,295,296,297,298,299,300,302,303,309,310,311,312,313,314,315,316,317,318,319,321
396,396,118
1,2,3,4,6,7,8,9,10,11,12,13,14,15,16,20,21,22,27,28,29,30,31,32,33,34,35,36,37,41,42,43,44,49,50,51,52,53,54,55,56,57,58,59,60,62,63,64,65,67,70,71,72,73,74,75,76,77,78,80,81,82,83,84,85,86,87,90,91,92,93,94,95,96,97,98,99,100,104,105,106,107,111,112,113,114,115,116,117,118,119,120,121,122,133,134,135,139,140,141,142,143,145,155,156,161,163,177,178,179,199,200,201,202,205,221,222,243
370,370,76
1,2,3,4,5,6,7,8,9,10,11,12,13,14,15,16,23,24,25,26,27,28,29,30,31,32,33,34,35,36,37,38,45,46,47,48,49,50,51,52,53,54,55,56,67,68,69,70,71,72,73,74,75,76,89,90,91,92,93,94,95,96,97,111,112,113,114,115,133,134,135,155,156,158,177,178
326,326,26
196,197,220,234,240,241,242,256,262,264,268,269,270,275,298,299,302,312,313,317,321,323,324,325,326,327
55,55,59
70,118,128,138,140,143,144,145,146,150,152,159,160,162,163,164,169,179,180,203,205,206,210,214,223,224,225,227,228,229,239,242,244,245,246,247,249,255,264,265,268,269,279,287,288,289,292,294,297,298,300,301,310,311,312,313,314,315,324
164,164,72
30,48,71,91,93,94,113,114,116,117,122,136,137,138,139,143,147,156,157,159,160,163,169,177,178,179,180,181,186,199,202,203,204,218,220,221,223,224,225,226,232,234,235,238,240,242,245,246,247,252,253,263,267,268,269,270,274,276,287,288,289,291,292,298,301,309,310,311,312,313,319,327
163,163,80
72,77,90,91,93,94,97,100,103,104,114,116,121,122,123,124,137,139,143,144,153,155,156,157,159,160,161,162,166,168,171,175,179,180,191,199,201,203,205,206,207,211,212,223,224,225,226,227,228,233,242,246,247,249,252,253,262,266,268,270,279,287,289,290,291,294,296,297,298,300,309,310,311,312,314,318,319,320,322,325
190,190,87
25,48,67,69,71,90,91,93,100,117,120,135,144,156,157,158,159,161,163,166,169,171,174,175,177,179,180,181,187,191,199,201,202,203,204,212,214,221,223,224,225,226,227,228,233,234,235,237,239,241,242,244,245,246,249,254,255,256,264,265,266,268,269,270,271,274,275,276,279,287,288,290,291,292,293,296,309,310,311,312,313,314,315,319,320,326,329
173,173,100
11,12,27,30,33,34,70,71,73,82,91,92,93,94,100,106,113,114,115,122,123,134,135,139,143,144,147,156,157,158,159,162,171,174,177,179,180,181,182,184,194,197,200,202,203,204,206,210,214,216,221,222,223,224,225,226,227,228,232,235,238,241,243,245,246,247,249,252,254,255,256,264,268,269,270,273,275,276,277,279,284,287,288,292,294,295,297,298,299,310,311,312,313,314,318,319,321,322,323,326
160,160,95
25,32,46,48,51,56,79,90,91,93,100,101,112,114,117,120,122,137,139,145,155,157,158,159,160,163,164,166,171,179,180,181,182,186,191,197,202,203,204,205,206,207,208,221,222,223,224,225,226,227,229,230,232,233,239,240,241,243,244,245,246,247,249,254,256,257,266,268,269,270,271,275,276,277,279,287,288,290,291,292,293,296,297,298,299,300,301,310,311,312,313,314,319,321,323
148,148,101
8,24,26,28,70,71,73,91,94,100,103,112,114,115,116,117,118,119,120,135,137,139,140,141,143,144,148,150,155,158,159,160,161,162,164,165,166,172,175,178,179,180,181,182,186,187,188,197,202,203,205,208,209,211,221,222,223,224,225,226,227,228,229,230,231,233,243,244,245,246,247,248,249,253,254,255,257,266,267,268,270,271,273,276,277,278,287,288,292,294,296,297,309,310,312,313,317,318,321,324,326
458,458,105
4,8,12,26,31,33,36,48,49,54,70,71,73,77,79,80,82,91,93,94,97,98,112,113,119,120,135,137,139,140,143,144,145,148,155,157,158,159,164,165,166,171,177,178,180,181,182,186,199,202,203,204,205,206,207,209,210,211,214,221,222,223,224,225,226,227,228,229,230,231,232,234,235,243,245,246,247,248,255,256,257,265,268,270,273,274,275,276,277,287,292,294,295,297,300,310,311,313,314,315,316,318,322,323,326
116,116,75
20,24,25,31,33,36,48,51,56,68,73,82,90,91,94,99,115,116,119,134,135,137,143,144,155,157,158,159,163,166,177,180,181,183,187,188,203,204,206,207,211,214,220,221,223,224,225,226,228,233,245,246,247,254,268,269,270,271,273,275,276,277,278,287,290,292,295,297,309,313,314,317,322,326,329
549,549,99
5,9,15,25,27,29,31,33,35,39,41,51,52,55,68,70,73,77,82,91,92,96,100,112,113,114,115,116,117,118,119,134,136,137,140,141,143,144,155,158,159,160,163,166,169,180,181,185,187,188,202,203,204,206,212,214,221,222,223,224,225,226,227,228,229,231,232,233,245,246,247,249,255,256,265,266,268,270,273,278,286,287,288,290,292,294,295,296,297,309,311,313,314,315,316,322,323,326,327
140,140,86
7,12,13,15,26,29,31,33,36,37,48,49,50,53,55,70,71,78,90,91,95,96,100,101,113,114,116,117,118,119,133,134,140,145,155,157,158,159,163,166,177,179,180,181,187,188,202,203,204,206,207,212,221,223,224,225,226,227,228,246,247,248,249,252,265,266,268,269,273,275,289,290,292,294,295,296,297,308,309,310,312,313,315,318,322,330
123,123,81
7,8,9,13,15,25,26,29,31,33,41,48,49,57,69,90,91,94,96,100,113,115,116,117,119,134,136,137,140,144,155,157,159,165,166,177,179,180,181,182,185,187,202,203,204,206,208,221,222,223,224,225,226,227,228,229,233,234,243,246,247,248,249,255,256,258,270,273,274,278,286,287,292,297,307,309,313,314,317,329,330
436,436,109
7,8,9,10,12,13,25,26,27,29,31,32,33,35,41,46,47,48,49,52,53,54,68,70,73,77,85,86,90,91,92,96,97,99,100,115,116,117,119,121,135,140,141,144,155,156,157,158,159,160,179,180,181,182,186,187,188,199,202,203,204,208,211,214,221,222,223,224,226,227,228,229,233,234,237,244,246,247,248,249,252,256,266,268,269,270,273,274,285,287,290,292,294,296,297,298,307,309,310,312,313,314,316,318,322,323,326,328,330
544,544,116
4,8,9,11,12,13,24,25,26,27,29,30,31,35,37,46,48,49,53,55,58,60,62,70,77,81,82,85,90,91,96,98,99,100,113,115,116,117,118,119,133,135,136,137,142,146,157,159,160,162,163,177,179,180,181,182,185,188,202,203,204,205,206,207,209,211,214,221,223,224,225,226,227,228,229,232,234,235,241,246,247,248,249,252,255,256,266,269,270,273,274,275,277,284,285,286,287,291,292,294,295,297,307,308,309,310,312,313,314,315,316,317,318,319,326,330
286,286,114
6,7,9,11,12,13,24,25,26,27,29,30,33,35,47,48,49,52,56,62,67,73,74,77,85,89,90,91,95,99,104,107,113,115,117,118,119,120,121,124,137,138,143,144,151,155,158,159,160,162,164,166,175,180,181,182,188,199,202,203,204,206,207,208,221,222,223,224,225,226,229,230,234,243,245,246,247,248,249,252,255,265,268,269,270,271,273,275,284,285,286,287,288,292,295,297,299,305,307,308,309,310,311,312,313,314,315,316,317,318,322,326,329,330
557,557,107
5,7,8,9,11,12,13,19,24,25,28,31,32,33,35,44,48,49,51,57,68,70,73,74,85,86,90,91,92,94,95,96,97,99,100,114,115,116,118,119,120,121,135,136,139,141,142,143,151,158,159,160,162,163,180,181,182,186,188,199,202,203,204,206,207,221,222,223,224,225,226,227,230,237,245,247,248,254,258,267,270,273,277,278,283,286,287,288,292,295,297,300,307,308,309,310,311,313,314,315,316,322,326,327,328,329,330
129,129,108
7,8,10,12,13,19,22,25,26,30,31,32,33,35,43,44,47,48,49,52,69,70,71,74,77,81,85,86,88,90,91,96,97,98,100,105,116,118,119,121,134,139,140,143,144,155,157,158,159,160,162,164,166,179,180,181,185,188,199,202,203,204,206,207,220,221,222,223,224,225,226,227,228,229,230,232,243,245,246,247,248,256,265,267,270,273,276,277,285,286,287,292,295,298,307,308,309,310,312,313,314,315,318,322,326,328,329,330
397,397,93
6,8,9,10,12,17,25,30,31,33,35,41,44,47,48,49,51,52,56,58,62,65,68,69,70,73,75,90,91,92,93,101,113,114,115,118,119,138,142,143,144,149,151,157,158,162,166,175,177,181,186,188,198,200,202,204,205,206,209,221,222,230,232,234,235,243,246,248,255,266,269,270,272,276,277,285,286,287,288,290,298,305,306,309,310,312,313,315,316,317,322,326,327
395,395,120
6,7,8,9,17,19,20,21,22,27,30,31,32,33,36,39,40,41,43,44,47,48,49,56,61,63,66,67,69,70,73,75,79,81,82,87,89,90,91,92,94,96,97,102,115,117,118,119,127,128,134,135,143,144,145,151,157,159,160,175,177,180,185,199,200,202,203,204,207,209,212,219,220,221,222,226,232,234,235,237,240,244,246,247,252,266,270,272,273,277,282,283,285,286,288,290,294,295,298,299,300,305,307,308,309,310,312,313,314,315,316,317,318,320,321,322,325,326,328,329
186,186,110
5,7,8,10,12,14,19,20,22,27,30,31,40,43,44,47,48,49,52,60,63,64,65,69,70,71,72,73,75,77,81,90,91,92,94,97,105,111,112,114,115,117,118,120,133,134,139,143,144,155,156,159,166,177,180,182,185,187,198,199,200,203,204,208,212,218,221,222,226,228,229,233,243,244,247,251,252,254,255,265,268,270,274,276,277,285,286,287,294,295,296,297,299,306,307,308,309,311,312,315,317,318,321,322,323,325,326,327,328,329
388,388,122
5,7,8,9,10,13,14,19,20,22,24,25,27,28,30,31,35,40,43,44,47,48,50,60,61,62,64,65,69,70,72,73,74,81,85,87,90,92,94,96,100,109,114,115,117,118,121,133,136,138,140,142,143,144,151,155,156,157,159,179,180,181,182,196,198,199,200,202,203,204,206,212,221,222,226,227,228,234,235,243,244,247,248,249,250,255,265,266,268,269,270,272,273,274,275,277,283,284,285,286,287,290,294,295,297,300,306,308,309,312,314,315,316,317,318,319,321,322,324,325,326,328
22,22,102
6,7,9,13,18,19,20,22,23,25,28,30,33,35,41,43,44,48,50,60,62,63,64,65,66,67,69,70,72,73,74,79,81,90,91,92,96,102,113,114,115,116,118,121,138,140,141,143,151,155,159,175,180,181,185,196,200,203,206,221,223,226,228,229,230,234,243,246,247,248,249,252,265,266,269,270,272,274,275,277,283,285,286,287,290,291,294,295,297,298,305,306,309,312,313,314,317,322,326,327,328,329
247,247,121
4,9,10,13,17,18,19,20,22,24,25,30,31,33,35,40,42,44,46,47,48,50,51,52,53,61,62,66,69,70,73,75,79,80,85,86,87,90,91,92,95,96,109,112,114,115,116,118,119,121,134,140,143,151,155,156,158,159,166,176,178,180,184,185,187,196,199,200,202,203,204,205,207,221,222,223,226,227,229,230,234,243,244,247,252,258,265,266,268,269,272,273,274,276,277,283,285,286,287,290,292,293,295,304,305,306,309,310,311,312,313,314,316,317,321,322,325,326,327,328,329
571,571,115
4,7,8,10,18,19,20,21,25,27,30,31,35,40,41,44,46,47,48,50,53,61,62,63,66,67,69,70,72,73,88,91,92,95,114,115,117,118,121,136,138,140,141,142,143,144,155,156,158,162,163,173,175,177,178,179,180,181,186,197,198,199,200,202,203,204,206,219,221,222,223,226,227,229,230,231,237,240,241,243,247,248,249,252,255,265,270,273,274,275,277,284,285,286,287,290,291,295,299,305,308,309,310,313,314,315,317,318,319,321,324,325,326,327,328
3,3,118
4,7,10,12,18,19,22,23,26,29,30,31,33,35,40,41,42,43,44,47,53,61,66,69,70,73,75,77,80,82,90,91,92,94,99,100,109,112,116,117,121,128,133,140,143,144,151,155,158,159,163,173,175,176,177,180,181,185,186,187,196,197,198,200,203,204,205,208,212,218,219,220,221,222,223,225,226,228,229,234,235,236,240,243,246,247,248,250,252,265,266,269,270,273,274,277,284,285,287,288,290,294,295,296,298,305,308,309,312,314,315,317,318,320,322,326,327,328
44,44,108
5,6,7,8,9,10,17,18,19,20,22,25,26,31,35,37,40,41,42,44,45,47,49,53,54,61,64,65,66,67,70,73,75,80,92,93,105,109,114,115,116,117,118,134,140,143,144,155,158,159,166,173,176,177,185,198,199,200,203,208,212,217,218,220,221,222,225,226,228,229,230,234,235,243,247,248,249,264,265,269,273,274,275,277,283,285,286,287,290,294,295,300,305,309,310,312,313,314,316,317,318,319,322,324,325,326,327,329
19,19,121
4,5,6,7,8,10,16,18,19,21,22,26,29,30,32,37,39,40,41,42,43,44,46,47,48,50,51,53,54,61,62,63,64,67,68,69,70,73,75,82,84,86,91,92,95,99,114,116,117,119,120,121,130,134,138,141,143,144,152,168,173,175,177,181,185,187,189,198,199,200,203,204,205,207,208,209,218,219,220,221,222,223,229,230,233,234,237,239,242,243,246,248,252,255,265,266,269,272,273,274,283,284,285,286,287,288,290,291,294,295,305,307,308,309,311,312,313,315,318,321,326
357,357,119
6,8,10,17,18,20,22,26,29,30,31,32,35,39,40,41,42,43,44,45,47,48,50,60,61,62,63,69,70,72,75,79,82,84,86,87,89,90,91,92,95,99,100,107,108,114,115,116,121,130,133,134,140,143,173,175,177,178,180,183,189,197,198,199,200,201,204,206,207,208,211,218,220,221,222,226,228,229,233,234,236,237,238,242,243,248,250,252,254,265,266,269,270,274,276,284,285,286,287,288,289,290,295,296,298,305,306,308,309,311,312,313,316,317,321,322,325,326,327
320,320,125
6,7,8,9,10,17,18,19,24,28,30,32,33,35,39,40,41,42,43,44,45,48,56,58,60,61,63,64,65,66,67,68,69,70,72,73,75,82,83,85,86,90,92,94,95,96,99,100,107,112,113,114,116,118,119,121,127,134,140,141,143,155,163,173,175,177,178,182,187,188,189,196,198,199,200,201,205,207,210,211,220,221,222,223,225,228,229,230,232,233,234,236,241,243,248,252,265,272,274,276,283,284,285,287,288,290,291,294,295,296,298,299,304,306,308,309,312,316,318,321,322,324,326,328,329
224,224,119
5,7,10,16,17,18,19,20,21,26,28,30,31,33,35,36,37,38,39,40,42,43,44,45,46,47,48,49,50,51,56,57,60,63,64,65,66,67,68,69,70,73,74,82,84,85,86,87,90,91,92,95,96,99,112,114,115,119,128,130,134,140,141,143,155,159,174,175,177,181,184,185,188,195,197,198,199,200,201,204,206,207,208,217,218,219,226,228,229,230,231,233,234,235,236,237,238,239,241,248,249,252,253,255,274,277,284,285,286,295,298,306,307,320,321,322,325,326,327
148,148,41
199,200,221,222,223,224,225,243,244,245,246,247,248,265,266,267,268,269,270,271,287,288,289,290,291,292,293,294,295,309,310,311,312,313,314,315,316,317,318,319,321
242,242,123
2,23,40,45,46,47,48,49,70,71,73,94,95,96,112,118,119,121,135,177,179,180,184,193,199,200,201,202,203,205,207,208,216,217,218,219,221,222,223,224,225,226,227,229,230,236,237,238,239,240,241,242,243,244,245,246,247,248,250,251,252,256,257,258,259,260,261,262,263,264,265,266,267,268,269,270,271,272,273,275,276,277,278,279,280,281,282,283,284,285,286,287,288,289,290,291,292,293,297,299,300,301,302,303,304,305,306,307,308,309,310,311,312,313,314,322,323,324,325,327,328,329,330
547,547,141
1,3,15,20,21,22,26,27,28,29,35,36,37,38,43,44,46,48,49,50,51,53,54,55,57,59,61,65,66,71,72,73,74,75,76,77,78,80,84,86,87,88,94,96,97,98,107,108,109,110,118,119,120,121,127,128,129,130,131,132,139,140,141,142,143,150,151,152,153,154,163,164,166,167,171,172,173,174,175,176,184,186,192,193,194,195,196,197,198,206,207,208,211,212,213,214,215,216,217,218,219,220,234,235,236,237,238,239,240,241,242,252,257,258,259,260,261,262,263,264,279,280,281,282,283,284,285,286,302,303,304,305,306,307,308,310,324,327,328,329,330
486,486,121
1,2,3,4,5,6,7,8,9,10,12,13,14,15,16,17,18,19,20,21,22,26,27,28,29,30,31,32,33,34,35,36,37,38,39,40,41,42,43,44,50,51,52,53,54,55,56,57,58,59,60,61,62,63,64,65,66,72,73,74,75,76,77,78,79,80,81,82,83,84,85,86,87,88,95,96,97,98,99,100,101,102,103,104,105,106,107,108,109,110,118,121,122,123,126,127,128,129,130,131,132,145,150,151,152,153,154,171,172,173,174,175,176,197,198,218,219,220,241,242,264
116,116,110
2,3,4,5,6,7,8,9,10,11,12,13,14,15,16,17,18,19,20,21,22,24,25,26,27,28,29,30,31,32,33,34,35,36,37,38,39,40,41,42,43,44,50,51,52,53,54,55,56,57,58,59,60,61,62,63,64,65,66,73,74,75,76,77,78,79,80,81,82,83,84,85,86,87,88,96,98,99,100,101,102,103,104,105,106,107,108,109,110,117,118,119,127,128,129,130,131,132,150,151,152,153,154,175,176,197,198,220,241,242
30,30,96
1,7,8,9,10,11,12,13,14,15,16,17,19,20,21,22,23,24,25,26,27,30,31,32,33,34,35,41,42,43,44,50,51,52,53,54,56,65,66,69,73,74,75,76,87,88,96,97,98,99,104,105,106,108,109,110,126,127,129,130,131,132,133,143,146,147,148,149,151,152,153,164,165,166,167,168,169,170,171,174,175,187,188,190,191,192,193,194,196,211,214,215,216,231,232,254
371,371,89
2,3,4,5,7,8,9,10,11,12,13,14,15,16,17,18,19,20,21,22,29,30,31,32,33,34,35,36,37,38,39,40,41,42,43,44,45,50,51,52,53,54,55,56,57,58,59,61,62,63,65,72,73,74,75,76,77,78,79,80,81,82,83,84,85,86,88,94,97,99,100,101,103,104,105,106,118,119,120,122,123,124,131,140,144,154,176,220,242
134,134,81
1,2,7,12,14,15,16,17,18,19,20,21,22,28,29,30,31,32,36,37,38,39,40,41,42,43,50,52,53,54,56,57,58,59,60,61,62,63,65,73,74,75,76,77,78,79,80,81,82,84,87,93,95,97,98,99,100,101,102,106,117,118,121,122,123,139,140,142,143,144,164,176,186,188,193,198,208,209,213,220,322
246,246,71
2,14,17,18,19,20,21,28,29,35,36,37,39,40,41,43,51,52,55,56,57,58,59,60,61,62,74,75,76,77,78,79,80,81,82,83,85,88,94,98,101,102,104,118,119,120,121,127,139,140,144,150,169,171,172,176,182,188,198,214,217,219,220,241,242,260,261,283,304,305,324
275,275,55
6,7,18,19,20,21,22,28,29,30,34,35,37,39,40,41,44,56,57,58,59,61,62,63,75,78,79,80,81,82,83,84,100,101,102,104,105,106,107,119,120,127,144,149,154,169,172,183,188,194,198,210,213,220,242
217,217,34
7,18,19,20,21,22,37,40,41,42,43,44,57,58,60,61,62,63,78,79,80,81,82,83,100,101,105,154,172,176,194,198,213,220
17,17,1
40
60,60,24
111,112,157,158,177,180,201,202,221,223,224,243,245,246,265,266,287,288,289,290,310,311,312,313
474,474,51
25,46,49,68,70,71,89,111,112,113,116,118,133,134,135,142,155,157,158,177,178,179,180,199,201,202,221,222,223,234,243,244,245,246,247,250,265,266,267,268,269,272,287,288,289,290,309,310,311,312,313
350,350,45
13,50,71,89,92,97,111,115,133,136,157,158,179,180,184,185,199,201,202,221,222,223,240,241,243,244,245,246,263,265,266,267,268,283,287,288,289,290,291,309,310,311,312,313,314
411,411,74
9,18,26,28,45,46,49,70,73,89,90,91,92,95,96,97,111,112,113,118,133,134,135,136,137,140,141,155,156,157,158,161,178,179,180,181,183,184,199,200,201,202,203,206,221,222,223,224,225,243,244,245,246,247,248,250,265,266,267,268,269,272,284,287,288,289,290,291,309,310,311,312,313,314
206,206,79
3,6,26,45,46,67,69,70,71,72,73,74,75,89,90,91,92,94,95,96,111,112,113,119,133,134,135,136,137,138,139,140,141,155,156,157,158,179,180,183,184,200,201,202,206,221,222,223,224,228,234,243,244,245,246,247,250,262,263,265,266,267,268,269,270,272,277,288,289,290,291,309,310,311,312,313,314,315,316
159,159,99
8,24,25,26,46,49,50,68,69,70,71,72,73,74,75,89,90,91,92,93,94,95,96,111,112,113,114,115,118,124,133,134,135,137,138,139,140,141,155,156,157,158,159,161,163,164,178,179,180,181,183,184,200,201,202,203,205,206,207,221,222,223,224,225,226,228,235,236,240,243,244,245,246,247,248,249,250,265,267,268,269,272,277,285,287,288,289,290,291,292,294,307,309,310,311,312,313,314,315
275,275,84
4,5,6,25,27,28,46,49,50,51,52,68,69,70,71,72,89,91,93,94,95,96,97,111,112,113,114,118,130,133,134,135,136,139,141,146,155,156,157,158,161,162,163,178,179,180,183,184,200,201,202,205,206,221,222,223,224,227,240,241,243,246,247,248,249,250,251,265,266,267,268,269,270,287,288,289,290,291,309,310,311,312,313,317
490,490,88
3,5,6,26,29,46,47,50,51,52,53,67,68,69,70,71,72,73,74,75,79,89,90,91,92,94,95,96,97,111,112,113,114,115,118,129,133,134,135,136,139,140,141,155,156,157,158,177,178,179,180,184,190,200,202,206,221,222,223,224,225,227,228,240,243,245,246,247,250,264,265,266,268,269,285,286,287,288,289,290,292,299,309,310,311,312,313,314
181,181,102
3,26,27,28,30,42,46,47,48,49,50,52,58,67,68,69,70,71,72,74,75,89,90,91,92,93,95,96,111,112,113,114,115,117,118,119,129,130,133,134,135,136,138,139,140,141,152,155,156,157,158,160,162,174,178,179,180,184,199,200,201,202,203,205,219,221,222,223,227,228,234,243,245,246,247,248,250,265,266,267,268,269,272,277,283,285,286,287,288,289,290,291,299,309,310,311,312,313,314,315,316,321
164,164,107
1,2,4,6,23,25,26,27,28,29,30,42,46,47,48,49,50,51,52,67,68,69,70,71,72,73,74,75,79,89,90,91,92,93,95,96,111,112,113,115,117,130,133,134,135,137,139,141,142,152,155,156,157,158,161,163,164,174,179,180,181,183,184,190,201,202,203,206,222,223,224,226,228,234,243,245,246,247,248,249,250,255,263,265,266,267,268,269,270,272,273,283,284,286,287,288,289,290,292,309,310,311,312,313,314,315,320
108,108,102
7,8,23,24,26,27,28,29,30,35,45,46,48,50,51,52,57,67,68,69,70,71,72,73,74,79,89,90,92,93,94,111,112,113,114,116,117,118,130,133,134,135,136,137,140,141,152,155,156,157,158,161,162,174,176,177,178,179,180,183,186,199,201,202,203,205,206,219,221,223,224,225,227,228,243,245,246,247,248,249,250,265,266,267,269,283,285,286,287,288,289,290,291,292,309,310,311,312,313,314,321,328
183,183,91
1,6,23,26,27,30,47,48,49,50,52,53,66,68,69,70,71,72,73,74,85,89,90,91,95,96,107,111,112,113,114,115,116,129,130,133,134,135,140,142,150,155,156,157,158,159,162,165,173,177,178,179,180,181,182,184,200,201,202,223,224,228,233,243,244,245,246,247,248,249,255,265,266,268,269,277,284,285,287,288,289,290,291,292,304,309,310,311,312,313,314
396,396,86
6,7,25,29,35,45,49,50,51,52,53,68,69,70,71,72,73,89,90,91,94,95,96,111,112,113,114,115,116,117,118,129,130,133,134,135,140,152,155,156,157,158,161,177,178,179,180,181,184,199,200,202,203,205,221,222,223,225,226,243,244,245,246,247,251,265,266,267,268,269,272,283,285,287,288,289,290,291,292,309,310,311,312,313,314,320
39,39,58
27,29,30,47,51,52,53,68,69,71,72,73,74,89,90,91,95,96,107,111,112,113,114,129,133,134,135,140,151,155,156,157,158,173,178,179,180,181,197,201,203,206,221,225,243,244,245,246,247,248,268,287,288,290,309,310,312,313
357,357,106
1,7,8,23,25,27,28,29,35,45,47,48,49,50,51,52,53,67,68,69,70,72,73,74,78,86,89,90,91,93,95,96,107,108,111,112,113,114,115,118,129,130,133,134,135,136,139,140,147,150,151,155,156,157,158,161,173,177,178,179,180,181,182,183,187,199,200,201,202,203,205,221,223,224,226,241,243,245,246,247,248,262,263,265,266,267,268,269,283,284,285,287,288,289,290,291,293,298,304,309,310,311,312,313,314,325
268,268,98
1,23,25,26,27,29,30,34,45,46,48,50,51,52,53,56,57,67,68,69,70,72,73,74,78,89,90,91,92,94,95,96,106,107,111,112,113,114,116,118,129,130,133,134,135,136,138,149,151,155,156,157,158,161,173,177,178,179,180,181,184,189,200,201,202,203,218,222,223,225,241,243,244,245,246,247,248,261,262,263,267,268,269,270,277,283,287,288,289,290,291,309,310,311,312,313,314,325
86,86,113
7,8,23,24,25,26,27,29,30,33,45,46,48,49,50,51,52,53,56,57,64,65,67,68,69,70,71,72,73,74,78,85,89,90,91,92,94,95,96,107,108,111,112,113,114,115,116,117,118,120,125,128,130,133,134,135,136,139,140,150,151,155,156,157,158,168,173,177,178,179,180,181,182,184,199,200,202,203,219,222,223,224,225,244,245,246,247,261,262,263,264,266,267,268,269,270,283,285,287,288,289,290,291,292,303,304,309,310,311,312,313,324,327
360,360,110
1,23,25,27,28,29,30,45,46,47,48,49,50,51,52,53,56,64,67,68,69,70,71,72,73,74,89,90,91,92,93,94,95,96,99,107,108,111,112,113,114,115,117,118,120,129,133,134,135,136,138,146,147,150,151,155,156,157,158,164,173,177,178,179,180,181,183,184,199,200,201,202,203,206,219,221,222,223,224,225,226,239,240,245,246,247,261,262,264,265,267,268,269,270,283,285,287,288,289,290,291,292,309,310,311,312,313,314,325,327
224,224,96
1,23,24,26,27,29,30,31,45,46,47,48,50,51,52,53,56,67,68,69,70,72,73,74,89,90,91,92,94,95,96,107,108,111,112,113,114,115,117,118,122,129,133,134,135,136,137,138,146,151,155,156,157,158,173,177,178,179,180,181,183,200,201,202,203,221,222,223,224,225,226,239,243,245,246,247,262,263,265,267,268,269,283,285,287,288,289,290,291,292,309,310,311,312,313,314
100,100,68
23,45,47,51,52,67,68,69,72,73,74,89,90,91,95,96,107,108,111,112,113,128,133,134,135,150,151,155,156,157,158,168,173,177,178,179,180,189,199,200,201,202,221,222,223,224,225,226,231,243,245,246,247,265,266,268,269,283,287,288,289,290,291,309,310,311,312,313
58,58,8
130,131,153,154,212,298,319,320
413,413,52
109,110,130,131,132,152,153,154,163,164,185,186,187,198,207,208,209,212,220,230,231,232,234,253,254,255,258,263,273,274,275,276,277,278,284,285,286,296,297,298,299,300,306,307,317,318,319,321,323,328,329,330
383,383,78
97,109,110,129,130,131,132,141,142,163,164,172,185,186,187,190,194,195,207,208,209,212,215,216,218,219,220,229,230,231,232,233,234,239,252,253,254,255,261,262,264,273,274,275,276,277,278,279,282,283,284,286,295,296,297,298,299,300,301,304,305,306,307,308,316,317,318,320,321,322,323,324,325,326,327,328,329,330
453,453,95
107,108,109,110,130,151,152,153,154,163,172,173,175,185,186,187,191,192,193,194,196,197,207,214,215,216,217,218,219,220,230,231,232,235,237,238,239,240,241,242,251,252,253,254,256,257,258,259,260,261,262,263,264,274,275,276,277,279,280,281,282,283,284,285,286,294,295,296,297,298,299,300,301,302,303,304,305,306,307,308,316,317,318,319,320,321,322,323,324,325,326,327,328,329,330
286,286,104
67,130,131,152,170,172,173,174,175,192,193,194,195,196,197,198,208,211,212,213,214,215,216,217,218,219,220,229,230,231,232,233,234,235,236,237,238,239,240,241,242,251,253,254,255,256,257,258,259,260,261,262,263,264,273,274,275,276,277,278,279,280,281,282,283,284,285,286,291,292,293,294,295,296,297,298,299,300,301,302,303,304,305,306,307,308,313,314,315,316,317,318,319,320,321,322,323,324,325,326,327,328,329,330
471,471,115
131,132,153,154,170,171,172,173,174,175,176,188,190,191,192,193,194,195,196,197,198,210,211,212,213,214,215,216,217,218,219,220,230,231,232,233,234,235,236,237,238,239,240,241,242,249,250,251,252,253,254,255,256,257,258,259,260,261,262,263,264,272,273,274,275,276,277,278,279,280,281,282,283,284,285,286,291,293,294,295,296,297,298,299,300,301,302,303,304,305,306,307,308,309,310,311,312,313,314,315,316,317,318,319,320,321,322,323,324,325,326,327,328,329,330
252,252,131
21,22,40,41,42,43,44,60,61,62,63,65,66,81,82,83,84,85,86,87,101,102,103,104,105,106,107,109,123,124,125,126,127,128,129,130,131,143,145,146,147,148,149,150,151,152,166,167,168,169,170,171,172,173,174,178,179,186,188,189,190,191,192,193,194,195,196,200,201,202,203,204,209,210,212,213,214,215,216,217,222,223,224,225,226,227,233,236,237,238,239,240,243,244,245,246,247,248,249,250,251,255,258,259,260,265,266,267,268,269,270,271,273,276,280,281,287,288,289,290,291,292,294,295,309,310,311,312,313,314,315
372,372,116
1,3,4,5,6,7,8,9,12,13,14,15,17,18,19,20,21,22,23,24,25,26,27,28,29,32,33,34,35,36,37,38,39,40,41,42,43,44,46,47,48,49,50,51,52,53,54,55,56,57,58,59,60,61,62,63,67,68,69,70,72,73,74,75,76,77,78,79,80,81,82,83,89,96,97,98,99,100,101,102,103,111,112,113,120,121,122,133,134,135,136,137,142,144,155,156,157,158,159,177,178,179,180,200,201,202,222,223,224,244,245,246,265,266,267,280
237,237,74
1,2,3,4,5,6,7,8,9,10,11,12,13,14,15,16,17,23,24,25,26,27,28,29,30,31,32,33,34,35,36,38,45,46,47,48,49,50,51,52,53,54,55,56,67,68,69,70,71,72,73,74,75,76,89,90,91,92,93,94,95,96,111,112,113,114,115,133,134,135,155,156,177,178
217,217,19
32,195,217,218,240,256,262,278,282,283,285,303,304,306,320,324,325,326,327
52,52,60
83,85,120,122,124,128,145,154,176,182,186,189,195,211,217,218,219,220,225,226,230,234,235,237,238,239,240,247,248,256,257,259,260,261,262,266,269,277,280,281,282,283,284,289,290,291,300,303,304,305,306,309,310,312,314,320,321,324,326,328
190,190,70
14,26,62,81,83,89,93,112,113,114,135,137,138,156,157,180,190,194,196,211,213,216,217,218,219,223,233,234,235,236,237,238,239,240,241,245,246,247,248,254,255,256,260,261,262,268,269,282,283,284,285,289,290,295,297,299,301,302,304,305,306,307,309,313,321,322,324,325,326,327
298,298,61
82,83,91,106,112,113,115,116,119,125,133,135,136,138,145,172,173,175,176,180,192,199,211,212,217,226,230,234,237,238,239,240,256,260,261,262,263,266,270,277,281,282,284,287,288,289,290,292,300,306,309,310,311,313,314,317,320,322,324,325,327
18,18,78
61,62,67,93,103,111,113,115,116,122,127,133,135,136,138,150,155,156,171,173,175,176,181,182,183,194,195,196,211,213,217,218,219,224,225,226,230,234,236,238,239,240,246,247,248,249,254,255,261,262,269,273,274,277,282,283,287,288,289,292,293,295,296,302,303,304,305,306,310,311,313,314,316,320,324,325,327,328
189,189,94
8,24,30,36,50,62,73,82,83,84,91,93,95,103,105,112,113,115,116,120,122,128,131,133,135,136,138,145,146,156,160,163,167,171,176,178,180,181,183,188,190,193,194,196,197,198,199,211,215,216,217,219,223,224,225,226,227,230,232,233,234,237,238,239,240,244,248,260,261,262,265,266,269,282,283,287,288,289,297,302,305,309,310,312,313,314,315,316,320,322,324,325,326,329
275,275,91
3,19,28,45,61,62,67,68,74,82,83,85,90,92,94,96,100,103,106,109,112,113,114,115,116,127,133,134,135,136,138,139,155,156,159,160,161,173,178,179,180,181,182,183,189,190,195,196,203,205,211,213,216,217,218,219,221,224,225,226,232,233,237,238,239,240,243,244,247,248,265,269,270,279,282,287,288,290,297,298,305,306,310,312,313,320,323,324,326,327,328
551,551,102
11,24,25,29,31,45,47,59,61,62,63,67,71,74,81,82,83,84,89,90,91,93,94,100,103,106,111,113,114,115,116,122,123,125,127,134,135,136,138,145,152,155,157,159,161,171,173,174,180,181,188,190,191,194,195,196,197,201,203,210,211,213,216,217,221,222,224,225,226,230,232,233,237,238,239,243,247,254,255,257,260,261,262,265,266,273,282,283,286,288,289,291,292,305,309,310,312,318,319,322,324,327
100,100,76
1,6,30,45,48,61,62,68,69,81,90,92,94,100,103,105,111,114,116,127,133,134,135,136,139,146,156,165,172,173,174,175,180,181,195,196,201,203,211,215,216,217,221,222,224,225,233,237,238,239,240,247,248,255,256,261,265,266,269,270,282,283,287,289,292,298,304,306,310,313,317,320,325,326,327,328
561,561,108
1,4,14,19,28,30,33,35,36,43,52,61,62,63,67,68,73,80,82,83,84,85,86,89,90,91,100,111,112,113,115,116,122,131,133,134,135,138,139,145,150,155,156,157,166,169,174,177,181,185,186,189,190,195,199,200,201,202,203,207,214,215,216,219,221,223,224,225,226,233,234,235,236,237,238,239,240,243,247,248,255,259,260,265,266,269,274,275,282,283,288,290,292,296,298,304,305,309,310,313,314,315,317,318,320,325,326,328
99,99,77
6,7,13,30,34,61,62,64,68,81,82,83,90,100,104,105,111,112,113,119,122,128,132,135,144,145,153,162,168,169,174,175,177,181,184,186,190,191,194,195,201,202,203,213,214,217,222,224,225,226,232,233,234,239,240,241,243,247,248,255,260,264,265,266,269,277,281,283,296,304,305,310,311,312,313,314,319
443,443,117
2,7,10,11,14,19,23,28,36,38,52,61,62,63,67,68,71,78,81,82,83,84,85,89,90,91,96,97,102,105,106,107,111,112,113,117,122,123,127,128,134,135,146,149,150,151,152,153,155,156,158,159,160,162,167,168,169,170,171,173,175,177,190,191,194,199,200,201,202,203,208,211,213,214,216,217,220,221,223,224,225,226,230,231,232,233,234,237,239,240,243,244,246,247,248,255,260,261,266,267,269,270,277,281,283,288,290,292,296,305,310,311,314,317,320,322,326
567,567,114
7,14,17,18,30,31,32,33,35,38,40,48,50,51,54,61,62,64,67,68,70,72,73,81,82,83,85,89,90,91,96,105,107,111,112,113,116,117,119,122,123,125,129,133,134,135,142,144,151,152,153,155,156,158,162,168,169,175,177,178,180,181,184,185,190,191,194,199,200,201,202,203,207,212,214,215,220,221,223,224,225,226,231,232,233,234,235,237,244,246,247,254,255,259,266,268,269,274,276,281,288,290,291,296,297,303,305,309,313,314,318,319,320,325
154,154,103
4,8,10,14,17,19,26,28,30,41,42,44,54,61,62,63,67,68,78,82,83,84,89,90,91,103,104,105,107,112,113,116,117,118,120,122,123,128,132,133,134,142,144,145,146,147,150,151,153,154,155,156,157,162,164,167,168,172,174,175,184,185,189,190,191,194,200,201,203,210,212,213,215,222,224,225,226,233,235,237,246,247,248,255,265,266,268,275,276,280,281,283,288,290,304,305,309,310,312,313,314,319,322
213,213,107
7,10,14,17,19,31,36,38,40,41,45,51,61,62,63,64,65,67,68,69,74,82,85,86,90,91,100,103,104,106,107,111,112,116,117,119,122,123,125,133,134,135,145,148,151,152,155,156,158,159,160,163,164,166,168,169,172,178,180,185,189,190,191,194,195,199,201,202,203,204,211,213,214,215,221,224,225,226,231,233,234,235,237,240,243,244,246,247,248,255,260,261,266,269,270,274,276,277,281,283,288,305,309,310,311,317,319
145,145,109
1,7,8,14,19,20,23,29,30,35,37,38,39,40,42,43,45,58,60,62,63,65,67,68,72,73,77,82,84,85,89,90,91,96,103,104,111,112,113,116,117,119,123,128,129,133,134,135,145,146,148,150,151,155,156,157,162,168,169,177,180,188,189,190,191,199,200,201,202,203,210,211,212,213,215,216,221,222,224,225,226,230,231,232,233,235,237,239,246,247,248,255,259,261,266,267,270,274,277,287,290,297,298,309,310,311,315,317,322
254,254,114
1,2,7,8,9,19,23,31,32,35,40,41,42,46,51,57,61,63,65,66,67,68,69,70,71,73,74,77,80,85,89,90,91,99,103,104,107,112,113,115,116,117,119,120,122,123,127,128,129,133,134,135,140,144,145,147,151,155,156,157,162,164,166,167,168,172,179,180,188,190,194,198,200,201,202,203,212,213,221,222,223,224,225,226,231,233,234,235,237,239,244,247,248,261,266,267,268,270,274,283,287,288,289,290,296,301,303,309,310,311,313,320,326,327
430,430,122
1,4,5,6,7,12,14,19,20,21,29,31,32,35,36,38,40,41,42,61,62,63,64,67,68,69,71,74,77,79,80,81,85,86,90,91,95,97,99,103,104,106,111,112,113,117,122,123,125,128,129,133,134,138,139,144,145,146,148,155,156,157,162,166,167,168,169,174,177,178,179,180,185,186,188,190,192,193,194,199,200,201,202,203,210,211,212,213,221,222,224,225,226,230,233,235,243,244,246,247,248,255,268,269,270,287,288,289,290,292,296,305,307,309,310,311,315,317,318,319,322,327
279,279,108
1,4,6,7,10,14,23,29,30,31,35,36,42,51,53,54,64,67,68,72,74,77,78,79,89,90,91,100,101,107,111,112,113,115,117,122,123,124,126,128,129,133,134,135,140,143,144,145,146,148,149,150,152,153,154,155,156,157,168,169,170,172,174,177,178,185,190,194,199,200,203,212,213,215,216,221,222,223,224,225,226,230,233,234,235,243,244,246,247,254,255,266,267,269,274,275,287,288,289,296,299,302,309,310,311,312,317,318
255,255,109
1,2,7,8,9,14,23,28,30,33,42,45,50,51,53,63,67,68,76,77,78,79,89,90,91,94,96,97,99,101,111,112,113,123,124,125,131,133,134,141,145,146,150,151,152,154,155,156,157,166,167,169,170,172,173,177,178,188,189,190,199,200,201,203,211,212,213,215,217,221,222,223,224,225,226,230,233,234,235,244,245,247,248,252,253,254,255,266,268,269,274,277,283,284,287,288,289,295,297,309,310,311,312,313,314,315,317,319,327
176,176,119
1,3,4,6,10,14,16,23,30,51,54,57,58,62,67,68,71,78,79,82,89,90,91,95,100,101,102,105,111,112,113,118,120,122,124,125,129,130,133,134,144,146,147,148,150,152,153,155,156,157,158,162,166,167,168,169,173,177,178,188,189,190,191,192,195,199,200,203,207,211,212,213,214,215,216,217,218,221,222,224,225,226,230,233,234,235,238,243,244,245,246,247,248,255,256,267,268,274,278,283,284,287,288,289,291,293,296,297,299,309,310,311,312,313,314,315,317,319,327
169,169,105
1,7,8,9,10,11,14,29,30,32,33,45,50,51,54,58,64,67,68,77,79,82,85,89,90,91,94,99,101,103,107,111,112,113,118,120,123,132,134,135,144,146,148,150,152,153,154,155,156,157,167,168,169,170,173,177,179,184,189,190,191,195,199,201,202,203,212,213,216,221,222,224,225,226,233,234,235,244,247,248,252,255,260,266,268,269,274,287,288,289,290,292,296,304,305,309,310,311,312,313,317,318,319,321,326
521,521,118
2,3,4,5,7,8,11,12,16,20,24,28,29,30,33,37,39,42,45,50,55,62,64,65,66,68,72,74,77,78,87,89,90,94,95,98,99,103,107,111,112,113,117,120,122,124,125,133,134,135,145,146,147,149,150,151,152,154,155,164,167,168,169,170,172,173,175,177,179,190,191,194,199,200,201,202,203,204,211,212,214,221,222,224,225,226,231,233,234,235,243,245,246,247,248,254,255,260,266,268,270,274,283,287,288,296,299,305,309,310,311,312,313,314,315,317,318,327
563,563,109
9,10,11,12,18,29,30,51,60,61,64,67,68,72,79,82,88,89,90,91,98,104,105,107,111,112,113,117,118,122,123,124,125,129,131,133,134,143,144,145,146,147,148,150,151,152,153,155,156,167,168,169,170,172,174,177,178,189,190,191,192,199,200,201,202,208,209,211,212,213,221,222,224,225,226,232,233,234,235,238,243,244,247,248,255,260,265,266,268,269,270,274,287,288,289,290,291,296,298,299,309,310,311,312,313,314,315,317,319
497,497,90
3,8,12,19,21,24,30,33,50,57,67,68,72,73,74,88,89,90,91,103,111,112,118,122,123,124,128,133,134,135,146,150,151,152,153,154,155,166,168,169,170,173,176,177,178,179,190,191,192,193,194,195,199,201,208,211,212,213,216,217,221,222,223,224,225,226,235,243,244,247,248,255,260,268,269,270,274,282,287,288,290,296,302,305,309,310,311,312,314,315
347,347,91
3,19,31,33,37,40,50,58,64,67,71,73,74,85,86,89,90,98,111,112,119,122,123,124,125,133,134,135,145,146,147,148,151,155,156,168,169,170,177,178,179,188,189,190,191,192,194,199,200,201,202,203,208,211,212,214,221,223,224,225,226,233,234,243,244,245,246,247,248,255,256,265,266,268,269,270,283,287,288,289,291,297,299,305,309,310,311,312,313,319,327
488,488,113
3,4,7,15,18,19,24,30,40,44,50,51,64,67,72,74,84,89,90,91,94,98,102,103,105,111,112,113,119,124,125,129,133,134,135,140,143,144,145,146,147,148,150,151,155,157,158,162,167,168,169,170,172,177,178,179,180,188,189,190,192,193,199,200,201,203,209,210,211,212,213,215,221,222,223,224,225,226,230,234,235,238,243,244,245,246,247,248,255,256,265,266,267,268,269,270,274,277,282,283,287,288,289,296,297,309,310,311,312,313,314,315,317
562,562,114
1,3,4,6,7,8,10,14,23,25,30,35,50,51,54,67,68,72,89,90,91,94,96,99,102,106,111,112,117,119,122,123,124,125,129,130,133,134,135,140,144,146,147,148,149,150,151,155,156,159,162,167,168,169,170,171,172,177,178,179,185,188,189,190,191,199,200,201,210,212,213,215,221,222,223,224,225,226,232,234,243,244,245,246,247,248,256,260,266,267,268,269,270,282,287,288,289,290,291,292,298,299,302,305,309,310,311,312,313,314,315,317,318,319
231,231,120
3,4,14,29,30,31,32,34,35,36,50,51,54,56,62,64,67,68,71,72,73,89,90,94,101,104,105,107,111,112,113,117,118,119,123,124,125,128,129,133,134,135,145,146,147,148,150,151,155,156,157,162,167,168,169,170,171,172,173,177,178,179,185,189,191,193,197,199,200,201,209,210,211,217,221,222,223,224,225,226,231,232,233,234,236,237,243,244,246,247,248,253,256,259,260,265,266,267,268,269,277,278,283,287,288,289,290,291,299,305,309,310,311,312,313,314,317,318,319,327
489,489,115
3,4,7,13,22,32,35,45,47,50,51,54,55,56,64,67,72,74,78,80,82,89,90,91,94,102,103,105,111,112,113,119,123,124,125,128,129,130,131,133,134,135,136,140,146,147,151,153,155,156,157,159,162,167,169,170,171,173,177,178,179,185,189,190,192,194,199,200,201,207,212,214,221,222,223,224,225,226,233,234,235,237,243,244,245,246,247,248,253,256,257,259,265,266,267,268,269,274,277,283,287,288,289,290,291,296,298,300,309,310,311,312,313,314,317
553,553,95
3,6,7,13,14,27,31,32,35,36,40,46,50,51,54,58,67,68,80,82,86,89,90,91,94,100,101,105,107,111,112,113,118,119,122,123,124,125,127,128,129,130,133,134,135,140,146,147,150,151,155,156,157,162,167,168,169,172,177,178,179,185,189,190,191,192,199,200,201,202,207,208,212,213,214,222,223,224,225,230,234,235,247,253,255,256,263,274,277,278,282,298,299,319,328
275,275,42
134,199,200,201,221,222,223,224,225,226,243,244,245,246,247,248,249,265,266,267,268,269,270,271,272,287,288,289,290,291,292,293,294,309,310,311,312,313,314,315,316,317
259,259,123
23,24,27,46,47,48,49,71,72,90,94,95,96,111,112,113,115,116,117,133,134,135,136,137,138,144,145,146,155,156,157,158,159,160,161,167,168,169,177,178,179,180,181,182,183,192,194,199,200,201,202,203,204,205,216,217,218,221,222,223,224,225,226,227,238,239,240,241,243,244,245,246,247,248,249,250,257,258,260,261,262,263,264,265,266,267,268,269,270,271,272,279,280,281,284,285,287,288,289,290,291,292,293,301,302,303,304,305,306,307,309,310,311,312,313,314,321,322,323,324,325,327,329
236,236,138
1,2,3,4,5,6,12,13,14,15,18,19,21,23,24,25,26,27,28,32,33,34,35,36,37,38,39,40,47,48,49,50,55,56,58,59,60,62,67,68,69,70,71,72,73,78,79,81,85,91,92,93,94,95,100,101,103,104,109,111,112,114,115,116,117,124,125,126,134,135,136,137,138,140,146,147,148,149,150,154,156,157,158,159,160,168,169,170,171,180,181,182,183,189,190,191,192,193,204,205,211,212,213,214,215,216,233,235,236,237,239,241,257,258,259,261,262,263,264,279,280,281,283,284,285,286,301,302,303,305,306,307,309,325,326,327,328,329
127,127,121
1,2,3,4,5,6,7,8,9,10,11,12,13,14,15,16,17,18,19,20,21,22,26,27,28,29,30,31,32,33,34,35,36,37,38,39,40,41,42,43,44,48,49,50,51,52,53,54,55,56,57,58,59,60,61,62,63,64,65,66,71,72,74,77,78,79,80,81,82,83,84,85,86,87,88,95,99,100,101,102,103,104,105,106,107,108,109,122,123,124,125,126,127,128,129,130,132,144,145,146,147,148,149,150,151,152,169,170,171,172,173,174,175,176,192,193,194,195,216,240,264
278,278,112
2,3,4,5,6,7,8,9,10,11,12,13,14,15,16,17,18,19,20,21,22,25,26,27,28,29,30,31,32,33,34,35,36,37,38,39,40,41,42,43,44,49,51,52,53,54,55,56,57,58,59,60,61,62,63,64,65,66,70,73,74,77,78,79,80,81,82,83,84,85,86,87,88,100,101,102,103,104,105,106,107,108,109,110,123,124,125,126,127,128,129,130,131,132,138,147,148,149,150,151,152,154,169,170,171,172,193,194,195,239,263,288
262,262,92
1,2,4,5,6,11,12,13,14,15,18,19,20,21,22,23,24,25,26,27,28,33,34,35,36,37,40,41,42,43,44,48,49,50,58,59,62,63,65,66,72,73,77,80,84,93,97,98,99,100,102,106,121,122,123,124,128,129,130,132,144,146,150,151,152,153,154,166,167,172,173,174,175,176,194,195,196,197,210,216,217,218,219,220,227,232,236,240,241,242,258,320
104,104,89
3,4,6,7,8,9,11,12,14,15,16,17,18,19,20,21,22,24,25,26,28,29,30,31,33,34,35,36,37,38,39,40,41,42,43,44,55,56,57,58,59,60,61,62,63,64,65,66,77,79,80,81,82,83,84,85,86,87,88,96,101,103,104,105,106,107,108,109,110,123,125,126,127,128,129,130,131,132,149,151,153,154,176,216,239,240,261,262,263
134,134,78
2,3,7,8,9,16,17,18,19,20,21,22,25,29,30,31,32,33,37,38,39,40,41,42,43,44,55,59,60,61,62,63,64,65,66,73,81,82,83,84,85,86,87,88,92,103,104,105,106,107,108,109,110,125,126,127,129,131,132,144,147,149,152,154,169,170,174,175,176,194,198,216,240,241,261,263,264,271
129,129,68
2,7,8,9,15,16,18,19,20,21,22,31,38,39,40,41,42,43,44,55,59,60,61,62,63,64,65,66,80,81,82,83,84,85,86,87,88,103,104,105,106,107,109,110,125,130,131,132,138,147,149,154,167,169,174,175,216,238,239,240,241,242,261,262,263,264,283,284
107,107,56
7,9,16,18,19,20,21,22,38,39,40,41,42,43,44,60,62,63,64,65,66,81,82,83,84,85,87,88,104,105,106,109,110,125,126,132,147,148,154,170,175,176,197,218,219,220,238,239,240,241,242,260,261,263,264,283
52,52,41
17,18,19,20,21,22,40,41,42,43,44,62,63,64,65,66,82,84,85,87,88,103,104,105,108,109,110,130,131,132,148,153,154,176,197,217,218,238,239,240,242
478,478,26
19,20,21,22,41,42,43,44,63,64,65,66,87,88,109,110,131,132,152,154,176,196,197,198,240,242
551,551,5
21,44,88,110,132
8,8,14
224,247,265,266,268,287,289,290,291,309,310,311,312,313
395,395,18
125,224,243,245,246,247,265,268,269,287,289,290,291,309,310,311,312,313
250,250,35
27,70,112,134,135,157,158,221,224,225,228,243,244,245,246,247,248,254,265,266,268,269,270,287,288,289,290,291,292,309,310,311,312,313,314
226,226,40
23,71,90,93,111,112,134,135,157,158,159,177,181,221,222,223,224,225,243,244,245,246,251,254,265,267,268,269,285,287,288,289,290,291,292,309,310,311,312,313
289,289,59
2,3,4,23,26,27,28,45,48,67,71,89,91,93,111,112,113,124,133,134,135,177,179,181,200,205,221,222,224,225,228,229,243,244,245,246,247,249,250,251,265,266,267,268,269,270,287,288,289,290,291,292,309,310,311,312,313,314,328
198,198,77
2,3,4,20,23,25,26,27,28,45,46,48,50,51,67,68,71,72,73,89,90,93,111,112,115,117,124,131,132,133,134,135,138,191,200,201,203,206,212,221,222,224,225,228,232,238,243,244,245,246,247,248,250,251,254,262,263,265,266,267,268,269,285,286,287,288,289,290,291,292,305,309,310,311,312,313,327
382,382,74
2,3,4,14,26,27,28,40,45,47,48,49,67,68,70,71,72,78,89,90,91,93,111,112,113,115,117,133,135,136,139,158,180,181,187,191,203,205,206,212,221,224,225,228,243,244,245,246,247,250,251,254,262,263,265,266,267,268,269,286,287,288,289,290,291,292,305,307,309,310,311,312,313,314
199,199,86
1,2,3,4,5,19,20,23,24,26,41,45,46,48,49,50,51,67,68,71,72,73,89,90,92,94,111,112,115,116,133,135,136,137,151,159,181,187,191,201,203,205,206,210,212,218,221,222,225,228,229,232,238,243,244,245,246,247,248,250,251,254,263,264,265,266,267,268,269,273,276,285,287,288,289,290,291,292,306,307,309,310,311,312,313,314
180,180,86
1,2,3,4,18,20,23,24,25,26,27,28,41,45,47,48,49,50,62,67,68,71,72,89,90,93,112,113,115,117,124,133,134,135,136,139,155,159,177,179,181,187,189,200,203,204,206,210,212,221,224,228,229,243,244,245,246,247,248,249,250,251,254,263,265,266,267,268,269,270,285,287,288,289,290,291,292,293,307,309,310,311,312,313,315,322
148,148,82
1,4,5,20,23,24,25,26,27,28,40,41,45,47,49,50,58,67,68,71,72,78,87,89,90,91,92,93,95,102,109,111,112,115,130,131,135,136,137,139,144,158,159,187,199,201,206,210,221,224,226,228,229,243,244,245,246,247,249,250,251,254,263,265,266,267,268,269,283,287,288,289,290,291,292,307,309,310,311,312,313,314
195,195,54
2,3,4,23,25,26,28,31,45,48,50,68,71,72,89,90,91,112,115,117,135,136,137,151,158,159,202,221,222,223,229,232,243,245,246,247,251,262,265,266,267,268,269,270,287,288,290,291,292,310,311,312,313,314
181,181,89
1,2,3,4,5,19,20,21,23,24,25,26,28,45,46,48,49,50,67,68,69,72,73,80,89,90,91,93,94,112,113,115,131,134,136,137,143,155,157,159,160,161,177,199,201,202,203,206,209,210,221,222,223,224,225,226,228,229,232,243,244,246,247,248,250,251,255,263,265,266,267,268,269,270,271,284,285,287,288,289,290,291,292,309,310,311,312,313,314
185,185,98
1,2,3,5,6,21,23,24,26,27,28,45,47,48,49,50,51,67,68,69,70,71,72,73,80,89,90,91,96,111,112,114,116,117,131,133,135,136,137,139,140,152,153,155,159,160,165,177,178,180,181,182,183,199,201,202,204,205,206,210,221,222,224,225,226,227,229,232,241,243,244,245,246,247,249,250,251,262,263,265,266,267,268,269,270,284,285,287,288,289,290,291,292,310,311,312,313,314
190,190,95
1,2,3,4,5,7,19,20,21,23,24,25,26,27,28,45,48,49,50,51,67,68,69,71,72,73,89,90,93,95,98,108,111,112,113,115,117,135,136,137,139,142,153,155,157,158,161,176,177,178,180,181,199,200,201,202,203,205,206,209,221,222,223,224,225,226,227,228,229,232,243,244,245,246,247,249,250,251,265,266,267,268,269,270,273,288,289,290,291,292,310,311,312,313,314
155,155,92
1,6,7,19,20,23,24,25,26,28,45,46,49,50,51,67,68,70,71,72,73,89,90,91,94,95,108,111,112,113,115,116,130,131,132,134,135,136,138,153,155,157,158,159,161,177,178,179,181,182,198,199,200,201,202,203,204,205,206,210,221,222,223,224,228,229,232,243,244,245,246,249,251,262,265,266,267,268,269,270,287,288,289,290,291,299,300,310,311,312,313,314
129,129,88
1,2,4,5,6,19,20,21,23,27,28,45,48,49,50,51,58,67,68,70,72,73,89,91,93,94,95,104,108,111,112,113,116,120,130,131,134,135,136,137,138,155,157,158,159,161,162,165,177,179,180,182,197,199,200,201,202,203,205,206,210,221,222,223,224,225,232,243,244,245,246,247,249,255,265,266,267,268,269,288,289,290,291,310,311,312,313,314
145,145,87
1,2,3,4,5,6,23,24,25,28,29,45,48,49,50,51,58,67,71,72,73,86,87,89,90,94,95,98,108,111,112,113,115,116,120,130,131,133,134,135,136,137,138,153,154,155,157,158,160,161,169,177,178,179,180,182,183,198,199,202,203,210,221,222,223,224,225,243,244,245,246,247,265,266,267,268,269,287,288,289,290,291,292,310,311,312,313
494,494,59
1,6,26,27,28,45,49,50,51,67,71,72,73,89,94,95,111,112,113,116,132,134,135,136,137,138,154,155,157,158,159,160,179,180,181,199,203,210,223,224,225,243,245,246,247,265,266,267,268,269,287,288,289,290,291,310,311,312,313
13,13,10
89,112,223,235,245,247,267,269,289,310
103,103,1
152
533,533,44
60,81,104,118,148,161,183,191,192,205,206,214,216,227,236,238,242,249,250,253,258,260,262,264,271,272,279,285,286,293,298,304,305,306,307,308,314,315,320,325,327,328,329,330
117,117,71
81,82,103,104,105,138,140,161,170,171,183,191,192,193,204,205,206,207,213,214,217,227,231,235,236,238,239,242,249,254,258,260,261,262,263,264,271,272,273,275,276,277,282,283,284,285,286,292,293,294,295,296,298,300,304,305,306,307,308,313,314,315,320,321,324,325,326,327,328,329,330
427,427,92
59,81,104,138,149,161,174,176,182,183,195,196,197,204,205,208,214,215,216,217,218,219,220,227,230,232,233,235,236,238,239,240,241,242,249,252,254,255,256,257,258,259,260,261,262,263,264,270,271,272,275,276,277,278,279,281,282,283,284,285,286,292,293,297,298,299,300,301,302,303,304,305,306,307,308,312,313,314,315,318,319,320,321,322,323,324,325,326,327,328,329,330
478,478,102
171,192,193,194,195,197,198,209,210,211,213,214,215,216,217,218,219,220,226,227,230,231,232,233,234,235,236,237,238,239,240,241,242,248,249,253,254,255,256,257,258,259,260,261,262,263,264,270,271,272,273,274,275,276,277,278,279,280,281,282,283,284,285,286,291,292,293,294,295,296,297,298,299,300,301,302,303,304,305,306,307,308,311,312,313,314,315,316,317,318,319,320,321,322,323,324,325,326,327,328,329,330
211,211,114
153,171,172,173,174,175,176,190,191,192,193,194,195,196,197,198,210,211,212,213,214,215,216,217,218,219,220,226,227,230,231,232,233,234,235,236,237,238,239,240,241,242,248,249,251,252,253,254,255,256,257,258,259,260,261,262,263,264,269,270,271,272,273,275,276,277,278,279,280,281,282,283,284,285,286,289,290,291,292,293,294,295,296,297,298,299,300,301,302,303,304,305,306,307,308,311,312,313,314,315,317,318,319,320,321,322,323,324,325,326,327,328,329,330
420,420,129
37,38,58,59,62,66,80,81,88,95,96,97,102,103,104,108,109,116,117,118,124,125,126,130,131,135,136,137,138,139,140,142,143,146,147,148,149,152,155,157,158,159,160,161,166,167,168,169,170,171,174,177,178,179,180,181,182,183,187,188,189,190,191,192,193,199,200,201,202,203,204,205,206,209,210,211,212,213,214,221,222,223,224,225,226,227,232,233,234,235,243,244,245,246,247,248,249,250,254,255,256,265,266,267,268,269,270,271,272,276,277,278,287,288,289,290,291,292,293,298,299,309,310,311,312,313,314,320,321
400,400,113
1,2,4,5,6,7,8,9,11,12,13,14,17,18,19,21,22,23,24,26,27,28,29,30,31,34,35,36,37,39,40,41,45,46,47,48,49,50,51,52,53,54,56,57,58,59,67,68,69,71,72,73,74,75,76,79,80,89,90,91,92,93,94,95,96,97,98,102,111,112,113,114,115,116,117,118,119,133,134,135,136,137,138,139,155,156,157,158,159,160,177,178,179,180,181,182,199,200,201,202,203,221,222,223,224,243,244,245,265,266,287,288,309
370,370,74
1,2,3,4,5,6,7,8,9,10,11,12,13,14,15,16,17,23,24,25,26,27,28,29,30,31,32,33,34,35,45,46,47,48,49,50,51,52,53,54,55,67,68,69,70,71,72,73,74,75,76,89,90,91,92,93,94,95,111,112,113,114,115,116,133,134,135,136,137,155,156,157,177,179
222,222,24
240,241,259,261,263,278,280,281,282,283,284,285,286,295,298,305,306,307,308,325,326,328,329,330
155,155,61
44,63,84,102,108,148,153,167,175,195,196,207,211,215,217,218,219,221,225,229,233,237,238,240,247,249,253,255,256,257,259,261,262,267,272,276,277,278,279,280,282,283,284,285,286,287,290,292,294,295,298,299,300,306,308,313,316,320,325,329,330
141,141,76
48,56,58,60,85,152,153,154,159,171,172,173,174,176,182,183,194,195,196,197,198,207,209,212,216,217,218,219,222,228,229,230,231,233,234,237,239,240,241,243,244,245,247,252,255,256,257,259,261,269,273,278,279,282,283,286,290,291,294,295,296,297,298,300,305,306,307,308,312,313,314,316,321,328,329,330
59,59,83
3,14,35,38,41,45,48,56,67,72,78,83,84,86,104,105,117,149,151,154,166,173,174,176,180,191,192,193,195,196,202,207,211,212,213,215,216,217,218,224,225,228,229,232,235,237,239,240,242,243,255,256,259,260,261,262,267,269,274,276,278,280,282,283,284,286,290,292,293,294,295,299,306,307,312,314,316,319,320,321,328,329,330
472,472,94
26,28,49,56,69,72,93,100,101,105,111,112,115,117,145,147,154,162,172,173,174,175,176,177,179,180,190,192,194,195,196,197,205,206,207,210,211,212,213,217,218,219,224,225,226,228,229,231,234,237,239,240,241,243,244,246,253,254,255,256,260,261,262,263,267,270,271,272,273,277,278,279,281,283,284,285,286,290,295,300,302,303,304,306,307,308,312,314,316,317,322,328,329,330
464,464,103
2,26,31,34,36,46,48,55,73,84,87,89,90,91,93,94,96,100,105,107,113,117,119,125,133,138,139,152,154,162,163,172,173,174,175,176,179,180,188,190,192,195,196,197,202,207,211,213,217,218,219,222,224,228,229,230,232,234,235,237,238,241,244,246,247,249,252,254,255,256,260,261,262,263,269,272,273,274,276,277,278,280,281,284,286,289,292,294,300,304,306,307,308,309,312,313,314,316,317,320,326,329,330
160,160,104
3,23,24,27,28,34,36,48,49,50,56,60,63,67,71,84,89,93,100,102,103,105,111,112,113,115,116,117,127,133,137,139,145,149,154,156,158,162,172,174,175,176,179,180,191,193,195,197,201,203,205,207,208,211,213,215,217,220,224,228,229,233,234,237,238,239,241,242,243,244,247,249,254,255,256,261,262,263,265,266,267,268,273,278,280,281,282,283,285,286,295,300,304,305,306,307,308,312,313,314,315,327,328,329
562,562,98
2,3,4,5,25,29,34,42,44,45,46,50,51,56,67,68,84,89,91,96,97,100,105,106,108,112,115,116,129,150,152,162,168,172,173,174,175,176,180,187,190,191,192,193,195,196,197,198,201,202,203,205,207,216,217,218,219,220,224,225,228,229,233,235,239,240,241,242,243,246,247,252,255,256,260,261,262,263,268,273,274,276,277,278,279,281,282,285,297,299,309,312,314,318,320,328,329,330
123,123,97
1,2,4,5,6,7,17,20,23,24,25,26,27,39,46,47,49,50,51,56,62,63,67,68,71,78,84,89,90,96,105,106,108,112,113,117,131,136,149,150,153,155,172,173,174,175,176,182,194,195,196,197,201,202,204,205,207,211,212,216,217,218,219,220,221,228,229,230,234,235,238,239,240,242,243,248,249,252,253,254,266,267,268,277,282,284,285,288,307,308,311,312,314,315,320,328,329
550,550,106
1,2,3,4,6,7,16,17,22,23,24,26,27,29,30,40,41,42,44,45,46,47,48,49,50,53,55,61,62,63,64,67,68,71,72,83,84,86,88,89,90,95,105,108,110,116,117,128,153,155,156,157,165,171,172,173,174,175,184,185,192,193,194,195,196,201,203,207,212,218,220,221,222,223,224,225,226,227,228,229,230,233,238,239,240,241,243,255,261,270,278,284,287,291,297,300,304,305,307,308,313,315,318,320,328,329
172,172,105
1,2,3,4,5,6,18,19,20,21,23,24,25,26,27,29,30,46,47,48,49,56,61,62,63,64,67,68,71,72,78,81,83,88,94,103,105,106,109,110,116,117,126,128,130,131,144,150,153,155,157,159,161,170,172,173,174,175,185,193,194,195,196,197,198,200,201,203,204,207,212,218,221,223,224,225,226,229,230,233,239,240,241,242,243,247,253,262,263,267,268,270,271,282,288,289,291,305,306,307,311,313,319,328,329
463,463,118
1,2,3,4,8,20,23,24,25,26,27,28,29,40,41,45,46,47,48,59,60,61,62,63,64,67,68,72,74,82,83,84,86,88,94,95,102,105,109,110,116,117,128,130,131,144,149,150,152,153,154,155,156,157,167,172,173,175,178,185,187,191,194,195,196,197,200,201,202,203,204,205,207,211,212,216,218,219,220,223,224,225,226,227,228,229,230,233,234,240,241,242,244,247,252,253,255,256,266,267,275,278,285,286,287,288,289,292,295,306,307,308,312,313,314,318,328,329
546,546,115
1,2,3,4,5,7,17,19,22,23,24,26,27,28,29,32,39,40,42,43,45,46,47,48,49,50,53,56,59,61,62,63,64,67,68,73,78,83,84,88,99,104,105,110,111,114,116,117,131,137,145,150,151,152,157,159,172,173,174,178,181,185,187,194,195,196,197,198,201,202,203,204,205,207,211,212,218,220,222,226,229,230,233,234,240,241,243,244,245,246,247,252,253,255,262,267,268,274,278,284,285,286,287,291,300,303,306,307,309,311,314,318,320,328,329
567,567,124
1,2,3,4,5,12,19,23,25,26,27,28,29,40,43,44,45,46,47,48,49,50,62,63,64,65,67,68,70,71,72,78,82,83,84,86,88,89,96,97,99,105,108,109,110,114,117,121,126,127,128,129,131,135,150,151,152,157,172,173,174,175,176,178,179,180,181,185,193,194,195,196,197,198,201,203,204,207,209,211,217,218,219,221,222,223,224,225,228,229,230,231,233,240,241,242,244,245,246,247,253,255,256,266,267,268,285,286,287,289,291,299,306,307,308,309,311,312,313,318,319,320,328,329
154,154,114
1,2,3,4,5,6,7,10,19,21,22,23,24,26,27,29,39,40,41,43,45,47,48,49,60,61,62,67,68,71,72,82,83,84,86,88,90,98,104,105,107,108,109,114,116,117,118,128,131,140,150,151,152,157,160,161,172,173,174,175,176,177,178,179,181,184,185,194,195,196,197,198,201,202,203,204,207,217,218,219,220,223,224,225,226,229,230,233,240,241,242,243,244,245,246,247,252,255,267,268,275,287,288,290,291,297,306,307,309,311,312,313,318,329
137,137,116
1,2,3,4,5,22,24,25,26,27,28,34,39,40,45,47,48,49,50,51,61,62,63,64,65,67,68,71,78,82,83,84,86,88,90,97,99,105,106,107,108,109,110,112,114,117,121,128,129,130,131,143,150,151,152,153,156,157,165,168,169,173,174,175,178,179,181,185,194,195,196,197,198,200,201,202,203,204,207,208,211,212,216,217,221,222,223,224,225,229,230,233,241,242,244,246,247,252,255,266,267,268,269,276,287,289,291,297,300,305,307,311,312,314,328,329
145,145,126
1,2,3,4,5,6,12,19,24,26,27,29,40,44,45,46,47,48,49,61,62,64,67,68,70,71,72,73,78,82,83,84,85,86,88,89,94,96,104,105,106,108,109,110,114,115,116,117,118,125,127,128,131,134,135,140,150,151,152,153,156,157,161,165,173,174,175,176,177,178,179,180,181,185,193,194,195,197,198,200,201,202,203,204,211,217,218,219,222,225,227,229,230,240,241,242,243,245,246,247,252,255,256,265,267,268,269,270,274,275,284,285,287,289,290,291,297,298,307,309,311,312,313,314,328,329
179,179,106
1,2,3,4,5,6,10,25,26,27,29,30,40,45,47,48,49,62,64,65,68,70,71,73,77,82,83,84,94,96,97,103,104,105,106,109,114,116,118,126,128,131,132,138,144,149,150,151,152,153,155,156,159,161,165,172,173,175,177,179,184,185,189,193,194,195,196,197,198,199,202,203,204,207,208,211,212,218,219,221,223,224,229,230,233,241,242,243,245,247,255,256,267,268,271,274,277,287,289,290,297,309,311,312,314,328
404,404,122
1,2,3,4,5,6,10,12,18,19,21,24,25,26,27,29,30,39,40,41,44,45,47,48,49,55,61,62,65,66,67,68,72,83,84,85,86,87,88,89,90,91,96,105,106,108,109,110,114,128,129,130,131,135,143,151,152,153,155,156,157,161,172,173,174,175,176,178,179,180,184,189,194,196,197,198,199,201,202,203,204,205,207,208,211,212,218,219,220,222,223,229,230,233,243,244,245,246,247,252,255,256,265,267,268,269,270,274,284,287,289,290,291,292,297,307,309,310,311,314,328,329
414,414,127
2,3,4,5,10,22,24,25,26,27,39,40,41,44,45,47,48,49,51,52,54,56,61,62,63,65,66,67,72,73,82,83,84,86,88,90,91,94,96,105,106,109,112,114,116,117,127,128,129,135,136,137,139,140,142,150,151,152,153,154,155,156,157,161,162,165,172,173,174,176,178,180,181,184,185,189,195,196,197,198,199,201,202,203,204,207,209,211,212,218,219,221,222,223,229,230,233,234,240,241,242,243,245,246,247,253,255,256,265,267,268,269,274,278,287,289,290,291,292,298,305,307,309,311,312,328,329
255,255,132
1,2,3,4,5,9,11,19,24,25,26,27,29,34,40,41,43,44,45,46,47,48,49,50,51,54,55,58,61,66,67,71,72,73,76,82,83,84,85,86,87,88,89,90,91,94,95,96,104,105,106,107,109,112,116,117,126,128,129,130,131,133,134,135,138,140,150,151,153,154,156,157,160,170,172,173,176,179,180,185,187,189,195,196,197,198,200,203,209,210,211,218,219,221,223,224,227,228,229,230,233,234,240,242,243,244,245,246,247,252,254,255,256,265,267,268,269,270,276,287,289,290,291,292,297,307,309,311,314,322,328,329
193,193,125
1,2,3,4,5,11,19,22,24,25,26,27,29,34,39,40,41,43,44,45,49,50,62,63,65,67,73,74,77,82,83,84,85,86,88,90,91,94,95,96,97,99,104,105,107,108,109,110,116,117,128,129,130,131,132,133,138,150,151,152,153,154,156,157,162,170,172,173,174,175,176,177,178,179,180,181,183,185,187,195,196,197,198,199,200,201,203,212,218,219,220,221,222,224,225,228,229,230,233,234,240,241,242,243,245,247,248,252,255,256,265,267,268,270,278,279,287,290,291,293,297,309,311,328,329
370,370,123
2,3,4,5,12,19,20,22,24,25,26,27,28,29,39,40,41,43,44,45,47,48,49,50,61,62,63,67,71,73,78,82,83,84,85,86,88,90,91,94,95,96,105,106,107,108,109,110,116,117,127,128,129,130,131,133,134,135,140,150,151,152,153,154,155,156,157,165,172,173,176,177,179,181,182,185,186,195,196,197,198,199,200,201,202,203,209,218,219,221,222,223,224,228,229,230,233,240,242,243,245,246,247,252,255,267,268,269,270,278,290,291,297,300,307,309,311,312,313,314,315,328,329
4,4,128
1,2,3,4,5,11,19,22,24,25,26,27,29,30,32,33,39,40,44,45,47,48,51,54,55,61,62,63,72,73,78,82,83,84,85,86,88,89,90,91,94,95,96,105,106,107,108,109,116,117,118,122,127,128,129,130,131,133,134,135,138,140,150,151,152,154,155,156,157,159,162,172,173,176,177,178,179,181,182,185,197,198,200,201,202,203,207,209,211,212,218,219,221,222,223,224,228,229,230,233,234,240,241,242,243,245,246,247,252,255,265,267,268,269,270,277,287,288,289,290,291,292,293,311,312,313,314,329
78,78,117
1,3,4,5,6,8,19,20,21,24,25,26,27,29,40,41,43,45,48,63,64,65,66,67,71,72,75,82,83,84,85,86,87,88,89,91,94,105,106,107,108,109,116,117,128,129,130,131,133,134,135,136,150,151,152,153,154,155,156,157,162,163,172,173,176,177,178,179,180,181,189,195,197,198,199,200,201,202,203,204,211,218,219,221,222,224,225,229,230,233,243,245,246,247,248,252,255,265,267,268,269,270,271,277,278,287,289,290,293,310,311,312,313,314,315,328,329
3,3,118
2,3,4,5,8,10,18,19,20,22,25,26,27,39,40,41,44,48,49,51,54,55,62,63,64,65,68,72,73,82,83,84,85,86,88,90,91,95,98,105,106,107,108,109,116,117,118,119,127,128,129,130,131,133,134,135,138,139,140,150,151,153,154,155,156,157,172,177,178,179,181,185,189,195,196,197,200,201,202,203,211,218,219,221,222,223,224,225,228,229,230,233,243,245,246,247,248,252,255,256,265,267,268,270,274,278,287,288,289,290,292,309,311,312,313,314,318,329
208,208,127
1,2,3,4,10,18,19,20,21,25,26,27,33,43,44,47,48,49,51,55,62,63,64,67,73,82,83,84,85,86,88,90,91,94,95,98,100,105,107,108,109,110,112,116,117,127,128,130,131,132,133,134,135,138,139,150,151,152,153,154,155,156,157,172,173,176,177,178,179,180,181,184,185,188,189,195,197,198,200,201,203,204,208,212,218,219,220,221,222,223,224,225,229,230,233,234,240,242,243,244,245,246,247,248,252,255,256,265,267,268,269,270,275,288,289,290,291,293,297,307,309,311,312,313,314,315,329
339,339,112
2,3,4,11,19,21,22,25,26,27,39,40,41,42,44,49,54,62,63,64,65,66,67,76,82,83,84,85,86,88,90,91,96,98,100,105,106,108,109,110,112,113,116,118,128,129,130,131,133,134,135,136,137,138,140,150,151,153,154,155,156,157,159,172,176,177,178,179,180,181,185,189,195,200,201,204,208,218,219,221,222,224,225,226,230,233,234,245,246,247,248,255,265,267,268,269,270,271,276,281,289,290,291,297,298,299,309,310,311,312,314,315
10,10,114
2,3,4,9,10,19,20,22,26,27,33,40,41,42,43,44,56,61,63,64,65,67,71,72,73,82,83,84,85,86,88,90,91,95,96,97,98,106,107,108,109,111,112,113,114,117,119,122,128,129,130,133,134,135,136,138,139,146,150,151,152,154,155,156,157,161,163,173,176,177,178,179,181,185,188,190,195,198,201,203,204,206,208,211,218,219,222,223,224,225,226,229,233,234,243,245,246,247,248,255,256,266,267,268,271,277,287,288,289,290,308,311,312,314
322,322,106
2,3,4,9,10,11,19,20,21,22,26,27,32,39,40,41,43,44,45,48,61,62,64,66,67,73,82,83,84,85,86,87,88,90,91,95,96,97,100,106,108,109,112,117,128,129,130,131,132,134,138,139,144,150,151,152,153,154,155,156,157,160,172,176,178,179,180,181,183,184,188,189,199,200,201,202,203,211,219,223,224,226,233,234,244,245,246,247,255,256,265,266,268,269,270,277,287,288,289,290,291,297,309,311,312,314
34,34,104
2,3,4,9,19,20,21,22,25,26,30,32,39,40,41,42,43,44,46,48,54,62,63,64,65,66,67,68,71,73,74,82,83,84,85,86,88,90,91,95,96,97,98,100,104,106,108,110,112,113,116,117,118,122,128,129,130,131,134,135,138,139,140,144,150,151,152,153,154,155,156,157,173,176,177,178,179,180,185,189,195,198,201,203,205,218,224,225,226,229,233,240,247,248,252,255,256,271,274,276,277,297,299,309
473,473,41
177,178,199,200,201,221,222,223,224,225,226,243,244,245,246,247,248,249,265,266,267,268,269,270,271,272,287,288,289,290,291,292,293,294,309,310,311,312,313,314,315
549,549,121
1,2,3,23,24,25,26,45,46,47,48,49,68,69,70,71,72,73,89,90,91,93,94,95,96,97,98,111,112,113,114,115,116,117,118,119,121,133,134,135,136,137,138,139,143,144,155,156,157,158,159,160,161,163,167,177,178,179,180,181,199,200,201,202,203,204,218,219,220,221,222,223,224,225,226,240,241,242,243,244,245,246,247,248,249,256,263,264,265,266,267,268,269,270,271,277,278,279,285,287,288,289,290,291,292,299,300,301,306,307,308,309,310,311,312,313,321,322,323,328,329
250,250,138
1,2,3,4,5,22,23,24,25,26,27,34,44,45,46,47,48,49,50,54,55,56,57,58,67,68,69,70,71,73,74,75,76,77,78,79,80,89,90,91,92,93,94,95,96,97,98,99,100,101,102,103,111,112,113,114,115,116,117,118,119,120,121,122,123,124,125,132,133,134,135,136,137,138,139,143,144,145,146,147,154,155,156,157,158,159,160,161,166,167,168,169,175,176,179,180,181,188,189,190,195,197,198,210,213,217,218,219,220,239,240,241,242,256,257,258,260,261,262,263,264,279,280,281,283,284,285,286,288,301,305,306,307,308,327,328,329,330
127,127,123
1,2,3,4,5,6,7,8,9,10,11,12,13,14,15,17,18,21,22,23,24,25,26,27,28,31,32,33,34,35,36,37,38,39,40,44,45,46,47,48,50,51,53,54,55,56,57,58,59,60,61,62,63,64,65,66,69,73,75,76,77,78,79,80,81,82,83,84,85,87,88,92,94,95,96,97,98,99,100,101,102,103,104,106,108,109,110,121,122,123,124,125,126,127,128,129,130,131,132,145,146,147,148,151,152,153,154,171,173,174,175,176,195,196,197,219,220,241,242,262,263,264,286
277,277,113
1,2,4,5,6,7,8,9,10,11,12,13,14,15,16,17,18,19,20,21,22,25,29,30,31,32,33,34,35,36,37,38,39,40,41,42,43,44,45,50,51,53,54,55,56,57,58,59,60,61,62,63,64,65,66,70,72,75,76,77,78,79,80,81,82,83,84,85,86,87,88,93,100,101,102,103,104,105,107,108,109,110,115,117,123,124,125,129,130,131,132,147,148,149,150,151,152,153,154,173,174,175,176,196,197,198,220,242,263,264,286,308,329
103,103,87
1,4,5,6,7,10,11,12,13,14,15,16,21,22,26,27,28,29,32,33,34,35,36,37,38,39,41,42,48,49,50,51,52,53,54,55,56,58,59,60,61,63,64,66,70,72,73,74,75,76,77,80,81,82,84,85,86,87,88,92,94,95,96,105,106,107,108,109,110,115,116,126,127,128,129,130,131,132,138,150,151,152,205,206,207,227,235
13,13,89
1,2,7,8,9,10,11,12,13,14,15,16,17,18,19,20,21,22,23,24,28,29,30,31,32,33,34,35,37,38,40,41,42,43,44,45,51,52,54,55,59,60,61,62,63,65,66,70,71,72,73,80,81,82,83,84,86,87,88,92,93,94,103,104,106,107,110,116,126,129,130,132,154,166,176,190,220,238,239,240,242,262,264,284,285,286,307,308,329
26,26,77
7,8,9,10,11,14,15,16,17,18,19,20,21,22,29,30,31,32,39,40,41,42,43,44,51,52,61,62,64,65,66,82,87,88,93,104,107,109,110,121,124,125,126,130,131,132,145,146,153,160,161,164,176,183,186,198,216,219,220,235,238,239,241,242,258,262,263,264,284,285,286,306,307,308,328,329,330
145,145,63
9,10,20,21,22,28,39,43,44,51,52,64,65,66,72,73,74,75,84,88,98,107,109,110,119,125,126,130,131,132,142,147,148,152,153,154,169,175,176,195,197,198,217,218,219,220,236,239,240,241,242,262,263,264,284,285,286,306,307,308,328,329,330
85,85,49
21,22,32,43,44,63,65,66,73,88,107,108,109,110,128,129,130,131,132,151,152,153,154,174,175,176,195,196,197,198,217,218,219,220,239,240,241,242,263,264,284,285,286,306,307,308,328,329,330
239,239,31
21,22,44,66,88,110,130,131,132,152,153,154,175,176,197,198,219,220,241,242,262,263,264,284,285,286,306,307,308,329,330
410,410,15
22,44,88,131,132,153,154,176,198,220,242,263,286,308,330
222,222,16
123,135,157,160,202,203,224,225,248,269,270,271,290,291,309,313
32,32,35
26,90,91,111,112,113,114,133,134,138,157,180,181,224,225,226,227,243,244,247,248,249,265,268,269,270,271,289,290,291,292,309,310,313,316
