504,575
206,206,50
1,2,3,4,5,6,14,15,16,24,25,26,27,28,33,34,35,37,38,39,48,49,50,51,56,57,58,59,60,61,74,78,79,80,81,82,83,84,101,102,103,104,162,163,185,186,208,231,255,256
316,316,56
1,2,3,4,5,12,13,15,16,24,25,26,27,28,35,38,45,48,49,50,51,55,56,57,58,68,69,71,72,74,78,79,80,81,91,92,94,95,97,102,103,114,115,116,119,126,137,138,139,162,168,185,186,192,193,303
226,226,42
2,3,4,5,7,12,22,23,25,26,27,31,32,35,45,46,48,49,50,55,56,57,58,68,69,73,78,79,80,81,91,92,103,104,114,115,122,126,137,168,324,343
437,437,72
1,2,3,7,8,12,14,15,16,21,22,23,24,25,26,27,31,32,34,35,36,38,45,46,48,50,55,56,57,58,59,68,69,71,72,78,79,80,81,91,92,95,96,97,103,114,115,116,117,118,119,121,126,145,162,163,166,185,188,189,192,208,210,232,301,304,324,325,326,327,329,342
118,118,75
1,2,3,4,5,6,8,12,13,15,16,22,23,24,25,26,27,31,32,33,34,35,36,37,38,45,46,48,50,55,56,57,58,59,68,69,71,72,73,78,79,80,81,91,92,96,102,103,104,114,126,127,159,163,168,185,187,193,208,209,212,217,218,250,300,301,304,323,324,325,326,327,328,329,342
495,495,74
1,2,3,4,5,7,8,12,15,16,22,23,24,25,26,27,31,34,35,38,46,48,49,50,55,56,57,58,59,61,64,68,69,72,73,78,79,80,81,91,92,95,102,103,104,114,116,126,137,138,159,163,165,185,188,193,208,210,218,232,235,300,301,302,303,305,323,324,325,326,327,329,330,343
182,182,79
1,2,3,4,5,6,7,9,10,12,13,14,15,16,22,23,24,25,26,27,31,34,35,36,37,38,39,45,46,49,50,55,56,57,58,59,60,68,69,71,72,73,78,79,80,81,82,91,92,94,97,102,103,104,114,115,121,126,139,149,159,164,169,185,187,218,300,301,302,305,323,324,325,326,327,328,329,330,331
271,271,19
230,252,253,275,276,296,297,298,299,319,320,321,322,340,341,342,343,344,345
346,346,105
22,23,45,46,68,69,88,90,91,92,110,112,113,114,115,134,135,136,137,138,156,157,158,159,160,161,179,180,181,182,183,184,190,200,201,202,203,204,205,206,207,221,222,223,224,225,226,227,228,229,230,245,246,247,248,249,250,251,252,253,267,268,269,270,271,272,273,274,275,276,290,291,292,293,294,295,296,297,298,299,310,312,313,314,315,316,317,318,319,320,321,322,333,334,335,336,337,338,339,340,341,342,343,344,345
539,539,154
11,12,13,14,15,16,17,18,19,20,31,33,34,35,36,37,38,39,40,41,54,55,56,57,58,59,60,61,62,63,64,77,78,80,81,82,83,84,85,86,87,100,101,102,103,104,105,106,107,108,123,124,125,126,127,128,129,131,143,144,145,146,147,148,149,150,151,152,153,165,166,167,168,169,170,171,172,173,174,175,176,187,188,189,190,191,192,193,194,195,196,197,198,199,200,210,211,212,213,214,215,216,217,218,219,220,233,234,235,236,237,238,239,240,241,242,243,256,257,258,259,260,261,262,263,264,265,266,279,280,281,282,283,284,285,286,287,288,301,302,303,304,305,307,308,309,310,311,323,324,325,327,328,333
244,244,135
1,2,3,4,5,6,7,8,9,10,11,12,13,24,25,26,27,28,29,30,31,32,33,34,47,48,49,50,51,52,53,54,55,56,57,58,70,71,72,73,74,75,76,77,78,79,80,93,94,95,96,97,98,99,100,101,102,103,116,117,118,119,120,121,122,123,124,125,126,139,140,141,142,143,144,145,146,147,148,162,163,164,165,166,167,168,169,170,185,186,187,188,189,190,191,192,193,208,209,210,211,212,213,214,215,231,232,233,234,235,236,237,254,255,256,257,258,259,260,277,278,279,280,281,282,300,301,302,303,304,305,323,324,325,326
337,337,120
1,2,3,4,5,6,7,8,9,10,11,15,24,25,26,27,28,29,30,31,32,33,34,47,48,49,50,51,52,53,54,55,56,57,70,71,72,73,74,75,76,77,78,93,94,95,96,97,98,99,100,101,116,117,118,119,120,121,122,123,124,139,140,141,142,143,144,145,146,147,162,163,164,165,166,167,168,169,170,185,186,187,188,189,190,191,208,209,210,211,212,213,214,231,232,233,234,235,236,237,254,255,256,257,258,259,277,278,279,280,281,300,301,302,304,323,324,325,326,327
471,471,116
1,2,3,4,5,6,7,8,9,24,25,26,27,28,29,30,31,47,48,49,50,51,52,53,54,55,57,70,71,72,73,74,75,76,79,80,93,94,95,96,97,98,99,100,116,117,118,119,120,121,122,124,139,140,141,142,143,144,145,146,147,162,163,164,165,166,167,168,169,185,186,187,188,189,190,191,192,208,209,210,211,212,213,214,215,231,232,233,234,235,236,237,238,254,255,256,257,258,260,261,277,278,279,280,281,300,301,302,303,304,305,323,324,325,326,327
74,74,108
1,2,3,4,5,6,7,24,25,26,27,28,29,30,31,47,48,49,50,51,52,53,56,70,71,72,73,74,75,93,94,95,96,97,98,102,116,117,118,119,121,122,123,124,139,140,141,142,143,146,162,163,164,165,166,167,169,170,171,185,186,187,188,189,190,191,193,208,209,210,211,212,213,214,215,231,232,233,234,235,236,237,238,254,255,256,257,258,259,260,261,264,277,278,279,280,281,283,300,301,302,303,304,323,324,325,326,327
68,68,93
1,2,3,4,5,24,25,26,27,28,29,47,48,49,50,51,70,71,72,73,74,75,93,94,95,96,97,98,99,100,116,117,118,119,120,122,139,140,141,142,143,144,145,146,162,163,164,165,166,167,168,169,185,186,187,188,189,190,208,209,210,211,212,213,214,218,231,232,233,234,235,236,237,238,240,254,255,256,257,258,259,277,278,279,280,281,300,301,302,323,324,333,334
451,451,84
1,2,3,4,24,25,26,27,28,29,47,48,49,51,52,70,71,72,73,74,75,93,94,95,96,98,104,116,117,118,119,120,121,128,129,139,140,141,142,143,144,145,146,148,153,163,164,165,166,167,169,173,186,187,188,189,196,209,212,219,232,233,241,255,256,257,258,264,277,278,279,280,281,301,302,303,311,312,314,333,334,335,336,337
58,58,77
1,2,3,4,5,24,25,27,28,29,47,48,49,50,51,52,70,71,72,73,81,93,94,95,97,116,117,118,119,120,121,122,140,141,142,143,145,146,163,164,166,190,191,213,214,216,218,232,233,238,241,256,259,264,280,284,286,287,288,289,301,302,304,308,310,311,312,313,314,326,331,333,334,335,336,337,338
126,126,70
1,2,3,4,24,25,26,47,48,49,50,51,70,71,72,73,74,93,94,95,96,97,98,99,117,118,119,120,121,122,139,141,142,143,144,163,164,165,166,167,169,186,189,190,213,216,232,237,238,257,260,280,284,289,307,308,309,310,311,312,313,314,331,332,333,334,335,336,337,338
351,351,59
1,2,3,4,24,25,28,49,71,72,95,118,119,120,141,142,143,163,165,166,167,174,185,186,188,189,190,193,197,208,215,231,237,258,259,264,268,281,282,284,287,288,289,291,308,311,312,313,314,315,331,332,333,334,335,336,337,338,339
302,302,67
1,2,3,10,25,28,29,48,50,51,73,74,96,117,118,119,120,122,142,143,145,146,147,163,165,166,167,168,169,170,185,186,190,191,192,193,208,209,212,213,215,216,231,232,237,254,259,282,287,288,289,291,308,310,311,312,313,314,315,332,333,334,335,336,337,338,339
512,512,65
1,2,3,4,27,28,48,50,51,52,74,94,96,97,99,100,118,119,142,143,144,145,162,164,166,167,169,185,186,189,190,191,192,193,208,209,212,213,214,231,232,233,236,237,238,255,260,264,288,289,307,310,311,312,313,314,315,332,333,334,335,336,337,338,339
348,348,63
2,5,6,7,8,25,28,29,48,75,97,99,118,121,123,140,143,144,147,163,166,167,174,189,190,192,197,198,208,209,210,212,214,215,219,220,221,231,232,236,237,241,242,244,254,261,266,289,290,291,310,311,312,313,314,315,333,334,335,336,337,338,339
465,465,59
3,5,6,10,27,29,76,98,120,123,142,143,144,151,162,165,166,167,174,175,186,190,193,194,195,198,208,209,210,214,215,219,220,221,231,232,233,235,236,237,238,244,260,266,289,291,310,311,312,313,314,315,333,334,335,336,337,338,339
441,441,48
5,28,144,151,152,162,167,171,175,185,186,195,197,198,208,209,210,218,219,220,221,231,232,238,242,243,244,245,255,268,281,289,290,291,310,311,312,313,314,315,316,333,334,335,336,337,338,339
482,482,49
9,10,29,30,33,52,53,75,76,77,98,99,100,123,124,142,147,148,162,171,172,174,175,195,209,218,219,220,221,231,242,243,267,268,289,290,291,310,311,312,313,314,315,333,334,335,336,337,339
482,482,47
6,7,8,9,10,11,29,30,52,53,75,76,77,98,99,100,124,125,147,148,149,171,172,174,198,218,219,221,231,242,243,267,268,290,291,311,312,313,314,315,333,334,335,336,337,338,339
133,133,44
11,29,33,52,75,76,77,98,100,101,123,124,125,149,170,171,172,174,175,198,209,218,219,220,242,243,244,266,267,268,289,290,291,311,312,313,314,333,334,335,336,337,338,339
373,373,34
52,75,77,98,124,147,174,198,211,212,218,220,221,234,244,279,289,290,291,292,310,311,312,313,314,315,333,334,335,336,337,338,339,340
442,442,47
6,29,30,52,53,54,75,76,78,98,99,123,124,149,171,172,174,198,212,218,219,220,221,235,241,244,267,268,288,289,290,291,292,310,311,312,313,314,315,333,334,335,336,337,338,339,340
404,404,41
7,8,30,31,52,53,75,76,77,98,99,125,149,152,169,170,172,174,198,220,221,234,244,266,268,288,289,290,291,292,311,312,313,314,315,334,335,336,337,338,339
308,308,37
7,8,29,30,52,53,75,76,98,169,170,172,175,220,221,244,245,266,267,268,288,289,290,291,292,311,312,313,314,315,316,334,335,336,337,338,339
29,29,31
29,31,52,53,75,76,98,198,221,244,245,266,267,268,288,289,290,291,292,311,312,313,314,315,316,334,335,336,337,338,339
425,425,23
52,75,244,245,266,267,268,288,289,290,291,292,311,312,313,314,315,334,335,336,337,338,339
225,225,22
52,75,243,245,266,267,268,288,289,290,291,311,312,313,314,315,335,336,337,338,339,340
405,405,21
52,174,245,267,268,288,289,290,291,292,311,312,313,314,315,334,335,336,337,338,339
574,574,20
52,245,267,268,288,289,290,291,292,311,312,313,314,315,335,336,337,338,339,340
357,357,6
313,314,335,336,337,338
265,265,17
245,266,268,288,289,290,291,311,312,313,314,315,334,335,336,337,338
232,232,22
244,245,266,267,268,288,289,290,291,292,293,311,312,313,314,315,334,335,336,337,338,339
95,95,28
130,152,153,174,175,244,258,266,267,268,288,289,290,291,292,294,311,312,313,314,315,316,334,335,336,337,338,339
399,399,35
130,148,151,170,171,174,197,219,220,221,244,245,266,267,268,269,288,289,290,291,292,293,311,312,313,314,315,316,318,334,335,336,337,338,339
397,397,41
6,29,30,76,98,99,100,101,124,140,148,174,219,220,221,243,244,245,258,266,267,268,288,289,290,291,292,293,311,312,313,314,315,316,317,334,335,336,337,338,339
132,132,48
7,29,30,52,54,75,76,77,98,100,125,140,141,142,164,170,171,197,219,220,221,243,244,245,258,266,267,268,288,289,290,291,292,293,311,312,313,314,315,317,318,333,334,335,336,337,338,339
18,18,50
6,29,31,52,53,54,75,76,77,98,99,100,123,124,125,140,141,142,147,163,170,197,198,219,243,244,245,258,266,267,268,269,288,289,290,291,292,293,311,312,313,314,315,333,334,335,336,337,338,339
50,50,54
6,7,29,31,52,53,54,76,77,78,99,100,123,124,125,129,140,147,151,163,165,170,171,195,197,221,243,244,245,267,268,269,288,289,290,291,292,293,294,311,312,313,314,315,316,317,333,334,335,336,337,338,339,340
17,17,45
29,30,52,53,77,100,123,124,140,163,164,171,174,186,187,188,197,198,221,244,252,267,268,288,289,290,291,292,293,295,311,312,313,314,315,316,317,333,334,335,336,337,338,339,340
359,359,79
18,19,20,22,23,42,43,44,45,46,64,65,66,67,68,69,87,88,90,91,92,111,112,114,115,131,137,138,151,152,160,161,174,175,183,196,197,198,205,206,220,221,222,228,229,230,243,244,245,246,251,252,253,266,267,268,269,275,276,289,290,291,292,293,294,312,313,314,315,316,317,334,335,336,337,338,339,340,345
227,227,94
18,19,20,21,22,23,40,41,42,43,44,45,46,63,64,65,66,67,68,69,86,87,88,89,90,91,92,109,110,111,112,113,114,115,131,133,134,135,136,137,138,157,158,159,160,161,181,182,183,184,204,205,206,207,227,228,229,230,244,248,250,251,252,253,268,272,273,274,275,276,290,291,292,295,296,297,298,299,313,314,315,316,317,318,320,321,322,336,337,338,339,343,344,345
314,314,105
16,17,18,19,20,21,22,23,38,40,41,42,43,44,45,46,63,64,65,66,67,68,69,85,86,87,88,89,90,91,92,107,108,109,110,111,112,113,114,115,131,132,133,134,135,136,137,138,155,156,157,158,159,160,161,180,181,182,183,184,202,203,204,205,206,207,225,226,227,228,229,230,248,249,250,251,252,253,271,272,273,274,275,276,294,295,296,297,298,299,314,315,317,318,319,320,321,322,336,337,341,342,343,344,345
323,323,117
14,15,16,17,18,19,20,21,22,23,38,39,40,41,42,43,44,45,46,61,62,63,64,65,66,67,68,69,84,85,86,87,88,89,90,91,92,107,108,109,110,111,112,113,114,115,130,131,132,133,134,135,136,137,138,153,154,155,156,157,158,159,160,161,177,178,179,180,181,182,183,184,201,202,203,204,205,206,207,225,226,227,228,229,230,247,248,249,250,251,252,253,271,272,273,274,275,276,294,295,296,297,298,299,317,318,319,320,321,322,323,340,341,342,343,344,345
517,517,136
14,15,16,17,18,19,20,21,38,39,40,41,42,43,44,60,61,62,63,64,65,66,67,68,83,84,85,86,87,88,89,90,91,106,107,108,109,110,111,112,113,114,115,129,130,131,132,133,134,135,136,137,138,152,153,154,155,156,157,158,159,160,161,175,176,177,178,179,180,181,182,183,184,198,199,200,201,202,203,204,205,206,207,222,223,224,225,226,227,228,229,230,245,246,247,248,249,250,251,252,253,268,269,270,271,272,273,274,275,276,291,293,294,295,296,297,298,299,306,314,315,316,317,318,319,320,321,322,337,339,340,341,342,343,344,345
539,539,141
5,6,7,8,9,10,11,12,13,29,30,31,32,33,34,52,53,54,55,56,57,58,74,75,76,77,78,79,80,81,82,83,98,99,100,101,102,103,104,105,106,120,121,122,123,124,125,126,127,128,129,130,131,134,144,145,146,147,148,149,150,151,152,153,154,169,170,171,172,173,174,175,176,177,193,194,195,196,197,198,199,200,215,216,217,218,219,220,221,222,223,224,238,239,240,241,242,243,244,245,246,247,248,262,263,264,265,266,267,268,269,270,271,286,287,288,289,290,291,292,293,294,309,310,311,312,313,314,315,316,317,318,333,334,335,336,337,338,339,340,341
236,236,103
1,24,25,47,48,49,70,71,72,73,93,94,95,96,98,100,116,117,118,119,120,121,122,139,140,141,142,143,144,145,146,162,163,164,165,166,167,168,169,170,185,186,187,188,189,190,191,208,209,210,211,212,213,214,215,216,231,232,233,234,235,236,237,238,239,254,255,256,257,258,259,260,261,277,278,279,280,281,282,283,300,301,302,303,304,305,306,307,310,311,312,323,324,325,326,327,328,329,330,333,334,335,336
484,484,68
1,24,47,48,70,71,73,93,94,116,117,118,139,140,141,162,163,164,165,185,186,187,188,189,208,209,210,211,212,213,231,232,233,234,235,236,237,254,255,256,257,258,259,260,277,278,279,280,281,282,283,300,301,302,303,304,305,306,310,323,324,325,326,327,328,329,333,334
108,108,33
185,208,209,231,232,233,243,254,255,267,277,278,279,289,290,291,300,301,310,311,312,313,314,317,323,324,325,333,334,335,336,337,338
518,518,22
243,244,252,267,268,289,290,291,310,311,312,313,314,317,333,334,335,336,337,338,339,340
240,240,5
313,314,333,334,336
406,406,4
38,56,80,91
285,285,11
15,23,45,56,58,69,91,92,115,137,325
52,52,19
15,21,23,45,46,56,58,69,79,91,92,114,115,300,323,324,325,326,328
405,405,33
15,16,21,22,23,27,33,45,46,47,55,56,58,68,69,79,80,91,92,103,104,114,115,168,289,300,303,323,324,325,326,327,328
284,284,45
1,3,15,16,22,23,25,27,35,45,46,48,50,55,56,58,68,69,70,71,74,79,80,81,90,92,103,104,114,115,130,138,169,172,196,300,302,303,323,324,325,326,327,328,329
448,448,52
2,12,15,23,24,25,27,33,35,38,44,45,46,47,49,50,56,57,58,68,69,71,72,74,78,79,80,81,91,92,93,103,104,114,115,122,138,172,192,229,300,301,302,303,323,324,325,326,327,328,329,330
528,528,64
1,2,3,15,16,21,22,23,24,25,26,27,35,44,45,46,47,48,49,50,55,56,57,58,67,68,69,71,72,78,79,80,81,90,91,92,93,96,103,114,119,126,145,168,169,188,193,224,300,301,302,303,304,305,308,323,324,325,326,327,328,329,330,331
365,365,64
2,3,5,15,21,22,23,24,25,26,27,34,35,38,45,46,47,48,49,50,55,56,58,67,68,69,70,71,72,74,78,79,80,81,90,91,92,102,103,114,122,126,138,168,169,187,188,189,193,208,300,301,302,303,304,323,324,325,326,327,328,329,330,331
324,324,59
2,4,15,16,21,22,23,24,26,27,34,35,39,45,46,47,48,49,50,55,56,57,58,67,68,69,70,71,72,73,74,78,79,81,89,90,91,92,99,103,114,122,145,166,189,300,301,302,304,305,323,324,325,326,327,328,329,330,331
224,224,56
2,3,4,15,16,21,22,23,24,25,26,27,34,35,45,46,47,48,49,50,55,56,58,67,68,69,70,71,72,73,78,79,80,81,91,92,102,103,115,122,126,138,197,301,302,303,304,323,324,325,326,327,328,329,330,331
54,54,72
2,3,4,5,12,16,21,22,23,24,25,26,27,35,39,45,46,47,48,49,50,55,56,57,58,67,68,69,70,71,72,74,78,79,80,81,90,91,92,94,95,96,97,98,99,101,102,103,114,121,122,126,138,157,165,166,168,193,201,301,302,303,304,323,324,325,326,327,328,329,330,331
430,430,70
1,2,3,4,21,22,23,24,25,26,27,34,35,39,44,45,46,47,48,49,50,55,56,57,58,67,68,69,71,72,73,74,78,79,80,91,92,95,96,97,98,102,103,114,115,121,122,126,138,167,168,170,189,190,194,260,300,301,302,303,304,323,324,325,326,327,328,329,330,331
207,207,82
1,2,3,4,5,16,21,22,23,24,25,26,27,34,35,39,44,45,46,47,48,49,50,55,56,57,58,67,68,69,70,71,72,73,74,78,79,80,81,91,92,94,95,98,99,101,102,103,114,115,120,121,122,126,138,144,157,167,168,170,189,190,192,193,208,260,300,301,302,303,304,308,323,324,325,326,327,328,329,330,331,342
308,308,73
1,2,3,21,22,23,24,25,26,27,35,39,44,45,46,47,48,49,50,55,56,57,58,67,68,69,71,72,73,74,78,79,80,81,91,92,96,97,98,99,101,102,103,113,114,115,119,120,121,122,125,126,138,143,157,168,169,186,188,212,301,302,304,323,324,325,326,327,328,329,330,331,339
199,199,80
1,2,3,4,21,22,23,24,25,26,27,34,38,39,44,45,46,47,48,49,50,51,55,56,57,58,67,68,69,71,72,73,74,78,79,80,81,91,92,93,94,96,97,98,101,102,103,114,115,119,120,121,122,125,126,137,138,144,145,157,168,190,191,193,194,215,232,297,301,302,303,304,323,324,325,326,327,328,330,331
143,143,93
1,2,3,4,21,22,23,24,25,26,27,34,39,44,45,46,47,48,49,50,51,55,56,58,67,68,69,70,71,72,73,74,78,79,80,81,91,92,94,96,97,98,99,102,103,114,115,118,119,120,121,122,123,126,137,138,144,145,157,159,161,167,168,187,188,189,192,193,231,232,234,236,240,243,255,257,260,261,297,301,302,303,304,320,323,324,325,326,327,328,329,330,331
288,288,78
1,2,3,4,5,21,22,23,24,25,27,39,44,45,46,47,48,49,50,51,55,56,58,67,68,69,70,71,72,73,74,78,79,80,91,92,96,97,98,99,102,114,115,120,121,122,123,126,138,143,144,145,159,167,168,189,192,193,195,208,211,231,232,257,261,263,301,302,303,304,307,323,324,325,326,327,329,330
54,54,73
1,2,3,4,5,21,22,23,24,25,26,27,44,45,46,47,48,49,50,55,56,58,67,68,69,70,72,73,74,78,79,80,91,92,96,97,98,101,102,114,115,120,121,122,123,126,138,143,144,145,146,166,167,168,172,190,192,193,211,212,217,260,301,302,303,320,323,324,325,326,327,328,329
191,191,70
1,2,3,4,21,22,23,24,25,26,27,44,45,46,47,48,49,50,55,56,58,67,68,69,71,72,73,74,78,79,80,91,92,97,98,101,114,115,116,120,121,122,123,126,138,143,144,146,167,168,192,194,215,231,233,237,248,261,297,302,303,304,320,323,324,325,326,327,328,329
54,54,74
1,2,3,4,5,21,22,23,24,25,26,27,35,44,45,46,47,48,49,50,51,55,56,58,67,68,69,72,73,74,75,78,79,80,81,91,92,95,97,98,101,114,115,116,120,121,122,123,126,138,139,143,144,145,167,168,189,191,192,193,211,215,235,240,248,302,303,304,323,324,325,326,327,328
189,189,81
1,2,3,4,20,21,22,23,24,25,26,27,39,44,45,46,47,48,49,50,51,55,56,58,67,68,69,72,73,74,75,78,79,80,91,92,94,95,96,97,98,99,102,103,114,115,116,119,120,121,122,123,126,138,139,142,143,144,145,159,165,166,167,168,192,193,194,212,215,233,240,241,248,297,302,303,304,324,325,327,328
414,414,65
1,2,3,4,5,21,22,23,24,25,26,27,45,46,48,49,50,51,55,56,58,67,68,69,71,72,73,74,78,79,80,81,91,92,97,103,104,115,118,120,121,122,126,138,143,144,145,157,167,190,191,192,193,213,214,231,240,248,302,303,304,324,325,326,327
318,318,15
230,252,253,275,276,298,299,320,321,322,341,342,343,344,345
305,305,106
22,23,43,44,46,65,66,67,68,69,89,90,91,92,98,110,111,112,113,115,132,134,135,136,137,138,155,156,157,158,159,160,161,179,180,181,182,183,184,199,200,201,202,203,204,205,206,207,224,225,226,227,228,229,230,246,247,248,249,250,251,252,253,268,269,270,271,272,273,274,275,276,290,291,292,293,294,295,296,297,298,299,311,312,313,314,315,316,317,318,319,320,321,322,334,335,336,337,338,339,340,341,342,343,344,345
547,547,153
10,11,12,13,14,15,16,17,31,33,34,35,36,37,38,39,40,41,55,56,57,58,59,60,61,62,76,77,78,79,80,81,82,83,84,85,98,99,100,101,102,103,104,105,106,107,108,121,122,123,124,125,126,127,128,129,130,142,144,145,146,147,148,149,150,151,152,153,165,166,167,168,169,170,171,172,173,174,175,187,188,189,190,191,192,193,194,195,196,197,198,210,211,212,213,214,215,216,217,218,219,220,233,234,235,236,237,238,240,241,242,243,244,256,257,258,259,260,261,262,263,264,265,266,267,278,280,281,282,283,284,285,286,287,288,289,301,302,303,304,305,306,307,309,310,311,312,313,326,327,328,331,334
243,243,137
1,2,3,4,5,6,7,8,9,10,11,12,13,24,25,26,27,28,29,30,31,32,33,34,35,36,47,48,49,50,51,52,53,54,55,56,57,58,59,70,71,72,73,74,75,76,77,78,79,80,81,93,94,95,96,97,98,99,100,101,102,116,117,118,119,120,121,122,123,124,125,126,139,140,141,142,143,144,145,146,147,148,162,163,164,165,166,167,168,169,170,185,186,187,188,189,190,191,192,193,208,209,210,211,212,213,214,215,231,232,233,234,235,236,237,254,255,256,257,258,259,260,277,278,279,280,281,300,301,302,303,304,305,323,324,325,326
321,321,120
1,2,3,4,5,6,7,8,9,10,11,24,25,26,27,28,29,30,31,32,33,34,35,47,48,49,50,51,52,53,54,55,56,57,58,70,71,72,73,74,75,76,77,78,79,93,94,95,96,97,98,99,100,101,102,116,117,118,119,120,121,122,123,124,125,139,140,141,142,143,144,145,146,147,162,163,164,165,166,167,168,169,170,185,186,187,188,189,190,191,208,209,210,211,212,213,231,232,233,234,235,254,255,256,257,259,277,278,279,280,281,300,301,302,304,323,324,325,326,327
294,294,116
1,2,3,4,5,6,7,8,9,10,11,12,13,24,25,26,27,28,29,30,31,34,35,36,47,48,49,50,51,52,53,54,55,58,70,71,72,73,74,75,76,77,78,79,93,94,95,96,97,98,99,100,102,116,117,118,119,120,123,124,125,126,127,129,139,140,141,142,143,145,146,147,148,149,162,163,164,165,171,185,186,187,188,189,190,192,208,209,210,211,214,231,232,233,234,235,254,255,256,257,258,259,260,277,278,279,280,281,282,300,301,302,303,323,325,326
315,315,108
1,2,3,4,5,6,7,8,10,11,12,24,25,26,27,28,29,30,31,32,33,36,47,48,49,50,51,52,53,54,55,56,70,71,72,73,74,75,76,77,82,93,94,95,96,97,98,99,100,101,103,116,117,118,119,121,122,123,124,125,126,139,140,141,142,144,146,147,148,149,162,163,164,165,166,170,171,185,186,187,188,192,195,208,209,210,219,231,232,233,235,238,240,241,254,255,256,257,263,265,277,278,279,300,301,304,325,333
13,13,93
1,2,3,5,6,7,8,9,24,25,26,27,28,29,30,31,32,33,47,48,49,50,51,52,53,54,70,71,72,73,74,75,76,77,78,93,94,95,96,97,98,99,100,101,116,117,118,119,120,121,122,123,124,140,142,143,144,145,146,162,163,164,165,166,167,168,169,170,185,186,187,188,190,191,192,209,210,211,213,214,215,216,217,233,234,235,240,258,261,262,309,332,333
274,274,81
1,2,3,5,6,8,24,25,26,27,28,29,30,31,32,33,47,48,49,50,51,52,53,54,55,56,70,71,72,73,74,75,76,77,78,93,94,95,96,97,98,99,100,116,117,118,119,120,121,122,123,124,139,140,141,143,144,145,146,167,169,185,187,209,212,232,261,284,308,309,310,312,313,330,331,332,333,334,335,336,337
110,110,74
1,2,3,4,5,6,7,8,10,24,25,26,27,28,29,30,31,32,47,48,49,50,51,52,53,54,56,59,70,71,72,73,74,75,76,77,78,93,94,95,96,97,100,101,117,118,119,120,123,125,143,144,163,171,194,233,257,261,290,291,308,309,310,312,313,314,331,332,333,334,335,336,337,338
242,242,68
1,2,3,4,5,6,7,8,9,10,26,27,28,29,30,31,32,33,49,50,51,52,54,55,56,71,74,75,76,77,78,95,96,98,99,100,119,142,143,144,164,169,192,212,213,214,233,234,261,266,288,290,291,308,309,310,312,313,314,315,331,332,333,334,335,336,337,338
393,393,57
2,6,8,76,77,78,124,150,151,163,169,170,173,174,194,196,197,198,215,216,217,220,239,240,241,242,243,244,261,263,264,265,266,267,268,286,287,288,289,290,291,308,309,310,311,312,313,314,315,332,333,334,335,336,337,338,339
438,438,61
2,6,29,53,77,124,128,145,147,151,169,170,171,172,173,174,175,192,193,196,197,198,215,216,220,239,240,241,242,243,244,245,263,264,265,266,267,268,285,286,287,288,289,290,291,308,309,310,311,312,313,314,315,332,333,334,335,336,337,338,339
410,410,59
8,54,77,78,124,125,126,128,167,169,170,191,192,194,197,214,215,216,218,219,231,239,240,241,242,244,245,261,263,264,265,266,267,268,285,286,287,288,289,290,291,292,307,308,309,310,311,312,313,314,315,332,333,334,335,336,337,338,339
410,410,60
29,77,78,101,124,125,126,148,151,162,163,167,169,170,190,192,193,194,214,215,216,218,219,231,237,238,240,241,242,244,245,262,263,264,265,266,267,268,285,286,287,288,289,290,291,307,308,309,310,311,312,313,314,332,333,334,335,336,337,338
57,57,57
87,124,125,127,148,149,150,151,167,169,170,173,189,190,195,198,214,215,219,221,238,239,240,241,242,243,244,245,261,263,264,265,266,267,268,285,286,287,288,289,290,291,308,309,310,311,312,313,314,315,332,333,334,335,336,337,338
348,348,50
108,110,150,152,166,167,169,170,173,192,198,214,215,216,221,240,241,242,244,245,262,263,264,265,266,267,284,285,286,288,289,290,291,292,308,309,310,311,312,313,314,316,332,333,334,335,336,337,338,339
341,341,52
8,9,29,32,33,52,53,77,107,117,139,140,162,163,164,165,166,170,188,198,214,215,221,238,241,242,243,263,264,265,266,267,286,289,290,291,308,309,310,311,312,313,314,315,332,333,334,335,336,337,338,339
446,446,50
8,9,29,31,52,53,54,77,117,140,141,142,152,162,163,170,188,198,209,215,242,243,244,245,264,265,266,267,268,285,289,290,291,292,308,309,310,311,312,313,314,315,316,333,334,335,336,337,338,339
240,240,47
8,9,31,52,53,76,133,140,141,152,162,163,164,166,189,198,214,215,238,239,242,243,244,245,262,263,264,265,267,268,289,290,291,309,310,311,312,313,314,315,316,333,334,335,336,337,338
121,121,35
6,8,29,31,140,164,220,241,242,243,244,245,265,266,267,268,285,286,289,290,291,309,310,311,312,313,314,315,333,334,335,336,337,338,339
253,253,45
6,7,8,9,10,29,30,31,32,33,116,140,162,163,164,194,214,215,220,221,241,242,243,244,263,264,266,267,268,289,290,291,292,311,312,313,314,315,333,334,335,336,337,338,339
204,204,38
7,31,32,33,140,142,162,163,164,165,198,220,221,241,242,243,244,245,266,267,268,288,289,290,291,292,311,312,313,314,315,333,334,335,336,337,338,339
256,256,35
8,32,117,139,143,162,164,166,170,220,221,241,243,244,245,266,267,268,289,290,291,311,312,313,314,315,316,333,334,335,336,337,338,339,340
381,381,29
139,142,166,175,194,198,220,243,244,245,266,267,268,289,290,291,311,312,313,314,315,316,333,334,335,336,337,338,339
257,257,20
220,243,244,266,267,268,290,291,312,313,314,315,316,333,334,335,336,337,338,339
552,552,14
244,267,268,290,291,313,314,315,333,334,335,336,337,338
66,66,11
290,291,312,313,314,333,334,335,336,337,338
44,44,9
290,313,314,333,334,335,336,337,338
350,350,4
73,81,115,161
534,534,14
221,244,267,268,290,291,313,314,315,335,336,337,338,339
200,200,16
198,220,244,267,268,290,291,292,312,313,314,315,335,336,337,338
68,68,23
198,218,220,221,243,244,245,267,268,288,290,291,294,311,312,313,314,315,335,336,337,338,339
396,396,28
7,9,141,175,198,220,221,239,243,244,245,267,268,288,290,291,292,311,312,313,314,315,316,335,336,337,338,339
322,322,36
6,9,64,119,140,163,164,198,218,220,221,234,242,243,244,245,265,267,268,288,289,290,291,292,294,312,313,314,315,316,334,335,336,337,338,339
505,505,42
6,7,9,31,32,54,140,163,198,218,219,220,221,234,235,239,243,244,245,254,258,265,266,267,268,288,289,290,291,292,311,312,313,314,315,316,317,335,336,337,338,339
273,273,44
6,7,8,9,10,12,29,31,54,55,78,140,141,151,152,169,216,217,221,234,242,243,244,245,265,266,267,268,289,290,291,292,312,313,314,315,317,334,335,336,337,338,339,340
342,342,43
6,7,8,9,12,13,31,53,54,77,78,102,197,219,220,221,243,244,245,265,266,267,268,269,289,290,291,292,293,294,312,313,314,315,316,317,334,335,336,337,338,339,340
77,77,38
9,42,65,87,88,141,164,220,221,243,244,245,252,266,267,268,269,270,272,289,290,291,292,293,312,313,314,315,316,317,318,334,335,336,337,338,339,340
351,351,76
18,19,20,21,22,23,41,42,44,45,46,64,65,66,67,68,69,87,88,89,90,91,92,110,111,113,114,115,130,136,137,138,160,174,175,176,183,184,197,198,199,206,207,220,221,222,229,230,243,244,245,266,267,268,269,270,289,290,291,292,293,294,298,312,313,314,315,316,317,335,336,337,338,339,340,341
266,266,97
14,15,16,17,18,19,20,21,22,23,39,40,41,42,43,44,45,46,61,62,63,64,65,66,67,68,69,84,85,86,87,88,89,90,91,92,108,109,110,111,112,113,114,115,130,131,132,133,134,135,136,137,138,158,159,160,161,182,183,184,204,205,206,207,228,229,230,245,249,250,251,252,253,268,272,273,274,275,276,290,291,292,295,297,298,299,313,314,317,321,322,336,337,338,340,344,345
222,222,105
13,14,15,16,17,18,19,20,21,22,23,38,39,40,41,42,43,44,45,46,61,62,63,64,65,66,67,68,69,84,85,86,87,88,89,90,91,92,107,108,109,110,111,112,113,114,115,131,132,133,134,135,136,137,138,156,157,158,159,160,161,180,181,182,183,184,203,204,205,206,207,225,226,227,228,229,230,249,250,251,252,253,273,274,275,276,292,294,296,297,298,299,314,317,318,319,320,321,322,338,340,342,343,344,345
127,127,116
13,14,15,16,17,18,19,20,21,22,23,36,37,38,39,40,41,42,43,44,45,46,60,61,62,63,64,65,66,67,68,69,83,84,85,86,87,88,89,90,91,92,107,108,109,110,111,112,113,114,115,130,131,132,133,134,135,136,137,138,153,154,155,156,157,158,159,160,161,179,180,181,182,183,184,202,203,204,205,206,207,225,226,227,228,229,230,249,250,251,252,253,272,273,274,275,276,294,296,297,298,299,314,316,317,318,319,320,321,322,339,341,342,343,344,345
517,517,135
14,15,16,17,18,19,20,21,22,37,38,39,40,41,42,43,44,45,60,61,62,63,64,65,66,67,68,69,83,84,85,86,87,88,89,90,91,92,106,107,108,109,110,111,112,113,114,115,129,130,131,132,133,134,135,136,137,138,153,154,155,156,157,158,159,160,161,175,176,177,178,179,180,181,182,183,184,199,200,201,202,203,204,205,206,207,222,223,224,225,226,227,228,229,230,245,246,247,248,249,250,251,252,253,268,269,270,271,272,273,274,275,276,291,292,294,295,296,297,298,299,314,316,317,318,319,320,321,322,339,340,342,343,344,345
525,525,140
5,6,7,8,9,10,11,12,14,28,29,30,31,32,33,34,35,52,53,54,55,56,57,58,59,76,77,78,79,80,81,82,83,84,98,99,100,101,102,103,104,105,106,107,108,121,122,123,124,125,126,127,128,129,130,131,145,146,147,148,149,150,151,152,153,154,169,170,171,172,173,174,175,176,177,193,194,195,196,197,198,199,200,216,217,218,219,220,221,222,223,224,239,240,241,242,243,244,245,246,247,262,263,264,265,266,267,268,269,270,271,285,286,287,288,289,290,291,292,293,294,309,310,311,312,313,314,315,316,317,318,333,334,335,336,337,338,339,340,341
482,482,103
1,2,3,4,24,25,47,48,50,70,71,72,93,94,95,96,116,117,118,119,120,139,140,141,142,143,144,162,163,164,165,166,167,185,186,187,188,189,208,209,210,211,212,213,214,215,231,232,233,234,235,236,237,238,239,240,254,255,256,257,258,259,260,261,262,263,264,277,278,279,280,281,282,283,284,285,286,300,301,302,303,304,305,306,307,310,311,312,313,323,324,325,326,327,328,329,330,331,333,334,335,336,337
556,556,70
1,48,70,71,93,94,95,116,117,118,139,140,141,142,162,163,164,165,185,186,187,188,189,208,209,210,211,212,213,231,232,233,234,235,236,237,254,255,256,257,258,259,260,261,277,278,279,280,281,282,283,284,300,301,302,303,304,305,306,310,323,324,325,326,327,328,329,330,333,334
464,464,28
185,208,231,232,254,255,256,259,277,278,289,290,291,300,301,310,312,313,314,323,324,325,333,334,335,336,337,338
107,107,18
267,268,289,290,291,310,311,312,313,314,317,333,334,335,336,337,338,339
408,408,6
290,291,313,314,333,334
334,334,3
91,92,345
247,247,13
22,23,68,69,70,72,91,92,94,115,138,327,328
27,27,23
2,3,4,5,22,23,26,27,46,68,69,71,72,91,92,97,115,116,120,301,328,329,330
226,226,23
5,22,25,26,27,46,49,50,58,69,71,72,92,94,97,98,116,161,168,301,325,327,329
71,71,36
2,3,4,5,22,23,27,28,46,48,49,50,51,58,68,69,70,71,72,73,80,91,92,93,94,95,97,106,161,301,303,325,327,328,329,330
171,171,40
1,3,4,5,23,24,25,26,27,28,47,48,49,50,51,68,69,70,71,72,73,74,80,91,92,93,94,95,97,98,116,120,121,122,145,303,325,327,328,330
342,342,67
1,2,3,4,5,23,25,26,27,28,46,47,48,49,50,51,55,56,58,68,69,70,71,72,73,74,79,80,91,92,93,94,95,96,97,98,102,103,115,116,119,120,121,122,123,139,142,143,144,145,161,166,167,168,191,193,301,303,319,325,326,327,328,329,330,331,335
223,223,63
1,3,4,5,6,22,23,24,25,26,27,46,47,48,49,50,51,55,56,58,68,69,70,71,72,73,74,78,79,80,90,91,92,93,94,95,97,98,103,115,116,118,120,121,122,126,144,166,193,300,301,302,303,323,324,325,326,327,328,329,330,331,343
433,433,69
1,2,3,4,5,6,22,23,24,25,26,27,28,35,46,47,48,49,50,51,55,56,58,68,69,70,71,72,73,74,78,79,80,91,92,93,94,95,96,97,99,103,116,118,120,121,122,126,141,144,145,166,167,168,192,193,300,301,302,303,319,324,325,326,327,328,329,330,343
215,215,73
1,2,3,4,5,22,23,24,25,26,27,28,45,46,47,48,49,50,51,55,56,58,68,69,70,71,72,73,74,78,79,80,91,92,93,94,95,96,97,98,99,101,102,103,115,116,120,121,122,123,126,145,149,162,166,167,168,186,187,192,193,300,301,303,323,324,325,327,328,329,330,331,343
304,304,75
1,2,3,4,5,22,23,24,25,26,27,45,46,47,48,49,50,51,55,56,58,67,68,69,70,71,72,73,74,75,78,79,80,90,91,92,93,94,95,96,97,98,101,102,103,115,116,120,121,122,126,143,145,149,162,167,168,169,191,193,300,301,302,303,305,323,324,325,327,328,329,330,331,342,343
442,442,71
1,2,3,4,5,22,23,24,25,26,27,28,45,46,47,48,49,50,51,55,56,58,68,69,70,71,72,73,74,78,79,91,92,93,94,95,96,97,98,99,101,102,103,113,115,120,121,123,126,143,144,149,166,168,187,191,192,193,301,302,303,304,305,319,323,324,325,327,328,330,331
399,399,80
1,2,3,4,5,21,22,23,24,25,26,27,28,45,46,47,48,49,50,51,55,56,58,67,68,69,70,71,72,73,74,78,79,90,91,92,93,95,96,97,98,99,100,102,103,115,116,120,121,122,126,136,143,144,145,162,166,167,168,169,191,192,193,300,301,302,303,304,319,323,324,325,326,327,328,329,330,331,342,343
460,460,56
1,2,3,4,5,22,23,24,25,26,27,45,46,47,48,49,50,55,56,58,68,69,71,72,73,74,78,79,91,92,95,96,97,102,103,120,121,122,126,138,144,167,168,193,291,301,302,303,304,323,324,325,326,327,329,330
575,575,69
1,2,3,4,5,22,23,24,25,26,27,28,45,46,47,48,49,50,51,55,56,58,68,69,70,71,72,73,74,78,79,80,90,91,92,95,96,97,101,103,119,120,121,122,126,143,144,145,149,162,165,167,168,169,192,193,267,300,301,303,304,319,320,323,324,327,328,330,343
160,160,81
1,2,3,4,5,22,23,24,25,26,27,28,45,46,47,48,49,50,51,55,56,58,67,68,69,70,71,72,73,74,78,79,80,90,91,92,93,95,96,97,98,101,102,103,113,114,115,119,120,121,122,126,136,138,144,146,147,149,167,168,169,180,185,192,193,248,268,300,301,302,303,304,320,323,324,325,327,328,329,342,343
568,568,74
1,2,3,4,5,21,22,23,25,26,27,45,46,47,48,49,51,55,56,58,68,69,70,71,72,73,78,79,80,90,91,92,95,96,97,101,102,103,113,114,115,120,121,122,126,136,137,138,143,144,145,146,168,185,192,193,241,248,295,297,300,302,303,304,305,319,320,323,326,327,329,330,342,343
568,568,74
1,2,3,4,5,21,22,23,25,26,27,28,44,45,46,47,48,49,50,51,55,56,58,67,68,69,70,71,72,73,78,79,80,90,91,92,95,96,97,101,102,103,113,114,116,120,122,126,136,137,138,144,146,167,168,180,184,187,193,216,248,297,302,303,304,305,320,323,326,327,328,329,330,342
423,423,50
1,2,3,4,22,23,25,27,45,46,47,48,49,50,51,55,58,67,68,69,71,72,73,78,79,80,90,91,92,96,97,101,102,103,115,121,126,144,168,300,303,304,305,323,324,325,326,327,329,330
449,449,69
1,2,3,4,5,22,23,24,25,26,27,45,46,49,50,51,55,58,67,68,69,70,71,72,73,78,79,80,81,90,91,92,96,97,101,102,103,113,114,115,120,121,122,126,136,137,138,143,144,145,159,168,180,184,187,192,193,194,300,303,304,323,324,325,326,327,329,330,342
382,382,75
1,2,3,4,5,21,22,23,24,25,26,27,44,45,46,47,49,50,55,56,58,67,68,69,71,72,73,78,79,80,81,90,91,92,94,95,97,98,101,102,103,113,114,115,116,120,121,122,126,136,138,143,144,145,168,180,192,193,232,233,257,297,300,301,305,319,320,323,324,325,327,329,330,331,343
142,142,89
1,2,3,4,5,22,23,24,25,26,27,28,38,44,45,46,48,49,50,51,55,56,58,67,68,69,70,71,72,73,78,79,80,81,90,91,92,93,94,95,96,97,98,99,101,102,103,113,114,115,119,120,121,122,123,126,136,143,144,145,161,167,168,184,188,193,194,216,229,232,240,248,256,300,304,305,319,320,323,324,325,326,327,328,329,330,331,342,343
467,467,14
252,253,276,297,298,299,320,321,322,341,342,343,344,345
264,264,105
23,44,45,46,68,69,89,90,91,92,110,111,112,113,114,115,132,133,134,135,136,137,138,154,155,156,157,158,159,160,161,177,178,179,180,181,182,183,184,201,202,203,204,205,206,207,223,224,225,226,227,228,229,230,246,247,248,249,250,251,252,253,268,269,270,271,272,273,274,275,276,290,291,293,294,295,296,297,298,299,310,312,313,314,315,316,317,318,319,320,321,322,333,334,335,336,337,338,339,340,341,342,343,344,345
523,523,153
9,10,11,12,13,14,15,16,17,18,32,33,34,35,36,37,38,40,41,54,56,57,58,59,60,61,62,63,64,78,79,80,81,82,83,84,85,86,100,101,102,103,104,105,106,107,109,121,122,123,124,125,126,127,128,129,130,131,143,144,145,146,147,148,149,150,151,152,153,154,165,166,167,168,169,170,171,172,173,174,175,176,188,189,190,191,192,193,194,195,196,197,198,210,211,212,213,214,215,216,217,218,219,220,221,222,233,234,235,236,237,238,239,240,242,243,255,256,257,258,259,260,261,262,263,264,265,278,279,280,281,282,283,284,285,287,299,301,302,303,304,305,306,307,308,309,310,324,325,326,328,329,331
546,546,137
1,2,3,4,5,6,7,8,9,10,11,12,13,14,24,25,26,27,28,29,30,31,32,33,34,35,36,47,48,49,50,51,52,53,54,55,56,57,58,70,71,72,73,74,75,76,77,78,79,80,93,94,95,96,97,98,99,100,101,102,103,116,117,118,119,120,121,122,123,124,125,139,140,141,142,143,144,145,146,147,148,162,163,164,165,166,167,168,169,170,185,186,187,188,189,190,191,192,193,208,209,210,211,212,213,214,215,231,232,233,234,235,236,237,238,254,255,256,257,258,259,260,277,278,279,280,281,300,301,302,303,304,323,324,325,326,345
24,24,120
1,2,3,4,5,6,7,8,9,10,11,12,24,25,26,27,28,29,30,31,32,33,34,47,48,49,50,51,52,53,54,55,56,58,70,71,72,73,74,75,76,77,93,94,95,96,97,98,99,100,101,102,116,117,118,119,120,121,122,123,124,125,139,140,141,142,143,144,145,146,147,162,163,164,165,166,167,168,169,185,186,187,188,189,190,191,208,209,210,211,212,213,214,215,231,232,233,234,235,236,237,254,255,256,257,258,259,260,277,278,279,280,282,300,301,302,323,324,325,326
329,329,117
1,2,3,4,5,6,7,8,10,11,24,25,26,27,28,29,30,31,32,47,48,49,50,51,52,53,54,57,70,71,72,73,74,75,76,77,93,94,95,96,97,98,99,102,103,104,116,117,118,119,120,121,122,124,125,126,127,139,140,141,142,143,144,145,146,147,148,162,163,164,165,166,168,169,170,171,172,185,186,187,188,190,191,192,194,195,196,208,209,210,211,213,216,218,219,231,232,233,234,235,236,237,238,254,255,256,257,258,277,278,281,300,301,303,323,324,325
533,533,108
1,2,3,4,5,6,7,8,9,10,12,24,25,26,27,28,29,30,31,32,47,48,49,50,51,52,53,54,57,70,71,72,73,74,75,76,77,93,94,95,97,99,101,104,116,117,118,119,120,123,124,125,126,127,139,140,141,142,143,146,147,148,149,150,162,163,164,165,166,169,170,171,172,174,185,186,189,192,193,194,195,196,208,209,214,215,216,217,218,219,220,231,232,235,236,237,239,240,242,254,255,256,258,260,277,300,301,323
80,80,93
1,2,3,4,5,6,12,24,25,26,27,28,29,30,31,32,33,34,47,48,49,50,51,52,53,54,55,70,71,72,73,74,75,76,77,93,94,95,96,97,98,99,100,101,116,117,118,119,121,122,123,124,125,139,140,141,142,143,144,145,146,147,149,162,163,164,165,168,169,170,171,172,187,188,189,208,209,210,211,212,213,214,215,216,232,233,234,236,237,238,256,257,281
303,303,77
1,2,4,5,6,8,24,25,26,27,28,29,30,47,48,49,50,51,52,53,70,71,73,74,75,76,77,93,94,95,97,98,99,100,116,117,118,120,122,123,139,140,141,142,143,144,146,162,163,164,166,168,186,187,189,208,211,212,233,234,238,243,257,264,266,267,278,288,289,290,291,311,312,313,314,336,337
457,457,71
2,5,6,7,8,26,27,28,30,31,32,33,34,47,48,49,50,51,52,53,54,70,71,72,73,74,75,76,77,93,94,95,96,97,98,99,100,117,118,119,120,122,123,143,189,211,238,240,243,263,264,265,266,267,277,286,288,289,290,291,301,311,312,313,314,333,334,335,337,338,339
372,372,62
2,3,4,5,6,7,8,9,26,27,28,29,30,48,49,50,51,52,53,54,70,71,74,75,76,77,78,93,94,96,97,99,100,116,117,118,120,121,122,123,141,143,165,170,175,189,213,238,240,262,264,265,267,285,286,288,291,312,314,333,334,335
422,422,48
2,5,6,7,28,30,53,54,75,77,78,94,99,100,123,191,197,213,215,218,219,220,238,240,241,242,243,244,262,263,264,265,266,267,268,284,285,286,287,288,289,290,291,311,313,314,334,335
276,276,55
7,8,9,10,52,54,75,76,77,96,98,99,100,120,121,122,123,141,142,144,148,170,171,195,196,218,219,220,231,237,238,239,240,241,242,243,244,256,261,263,264,266,267,288,289,290,311,313,314,333,334,335,337,338,339
513,513,51
6,7,8,29,52,53,75,76,98,99,100,124,142,144,145,147,148,166,170,171,192,214,215,218,219,220,237,238,242,243,244,261,262,263,264,265,267,284,286,291,311,312,313,314,315,333,334,335,336,337,338
513,513,52
31,53,54,78,99,117,124,147,148,163,169,170,171,172,175,190,195,196,198,215,218,219,220,237,238,239,240,241,242,243,261,262,263,264,265,266,267,286,290,291,309,311,312,313,314,315,333,334,335,336,337,338
2,2,45
7,9,29,75,76,78,99,117,140,147,163,169,170,174,194,195,197,215,218,219,220,238,241,242,243,244,261,262,263,265,266,267,290,291,311,312,313,314,333,334,335,336,337,338,339
426,426,36
8,9,29,52,75,99,140,147,170,171,172,174,194,195,197,215,219,238,242,243,244,261,267,290,291,311,312,313,314,315,333,334,335,336,337,338
134,134,35
8,9,29,30,32,53,99,128,129,152,163,175,197,198,219,220,232,242,243,244,261,264,267,268,290,291,311,312,313,314,335,336,337,338,339
8,8,35
6,8,9,30,31,53,141,152,175,197,198,219,220,221,241,243,244,245,263,264,267,268,280,290,291,311,312,313,314,315,335,336,337,338,339
122,122,30
8,9,29,30,31,53,149,174,175,197,198,220,221,243,244,267,268,280,290,291,311,312,313,314,315,335,336,337,338,339
232,232,16
29,30,198,220,243,245,267,290,291,312,313,314,335,336,337,338
326,326,32
8,30,76,149,172,174,175,194,197,198,219,220,221,243,244,245,264,266,267,268,289,290,291,312,313,314,315,335,336,337,338,339
434,434,26
8,146,150,152,172,175,194,198,220,221,243,244,245,266,267,288,290,291,312,313,314,315,335,336,337,338
128,128,22
175,194,197,198,220,221,243,244,267,268,289,290,291,311,312,313,314,315,335,336,337,338
485,485,17
197,198,220,243,244,245,267,268,290,291,312,313,314,335,336,337,338
138,138,6
267,268,290,314,336,337
44,44,1
337
200,200,1
117
200,200,1
81
382,382,14
4,26,27,28,49,50,69,74,80,81,97,104,138,161
304,304,7
267,268,290,291,314,315,337
217,217,9
267,268,290,291,312,313,314,315,338
266,266,12
245,266,267,268,290,291,312,313,314,315,337,338
93,93,18
197,221,244,245,258,262,266,267,268,288,289,290,291,313,314,315,337,338
547,547,26
30,124,141,175,197,198,218,221,244,245,258,262,267,268,289,290,291,292,313,314,315,316,336,337,338,339
547,547,33
29,41,53,111,169,175,194,197,198,218,219,220,221,243,244,245,258,262,266,267,268,289,290,291,292,312,313,314,315,316,337,338,339
260,260,33
8,29,30,41,53,88,124,148,149,169,171,174,175,198,216,218,220,243,244,258,262,266,267,268,269,290,291,292,313,314,315,337,338
470,470,39
7,8,9,30,32,41,55,88,118,147,149,169,171,172,174,175,197,219,220,221,243,244,245,254,258,267,268,269,290,291,292,312,313,314,315,316,337,338,339
175,175,34
9,18,41,42,65,66,87,88,110,111,158,159,160,183,188,196,206,207,220,229,244,252,267,268,290,291,292,313,314,315,316,318,337,339
483,483,72
18,19,20,21,22,23,41,42,43,44,45,46,64,65,66,67,68,69,87,88,89,90,91,92,110,111,112,113,114,115,133,134,136,137,138,159,160,161,180,182,183,184,197,198,205,206,207,221,229,230,243,244,245,251,252,253,266,267,268,276,290,291,292,311,313,314,315,318,334,335,337,338
308,308,92
18,19,20,21,22,23,39,40,41,42,43,44,45,46,63,64,65,66,67,68,69,85,86,87,88,89,90,91,92,107,108,109,110,111,112,113,114,115,130,131,132,133,134,135,136,137,138,155,156,157,158,159,160,161,180,181,182,183,184,204,205,206,207,225,226,227,228,229,230,249,250,251,252,253,271,272,273,274,275,276,294,295,297,298,299,314,320,321,322,343,344,345
266,266,103
15,16,17,18,19,20,21,22,23,39,40,41,42,43,44,45,46,62,63,64,65,66,67,68,69,85,86,87,88,89,90,91,92,107,108,109,110,111,112,113,114,115,130,131,132,133,134,135,136,137,138,153,155,156,157,158,159,160,161,179,180,181,182,183,184,203,204,205,206,207,225,226,227,228,229,230,248,249,250,251,252,253,272,273,274,275,276,294,295,296,297,298,299,317,319,320,321,322,339,342,343,344,345
127,127,115
14,15,16,17,18,19,20,21,22,23,38,39,40,41,42,43,44,45,46,61,62,63,64,65,66,67,68,69,84,85,86,87,88,89,90,91,92,107,108,109,110,111,112,113,114,115,130,131,132,133,134,135,136,137,138,153,154,155,156,157,158,159,160,161,177,178,179,180,181,182,183,184,201,202,203,204,205,206,207,225,226,227,228,229,230,248,249,250,251,252,253,270,271,272,273,274,275,276,294,296,297,298,299,316,317,318,319,320,321,322,341,342,343,344,345
508,508,135
13,14,15,16,17,18,19,20,21,22,37,38,39,40,41,42,43,44,45,60,61,62,63,64,65,66,67,68,84,85,86,87,88,89,90,91,106,107,108,109,110,111,112,113,114,129,130,131,132,133,134,135,136,137,152,153,154,155,156,157,158,159,160,161,175,176,177,178,179,180,181,182,183,184,198,199,200,201,202,203,204,205,206,207,222,223,224,225,226,227,228,229,230,245,246,247,248,249,250,251,252,253,268,269,271,272,273,274,275,276,291,292,293,294,295,296,297,298,299,314,315,316,317,318,319,320,321,322,339,340,341,342,343,344,345
531,531,140
5,6,7,8,9,10,11,12,13,28,29,30,31,32,33,34,35,36,52,53,54,55,56,57,58,59,75,76,77,78,79,80,81,82,83,84,85,99,100,101,102,103,104,105,106,107,122,123,124,125,126,127,128,129,130,145,146,147,148,149,150,151,152,153,169,170,171,172,173,174,175,176,177,192,193,194,195,196,197,198,199,200,215,216,217,218,219,220,221,222,223,224,238,239,240,241,242,243,244,245,246,247,262,263,264,265,266,267,268,269,270,271,285,286,287,288,289,290,291,292,293,294,310,311,312,313,314,315,316,317,321,333,334,335,336,337,338,339,340,341
305,305,103
1,24,25,47,48,70,71,72,93,94,95,116,117,118,119,120,139,140,141,142,143,147,162,163,164,165,166,170,171,185,186,187,188,189,190,193,194,208,209,210,211,212,213,214,215,216,217,231,232,233,234,235,236,237,238,239,240,241,254,255,256,257,258,259,260,261,262,263,264,277,278,279,280,281,282,283,284,285,287,300,301,302,303,304,305,306,307,310,311,313,314,323,324,325,326,327,328,329,330,333,334,335,336
534,534,71
24,47,70,93,94,116,117,119,139,140,141,142,143,162,163,164,165,166,185,186,187,188,189,208,209,210,211,212,213,231,232,233,234,235,236,237,254,255,256,257,258,259,260,261,277,278,279,280,281,282,283,284,300,301,302,303,304,305,306,307,310,323,324,325,326,327,328,329,330,333,334
220,220,33
185,208,211,231,232,254,255,267,268,277,278,279,290,291,300,301,302,310,311,312,313,314,315,317,323,324,325,333,334,335,336,337,338
558,558,23
174,175,198,252,267,268,289,290,291,310,311,312,313,314,315,317,333,334,335,336,337,338,339
179,179,9
290,291,310,313,314,333,334,337,338
574,574,1
92
511,511,13
23,45,46,49,58,68,69,70,91,92,156,329,331
220,220,15
22,23,26,46,49,50,58,68,69,72,91,92,94,291,331
370,370,25
4,22,23,26,27,46,48,49,50,51,58,68,69,70,71,72,79,91,92,120,301,324,325,326,327
505,505,35
1,3,4,22,23,25,26,27,45,46,49,50,51,58,68,69,70,71,72,73,80,91,92,96,97,122,288,301,324,325,326,328,329,330,331
321,321,47
1,3,4,5,21,23,25,26,27,35,45,46,47,48,49,50,56,58,68,69,70,71,72,73,79,80,91,92,95,96,97,99,103,120,122,169,252,301,303,304,325,326,327,328,329,330,331
399,399,71
1,2,3,4,5,21,22,23,24,25,26,27,28,34,35,45,46,47,48,49,50,51,55,56,57,58,59,68,69,70,71,72,73,74,75,78,79,80,81,91,92,94,95,96,97,98,99,101,102,103,119,120,121,122,144,167,169,189,193,261,300,301,304,319,324,325,326,327,329,330,331
357,357,60
1,2,3,4,5,12,21,22,23,24,25,26,27,28,35,45,46,47,48,49,50,51,52,56,57,58,68,69,70,71,72,73,74,75,79,80,81,91,92,94,95,96,97,98,99,101,102,119,120,122,189,300,304,319,325,328,329,330,331,342
399,399,70
1,2,3,4,5,12,21,22,23,24,25,26,27,28,35,45,46,47,48,49,50,51,55,56,57,58,68,69,70,71,72,73,74,75,78,79,80,91,92,93,95,96,97,99,101,102,116,119,120,121,122,143,144,145,166,167,189,190,192,193,226,260,304,308,323,328,329,330,331,342
445,445,63
1,2,3,4,5,12,22,23,24,25,26,27,28,35,45,46,47,48,49,50,51,55,56,58,68,69,70,71,72,73,74,78,79,80,91,92,94,95,96,97,98,102,119,120,121,122,144,162,166,167,189,303,304,308,319,320,324,329,330,331,336,342,343
443,443,66
1,2,3,4,5,6,12,22,23,24,25,26,27,28,35,45,46,47,48,49,50,51,55,56,58,68,69,70,71,72,73,74,78,79,80,92,93,94,95,96,97,98,101,102,119,120,121,122,143,167,169,191,193,260,301,303,304,305,307,315,319,323,328,329,330,342
0,0,67
1,2,3,4,5,12,15,22,23,24,25,26,27,28,35,45,46,47,48,49,50,51,55,56,58,68,69,70,71,72,73,74,78,79,80,91,92,94,95,96,97,98,100,102,119,120,121,122,144,167,168,190,191,193,220,260,304,305,307,319,323,324,328,329,330,331,342
297,297,75
1,2,3,4,5,22,23,24,25,26,27,28,30,45,46,47,48,49,50,51,55,56,58,68,69,70,71,72,73,74,75,78,79,80,81,91,92,93,94,95,96,97,98,99,102,103,115,118,119,120,121,126,143,144,146,149,165,167,168,169,190,303,304,306,307,319,320,323,325,328,329,330,331,342,343
282,282,71
1,2,3,4,5,6,12,22,23,24,25,26,27,28,45,46,47,48,49,50,51,55,56,58,68,69,70,71,72,73,74,78,79,80,81,91,92,93,94,95,96,97,98,102,119,120,121,122,126,144,165,166,168,183,190,191,192,208,248,261,303,304,305,306,323,325,327,328,329,330,331
426,426,63
1,2,3,4,5,22,23,24,25,26,27,28,45,46,47,48,49,50,51,55,56,58,68,69,70,71,72,73,78,79,80,91,92,93,95,96,97,98,102,119,120,121,122,126,149,166,167,168,175,183,191,303,304,305,307,319,323,325,328,329,330,331,342
421,421,81
1,2,3,4,5,6,15,22,23,24,25,26,27,28,45,46,47,48,49,50,51,55,56,58,59,68,69,71,72,73,74,78,79,80,81,90,91,92,93,94,96,97,102,103,120,121,122,123,144,145,149,166,167,168,183,189,191,232,237,261,300,302,303,304,305,306,307,308,319,323,324,325,326,327,328,329,330,331,332,342,343
199,199,82
1,2,3,4,5,12,22,23,24,25,26,27,28,45,46,47,48,49,50,51,55,58,67,68,69,70,71,72,73,74,78,79,80,81,91,92,93,94,96,97,98,100,102,103,115,118,119,120,121,122,126,136,142,143,144,145,149,159,165,167,168,183,220,231,257,300,301,302,303,304,305,319,323,324,325,327,328,329,330,331,342,343
54,54,70
1,2,3,4,5,22,23,24,25,26,27,28,35,38,45,46,47,48,49,50,51,55,58,67,68,69,70,71,72,73,74,78,79,80,91,92,97,98,99,102,103,115,121,122,126,127,142,143,144,145,149,168,183,193,212,247,301,303,304,305,319,320,323,324,325,326,328,329,330,331
417,417,71
1,2,3,4,5,15,22,23,24,25,26,27,28,38,44,45,46,47,48,49,50,51,55,56,58,68,69,71,72,73,74,78,79,80,91,92,96,97,98,102,103,120,121,122,126,136,144,145,149,159,168,192,208,242,300,301,302,303,304,305,306,319,320,323,325,326,328,329,330,331,342
134,134,74
1,2,3,4,5,22,23,24,25,26,27,28,38,39,45,46,47,48,49,50,51,55,56,58,68,69,70,71,72,73,74,78,79,80,90,92,94,96,97,98,102,103,113,115,120,121,122,126,144,145,149,159,168,186,192,193,224,300,301,302,303,304,305,306,307,319,323,325,326,328,329,330,331,342
288,288,80
1,2,3,4,5,15,21,22,23,24,25,26,27,28,38,39,44,45,46,47,48,49,50,51,55,56,58,68,69,70,71,72,73,74,78,79,80,81,90,91,92,93,96,97,98,99,102,103,104,121,122,126,144,145,149,168,180,192,193,225,233,261,300,301,302,303,304,305,307,319,320,323,324,325,326,328,329,330,331,342
187,187,85
1,2,3,4,5,15,21,22,23,24,25,26,27,28,38,44,45,46,47,48,49,50,51,55,56,58,60,67,68,69,70,73,74,78,79,80,81,91,92,93,94,96,97,98,99,103,114,115,116,119,120,121,122,123,126,142,144,145,149,168,192,193,209,224,254,261,263,300,301,302,303,304,306,307,319,320,323,324,325,326,328,329,330,342,343
269,269,13
207,230,252,253,275,276,298,299,321,322,343,344,345
346,346,103
21,22,23,43,44,45,46,66,67,68,69,89,90,91,92,111,113,114,115,134,135,136,137,138,156,157,158,159,160,161,178,179,180,181,182,183,184,201,202,203,204,205,206,207,223,224,225,226,227,228,229,230,246,247,248,249,250,251,252,253,268,269,270,271,272,273,274,275,276,290,291,292,293,294,295,296,297,298,299,311,313,314,315,316,317,318,319,320,321,322,333,334,335,336,337,338,339,340,341,342,343,344,345
523,523,153
9,10,11,12,13,14,15,16,17,18,19,20,32,33,34,35,36,37,38,39,40,41,43,54,55,56,57,58,59,60,61,62,63,64,76,77,78,79,80,81,82,83,84,85,86,98,99,100,101,102,103,104,105,106,107,108,120,121,122,123,124,125,126,127,128,129,130,131,142,143,144,145,146,147,148,149,150,151,152,153,154,165,166,167,168,169,170,171,172,173,174,175,176,177,188,189,190,191,192,193,194,195,196,197,198,199,212,213,214,215,216,217,218,219,220,221,234,235,236,237,238,239,240,241,242,243,244,256,257,259,260,261,262,263,264,265,279,280,281,282,286,287,288,302,303,304,307,308,310,311,325,327,329
530,530,135
1,2,3,4,5,6,7,8,9,10,11,12,13,24,25,26,27,28,29,30,31,32,33,34,35,36,47,48,49,50,51,52,53,54,55,56,57,58,70,71,72,73,74,75,76,77,78,79,80,81,93,94,95,96,97,98,99,100,101,102,103,104,116,117,118,119,120,121,122,123,124,125,126,139,140,141,142,143,144,145,146,147,148,162,163,164,165,166,167,168,169,170,185,186,187,188,189,190,191,192,208,209,210,211,212,213,214,215,231,232,233,234,235,236,237,254,255,256,257,258,259,277,278,279,280,281,282,300,301,302,303,323,324,325,326
76,76,121
1,2,3,4,5,6,7,8,9,10,11,12,24,25,26,27,28,29,30,31,32,33,34,36,47,48,49,50,51,52,53,54,55,56,57,70,71,72,73,74,75,76,77,78,79,80,93,94,95,96,97,98,99,100,101,102,103,116,117,118,119,120,121,122,124,139,140,141,142,143,144,145,146,162,163,164,165,166,167,168,169,185,186,187,188,189,190,191,193,208,209,210,211,212,213,214,215,231,232,233,234,235,236,254,255,256,257,258,259,277,278,279,280,300,301,302,320,323,324,325,326
313,313,116
1,2,3,4,5,6,7,8,9,10,11,12,24,25,26,27,28,29,30,31,32,33,34,35,36,37,47,48,49,50,51,52,53,54,55,56,57,70,71,72,73,74,75,76,77,80,81,93,94,95,96,97,98,99,100,103,104,116,117,118,119,120,121,122,123,125,139,140,141,142,143,144,145,146,162,163,164,165,166,167,185,186,187,188,189,190,208,209,210,211,212,213,214,231,232,233,234,235,254,255,256,257,258,259,277,278,279,280,300,301,302,303,323,324,325,326
32,32,108
1,2,3,4,5,6,7,8,9,10,11,12,24,25,26,27,28,29,30,31,32,33,34,35,37,47,48,49,50,51,52,53,54,55,56,57,70,71,72,73,74,75,76,77,79,80,93,94,95,96,97,98,99,100,101,102,116,117,118,119,120,122,123,139,140,141,142,143,145,162,163,164,165,166,169,171,185,186,187,188,189,190,191,208,209,210,211,231,232,233,234,235,236,238,254,255,256,257,258,259,260,277,279,281,301,303,323,344
438,438,90
1,2,3,4,5,6,7,8,9,11,24,25,27,28,29,30,31,32,33,34,47,48,49,50,51,52,53,54,55,56,70,71,72,73,74,75,76,77,81,93,94,95,96,97,98,99,100,102,116,117,118,119,121,139,140,141,142,143,145,146,148,162,163,164,165,166,185,186,188,189,190,208,211,212,213,214,216,231,232,233,234,235,236,254,255,257,258,277,278,323
481,481,75
1,2,3,6,7,8,9,11,24,27,30,31,32,33,35,47,49,52,53,54,55,56,70,71,73,75,76,77,78,93,94,96,97,98,99,101,102,116,118,119,121,122,123,139,140,142,143,145,146,162,163,164,165,166,167,168,171,186,187,189,190,208,209,210,211,213,214,233,234,235,257,260,262,280,333
56,56,67
2,9,24,25,26,52,71,93,94,95,96,98,99,116,117,118,119,120,123,124,125,140,141,142,143,145,162,164,165,166,167,174,183,184,185,187,189,190,191,197,206,207,209,210,211,212,213,214,220,230,232,235,237,238,250,251,254,255,258,260,261,274,285,320,322,333,343
561,561,57
9,47,70,93,94,95,96,98,116,117,118,119,120,124,139,140,141,142,143,144,145,162,163,164,165,166,167,169,186,187,188,189,190,191,209,210,212,213,214,215,216,230,232,233,235,236,237,238,239,251,253,255,258,260,282,322,333
220,220,35
116,117,119,126,140,141,142,143,144,149,150,151,162,163,164,165,166,167,173,174,189,197,210,211,212,213,220,234,235,236,266,289,290,313,314
455,455,46
9,10,32,102,116,117,119,124,126,139,140,141,142,143,150,151,162,163,164,165,166,173,174,185,196,197,209,210,212,216,226,231,234,235,236,237,243,250,251,252,260,320,322,327,333,345
134,134,37
9,22,93,94,116,117,119,139,140,141,142,143,144,164,165,166,167,175,187,206,211,212,213,228,235,236,237,238,256,259,261,262,282,297,322,333,345
451,451,42
9,93,116,117,118,139,140,141,142,143,151,163,164,165,166,167,173,188,190,196,197,211,212,213,218,220,234,235,236,237,239,242,252,257,258,266,290,313,314,322,327,345
16,16,30
33,99,100,116,117,123,139,140,141,142,143,163,164,165,166,167,188,189,190,194,211,212,213,233,236,251,252,298,322,345
350,350,15
32,33,100,123,142,164,165,166,189,212,252,297,298,314,327
560,560,22
8,9,10,33,56,140,151,163,166,175,198,212,218,242,243,258,297,314,320,321,336,337
366,366,19
8,9,32,33,53,75,116,141,151,164,174,175,197,198,218,252,298,314,336
441,441,12
9,10,32,33,151,198,242,252,258,290,313,314
115,115,5
142,151,165,174,197
133,133,22
7,10,31,53,75,127,140,150,151,164,165,174,188,197,198,212,221,242,243,290,311,314
381,381,16
32,110,142,150,151,163,164,165,173,174,188,197,198,244,245,314
358,358,15
140,142,151,163,165,174,188,197,198,221,245,266,289,290,314
366,366,12
151,197,198,221,245,266,290,312,314,315,337,338
73,73,1
68
44,44,1
130
246,246,4
3,4,184,218
260,260,5
3,4,27,50,161
238,238,16
3,4,5,26,27,28,49,50,80,81,92,114,138,161,308,323
495,495,8
174,268,291,292,313,314,336,337
52,52,10
194,244,268,290,291,312,313,314,315,337
93,93,14
170,194,221,244,245,267,268,290,291,312,313,314,315,337
95,95,13
174,220,221,243,244,245,267,268,290,291,313,314,315
14,14,19
64,140,163,174,197,220,221,244,245,267,268,290,291,292,312,313,314,315,338
273,273,25
8,64,75,87,88,99,140,141,144,164,170,174,197,220,221,244,245,267,268,290,291,292,313,314,315
366,366,27
65,75,87,88,99,118,129,142,143,144,147,165,169,170,174,222,244,267,268,289,290,291,292,313,314,315,333
58,58,36
8,9,18,31,75,87,88,99,110,112,118,119,142,143,147,164,169,170,174,197,220,221,222,244,245,268,269,290,291,292,313,314,315,333,334,337
374,374,28
18,19,22,23,46,64,65,75,87,88,89,118,136,141,142,157,160,164,170,188,291,292,293,314,315,316,333,337
342,342,71
16,18,19,20,21,22,23,39,40,41,42,43,44,45,46,63,64,65,66,67,69,87,88,89,90,92,110,111,112,133,134,135,136,137,157,158,159,160,161,175,181,182,183,184,198,204,205,206,207,228,229,230,245,250,251,252,253,267,268,269,274,275,276,290,292,313,314,315,317,322,334
316,316,93
16,17,18,19,20,21,22,23,38,39,40,41,42,43,44,45,46,61,62,63,64,65,66,67,68,69,84,85,86,87,88,89,90,91,92,107,108,109,110,111,112,113,114,115,130,131,132,133,134,135,136,137,138,156,157,158,159,160,161,178,180,181,182,183,184,204,205,206,207,227,228,229,230,249,250,251,252,253,272,273,274,275,276,297,298,299,317,318,321,322,333,344,345
90,90,103
15,16,17,18,19,20,21,22,23,38,39,40,41,42,43,44,45,46,61,62,63,64,65,66,67,68,69,84,85,86,87,88,89,90,91,92,107,108,109,110,111,112,113,114,115,131,132,133,134,135,136,137,138,155,156,157,158,159,160,161,177,180,181,182,183,184,202,203,204,205,206,207,225,226,227,228,229,230,247,249,250,251,252,253,272,273,274,275,276,295,296,297,298,299,317,320,321,322,341,342,343,344,345
514,514,116
13,14,15,16,17,18,19,20,21,22,23,37,38,39,40,41,42,43,44,45,46,61,62,63,64,65,66,67,68,69,83,84,85,86,87,88,89,90,91,92,107,108,109,110,111,112,113,114,115,130,131,132,133,134,135,136,137,138,153,154,155,156,157,158,159,160,161,176,177,178,179,180,181,182,183,184,201,202,203,204,205,206,207,224,225,226,227,228,229,230,248,249,250,251,252,253,272,273,274,275,276,294,295,296,297,298,299,317,319,320,321,322,342,343,344,345
517,517,136
13,14,15,16,17,18,19,20,21,22,37,38,39,40,41,42,43,44,59,60,61,62,63,64,65,66,67,68,83,84,85,86,87,88,89,90,91,106,107,108,109,110,111,112,113,114,129,130,131,132,133,134,135,136,137,152,153,154,155,156,157,158,159,160,161,175,176,177,178,179,180,181,182,183,184,198,199,200,201,202,203,204,205,206,207,222,223,224,225,226,227,228,229,230,245,246,247,248,249,250,251,252,253,268,269,270,271,272,273,274,275,276,292,293,294,295,296,297,298,299,309,314,316,317,318,319,320,321,322,339,340,341,342,343,344,345
508,508,140
5,6,7,8,9,10,11,12,28,29,30,31,32,33,34,35,51,52,53,54,55,56,57,58,59,74,75,76,77,78,79,80,81,82,83,98,99,100,101,102,103,104,105,106,107,120,121,123,124,125,126,127,128,129,130,145,146,147,148,149,150,151,152,153,168,169,170,171,172,173,174,175,176,177,192,193,194,195,196,197,198,199,200,216,217,218,219,220,221,222,223,237,238,239,240,241,242,243,244,245,246,247,261,262,263,264,265,266,267,268,269,270,285,286,287,288,289,290,291,292,293,294,309,310,311,312,313,314,315,316,317,331,333,334,335,336,337,338,339,340
303,303,104
1,24,25,30,47,48,52,53,70,71,72,73,74,93,94,95,96,97,116,117,118,119,120,139,140,141,142,143,144,162,163,164,165,166,167,178,185,186,187,188,189,190,208,209,210,211,212,213,214,215,216,231,232,233,234,235,236,237,238,239,254,255,256,257,258,259,260,261,262,277,278,279,280,281,282,283,284,285,290,300,301,302,303,304,305,306,307,310,311,313,314,323,324,325,326,327,328,329,330,331,333,334,335,336
316,316,69
1,24,47,48,70,93,94,116,117,118,119,139,140,141,142,162,163,164,165,185,186,187,188,189,208,209,210,211,212,213,231,232,233,234,235,236,254,255,256,257,258,259,260,277,278,279,280,281,282,283,300,301,302,303,304,305,306,307,310,323,324,325,326,327,328,329,330,333,334
14,14,37
87,197,198,208,220,231,232,233,244,254,255,267,268,277,278,279,282,287,290,291,300,301,310,311,312,313,314,315,323,324,325,333,334,335,336,337,338
274,274,31
64,87,88,108,174,175,197,198,220,229,243,244,267,268,282,289,290,291,310,311,312,313,314,315,317,333,334,335,336,337,338
551,551,17
87,197,244,267,268,290,291,310,313,314,315,333,334,335,336,337,338
378,378,11
268,290,291,310,313,314,315,333,334,336,337
185,185,4
291,314,333,337
36,36,3
46,69,92
188,188,12
3,15,23,38,45,58,68,69,88,92,115,328
85,85,15
4,23,26,34,45,46,58,68,69,91,92,111,300,326,328
441,441,28
3,4,12,15,22,23,26,38,45,46,50,58,68,69,80,81,91,92,97,115,189,300,308,324,325,327,328,329
357,357,53
2,3,4,12,15,22,23,24,25,26,27,28,34,38,45,46,48,50,55,57,58,68,69,70,72,73,80,91,92,98,99,103,115,122,149,161,166,170,189,193,208,231,300,301,302,303,308,323,325,326,327,328,329
545,545,29
1,3,4,22,26,34,38,45,46,50,58,69,73,80,91,92,98,138,193,300,301,302,323,324,325,326,328,329,330
390,390,59
2,3,4,15,22,23,24,26,27,33,38,45,46,48,50,51,55,56,57,58,68,69,72,73,74,75,79,80,91,92,94,95,96,97,98,99,121,122,138,142,149,161,166,192,193,231,300,301,302,303,323,324,325,326,328,329,330,331,332
382,382,59
1,2,3,4,11,15,22,25,27,28,35,45,46,47,48,50,51,55,56,57,58,68,69,72,73,74,75,76,78,79,80,92,97,98,99,115,121,122,123,149,161,166,167,169,231,300,301,302,303,323,324,325,326,327,328,329,330,331,332
59,59,48
1,2,3,4,5,22,23,26,27,38,45,46,47,50,56,57,58,68,69,72,73,74,76,79,91,92,97,98,99,122,123,146,149,166,189,300,301,302,323,324,325,326,327,328,329,330,331,332
274,274,60
1,2,3,4,15,22,23,24,25,26,27,35,45,46,48,49,50,51,56,57,58,67,68,69,72,73,74,75,76,79,80,91,92,97,98,99,103,121,122,123,137,142,143,168,170,231,300,301,303,323,324,325,326,327,328,329,330,331,332,342
282,282,58
1,2,3,4,5,15,22,23,24,25,26,27,28,34,35,45,46,49,50,51,55,56,58,68,69,71,73,74,78,79,80,92,97,98,99,115,121,122,123,138,142,166,208,231,300,301,303,304,320,323,324,325,326,327,328,329,330,331
365,365,66
1,2,3,4,5,15,22,23,25,27,33,35,45,46,47,48,49,50,51,55,56,57,58,68,69,72,73,74,79,80,91,92,94,97,98,99,103,120,121,122,123,138,143,145,146,149,162,166,189,231,300,301,302,303,304,306,308,323,324,325,326,327,328,329,330,331
0,0,56
1,3,4,22,23,24,25,26,27,28,33,45,46,49,50,51,55,56,57,58,68,69,72,73,78,80,81,91,92,94,98,99,103,110,121,122,123,125,126,142,145,146,193,208,300,301,303,307,323,324,325,326,327,328,329,330
425,425,83
1,2,3,4,5,22,23,24,25,26,27,28,32,33,35,45,46,49,50,51,55,56,57,58,68,69,71,73,74,75,77,78,79,80,81,82,90,91,92,93,94,96,98,99,100,102,118,120,121,122,123,124,125,143,145,146,149,162,163,165,166,168,169,170,178,185,208,231,262,300,301,302,307,320,323,324,325,326,328,329,330,331,342
334,334,71
1,2,3,4,5,10,15,22,23,25,26,27,33,46,49,50,51,55,56,57,58,68,69,72,73,75,77,78,80,81,91,92,98,99,100,101,102,103,120,121,122,123,124,125,126,143,144,145,146,148,162,165,167,170,171,185,193,208,300,301,303,304,305,306,323,324,325,326,327,329,330
275,275,59
1,3,4,22,23,24,25,26,27,33,45,46,49,51,55,56,57,68,69,72,74,76,78,80,81,91,92,94,95,100,101,121,122,123,124,125,126,139,143,145,146,165,166,170,185,295,300,301,302,304,305,307,308,323,324,326,329,330,331
292,292,59
1,2,3,4,5,22,23,27,32,33,45,46,49,51,55,56,58,68,69,71,73,74,75,76,78,79,80,91,92,94,98,99,101,102,103,121,122,123,125,142,145,146,163,166,193,300,301,302,303,304,305,307,323,325,326,329,330,331,342
326,326,73
2,3,5,22,23,24,25,27,28,32,33,35,38,45,46,49,51,55,56,57,58,68,69,71,74,76,78,79,80,81,82,91,92,94,98,99,100,101,102,103,116,118,119,121,122,123,125,126,139,143,144,145,146,163,165,166,167,169,193,208,232,242,300,301,302,303,304,305,324,325,326,329,330
267,267,56
1,2,3,4,22,23,25,26,27,35,46,48,50,55,56,58,68,69,71,75,78,80,81,91,92,94,99,100,102,103,116,119,121,123,126,139,143,145,147,163,165,166,167,198,231,300,301,302,303,304,306,324,325,326,329,331
491,491,65
2,3,5,15,22,23,25,27,28,31,33,38,46,50,52,54,55,56,58,59,60,68,69,70,71,75,78,79,80,81,91,92,93,94,98,99,101,102,103,116,122,126,139,142,143,144,145,146,166,167,169,185,188,300,301,302,303,304,323,324,325,326,327,329,336
392,392,13
230,252,253,275,276,298,299,321,322,342,343,344,345
549,549,101
21,22,23,43,44,45,46,66,67,68,69,89,91,92,111,112,113,114,115,134,135,136,137,138,156,157,158,159,160,161,179,180,181,182,183,184,201,202,203,204,205,206,207,224,225,226,227,228,229,230,244,245,247,248,249,250,251,252,253,267,268,270,271,272,273,274,275,276,290,291,292,293,294,295,296,297,298,299,313,314,315,316,317,318,319,320,321,322,333,334,335,336,337,338,339,340,341,342,343,344,345
524,524,154
1,9,10,11,12,13,14,15,16,17,18,19,30,31,32,33,34,35,36,37,38,39,40,41,52,54,55,56,57,58,59,60,61,62,63,64,65,76,77,78,79,80,81,82,83,84,85,86,87,88,98,99,100,101,102,103,104,105,106,107,121,122,123,124,125,126,127,128,129,130,133,144,145,146,147,148,149,150,151,152,153,167,168,169,170,171,173,174,175,176,190,191,192,193,194,195,196,197,198,199,214,215,216,217,218,219,220,221,222,236,237,239,240,241,243,256,257,258,259,262,263,264,265,277,279,280,281,282,283,284,286,287,288,289,301,302,303,304,305,306,307,308,310,311,323,324,325,326,327,328,329,330,331,333
546,546,136
1,2,3,4,5,6,7,8,9,10,11,12,13,14,24,25,26,27,28,29,30,31,32,33,34,35,36,47,48,49,50,51,52,53,54,55,56,57,58,70,71,72,73,74,75,76,77,78,79,80,93,94,95,96,97,98,99,100,101,102,103,116,117,118,119,120,121,122,123,124,125,126,139,140,141,142,143,144,145,146,147,148,162,163,164,165,166,167,168,169,170,185,186,187,188,189,190,191,192,208,209,210,211,212,213,214,231,232,233,234,235,236,237,254,255,256,257,258,259,277,278,279,280,281,300,301,302,303,304,305,321,323,324,325,326,327
19,19,120
1,2,3,4,5,6,7,8,9,10,11,13,24,25,26,27,28,29,30,31,32,33,34,47,48,49,50,51,52,53,54,55,56,57,70,71,72,73,74,75,76,77,78,79,93,94,95,96,97,98,99,100,101,102,116,117,118,119,120,121,122,123,124,125,139,140,141,142,143,144,145,146,147,162,163,164,165,166,167,168,185,186,187,188,189,191,208,209,210,211,212,213,231,232,233,234,235,236,254,255,256,257,258,277,278,279,280,281,300,301,302,303,304,305,323,324,325,326,327,328
245,245,117
1,2,3,4,5,6,7,8,9,10,11,14,24,25,26,27,28,29,30,31,32,33,34,36,46,47,48,49,50,51,52,53,54,55,70,71,72,73,74,75,76,77,93,94,95,96,97,98,99,100,102,103,116,117,118,119,120,121,125,139,140,141,142,143,144,145,146,147,162,163,164,165,166,168,169,170,185,186,187,188,189,190,191,208,209,210,211,212,213,231,232,233,234,236,254,255,256,258,277,278,279,280,281,283,300,301,302,303,304,305,307,323,324,325,326,327,330
68,68,107
1,2,3,4,5,6,7,8,9,24,25,26,27,28,29,30,31,32,33,47,48,49,50,51,52,53,54,70,71,72,73,74,75,76,77,93,94,95,96,97,98,99,100,101,116,117,118,119,120,121,122,124,125,139,140,141,142,143,144,145,146,149,162,163,164,165,166,167,168,169,185,186,187,189,190,191,192,208,209,210,211,212,231,232,233,234,236,237,238,254,255,256,257,277,278,279,280,281,300,301,302,303,304,305,323,324,333
411,411,92
1,2,3,4,5,6,8,9,24,25,26,27,28,32,47,48,49,50,51,52,53,54,56,70,72,73,74,75,76,77,78,93,94,96,97,98,99,100,101,102,116,117,119,120,121,122,123,125,139,140,141,142,143,144,145,146,147,163,165,166,167,168,169,170,185,187,189,190,191,192,208,211,213,215,236,237,238,255,256,257,277,278,282,284,300,301,302,303,305,323,324,325
48,48,82
1,2,3,4,5,8,12,24,26,27,28,29,30,31,34,36,37,47,49,51,52,54,56,57,59,70,76,77,78,81,82,83,93,101,116,118,119,120,129,140,141,142,144,162,163,164,165,186,187,188,189,213,216,231,235,241,255,256,257,258,259,277,278,279,280,281,282,283,300,301,302,303,305,307,312,313,323,324,325,328,329,330
387,387,71
1,4,5,6,7,8,12,25,27,28,29,30,35,37,53,54,56,59,71,77,78,79,82,83,96,97,98,99,118,120,121,187,208,211,212,216,232,233,234,235,236,254,255,256,258,259,277,278,279,280,281,282,283,289,300,301,302,303,304,305,307,313,323,324,325,326,328,329,330,333,334
467,467,62
5,6,11,12,28,29,36,54,56,72,74,77,79,82,98,99,101,117,164,185,186,188,192,208,209,210,213,231,232,233,234,235,236,242,254,255,256,257,258,259,277,278,279,280,281,282,283,300,301,302,304,305,306,323,324,325,326,327,328,329,330,331
237,237,45
5,6,30,36,54,58,59,60,77,79,82,83,105,106,129,152,208,211,215,231,232,233,234,255,256,257,258,259,277,278,280,281,282,283,301,305,306,314,323,324,326,327,328,329,330
438,438,52
6,30,36,77,79,82,83,105,106,129,142,164,186,187,188,189,191,192,194,208,209,210,211,213,214,215,231,232,233,234,235,254,255,256,257,258,259,260,277,278,281,282,300,301,305,323,324,325,326,327,328,335
293,293,42
6,13,30,36,141,165,166,188,189,191,208,209,210,211,212,213,231,232,233,234,235,237,255,256,257,258,259,277,278,281,282,300,301,302,304,305,323,324,325,326,327,328
347,347,42
6,29,36,37,82,105,128,141,151,152,162,163,164,165,189,208,209,210,211,212,213,231,232,233,234,235,254,255,256,257,258,277,278,281,300,301,314,323,324,325,326,336
138,138,32
34,59,162,163,164,165,188,189,191,208,209,210,212,213,231,232,233,234,235,254,255,256,257,258,259,277,300,305,323,324,327,336
23,23,18
141,162,163,164,165,189,208,209,211,212,213,232,233,234,257,312,324,335
542,542,22
141,162,163,164,165,166,188,189,208,209,210,211,212,213,232,233,257,258,312,335,336,337
157,157,16
162,163,185,188,208,209,210,213,233,290,312,313,314,334,335,336
106,106,8
164,208,209,210,289,290,313,337
131,131,3
81,138,161
491,491,16
118,139,162,194,208,209,241,289,290,311,312,313,314,335,337,338
86,86,10
162,163,266,288,289,290,312,313,314,337
221,221,7
162,163,289,290,313,314,337
146,146,2
289,314
30,30,6
4,26,81,92,104,161
23,23,6
26,81,104,161,184,258
80,80,9
3,4,27,51,80,81,138,161,217
143,143,6
3,4,11,51,161,327
43,43,18
3,4,5,25,26,27,28,51,74,81,104,138,161,184,326,327,328,338
495,495,3
3,40,81
487,487,3
290,314,337
497,497,7
268,290,291,313,314,333,337
572,572,8
267,290,291,313,314,333,334,338
288,288,16
266,267,268,288,290,291,312,313,314,333,334,335,336,337,338,345
44,44,22
23,140,144,217,221,244,267,268,288,290,291,312,313,314,315,333,334,335,336,337,338,345
358,358,25
119,130,140,162,163,219,243,244,245,265,267,268,288,290,291,292,311,312,313,314,315,333,334,336,345
158,158,32
69,141,146,153,163,170,195,219,243,244,245,265,267,268,269,289,290,291,292,312,313,314,315,322,333,334,335,336,337,338,344,345
562,562,33
21,23,45,46,65,69,87,92,110,115,130,137,206,229,244,245,252,268,269,289,290,291,292,310,313,314,315,316,333,334,335,336,337
291,291,76
18,19,20,21,22,23,41,42,43,44,45,46,64,65,66,67,68,69,87,88,89,90,91,92,110,111,112,113,114,115,130,136,137,138,153,158,160,161,170,171,175,176,182,183,184,197,205,206,207,218,220,228,229,230,243,244,246,252,267,275,290,291,292,298,310,312,313,314,315,333,334,335,336,337,339,345
463,463,96
15,16,17,18,19,20,21,22,23,36,39,40,41,42,43,44,45,46,63,64,65,66,67,68,69,85,86,87,88,89,90,91,92,107,108,109,110,111,112,113,114,115,130,131,132,133,134,135,136,137,138,155,156,158,159,160,161,179,180,181,182,183,184,201,202,203,204,205,206,207,225,227,228,229,230,249,250,251,252,253,268,273,275,276,291,292,297,298,299,314,317,322,339,340,344,345
290,290,105
14,15,16,17,18,19,20,21,22,23,38,39,40,41,42,43,44,45,46,62,63,64,65,66,67,68,69,84,85,86,87,88,89,90,91,92,107,108,109,110,111,112,113,114,115,131,132,133,134,135,136,137,138,153,154,155,156,157,158,159,160,161,179,180,181,182,183,184,203,204,205,206,207,225,226,227,228,229,230,248,249,250,251,252,253,272,273,274,275,276,295,296,297,298,299,318,319,320,321,322,323,342,343,344,345
313,313,117
13,14,15,16,17,18,19,20,21,22,23,36,37,38,39,40,41,42,43,44,45,46,60,61,62,63,64,65,66,67,68,69,83,84,85,86,87,88,89,90,91,92,107,108,109,110,111,112,113,114,115,130,131,132,133,134,135,136,137,138,154,155,156,157,158,159,160,161,177,178,179,180,181,182,183,184,201,202,203,204,205,206,207,224,225,226,227,228,229,230,248,249,250,251,252,253,272,273,274,275,276,294,295,296,297,298,299,318,319,320,321,322,323,342,343,344,345
531,531,137
13,14,15,16,17,18,19,20,21,38,39,40,41,42,43,44,45,60,61,62,63,64,65,66,67,68,84,85,86,87,88,89,90,91,106,107,108,109,110,111,112,113,114,115,128,129,130,131,132,133,134,135,136,137,152,153,154,155,156,157,158,159,160,161,175,176,177,178,179,180,181,182,183,184,198,199,200,201,202,203,204,205,206,207,222,223,224,225,226,227,228,229,230,244,245,246,247,248,249,250,251,252,253,268,269,270,271,272,273,274,275,276,291,292,293,294,295,296,297,298,299,314,316,317,318,319,320,321,322,323,339,340,341,342,343,344,345
523,523,140
4,5,6,7,8,9,10,11,12,28,29,30,31,32,33,52,53,54,55,56,75,76,77,78,79,80,83,84,97,98,99,100,101,102,103,104,105,106,107,108,120,121,122,123,124,125,126,127,128,129,130,144,145,146,147,148,149,150,151,152,153,154,168,169,170,171,172,173,174,175,176,177,178,191,192,193,194,195,196,197,198,199,200,201,215,216,217,218,219,220,221,222,223,224,238,239,240,241,242,243,244,245,246,247,262,263,264,265,266,267,268,269,270,285,286,287,288,289,290,291,292,293,294,309,310,311,312,313,314,315,316,317,333,334,335,336,337,338,339,340
323,323,103
1,24,47,70,71,72,73,93,94,95,96,97,98,99,101,116,117,118,119,120,121,122,139,140,141,142,143,144,145,162,163,164,165,166,167,168,169,185,186,187,188,189,190,191,192,208,209,210,211,212,213,214,215,231,232,233,234,235,236,237,239,254,255,256,257,258,259,260,261,277,278,279,280,281,282,283,284,285,286,300,301,302,303,304,305,306,307,308,309,310,323,324,325,326,327,328,329,330,331,333,334,335,336
319,319,67
1,47,70,93,94,95,116,117,118,119,139,140,141,142,162,163,164,165,185,186,187,188,208,209,210,211,212,213,231,232,233,234,235,236,254,255,256,257,258,259,260,277,278,279,280,281,282,283,300,301,302,303,304,305,306,307,310,323,324,325,326,327,328,329,330,333,334
144,144,33
208,231,232,254,255,267,268,277,278,279,282,289,290,291,300,301,302,310,311,312,313,314,317,323,324,325,333,334,335,336,337,338,339
105,105,25
229,243,267,268,281,289,290,291,294,310,311,312,313,314,317,318,333,334,335,336,337,338,339,340,345
132,132,14
267,290,291,310,311,312,313,314,333,334,335,336,337,338
573,573,4
291,314,333,334
520,520,6
22,46,68,91,330,331
170,170,13
3,22,23,27,46,68,73,91,139,325,327,329,331
423,423,29
1,2,3,4,5,16,22,23,25,26,27,45,46,56,68,69,73,91,103,114,115,127,300,303,325,326,327,330,331
100,100,42
2,3,4,5,16,22,23,24,25,26,27,28,45,46,47,48,51,68,69,72,73,91,92,102,103,115,121,126,127,145,237,238,300,303,323,324,325,326,327,329,330,331
231,231,48
1,2,3,4,5,16,22,23,25,26,27,28,45,46,48,49,51,56,67,68,69,70,74,79,91,92,102,115,121,122,127,144,145,167,231,300,303,305,308,324,325,326,327,328,329,330,331,343
323,323,61
1,2,3,4,5,7,16,22,23,24,25,26,27,28,45,46,47,48,49,51,55,56,57,67,68,69,70,72,79,80,90,91,93,101,102,104,121,122,126,127,138,139,144,145,165,166,167,168,192,231,237,238,300,304,308,323,329,330,331,332,343
439,439,61
1,2,3,4,5,7,8,16,21,22,23,24,25,26,27,28,33,34,45,46,47,49,50,51,56,57,59,68,69,79,91,92,93,95,101,102,115,116,120,121,122,126,142,144,145,166,168,169,184,192,208,231,308,323,325,326,328,329,330,331,343
257,257,64
1,2,3,4,5,15,16,22,23,24,25,26,27,28,29,45,46,48,49,50,55,56,59,68,69,70,79,80,81,91,92,94,98,103,104,116,120,122,126,127,138,139,145,166,168,184,187,191,209,231,232,237,308,315,320,323,324,325,326,328,329,330,331,343
512,512,74
1,2,3,4,5,22,23,24,25,26,27,28,33,34,35,37,45,46,47,48,51,56,57,58,59,67,68,69,70,78,81,91,92,93,94,98,101,102,103,114,116,121,122,126,127,139,144,145,165,167,168,169,184,187,191,192,194,195,208,231,232,237,256,261,278,308,323,325,326,327,328,329,330,343
214,214,77
1,2,3,4,5,7,16,21,22,23,24,25,26,27,28,30,35,37,45,46,47,48,49,51,56,57,58,59,68,69,70,74,78,80,81,91,92,93,95,98,100,101,102,103,104,114,115,116,121,122,125,138,139,143,145,162,166,168,169,172,187,190,192,195,231,297,302,303,304,323,325,327,328,329,330,331,343
491,491,69
1,2,3,4,5,7,15,16,22,23,24,25,26,27,28,35,45,46,48,51,57,58,68,69,70,73,81,91,92,93,94,96,98,101,102,103,114,116,119,121,122,139,144,145,150,167,168,169,180,187,191,192,194,195,201,208,297,302,303,304,319,323,325,326,327,328,329,330,343
424,424,71
1,2,3,4,5,6,7,22,23,24,25,26,27,28,34,35,45,46,47,48,51,56,57,58,59,68,69,70,73,74,75,78,81,90,91,92,94,95,96,97,98,102,103,114,121,122,126,127,137,142,150,162,163,167,184,191,192,194,195,231,285,303,308,320,323,325,327,328,329,330,331
213,213,75
1,2,3,4,5,6,7,15,22,23,24,25,26,27,28,33,35,45,46,48,50,51,56,57,58,59,68,69,72,73,78,79,80,91,92,94,95,96,97,98,99,101,102,103,114,116,119,121,122,123,125,137,138,150,167,184,186,192,194,195,196,224,231,256,285,302,319,325,326,327,328,329,330,331,343
296,296,72
1,2,3,4,5,15,16,22,23,24,25,26,27,28,33,34,35,45,46,48,50,51,56,57,59,68,69,70,72,73,78,80,91,92,97,98,99,100,102,103,121,122,125,126,127,138,145,150,167,168,172,184,192,194,195,196,218,223,302,303,304,319,323,325,326,327,328,329,330,331,342,343
500,500,79
1,2,3,4,5,12,15,22,23,24,25,26,27,28,34,35,45,46,49,50,51,52,55,56,57,58,68,69,72,73,75,78,79,80,81,91,92,93,94,95,96,97,98,99,100,101,102,103,104,114,116,120,121,122,126,137,138,143,145,167,168,171,172,184,192,193,194,195,225,285,311,319,325,327,328,329,330,331,343
493,493,68
1,2,3,4,5,12,15,24,25,26,27,28,35,45,48,49,50,51,56,57,58,59,68,69,70,72,73,74,78,79,80,81,91,92,94,95,96,97,98,100,102,103,113,114,116,121,126,137,145,149,167,168,172,184,192,194,195,200,319,323,324,325,326,327,328,329,330,331
390,390,83
1,2,3,4,5,9,12,13,15,24,25,26,27,28,29,32,35,45,47,48,50,51,54,56,57,68,69,70,71,72,73,74,78,79,80,81,82,91,92,94,95,96,97,98,99,100,102,103,114,120,121,122,123,125,126,138,145,149,168,169,170,172,179,184,191,192,193,194,195,196,200,297,302,319,323,324,325,327,328,329,330,331,343
199,199,79
1,2,3,4,5,12,15,24,25,26,27,28,33,34,35,45,48,49,50,51,55,56,57,68,69,70,73,74,78,79,80,81,91,92,94,97,98,99,100,102,103,104,113,114,118,121,125,126,138,143,145,149,167,168,169,172,173,191,192,194,195,196,200,231,250,256,297,301,319,320,321,323,324,326,327,328,329,330,331
199,199,76
1,2,3,4,5,7,12,15,24,25,26,27,28,29,34,35,45,47,48,49,50,51,55,56,57,58,68,69,71,73,74,78,79,80,81,91,92,93,94,97,98,99,100,101,102,103,114,121,137,145,146,149,167,173,191,192,194,196,200,201,208,216,297,301,302,304,323,324,325,326,327,328,329,330,331,343
151,151,87
1,2,3,4,5,12,15,24,25,26,27,28,29,31,33,34,35,45,47,48,49,50,51,53,55,56,57,58,68,69,70,71,73,74,75,76,78,79,80,81,91,92,95,97,98,99,101,102,103,104,113,114,120,123,127,136,137,138,145,167,168,169,172,173,178,186,191,192,194,195,196,200,240,256,300,301,304,313,323,324,325,326,328,329,330,331,342
188,188,86
1,2,3,4,5,6,7,15,24,25,26,27,28,30,31,35,45,47,48,49,50,51,56,57,58,68,69,71,73,74,75,76,77,78,79,80,81,90,91,92,94,97,98,99,100,101,102,103,104,114,115,119,120,123,126,137,144,148,149,150,162,166,168,172,191,192,195,196,200,202,208,209,233,256,287,298,301,304,319,323,324,325,327,329,330,343
17,17,9
253,276,298,299,321,322,343,344,345
77,77,100
22,23,44,45,46,66,67,68,69,89,90,91,92,111,112,113,114,115,133,134,135,136,137,138,156,157,158,159,160,161,178,179,180,181,182,183,184,198,201,202,203,204,205,206,207,221,224,225,226,227,228,229,230,246,247,248,249,250,251,252,253,269,270,271,272,273,274,275,276,291,292,293,294,295,296,297,298,299,312,313,314,316,317,318,319,320,321,322,334,335,336,337,338,339,340,341,342,343,344,345
524,524,153
8,9,10,11,12,13,14,15,16,17,18,31,32,33,34,35,36,37,38,39,40,41,42,43,54,55,56,57,58,59,60,61,62,63,64,65,77,78,79,80,81,82,83,84,85,86,87,88,100,101,102,103,104,105,106,107,108,109,110,111,123,124,125,126,127,128,129,130,131,132,133,144,145,146,147,148,149,150,151,152,153,154,155,156,167,168,169,170,171,172,173,174,175,176,177,178,189,190,191,192,193,194,195,196,197,198,199,212,214,215,216,217,218,219,220,221,222,235,236,238,239,240,241,242,243,244,257,258,259,260,262,263,265,280,282,283,284,285,286,289,290,302,304,305,307,310,325,326,327,328,329,330,333
555,555,138
1,2,3,4,5,6,7,8,9,10,11,12,13,14,24,25,26,27,28,29,30,31,32,33,34,35,36,47,48,49,50,51,52,53,54,55,56,57,58,59,70,71,72,73,74,75,76,77,78,79,80,81,93,94,95,96,97,98,99,100,101,102,103,116,117,118,119,120,121,122,123,124,125,126,139,140,141,142,143,144,145,146,147,148,162,163,164,165,166,167,168,169,185,186,187,188,189,190,191,192,208,209,210,211,212,213,214,215,231,232,233,234,235,236,237,254,255,256,257,258,259,277,278,279,280,281,282,300,301,302,303,304,323,324,325,326,327,328
298,298,123
1,2,3,4,5,6,7,8,9,10,11,12,13,24,25,26,27,28,29,30,31,32,33,34,35,47,48,49,50,51,52,53,54,55,56,57,70,71,72,73,74,75,76,77,78,79,80,93,94,95,96,97,98,99,100,101,102,116,117,118,119,120,121,122,123,124,125,126,139,140,141,142,143,144,145,146,162,163,164,165,166,167,168,185,186,187,188,189,190,191,208,209,210,211,212,213,231,232,233,234,235,236,237,254,255,256,257,258,277,278,279,280,300,301,302,303,304,323,324,325,326,327,328
455,455,118
1,2,3,4,5,6,7,8,9,10,11,24,25,26,27,28,29,30,31,32,33,34,35,36,47,48,49,50,51,52,53,54,55,56,57,60,61,70,71,72,73,74,75,76,77,78,79,80,82,83,84,93,94,95,96,97,98,99,100,101,103,116,117,118,119,120,121,122,124,125,139,140,141,142,143,147,148,162,163,164,165,166,168,170,185,186,187,188,189,190,208,209,210,212,231,232,233,235,237,254,255,257,277,278,279,281,300,301,302,303,304,306,323,324,325,326,327,328
552,552,110
1,2,3,4,5,6,7,8,9,10,11,12,14,24,25,26,27,28,29,30,31,33,36,37,38,39,47,48,49,50,51,52,53,54,55,56,57,59,60,70,71,72,73,74,75,76,77,78,79,83,85,93,94,95,96,97,98,107,108,116,117,118,119,120,122,123,139,140,141,142,143,146,153,162,163,164,165,166,167,185,186,187,188,208,209,210,211,231,232,233,234,235,254,255,258,259,277,278,300,301,302,304,305,306,307,323,326,329,330,331
253,253,95
1,2,3,4,5,6,7,8,9,12,24,25,26,27,28,29,30,31,32,34,35,36,37,47,48,49,50,51,52,53,54,57,58,59,60,70,71,72,74,75,76,77,81,93,94,95,96,97,98,99,100,101,103,105,106,116,117,118,119,120,122,123,125,139,140,141,142,143,144,145,146,148,162,163,164,165,168,170,186,187,188,209,210,232,233,255,258,301,302,306,323,324,326,327,330
330,330,81
1,2,3,4,5,6,7,8,24,25,26,27,28,29,30,32,47,48,49,52,53,54,56,70,71,75,76,78,93,94,99,100,101,102,116,117,118,119,122,123,124,125,140,141,142,143,144,145,146,152,163,165,166,167,169,189,191,192,208,209,210,231,232,256,259,282,283,284,300,306,307,308,312,323,324,325,327,329,330,331,336
222,222,72
1,4,6,24,29,30,31,33,47,48,52,53,54,70,71,72,78,93,94,95,96,100,116,117,118,119,123,141,144,152,166,167,169,178,192,193,194,208,209,210,215,231,232,233,235,240,256,258,259,266,282,283,284,303,304,306,307,308,312,323,324,325,326,327,329,330,331,332,333,335,336,338
411,411,64
5,7,10,24,25,31,32,33,34,47,48,52,54,55,70,71,77,93,94,100,117,118,119,123,141,144,145,146,147,163,169,186,193,210,228,233,234,235,242,256,258,259,260,266,280,283,284,301,302,303,304,306,307,308,311,312,323,326,327,330,331,332,333,335
123,123,43
1,6,8,33,34,37,48,54,70,117,118,119,129,145,163,186,194,256,259,260,266,268,283,284,285,291,300,301,302,304,306,307,308,314,325,326,329,330,331,332,333,335,336
410,410,54
1,7,10,13,14,24,31,33,36,37,47,48,59,72,93,94,96,109,118,130,141,144,146,163,169,192,193,194,210,237,243,252,256,258,266,278,282,283,284,292,300,301,305,306,307,308,312,324,330,331,332,333,335,345
117,117,45
7,8,9,10,12,16,24,31,33,37,39,48,54,55,71,77,87,94,95,96,110,118,144,196,210,235,237,252,256,261,277,283,284,285,290,306,307,308,314,323,324,330,331,332,333
407,407,42
2,13,32,36,37,48,53,59,71,87,94,96,110,130,210,211,212,233,234,235,237,243,245,254,260,268,269,283,284,285,292,307,308,314,315,323,330,331,332,333,338,339
422,422,30
12,14,16,24,31,37,48,53,54,62,71,87,105,110,186,187,236,237,252,260,261,269,283,284,285,307,308,314,333,338
491,491,18
7,13,24,36,87,109,110,238,252,261,276,284,285,299,308,314,333,336
64,64,25
37,109,133,220,243,245,246,252,266,269,285,290,291,292,299,312,313,314,315,333,335,336,337,338,339
525,525,21
14,37,87,135,179,246,252,269,276,285,289,290,299,313,314,315,333,335,337,338,339
334,334,16
14,86,87,246,252,290,299,312,313,314,315,333,335,336,338,339
234,234,10
140,162,164,245,290,312,313,314,336,338
568,568,23
87,110,117,140,141,156,162,163,164,243,245,267,268,289,290,292,312,313,314,336,337,338,339
29,29,16
110,117,140,141,163,164,289,290,312,313,314,315,336,337,338,339
15,15,17
86,139,163,198,245,267,268,290,291,312,313,314,315,335,336,337,338
225,225,14
110,139,163,289,290,291,312,313,314,315,336,337,338,339
512,512,6
312,313,314,315,337,338
23,23,9
290,291,312,313,314,315,336,337,338
122,122,4
313,314,315,338
557,557,3
313,314,337
51,51,4
3,80,92,161
15,15,14
87,244,267,268,289,290,291,312,313,314,315,316,337,338
473,473,16
133,220,244,245,266,268,289,290,291,292,312,313,314,315,337,338
210,210,21
41,64,175,198,220,221,243,244,245,266,268,289,290,291,312,313,314,315,337,338,339
562,562,25
87,111,220,221,243,244,245,266,267,268,269,288,289,290,291,292,312,313,314,315,316,336,337,338,339
407,407,32
87,88,110,140,141,159,175,197,220,221,243,244,245,266,267,268,269,288,289,290,291,292,298,312,313,314,315,316,336,337,338,339
358,358,36
87,110,119,130,133,141,142,143,159,163,174,197,220,221,243,244,245,266,267,268,269,288,289,290,291,292,312,313,314,315,316,317,336,337,338,339
332,332,41
41,64,87,94,108,110,111,118,119,131,140,146,159,163,174,175,197,220,221,222,243,244,245,266,267,268,269,288,289,290,291,292,312,313,314,315,317,336,337,338,339
65,65,46
64,87,88,94,95,96,110,111,112,117,118,119,131,134,136,141,142,159,163,174,197,220,221,243,244,245,266,267,268,269,288,289,290,291,292,312,313,314,315,316,317,336,337,338,339,340
487,487,43
41,64,65,86,87,88,108,110,111,112,130,131,133,134,135,157,158,159,174,180,182,204,205,228,229,245,250,251,252,253,268,272,276,288,291,292,295,314,315,317,318,337,338
526,526,82
18,19,20,21,22,23,42,43,44,45,46,65,66,67,68,69,85,86,87,88,89,90,91,92,108,109,110,111,112,130,131,134,136,138,153,157,158,159,160,161,175,178,182,183,184,204,205,206,222,223,224,229,230,244,246,250,251,252,253,266,267,268,274,275,276,289,290,291,292,295,312,313,314,315,317,318,334,335,336,337,338,345
289,289,96
16,17,18,19,20,21,22,23,39,40,41,42,43,44,45,46,62,63,64,65,66,67,68,69,85,86,87,88,89,90,91,92,108,109,110,111,112,113,114,115,131,132,133,134,135,136,137,138,156,157,158,159,160,161,179,180,181,182,183,184,203,204,205,206,207,226,227,228,229,230,250,251,252,253,272,273,274,275,276,290,291,295,296,297,298,299,314,317,318,320,321,322,342,343,344,345
223,223,104
15,16,17,18,19,20,21,22,23,38,39,40,41,42,43,44,45,46,61,62,63,64,65,66,67,68,69,84,85,86,87,88,89,90,91,92,107,108,109,110,111,112,113,114,115,130,131,132,133,134,135,136,137,138,154,155,156,157,158,159,160,161,178,179,180,181,182,183,184,203,204,205,206,207,225,226,227,228,229,230,249,250,251,252,253,272,273,274,275,276,294,295,296,297,298,299,319,320,321,322,342,343,344,345
321,321,116
13,14,15,16,17,18,19,20,21,22,23,36,37,38,39,40,41,42,43,44,45,46,60,61,62,63,64,65,66,67,68,69,83,84,85,86,87,88,89,90,91,92,107,108,109,110,111,112,113,114,115,130,131,132,133,134,135,136,137,138,153,154,155,156,157,158,159,160,161,178,179,180,181,182,183,184,201,202,203,204,205,206,207,224,225,226,227,228,229,230,248,249,250,251,252,253,271,272,273,274,275,276,295,296,297,298,299,318,319,320,321,322,323,343,344,345
523,523,135
14,15,16,17,18,19,20,21,22,36,37,38,39,40,41,42,43,44,45,60,61,62,63,64,65,66,67,68,83,84,85,86,87,88,89,90,91,92,106,107,108,109,110,111,112,113,114,115,129,130,131,132,133,134,135,136,137,138,152,153,154,155,156,157,158,159,160,161,175,176,177,178,179,180,181,182,183,184,199,200,201,202,203,204,205,206,207,222,223,224,225,226,227,228,229,230,245,246,247,248,249,250,251,252,253,268,269,270,271,272,273,274,275,276,291,292,294,295,296,297,298,299,314,316,317,318,319,320,321,322,341,342,343,344,345
508,508,141
4,5,6,7,8,9,10,11,12,13,14,28,29,30,31,32,33,34,37,51,52,53,54,55,56,57,58,59,75,76,77,78,79,80,81,82,83,84,98,99,100,101,102,103,104,105,106,107,108,122,123,124,125,126,127,128,129,130,131,146,147,148,149,150,151,152,153,169,170,171,172,173,174,175,176,177,178,193,194,195,196,197,198,199,200,201,215,216,217,218,219,220,221,222,223,224,239,240,241,242,243,244,245,246,247,262,263,264,265,266,267,268,269,270,271,286,287,288,289,290,291,292,293,294,309,310,311,312,313,314,315,316,317,333,334,335,336,337,338,339,340
323,323,102
1,2,4,24,25,26,28,47,48,49,50,51,70,71,72,73,93,94,95,96,97,116,117,118,119,120,122,139,140,141,142,143,162,163,164,165,166,167,185,186,187,188,189,190,191,208,209,210,211,212,213,214,231,232,233,234,235,236,237,238,239,254,255,256,257,258,259,260,261,262,277,278,279,280,281,282,283,284,285,286,300,301,302,303,304,305,306,307,308,310,323,324,325,326,327,328,329,330,331,332,333,334
88,88,67
1,24,47,48,70,71,72,93,94,95,116,117,118,139,140,141,142,162,163,164,165,185,186,187,188,208,209,210,211,212,231,232,233,234,235,236,254,255,256,257,258,259,277,278,279,280,281,282,283,300,301,302,303,304,305,306,307,310,323,324,325,326,327,328,329,330,333
478,478,33
185,208,209,231,233,244,254,255,259,267,268,277,278,282,290,291,300,301,310,311,312,313,314,323,324,325,333,334,335,336,337,338,339
261,261,26
174,198,204,205,228,244,245,267,268,282,290,291,310,311,312,313,314,315,317,333,334,335,336,337,338,339
452,452,14
174,268,290,291,310,312,313,314,333,334,335,336,337,338
499,499,5
290,291,313,314,333
391,391,6
22,23,46,68,69,329
241,241,18
4,22,23,27,45,46,54,68,69,81,91,103,122,127,327,328,329,330
55,55,28
4,5,22,23,35,45,46,56,58,68,69,78,79,80,81,91,92,102,103,114,127,149,304,326,327,328,329,331
416,416,43
4,5,15,22,23,26,27,32,33,35,45,46,55,56,58,59,68,69,76,77,78,80,91,92,99,100,101,102,103,104,114,122,127,149,167,301,304,324,326,327,328,329,330
431,431,51
3,4,5,15,22,23,28,31,32,33,35,45,46,50,54,55,56,57,59,68,69,75,76,78,79,80,91,92,98,99,100,101,102,104,114,127,149,150,172,173,300,301,303,304,324,325,326,327,328,329,330
54,54,76
1,3,4,5,15,16,22,23,26,27,28,29,31,32,33,35,36,45,46,49,51,52,53,54,55,56,57,58,59,68,69,70,74,75,76,77,78,79,80,81,90,91,92,98,99,100,101,102,103,104,114,122,125,126,127,136,146,149,150,166,167,172,185,189,192,300,301,304,308,324,327,328,329,330,331,342
446,446,65
4,5,6,22,23,27,29,30,31,33,34,35,36,45,46,49,50,52,53,55,56,59,68,69,70,71,73,75,76,77,79,80,90,91,92,98,99,100,101,102,103,104,113,114,122,125,126,127,136,149,150,159,166,167,168,300,302,324,325,326,327,328,329,330,331
222,222,80
3,4,5,6,15,22,23,27,28,29,31,32,33,35,36,45,46,47,49,51,52,53,55,56,57,58,59,67,68,69,70,75,76,77,78,79,80,82,90,91,92,95,98,99,101,102,104,114,121,122,123,125,126,127,136,146,149,166,168,186,188,189,190,209,254,300,302,304,308,323,324,325,326,327,328,329,330,331,332,342
240,240,55
4,5,6,12,22,23,28,29,31,33,45,46,49,55,56,59,67,68,69,77,78,79,80,90,91,92,98,99,101,102,104,114,120,121,122,125,126,127,136,143,146,149,189,208,300,302,303,323,325,326,327,328,329,330,331
425,425,86
2,4,5,6,7,13,22,23,24,26,27,28,29,31,32,33,34,35,36,45,46,47,49,50,54,55,56,57,59,68,69,71,77,78,79,80,81,82,90,91,92,95,96,97,98,99,100,101,102,103,104,114,119,122,123,125,126,127,136,137,146,149,166,170,173,185,189,208,296,300,301,302,303,304,305,308,313,323,324,325,326,327,328,329,330,331
169,169,68
4,5,6,7,8,22,23,24,27,28,29,31,33,34,45,46,47,49,50,55,56,57,59,67,68,69,73,74,75,78,79,80,81,82,91,93,95,98,99,101,102,104,114,122,123,125,126,127,136,146,149,172,185,208,212,260,300,302,304,305,308,323,325,326,327,329,330,341
319,319,80
3,4,5,6,7,8,22,23,24,26,27,28,29,31,32,33,34,45,46,50,51,52,54,55,56,57,58,68,71,73,75,76,78,79,80,81,91,92,94,95,96,97,98,99,100,102,103,104,113,114,123,125,126,127,136,143,149,159,165,166,168,185,186,195,212,300,302,303,304,305,323,324,325,326,327,328,329,330,331,343
308,308,83
3,5,6,7,8,9,13,22,23,27,28,29,30,31,32,33,34,35,36,45,46,49,50,51,52,53,54,55,56,57,58,59,67,68,69,71,73,74,75,76,77,78,80,90,91,92,94,99,101,102,103,104,114,121,122,123,125,126,127,136,138,143,149,150,162,171,172,187,195,212,213,291,300,302,323,324,325,326,327,328,329,330,331
459,459,48
4,5,6,23,27,29,31,32,36,45,46,49,51,52,56,57,68,74,75,76,78,80,91,92,94,97,99,101,102,103,114,122,126,150,187,208,300,301,315,323,324,325,326,327,328,329,330,331
486,486,92
1,4,5,6,10,13,21,22,23,24,26,27,28,29,31,32,34,35,44,45,46,52,53,55,56,57,59,67,68,69,71,72,73,74,76,77,78,79,80,90,91,92,94,95,98,99,100,101,102,103,104,114,122,125,126,136,137,143,146,148,149,150,161,162,165,166,172,185,186,187,188,190,195,196,208,212,213,296,297,300,302,306,323,324,325,326,327,328,329,330,331,343
292,292,79
4,5,6,8,21,23,24,27,28,31,32,34,35,44,45,46,47,51,52,53,55,56,57,58,67,68,69,70,73,74,75,76,77,78,79,80,91,92,94,98,99,100,101,102,103,114,117,121,122,123,124,125,126,127,142,143,145,149,150,161,167,171,172,173,185,187,195,208,297,300,305,323,324,325,327,329,330,331,342
513,513,67
3,4,5,6,7,21,22,23,24,27,28,29,33,34,45,46,49,50,51,52,53,55,56,57,58,59,67,68,71,74,75,77,78,80,91,92,98,99,101,102,103,114,115,126,136,143,146,150,161,172,185,186,195,208,267,300,302,323,324,325,326,327,329,330,331,342,343
508,508,54
1,4,5,7,8,22,23,28,29,32,35,45,46,49,50,52,53,55,56,57,58,68,69,73,74,76,77,78,79,80,81,91,94,95,98,99,100,101,102,103,114,125,126,127,148,149,150,172,208,300,313,324,326,327
197,197,78
3,4,5,6,7,8,15,22,23,26,27,28,29,31,34,38,44,45,46,49,52,53,55,56,57,59,67,68,69,70,71,74,75,76,77,78,79,80,81,91,92,94,95,97,99,100,101,102,103,104,114,124,126,127,138,144,148,149,150,165,171,172,173,186,190,208,301,302,303,320,324,325,326,327,328,329,331,343
506,506,53
2,3,4,6,7,8,21,22,23,25,27,28,44,45,46,49,52,55,56,57,67,68,70,74,75,76,78,79,80,91,94,95,99,100,101,102,103,104,122,123,144,148,149,150,172,186,303,320,325,329,331,341,342
367,367,85
2,3,4,5,7,8,12,13,21,22,23,26,27,28,30,31,32,33,35,44,45,46,49,50,51,52,55,56,57,58,67,68,69,70,72,74,76,77,78,79,80,81,91,93,94,95,97,99,100,101,102,103,104,114,117,118,124,125,126,127,136,143,148,149,150,166,170,172,173,185,191,208,285,300,303,319,320,324,326,327,328,329,330,331,342
543,543,8
230,253,276,299,322,343,344,345
82,82,98
44,46,67,68,69,88,89,90,91,92,111,112,113,114,115,133,134,135,136,137,138,154,155,156,157,158,159,160,161,177,178,179,180,181,182,183,184,199,200,201,202,203,204,205,206,207,223,224,225,226,227,228,229,230,246,247,248,249,250,251,252,253,270,271,272,273,274,275,276,291,292,293,294,295,296,297,298,299,313,314,316,317,318,319,320,321,322,333,336,337,338,339,340,341,342,343,344,345
547,547,154
10,11,12,13,14,15,16,17,18,19,20,33,34,35,36,37,38,39,40,41,42,43,56,57,58,59,60,61,62,63,64,65,66,77,78,79,80,81,82,83,84,85,86,87,88,89,101,102,103,104,105,106,107,108,109,110,111,123,124,125,126,127,128,129,130,131,132,133,146,147,148,149,150,151,152,153,154,155,169,170,171,172,173,174,175,176,177,178,179,187,188,190,192,193,194,195,196,197,198,199,200,201,202,212,214,215,216,217,218,219,220,221,222,224,235,237,239,240,241,243,245,246,257,258,259,260,262,263,264,280,281,282,283,284,285,301,302,303,304,305,306,307,308,310,323,325,326,327,328,329,330,331,333,345
541,541,139
1,2,3,4,5,6,7,8,9,10,11,12,13,14,24,25,26,27,28,29,30,31,32,33,34,35,36,47,48,49,50,51,52,53,54,55,56,57,58,70,71,72,73,74,75,76,77,78,79,80,93,94,95,96,97,98,99,100,101,102,103,116,117,118,119,120,121,122,123,124,125,126,139,140,141,142,143,144,145,146,147,148,162,163,164,165,166,167,168,169,170,185,186,187,188,189,190,191,192,193,208,209,210,211,212,213,214,215,231,232,233,234,235,236,237,238,254,255,256,257,258,259,277,278,279,280,281,282,300,301,302,303,304,305,323,324,325,326,327
88,88,124
1,2,3,4,5,6,7,8,9,10,11,24,25,26,27,28,29,30,31,32,33,34,47,48,49,50,51,52,53,54,55,56,57,58,70,71,72,73,74,75,76,77,78,79,93,94,95,96,97,98,99,100,101,102,103,116,117,118,119,120,121,122,123,124,125,139,140,141,142,143,144,145,146,162,163,164,165,166,167,168,169,185,186,187,188,189,190,191,192,208,209,210,211,212,213,214,231,232,233,234,235,236,254,255,256,257,258,277,278,279,280,300,301,302,303,304,323,324,325,326,327,328,329,343
28,28,120
1,2,3,4,5,6,7,8,9,10,11,12,13,14,15,24,25,26,27,28,29,30,31,32,33,34,35,36,37,38,40,47,48,49,50,51,52,53,54,55,56,59,61,70,71,72,73,74,75,76,79,93,94,95,96,97,98,99,100,101,105,107,116,117,118,119,120,121,122,124,139,140,141,142,143,144,145,162,163,164,165,166,168,185,186,187,188,189,208,209,210,211,212,231,232,233,234,235,254,255,256,257,258,277,278,279,280,281,300,301,302,303,304,305,323,324,325,326,327,328
83,83,113
1,2,3,4,5,6,7,8,9,10,13,14,16,24,25,26,27,28,29,30,31,32,36,37,47,48,49,50,51,52,53,55,56,60,61,70,71,72,73,74,75,76,77,93,94,95,96,97,98,99,103,116,117,118,119,120,121,122,126,139,140,141,142,143,145,146,162,163,164,165,166,170,174,185,186,187,188,208,209,210,211,212,213,229,231,232,233,234,235,236,254,255,256,257,260,277,278,280,281,297,300,301,302,303,304,305,323,324,325,326,327,328,329
419,419,99
1,2,3,4,5,6,7,9,13,23,24,25,26,27,28,29,30,31,33,47,48,49,50,51,52,54,70,71,72,73,74,75,78,79,93,94,95,97,98,99,100,102,116,117,118,119,121,122,123,125,139,140,141,142,143,146,162,163,164,165,185,186,187,189,190,191,207,208,209,210,211,212,229,231,232,233,234,235,236,254,255,256,257,258,277,278,279,280,281,300,301,302,304,323,324,325,326,327,328
464,464,83
1,2,3,4,5,8,24,25,26,27,28,29,30,33,47,48,50,51,52,69,70,71,72,93,94,96,98,99,116,117,118,119,123,124,139,140,141,142,143,145,162,163,164,165,185,186,187,188,189,207,208,209,210,211,212,229,230,231,232,233,234,235,254,255,256,257,258,277,280,281,300,301,302,303,304,323,324,325,326,327,328,329,330
573,573,74
1,2,3,4,5,22,23,24,26,27,28,44,45,46,47,48,50,67,69,70,86,93,94,110,111,116,117,139,140,141,142,157,162,163,164,185,186,187,188,189,205,206,207,208,209,210,211,212,213,229,230,231,232,233,234,235,255,256,257,277,280,281,300,301,302,304,305,323,324,325,326,328,329,337
242,242,64
5,23,24,28,46,69,93,94,110,111,112,116,117,118,134,139,140,141,162,163,164,166,181,185,186,187,188,189,206,207,208,209,210,211,212,229,230,231,232,233,234,235,252,253,254,255,256,257,280,281,300,301,302,304,305,323,324,325,326,327,328,329,330,333
125,125,48
22,23,45,46,65,69,87,110,111,133,139,140,157,162,163,164,166,187,189,207,208,209,230,231,232,233,234,235,252,256,257,268,280,281,300,301,302,303,304,305,323,324,325,326,327,328,329,331
58,58,56
18,19,20,21,22,23,42,43,44,45,46,65,66,67,68,69,90,91,92,111,113,115,134,156,157,164,165,187,188,189,203,206,207,210,211,230,232,233,235,252,254,256,257,258,277,280,281,300,301,302,304,305,323,326,327,328
157,157,50
19,20,21,22,23,42,43,44,45,46,65,66,67,68,69,89,90,91,92,110,113,114,134,156,164,187,207,230,231,232,233,235,254,256,257,277,278,280,281,300,301,302,303,304,305,323,325,326,327,328
381,381,51
19,20,21,22,23,42,43,44,45,46,64,65,66,67,68,69,89,90,91,92,112,113,115,133,134,186,188,209,214,229,231,232,233,234,235,252,254,255,256,257,258,277,280,281,300,301,302,304,305,323,328
413,413,46
16,18,19,20,21,22,23,42,43,44,45,46,65,66,67,68,69,87,89,90,91,92,110,111,112,113,139,156,157,190,207,232,233,235,252,254,255,256,257,277,280,281,300,301,305,328
489,489,36
19,20,21,22,23,42,43,44,45,46,65,66,67,68,69,89,90,91,92,113,133,156,158,212,230,233,252,256,257,277,280,281,300,301,305,328
124,124,40
19,20,21,22,23,42,43,44,45,46,65,66,67,68,69,87,89,91,92,109,110,113,133,135,156,157,230,232,233,252,256,257,258,259,280,281,305,328,337,338
139,139,37
18,20,21,22,23,42,43,44,45,46,65,66,67,68,69,87,89,90,91,92,110,112,133,134,156,232,233,243,252,254,256,257,280,281,305,328,338
366,366,34
17,19,20,21,22,23,41,42,43,44,45,46,66,67,68,69,89,90,91,92,110,114,133,156,232,233,252,256,257,280,281,305,328,337
486,486,23
20,21,22,23,43,44,45,46,66,67,68,69,88,89,90,91,92,115,256,257,280,281,305
442,442,34
18,19,20,21,40,42,43,44,64,65,66,87,89,110,112,113,134,135,136,157,158,214,232,254,256,257,266,268,280,281,290,291,313,314
389,389,30
17,20,21,22,40,41,42,43,44,45,46,66,68,69,88,89,90,91,112,114,135,252,254,256,257,280,281,290,291,314
358,358,25
16,18,19,20,21,42,65,66,67,108,109,112,113,244,255,256,266,280,281,290,291,314,337,338,339
217,217,23
20,21,22,23,43,44,45,46,64,68,69,88,89,90,91,92,256,280,281,290,291,314,338
136,136,12
17,18,19,20,21,41,42,65,66,87,291,314
489,489,17
16,20,21,22,43,44,45,64,67,68,69,88,89,90,92,112,113
246,246,11
18,19,20,21,42,65,66,68,291,314,315
289,289,13
17,20,21,22,41,44,45,68,69,90,91,114,281
256,256,2
49,97
571,571,15
21,22,23,43,44,45,46,68,69,91,290,314,315,338,339
495,495,23
18,19,20,21,22,23,45,46,64,68,69,90,110,133,291,292,313,314,315,316,337,338,340
499,499,27
21,22,23,41,42,43,44,45,46,64,67,68,69,88,91,110,268,290,291,292,313,314,315,316,338,339,340
8,8,30
16,17,18,19,20,21,22,23,42,45,46,64,66,69,88,169,188,244,245,268,291,292,314,315,316,317,337,338,339,340
373,373,38
18,21,22,23,40,41,42,43,44,45,46,68,69,86,87,88,91,110,111,169,188,219,220,244,245,267,268,290,291,292,293,313,314,315,316,317,338,340
134,134,42
16,18,19,20,21,22,23,41,42,45,46,64,65,66,67,68,69,87,88,89,90,110,111,142,147,148,169,220,243,244,267,268,290,291,292,314,315,316,317,338,339,340
273,273,44
16,17,18,19,21,22,23,42,43,44,45,46,63,64,65,66,68,69,87,88,91,110,111,112,137,147,169,171,172,174,188,221,243,244,252,267,268,291,292,314,315,316,338,340
43,43,49
17,18,19,20,21,22,23,41,42,43,44,45,46,64,65,68,69,85,87,88,89,107,110,111,112,113,136,137,142,147,159,160,169,195,210,214,221,244,267,268,291,292,314,315,316,317,322,338,340
256,256,46
18,20,21,22,23,41,42,43,44,45,46,64,65,66,67,68,69,87,88,89,90,91,92,109,110,111,112,113,114,115,134,135,136,137,157,160,183,204,228,229,253,275,276,291,292,316
66,66,79
16,17,18,19,20,21,22,23,39,40,41,42,43,44,45,46,64,65,66,67,68,69,85,86,87,88,89,90,91,92,107,108,109,110,111,112,113,114,115,130,133,134,137,138,152,161,174,200,205,217,220,221,222,230,243,244,245,252,253,267,268,270,271,289,291,292,293,294,312,313,314,315,316,317,318,338,340,341,345
326,326,94
15,16,17,18,19,20,21,22,23,39,40,41,42,43,44,45,46,63,64,65,66,67,68,69,85,86,87,88,89,90,91,92,107,108,109,110,111,112,113,114,115,130,131,132,133,134,135,136,137,138,156,157,158,159,160,161,179,180,181,182,183,184,202,203,204,205,206,207,224,225,226,227,228,229,230,250,251,252,253,272,273,275,276,296,297,298,299,317,319,320,321,322,344,345
56,56,104
15,16,17,18,19,20,21,22,23,38,39,40,41,42,43,44,45,46,61,62,63,64,65,66,67,68,69,84,85,86,87,88,89,90,91,92,107,108,109,110,111,112,113,114,115,131,132,133,134,135,136,137,138,156,157,158,159,160,161,179,180,181,182,183,184,202,203,204,205,206,207,225,226,227,228,229,230,248,249,250,251,252,253,271,272,273,274,275,276,295,296,297,298,299,318,319,320,321,322,323,342,343,344,345
90,90,116
14,15,16,17,18,19,20,21,22,23,37,38,39,40,41,42,43,44,45,46,61,62,63,64,65,66,67,68,69,84,85,86,87,88,89,90,91,92,107,108,109,110,111,112,113,114,115,130,131,132,133,134,135,136,137,138,153,154,155,156,157,158,159,160,161,178,179,180,181,182,183,184,201,202,203,204,205,206,207,224,225,226,227,228,229,230,247,248,249,250,251,252,253,270,271,272,273,274,275,276,294,295,296,297,298,299,318,319,320,321,322,341,342,343,344,345
539,539,136
13,14,15,16,17,18,19,20,21,22,23,37,38,39,40,41,42,43,44,46,60,61,62,63,64,65,66,67,68,69,83,84,85,86,87,88,89,90,91,92,106,107,108,109,110,111,112,113,114,115,129,130,131,132,133,134,135,136,137,138,152,153,154,155,156,157,158,159,160,161,175,176,177,178,179,180,181,182,183,184,199,200,201,202,203,204,205,206,207,223,224,225,226,227,228,229,230,246,247,248,249,250,251,252,253,269,270,271,272,273,274,275,276,293,294,295,296,297,298,299,315,316,317,318,319,320,321,322,323,339,340,341,342,343,344,345
531,531,143
5,6,7,8,9,10,11,27,28,29,30,31,32,33,34,51,52,53,54,55,56,57,60,74,75,76,77,78,79,80,81,98,99,100,101,102,103,104,105,106,107,115,121,122,123,124,125,126,127,128,129,130,145,146,147,148,149,150,151,152,153,168,169,170,171,172,173,174,175,176,191,192,193,194,195,196,197,198,199,200,215,216,217,218,219,220,221,222,223,238,239,240,241,242,243,244,245,246,247,261,262,263,264,265,266,267,268,269,270,271,284,285,286,287,288,289,290,291,292,293,294,308,309,310,311,312,313,314,315,316,317,318,331,332,333,334,335,336,337,338,339,340,341
252,252,104
1,4,24,29,47,48,51,70,71,72,74,93,94,95,96,97,98,116,117,118,119,120,121,139,140,141,142,143,162,163,164,165,166,185,186,187,188,189,190,191,192,193,208,209,210,211,212,213,214,215,216,226,231,232,233,234,235,236,237,238,239,254,255,256,257,258,259,260,261,262,263,277,278,279,280,281,282,283,284,285,286,300,301,302,303,304,305,306,307,310,314,323,324,325,326,327,328,329,330,331,332,333,334,335
289,289,70
1,24,26,47,70,71,93,94,95,116,117,118,119,139,140,141,142,162,163,164,165,185,186,187,188,189,208,209,210,211,212,213,231,232,233,234,235,236,254,255,256,257,258,259,260,277,278,279,280,281,282,283,284,300,301,302,303,304,305,306,307,323,324,325,326,327,328,329,330,333
56,56,35
18,19,20,21,22,42,43,66,67,91,114,197,198,208,231,254,267,268,277,278,290,291,300,301,310,313,314,323,324,325,333,334,335,336,337
332,332,28
20,21,22,23,44,45,46,66,69,92,243,244,252,267,268,290,291,310,312,313,314,315,317,333,334,335,336,337
139,139,17
20,22,23,43,44,46,69,290,291,310,313,314,315,333,334,336,337
495,495,6
43,290,291,314,333,334
410,410,1
314
456,456,9
4,5,26,28,74,80,101,328,329
434,434,22
3,4,5,26,27,28,50,73,76,80,81,97,100,103,121,122,123,127,190,328,329,330
362,362,33
2,3,4,5,26,27,28,38,50,51,58,73,79,81,97,100,101,102,103,104,121,122,126,127,302,304,324,325,327,328,329,330,331
47,47,30
2,3,4,5,25,26,27,28,47,49,50,51,59,73,97,99,101,122,126,172,173,300,302,303,304,325,327,328,329,331
391,391,49
1,2,3,4,5,15,25,26,27,28,34,48,49,50,51,55,56,57,70,71,72,73,78,79,81,97,100,101,102,122,124,126,149,150,157,162,166,177,178,190,201,296,304,324,325,329,330,331,343
79,79,34
2,3,4,5,15,25,26,27,28,47,49,50,51,55,56,72,73,78,79,95,97,100,101,102,122,126,302,324,325,326,328,329,330,331
341,341,45
1,2,3,4,5,6,11,25,26,27,28,47,49,50,51,55,56,57,72,73,74,78,79,95,96,97,98,99,101,102,103,126,142,190,304,305,323,324,325,326,327,328,329,330,331
97,97,45
1,2,3,4,5,25,26,27,28,34,35,47,49,50,51,54,55,56,57,71,72,73,78,79,96,97,98,99,100,101,102,103,149,172,301,302,323,324,325,326,327,328,329,330,331
559,559,49
1,2,3,4,5,13,25,26,27,28,29,31,34,47,49,50,51,53,54,55,56,57,58,73,78,79,80,97,98,100,101,102,103,125,149,156,231,301,302,304,319,324,325,326,327,328,329,330,331
231,231,43
1,2,3,4,5,12,25,26,27,28,33,49,50,51,55,56,57,71,73,78,80,81,97,98,100,101,102,103,127,152,300,301,302,304,323,324,325,326,327,328,329,330,331
64,64,49
1,2,3,4,5,6,26,27,28,31,33,49,50,51,55,56,57,71,72,73,78,79,80,81,97,98,100,101,102,103,122,125,126,172,188,300,301,302,304,305,323,324,325,326,327,328,329,330,331
32,32,37
1,2,3,4,5,6,25,26,27,28,49,50,51,55,56,73,78,79,80,100,101,102,103,104,122,295,300,301,302,323,324,325,326,327,328,329,330
359,359,51
1,2,3,4,5,6,8,13,25,26,27,28,31,33,49,54,55,56,57,58,59,71,74,78,79,80,81,98,100,101,102,103,104,125,126,172,185,196,300,301,302,323,324,325,326,327,328,329,330,331,343
