504,516
483,483,50
243,244,245,246,247,248,249,250,265,266,267,268,269,270,271,272,273,287,288,289,290,291,292,293,294,295,296,298,299,300,301,302,303,309,310,311,312,313,314,315,316,317,318,319,320,321,322,323,324,325
309,309,2
63,64
130,130,1
109
465,465,1
289
92,92,2
86,175
545,545,5
105,108,148,153,154
212,212,1
245
15,15,2
243,245
325,325,12
243,244,245,265,268,269,270,271,293,294,310,316
116,116,33
127,243,244,245,246,249,265,266,267,268,269,270,271,272,287,288,289,291,292,293,294,295,296,309,311,312,313,314,315,316,317,318,319
335,335,18
244,245,246,265,267,268,269,270,271,272,291,292,293,294,296,313,315,317
226,226,21
111,244,245,246,265,266,267,268,269,270,271,272,291,292,293,294,295,310,314,315,316
406,406,23
244,245,246,265,266,267,268,269,270,271,272,273,288,290,291,292,293,294,296,309,310,311,317
568,568,25
244,245,246,265,266,267,268,269,270,271,272,273,288,290,291,292,293,294,295,296,297,309,310,315,318
433,433,25
157,221,244,245,246,247,265,266,267,268,269,270,271,272,273,288,289,290,291,292,293,294,309,311,315
206,206,36
180,203,221,226,243,244,245,246,247,265,266,267,268,269,270,271,272,273,274,288,289,290,291,292,293,294,295,296,299,309,315,317,318,319,320,321
206,206,40
48,180,204,221,243,244,245,246,247,250,251,265,266,267,268,269,270,271,272,273,274,275,276,277,288,289,290,291,292,293,294,296,298,299,309,315,318,319,320,321
192,192,41
111,204,221,243,244,245,246,247,250,251,252,265,266,267,268,269,270,271,272,273,274,275,276,277,289,290,291,292,293,294,296,297,298,315,317,318,319,320,321,322,325
312,312,44
67,155,221,227,228,243,244,245,250,251,252,253,267,268,269,270,271,272,273,274,275,276,277,278,289,290,291,292,293,296,297,298,299,300,301,320,321,322,323,324,325,326,327,328
534,534,42
136,180,181,197,204,221,228,229,243,244,245,246,247,248,251,252,253,266,268,269,270,271,272,274,275,276,277,290,291,292,293,294,297,298,299,300,301,320,321,322,323,324
178,178,49
135,136,139,157,158,180,182,199,204,205,221,222,228,229,243,244,245,246,247,248,251,252,253,254,268,269,270,271,272,274,275,276,277,291,292,293,294,296,297,298,299,300,301,320,321,322,323,324,325
198,198,47
135,136,158,159,180,181,182,199,204,205,206,221,222,228,244,245,246,247,248,249,251,252,253,266,268,269,270,271,272,275,276,277,289,291,293,294,298,299,300,301,320,321,322,323,324,325,327
128,128,48
136,158,160,181,182,199,205,206,221,222,223,225,228,229,230,243,244,245,246,247,248,249,252,253,266,269,270,271,272,275,276,277,287,288,290,291,293,294,299,300,301,302,309,310,321,322,323,324
482,482,17
176,198,220,241,242,263,264,284,285,286,306,307,308,327,328,329,330
483,483,76
19,20,21,22,40,41,42,43,44,62,63,64,65,66,84,85,86,87,88,106,107,108,109,110,127,128,129,130,131,132,149,150,151,152,153,154,172,173,174,175,193,194,195,196,216,238,239,257,258,259,260,262,263,278,279,280,281,282,283,285,286,299,300,301,302,303,304,305,307,308,320,321,322,323,324,325
546,546,130
10,11,12,13,14,15,16,17,18,19,22,31,32,33,34,35,36,37,38,39,40,42,52,53,54,55,56,57,58,59,60,61,62,74,75,76,77,78,79,80,81,96,97,98,99,100,101,102,103,104,116,117,118,119,120,121,122,123,138,139,140,141,142,143,144,145,160,161,162,163,164,165,166,181,182,183,184,185,186,187,189,202,203,204,205,206,207,208,224,225,226,227,228,229,230,245,246,247,248,249,250,251,267,268,269,270,271,272,273,274,275,288,289,290,291,292,293,294,295,296,297,310,311,312,313,314,315,316,317,318
252,252,128
1,2,3,4,5,6,7,8,9,10,11,14,18,23,24,25,26,27,28,29,30,31,32,33,45,46,47,48,49,50,51,52,53,54,55,56,67,68,69,70,71,72,73,74,75,76,89,90,91,92,93,94,95,96,97,98,111,112,113,114,115,116,117,118,119,133,134,135,136,137,138,139,141,143,155,156,157,158,159,160,163,177,178,179,180,181,182,184,199,200,201,202,203,204,205,221,222,223,224,225,226,227,228,243,244,245,246,247,248,249,265,266,267,268,269,270,287,288,289,290,291,309,310,311,312,314,316,317
435,435,118
1,2,3,4,5,6,7,8,9,10,11,12,23,24,25,26,27,28,29,30,31,32,33,34,35,36,45,46,47,48,49,50,51,52,53,54,55,56,67,68,69,70,71,72,73,74,75,76,77,78,89,90,91,92,93,94,95,96,97,98,99,111,112,113,114,115,116,117,118,119,120,121,122,133,134,135,136,137,138,139,140,141,143,155,156,157,158,159,160,163,177,178,179,180,181,182,183,184,199,200,202,203,205,221,222,243,244,245,246,265,266,267,287,288,289,309,310,311
461,461,109
1,2,3,4,5,6,7,8,9,10,11,12,13,23,24,25,26,27,28,29,30,31,32,33,45,46,47,48,49,50,51,52,53,54,55,67,68,69,70,71,72,73,74,75,76,89,90,91,92,93,94,95,96,97,98,111,112,113,114,115,116,117,118,133,134,135,136,137,138,139,155,156,157,158,159,160,177,178,179,180,181,182,183,199,200,201,202,203,204,221,222,223,224,225,226,227,243,244,245,246,265,266,267,268,287,288,289,309,310
139,139,103
1,2,3,4,5,6,7,8,9,10,11,12,23,24,25,26,27,28,29,30,31,32,33,45,46,47,48,49,50,51,52,53,54,67,68,69,70,71,72,73,74,75,89,90,91,92,93,94,95,96,111,112,113,114,115,116,117,118,133,134,135,136,137,141,155,156,157,158,159,160,177,178,179,180,181,182,199,200,201,202,203,204,221,222,223,224,225,226,227,228,243,244,245,246,265,266,267,275,276,287,288,289,309
226,226,93
1,2,4,5,6,7,8,9,11,19,23,24,25,28,29,30,31,32,33,35,45,46,50,51,54,56,67,68,69,70,74,79,89,90,91,92,93,101,111,112,113,114,117,133,134,135,155,156,157,158,177,178,179,180,181,199,200,201,202,203,204,205,221,222,223,224,226,227,228,243,244,245,246,247,251,252,265,266,267,268,269,270,273,274,275,287,288,289,292,293,296,309,310
294,294,84
5,6,7,8,9,10,15,20,23,29,30,33,34,37,52,53,54,55,67,68,69,70,73,76,78,79,89,90,91,92,111,113,118,133,134,135,155,156,157,177,178,179,180,199,200,201,202,203,204,221,222,223,224,225,226,227,228,229,243,244,245,246,247,248,250,252,253,265,266,267,268,269,270,274,275,276,287,288,289,290,292,296,309,310
389,389,74
6,7,8,21,23,24,32,51,53,67,68,69,70,90,91,113,133,134,135,136,155,156,157,177,178,179,180,199,200,201,202,203,204,221,222,223,224,225,226,227,228,229,243,244,245,246,247,248,249,250,252,253,265,266,267,268,269,272,273,274,276,287,288,289,290,291,294,295,296,297,298,309,310,313
361,361,65
5,6,7,19,21,22,30,44,53,68,69,90,91,133,134,135,155,156,157,177,178,179,180,199,200,201,202,203,204,205,221,222,223,224,225,226,243,244,245,246,247,248,249,253,265,266,267,268,269,270,271,272,273,274,287,288,289,290,291,292,294,295,296,309,310
491,491,56
6,19,91,111,112,113,133,134,135,155,156,157,158,177,178,179,180,181,199,200,201,202,203,204,221,222,223,224,225,226,243,244,245,246,247,248,265,266,267,268,269,270,271,273,274,287,288,289,290,291,295,309,310,311,312,317
378,378,49
111,112,133,134,155,156,177,178,179,180,199,200,201,202,203,221,222,223,224,225,226,243,244,245,246,247,248,265,266,267,268,269,270,271,273,274,275,287,288,289,290,291,295,296,309,310,311,312,313
362,362,89
1,8,9,10,11,15,16,17,18,19,20,21,29,30,31,32,33,34,39,40,41,42,43,44,51,52,53,55,62,63,64,65,66,71,86,87,88,92,93,95,96,107,108,109,110,114,127,128,129,130,131,132,133,134,135,138,149,150,151,152,153,154,155,156,157,158,159,172,173,174,175,176,179,180,181,195,196,197,198,218,219,220,240,241,242,265,287,288,309
390,390,44
133,138,140,141,155,156,159,160,161,162,178,179,180,181,182,183,201,202,204,205,222,223,224,225,226,227,243,246,247,248,249,250,251,265,266,269,271,272,289,290,309,310,311,313
50,50,37
68,100,139,140,141,157,158,159,160,161,180,181,182,183,201,202,203,204,205,223,224,225,226,227,243,247,248,249,265,266,268,287,289,309,310,311,313
86,86,25
45,56,67,68,79,111,140,157,158,159,160,181,182,183,205,224,225,226,227,248,249,265,266,287,288
414,414,18
23,45,46,67,68,89,90,111,135,159,160,161,181,182,183,184,265,266
200,200,14
23,45,46,67,68,89,90,111,160,182,183,184,185,266
149,149,8
45,67,68,89,90,111,243,266
561,561,10
24,45,67,68,89,90,113,243,244,267
493,493,14
2,45,67,68,89,90,111,113,135,243,244,265,266,267
343,343,82
5,14,15,16,17,18,19,20,21,25,27,28,36,37,38,39,40,41,43,46,47,48,49,50,58,59,60,61,62,63,64,67,68,69,70,71,72,79,80,81,82,89,90,91,92,93,94,101,102,103,104,105,111,112,113,114,115,124,125,126,127,133,134,135,136,137,155,156,157,158,159,177,178,179,180,181,199,201,202,224,311,312
139,139,60
29,30,31,50,51,52,53,54,55,68,71,72,73,76,77,90,93,94,95,96,97,98,115,116,117,118,119,120,135,137,138,139,140,142,157,159,160,161,162,163,181,184,185,186,205,207,208,209,226,227,236,237,261,262,263,282,284,285,286,307
273,273,69
30,31,32,51,53,54,55,56,68,72,73,77,78,79,93,94,95,96,115,116,117,118,137,138,139,140,141,159,160,161,162,163,164,181,182,183,184,185,186,187,203,204,205,207,208,209,210,225,226,227,232,233,234,236,237,238,239,240,260,261,262,263,281,282,283,284,285,286,306
105,105,84
8,20,21,29,30,31,51,52,53,54,55,71,72,73,77,78,79,93,94,95,96,97,110,115,116,117,118,119,132,137,138,139,140,141,142,154,159,160,161,162,163,164,165,174,176,182,183,184,185,186,187,188,203,204,205,206,207,208,209,210,211,220,227,228,230,232,233,234,236,237,238,239,240,249,260,261,262,263,282,283,284,299,306,330
318,318,96
8,9,10,15,16,17,18,19,20,21,22,31,32,39,40,41,42,43,44,51,52,53,54,61,62,63,64,65,66,71,72,83,84,85,86,87,88,93,94,95,105,106,107,109,110,115,116,117,127,128,129,130,131,132,138,139,140,150,151,152,153,154,159,160,162,163,164,172,173,174,175,176,193,194,195,196,197,198,209,217,218,219,220,237,239,240,241,242,261,262,263,264,284,285,286,330
297,297,103
9,10,14,15,16,17,18,19,20,21,22,37,38,39,40,41,42,43,44,59,60,61,62,63,64,65,66,82,83,84,85,86,87,88,103,104,105,106,107,108,109,110,116,127,128,129,130,131,132,147,149,150,151,152,153,154,165,170,171,172,173,174,175,176,188,194,195,196,197,198,214,216,217,218,219,220,234,236,237,238,239,240,241,242,259,260,261,262,263,264,282,283,284,285,286,304,305,306,307,308,328,329,330
295,295,111
14,15,16,17,18,19,20,21,22,35,36,37,38,39,40,41,42,43,44,60,61,62,63,64,65,66,80,81,82,83,84,85,86,87,88,102,103,104,105,106,107,108,109,110,125,126,127,128,129,130,131,132,147,148,149,150,151,152,153,154,155,170,171,172,173,174,175,176,191,192,193,194,195,196,197,198,214,215,216,217,218,219,220,235,236,238,239,240,241,242,258,259,260,261,262,263,264,282,283,284,285,286,303,304,305,306,307,308,328,329,330
310,310,124
10,12,16,17,19,20,21,22,32,40,41,42,43,44,54,55,61,62,63,64,65,66,85,86,87,88,103,104,105,106,107,108,109,110,123,124,125,126,127,128,129,130,131,132,144,145,146,147,148,149,150,151,152,153,154,166,167,168,169,170,171,172,173,174,175,176,189,190,191,192,193,194,195,196,197,198,212,213,214,215,216,217,218,219,220,234,235,236,237,238,239,240,241,242,257,258,259,260,261,262,263,264,278,279,280,281,282,283,284,285,286,302,303,304,305,306,307,308,325,326,327,328,329,330
117,117,133
1,2,3,4,5,6,7,8,24,25,26,27,28,29,30,46,47,48,49,50,51,52,53,68,69,70,71,72,73,74,75,76,91,92,93,94,95,96,97,98,103,114,115,116,118,119,120,121,124,126,136,137,143,144,145,146,159,164,165,166,167,168,169,170,171,187,188,189,190,191,192,193,194,195,209,210,211,212,213,214,215,216,218,228,230,231,232,233,234,235,236,237,240,241,253,254,255,256,257,258,259,260,261,262,274,276,277,278,279,280,281,282,296,297,298,299,300,301,302,303,304,306,320,321,322,323,324,325,326,327,328,329,330
250,250,108
1,2,3,4,5,6,23,24,25,26,27,28,29,45,46,47,48,49,50,51,67,68,69,70,71,72,73,89,90,91,92,93,94,95,111,112,113,114,115,116,133,134,135,136,137,138,155,156,157,158,159,160,162,163,164,165,177,178,179,180,181,182,183,184,185,186,187,199,201,202,203,204,205,206,207,208,209,222,223,224,225,226,227,228,229,230,245,246,247,248,249,250,251,252,253,268,270,271,272,273,275,294,295,296,297,298,316,318
124,124,76
1,2,3,23,24,25,26,45,46,47,48,67,68,69,70,89,90,91,111,112,113,133,134,135,155,156,157,158,159,177,178,179,180,181,199,200,201,202,205,221,222,223,224,225,226,227,243,244,245,246,247,248,249,250,265,266,267,268,269,270,271,287,288,289,290,291,292,293,294,309,310,311,312,313,314,315
319,319,57
1,2,23,24,25,26,27,28,29,45,46,47,48,49,50,51,52,67,68,73,74,89,99,111,120,133,134,155,156,157,177,178,179,199,200,201,221,222,223,243,244,245,246,265,266,267,268,269,287,288,289,290,309,310,311,312,313
279,279,43
1,2,3,4,5,6,7,8,23,24,25,26,27,28,29,30,45,46,47,48,49,50,51,52,53,70,71,72,73,74,75,89,91,92,98,99,111,120,122,133,146,166,253
360,360,28
1,2,3,4,5,6,7,23,24,25,26,27,28,31,47,48,49,50,52,67,74,75,77,101,122,165,166,253
465,465,22
2,3,4,24,25,26,27,29,30,47,48,49,50,51,52,54,76,123,143,146,167,253
94,94,15
1,2,3,4,6,8,24,25,26,29,47,48,49,76,144
378,378,5
3,4,7,26,167
153,153,4
237,244,264,275
449,449,16
22,213,226,241,246,257,264,281,282,283,297,299,307,308,329,330
397,397,18
206,220,231,241,244,246,251,257,263,265,266,281,282,287,296,298,299,307
2,2,19
209,210,218,220,225,229,232,245,246,257,263,266,267,272,282,287,299,308,318
8,8,19
207,210,220,228,230,244,245,250,265,266,268,282,287,296,300,309,313,318,320
169,169,17
207,219,220,229,230,231,240,242,244,246,264,267,287,288,296,309,318
405,405,25
200,208,210,230,231,232,242,243,250,263,264,280,281,282,288,289,296,297,298,299,300,309,310,320,321
475,475,22
76,208,210,220,228,229,230,242,248,263,264,266,287,288,289,298,299,300,309,310,313,320
107,107,23
76,78,208,211,220,229,230,231,232,242,248,249,263,278,279,280,281,290,291,309,310,321,322
326,326,15
141,211,220,230,231,242,243,248,257,268,278,279,280,287,310
303,303,26
76,210,220,231,242,252,257,263,264,266,267,274,276,278,279,280,287,288,289,290,291,309,311,321,322,324
499,499,15
56,94,123,194,211,214,263,264,283,290,291,309,310,321,325
335,335,17
94,115,116,117,211,212,215,234,250,263,264,266,288,290,291,309,321
45,45,14
22,123,139,212,214,242,289,290,291,310,311,312,322,326
520,520,24
9,54,55,94,114,117,139,182,191,212,213,215,234,263,266,302,303,310,311,312,321,322,323,324
53,53,16
54,55,88,117,123,138,192,212,213,303,310,312,313,322,323,329
415,415,19
44,53,54,191,192,212,213,214,233,281,283,298,301,305,311,323,328,329,330
207,207,23
54,55,57,58,63,139,159,193,212,213,241,262,282,283,292,303,306,307,313,322,323,328,330
504,504,25
54,55,57,58,119,192,193,212,213,214,233,234,241,282,283,284,285,292,303,304,310,321,323,324,329
191,191,43
48,53,54,55,57,58,59,73,117,118,120,121,125,126,147,148,149,160,162,169,234,269,282,283,284,285,290,292,302,303,304,306,307,311,314,319,323,324,325,326,327,329,330
7,7,25
58,104,120,121,125,126,141,142,150,198,235,269,270,283,285,286,305,306,307,308,325,326,327,329,330
421,421,39
71,105,106,120,126,127,128,148,151,163,190,192,196,197,198,212,217,233,236,270,275,284,285,286,290,291,292,296,304,306,307,308,312,313,326,327,328,329,330
142,142,33
49,70,71,105,106,120,122,125,127,128,147,148,191,212,216,218,270,271,275,284,285,286,296,304,306,307,308,311,325,326,327,328,330
199,199,34
49,70,105,120,121,125,128,129,147,164,172,190,196,212,217,218,264,270,271,284,285,286,290,291,292,305,306,307,308,317,326,327,328,330
149,149,31
108,128,130,147,148,149,172,174,176,188,191,196,211,212,217,233,270,271,272,275,285,286,292,293,296,307,308,318,326,327,328
101,101,39
95,120,125,126,129,141,142,148,166,170,171,173,174,175,176,177,190,191,197,210,211,213,214,215,252,271,272,273,276,285,286,296,307,308,312,314,326,327,328
332,332,32
15,49,96,142,148,149,175,176,187,190,191,194,195,197,211,212,213,214,215,233,259,274,284,285,286,293,308,314,326,327,328,329
370,370,36
49,97,98,118,120,148,171,173,175,176,188,190,191,192,195,197,198,213,214,215,216,217,232,249,250,254,271,272,274,276,284,285,286,327,328,329
391,391,58
15,16,30,35,36,53,71,75,85,96,97,98,100,101,116,117,118,119,120,121,122,127,128,130,131,142,143,149,154,174,176,197,198,211,216,228,240,249,250,253,262,263,271,273,275,283,284,285,286,293,306,307,314,325,326,328,329,330
316,316,42
15,16,30,49,71,72,74,75,76,77,94,96,97,98,108,109,117,119,129,130,131,132,149,174,197,213,214,215,219,254,264,271,272,273,274,275,286,293,294,316,328,329
95,95,47
15,16,30,52,72,75,76,96,97,98,99,100,108,109,110,118,129,130,131,145,150,176,190,196,198,206,213,214,215,233,234,253,254,257,271,274,275,276,293,294,295,315,325,326,327,328,329
217,217,49
8,30,75,76,77,78,79,80,96,98,100,101,109,120,122,127,128,130,142,146,149,150,164,190,196,198,209,213,215,232,233,234,235,254,256,257,273,275,276,293,294,295,296,315,316,317,328,329,330
312,312,45
8,9,16,75,76,77,78,79,80,81,89,97,98,99,100,101,102,108,122,140,145,150,167,186,189,198,209,214,233,235,236,237,254,255,256,261,272,273,274,276,295,296,316,317,328
414,414,18
220,241,242,261,262,263,264,283,284,285,286,305,306,307,308,328,329,330
514,514,80
18,19,20,21,22,40,41,42,43,44,63,64,65,66,85,86,87,88,106,107,108,109,110,128,129,130,131,172,173,174,193,194,195,213,214,215,216,217,218,220,234,235,236,237,238,239,240,241,242,256,257,258,259,260,261,262,263,277,278,279,280,281,282,283,284,285,298,299,300,301,302,303,304,318,319,320,321,322,323,324
531,531,137
8,9,10,11,12,13,14,15,16,17,18,19,29,30,31,32,33,34,35,36,37,38,39,40,41,51,52,53,54,55,56,57,58,59,60,61,72,73,74,75,76,77,78,79,80,81,82,94,95,96,97,98,99,100,101,102,115,116,117,118,119,120,121,122,123,137,138,139,140,141,142,143,144,145,158,159,160,161,162,163,164,165,166,168,179,180,181,182,183,184,185,186,187,188,202,203,204,205,206,207,208,223,224,225,226,227,228,229,232,245,246,247,248,249,253,266,267,268,269,270,274,288,289,290,291,293,298,299,300,309,310,311,316,317,318,319,321
530,530,124
1,2,3,4,5,6,7,8,9,10,11,12,13,14,15,16,23,24,25,26,27,28,29,30,31,32,33,34,36,38,45,46,47,48,49,50,51,52,53,54,55,67,68,69,70,71,72,73,74,75,76,77,78,89,90,91,92,93,94,95,96,97,98,111,112,113,114,115,116,117,118,119,133,134,135,136,137,138,139,140,155,156,157,158,159,160,161,162,163,165,177,178,179,180,181,182,183,199,200,201,202,203,204,221,222,223,224,225,226,227,243,244,245,246,265,266,267,268,287,288,289,309,310,311
453,453,115
1,2,3,4,5,6,7,10,12,23,24,25,26,27,28,29,30,33,45,46,47,48,49,50,51,52,53,67,68,69,70,71,72,73,74,75,85,89,90,91,92,93,94,95,96,97,111,112,113,114,115,116,117,118,119,133,134,135,136,137,138,139,140,155,156,157,158,159,160,161,177,178,179,180,181,182,183,184,199,200,201,202,203,204,205,221,222,223,224,225,226,227,243,244,245,246,247,249,265,266,267,268,269,270,287,288,289,290,291,292,309,310,311,312,313
371,371,109
1,2,3,4,5,6,7,8,9,10,11,12,13,14,23,24,25,26,27,28,29,30,31,32,33,34,45,46,47,48,49,50,51,52,53,67,68,69,70,71,72,73,74,76,89,90,91,92,93,94,95,96,97,111,112,113,114,115,116,117,118,119,133,134,135,136,137,138,139,155,156,157,158,159,160,177,178,179,180,181,182,199,200,201,202,203,221,222,223,224,225,226,243,244,245,246,248,265,266,267,268,287,288,289,290,309,310,311,312
332,332,103
1,2,3,4,5,6,7,8,9,11,12,14,15,22,23,24,25,26,27,28,29,30,31,45,46,47,48,49,50,51,52,53,67,68,69,70,71,72,73,74,75,78,89,90,91,92,93,94,95,99,100,111,112,113,114,115,116,117,118,119,133,134,135,136,137,138,139,155,156,157,158,159,160,162,177,178,179,180,181,199,200,201,202,203,221,222,223,224,241,243,244,245,261,265,266,267,287,288,289,299,310,311,312
378,378,94
1,2,3,4,5,6,7,8,9,12,20,21,22,23,24,25,26,27,28,29,30,43,44,45,46,47,48,49,50,51,52,65,66,67,68,69,70,71,72,73,87,88,89,90,91,93,94,108,111,112,113,114,115,116,118,133,134,135,136,137,138,155,156,157,158,177,178,179,180,199,200,201,220,221,222,223,241,242,243,244,260,261,266,267,279,280,281,282,299,300,301,319,320,322
362,362,80
1,2,3,4,5,6,8,20,21,22,23,24,25,26,27,28,29,30,43,44,45,46,47,49,50,51,65,67,68,71,72,85,87,88,89,94,95,110,111,116,137,138,159,177,179,199,200,220,221,222,240,241,242,244,260,261,262,263,264,266,267,278,279,280,281,282,283,298,299,300,301,302,303,304,319,320,321,322,323,324
20,20,66
1,2,3,4,5,20,21,22,23,24,25,26,27,43,44,45,46,64,65,66,67,86,87,88,95,109,110,179,180,181,200,201,219,220,222,223,240,241,242,258,259,260,261,262,263,265,279,280,281,282,283,284,298,299,300,301,302,303,304,318,319,320,321,322,323,324
520,520,62
1,2,3,4,5,21,22,23,25,26,27,43,44,46,47,51,65,66,67,72,73,87,88,108,109,201,219,220,222,223,240,241,242,244,258,260,261,262,265,266,267,278,279,280,281,282,283,299,300,301,302,303,304,309,318,319,320,321,322,324,325,326
536,536,54
1,2,3,4,5,21,22,23,25,26,27,28,44,46,47,51,52,65,67,73,74,87,88,95,202,209,219,220,223,240,241,244,246,261,262,265,266,279,280,281,282,283,287,299,300,301,302,303,304,309,320,321,322,325
536,536,51
1,2,3,4,5,21,22,23,24,26,27,44,47,48,52,65,67,68,88,103,201,202,203,204,219,224,230,231,244,252,261,266,267,280,282,283,287,295,298,299,300,301,302,303,309,314,320,321,322,323,324
521,521,74
19,20,40,41,42,43,61,62,63,64,82,83,84,85,86,103,104,105,106,107,124,125,126,127,128,129,146,147,148,149,150,167,168,169,170,171,172,188,189,190,191,192,193,210,211,212,213,214,215,231,232,233,234,235,253,254,255,256,257,274,275,276,277,281,296,297,298,301,302,303,316,317,322,324
29,29,48
6,28,29,46,49,65,69,70,86,87,88,108,126,127,128,129,170,233,234,235,255,256,257,258,273,274,275,276,277,278,279,280,282,295,298,299,300,301,302,303,316,318,319,320,321,322,323,324
37,37,43
7,28,29,30,49,53,65,69,70,74,86,87,107,108,129,203,204,269,270,275,277,281,282,287,291,293,296,298,300,301,302,303,309,313,314,316,317,319,321,322,323,324,325
343,343,42
28,29,30,49,50,52,53,65,66,86,87,107,108,109,129,182,189,203,205,224,226,230,267,269,270,277,287,288,289,290,293,298,302,303,309,312,320,321,322,323,324,325
13,13,42
29,30,44,49,65,66,86,87,107,108,109,129,151,155,182,184,205,225,226,247,269,277,281,283,287,288,289,291,299,301,302,303,305,309,311,318,320,322,323,324,325,327
414,414,41
30,31,44,65,66,85,86,87,88,107,108,109,129,130,151,183,205,223,227,228,243,268,277,283,284,287,288,289,290,293,301,302,303,305,306,309,323,324,325,326,327
141,141,44
19,22,41,43,44,64,65,66,85,86,87,88,107,108,109,110,128,129,130,151,172,185,205,262,269,283,284,285,288,289,290,302,303,304,305,306,309,311,323,324,325,326,327,328
335,335,48
42,43,44,63,64,65,66,85,86,87,88,107,108,109,110,129,130,131,132,151,172,185,194,198,205,207,218,223,241,261,262,263,264,282,283,284,285,289,302,303,304,305,306,324,325,326,327,328
66,66,47
22,43,44,64,65,66,85,86,87,88,107,108,109,110,128,129,130,131,132,150,151,152,172,194,197,198,218,241,261,262,263,264,282,283,284,285,303,304,305,306,307,309,324,325,326,327,328
91,91,53
4,15,16,17,23,36,37,38,44,57,58,59,65,66,79,80,81,86,87,88,99,100,101,108,109,110,120,122,123,130,131,132,142,152,153,163,176,196,197,198,218,219,282,283,284,286,303,304,305,308,324,325,326
530,530,50
15,36,55,56,57,58,77,78,79,80,99,100,101,120,121,122,132,142,198,219,220,240,241,242,261,262,263,264,281,282,283,284,285,286,290,302,303,304,305,306,307,308,323,324,325,326,327,328,329,330
43,43,54
8,10,15,34,35,36,56,57,77,78,79,80,99,100,101,120,121,122,123,141,142,143,198,219,220,240,241,242,261,262,263,264,280,281,282,283,284,285,286,302,303,304,305,306,307,308,323,324,325,326,327,328,329,330
214,214,70
9,10,19,20,21,22,33,41,42,43,44,56,63,64,65,66,77,78,79,80,87,88,99,100,110,120,121,122,123,132,141,142,143,146,154,164,167,188,198,219,220,241,242,261,262,263,264,280,281,282,283,284,285,286,301,302,303,304,305,306,307,308,323,324,325,326,327,328,329,330
355,355,87
9,17,18,19,20,21,22,39,40,41,42,43,44,56,57,58,61,62,63,64,65,66,77,78,79,82,83,84,85,86,87,88,100,101,103,106,107,108,109,110,120,123,124,125,129,130,131,132,142,152,153,154,167,175,176,188,189,198,217,219,220,241,242,260,261,262,263,264,281,282,283,284,285,286,302,303,304,306,307,308,323,324,325,326,328,329,330
132,132,101
10,14,15,16,17,18,19,20,21,22,34,35,38,39,40,41,42,43,44,56,57,58,61,62,63,64,65,66,78,79,80,81,83,84,85,86,87,88,100,103,104,106,107,108,109,110,125,126,128,129,130,131,132,150,151,152,153,154,167,173,174,175,176,189,195,196,197,198,217,218,219,220,239,240,241,242,260,261,262,263,264,281,282,283,284,285,286,302,303,304,305,306,307,308,323,324,325,327,328,329,330
490,490,109
10,11,13,14,15,16,17,18,19,20,21,22,34,37,38,39,40,41,42,43,44,56,58,59,60,61,62,63,64,65,66,79,80,81,82,83,84,85,86,87,88,103,104,105,106,107,108,109,110,125,126,127,128,129,130,131,132,146,147,148,149,150,151,152,153,154,171,172,173,174,175,176,194,195,196,197,198,216,217,218,219,220,238,239,240,241,242,260,261,262,263,264,281,282,283,284,285,286,302,303,305,306,307,308,326,327,328,329,330
89,89,121
10,11,12,13,15,16,17,18,19,20,21,22,32,33,34,35,36,38,39,40,41,42,43,44,55,56,61,62,63,64,65,66,78,79,82,83,84,85,86,87,88,100,104,105,106,107,108,109,110,123,125,126,127,128,129,130,131,132,145,146,147,148,149,150,151,152,153,154,167,168,169,170,171,172,173,174,175,176,190,191,192,193,194,195,196,197,213,214,215,216,217,218,236,237,238,239,242,259,260,263,264,280,281,282,284,285,286,301,302,303,304,307,308,309,323,324,325,327,328,329,330
507,507,132
7,8,9,10,11,12,29,30,31,32,33,34,50,51,52,53,54,55,56,72,73,74,75,76,77,78,79,95,96,97,98,99,100,101,102,103,105,106,118,119,120,121,122,123,124,125,126,127,128,129,141,142,143,144,145,146,147,148,149,150,151,163,164,165,166,167,168,169,170,171,172,173,185,186,187,188,189,190,191,192,193,194,195,196,208,209,210,211,212,213,214,215,216,217,229,230,231,232,233,234,235,236,237,238,250,251,252,254,255,256,257,258,259,260,276,277,278,279,280,281,298,299,300,301,302,303,304,321,322,323,324,325
325,325,112
5,6,25,26,27,28,29,45,48,49,50,51,52,67,70,71,72,73,74,90,91,92,93,94,95,96,112,113,114,115,116,117,118,119,134,135,136,137,138,139,140,141,156,157,158,159,160,161,162,163,179,180,181,182,183,184,185,201,202,203,204,205,206,207,208,209,224,225,226,227,228,229,230,232,246,247,248,249,250,251,252,253,267,268,269,270,271,272,273,274,275,276,277,290,291,292,293,294,295,296,297,298,299,300,315,316,317,318,319,320,321,322
110,110,79
23,24,45,46,47,67,68,69,74,89,90,91,92,111,112,113,114,133,134,135,136,137,155,156,157,158,159,160,177,178,179,180,181,182,199,200,201,202,203,204,221,222,223,224,225,226,227,243,244,245,246,247,248,249,265,266,267,268,269,270,271,272,287,288,289,290,291,292,293,294,309,310,311,312,313,314,315,316,317
257,257,59
23,45,66,67,86,89,90,111,112,133,134,135,155,156,157,158,177,178,179,180,199,200,201,202,203,221,222,223,224,225,243,244,245,246,247,248,265,266,267,268,269,270,271,287,288,289,290,291,292,293,294,309,310,311,312,313,314,315,316
248,248,54
34,43,44,65,66,79,85,86,87,88,89,107,108,110,111,122,129,130,132,133,151,152,153,154,155,221,233,246,248,265,266,267,268,270,274,287,288,289,290,291,292,293,294,309,310,311,313,314,315,317,319,320,321,323
31,31,39
22,35,43,44,58,63,64,65,66,79,85,86,87,88,107,108,109,129,130,131,132,151,152,153,154,254,265,266,268,287,288,294,311,314,315,317,318,320,321
168,168,29
22,43,44,64,66,85,86,87,88,107,108,109,110,129,130,131,132,151,152,154,169,275,294,295,315,316,319,320,321
319,319,21
22,43,44,65,66,87,88,107,108,109,110,130,131,152,296,315,316,317,319,320,321
36,36,15
44,65,66,86,87,88,108,109,110,130,152,298,315,316,317
155,155,1
66
246,246,21
5,6,7,8,9,29,30,50,51,52,72,73,94,95,96,118,138,140,141,161,163
397,397,22
7,8,9,28,29,30,50,51,52,72,73,74,94,95,96,116,118,138,139,141,162,172
359,359,22
6,7,8,9,29,30,31,50,51,52,53,72,73,74,94,95,96,116,117,118,119,141
210,210,12
6,8,9,30,51,52,72,73,74,95,96,301
349,349,16
7,8,9,30,31,32,52,74,75,95,96,97,117,118,119,120
349,349,15
8,9,10,30,31,32,52,74,75,96,97,117,118,119,120
17,17,11
9,10,11,32,52,74,96,98,118,119,120
285,285,8
9,10,11,31,32,33,52,120
342,342,9
9,10,11,31,32,33,54,120,141
108,108,35
9,10,11,12,13,30,31,33,34,52,54,55,74,75,76,77,78,98,99,100,118,119,120,121,140,141,143,162,163,164,189,208,209,210,213
53,53,9
12,33,34,55,56,99,100,120,121
381,381,7
14,55,56,77,100,121,122
64,64,9
14,33,57,99,100,101,122,143,145
293,293,9
12,14,36,56,57,100,122,123,144
273,273,7
14,15,35,57,79,100,123
500,500,7
5,14,15,58,78,79,181
55,55,6
36,37,57,58,80,101
428,428,14
14,15,16,17,36,37,38,57,58,79,80,81,123,144
342,342,40
3,6,8,10,13,14,15,16,17,18,19,32,35,36,37,38,39,40,57,58,59,60,76,79,80,81,82,102,103,104,123,124,125,126,144,145,146,191,215,330
450,450,26
8,11,14,15,16,18,20,36,37,38,39,58,59,60,61,81,82,102,103,104,105,125,126,147,214,313
575,575,40
6,7,14,15,16,17,18,20,35,36,37,38,39,40,41,51,58,59,60,61,62,63,81,82,83,102,103,104,105,125,126,127,146,147,148,169,170,192,213,214
433,433,33
6,7,8,14,15,16,17,18,19,20,36,37,38,39,40,41,58,59,60,61,62,81,82,83,103,104,105,125,126,127,147,148,312
496,496,41
6,10,14,15,16,17,18,20,21,32,35,36,37,38,39,40,41,42,58,59,60,61,62,81,82,83,84,85,102,103,104,105,106,126,127,128,147,148,149,152,170
480,480,47
4,8,10,14,15,16,17,18,19,20,21,36,37,38,39,40,41,42,51,57,58,59,60,61,62,63,64,81,82,83,84,85,103,104,105,106,107,126,127,128,148,149,150,169,170,171,194
288,288,34
7,14,15,16,17,18,19,22,38,39,40,41,58,59,60,61,62,63,64,80,81,82,83,84,85,104,105,106,126,127,128,148,149,172
166,166,34
16,17,18,19,20,21,22,38,39,40,41,42,57,59,60,61,62,63,64,65,82,83,84,85,86,104,105,106,107,127,128,129,149,150
511,511,47
9,10,16,17,18,19,20,21,32,35,37,38,39,40,41,42,43,44,58,59,60,61,62,63,64,65,66,80,82,83,84,85,86,104,105,106,107,108,126,127,128,129,148,149,150,172,194
199,199,45
8,11,15,16,17,18,19,21,22,32,37,38,39,40,41,42,43,44,59,60,61,62,63,64,65,66,81,82,83,84,85,86,87,104,105,106,107,108,126,127,128,129,130,150,172
99,99,48
8,10,14,16,17,18,19,20,21,22,37,38,39,40,41,42,43,44,60,61,62,63,64,65,66,82,83,84,85,86,87,88,103,104,105,106,107,108,109,126,127,128,129,130,149,150,151,152
189,189,44
13,16,17,18,21,22,34,38,39,40,41,42,43,44,60,61,62,63,64,65,66,82,83,84,85,86,87,88,105,106,107,108,109,127,128,129,130,131,149,150,151,152,171,173
306,306,48
11,12,13,18,19,20,21,22,35,38,39,40,41,42,43,44,59,60,61,62,63,64,65,66,82,83,84,85,86,87,88,105,106,107,108,109,110,127,128,129,130,131,150,151,152,153,173,174
94,94,54
2,3,11,12,13,15,17,18,19,20,21,22,25,34,38,39,40,41,42,43,44,60,61,62,63,64,65,66,67,81,83,84,85,86,87,88,105,106,107,108,109,110,128,129,130,131,149,150,151,152,172,173,174,308
367,367,28
132,154,175,176,197,198,217,219,220,240,241,242,262,263,264,283,284,285,286,305,306,307,308,326,327,328,329,330
388,388,87
18,19,20,21,22,39,40,41,42,43,44,61,62,63,64,65,66,83,84,85,86,87,88,105,106,107,108,109,110,126,127,128,129,130,132,148,149,150,151,152,153,171,172,173,174,175,192,193,194,195,196,197,198,213,214,215,217,218,219,234,235,236,238,241,242,255,256,257,258,259,277,278,279,280,281,298,299,300,301,302,303,319,320,321,322,323,324
524,524,136
9,10,11,12,13,14,15,16,17,19,30,31,32,33,34,35,36,37,38,39,40,41,52,53,54,55,56,57,58,59,60,61,62,74,75,76,77,78,79,80,81,82,83,96,97,98,99,100,101,102,103,104,105,106,117,118,119,120,121,122,123,124,125,126,127,139,140,141,142,143,144,146,148,160,161,162,163,164,165,182,183,184,185,186,187,188,203,204,205,206,207,210,224,225,226,227,228,229,230,246,247,248,249,250,251,252,267,268,269,270,271,272,273,274,287,288,289,290,291,292,293,294,295,296,309,310,311,312,313,314,315,316,317,318,319,320
546,546,133
1,2,3,4,5,6,7,8,9,10,11,12,13,14,15,23,24,25,26,27,28,29,30,31,32,33,34,35,36,45,46,47,48,49,50,51,52,53,54,55,57,67,68,69,70,71,72,73,74,75,76,77,78,80,89,90,91,92,93,94,95,96,97,98,99,100,111,112,113,114,115,116,117,118,119,120,121,122,133,134,135,136,137,138,139,140,155,156,157,158,159,177,178,179,182,183,199,200,201,203,204,221,222,223,224,225,243,244,245,246,247,248,265,266,267,268,269,270,271,287,288,289,290,291,292,293,295,309,310,311,312,313,314
554,554,115
1,2,3,4,6,7,8,9,10,11,12,23,24,25,26,27,33,45,46,47,48,49,50,62,67,68,69,70,71,72,73,74,89,90,91,92,93,94,95,96,111,112,113,114,115,116,117,118,119,133,134,135,136,137,138,139,140,141,142,143,155,156,157,158,159,160,161,162,163,164,177,178,179,180,181,182,183,184,185,186,199,200,201,202,203,204,205,206,207,209,221,222,223,224,225,226,227,228,229,243,244,245,246,247,265,266,267,268,269,287,288,289,290,309,310
228,228,107
1,2,3,4,5,6,7,8,9,10,11,12,23,24,25,26,27,28,29,30,31,32,33,45,46,47,48,49,50,51,52,53,54,55,56,67,68,69,70,71,72,73,74,75,76,77,89,90,91,92,93,94,95,96,97,98,104,111,112,113,114,115,116,117,118,123,124,125,133,134,135,136,137,138,139,140,141,155,156,157,158,159,160,161,177,178,179,180,181,199,200,201,202,203,205,221,222,223,224,243,244,265,266,267,287,288,309
360,360,99
1,2,3,4,5,6,7,8,9,10,11,23,24,25,26,27,28,29,30,31,32,34,45,46,47,48,49,50,51,52,53,54,55,57,67,68,69,70,71,72,73,74,75,76,78,79,89,90,91,92,93,94,95,96,97,98,99,100,102,103,104,111,112,113,114,115,116,120,121,122,123,124,125,133,134,135,136,137,138,142,143,144,145,155,156,158,159,168,170,177,179,180,181,200,243,244,245,246,265
14,14,77
1,2,3,4,5,6,7,8,23,24,25,26,27,28,29,30,31,32,45,46,47,48,49,50,51,52,53,54,55,56,67,68,69,70,71,73,74,75,77,78,79,80,81,89,90,91,92,94,95,97,98,99,100,101,102,103,104,111,112,113,114,115,116,120,122,124,133,134,135,136,144,155,156,157,179,199,294
544,544,50
1,2,3,4,5,6,7,23,24,25,26,27,28,29,30,45,46,47,48,49,50,51,52,53,54,67,68,69,70,71,72,74,75,77,78,89,90,91,92,93,95,101,103,111,112,113,133,134,135,155
67,67,39
1,2,3,4,5,6,7,23,24,25,26,27,28,29,30,45,46,47,48,49,50,51,52,53,67,68,69,70,71,72,73,74,75,76,77,89,96,111,133
322,322,32
1,2,3,4,5,6,23,24,25,26,27,28,45,46,47,48,49,50,51,67,68,70,71,72,73,74,89,111,112,113,133,319
414,414,27
4,23,24,27,45,46,47,48,49,68,69,86,89,90,91,92,105,107,111,112,113,133,134,135,197,264,286
118,118,21
1,2,3,23,24,25,26,45,46,47,48,69,86,89,107,111,112,113,133,156,159
219,219,22
3,4,5,23,24,46,47,48,49,76,77,78,79,80,91,92,93,98,99,100,101,102
133,133,20
1,2,26,27,90,93,115,136,138,158,224,246,249,269,292,308,309,323,326,328
503,503,16
1,25,26,27,28,47,51,90,91,93,114,115,246,248,249,269
217,217,11
93,114,115,248,249,271,317,326,328,329,330
535,535,8
116,241,282,312,326,327,329,330
26,26,7
21,89,116,303,322,326,327
373,373,5
21,41,42,326,330
349,349,3
19,67,68
165,165,1
199
340,340,27
1,2,3,4,5,6,7,8,9,26,27,28,29,30,31,32,46,52,63,64,65,69,70,98,99,100,101
340,340,15
47,48,49,50,61,62,63,64,65,66,71,72,73,74,75
66,66,31
18,19,20,21,22,39,40,42,43,44,47,48,49,50,51,60,61,62,63,64,65,66,71,73,74,75,84,85,88,103,131
468,468,52
14,15,16,17,18,19,20,21,22,37,38,39,40,41,42,43,44,47,48,49,60,61,62,63,64,65,66,72,73,74,83,84,85,86,87,88,102,103,105,106,109,110,130,131,132,151,153,154,173,175,176,220
501,501,82
13,14,15,16,17,18,19,20,21,22,35,36,37,38,39,40,41,42,43,44,58,59,60,61,62,63,64,65,66,81,82,83,84,85,86,87,88,101,103,104,105,106,107,108,109,110,126,127,128,129,130,131,132,149,150,151,152,153,154,173,174,175,176,195,196,197,198,218,219,220,240,241,242,261,262,263,264,285,286,307,308,330
293,293,96
13,14,15,16,17,18,19,20,21,22,34,35,36,37,38,39,40,41,42,43,44,58,59,60,61,62,63,64,65,66,78,81,82,83,84,85,86,87,88,101,102,103,104,105,106,107,108,109,110,124,125,126,127,128,129,130,131,132,148,149,150,151,152,153,154,172,173,174,175,176,194,195,196,197,198,217,218,219,220,238,239,240,241,242,261,262,263,264,284,285,286,306,307,308,329,330
272,272,103
11,12,13,14,15,16,17,18,19,20,21,22,35,36,37,38,39,40,41,42,43,44,58,59,60,61,62,63,64,65,66,81,82,83,84,85,86,87,88,102,103,104,105,106,107,108,109,110,125,126,127,128,129,130,131,132,147,148,149,150,151,152,153,154,171,172,173,174,175,176,193,194,195,196,197,198,216,217,218,219,220,238,239,240,241,242,260,261,262,263,264,283,284,285,286,305,306,307,308,327,328,329,330
126,126,119
10,11,12,13,14,15,16,17,18,19,20,21,22,35,36,37,38,39,40,41,42,43,44,59,60,61,62,63,64,65,66,82,83,84,85,86,87,88,100,101,103,105,106,107,108,109,110,123,124,125,126,127,128,129,130,131,132,145,146,147,148,149,150,151,152,153,154,169,170,171,172,173,174,175,176,191,192,193,194,195,196,197,198,214,215,216,217,218,219,220,236,237,238,239,240,241,242,258,259,260,261,262,263,264,282,283,284,285,286,304,305,306,307,308,326,327,328,329,330
235,235,133
9,12,13,14,15,16,34,54,55,75,76,96,97,98,99,100,101,118,120,121,122,123,124,125,126,140,141,142,143,144,145,146,147,148,149,150,162,163,164,165,166,167,168,169,170,171,172,173,174,185,186,187,188,189,190,191,192,193,194,195,196,208,209,210,211,212,213,214,215,216,217,218,219,227,228,230,231,232,233,234,235,236,237,238,239,240,241,253,254,255,256,257,258,259,260,261,262,263,276,277,278,279,280,281,282,283,284,285,286,297,298,299,300,301,302,303,304,305,306,307,308,319,320,321,322,323,324,325,326,327,328,329,330
126,126,111
46,47,68,69,70,91,92,93,94,112,113,114,115,116,117,134,136,137,138,139,140,141,155,156,157,158,159,160,161,162,163,164,165,177,178,179,180,181,182,183,184,185,186,187,188,201,202,203,204,205,206,207,208,209,210,223,224,225,226,227,228,229,230,231,232,233,244,245,246,247,248,249,250,251,252,253,254,255,268,269,270,271,272,273,274,275,276,277,278,290,291,292,293,294,295,296,297,298,299,300,301,313,314,315,316,317,318,320,321,322,323
526,526,78
23,24,45,46,48,67,68,69,89,90,91,92,111,112,113,114,115,133,134,135,136,137,138,155,156,157,158,159,161,177,178,179,180,181,182,183,199,200,201,202,203,204,205,221,222,223,224,225,227,228,243,244,245,246,247,248,250,265,266,267,268,269,272,287,288,289,290,291,292,293,309,310,311,312,313,314,315,316
81,81,49
67,89,90,111,112,133,134,135,155,156,157,158,177,178,179,180,199,200,201,202,221,222,223,224,225,243,244,245,246,247,265,266,267,268,269,270,287,288,289,290,291,292,309,310,311,312,313,314,315
137,137,36
4,7,48,49,50,54,70,71,76,90,96,111,112,133,134,136,141,143,155,156,157,158,168,180,184,186,221,243,244,267,287,288,290,292,293,309
254,254,18
28,32,76,80,89,111,112,133,134,156,157,165,187,188,288,309,310,311
420,420,5
121,143,287,309,310
454,454,12
15,18,19,20,21,22,23,24,45,67,87,109
481,481,17
1,14,17,19,20,21,22,23,24,25,45,47,64,88,132,176,221
505,505,26
2,14,15,16,17,18,19,20,21,22,23,24,25,38,41,46,67,69,86,87,88,160,264,273,275,292
459,459,42
2,5,6,16,17,19,21,23,24,38,45,71,87,88,110,153,154,160,178,197,204,207,220,226,242,264,270,271,272,273,274,275,291,294,297,305,309,310,314,316,324,329
456,456,34
2,3,14,16,20,23,26,71,154,159,161,175,176,178,197,198,220,242,262,264,265,276,285,286,287,288,295,306,308,311,326,328,329,330
61,61,36
3,5,18,21,24,25,26,27,50,71,110,114,180,204,220,222,226,242,265,270,271,272,273,285,286,287,288,292,306,308,309,312,327,328,329,330
98,98,43
2,5,11,13,21,23,24,58,110,157,158,159,162,180,181,182,198,199,204,205,226,227,228,231,242,249,252,253,264,265,272,276,287,291,292,306,309,310,312,313,314,329,330
213,213,42
2,4,5,6,11,14,16,23,25,26,46,48,81,97,160,179,181,183,201,204,205,226,227,228,264,265,266,270,271,272,275,287,288,290,291,309,310,312,313,314,315,330
406,406,42
1,2,3,4,5,14,15,16,18,21,23,24,25,26,38,41,45,48,139,160,161,162,164,180,184,205,207,209,226,248,264,270,287,288,291,309,310,311,313,314,316,330
373,373,45
1,2,3,4,5,11,14,15,16,23,24,25,26,27,28,46,48,49,50,64,72,157,159,160,161,162,182,183,204,205,207,208,248,249,264,270,275,287,288,291,292,310,313,314,317
358,358,48
1,2,3,5,11,14,15,22,23,24,25,26,27,43,45,48,49,51,71,72,158,162,164,178,181,182,183,184,201,202,207,227,228,230,248,264,265,266,271,287,288,289,292,293,314,315,317,330
318,318,40
1,2,3,4,5,15,17,18,19,20,21,23,24,26,27,30,39,45,46,48,49,70,161,181,183,184,186,202,207,208,252,264,269,270,289,293,294,315,316,318
357,357,48
1,2,3,5,24,25,27,46,47,48,49,50,51,71,95,161,162,184,185,199,203,207,208,209,229,230,231,243,251,252,253,254,264,265,266,271,272,273,274,275,277,293,294,295,296,315,316,318
446,446,36
1,2,3,7,23,26,27,28,30,45,47,48,50,51,52,64,116,183,207,222,223,231,243,244,246,247,251,252,264,265,266,270,292,295,319,320
575,575,31
2,5,17,23,24,27,48,73,139,162,183,184,186,202,203,207,208,209,221,230,231,232,243,249,250,251,266,270,272,292,294
375,375,29
2,5,6,23,24,26,27,28,66,161,163,187,201,202,208,209,221,222,228,231,243,244,250,266,287,295,297,315,318
318,318,34
1,2,3,4,14,15,16,23,27,39,48,62,138,161,162,166,184,186,205,207,208,210,221,222,227,229,243,244,248,250,287,310,318,319
285,285,29
3,5,6,24,49,50,143,160,178,186,200,208,209,210,221,222,223,227,232,243,244,245,252,287,297,309,311,316,320
343,343,30
7,24,25,29,45,49,77,157,162,187,188,200,204,205,207,209,210,221,222,229,243,244,265,274,275,287,297,299,318,319
292,292,32
2,3,5,6,24,25,46,47,135,137,145,156,178,179,185,186,188,199,201,210,211,221,222,243,244,250,253,275,287,297,309,318
334,334,38
5,6,7,13,24,25,26,28,29,33,47,50,74,76,105,113,134,135,136,138,139,157,164,179,184,188,199,200,201,221,222,227,243,253,275,287,309,320
502,502,46
1,2,3,4,5,7,8,10,11,22,24,25,26,27,33,47,53,55,113,134,135,157,158,159,165,177,179,189,199,200,201,202,222,227,228,229,230,243,251,297,299,309,310,312,320,321
326,326,45
1,2,3,5,6,24,25,32,34,47,53,96,114,120,135,136,139,144,145,155,157,164,165,178,179,180,183,202,206,211,227,232,233,250,251,272,295,310,311,312,314,315,317,318,319
349,349,39
2,3,4,12,47,91,92,97,114,118,120,136,140,142,143,146,156,158,159,160,166,179,186,188,189,227,228,231,233,250,254,297,310,311,314,315,316,317,318
511,511,50
2,3,4,5,7,8,11,12,75,92,93,96,98,114,120,122,134,135,136,137,143,145,157,167,182,185,204,209,227,228,229,230,232,251,269,272,273,274,295,296,297,298,299,309,311,317,318,319,320,323
499,499,33
3,8,14,45,70,75,99,112,116,120,121,134,135,143,145,155,165,182,183,187,189,228,230,232,274,275,309,310,311,312,317,318,319
178,178,51
2,12,13,14,48,54,70,71,76,93,94,99,111,112,116,120,121,122,123,133,134,144,145,155,162,163,167,182,183,184,188,189,206,209,210,251,253,254,274,275,296,297,298,300,309,310,311,312,313,317,318
187,187,53
2,13,16,25,32,70,71,76,90,92,98,99,100,111,112,120,134,143,146,155,162,163,165,166,177,178,182,184,186,187,188,189,208,209,221,250,253,254,263,274,275,276,296,297,298,300,301,309,310,311,312,319,322
101,101,59
2,7,10,12,13,14,31,32,43,49,54,55,70,71,77,95,98,99,100,112,120,121,122,123,134,142,144,161,162,164,165,166,167,177,183,184,186,199,200,206,207,230,231,238,244,253,254,274,275,276,290,291,297,298,309,310,312,313,320
194,194,57
2,3,5,6,10,12,13,16,25,26,27,28,31,48,54,55,70,71,77,78,79,90,94,98,99,100,101,119,120,121,122,142,144,162,164,165,177,178,184,199,208,209,231,249,253,254,274,275,276,290,297,298,299,309,311,320,321
193,193,54
9,10,11,12,13,14,15,16,32,33,34,35,37,54,55,56,57,78,79,92,100,101,140,141,159,161,162,163,164,165,187,188,190,205,209,237,268,270,271,272,273,274,293,294,297,312,313,314,315,316,317,319,320,321
517,517,30
11,15,16,17,34,56,57,77,79,80,81,99,100,132,185,207,208,209,232,254,255,278,281,295,302,314,315,316,322,325
31,31,54
11,12,15,16,17,31,34,35,36,56,57,58,77,79,80,99,100,101,102,115,117,143,164,166,185,186,187,188,189,190,208,212,214,229,230,255,256,257,258,270,275,276,278,279,280,281,293,300,303,313,314,315,316,317
232,232,42
7,12,13,16,33,34,35,37,55,56,57,58,78,80,101,139,142,144,185,186,187,188,190,210,211,230,231,232,253,254,270,275,276,292,293,294,303,313,314,315,316,326
193,193,51
11,12,13,15,32,33,34,35,36,56,57,58,59,100,102,139,140,163,164,185,186,187,188,189,190,207,208,210,229,232,233,234,254,255,256,257,258,271,276,278,279,281,292,293,296,300,314,315,316,317,318
359,359,19
176,198,220,241,242,260,263,264,285,286,305,306,307,308,326,327,328,329,330
428,428,81
20,21,22,37,41,42,43,44,62,63,64,65,66,84,85,86,87,88,105,106,107,108,109,126,127,128,129,130,131,132,149,150,151,152,153,170,171,172,173,174,191,192,193,194,195,196,213,214,215,216,217,234,235,236,237,238,239,255,256,257,258,259,260,277,278,279,280,281,299,300,301,302,303,304,320,321,322,323,324,325,326
555,555,133
10,11,12,13,14,15,16,31,32,33,34,35,36,37,52,53,54,55,56,57,58,74,75,76,77,78,79,80,95,96,97,98,99,100,101,103,104,106,117,118,119,120,121,122,123,124,125,138,139,140,141,142,143,144,145,146,147,160,161,162,163,164,165,167,182,183,184,185,186,187,188,189,203,204,205,206,207,208,209,210,211,224,225,226,227,228,229,230,231,232,246,247,248,249,250,251,252,253,254,267,268,269,270,271,272,273,274,275,289,290,291,292,293,294,295,296,297,298,299,310,311,312,313,314,315,316,317,318,319,320,321,322,323
530,530,130
1,2,3,4,5,6,7,8,9,23,24,25,26,27,28,29,30,31,32,45,46,47,48,49,50,51,52,53,67,68,69,70,71,72,73,78,89,90,91,92,93,94,95,101,111,112,113,114,115,116,117,123,124,133,134,135,136,137,138,155,156,157,158,159,160,161,168,177,178,179,180,181,182,183,184,185,199,200,201,202,203,204,205,206,207,208,209,221,222,223,224,225,226,227,228,229,230,243,244,245,246,247,248,249,250,251,265,266,267,268,269,270,271,272,273,287,288,289,290,291,292,293,309,310,311,312,313,314,315,316
270,270,113
1,2,3,4,5,6,7,8,9,10,11,16,23,24,25,26,27,28,29,30,31,32,33,45,46,47,48,49,50,51,52,53,54,67,68,69,70,71,72,73,74,75,76,89,90,91,92,93,94,95,96,97,98,111,112,113,114,115,116,117,118,119,120,133,134,135,136,137,138,139,140,141,142,155,156,157,158,159,160,161,162,163,177,178,179,180,181,182,183,184,185,199,200,201,202,203,204,205,221,222,223,224,225,226,243,244,245,246,247,265,266,267,287
435,435,110
1,2,3,4,5,6,7,8,9,10,11,19,23,24,25,26,27,28,29,30,31,32,45,46,47,48,49,50,51,52,53,54,67,68,69,70,71,72,73,74,75,76,89,90,91,92,93,94,95,96,97,111,112,113,114,115,116,117,118,133,134,135,136,137,138,139,140,141,155,156,157,158,159,160,161,162,163,177,178,179,180,181,182,183,184,199,200,201,202,203,204,205,221,222,223,224,225,226,243,244,245,246,247,265,266,267,287,288,309,310
470,470,104
1,2,3,4,5,6,7,8,9,10,23,24,25,26,27,28,29,30,31,32,45,46,47,48,49,50,51,52,53,54,67,68,69,70,71,72,73,74,75,89,90,91,92,93,94,95,97,111,112,113,114,115,116,117,118,119,133,134,135,136,137,138,139,140,141,155,156,157,158,160,161,162,163,164,177,178,179,180,181,182,183,184,185,186,199,200,203,205,206,207,208,209,221,222,225,227,248,249,265,268,269,270,287,292
330,330,96
1,2,3,4,5,6,7,8,9,23,24,25,26,27,28,29,30,31,45,46,47,48,49,50,51,52,53,67,68,69,70,71,72,73,74,75,89,90,91,92,93,94,95,96,97,111,112,113,115,116,117,118,133,135,138,139,140,141,142,155,156,157,162,163,164,165,166,177,178,184,185,187,188,199,205,206,207,208,209,226,228,229,230,231,233,248,249,250,251,269,270,271,272,293,294,315
370,370,88
1,2,3,4,5,6,7,23,24,25,26,27,28,29,30,45,46,47,48,49,50,51,52,53,68,69,70,71,72,73,74,89,90,91,92,94,95,97,111,116,140,141,161,162,164,165,183,188,206,207,208,209,210,211,212,227,229,230,231,232,233,234,235,249,251,252,253,254,255,257,270,274,275,280,281,290,293,294,295,296,297,304,313,316,317,318,319,327
438,438,82
2,3,4,6,23,24,25,26,30,48,49,51,52,71,73,140,162,163,185,187,206,207,208,209,210,211,212,213,228,229,230,231,232,233,234,235,249,250,251,252,253,256,257,258,259,269,270,271,272,273,274,275,279,280,281,282,290,291,292,293,294,295,296,297,298,299,300,301,303,304,305,314,316,317,318,319,320,321,324,325,326,327
333,333,77
2,3,4,6,24,25,29,46,47,53,75,122,167,185,187,189,206,207,208,209,210,211,212,214,215,228,229,230,231,232,233,234,235,236,238,250,251,252,253,254,256,257,258,260,269,270,271,273,274,275,280,281,282,291,292,293,294,295,296,297,298,299,300,301,302,303,304,306,314,315,316,317,318,321,322,326,327
322,322,73
2,3,24,25,29,48,52,166,169,173,187,188,190,191,192,196,197,207,208,209,210,214,215,216,220,229,230,231,232,233,234,235,236,238,239,249,251,252,253,254,256,257,258,259,260,269,270,271,274,275,278,279,280,281,282,292,293,294,295,296,299,302,303,304,316,317,318,319,322,325,326,327,328
254,254,68
2,3,25,26,47,48,151,169,173,174,187,188,191,196,197,206,208,209,210,212,213,215,216,228,229,230,231,232,233,234,235,236,238,239,249,250,251,252,253,254,258,259,260,261,271,272,273,274,275,278,279,280,281,282,292,293,294,295,296,297,304,316,318,321,322,326,327,328
119,119,81
3,4,5,10,12,13,14,15,16,17,34,35,36,37,38,39,40,56,57,58,59,60,61,62,63,79,80,81,82,83,84,85,101,102,103,104,105,106,107,124,125,126,127,128,129,130,146,147,148,149,150,151,152,169,170,171,172,174,175,190,191,196,197,198,215,216,219,220,229,250,262,265,266,267,283,285,312,313,314,315,316
489,489,64
5,11,12,33,34,35,55,56,58,59,78,79,80,81,82,83,100,101,102,103,104,106,122,123,124,125,127,128,147,148,168,169,170,174,175,189,190,191,192,197,208,211,212,214,218,219,226,228,229,232,234,239,240,249,250,251,252,263,264,285,307,308,329,330
350,350,46
6,11,12,13,34,35,56,57,58,60,79,80,81,82,83,101,102,103,104,105,106,111,125,126,127,176,185,186,189,190,208,219,230,239,251,252,253,263,264,274,285,286,307,308,329,330
210,210,31
6,11,12,13,14,35,36,37,40,41,57,58,59,60,63,64,79,81,82,83,104,105,176,208,229,230,252,253,264,308,330
27,27,16
13,14,18,36,37,40,41,60,61,63,64,83,86,87,253,308
36,36,8
19,40,41,43,62,63,64,65
43,43,1
62
78,78,3
41,62,85
374,374,4
41,62,63,64
167,167,50
19,20,21,22,36,37,41,42,43,44,58,64,65,66,81,88,110,146,147,166,167,168,169,187,188,189,190,209,210,211,219,220,229,232,235,236,250,251,262,272,273,274,293,294,295,296,314,315,316,317
552,552,34
19,20,21,22,41,42,43,44,62,63,64,65,66,85,86,87,88,109,110,125,131,132,154,176,197,198,218,219,220,241,255,256,276,297
156,156,43
19,20,21,22,41,42,43,44,61,62,63,64,65,66,84,85,86,87,88,108,109,110,130,131,132,154,175,176,194,195,196,197,198,217,219,220,240,241,242,261,275,276,286
542,542,58
16,17,18,19,20,21,22,38,39,40,41,42,43,44,59,60,61,62,63,64,65,66,82,83,84,85,86,87,88,105,106,107,108,109,110,129,130,131,132,151,152,153,154,174,175,176,190,194,197,198,217,218,219,220,239,240,264,275
252,252,76
13,14,15,16,17,18,19,20,21,22,34,37,38,39,40,41,42,43,44,58,59,60,61,62,63,64,65,66,81,82,83,84,85,86,87,88,103,104,105,106,107,108,109,110,127,128,129,130,131,132,151,152,153,154,173,174,175,176,194,195,196,197,198,217,218,219,220,240,241,242,262,263,264,285,286,308
486,486,92
13,14,15,16,17,18,19,20,21,22,35,36,37,38,39,40,41,42,43,44,58,59,60,61,62,63,64,65,66,80,81,82,83,84,85,86,87,88,101,103,104,105,106,107,108,109,110,125,126,127,128,129,130,131,132,149,150,151,152,153,154,172,173,174,175,176,193,194,195,196,197,198,216,217,218,219,220,238,239,240,241,242,261,262,263,264,285,286,307,308,329,330
289,289,102
12,13,14,15,16,17,18,19,20,21,22,34,35,36,37,38,39,40,41,42,43,44,57,58,59,60,61,62,63,64,65,66,79,80,81,82,83,84,85,86,87,88,102,103,104,105,106,107,108,109,110,125,126,127,128,129,130,131,132,148,149,150,151,152,153,154,171,172,173,174,175,176,193,194,195,196,197,198,216,217,218,219,220,238,239,240,241,242,261,262,263,264,283,284,285,286,305,306,307,308,329,330
305,305,118
9,10,11,12,13,14,15,16,17,18,19,20,21,22,32,33,34,35,36,37,38,39,40,41,42,43,44,55,56,57,58,59,60,61,62,63,64,65,66,78,79,80,81,82,83,84,85,86,87,88,100,101,102,103,104,105,106,107,108,109,110,122,123,124,125,126,127,128,129,130,131,132,148,149,150,151,152,153,154,171,172,173,174,175,176,191,192,194,195,196,197,198,215,216,217,218,219,220,237,239,240,241,242,261,262,263,264,283,284,285,286,306,307,308,309,328,329,330
259,259,134
4,5,6,7,8,9,10,11,12,13,14,15,16,26,27,28,29,30,31,32,33,34,35,36,37,38,39,40,49,50,51,52,53,54,55,56,57,58,59,60,61,62,72,73,74,75,76,77,78,79,80,81,82,83,84,94,95,96,97,98,99,100,101,102,103,104,115,116,117,118,119,120,121,122,123,124,125,126,138,139,140,141,142,143,145,146,147,148,161,162,163,164,168,169,182,183,189,190,191,210,211,212,213,233,234,235,236,257,258,259,260,261,262,263,278,279,280,281,282,283,285,286,302,303,304,305,306,307,308,325,326,328,329,330
547,547,108
1,2,7,8,23,24,29,30,31,45,46,47,50,51,52,53,67,68,69,70,71,72,73,74,75,89,90,91,92,93,94,95,96,97,98,111,112,113,114,115,116,117,118,119,120,133,134,135,136,137,138,139,140,141,142,155,156,157,158,159,160,161,162,163,177,178,179,180,181,182,183,199,200,201,202,203,205,221,222,223,224,225,231,243,244,245,246,272,273,274,275,276,277,278,290,294,295,296,297,298,299,313,314,315,316,317,318,319
260,260,67
1,2,23,24,25,45,46,47,67,68,69,70,89,90,91,92,93,111,112,113,114,115,133,134,135,136,137,138,155,156,157,158,159,160,177,178,179,180,181,199,200,201,202,203,221,222,223,224,243,245,246,268,269,290,291,292,294,297,309,310,311,312,313,314,315,316,317
187,187,39
23,67,89,111,112,133,134,155,156,157,158,177,178,179,180,199,200,201,221,222,223,224,243,244,245,265,266,267,287,288,289,290,291,309,310,311,312,313,314
429,429,20
1,2,23,45,46,67,69,89,90,111,134,156,157,158,177,178,179,180,199,221
117,117,5
158,177,178,180,221
142,142,3
197,246,268
454,454,20
142,148,166,168,173,174,219,225,226,247,267,268,270,287,288,289,290,304,306,309
6,6,31
56,80,99,151,163,164,173,188,195,225,226,229,231,246,247,248,253,254,255,256,266,267,268,269,287,289,293,305,306,307,310
496,496,48
14,37,100,101,116,121,122,123,125,140,141,142,148,149,151,164,167,173,197,219,225,226,227,230,231,232,246,247,248,253,254,255,266,267,268,269,274,276,288,289,290,293,303,304,307,309,310,312
332,332,65
15,16,37,59,80,142,150,153,163,164,166,167,170,173,174,175,183,184,185,190,194,196,206,207,208,209,210,225,226,227,229,230,232,233,234,235,242,245,246,247,248,249,250,251,253,254,255,267,268,269,270,273,274,276,277,278,287,288,289,290,309,310,311,312,315
332,332,64
15,38,101,122,141,151,153,162,163,164,167,168,169,173,174,175,183,188,190,196,197,205,206,208,210,215,225,226,227,228,229,230,235,240,245,246,247,248,249,254,255,257,260,265,268,269,270,276,277,279,287,288,289,290,291,296,297,301,302,309,310,312,315,330
507,507,49
38,101,142,150,151,152,153,161,162,163,164,169,173,184,204,205,208,225,226,227,229,231,235,246,247,248,249,251,256,267,268,269,270,276,277,287,288,289,290,291,294,295,297,305,309,310,312,313,315
457,457,88
14,15,16,17,18,38,39,60,61,81,101,112,132,142,152,165,169,173,174,175,176,183,190,197,204,205,206,207,208,210,213,215,216,217,218,225,226,227,228,229,230,231,237,241,242,245,246,247,248,249,251,252,254,257,258,259,265,267,268,269,270,271,272,273,276,277,278,279,287,288,289,290,291,292,293,295,296,297,302,305,307,309,310,311,312,315,316,317
298,298,91
14,15,16,17,19,39,82,92,101,103,122,132,142,150,151,152,153,154,160,161,162,163,164,165,166,169,183,184,185,186,188,189,195,197,198,205,208,211,212,213,215,216,217,225,226,227,228,229,230,232,235,236,237,246,247,248,249,251,255,256,258,259,267,268,269,270,271,272,273,274,276,277,278,287,288,289,290,292,295,296,297,298,301,305,309,310,311,312,315,316,317
118,118,42
102,142,164,165,166,205,206,207,208,215,217,226,227,235,236,247,248,249,254,255,268,269,270,271,272,274,276,277,284,285,288,289,290,291,293,294,295,297,310,311,312,317
308,308,82
14,20,37,38,40,60,102,104,126,142,152,153,154,160,161,162,163,164,166,169,184,185,186,189,205,208,214,215,216,217,218,226,227,228,229,230,235,236,237,240,247,248,249,250,251,254,255,256,257,258,260,267,268,269,270,271,272,273,275,276,277,284,285,286,287,288,289,290,291,292,293,294,295,297,305,306,308,309,310,311,316,317
212,212,82
59,83,141,142,145,154,162,163,164,165,184,186,189,191,192,198,205,206,207,208,209,210,211,212,214,215,216,217,218,225,226,227,228,229,230,235,236,237,240,246,247,248,249,250,251,252,253,254,255,257,258,260,266,267,268,269,270,271,272,273,274,275,276,277,285,286,288,289,290,291,292,293,294,295,296,307,308,309,310,311,314,318
407,407,84
14,15,16,37,38,81,101,103,106,108,122,142,143,152,154,160,161,162,163,164,165,166,167,184,186,188,191,205,207,208,211,214,215,216,217,218,225,226,227,228,229,235,236,237,241,246,247,248,249,250,251,252,254,255,256,257,258,267,268,269,270,271,272,273,274,275,285,286,287,288,289,290,291,292,293,294,307,310,311,312,313,315,316,318
143,143,92
57,101,102,103,104,105,122,124,141,142,143,154,163,164,167,170,172,185,187,188,189,190,191,192,193,195,196,207,208,209,211,212,213,214,215,216,217,218,221,227,228,229,230,231,232,233,234,235,236,237,238,240,246,248,249,250,251,252,253,254,255,256,257,258,260,267,268,269,270,271,272,273,274,275,276,277,278,279,285,286,288,289,290,291,292,296,297,309,310,311,312,316
61,61,58
17,63,82,142,143,153,154,163,164,165,186,187,191,192,206,207,208,209,211,212,217,218,221,227,228,229,230,233,234,237,238,239,247,248,249,250,251,252,253,254,255,257,258,267,268,269,270,271,277,278,286,288,289,290,291,309,310,311
60,60,60
17,61,102,122,143,144,154,163,164,165,186,187,188,189,192,206,207,208,209,210,211,212,213,217,222,227,228,229,230,231,232,233,234,236,237,238,247,248,249,250,251,252,253,257,258,267,268,269,270,271,273,280,281,288,289,290,291,309,310,311
1,1,78
18,20,39,40,53,62,83,122,126,127,128,141,143,144,152,153,154,162,163,165,169,171,172,184,187,188,189,190,191,192,193,197,206,207,208,210,211,212,213,214,217,218,219,227,228,229,230,231,232,233,234,236,237,239,248,249,250,251,252,253,254,258,260,267,268,269,270,271,272,273,288,289,290,291,309,310,311,312
60,60,59
57,122,142,143,153,162,164,165,168,171,172,173,187,189,190,191,192,207,208,210,211,212,213,217,218,219,227,228,229,230,231,232,233,234,238,247,248,249,250,251,252,253,257,258,268,269,270,271,272,273,289,290,291,292,302,309,310,311,312
134,134,70
37,82,128,142,143,144,153,154,162,163,166,171,172,173,186,187,189,190,192,193,196,197,198,206,207,208,209,211,212,213,214,215,217,218,219,227,228,229,230,231,232,233,234,235,239,247,248,249,250,251,252,253,254,258,260,268,269,270,271,272,289,290,291,292,310,311,312,317,318,320
125,125,73
19,80,122,123,142,146,153,163,168,169,172,173,174,188,189,190,191,192,193,194,196,197,198,208,209,210,211,212,213,214,217,218,219,227,228,229,230,231,232,233,234,235,236,237,238,239,240,248,249,250,251,252,253,254,257,258,259,260,269,270,271,272,273,289,290,291,292,293,298,310,311,313,319
288,288,70
46,57,83,107,141,142,143,163,164,168,175,176,187,188,189,190,192,193,195,196,197,198,208,209,210,211,212,213,214,216,217,219,227,228,229,230,231,232,233,234,235,236,237,238,239,248,249,250,251,252,253,254,259,268,269,270,271,272,273,274,289,290,291,292,293,310,311,312,313,320
60,60,57
38,63,142,143,163,169,172,173,174,176,184,189,191,192,193,194,195,196,207,209,210,211,212,213,214,216,218,219,220,227,228,229,230,231,232,233,234,235,236,239,249,250,251,252,253,254,258,269,270,271,272,273,289,290,293,312,318
180,180,82
19,100,126,127,142,143,144,147,152,154,162,163,164,165,168,169,170,172,173,174,175,187,188,189,190,191,192,193,194,195,196,207,208,209,210,211,212,213,214,215,216,219,220,227,228,229,230,231,232,233,234,235,236,237,238,239,240,248,249,250,251,252,253,254,258,269,270,271,272,273,274,290,291,292,293,294,298,311,312,313,318,319
350,350,66
64,93,128,142,143,145,153,163,165,166,170,173,174,175,176,186,187,190,191,192,193,194,195,196,207,208,209,210,211,212,213,214,215,216,220,227,228,229,230,231,232,233,234,239,249,250,251,252,253,269,270,271,272,273,289,290,291,292,293,298,312,313,314,318,319,320
519,519,67
72,83,110,125,126,127,128,129,142,143,148,153,166,169,170,171,172,173,174,175,176,187,190,191,192,194,195,196,197,208,210,211,212,213,214,215,216,220,230,231,232,233,234,240,249,250,251,252,253,254,270,271,272,273,278,290,291,292,293,294,298,299,311,313,314,318,319
360,360,74
18,110,128,129,142,152,153,154,163,164,165,169,171,172,173,174,175,176,186,187,188,190,191,192,193,194,195,196,197,208,210,211,212,213,214,215,216,217,219,220,228,229,230,231,232,233,234,241,249,250,251,252,253,254,255,271,272,273,274,275,278,291,293,294,295,298,299,311,313,314,315,318,319,320
188,188,73
18,65,127,128,129,130,142,143,148,152,153,154,166,169,170,172,173,174,175,176,185,187,190,191,192,193,194,195,196,197,198,207,208,210,211,212,213,214,215,217,220,229,231,232,233,234,240,241,250,251,252,253,254,271,272,273,275,278,279,291,293,294,295,298,299,300,312,313,314,315,318,319,320
217,217,82
14,17,100,128,129,130,131,132,142,143,148,151,152,153,154,170,171,172,173,174,175,176,185,187,190,191,192,193,194,195,196,197,198,207,208,209,211,212,213,214,215,216,217,220,228,229,231,232,233,234,241,251,252,253,254,255,256,259,261,270,272,273,274,275,276,278,279,293,294,295,296,298,299,300,313,314,315,316,318,319,320,321
491,491,63
18,20,110,127,128,129,132,142,144,164,172,173,174,175,176,187,191,192,193,194,195,196,197,198,208,210,212,213,214,215,217,220,231,232,233,235,237,241,252,253,254,256,259,272,273,274,275,276,279,293,294,295,296,298,299,312,313,315,316,318,319,320,322
424,424,60
18,19,20,121,128,129,132,142,164,166,174,175,176,187,188,190,191,193,194,195,196,197,198,207,208,211,213,214,215,217,218,232,233,234,237,241,252,253,254,255,256,259,260,270,272,275,276,279,294,295,296,298,299,312,314,315,316,319,320,322
97,97,81
18,120,128,129,130,142,143,147,152,154,164,165,166,171,172,173,174,175,176,186,187,193,194,195,196,197,198,207,208,212,213,214,215,216,217,218,232,233,234,235,236,237,240,250,251,252,253,254,255,256,257,259,260,272,273,274,275,276,277,278,279,280,281,292,294,295,296,297,298,299,300,311,313,314,315,316,317,318,319,320,322
278,278,70
120,121,122,129,130,131,142,143,151,165,167,168,174,175,176,187,188,190,191,192,194,195,196,197,198,207,208,209,213,214,215,216,217,218,232,233,235,236,237,241,249,253,254,255,256,257,259,260,273,274,275,276,277,293,294,295,296,297,299,300,313,314,315,316,317,318,319,320,321,322
94,94,85
37,38,79,87,109,110,120,121,128,129,130,131,141,142,143,144,146,147,149,150,152,153,164,165,172,174,175,176,185,187,188,189,192,194,195,196,197,198,208,209,214,215,216,217,218,227,229,233,235,236,237,249,254,255,256,257,260,261,262,271,273,274,275,276,277,280,281,282,293,294,295,296,300,301,302,303,309,313,314,315,316,324,325,326,327
169,169,73
38,120,121,128,129,130,131,132,141,143,144,149,150,152,153,163,164,165,174,175,176,185,189,194,195,196,197,198,209,214,215,216,217,218,233,234,235,236,237,238,239,250,253,254,255,256,257,258,261,273,274,275,276,277,281,282,283,293,294,295,296,297,300,301,302,303,304,314,315,316,317,321,322
76,76,81
37,120,121,130,131,132,144,148,150,151,152,153,154,164,167,174,175,176,187,188,190,192,194,195,196,197,198,209,213,214,215,216,217,218,227,229,234,235,236,237,238,239,241,254,255,256,257,258,259,260,261,262,263,264,275,276,277,278,280,281,282,283,294,295,296,297,299,301,302,304,314,315,316,317,318,319,320,321,322,324,329
180,180,76
37,78,79,120,130,131,132,153,164,165,166,175,176,185,193,195,196,197,198,214,215,216,217,218,219,220,234,235,236,237,238,239,241,243,250,251,254,255,256,257,258,259,261,262,275,276,277,278,279,281,282,283,284,294,295,296,297,298,299,301,302,303,304,314,315,316,317,318,319,320,321,322,323,324,325,330
222,222,10
264,285,286,306,307,308,327,328,329,330
371,371,80
18,19,20,21,22,40,41,42,43,44,61,62,63,64,65,66,83,84,85,86,87,88,104,105,106,107,108,109,110,126,127,128,129,130,131,132,148,149,150,151,152,170,171,172,173,174,193,194,259,260,261,278,279,280,281,282,283,284,285,299,300,301,302,303,304,305,306,307,308,320,321,322,323,324,325,326,327,328,329,330
508,508,135
8,9,10,11,12,13,14,15,16,17,18,19,20,21,22,29,30,31,32,33,34,35,36,37,38,39,40,41,45,51,52,53,54,55,56,57,58,59,60,61,62,63,72,73,74,75,76,77,78,79,80,81,82,83,84,85,94,95,96,97,98,99,100,101,102,103,104,106,116,117,118,119,120,121,122,123,124,125,137,138,139,140,141,142,143,144,145,146,147,159,160,161,162,163,164,165,167,168,169,180,181,182,183,184,185,186,202,203,204,205,206,207,208,225,226,227,228,229,246,247,248,249,250,267,268,269,270,271,290,291,292,311,312,313,314
538,538,128
1,2,3,4,5,6,7,8,9,10,11,12,13,14,15,16,17,18,23,24,25,26,27,28,29,30,31,32,33,34,35,36,37,38,39,40,45,46,47,48,49,50,51,52,53,54,55,56,58,59,60,61,67,68,69,70,71,72,73,74,75,76,77,78,79,80,81,89,90,91,92,93,94,95,96,97,98,99,100,101,102,111,112,113,114,115,116,117,119,122,133,134,135,136,137,138,139,140,141,155,156,157,158,159,160,161,162,177,178,179,180,181,182,183,198,199,200,201,202,203,205,221,222,223,224,225,243,244
553,553,113
1,2,3,4,5,6,7,8,9,10,23,24,25,26,27,28,29,30,32,33,35,45,46,47,48,49,50,51,52,57,67,68,69,70,71,72,73,74,75,76,77,78,79,89,90,91,92,93,94,95,96,97,98,99,111,112,113,114,115,116,117,118,119,120,133,134,135,136,137,138,139,140,155,156,157,158,159,160,161,162,163,177,178,179,180,181,182,183,184,199,200,201,202,203,204,205,221,222,223,224,225,226,243,244,245,246,247,265,266,267,287,288,309
364,364,111
1,2,3,4,5,6,7,8,9,10,11,23,24,25,26,27,28,29,30,31,32,34,45,46,47,48,49,50,51,52,53,54,55,67,68,69,70,71,72,73,74,75,76,77,89,90,91,92,93,94,95,96,97,98,111,112,113,114,115,116,117,118,119,133,134,135,136,137,138,139,140,155,156,157,158,159,160,161,162,163,177,178,179,180,181,182,183,199,200,201,202,203,204,221,222,223,224,225,226,243,244,245,246,247,265,266,267,287,288,309,310
250,250,107
1,2,3,4,5,6,7,8,9,10,23,24,25,26,27,28,29,30,45,46,47,48,49,50,51,52,54,67,68,69,70,71,72,73,74,75,89,90,91,92,93,94,96,97,102,110,111,112,113,114,115,116,117,118,119,120,133,134,135,136,137,138,139,140,141,142,144,155,156,157,158,159,160,161,162,163,164,177,178,179,180,181,182,183,184,199,200,201,202,203,204,206,221,222,223,224,225,226,243,244,245,246,265,266,267,289,310
386,386,100
1,2,3,4,5,23,24,27,45,46,47,56,57,67,68,70,77,78,79,80,89,90,93,94,96,97,100,101,111,112,114,115,117,118,119,121,122,123,124,125,133,134,135,136,137,138,139,140,141,142,143,144,146,155,156,157,158,159,160,161,162,163,164,165,177,178,179,180,181,182,183,184,185,199,200,201,202,203,204,205,221,222,223,224,225,226,243,244,245,246,247,249,265,266,268,269,270,289,290,291
493,493,84
1,3,23,46,56,57,67,77,78,79,89,90,93,96,97,100,101,102,103,111,113,117,118,119,122,123,124,125,135,136,139,140,141,142,143,147,148,155,157,158,159,160,161,162,163,169,170,171,177,178,179,180,181,182,183,184,190,199,200,201,202,203,204,205,221,222,223,224,225,243,244,245,249,261,265,268,270,291,292,304,306,312,313,325
90,90,67
27,32,55,56,57,77,78,89,91,93,100,103,104,111,112,113,118,123,124,125,133,147,148,169,170,171,178,179,180,181,182,199,200,201,202,203,204,221,222,223,224,232,233,243,249,250,251,265,266,270,271,272,273,274,284,290,291,292,304,305,310,311,318,320,324,325,326
225,225,48
3,4,25,26,54,55,56,76,77,78,91,92,99,111,112,113,124,125,133,134,147,148,155,170,171,177,178,180,183,199,202,221,222,223,243,252,254,274,284,304,305,312,318,320,322,324,325,329
93,93,30
3,4,54,55,56,77,78,104,111,112,113,123,124,125,133,145,146,147,148,170,171,222,223,285,286,305,325,326,327,330
53,53,14
54,112,124,126,127,133,146,147,148,149,170,188,305,330
391,391,32
197,247,248,249,267,268,269,270,277,278,283,284,285,288,289,290,291,292,297,298,299,303,304,305,309,310,311,317,318,319,323,325
109,109,11
7,16,28,258,259,279,301,318,319,320,321
374,374,24
10,32,99,240,241,242,259,261,262,263,280,282,283,284,285,297,302,303,304,318,319,321,322,324
58,58,23
31,33,242,261,262,263,264,282,283,284,285,297,298,301,303,304,305,318,319,320,322,323,325
573,573,30
11,31,103,139,140,240,241,242,261,262,263,280,284,285,286,298,300,301,303,304,305,306,318,319,320,321,322,323,324,325
561,561,46
7,8,10,28,32,82,91,122,136,138,141,240,241,242,259,261,262,263,264,279,280,281,282,283,284,286,297,298,299,300,301,302,303,304,305,306,307,318,319,320,321,322,323,324,325,327
461,461,42
7,9,10,12,18,26,32,33,68,69,96,98,120,136,137,139,241,242,259,260,261,279,280,281,282,286,298,299,300,301,302,303,304,306,318,319,320,321,322,324,325,328
53,53,40
6,8,10,11,17,28,33,58,69,71,74,95,97,98,100,101,115,117,120,137,140,141,190,259,261,262,279,280,281,298,299,300,301,307,318,319,320,321,322,323
269,269,34
4,6,7,9,10,17,18,29,31,49,51,72,82,95,96,116,117,122,137,139,259,260,279,280,281,298,299,300,301,318,319,320,321,322
288,288,34
8,28,29,30,59,60,80,81,82,190,209,210,211,230,231,232,243,244,245,246,247,265,266,267,268,287,288,289,290,309,310,311,328,329
468,468,18
88,108,109,110,129,130,132,152,153,174,191,193,211,212,213,214,232,253
462,462,46
21,22,42,43,44,63,64,65,66,86,87,88,107,108,109,110,128,129,130,131,132,146,147,151,152,153,154,167,168,169,170,174,175,176,189,190,191,192,194,211,212,213,214,232,233,234
484,484,76
15,18,19,20,21,22,37,38,40,41,42,43,44,62,63,64,65,66,85,86,87,88,102,104,106,107,108,109,110,124,125,126,127,128,129,130,131,132,145,146,147,148,150,151,152,153,154,163,167,168,169,170,171,172,173,174,175,176,189,190,191,192,193,194,210,211,212,213,214,215,231,232,233,234,252,253
49,49,90
12,13,14,15,16,17,18,19,20,21,22,34,36,37,38,39,40,41,42,43,44,57,58,59,60,61,62,63,64,65,66,79,80,81,82,83,84,85,86,87,88,102,103,104,105,106,107,108,109,110,122,124,125,126,127,128,129,130,131,132,145,146,147,148,149,150,151,152,153,154,168,169,170,172,173,174,175,176,189,190,192,193,194,197,198,211,219,220,263,330
280,280,97
11,12,13,14,15,16,17,18,19,20,21,22,35,36,37,38,39,40,41,42,43,44,57,58,59,60,61,62,63,64,65,66,79,80,81,82,83,84,85,86,87,88,101,102,103,104,105,106,107,108,109,110,123,124,125,126,127,128,129,130,131,132,145,147,148,149,150,151,152,153,154,168,170,171,172,173,174,175,176,192,193,194,195,196,197,198,216,219,220,241,242,264,286,307,308,329,330
88,88,101
11,12,13,14,15,16,17,18,19,20,21,22,35,36,37,38,39,40,41,42,43,44,57,58,59,60,61,62,63,64,65,66,80,81,82,83,84,85,86,87,88,102,103,104,105,106,107,108,109,110,123,124,125,126,127,128,129,130,131,132,146,147,148,149,150,151,152,153,154,169,170,171,172,173,174,175,176,193,194,195,196,197,198,217,218,219,220,238,239,240,241,242,263,264,285,286,307,308,328,329,330
315,315,118
10,11,12,13,14,15,16,17,18,19,20,21,22,32,33,34,35,36,37,38,39,40,41,42,43,44,54,55,56,57,58,59,60,61,62,63,64,65,66,77,78,79,80,81,82,83,84,85,86,87,88,99,100,101,102,103,104,105,106,107,108,109,110,121,122,123,124,125,126,127,128,129,130,131,132,145,146,147,148,149,150,151,152,153,154,167,168,169,170,171,172,173,174,175,176,190,191,192,193,194,197,198,213,214,217,220,241,242,264,285,286,306,307,308,327,328,329,330
314,314,131
2,3,4,5,6,7,8,9,10,11,12,13,14,15,23,24,25,26,27,28,29,30,31,32,33,34,35,36,37,38,39,45,46,47,48,49,50,51,52,53,54,55,56,57,58,59,60,61,69,70,71,72,73,74,75,76,77,78,79,80,81,82,90,91,92,93,94,95,96,97,98,99,100,101,102,113,114,115,116,117,118,119,120,121,122,123,124,138,139,140,141,142,143,144,145,148,160,161,162,163,164,165,166,167,168,169,184,185,186,187,188,189,190,191,205,207,208,209,210,211,212,228,230,231,232,233,234,278,325,326,327
485,485,105
1,2,3,4,5,6,7,8,9,23,24,25,26,27,28,29,30,31,45,46,47,48,49,50,51,52,67,68,69,70,71,72,73,74,75,89,90,91,92,93,94,95,96,97,98,111,112,113,114,115,116,117,118,119,133,134,135,136,137,138,139,140,155,156,157,158,159,160,178,179,181,182,200,202,203,204,205,206,222,223,224,225,226,227,228,243,245,246,247,248,249,265,266,267,268,269,270,271,288,289,290,291,292,293,294
301,301,72
1,2,3,23,24,25,26,45,46,47,48,67,68,69,70,89,90,91,92,111,112,113,114,115,133,134,135,136,155,156,157,177,178,179,180,199,200,201,202,203,204,205,221,222,223,224,225,226,227,243,244,245,246,247,248,265,266,267,268,269,270,287,288,289,290,291,309,310,311,312,313,314
121,121,45
1,23,45,67,68,69,89,90,91,111,112,113,133,134,155,156,157,177,178,179,199,200,201,221,222,223,243,244,245,246,265,266,267,268,269,287,288,289,290,291,309,310,311,312,313
396,396,28
1,2,3,23,24,25,26,29,45,46,47,56,67,68,69,89,90,91,92,111,112,113,114,115,116,134,135,221
140,140,13
2,23,25,45,46,67,68,69,89,90,91,111,113
546,546,4
47,67,68,69
375,375,5
151,168,303,307,327
462,462,12
130,284,302,303,304,306,307,322,327,328,329,330
399,399,30
86,108,110,151,174,175,176,242,284,285,286,287,301,302,303,304,306,307,308,318,319,320,321,323,325,326,327,328,329,330
283,283,35
68,128,129,130,149,150,151,153,154,171,172,175,283,284,285,286,296,297,302,303,304,305,306,307,308,318,320,323,324,325,326,327,328,329,330
545,545,35
104,132,149,192,214,236,237,238,256,258,259,263,275,283,285,286,296,297,298,302,303,307,308,316,318,319,320,323,324,325,326,327,328,329,330
373,373,58
125,128,129,130,146,156,160,174,177,181,187,205,231,232,235,236,237,247,252,253,254,255,258,263,265,273,274,277,278,280,282,283,284,285,286,295,296,298,300,301,302,303,304,305,307,308,316,317,318,319,320,322,325,326,327,328,329,330
478,478,47
51,151,152,153,177,182,183,221,224,226,234,236,238,250,253,259,260,262,263,275,277,279,281,283,284,286,295,296,297,298,299,302,303,311,314,317,318,319,320,321,324,325,326,327,328,329,330
163,163,50
128,129,152,153,171,173,174,184,194,200,223,225,236,238,253,256,264,265,274,276,278,280,281,283,284,285,286,287,295,296,297,298,300,302,303,304,308,314,316,317,318,319,320,324,325,326,327,328,329,330
415,415,54
119,126,130,149,151,152,153,172,174,177,178,182,193,194,221,237,239,253,254,255,256,257,264,265,269,274,277,279,288,295,296,297,298,300,302,308,309,310,314,315,316,318,319,320,321,322,323,324,325,326,327,328,329,330
215,215,55
127,129,146,152,153,171,172,173,177,178,194,195,196,200,222,243,254,255,256,257,258,268,275,277,278,281,283,284,285,286,287,296,297,298,300,301,302,303,304,309,311,314,315,316,317,318,319,322,324,325,326,327,328,329,330
390,390,65
102,117,118,119,120,126,130,131,137,140,144,149,157,160,172,173,174,175,177,191,194,204,206,221,226,249,255,256,257,258,264,265,266,280,281,283,284,285,286,294,296,297,298,300,302,304,305,306,309,314,315,316,317,318,319,320,321,322,324,325,326,327,328,329,330
359,359,55
130,145,148,152,158,159,170,171,172,173,177,194,196,210,227,234,243,245,250,255,265,279,281,283,284,285,286,287,295,296,297,300,301,302,304,305,309,312,313,314,315,316,317,318,319,320,321,322,324,325,326,327,328,329,330
212,212,62
9,109,118,119,126,127,128,130,142,143,144,148,149,150,153,154,156,161,163,164,165,166,170,171,172,173,174,184,185,194,234,235,236,237,240,255,257,259,274,275,277,280,281,283,284,285,286,293,295,298,301,302,303,304,306,324,325,326,327,328,329,330
205,205,58
121,143,144,145,150,157,165,171,172,173,174,184,185,193,194,195,213,214,215,216,218,220,233,234,235,236,239,240,242,248,255,256,257,259,260,261,263,264,277,278,280,281,285,286,292,301,307,308,317,318,319,321,323,326,327,328,329,330
359,359,59
119,120,125,131,142,143,144,145,146,150,156,162,164,165,170,171,172,173,184,185,190,192,193,194,198,207,214,215,216,217,232,234,235,236,239,240,241,256,258,277,282,290,293,294,300,302,303,308,310,317,319,321,323,325,326,327,328,329,330
54,54,55
97,117,123,125,132,142,143,144,153,164,165,172,173,184,194,195,198,207,217,219,227,229,230,235,236,239,240,241,248,263,269,274,284,285,286,288,300,301,303,307,308,317,318,319,320,321,322,323,324,325,326,327,328,329,330
292,292,56
110,123,124,129,143,144,145,146,150,152,161,165,166,168,171,172,173,184,186,195,216,217,220,232,236,242,249,264,269,270,271,275,277,281,286,288,290,292,300,301,303,308,311,312,317,318,319,320,321,324,325,326,327,328,329,330
122,122,26
99,100,125,146,150,153,160,173,178,248,269,270,271,273,274,276,317,318,323,324,325,326,327,328,329,330
422,422,67
124,125,126,128,129,132,136,143,145,147,148,153,165,172,173,174,175,176,187,197,198,206,220,233,235,236,237,242,248,249,250,251,256,269,270,271,272,273,274,275,277,279,290,291,292,293,297,298,299,301,302,303,304,307,308,312,313,317,318,323,324,325,326,327,328,329,330
195,195,67
99,100,101,103,119,125,126,129,144,145,151,154,164,165,167,172,173,174,175,176,185,186,188,197,204,216,235,236,250,256,259,270,271,272,273,274,275,277,279,291,292,293,297,299,301,302,303,304,306,307,308,312,313,314,315,316,317,318,322,323,324,325,326,327,328,329,330
274,274,57
100,101,110,118,119,125,126,128,129,132,145,147,150,151,153,165,166,167,172,173,175,176,180,186,206,207,228,250,251,253,260,269,270,271,272,273,276,277,286,299,301,302,303,304,313,316,317,318,322,323,324,325,326,327,328,329,330
131,131,78
99,100,101,103,110,120,121,123,124,125,126,127,128,129,130,131,132,139,141,144,145,146,147,148,150,151,152,153,154,171,172,173,174,175,176,195,197,198,215,216,219,220,243,252,254,256,257,258,259,260,263,268,273,274,275,282,284,285,286,287,305,306,308,309,310,311,312,317,318,320,322,323,324,325,326,327,328,330
397,397,62
99,101,120,122,123,124,125,126,127,128,145,146,147,148,152,154,168,174,175,176,197,198,216,219,226,227,230,233,251,252,253,254,255,259,261,263,273,274,275,289,305,306,307,308,311,312,314,315,316,317,318,319,320,321,322,324,325,326,327,328,329,330
376,376,93
10,16,17,42,58,98,100,105,106,107,110,120,121,123,125,126,127,128,146,147,148,151,164,168,169,175,176,177,180,184,188,196,197,198,203,207,208,210,211,214,226,230,231,232,233,235,236,239,243,248,250,253,254,255,256,257,258,259,260,261,263,264,271,273,274,275,276,284,289,290,294,305,307,308,311,312,314,315,316,317,318,319,320,321,322,323,324,325,326,327,328,329,330
181,181,89
17,18,39,79,82,86,105,106,122,123,126,127,128,145,146,147,148,149,150,160,163,169,176,181,182,183,184,195,196,197,198,206,207,217,219,220,231,232,233,234,235,236,243,250,251,253,254,255,256,257,258,259,260,261,262,263,264,270,272,273,274,275,286,287,288,294,295,305,306,308,310,312,314,315,316,317,318,319,320,321,322,323,324,325,326,327,328,329,330
440,440,88
10,18,36,38,39,58,79,100,101,102,109,125,126,127,128,132,143,144,146,147,148,149,161,164,175,176,185,187,197,198,205,206,207,210,211,212,231,232,234,235,243,248,252,254,255,256,257,258,259,260,261,262,263,264,269,270,271,272,273,274,276,281,293,294,295,304,305,307,308,309,312,314,315,316,317,318,319,320,321,322,323,324,325,326,327,328,329,330
129,129,100
17,18,39,40,60,81,83,100,103,105,106,107,108,110,124,125,126,127,128,129,131,147,148,149,150,152,153,160,169,175,176,177,178,184,186,189,190,197,198,205,209,210,211,212,214,217,232,233,234,235,236,237,239,243,252,254,255,256,257,258,259,260,261,262,263,264,270,271,273,274,275,281,285,288,289,293,294,295,304,305,308,309,312,314,315,316,317,318,319,320,321,322,323,324,325,326,327,328,329,330
128,128,97
18,36,39,40,60,86,100,106,107,121,124,125,126,127,128,129,143,144,147,148,149,160,161,168,169,170,175,176,185,188,197,211,214,215,218,219,221,222,230,233,234,235,236,237,238,239,243,252,253,254,255,256,257,258,259,260,261,262,263,264,271,272,273,274,275,284,285,286,288,289,292,293,294,295,305,306,308,309,310,313,314,315,316,317,318,319,320,321,322,323,324,325,326,327,328,329,330
171,171,89
18,39,84,86,101,106,107,108,120,125,126,127,128,129,133,139,142,143,148,149,150,153,159,160,161,170,176,177,186,187,189,190,197,208,211,214,216,217,218,220,229,232,234,235,236,237,238,239,240,241,243,252,253,254,255,256,257,258,259,260,263,271,272,273,274,275,294,295,305,309,310,313,314,315,316,317,318,319,320,321,322,323,324,325,326,327,328,329,330
171,171,86
16,17,18,40,85,86,107,108,109,125,126,127,128,129,130,147,148,149,150,152,153,167,169,170,189,191,211,213,214,217,218,221,222,232,233,234,235,236,237,238,239,240,241,242,243,250,251,253,254,255,256,258,259,260,262,263,264,270,271,272,273,274,275,276,288,294,295,305,310,314,315,316,317,318,319,320,321,322,323,324,325,326,327,328,329,330
172,172,84
14,17,18,35,36,82,84,85,86,87,88,101,102,106,107,108,109,110,119,128,129,130,131,132,140,143,145,148,155,157,158,159,160,161,163,164,186,199,208,209,210,229,230,237,238,239,240,244,249,250,251,257,258,262,264,269,270,271,272,273,287,288,289,292,293,294,300,303,309,310,312,313,314,315,316,317,318,319,320,321,322,323,324,325
324,324,101
81,85,87,101,102,107,110,119,120,121,127,128,139,140,141,142,146,147,148,149,158,159,160,161,162,167,168,169,170,187,190,193,199,201,205,206,207,208,209,210,218,219,227,228,229,230,231,232,236,237,238,239,240,241,243,248,249,250,251,252,270,271,272,273,274,275,276,290,292,293,294,295,297,299,300,301,302,303,304,305,306,309,310,311,312,313,314,315,316,317,318,319,320,321,322,323,324,325,326,327,328
258,258,93
83,101,108,110,122,124,128,142,143,144,145,146,147,148,149,158,159,162,166,167,168,169,170,173,185,186,187,188,190,191,192,194,199,206,207,208,209,216,217,218,226,227,228,229,230,231,232,238,239,243,249,250,251,252,255,271,272,273,274,275,287,288,289,292,294,295,297,299,300,301,302,303,304,305,306,309,310,312,313,316,317,318,319,320,321,322,323,324,325,326,327,328,329
485,485,67
88,122,124,143,145,146,147,148,149,157,161,162,167,168,169,170,171,184,186,188,189,190,191,192,193,195,201,202,208,209,218,219,229,230,237,239,241,249,250,251,271,272,275,288,290,299,300,301,302,303,304,305,306,309,316,317,318,319,320,321,322,323,324,325,326,327,328
326,326,72
82,101,122,139,141,142,143,145,146,148,149,157,160,161,162,165,166,167,168,169,170,184,185,186,187,189,192,193,207,208,215,222,229,236,243,244,249,251,257,265,271,272,273,275,276,287,289,290,296,298,299,300,301,302,303,304,305,306,309,310,316,317,318,319,320,321,322,323,324,325,326,327
137,137,4
307,308,329,330
514,514,77
19,20,21,22,41,42,43,44,63,64,65,66,84,85,86,87,88,107,108,109,123,128,129,130,131,150,151,173,174,194,216,217,218,234,235,236,237,238,239,240,255,256,257,258,259,260,262,263,264,277,278,279,280,281,282,283,284,285,286,297,298,299,300,301,302,303,304,308,318,319,320,321,322,323,324,325,326
235,235,129
9,10,11,12,13,14,15,16,17,18,19,20,31,32,33,34,35,36,37,38,39,40,41,51,52,53,54,55,56,57,58,59,60,61,73,74,75,76,77,78,79,80,81,82,95,96,97,98,99,100,101,102,117,118,119,120,121,122,123,124,139,140,141,142,143,162,164,165,166,183,184,185,186,205,206,207,208,210,211,225,226,227,228,229,230,231,232,233,246,247,248,249,250,251,252,260,261,268,269,270,271,272,274,281,283,289,290,291,292,293,294,295,296,297,310,311,312,313,314,315,316,317,318,319,320,321,322,323,324
555,555,128
1,2,3,4,5,6,7,8,9,10,11,12,13,14,15,16,17,18,23,24,25,26,27,28,29,30,31,32,33,34,35,36,37,38,45,46,47,48,49,50,51,52,53,54,55,56,57,58,59,60,67,68,69,70,71,72,73,74,75,76,77,79,80,89,90,91,92,93,94,95,96,97,99,100,101,111,112,113,114,115,116,117,118,119,123,133,134,135,136,137,138,144,155,156,157,158,165,166,177,178,179,187,199,200,201,207,221,222,224,228,229,243,246,265,266,273,287,288,289,290,309,311,312,313,314,315,316,319
552,552,115
1,2,3,4,5,6,7,8,9,10,11,12,13,23,24,25,26,27,28,29,30,31,32,33,34,45,46,47,48,49,50,51,52,53,54,55,67,68,69,70,71,72,73,74,75,76,89,90,91,92,93,94,95,96,97,111,112,113,114,115,116,117,118,133,134,135,136,137,138,155,156,157,158,159,160,161,177,178,179,180,181,182,183,199,200,201,202,204,221,222,223,224,225,226,227,228,243,244,246,248,266,267,268,269,270,271,288,289,290,291,310,311,312,313,314
446,446,109
1,2,3,4,5,6,7,8,9,10,11,12,13,23,24,25,26,27,28,29,30,31,32,33,45,46,47,48,49,50,51,52,53,54,55,67,68,69,70,71,72,73,74,75,76,89,90,91,92,93,94,95,96,111,112,113,114,115,116,117,118,133,134,135,136,137,138,140,155,156,157,158,159,160,161,177,178,179,180,181,182,183,199,200,201,202,203,221,222,223,224,225,226,243,244,245,246,265,266,267,287,288,289,290,291,309,310,311,312
251,251,103
1,2,3,4,5,6,7,8,9,10,11,23,24,25,26,27,28,29,30,31,32,33,34,45,46,47,48,49,50,51,52,55,56,67,68,69,70,71,72,74,75,89,90,91,92,93,94,95,98,111,112,113,114,115,116,117,118,133,134,135,136,139,155,156,157,158,159,160,177,178,179,180,182,199,200,201,202,203,221,222,223,224,225,226,243,246,247,265,266,273,287,290,292,294,295,310,311,312,313,314,315,316,317
339,339,95
1,2,3,4,5,6,7,9,10,11,13,14,15,16,23,24,25,26,27,28,29,30,33,34,35,36,38,45,46,47,50,51,52,55,56,67,68,69,70,73,74,77,89,90,91,92,93,94,95,96,111,112,113,114,133,134,135,155,156,177,178,179,180,181,182,199,200,201,221,222,243,244,247,265,267,269,270,287,289,290,291,293,294,295,309,310,311,312,313,314,315,316,317,318,323
314,314,85
1,2,3,4,5,6,9,10,11,15,16,17,23,24,25,26,27,28,29,33,45,46,47,50,52,64,67,68,69,73,74,77,89,90,91,92,93,94,95,111,112,113,114,115,133,134,135,142,143,144,155,156,177,180,181,199,223,265,266,267,268,273,274,287,288,289,290,291,293,294,295,310,312,313,314,315,316,317,318,319,320,321,322,323,326
335,335,72
1,2,3,4,5,6,10,11,15,16,17,18,23,24,25,26,27,29,37,38,39,43,45,59,60,61,62,67,68,69,74,81,89,91,92,111,112,133,155,177,178,179,180,268,274,287,288,289,290,291,292,293,294,295,296,297,298,311,312,313,314,315,316,317,318,319,320,321,322,323,324,326
79,79,60
1,2,3,4,5,10,11,15,16,17,18,24,25,26,37,38,42,43,45,52,67,68,69,91,92,93,111,180,247,251,273,289,290,291,292,293,294,295,296,297,298,310,311,312,313,314,315,316,317,318,319,320,321,322,323,324,325,326,328,329
483,483,48
2,3,4,5,10,15,16,17,18,25,40,62,68,92,93,111,116,149,150,252,273,274,287,290,291,292,293,294,295,296,297,298,311,312,313,314,315,316,317,318,319,320,321,322,324,325,326,327
13,13,31
4,16,17,68,111,252,272,273,274,290,291,292,293,294,295,296,297,311,312,313,314,315,316,317,318,319,320,321,324,325,326
112,112,66
1,2,15,16,17,18,19,20,21,22,23,36,37,38,39,40,59,126,143,144,145,146,147,148,149,150,151,152,154,164,165,166,167,168,169,170,172,173,193,194,196,197,198,214,215,216,217,218,219,220,235,236,237,238,239,240,241,242,258,265,287,288,309,328,329,330
202,202,1
311
498,498,13
110,120,138,142,159,160,161,162,181,200,202,206,287
48,48,13
101,109,110,120,159,160,162,181,188,199,221,237,263
527,527,25
100,101,102,109,118,119,120,121,122,137,142,159,160,162,164,165,171,181,182,184,206,207,227,238,245
100,100,27
100,101,118,119,120,137,141,142,159,160,164,170,171,179,181,182,183,184,199,200,207,221,227,238,245,246,265
414,414,14
100,118,119,162,181,182,183,199,200,221,222,227,228,245
267,267,19
100,118,162,181,182,183,200,202,203,204,205,207,221,222,223,224,227,228,246
8,8,7
99,100,117,183,200,217,223
67,67,64
2,3,4,5,6,23,24,25,26,27,45,46,47,48,49,67,68,69,70,71,89,90,91,92,93,94,95,111,112,113,114,115,116,133,134,135,136,137,155,156,157,158,159,160,177,178,179,180,181,199,200,201,202,221,222,223,257,258,259,260,261,281,283,284
326,326,43
5,6,7,8,9,10,11,12,27,28,29,30,31,32,33,34,48,49,50,52,53,54,55,69,70,71,74,75,76,86,92,93,96,97,108,109,113,115,116,130,151,152,317
123,123,59
4,5,6,7,8,9,10,11,12,19,26,27,28,29,30,31,32,33,34,41,48,49,50,51,52,53,54,55,56,70,73,74,75,76,86,87,88,91,96,97,106,107,108,109,110,114,115,119,128,129,130,131,132,137,151,152,153,311,317
125,125,81
4,5,6,7,8,9,10,11,12,13,15,16,18,19,20,21,22,25,26,27,28,29,30,31,32,33,34,41,42,44,49,50,52,53,55,65,66,71,72,73,74,75,76,77,84,85,86,87,88,93,94,96,97,106,107,108,109,110,115,116,128,129,130,131,132,137,139,140,141,149,150,151,152,153,154,250,270,271,275,316,317
265,265,93
4,5,6,7,8,9,10,11,12,13,14,15,16,17,18,19,20,21,22,29,30,31,32,33,34,35,37,38,39,40,41,42,43,44,51,53,54,55,58,60,62,63,64,65,66,74,75,84,85,86,87,88,97,104,105,106,107,108,109,110,119,124,125,126,127,128,129,130,131,132,149,150,151,152,153,154,172,173,174,175,176,193,196,197,198,216,218,219,220,242,291,308,330
74,74,99
5,6,7,8,9,10,11,13,14,15,16,17,18,19,20,21,22,31,32,33,34,36,37,38,39,40,41,42,43,44,57,59,60,61,62,63,64,65,66,83,84,85,86,87,88,104,105,106,107,108,109,110,126,127,128,129,130,131,132,149,150,151,152,153,154,172,173,174,175,176,194,195,196,197,198,215,216,217,218,219,220,238,239,240,241,242,259,261,262,263,264,285,286,305,306,308,328,329,330
313,313,106
9,10,11,12,13,14,15,16,17,18,19,20,21,22,32,33,34,35,36,37,38,39,40,41,42,43,44,56,57,58,59,60,61,62,63,64,65,66,81,82,83,84,85,86,87,88,103,104,105,106,107,108,109,110,125,126,127,128,129,130,131,132,149,150,151,152,153,154,171,172,173,174,175,176,193,194,195,196,197,198,215,216,217,218,219,220,238,239,240,241,242,259,261,262,263,264,276,284,285,286,306,307,308,328,329,330
330,330,120
6,7,8,9,10,11,12,13,14,15,16,17,18,19,20,21,22,30,31,32,33,34,35,36,37,38,39,40,41,42,52,53,54,55,56,57,58,59,75,76,78,105,106,107,124,125,126,127,128,129,130,131,132,146,148,149,150,151,152,153,154,169,170,171,172,173,174,175,176,190,191,192,193,194,195,196,197,198,212,213,214,215,216,217,218,219,220,234,235,236,237,238,239,240,241,242,256,257,259,261,262,263,264,283,284,285,286,302,303,304,305,306,307,308,324,326,327,328,329,330
242,242,129
1,2,3,4,5,6,7,8,9,10,11,12,13,14,15,23,24,25,26,27,28,29,30,31,32,33,34,35,36,37,45,46,47,48,49,50,51,52,53,54,55,68,69,70,71,72,73,74,75,76,77,90,91,92,93,94,95,96,97,113,114,115,116,118,136,150,151,152,170,171,172,173,174,175,176,189,190,191,192,193,194,195,196,197,198,209,210,211,212,213,214,215,216,217,218,219,220,230,231,232,233,234,235,236,237,238,239,240,251,252,253,254,255,256,257,273,274,275,276,277,278,294,295,296,297,298,299,316,318
327,327,106
1,2,3,4,5,6,23,24,25,26,27,28,29,45,46,47,48,49,50,51,52,67,68,69,70,71,72,73,74,89,90,91,92,93,94,95,96,104,111,112,113,114,115,116,133,134,135,136,137,155,156,157,177,178,179,180,181,199,200,201,202,210,211,212,221,222,230,231,232,233,234,250,251,252,253,254,255,256,265,271,272,273,274,275,276,277,290,291,292,293,294,295,296,297,298,299,312,313,314,315,316,317,318,319,320,321
342,342,68
1,2,3,23,24,25,45,46,47,48,67,68,69,70,71,72,89,90,91,92,93,94,111,112,113,114,115,116,133,134,135,136,155,156,157,177,178,179,250,265,267,269,271,272,273,274,275,287,288,289,290,291,292,293,294,295,296,297,309,310,311,312,313,314,315,316,317,318
286,286,34
45,89,111,112,133,134,155,177,199,200,221,222,223,243,244,245,246,265,266,267,268,287,288,289,290,291,292,309,310,311,312,313,314,315
78,78,8
25,112,291,292,311,312,313,314
449,449,12
107,125,126,128,146,147,148,149,165,169,188,228
458,458,27
13,107,121,125,126,127,128,129,137,142,144,145,146,147,148,149,158,165,167,178,179,187,189,199,200,221,244
168,168,33
13,34,105,106,107,108,124,125,126,127,129,143,144,145,146,147,148,149,160,165,166,167,169,174,178,184,187,188,189,199,200,221,243
61,61,41
15,100,101,103,105,107,108,119,120,122,125,126,128,129,139,143,144,145,146,147,148,158,160,161,166,168,169,179,180,186,187,188,189,190,199,200,209,221,228,243,247
460,460,61
35,82,101,102,106,107,108,109,110,119,123,124,125,126,127,128,129,130,136,139,141,143,144,145,146,147,148,149,157,158,161,162,163,164,166,167,168,169,177,178,179,180,184,186,187,188,189,190,199,200,201,208,209,221,222,223,224,226,228,244,265
343,343,79
12,14,15,16,34,35,36,55,56,75,81,82,85,99,100,101,102,103,104,106,107,108,109,110,119,120,121,122,123,124,125,126,127,128,129,136,137,138,139,140,141,142,143,144,145,146,147,148,158,160,161,163,166,167,168,169,178,179,180,182,184,185,186,187,188,189,199,200,201,203,207,208,221,222,223,224,228,243,244
160,160,73
14,55,56,81,83,84,98,99,100,102,106,107,108,109,110,118,119,120,121,122,123,126,127,129,137,138,139,141,142,143,144,146,147,148,149,158,159,160,161,163,164,165,166,168,169,178,179,180,181,182,183,186,187,188,189,199,200,201,202,203,204,207,208,209,221,222,223,224,227,228,243,244,265
335,335,88
15,16,35,55,56,79,81,84,98,99,100,101,102,104,105,106,107,108,109,110,118,119,120,121,122,123,126,127,128,129,130,137,138,139,140,141,142,143,144,145,146,147,148,149,159,160,161,162,163,164,165,166,167,168,169,178,179,180,181,182,183,184,185,186,187,188,189,199,200,201,202,203,204,205,206,207,208,209,221,222,223,224,227,228,229,243,244,291
459,459,100
14,15,16,36,37,57,79,80,81,82,83,84,85,86,98,99,100,101,102,103,104,106,107,108,109,110,117,118,119,120,121,122,125,127,128,129,130,136,137,138,139,140,141,142,143,144,145,146,147,148,149,157,158,159,160,161,162,163,164,165,166,167,168,169,170,179,180,181,182,183,184,185,186,187,188,189,199,200,201,202,203,204,205,206,207,208,209,221,222,223,224,225,226,227,229,243,244,245,294,309
464,464,99
13,14,15,16,36,37,56,57,80,81,84,87,88,98,99,100,101,102,103,104,106,107,108,109,110,117,118,119,120,121,122,123,125,126,127,128,129,136,137,138,139,140,141,142,143,144,145,146,147,148,149,156,157,158,159,160,161,162,163,164,165,166,167,168,169,170,178,179,180,181,182,183,184,185,186,187,188,189,199,200,201,202,203,204,205,206,207,208,209,221,222,223,224,225,226,229,243,244,245
291,291,105
15,36,37,56,57,79,80,81,82,83,85,86,87,88,98,99,100,101,102,104,105,106,107,108,109,110,117,118,119,120,121,122,123,124,126,127,128,129,130,136,137,138,139,140,141,142,143,144,145,146,147,148,149,150,157,158,159,160,161,162,163,164,165,166,167,168,169,170,171,179,180,181,182,183,184,185,186,187,188,189,190,199,200,201,202,203,204,205,206,207,208,209,210,221,222,223,224,225,226,228,229,243,244,245,265
141,141,48
16,81,100,101,102,107,109,110,119,120,121,122,128,129,139,140,141,142,145,146,147,148,149,160,161,162,163,165,168,169,179,180,181,182,185,188,189,200,201,202,204,205,206,221,222,243,244,296
440,440,97
16,17,36,37,38,57,80,81,82,83,84,85,86,87,98,99,100,101,102,103,104,107,108,109,110,118,119,120,121,122,123,124,125,126,127,128,129,130,137,139,140,141,142,143,144,145,146,147,148,149,157,158,159,160,161,162,163,164,165,166,167,168,169,170,178,179,180,181,182,183,184,185,186,187,188,189,190,199,200,201,202,203,204,205,206,207,208,209,221,222,223,224,225,243,244,245,296
432,432,96
14,15,17,36,80,81,82,83,84,85,87,88,98,99,100,101,102,103,104,105,106,107,108,109,110,118,119,120,121,122,123,124,125,126,127,128,129,130,137,139,140,141,142,143,145,146,147,148,149,150,158,159,160,161,162,163,164,165,166,167,168,169,170,178,179,180,181,182,183,184,185,186,187,188,189,190,199,200,201,202,203,204,205,206,207,208,209,210,221,222,223,224,225,243,244,245
189,189,95
13,14,15,16,17,36,37,38,55,57,63,81,82,83,84,85,87,88,98,99,100,101,102,103,104,106,107,108,109,110,119,120,121,122,123,124,125,126,127,128,129,130,131,138,139,140,141,142,143,144,145,146,147,148,149,150,151,159,160,161,162,163,164,165,166,167,168,169,170,171,172,179,180,181,182,183,184,185,186,187,188,189,190,191,192,199,200,201,202,203,204,205,221,222,223
190,190,91
15,16,17,37,38,56,57,63,80,81,82,83,84,85,86,87,99,100,101,102,103,104,105,106,107,108,109,110,120,121,122,123,124,125,126,127,128,129,130,131,135,139,140,141,142,143,144,145,146,147,148,149,150,151,155,157,159,160,161,162,163,164,165,166,167,168,169,170,172,179,180,181,182,183,184,185,187,188,189,199,200,201,202,203,204,205,221,222,223,224,243
494,494,87
13,14,15,16,36,38,81,82,83,84,85,86,87,88,98,100,101,102,103,104,105,106,107,108,109,110,119,120,121,122,123,124,125,126,127,128,129,130,135,139,140,141,142,143,144,145,146,147,148,149,150,158,160,161,162,163,164,165,166,167,168,169,170,171,172,179,180,181,182,183,184,185,186,187,190,199,200,201,202,203,204,221,222,223,224,243,265
199,199,95
14,15,16,17,37,63,81,82,83,84,85,86,87,88,98,99,100,101,102,103,104,105,106,107,108,109,110,120,121,122,123,124,125,126,127,128,129,130,131,132,135,136,139,140,141,142,143,144,145,146,147,148,149,150,151,157,158,160,161,162,163,164,165,166,167,168,169,170,171,172,178,179,180,181,182,183,184,185,186,187,191,199,200,201,202,203,204,221,222,223,224,243,244,265,267
167,167,89
15,37,57,64,66,78,80,81,83,84,85,86,87,88,98,100,101,102,103,104,105,106,107,108,109,110,119,120,121,122,123,124,125,126,127,128,129,130,135,136,139,140,141,142,143,144,145,146,147,148,149,150,151,155,157,158,160,161,162,163,164,165,166,167,168,169,170,171,172,178,179,180,181,182,183,184,185,191,199,200,201,202,203,204,221,222,223,243,244
142,142,88
15,36,38,63,64,66,81,82,83,84,85,86,87,88,100,101,102,103,105,106,107,109,110,119,120,121,123,124,125,126,127,128,129,130,131,132,135,136,139,140,141,142,143,144,145,146,147,148,149,150,151,155,157,158,159,160,161,162,163,164,165,166,167,168,169,170,171,172,178,179,180,181,182,183,184,185,191,199,200,201,202,203,204,221,222,223,243,244
408,408,97
15,18,36,37,38,64,65,66,81,82,83,84,85,86,87,88,98,100,101,102,103,104,105,106,107,108,109,110,117,118,120,121,122,123,124,125,126,127,128,129,130,131,135,136,137,139,140,141,142,143,144,145,146,147,148,149,150,151,152,155,156,157,158,159,160,161,162,163,164,165,166,167,168,169,170,171,172,177,178,179,180,181,183,184,185,191,199,200,201,202,203,221,222,223,243,244,265
165,165,92
15,58,64,65,66,80,81,82,83,84,85,86,87,88,100,101,102,103,104,105,106,107,108,109,110,118,119,120,121,123,124,125,126,127,128,129,130,131,135,136,137,139,140,141,142,143,144,145,146,147,148,149,150,151,152,155,157,158,159,160,161,162,163,164,165,166,168,169,170,171,172,177,178,179,180,181,182,183,184,185,199,200,201,202,203,204,221,222,223,243,244,265
181,181,92
37,64,65,66,80,81,82,83,84,85,86,87,88,100,101,102,103,104,105,106,107,108,109,110,117,118,120,121,122,123,124,125,126,127,128,129,130,131,135,136,137,138,139,140,141,142,143,144,145,146,147,148,149,150,151,153,155,157,158,159,160,162,163,164,165,166,168,169,170,171,172,177,178,179,180,181,182,183,185,199,200,201,202,203,204,221,222,223,243,244,265,322
398,398,72
58,64,65,66,83,84,85,86,87,88,99,101,102,103,104,105,106,107,108,109,110,117,118,120,121,122,123,124,125,126,127,128,129,130,131,132,135,136,141,142,143,144,145,146,147,148,149,150,151,152,153,155,156,157,158,159,160,161,163,164,165,166,167,177,178,180,184,199,200,201,244,265
377,377,90
15,58,59,64,65,66,79,81,82,83,84,85,86,87,88,98,100,101,102,103,104,105,106,107,108,109,110,117,118,121,122,123,124,125,126,127,128,129,130,131,132,136,137,138,139,140,141,142,143,144,145,146,147,148,149,150,151,152,153,155,156,157,158,159,160,161,162,163,164,165,166,179,180,181,182,183,184,199,200,201,202,204,205,206,212,224,225,229,250,265
122,122,88
17,18,58,64,65,66,82,83,84,86,87,88,98,100,101,102,103,104,105,106,107,108,109,110,117,118,119,121,122,123,124,125,126,127,128,129,130,131,132,135,136,137,138,140,141,142,143,144,145,146,147,148,149,150,151,152,153,155,156,157,158,159,160,161,162,163,164,166,177,181,182,183,184,199,200,201,202,204,205,221,224,227,228,229,230,245,265,302
182,182,98
17,59,64,65,66,82,83,84,85,86,87,88,99,100,101,102,103,104,105,106,107,108,109,110,117,118,119,121,122,123,124,125,126,127,128,129,130,131,132,135,136,137,138,139,140,141,142,143,144,145,146,147,148,149,150,151,152,153,155,156,157,158,159,160,161,162,163,164,165,166,172,173,178,179,180,181,182,183,184,199,200,201,202,203,204,205,206,211,221,222,223,224,225,227,229,244,248,265
342,342,90
59,64,65,66,80,81,83,84,85,86,87,88,98,100,101,102,103,104,105,106,107,108,109,110,117,118,119,120,121,122,123,124,125,126,127,128,129,130,131,132,135,136,137,138,139,140,141,142,143,144,145,146,147,148,149,150,151,152,153,155,156,157,158,159,160,161,162,163,164,165,166,172,173,179,180,181,182,183,184,199,200,201,203,205,224,225,227,229,243,265
95,95,96
39,57,64,65,66,83,84,85,86,87,88,99,100,101,102,103,105,106,107,108,109,110,117,118,119,120,121,122,123,124,125,126,127,128,129,130,131,132,135,136,137,138,139,140,141,142,144,145,146,147,148,149,151,152,153,154,155,156,157,158,159,160,161,162,163,164,172,173,177,179,180,181,182,183,184,199,200,201,202,203,204,205,206,208,211,222,223,224,225,228,229,230,243,245,247,265
491,491,70
64,65,66,83,84,85,86,87,88,101,103,107,108,109,110,117,118,119,120,121,122,123,124,125,126,127,128,129,130,131,132,136,137,138,139,140,141,142,143,144,145,146,147,148,149,151,153,154,157,159,160,161,162,163,164,172,179,180,181,182,183,199,203,204,223,224,225,243,265,289
112,112,90
18,38,65,66,85,86,87,99,100,101,105,106,107,108,109,110,117,118,119,120,121,122,123,124,125,126,127,128,129,130,131,132,136,137,138,139,140,141,142,143,144,145,146,147,148,149,150,152,153,154,155,156,157,158,159,160,161,162,163,164,165,172,173,174,177,178,179,180,181,182,183,191,199,200,202,203,204,205,206,207,221,222,223,224,225,229,243,244,265,290
190,190,91
36,37,38,65,66,83,84,87,88,100,101,105,106,107,108,109,110,117,118,119,120,121,122,123,124,125,126,127,128,129,130,131,132,136,137,138,139,140,141,142,143,144,145,146,147,148,149,150,151,152,153,154,155,156,157,158,159,160,161,162,163,164,165,173,174,177,178,179,180,181,182,183,184,190,199,200,201,202,203,204,205,221,222,223,224,225,228,229,243,244,265
174,174,77
16,18,36,66,83,84,85,86,87,88,101,102,103,104,105,106,107,108,109,110,117,118,119,120,121,122,123,124,125,126,127,128,129,130,131,132,135,136,137,138,139,140,141,143,144,145,146,147,148,149,155,156,157,158,159,160,161,162,178,179,182,183,199,200,202,203,204,206,221,222,223,224,225,227,228,243,265
208,208,91
36,65,66,84,85,86,87,88,97,100,101,102,103,104,105,106,107,108,109,110,116,117,118,119,120,121,122,123,124,125,126,127,128,129,130,131,132,135,136,137,138,140,141,142,143,144,145,146,147,149,152,153,155,156,157,158,159,160,161,162,164,165,166,172,179,180,181,184,185,186,187,188,199,200,201,202,203,204,205,207,209,221,222,223,224,225,228,243,244,265,287
310,310,92
18,35,65,66,83,84,85,86,87,88,97,100,101,102,103,104,105,106,107,108,109,110,116,117,118,120,121,122,123,124,125,126,127,128,129,130,131,132,135,136,137,138,139,140,141,142,143,144,145,146,147,148,155,156,157,158,159,160,161,162,164,166,171,172,173,180,183,184,185,186,187,188,190,199,200,201,202,203,204,205,208,210,221,222,223,224,226,227,243,244,265,287
61,61,97
14,35,65,66,83,84,85,86,87,88,100,101,102,103,104,105,106,107,108,109,110,117,118,119,120,121,122,123,124,125,126,127,128,129,130,131,132,135,136,137,138,139,140,141,142,143,144,145,146,147,148,155,156,157,158,159,160,161,162,163,164,165,166,171,172,173,179,180,181,182,183,184,185,186,187,188,189,199,200,201,202,203,204,205,206,208,221,222,223,224,243,244,245,265,266,287,319
295,295,87
14,35,38,39,54,85,86,87,88,98,99,100,101,102,103,104,105,106,107,108,109,110,117,118,120,121,122,123,124,125,126,127,128,129,130,131,132,134,136,137,139,140,141,142,143,144,145,155,156,157,158,159,160,162,163,164,165,166,170,173,179,182,183,184,185,186,187,188,199,200,201,202,203,204,205,206,208,221,222,223,224,225,243,244,245,266,287
138,138,12
220,242,263,264,285,286,306,307,308,328,329,330
447,447,89
17,18,19,20,21,22,39,40,41,42,43,44,60,61,62,63,64,65,83,84,85,105,106,149,150,151,170,171,172,173,174,176,190,191,192,193,194,195,196,197,211,212,213,214,215,216,217,218,219,220,233,234,235,236,237,238,239,240,241,242,255,256,257,258,259,260,262,264,277,278,279,280,281,282,283,298,299,300,301,302,303,304,305,306,320,321,322,323,326
515,515,136
7,8,9,10,11,12,13,14,15,16,17,29,30,31,32,33,34,35,36,37,38,50,51,52,53,54,55,56,57,58,59,71,72,73,74,75,76,77,78,79,80,93,94,95,96,97,98,99,100,115,116,117,118,119,120,122,137,138,139,140,141,142,143,145,146,159,160,161,162,163,164,165,166,181,182,183,184,185,186,187,188,189,202,203,204,205,206,207,208,209,210,224,225,226,227,228,229,230,231,245,246,247,248,249,250,251,252,253,266,267,268,269,270,271,272,273,274,275,276,287,288,289,290,291,292,293,294,295,309,310,311,312,313,314,316,317
235,235,130
1,2,3,4,5,6,7,8,9,10,11,12,13,14,23,24,25,26,27,28,29,30,31,32,33,34,35,45,46,47,48,49,50,51,52,53,54,55,56,57,67,68,69,70,71,72,73,74,75,77,89,90,91,92,93,94,95,96,111,112,113,114,115,116,117,133,134,135,136,137,138,155,156,157,158,159,160,177,178,179,180,181,183,199,200,201,202,203,204,205,206,207,208,221,222,223,224,225,226,227,243,244,245,246,247,248,250,251,265,266,267,268,269,270,271,272,287,288,289,290,291,292,293,309,310,311,312,313,314,327
379,379,115
1,2,3,4,5,6,7,8,9,10,23,24,25,26,27,28,29,30,45,46,47,48,49,50,67,68,69,70,71,72,73,74,76,89,90,91,92,93,94,95,96,97,111,112,113,114,115,116,117,118,133,134,135,136,137,139,155,156,157,158,159,160,161,162,177,178,179,180,181,182,183,184,199,200,201,202,203,204,205,206,221,222,223,224,225,226,227,243,244,245,246,247,265,266,267,268,269,271,272,273,287,288,289,290,291,292,293,294,309,310,311,312,313,314,315
411,411,111
1,2,3,4,5,6,7,8,9,10,11,12,23,24,25,26,27,28,29,30,31,32,33,45,46,47,48,49,50,51,52,53,67,68,69,70,71,72,73,74,75,89,90,91,92,93,94,95,97,99,111,112,113,114,115,116,117,118,133,134,135,136,137,138,139,155,156,157,158,159,162,177,178,179,180,181,182,184,199,200,201,202,203,204,205,206,207,221,222,223,224,225,226,243,244,245,246,265,266,267,268,269,287,288,289,290,291,309,310,311,312
262,262,103
1,2,3,4,5,6,7,8,9,10,11,23,24,25,26,27,28,29,30,31,32,33,45,46,47,48,49,50,52,53,54,67,68,69,70,71,72,73,74,89,90,91,92,93,94,95,111,112,113,114,115,116,117,133,134,135,136,140,155,156,157,178,179,181,183,184,185,186,199,200,201,202,203,204,205,206,220,221,222,223,224,225,226,240,241,243,244,245,247,253,263,264,265,266,267,268,287,288,289,290,309,310,311
545,545,90
1,2,3,4,5,6,7,8,9,11,12,13,14,23,24,25,26,29,32,33,45,46,47,49,50,51,52,67,68,69,70,71,72,89,90,91,92,93,94,111,112,113,114,115,133,134,138,155,156,162,177,178,183,199,200,203,205,206,207,217,218,219,220,222,223,228,239,240,241,242,250,256,260,261,262,263,264,265,280,281,282,283,284,285,286,295,306,307,308,309
82,82,69
1,2,3,4,5,7,8,9,10,11,12,13,23,30,31,32,33,34,35,45,51,52,53,67,68,69,72,89,90,91,92,94,111,112,113,114,133,155,162,173,177,196,197,198,217,218,219,220,223,238,239,240,241,242,256,261,262,263,264,277,281,282,283,284,285,286,307,308,309
381,381,55
1,3,4,5,6,7,8,9,10,11,23,29,30,31,32,33,34,45,46,51,52,53,67,68,69,89,90,91,92,111,112,113,133,165,196,197,217,218,219,220,239,240,241,242,261,262,263,264,282,284,285,286,306,307,308
111,111,40
1,5,6,7,9,10,11,30,31,32,33,34,45,89,90,91,112,113,164,185,196,218,219,220,227,239,240,241,242,261,262,263,264,284,285,286,306,307,308,330
413,413,26
7,10,30,34,90,146,164,218,219,220,227,239,240,241,242,262,263,264,284,285,286,287,307,308,329,330
135,135,6
240,263,264,285,286,307
262,262,56
1,9,10,11,12,19,20,21,23,32,68,69,85,86,87,88,100,103,105,107,108,109,110,127,133,135,141,147,155,159,160,161,162,163,184,197,198,218,219,220,240,241,242,252,262,263,264,283,284,285,286,297,305,306,326,327
367,367,7
163,164,165,206,208,209,330
95,95,4
62,85,87,88
109,109,11
62,63,64,65,80,81,82,83,86,87,139
65,65,12
22,44,61,62,63,64,65,66,80,81,86,119
543,543,16
8,10,22,28,62,63,64,65,66,68,79,80,98,100,119,120
272,272,9
20,21,22,62,66,79,98,120,243
505,505,1
282
206,206,11
105,106,124,217,238,260,282,299,304,320,321
51,51,46
3,4,5,13,14,26,27,28,29,35,49,50,51,83,84,85,87,101,102,103,105,106,123,124,133,144,145,146,147,148,167,168,178,179,180,200,221,258,279,286,289,300,308,321,329,330
351,351,38
82,83,84,85,86,87,154,175,176,196,197,198,217,218,219,238,239,240,241,242,259,260,261,262,264,280,281,282,283,284,285,286,301,302,306,307,327,330
158,158,47
84,86,87,88,108,109,110,132,153,154,174,175,176,195,196,197,198,217,218,219,220,238,239,240,241,242,259,260,261,262,264,280,281,282,283,286,302,303,304,306,307,308,324,325,327,328,330
123,123,66
18,19,20,22,40,63,64,65,66,83,84,85,86,87,88,105,106,107,108,109,110,131,132,152,153,154,174,175,176,195,196,197,198,215,216,217,218,219,220,237,238,239,240,241,242,258,259,260,261,262,263,264,280,281,282,283,284,285,286,301,302,303,304,305,306,307
108,108,84
17,18,19,20,21,22,40,41,42,43,44,60,61,62,63,64,65,66,79,81,82,83,84,85,86,87,88,101,102,103,104,105,106,107,108,109,110,126,127,129,130,131,132,151,152,153,154,173,174,175,176,193,195,196,197,198,214,215,216,217,218,219,220,237,238,239,240,241,242,258,259,260,261,262,263,264,282,283,284,286,308,325,326,327
518,518,97
15,16,17,18,19,20,21,22,39,40,41,42,43,44,60,61,62,63,64,65,66,81,82,83,84,85,86,87,88,101,102,103,104,105,106,107,108,109,110,125,126,127,128,129,130,131,132,147,148,149,150,151,152,153,154,170,171,172,173,174,175,176,191,192,193,194,195,196,197,198,215,216,217,218,219,220,237,238,239,240,241,242,258,259,260,261,262,263,264,283,284,285,286,289,307,308,330
223,223,104
14,15,16,17,18,19,20,21,22,37,38,39,40,41,42,43,44,59,60,61,62,63,64,65,66,80,81,82,83,84,85,86,87,88,101,102,103,104,105,106,107,108,109,110,124,125,126,127,128,129,130,131,132,147,148,149,150,151,152,153,154,170,171,172,173,174,175,176,192,193,194,195,196,197,198,214,215,216,217,218,219,220,236,237,238,239,240,241,242,258,260,261,262,263,264,283,284,285,286,305,306,307,308,330
315,315,118
11,13,14,15,16,17,18,19,20,21,22,33,34,37,38,39,40,41,42,43,44,58,59,60,61,62,63,64,65,66,80,81,82,83,84,85,86,87,88,100,101,102,103,104,105,106,107,108,109,110,122,123,124,125,126,127,128,129,130,131,132,145,146,147,148,149,150,151,152,153,154,168,169,170,171,172,173,174,175,176,190,191,192,193,194,195,196,197,198,212,213,214,215,216,217,218,219,220,234,235,236,237,238,239,240,241,256,257,258,259,260,261,278,279,281,282,304,310
244,244,130
9,10,11,12,13,14,15,32,33,34,35,38,39,53,54,55,56,58,59,60,61,62,63,64,75,76,77,78,79,80,81,82,83,84,85,86,96,97,98,99,100,101,102,103,104,105,106,107,108,117,118,119,120,121,122,123,124,125,126,127,128,129,130,139,140,141,142,143,144,145,146,147,148,149,150,151,152,162,164,165,166,167,168,169,170,171,185,186,187,188,189,190,191,192,193,208,209,210,211,212,213,214,230,231,232,233,234,235,236,237,252,253,254,255,256,257,258,259,274,275,276,277,278,279,296,297,299,301,318,319
310,310,114
7,8,9,28,29,30,31,32,49,50,51,52,53,54,69,70,71,72,73,74,75,91,94,95,96,97,113,115,116,117,118,119,120,121,136,137,138,139,140,141,142,143,144,160,161,162,163,164,165,166,182,183,184,185,186,187,188,189,203,204,205,206,207,208,209,210,211,223,224,225,226,227,228,229,230,231,232,233,246,247,248,249,250,251,252,253,254,267,268,269,270,271,272,273,274,275,288,289,290,291,292,293,294,295,296,310,311,312,313,314,315,316,317,318
474,474,72
1,23,45,67,68,69,89,90,91,111,112,113,133,134,135,136,155,156,157,158,159,177,178,179,180,181,199,200,201,202,203,204,221,222,223,224,225,226,227,243,244,245,246,247,248,249,250,265,266,267,268,269,270,271,272,287,288,289,290,291,292,293,294,295,309,310,311,312,313,314,315,316
121,121,47
45,67,89,111,133,134,135,155,156,177,178,191,199,200,201,202,203,221,222,223,224,225,226,243,244,245,246,247,248,265,266,267,268,269,270,287,288,289,290,291,309,310,311,312,313,314,315
189,189,34
156,177,178,199,200,201,202,203,221,222,223,224,225,243,244,245,246,247,265,266,267,268,269,274,287,288,289,290,291,309,310,311,312,314
211,211,25
178,199,203,221,223,224,225,229,243,244,245,246,247,265,266,267,268,269,287,288,289,290,309,310,311
371,371,18
221,223,224,243,244,245,246,265,266,267,268,269,287,288,289,309,310,311
210,210,12
222,225,243,244,246,267,268,269,287,288,290,309
165,165,5
243,245,265,266,287
391,391,3
37,38,58
152,152,25
15,16,17,18,36,37,38,39,40,57,58,59,60,61,62,76,78,80,81,82,83,220,240,241,282
170,170,16
16,17,36,37,38,39,40,57,58,59,60,61,62,78,81,110
320,320,28
15,16,17,18,35,36,37,38,39,40,41,57,58,59,60,61,62,79,80,81,82,87,109,220,242,255,274,277
358,358,27
14,16,17,18,19,35,36,37,38,39,40,41,57,58,59,60,61,62,63,80,81,82,83,87,264,297,319
498,498,25
14,16,17,18,19,20,37,38,39,40,41,57,58,59,60,61,62,63,79,81,82,87,88,242,282
417,417,22
16,17,18,19,37,38,39,40,41,42,56,58,59,60,61,62,63,81,88,262,265,326
79,79,24
14,15,16,17,18,37,38,39,40,41,42,58,59,60,61,63,81,84,88,284,291,299,304,326
462,462,24
14,15,16,17,18,37,38,39,40,41,42,57,58,60,61,62,63,80,81,88,242,255,263,286
397,397,25
15,17,18,37,38,39,40,41,42,58,59,60,61,62,63,81,88,242,263,278,279,286,307,323,325
